hour,cdu,hall,supply_c,supply_max_c,return_c,flow_lpm,flow_min_lpm,dp_kpa,heat_kwh,pri_supply_c,pri_return_c,pri_flow_lpm,valve_pct,pump1_pct,pump2_pct,filter_dp_kpa,reservoir_pct,power_kwh,leak_min,redundancy_lost_min
2026-08-31T00:00:00Z,CDU-A1,HALL-A,24.91,25.03,30.15,1808.0,1803.0,181.6,632.6,19.8,28.15,1081.0,45.0,82.3,0.0,19.2,88.0,21.78,0,0
2026-08-31T01:00:00Z,CDU-A1,HALL-A,24.78,24.91,30.63,1802.0,1784.0,180.4,703.7,20.1,28.62,1184.0,49.3,82.1,0.0,19.1,88.0,21.57,0,0
2026-08-31T02:00:00Z,CDU-A1,HALL-A,24.91,25.18,30.45,1790.0,1778.0,178.1,662.4,20.2,28.45,1153.0,48.0,81.5,0.0,18.8,88.0,21.14,0,0
2026-08-31T03:00:00Z,CDU-A1,HALL-A,25.04,25.13,30.58,1802.0,1771.0,180.4,667.0,19.9,28.58,1103.0,45.9,82.1,0.0,19.0,88.0,21.58,0,0
2026-08-31T04:00:00Z,CDU-A1,HALL-A,24.91,24.92,30.27,1808.0,1796.0,181.6,647.4,20.0,28.27,1124.0,46.8,82.4,0.0,19.2,88.0,21.79,0,0
2026-08-31T05:00:00Z,CDU-A1,HALL-A,25.04,25.15,30.17,1806.0,1781.0,181.2,619.5,20.1,28.17,1101.0,45.8,82.2,0.0,19.1,88.0,21.72,0,0
2026-08-31T06:00:00Z,CDU-A1,HALL-A,24.88,25.05,30.04,1795.0,1779.0,179.0,618.2,20.1,28.03,1118.0,46.5,81.8,0.0,18.9,88.0,21.33,0,0
2026-08-31T07:00:00Z,CDU-A1,HALL-A,24.84,24.95,29.91,1817.0,1809.0,183.4,615.7,20.2,27.92,1147.0,47.7,82.8,0.0,19.4,88.0,22.11,0,0
2026-08-31T08:00:00Z,CDU-A1,HALL-A,24.91,24.95,29.87,1799.0,1794.0,179.8,596.2,20.4,27.87,1145.0,47.7,81.9,0.0,19.0,88.0,21.47,0,0
2026-08-31T09:00:00Z,CDU-A1,HALL-A,24.57,24.68,29.83,1791.0,1784.0,178.1,628.9,20.1,27.83,1169.0,48.8,81.6,0.0,18.8,88.0,21.18,0,0
2026-08-31T10:00:00Z,CDU-A1,HALL-A,24.97,25.02,30.1,1782.0,1765.0,176.4,610.8,19.9,28.1,1069.0,44.5,81.2,0.0,18.6,88.0,20.87,0,0
2026-08-31T11:00:00Z,CDU-A1,HALL-A,24.8,24.92,30.06,1790.0,1771.0,178.1,629.5,20.1,28.06,1134.0,47.3,81.6,0.0,18.8,88.0,21.15,0,0
2026-08-31T12:00:00Z,CDU-A1,HALL-A,24.8,25.03,30.2,1782.0,1780.0,176.4,643.0,19.9,28.2,1112.0,46.3,81.2,0.0,18.6,88.0,20.87,0,0
2026-08-31T13:00:00Z,CDU-A1,HALL-A,24.98,25.15,30.16,1796.0,1780.0,179.2,621.8,20.0,28.16,1094.0,45.5,81.8,0.0,18.9,88.0,21.36,0,0
2026-08-31T14:00:00Z,CDU-A1,HALL-A,25.49,25.54,30.26,1801.0,1800.0,180.2,574.4,20.1,28.26,1009.0,42.1,82.0,0.0,19.1,88.0,21.53,0,0
2026-08-31T15:00:00Z,CDU-A1,HALL-A,25.43,25.54,30.32,1794.0,1779.0,178.8,586.0,20.0,28.32,1011.0,42.1,81.8,0.0,18.9,88.0,21.3,0,0
2026-08-31T16:00:00Z,CDU-A1,HALL-A,25.66,25.74,30.58,1796.0,1777.0,179.2,590.0,20.0,28.57,987.0,41.1,81.8,0.0,18.9,88.0,21.36,0,0
2026-08-31T17:00:00Z,CDU-A1,HALL-A,25.9,25.91,30.48,1804.0,1802.0,180.7,552.2,20.0,28.48,934.0,39.0,82.2,0.0,19.1,88.0,21.64,0,0
2026-08-31T18:00:00Z,CDU-A1,HALL-A,25.6,25.81,30.3,1794.0,1784.0,178.8,563.8,19.8,28.31,952.0,39.7,81.7,0.0,18.9,88.0,21.29,0,0
2026-08-31T19:00:00Z,CDU-A1,HALL-A,25.23,25.28,30.21,1804.0,1797.0,180.9,600.4,20.2,28.21,1076.0,44.8,82.2,0.0,19.1,88.0,21.64,0,0
2026-08-31T20:00:00Z,CDU-A1,HALL-A,25.19,25.21,30.19,1784.0,1774.0,176.8,596.2,19.9,28.19,1032.0,43.0,81.3,0.0,18.7,88.0,20.93,0,0
2026-08-31T21:00:00Z,CDU-A1,HALL-A,25.38,25.5,30.04,1793.0,1793.0,178.6,558.7,20.0,28.05,997.0,41.6,81.7,0.0,18.9,88.0,21.25,0,0
2026-08-31T22:00:00Z,CDU-A1,HALL-A,25.51,25.65,30.1,1798.0,1796.0,179.5,550.9,20.1,28.09,988.0,41.2,81.9,0.0,19.0,88.0,21.43,0,0
2026-08-31T23:00:00Z,CDU-A1,HALL-A,25.41,25.61,30.21,1804.0,1784.0,180.8,578.1,20.1,28.21,1024.0,42.6,82.2,0.0,19.1,88.0,21.64,0,0
2026-09-01T00:00:00Z,CDU-A1,HALL-A,25.11,25.17,30.12,1807.0,1802.0,181.4,605.3,19.8,28.12,1043.0,43.5,82.3,0.0,19.2,88.0,21.75,0,0
2026-09-01T01:00:00Z,CDU-A1,HALL-A,24.87,24.9,30.04,1815.0,1815.0,183.0,627.1,20.1,28.04,1133.0,47.2,82.7,0.0,19.4,88.0,22.04,0,0
2026-09-01T02:00:00Z,CDU-A1,HALL-A,24.95,25.0,30.14,1774.0,1771.0,174.8,614.9,20.1,28.14,1098.0,45.7,80.8,0.0,18.5,88.0,20.6,0,0
2026-09-01T03:00:00Z,CDU-A1,HALL-A,25.1,25.25,29.98,1789.0,1762.0,177.8,583.2,20.1,27.98,1062.0,44.3,81.5,0.0,18.8,88.0,21.13,0,0
2026-09-01T04:00:00Z,CDU-A1,HALL-A,25.26,25.27,30.06,1789.0,1773.0,177.8,573.7,19.9,28.06,1009.0,42.1,81.5,0.0,18.8,88.0,21.12,0,0
2026-09-01T05:00:00Z,CDU-A1,HALL-A,25.19,25.24,30.16,1797.0,1789.0,179.4,596.6,20.1,28.16,1062.0,44.3,81.9,0.0,19.0,88.0,21.4,0,0
2026-09-01T06:00:00Z,CDU-A1,HALL-A,25.08,25.35,30.0,1797.0,1776.0,179.5,591.1,19.8,28.0,1034.0,43.1,81.8,0.0,19.0,88.0,21.4,0,0
2026-09-01T07:00:00Z,CDU-A1,HALL-A,25.14,25.36,29.88,1802.0,1773.0,180.4,571.0,20.1,27.87,1052.0,43.9,82.1,0.0,19.1,88.0,21.57,0,0
2026-09-01T08:00:00Z,CDU-A1,HALL-A,25.46,25.5,30.22,1794.0,1777.0,178.8,570.5,19.8,28.22,972.0,40.5,81.7,0.0,18.9,88.0,21.3,0,0
2026-09-01T09:00:00Z,CDU-A1,HALL-A,25.41,25.55,30.45,1798.0,1794.0,179.7,605.2,20.0,28.45,1029.0,42.9,82.0,0.0,19.0,88.0,21.44,0,0
2026-09-01T10:00:00Z,CDU-A1,HALL-A,25.13,25.34,30.18,1790.0,1774.0,178.1,604.3,20.0,28.18,1060.0,44.2,81.6,0.0,18.9,88.0,21.15,0,0
2026-09-01T11:00:00Z,CDU-A1,HALL-A,25.53,25.6,30.22,1794.0,1777.0,178.7,562.5,19.9,28.22,970.0,40.4,81.7,0.0,18.9,88.0,21.29,0,0
2026-09-01T12:00:00Z,CDU-A1,HALL-A,25.53,25.54,30.19,1774.0,1758.0,174.8,552.6,20.0,28.19,968.0,40.3,80.8,0.0,18.5,88.0,20.59,0,0
2026-09-01T13:00:00Z,CDU-A1,HALL-A,25.44,25.51,30.14,1810.0,1798.0,182.1,567.8,20.0,28.13,1001.0,41.7,82.4,0.0,19.3,88.0,21.86,0,0
2026-09-01T14:00:00Z,CDU-A1,HALL-A,25.2,25.39,30.38,1797.0,1793.0,179.4,621.3,19.9,28.37,1052.0,43.9,81.9,0.0,19.0,88.0,21.4,0,0
2026-09-01T15:00:00Z,CDU-A1,HALL-A,25.09,25.09,30.27,1806.0,1792.0,181.2,625.3,19.9,28.27,1071.0,44.6,82.3,0.0,19.2,88.0,21.71,0,0
2026-09-01T16:00:00Z,CDU-A1,HALL-A,24.76,24.89,30.37,1796.0,1777.0,179.3,672.9,19.8,28.36,1127.0,47.0,81.8,0.0,19.0,88.0,21.36,0,0
2026-09-01T17:00:00Z,CDU-A1,HALL-A,24.91,24.95,30.3,1794.0,1784.0,178.7,645.7,19.9,28.29,1103.0,45.9,81.7,0.0,19.0,88.0,21.28,0,0
2026-09-01T18:00:00Z,CDU-A1,HALL-A,24.98,25.1,30.64,1809.0,1792.0,181.7,684.5,20.0,28.64,1136.0,47.4,82.4,0.0,19.3,88.0,21.82,0,0
2026-09-01T19:00:00Z,CDU-A1,HALL-A,24.78,24.91,30.34,1808.0,1795.0,181.7,671.8,20.0,28.34,1156.0,48.1,82.4,0.0,19.3,88.0,21.78,0,0
2026-09-01T20:00:00Z,CDU-A1,HALL-A,24.74,24.79,30.45,1805.0,1767.0,181.0,688.3,19.9,28.45,1156.0,48.2,82.3,0.0,19.2,88.0,21.68,0,0
2026-09-01T21:00:00Z,CDU-A1,HALL-A,24.74,24.75,30.51,1817.0,1811.0,183.4,701.0,19.7,28.51,1141.0,47.5,82.8,0.0,19.5,88.0,22.11,0,0
2026-09-01T22:00:00Z,CDU-A1,HALL-A,24.71,24.81,30.4,1802.0,1774.0,180.4,685.0,19.7,28.4,1130.0,47.1,82.1,0.0,19.2,88.0,21.57,0,0
2026-09-01T23:00:00Z,CDU-A1,HALL-A,25.12,25.15,30.77,1806.0,1801.0,181.2,681.7,20.1,28.77,1128.0,47.0,82.2,0.0,19.2,88.0,21.71,0,0
2026-09-02T00:00:00Z,CDU-A1,HALL-A,25.31,25.51,30.82,1802.0,1794.0,180.4,663.4,19.9,28.83,1068.0,44.6,82.1,0.0,19.2,88.0,21.58,0,0
2026-09-02T01:00:00Z,CDU-A1,HALL-A,25.45,25.52,30.82,1805.0,1799.0,181.0,647.3,19.8,28.81,1030.0,42.9,82.2,0.0,19.3,88.0,21.68,0,0
2026-09-02T02:00:00Z,CDU-A1,HALL-A,25.33,25.37,30.65,1800.0,1800.0,180.0,639.9,20.0,28.66,1062.0,44.3,82.0,0.0,19.1,88.0,21.51,0,0
2026-09-02T03:00:00Z,CDU-A1,HALL-A,24.92,25.02,30.37,1805.0,1798.0,181.0,657.1,20.2,28.37,1155.0,48.1,82.2,0.0,19.2,88.0,21.67,0,0
2026-09-02T04:00:00Z,CDU-A1,HALL-A,24.82,25.12,30.08,1790.0,1784.0,178.0,629.4,19.8,28.08,1090.0,45.4,81.5,0.0,18.9,88.0,21.15,0,0
2026-09-02T05:00:00Z,CDU-A1,HALL-A,24.87,24.94,30.07,1800.0,1790.0,180.0,625.9,20.0,28.07,1113.0,46.4,82.0,0.0,19.1,88.0,21.5,0,0
2026-09-02T06:00:00Z,CDU-A1,HALL-A,25.2,25.52,30.19,1792.0,1781.0,178.4,597.6,20.1,28.19,1060.0,44.1,81.6,0.0,19.0,88.0,21.22,0,0
2026-09-02T07:00:00Z,CDU-A1,HALL-A,25.63,25.68,30.44,1815.0,1778.0,183.0,583.6,20.1,28.44,1004.0,41.7,37.0,45.7,19.4,88.0,22.03,0,0
2026-09-02T08:00:00Z,CDU-A1,HALL-A,25.34,25.47,30.36,1807.0,1803.0,181.4,606.2,19.9,28.36,1028.0,42.9,0.0,82.4,19.3,88.0,21.75,0,0
2026-09-02T09:00:00Z,CDU-A1,HALL-A,25.47,25.68,30.64,1813.0,1806.0,182.6,626.1,20.1,28.63,1052.0,43.8,0.0,82.6,19.4,88.0,21.96,0,0
2026-09-02T10:00:00Z,CDU-A1,HALL-A,25.21,25.22,30.55,1789.0,1778.0,177.8,638.0,20.0,28.55,1071.0,44.6,0.0,81.5,18.9,88.0,21.11,0,0
2026-09-02T11:00:00Z,CDU-A1,HALL-A,25.3,25.5,30.39,1789.0,1777.0,177.8,608.0,20.0,28.39,1040.0,43.4,0.0,81.5,18.9,88.0,21.12,0,0
2026-09-02T12:00:00Z,CDU-A1,HALL-A,24.98,25.02,30.5,1785.0,1777.0,177.0,658.3,20.0,28.49,1111.0,46.2,0.0,81.3,18.8,88.0,20.98,0,0
2026-09-02T13:00:00Z,CDU-A1,HALL-A,24.93,24.95,30.42,1792.0,1786.0,178.4,657.1,19.9,28.42,1107.0,46.1,0.0,81.6,19.0,88.0,21.22,0,0
2026-09-02T14:00:00Z,CDU-A1,HALL-A,25.27,25.33,30.52,1803.0,1797.0,180.6,632.5,19.9,28.52,1053.0,43.8,0.0,82.2,19.2,88.0,21.61,0,0
2026-09-02T15:00:00Z,CDU-A1,HALL-A,25.27,25.32,30.52,1806.0,1775.0,181.2,633.9,19.8,28.53,1043.0,43.4,0.0,82.3,19.3,88.0,21.71,0,0
2026-09-02T16:00:00Z,CDU-A1,HALL-A,25.44,25.61,30.46,1797.0,1786.0,179.4,602.8,20.2,28.47,1048.0,43.7,0.0,81.8,19.1,88.0,21.39,0,0
2026-09-02T17:00:00Z,CDU-A1,HALL-A,25.42,25.62,30.44,1810.0,1801.0,182.0,607.5,20.3,28.44,1070.0,44.6,0.0,82.5,19.4,88.0,21.85,0,0
2026-09-02T18:00:00Z,CDU-A1,HALL-A,25.52,25.53,30.45,1796.0,1784.0,179.3,591.6,20.0,28.45,1005.0,41.9,0.0,81.8,19.1,88.0,21.36,0,0
2026-09-02T19:00:00Z,CDU-A1,HALL-A,25.72,25.87,30.46,1804.0,1803.0,180.8,571.8,19.9,28.46,958.0,40.0,0.0,82.2,19.2,88.0,21.65,0,0
2026-09-02T20:00:00Z,CDU-A1,HALL-A,25.69,25.86,30.54,1806.0,1801.0,181.2,585.6,19.8,28.55,962.0,40.1,0.0,82.3,19.3,88.0,21.72,0,0
2026-09-02T21:00:00Z,CDU-A1,HALL-A,25.66,25.69,30.51,1797.0,1780.0,179.3,582.6,20.2,28.51,1006.0,41.9,0.0,81.9,19.1,88.0,21.4,0,0
2026-09-02T22:00:00Z,CDU-A1,HALL-A,25.4,25.49,30.38,1790.0,1783.0,178.0,595.5,20.0,28.38,1020.0,42.5,0.0,81.5,19.0,88.0,21.15,0,0
2026-09-02T23:00:00Z,CDU-A1,HALL-A,25.13,25.4,30.36,1810.0,1785.0,182.0,632.5,19.8,28.36,1060.0,44.2,0.0,82.5,19.4,88.0,21.86,0,0
2026-09-03T00:00:00Z,CDU-A1,HALL-A,24.93,25.06,30.39,1818.0,1814.0,183.6,663.2,20.1,28.39,1149.0,47.9,0.0,82.8,19.6,88.0,22.14,0,0
2026-09-03T01:00:00Z,CDU-A1,HALL-A,24.77,24.83,30.14,1791.0,1783.0,178.2,642.7,19.9,28.14,1120.0,46.6,0.0,81.6,19.0,88.0,21.18,0,0
2026-09-03T02:00:00Z,CDU-A1,HALL-A,25.08,25.18,30.11,1797.0,1790.0,179.4,603.9,20.1,28.11,1082.0,45.1,0.0,81.8,19.1,88.0,21.39,0,0
2026-09-03T03:00:00Z,CDU-A1,HALL-A,25.18,25.25,30.23,1808.0,1792.0,181.6,610.6,19.9,28.23,1051.0,43.9,0.0,82.4,19.4,88.0,21.79,0,0
2026-09-03T04:00:00Z,CDU-A1,HALL-A,25.34,25.37,30.3,1802.0,1786.0,180.4,597.4,20.1,28.3,1045.0,43.6,0.0,82.1,19.2,88.0,21.57,0,0
2026-09-03T05:00:00Z,CDU-A1,HALL-A,25.57,25.63,30.32,1797.0,1790.0,179.4,570.3,20.1,28.32,996.0,41.5,0.0,81.8,19.1,88.0,21.39,0,0
2026-09-03T06:00:00Z,CDU-A1,HALL-A,25.53,25.63,30.7,1813.0,1794.0,182.6,626.1,20.0,28.7,1033.0,43.1,0.0,82.6,19.5,88.0,21.96,0,0
2026-09-03T07:00:00Z,CDU-A1,HALL-A,25.7,25.86,30.81,1811.0,1809.0,182.3,617.9,20.0,28.81,1007.0,42.0,0.0,82.5,19.4,88.0,21.89,0,0
2026-09-03T08:00:00Z,CDU-A1,HALL-A,25.48,25.51,30.46,1806.0,1786.0,181.2,600.5,20.2,28.46,1044.0,43.5,0.0,82.3,19.3,88.0,21.72,0,0
2026-09-03T09:00:00Z,CDU-A1,HALL-A,25.37,25.38,30.42,1797.0,1787.0,179.4,606.1,20.0,28.41,1033.0,43.0,0.0,81.9,19.1,88.0,21.39,0,0
2026-09-03T10:00:00Z,CDU-A1,HALL-A,25.27,25.63,30.42,1799.0,1793.0,179.8,618.9,20.1,28.41,1067.0,44.5,0.0,81.9,19.2,88.0,21.46,0,0
2026-09-03T11:00:00Z,CDU-A1,HALL-A,25.51,25.72,30.35,1799.0,1795.0,179.8,581.1,20.0,28.35,1000.0,41.7,0.0,82.0,19.2,88.0,21.45,0,0
2026-09-03T12:00:00Z,CDU-A1,HALL-A,25.69,25.78,30.56,1793.0,1781.0,178.6,583.4,20.2,28.57,1002.0,41.7,0.0,81.7,19.1,88.0,21.25,0,0
2026-09-03T13:00:00Z,CDU-A1,HALL-A,25.79,25.82,30.78,1792.0,1765.0,178.4,597.3,19.9,28.79,966.0,40.3,0.0,81.6,19.0,88.0,21.23,0,0
2026-09-03T14:00:00Z,CDU-A1,HALL-A,26.03,26.1,30.71,1811.0,1808.0,182.2,566.6,19.9,28.71,923.0,38.5,0.0,82.5,19.4,88.0,21.89,0,0
2026-09-03T15:00:00Z,CDU-A1,HALL-A,25.71,25.8,30.57,1804.0,1798.0,180.8,585.8,19.8,28.57,959.0,39.9,0.0,82.2,19.3,88.0,21.65,0,0
2026-09-03T16:00:00Z,CDU-A1,HALL-A,25.3,25.38,30.3,1800.0,1775.0,180.0,601.7,19.9,28.3,1028.0,42.8,0.0,82.0,19.2,88.0,21.51,0,0
2026-09-03T17:00:00Z,CDU-A1,HALL-A,24.93,25.02,30.2,1784.0,1782.0,176.8,628.1,19.9,28.2,1086.0,45.2,0.0,81.3,18.9,88.0,20.94,0,0
2026-09-03T18:00:00Z,CDU-A1,HALL-A,25.01,25.06,30.3,1794.0,1786.0,178.8,633.8,20.2,28.3,1124.0,46.8,0.0,81.7,19.1,88.0,21.29,0,0
2026-09-03T19:00:00Z,CDU-A1,HALL-A,25.03,25.13,30.37,1803.0,1800.0,180.6,643.3,20.3,28.38,1145.0,47.6,0.0,82.1,19.3,88.0,21.61,0,0
2026-09-03T20:00:00Z,CDU-A1,HALL-A,24.93,25.01,30.19,1817.0,1801.0,183.5,638.9,20.0,28.19,1119.0,46.7,0.0,82.8,19.6,88.0,22.11,0,0
2026-09-03T21:00:00Z,CDU-A1,HALL-A,25.19,25.31,30.55,1815.0,1809.0,183.0,649.4,19.7,28.54,1054.0,43.9,0.0,82.7,19.6,88.0,22.03,0,0
2026-09-03T22:00:00Z,CDU-A1,HALL-A,25.1,25.34,30.68,1805.0,1794.0,181.0,672.4,20.0,28.67,1112.0,46.3,0.0,82.3,19.3,88.0,21.68,0,0
2026-09-03T23:00:00Z,CDU-A1,HALL-A,24.96,25.25,30.49,1810.0,1798.0,182.0,668.8,20.0,28.49,1131.0,47.1,0.0,82.5,19.4,88.0,21.85,0,0
2026-09-04T00:00:00Z,CDU-A1,HALL-A,25.12,25.13,30.38,1818.0,1815.0,183.6,639.4,20.2,28.38,1121.0,46.7,0.0,82.8,19.6,88.0,22.14,0,0
2026-09-04T01:00:00Z,CDU-A1,HALL-A,25.22,25.25,30.54,1787.0,1778.0,177.4,635.0,19.9,28.53,1054.0,43.9,0.0,81.4,19.0,88.0,21.05,0,0
2026-09-04T02:00:00Z,CDU-A1,HALL-A,25.13,25.2,30.39,1793.0,1769.0,178.6,630.4,19.8,28.39,1053.0,43.9,0.0,81.7,19.1,88.0,21.26,0,0
2026-09-04T03:00:00Z,CDU-A1,HALL-A,24.92,25.0,30.33,1792.0,1761.0,178.4,648.1,19.9,28.33,1103.0,46.0,0.0,81.6,19.1,88.0,21.23,0,0
2026-09-04T04:00:00Z,CDU-A1,HALL-A,25.25,25.29,30.37,1792.0,1788.0,178.4,612.7,19.9,28.36,1038.0,43.2,0.0,81.6,19.1,88.0,21.21,0,0
2026-09-04T05:00:00Z,CDU-A1,HALL-A,24.6,24.61,30.38,1803.0,1793.0,180.6,696.4,19.9,28.38,1179.0,49.2,0.0,82.1,19.3,88.0,21.6,0,0
2026-09-04T06:00:00Z,CDU-A1,HALL-A,24.83,24.91,30.3,1800.0,1779.0,179.9,657.4,20.0,28.3,1137.0,47.5,0.0,82.0,19.3,88.0,21.51,0,0
2026-09-04T07:00:00Z,CDU-A1,HALL-A,25.03,25.16,30.47,1803.0,1798.0,180.6,655.3,19.8,28.47,1085.0,45.3,0.0,82.1,19.3,88.0,21.61,0,0
2026-09-04T08:00:00Z,CDU-A1,HALL-A,25.07,25.12,30.42,1807.0,1802.0,181.4,646.0,20.2,28.42,1128.0,47.0,0.0,82.3,19.4,88.0,21.75,0,0
2026-09-04T09:00:00Z,CDU-A1,HALL-A,24.71,24.91,30.36,1794.0,1794.0,178.8,677.7,20.2,28.37,1192.0,49.7,0.0,81.7,19.1,88.0,21.29,0,0
2026-09-04T10:00:00Z,CDU-A1,HALL-A,24.51,24.55,30.33,1794.0,1775.0,178.8,697.7,19.9,28.33,1187.0,49.5,0.0,81.7,19.1,88.0,21.29,0,0
2026-09-04T11:00:00Z,CDU-A1,HALL-A,24.8,24.82,30.48,1804.0,1780.0,180.9,684.1,19.9,28.47,1145.0,47.7,0.0,82.2,19.4,88.0,21.64,0,0
2026-09-04T12:00:00Z,CDU-A1,HALL-A,24.81,25.02,30.49,1808.0,1803.0,181.6,686.1,19.7,28.49,1120.0,46.6,0.0,82.3,19.5,88.0,21.78,0,0
2026-09-04T13:00:00Z,CDU-A1,HALL-A,24.71,25.02,30.61,1806.0,1793.0,181.2,711.5,19.7,28.6,1147.0,47.8,0.0,82.3,19.4,88.0,21.7,0,0
2026-09-04T14:00:00Z,CDU-A1,HALL-A,24.5,24.65,30.52,1802.0,1783.0,180.4,724.5,19.8,28.52,1193.0,49.7,0.0,82.1,19.3,88.0,21.57,0,0
2026-09-04T15:00:00Z,CDU-A1,HALL-A,24.85,24.98,30.41,1815.0,1800.0,183.0,673.6,20.0,28.41,1150.0,47.9,0.0,82.7,19.6,88.0,22.04,0,0
2026-09-04T16:00:00Z,CDU-A1,HALL-A,24.88,24.97,30.36,1796.0,1780.0,179.2,657.1,19.9,28.35,1115.0,46.5,0.0,81.8,19.2,88.0,21.36,0,0
2026-09-04T17:00:00Z,CDU-A1,HALL-A,24.69,24.83,30.55,1801.0,1797.0,180.2,705.3,19.9,28.55,1170.0,48.7,0.0,82.0,19.3,88.0,21.54,0,0
2026-09-04T18:00:00Z,CDU-A1,HALL-A,25.11,25.2,30.62,1821.0,1819.0,184.2,669.8,19.8,28.61,1090.0,45.5,0.0,83.0,19.8,88.0,22.25,0,0
2026-09-04T19:00:00Z,CDU-A1,HALL-A,25.02,25.12,30.58,1798.0,1785.0,179.6,667.8,19.9,28.58,1104.0,45.9,0.0,81.9,19.3,88.0,21.44,0,0
2026-09-04T20:00:00Z,CDU-A1,HALL-A,25.23,25.67,30.43,1796.0,1785.0,179.2,623.6,19.6,28.43,1014.0,42.2,0.0,81.8,19.2,88.0,21.35,0,0
2026-09-04T21:00:00Z,CDU-A1,HALL-A,24.82,24.88,30.48,1798.0,1797.0,179.5,679.4,20.1,28.47,1164.0,48.6,0.0,81.9,19.2,88.0,21.44,0,0
2026-09-04T22:00:00Z,CDU-A1,HALL-A,24.8,25.04,30.23,1808.0,1795.0,181.6,655.8,19.8,28.23,1117.0,46.5,0.0,82.4,19.5,88.0,21.78,0,0
2026-09-04T23:00:00Z,CDU-A1,HALL-A,24.63,24.68,30.28,1792.0,1791.0,178.4,676.2,20.1,28.28,1187.0,49.4,0.0,81.6,19.1,88.0,21.21,0,0
2026-09-05T00:00:00Z,CDU-A1,HALL-A,24.86,24.98,30.23,1801.0,1794.0,180.2,646.5,19.7,28.24,1088.0,45.3,0.0,82.0,19.3,88.0,21.52,0,0
2026-09-05T01:00:00Z,CDU-A1,HALL-A,24.9,25.05,30.3,1790.0,1779.0,178.0,645.9,20.1,28.3,1130.0,47.1,0.0,81.5,19.1,88.0,21.15,0,0
2026-09-05T02:00:00Z,CDU-A1,HALL-A,24.7,24.84,30.11,1799.0,1794.0,179.8,650.0,20.1,28.11,1165.0,48.5,0.0,81.9,19.3,88.0,21.46,0,0
2026-09-05T03:00:00Z,CDU-A1,HALL-A,25.0,25.2,30.12,1780.0,1766.0,176.0,609.1,19.9,28.12,1063.0,44.3,0.0,81.1,18.9,88.0,20.79,0,0
2026-09-05T04:00:00Z,CDU-A1,HALL-A,25.12,25.14,30.25,1808.0,1786.0,181.6,620.3,20.0,28.26,1079.0,44.9,0.0,82.4,19.5,88.0,21.78,0,0
2026-09-05T05:00:00Z,CDU-A1,HALL-A,24.89,24.93,30.04,1790.0,1786.0,178.0,615.5,19.7,28.04,1060.0,44.1,0.0,81.5,19.1,88.0,21.15,0,0
2026-09-05T06:00:00Z,CDU-A1,HALL-A,24.97,25.07,30.15,1806.0,1803.0,181.2,625.6,20.0,28.15,1100.0,45.8,0.0,82.3,19.5,88.0,21.72,0,0
2026-09-05T07:00:00Z,CDU-A1,HALL-A,24.99,25.07,30.08,1787.0,1782.0,177.4,607.3,19.8,28.08,1053.0,43.8,0.0,81.4,19.0,88.0,21.05,0,0
2026-09-05T08:00:00Z,CDU-A1,HALL-A,25.03,25.05,30.18,1795.0,1795.0,179.0,617.6,19.9,28.18,1070.0,44.6,0.0,81.7,19.2,88.0,21.33,0,0
2026-09-05T09:00:00Z,CDU-A1,HALL-A,25.37,25.47,30.54,1795.0,1794.0,179.0,619.9,20.2,28.53,1067.0,44.4,0.0,81.8,19.2,88.0,21.32,0,0
2026-09-05T10:00:00Z,CDU-A1,HALL-A,25.17,25.22,30.37,1817.0,1815.0,183.5,631.8,19.9,28.38,1070.0,44.6,0.0,82.8,19.7,88.0,22.1,0,0
2026-09-05T11:00:00Z,CDU-A1,HALL-A,24.82,25.07,30.36,1798.0,1779.0,179.5,665.8,20.1,28.37,1157.0,48.1,0.0,81.9,19.3,88.0,21.43,0,0
2026-09-05T12:00:00Z,CDU-A1,HALL-A,24.69,24.72,30.36,1789.0,1785.0,177.9,677.5,20.1,28.36,1177.0,49.0,0.0,81.5,19.1,88.0,21.12,0,0
2026-09-05T13:00:00Z,CDU-A1,HALL-A,24.89,24.92,30.23,1781.0,1762.0,176.2,635.5,20.3,28.24,1150.0,48.0,0.0,81.1,18.9,88.0,20.84,0,0
2026-09-05T14:00:00Z,CDU-A1,HALL-A,24.88,24.99,30.43,1807.0,1797.0,181.4,670.0,19.8,28.43,1114.0,46.5,0.0,82.3,19.5,88.0,21.75,0,0
2026-09-05T15:00:00Z,CDU-A1,HALL-A,25.14,25.28,30.62,1792.0,1790.0,178.4,655.9,20.0,28.62,1092.0,45.5,0.0,81.6,19.2,88.0,21.22,0,0
2026-09-05T16:00:00Z,CDU-A1,HALL-A,25.27,25.33,30.47,1789.0,1769.0,177.8,621.3,20.0,28.47,1053.0,43.9,0.0,81.5,19.1,88.0,21.12,0,0
2026-09-05T17:00:00Z,CDU-A1,HALL-A,24.92,25.26,30.46,1796.0,1789.0,179.2,664.5,20.0,28.46,1128.0,47.0,0.0,81.9,19.2,88.0,21.35,0,0
2026-09-05T18:00:00Z,CDU-A1,HALL-A,25.23,25.4,30.74,1801.0,1789.0,180.2,662.8,19.9,28.75,1077.0,44.9,0.0,82.0,19.4,88.0,21.54,0,0
2026-09-05T19:00:00Z,CDU-A1,HALL-A,25.23,25.36,30.76,1827.0,1803.0,185.5,674.7,20.1,28.75,1118.0,46.6,0.0,83.2,20.0,88.0,22.48,0,0
2026-09-05T20:00:00Z,CDU-A1,HALL-A,25.26,25.31,30.8,1800.0,1791.0,180.0,666.6,20.1,28.8,1099.0,45.9,0.0,82.0,19.4,88.0,21.5,0,0
2026-09-05T21:00:00Z,CDU-A1,HALL-A,24.95,24.96,30.71,1805.0,1802.0,181.0,694.1,20.3,28.71,1185.0,49.4,0.0,82.2,19.4,88.0,21.67,0,0
2026-09-05T22:00:00Z,CDU-A1,HALL-A,24.97,25.17,30.65,1803.0,1799.0,180.6,683.9,20.0,28.64,1135.0,47.3,0.0,82.1,19.4,88.0,21.62,0,0
2026-09-05T23:00:00Z,CDU-A1,HALL-A,25.0,25.24,30.64,1802.0,1800.0,180.4,679.2,20.1,28.64,1141.0,47.5,0.0,82.1,19.4,88.0,21.57,0,0
2026-09-06T00:00:00Z,CDU-A1,HALL-A,24.87,24.9,30.67,1809.0,1791.0,181.8,701.4,20.0,28.68,1161.0,48.4,0.0,82.4,19.5,88.0,21.82,0,0
2026-09-06T01:00:00Z,CDU-A1,HALL-A,25.17,25.22,30.68,1798.0,1779.0,179.6,662.0,19.8,28.68,1070.0,44.5,0.0,81.9,19.3,88.0,21.43,0,0
2026-09-06T02:00:00Z,CDU-A1,HALL-A,25.27,25.28,30.52,1793.0,1786.0,178.6,629.3,19.9,28.52,1047.0,43.6,0.0,81.7,19.2,88.0,21.25,0,0
2026-09-06T03:00:00Z,CDU-A1,HALL-A,25.33,25.35,30.64,1791.0,1783.0,178.2,636.0,19.9,28.64,1044.0,43.5,0.0,81.6,19.2,88.0,21.18,0,0
2026-09-06T04:00:00Z,CDU-A1,HALL-A,25.33,25.57,30.79,1812.0,1788.0,182.5,661.5,19.9,28.8,1068.0,44.5,0.0,82.6,19.6,88.0,21.93,0,0
2026-09-06T05:00:00Z,CDU-A1,HALL-A,25.09,25.21,30.58,1804.0,1801.0,180.8,661.3,20.0,28.58,1107.0,46.1,0.0,82.2,19.5,88.0,21.64,0,0
2026-09-06T06:00:00Z,CDU-A1,HALL-A,25.03,25.12,30.31,1782.0,1761.0,176.4,628.7,20.0,28.31,1086.0,45.2,0.0,81.2,19.0,88.0,20.87,0,0
2026-09-06T07:00:00Z,CDU-A1,HALL-A,25.0,25.15,30.24,1790.0,1785.0,178.0,627.0,20.1,28.24,1105.0,46.0,0.0,81.5,19.2,88.0,21.16,0,0
2026-09-06T08:00:00Z,CDU-A1,HALL-A,25.03,25.07,30.28,1810.0,1799.0,182.1,634.5,19.9,28.28,1087.0,45.3,0.0,82.4,19.6,88.0,21.86,0,0
2026-09-06T09:00:00Z,CDU-A1,HALL-A,25.05,25.36,30.3,1800.0,1799.0,180.0,631.0,19.9,28.29,1078.0,45.0,0.0,82.0,19.4,88.0,21.5,0,0
2026-09-06T10:00:00Z,CDU-A1,HALL-A,24.8,25.12,30.24,1813.0,1803.0,182.6,659.3,19.9,28.25,1135.0,47.2,0.0,82.6,19.7,88.0,21.96,0,0
2026-09-06T11:00:00Z,CDU-A1,HALL-A,24.93,24.94,30.38,1810.0,1802.0,182.0,659.1,19.9,28.38,1116.0,46.5,0.0,82.4,19.6,88.0,21.85,0,0
2026-09-06T12:00:00Z,CDU-A1,HALL-A,24.8,25.1,30.2,1806.0,1798.0,181.2,651.4,20.0,28.2,1140.0,47.5,0.0,82.3,19.5,88.0,21.71,0,0
2026-09-06T13:00:00Z,CDU-A1,HALL-A,25.02,25.18,30.37,1798.0,1780.0,179.6,642.8,20.1,28.37,1115.0,46.5,0.0,81.9,19.3,88.0,21.43,0,0
2026-09-06T14:00:00Z,CDU-A1,HALL-A,24.74,24.95,30.22,1771.0,1756.0,174.3,648.7,20.0,28.23,1133.0,47.3,0.0,80.7,18.8,88.0,20.49,0,0
2026-09-06T15:00:00Z,CDU-A1,HALL-A,24.67,24.8,30.17,1804.0,1799.0,180.8,663.4,19.9,28.18,1151.0,48.0,0.0,82.2,19.5,88.0,21.64,0,0
2026-09-06T16:00:00Z,CDU-A1,HALL-A,24.56,24.83,29.87,1811.0,1804.0,182.2,642.1,20.0,27.87,1171.0,48.8,0.0,82.5,19.6,88.0,21.9,0,0
2026-09-06T17:00:00Z,CDU-A1,HALL-A,24.55,24.57,29.91,1810.0,1809.0,182.0,648.7,19.9,27.91,1162.0,48.5,0.0,82.5,19.6,88.0,21.86,0,0
2026-09-06T18:00:00Z,CDU-A1,HALL-A,24.82,24.93,29.91,1793.0,1786.0,178.6,609.5,20.4,27.91,1165.0,48.6,0.0,81.7,19.3,88.0,21.25,0,0
2026-09-06T19:00:00Z,CDU-A1,HALL-A,25.08,25.24,29.9,1793.0,1781.0,178.6,578.0,19.9,27.91,1037.0,43.2,0.0,81.7,19.3,88.0,21.25,0,0
2026-09-06T20:00:00Z,CDU-A1,HALL-A,24.71,24.83,30.01,1811.0,1796.0,182.2,640.9,19.9,28.01,1135.0,47.3,0.0,82.5,19.7,88.0,21.89,0,0
2026-09-06T21:00:00Z,CDU-A1,HALL-A,24.79,24.95,30.17,1805.0,1787.0,181.1,649.2,20.1,28.17,1154.0,48.1,0.0,82.2,19.5,88.0,21.68,0,0
2026-09-06T22:00:00Z,CDU-A1,HALL-A,24.86,24.97,30.31,1787.0,1781.0,177.4,650.6,20.2,28.31,1152.0,48.0,0.0,81.4,19.1,88.0,21.05,0,0
2026-09-06T23:00:00Z,CDU-A1,HALL-A,24.79,24.81,30.21,1809.0,1806.0,181.9,655.6,19.8,28.21,1118.0,46.6,0.0,82.4,19.6,88.0,21.82,0,0
2026-09-07T00:00:00Z,CDU-A1,HALL-A,24.61,24.7,30.08,1821.0,1819.0,184.2,665.9,20.0,28.08,1182.0,49.3,0.0,82.9,19.9,88.0,22.25,0,0
2026-09-07T01:00:00Z,CDU-A1,HALL-A,24.72,24.87,30.09,1789.0,1784.0,177.9,642.3,19.7,28.09,1098.0,45.7,0.0,81.5,19.2,88.0,21.11,0,0
2026-09-07T02:00:00Z,CDU-A1,HALL-A,24.68,24.82,30.03,1806.0,1799.0,181.2,645.5,20.2,28.03,1183.0,49.3,0.0,82.3,19.5,88.0,21.71,0,0
2026-09-07T03:00:00Z,CDU-A1,HALL-A,24.82,24.82,30.21,1802.0,1798.0,180.4,649.1,20.0,28.21,1134.0,47.2,0.0,82.1,19.5,88.0,21.57,0,0
2026-09-07T04:00:00Z,CDU-A1,HALL-A,24.91,24.97,30.2,1788.0,1782.0,177.6,632.1,20.0,28.2,1106.0,46.0,0.0,81.5,19.2,88.0,21.08,0,0
2026-09-07T05:00:00Z,CDU-A1,HALL-A,25.1,25.26,30.5,1800.0,1792.0,180.0,649.8,19.8,28.5,1072.0,44.6,0.0,82.0,19.4,88.0,21.51,0,0
2026-09-07T06:00:00Z,CDU-A1,HALL-A,25.13,25.13,30.33,1821.0,1820.0,184.3,632.9,19.8,28.33,1065.0,44.3,0.0,83.0,19.9,88.0,22.25,0,0
2026-09-07T07:00:00Z,CDU-A1,HALL-A,25.14,25.35,30.31,1788.0,1780.0,177.6,618.0,20.0,28.32,1068.0,44.5,0.0,81.4,19.2,88.0,21.08,0,0
2026-09-07T08:00:00Z,CDU-A1,HALL-A,25.19,25.44,30.44,1795.0,1777.0,179.0,629.7,20.0,28.44,1070.0,44.6,0.0,81.8,19.3,88.0,21.33,0,0
2026-09-07T09:00:00Z,CDU-A1,HALL-A,25.5,25.53,30.6,1796.0,1778.0,179.2,612.0,19.8,28.6,998.0,41.6,0.0,81.8,19.4,88.0,21.37,0,0
2026-09-07T10:00:00Z,CDU-A1,HALL-A,25.12,25.19,30.42,1786.0,1782.0,177.2,632.6,20.1,28.42,1091.0,45.5,0.0,81.4,19.1,88.0,21.01,0,0
2026-09-07T11:00:00Z,CDU-A1,HALL-A,25.0,25.01,30.43,1796.0,1793.0,179.2,651.4,19.9,28.42,1096.0,45.8,0.0,81.8,19.4,88.0,21.35,0,0
2026-09-07T12:00:00Z,CDU-A1,HALL-A,24.68,24.97,30.25,1803.0,1803.0,180.6,671.3,20.0,28.26,1168.0,48.6,0.0,82.1,19.5,88.0,21.6,0,0
2026-09-07T13:00:00Z,CDU-A1,HALL-A,24.79,24.81,30.43,1810.0,1793.0,182.0,681.8,20.2,28.43,1190.0,49.6,0.0,82.4,19.7,88.0,21.86,0,0
2026-09-07T14:00:00Z,CDU-A1,HALL-A,24.7,24.72,30.34,1791.0,1750.0,178.2,675.0,20.3,28.35,1205.0,50.2,0.0,81.6,19.3,88.0,21.2,0,0
2026-09-07T15:00:00Z,CDU-A1,HALL-A,24.9,25.15,30.46,1789.0,1775.0,177.7,665.0,20.1,28.46,1141.0,47.4,0.0,81.5,19.2,88.0,21.12,0,0
2026-09-07T16:00:00Z,CDU-A1,HALL-A,24.66,24.67,30.43,1803.0,1801.0,180.6,695.1,19.7,28.43,1143.0,47.7,0.0,82.2,19.5,88.0,21.61,0,0
2026-09-07T17:00:00Z,CDU-A1,HALL-A,24.92,25.06,30.8,1803.0,1776.0,180.6,708.8,19.8,28.8,1130.0,47.0,0.0,82.1,19.5,88.0,21.61,0,0
2026-09-07T18:00:00Z,CDU-A1,HALL-A,24.92,25.05,30.86,1798.0,1791.0,179.6,713.9,20.1,28.86,1169.0,48.7,0.0,81.9,19.4,88.0,21.43,0,0
2026-09-07T19:00:00Z,CDU-A1,HALL-A,25.01,25.04,30.36,1801.0,1787.0,180.3,644.3,20.1,28.36,1119.0,46.6,0.0,82.0,19.5,88.0,21.53,0,0
2026-09-07T20:00:00Z,CDU-A1,HALL-A,24.98,25.29,30.41,1793.0,1755.0,178.7,651.0,19.9,28.41,1097.0,45.7,0.0,81.7,19.3,88.0,21.28,0,0
2026-09-07T21:00:00Z,CDU-A1,HALL-A,24.89,25.03,30.37,1814.0,1771.0,182.9,664.2,20.0,28.37,1139.0,47.4,0.0,82.6,19.8,88.0,22.01,0,0
2026-09-07T22:00:00Z,CDU-A1,HALL-A,24.92,24.94,30.54,1804.0,1783.0,180.9,677.1,19.8,28.54,1112.0,46.3,0.0,82.2,19.6,88.0,21.64,0,0
2026-09-07T23:00:00Z,CDU-A1,HALL-A,24.99,25.16,30.61,1780.0,1742.0,176.1,668.6,20.2,28.61,1140.0,47.5,0.0,81.1,19.0,88.0,20.8,0,0
2026-09-08T00:00:00Z,CDU-A1,HALL-A,24.94,24.94,30.52,1767.0,1746.0,173.5,658.6,19.8,28.51,1084.0,45.2,0.0,80.5,18.8,88.0,20.36,0,0
2026-09-08T01:00:00Z,CDU-A1,HALL-A,24.63,24.85,30.28,1805.0,1803.0,181.0,681.2,19.9,28.28,1167.0,48.6,0.0,82.3,19.6,88.0,21.68,0,0
2026-09-08T02:00:00Z,CDU-A1,HALL-A,24.44,24.44,30.12,1796.0,1791.0,179.2,682.0,19.8,28.12,1176.0,49.0,0.0,81.8,19.4,88.0,21.36,0,0
2026-09-08T03:00:00Z,CDU-A1,HALL-A,24.91,25.05,30.28,1809.0,1788.0,181.8,648.5,19.8,28.27,1098.0,45.7,0.0,82.4,19.7,88.0,21.82,0,0
2026-09-08T04:00:00Z,CDU-A1,HALL-A,25.11,25.22,30.3,1800.0,1770.0,179.9,624.6,20.1,28.3,1093.0,45.5,0.0,82.0,19.5,88.0,21.5,0,0
2026-09-08T05:00:00Z,CDU-A1,HALL-A,25.24,25.42,30.47,1802.0,1776.0,180.4,629.4,19.9,28.47,1055.0,43.9,0.0,82.1,19.5,88.0,21.57,0,0
2026-09-08T06:00:00Z,CDU-A1,HALL-A,24.98,25.09,30.57,1796.0,1791.0,179.2,671.2,20.1,28.57,1137.0,47.4,0.0,81.8,19.4,88.0,21.36,0,0
2026-09-08T07:00:00Z,CDU-A1,HALL-A,24.88,24.94,30.37,1801.0,1777.0,180.2,660.4,19.9,28.37,1120.0,46.6,0.0,82.1,19.5,88.0,21.53,0,0
2026-09-08T08:00:00Z,CDU-A1,HALL-A,24.45,24.54,30.06,1785.0,1780.0,177.0,669.4,19.8,28.06,1163.0,48.5,0.0,81.3,19.1,88.0,20.97,0,0
2026-09-08T09:00:00Z,CDU-A1,HALL-A,24.59,24.83,30.12,1802.0,1793.0,180.4,666.2,20.0,28.13,1177.0,49.0,0.0,82.1,19.5,88.0,21.57,0,0
2026-09-08T10:00:00Z,CDU-A1,HALL-A,24.64,24.67,30.24,1818.0,1812.0,183.6,680.5,19.9,28.24,1171.0,48.8,0.0,82.8,19.9,88.0,22.14,0,0
2026-09-08T11:00:00Z,CDU-A1,HALL-A,24.62,24.77,30.3,1806.0,1797.0,181.2,685.0,20.1,28.3,1200.0,50.0,0.0,82.3,19.6,88.0,21.71,0,0
2026-09-08T12:00:00Z,CDU-A1,HALL-A,25.29,25.33,30.37,1816.0,1792.0,183.2,616.0,19.9,28.36,1044.0,43.6,0.0,82.7,19.9,88.0,22.07,0,0
2026-09-08T13:00:00Z,CDU-A1,HALL-A,25.03,25.07,30.25,1807.0,1781.0,181.4,630.2,19.9,28.25,1083.0,45.1,0.0,82.3,19.7,88.0,21.76,0,0
2026-09-08T14:00:00Z,CDU-A1,HALL-A,25.0,25.07,30.26,1793.0,1765.0,178.6,630.6,20.2,28.27,1122.0,46.8,0.0,81.7,19.4,88.0,21.25,0,0
2026-09-08T15:00:00Z,CDU-A1,HALL-A,25.41,25.48,30.36,1787.0,1769.0,177.4,590.6,19.8,28.35,990.0,41.3,0.0,81.4,19.2,88.0,21.05,0,0
2026-09-08T16:00:00Z,CDU-A1,HALL-A,25.04,25.18,30.34,1786.0,1775.0,177.2,631.9,20.0,28.33,1088.0,45.4,0.0,81.4,19.2,88.0,21.01,0,0
2026-09-08T17:00:00Z,CDU-A1,HALL-A,24.86,25.16,30.29,1796.0,1780.0,179.2,651.9,20.1,28.29,1142.0,47.5,0.0,81.8,19.4,88.0,21.36,0,0
2026-09-08T18:00:00Z,CDU-A1,HALL-A,24.98,25.06,30.22,1786.0,1765.0,177.2,625.7,20.1,28.22,1105.0,46.1,0.0,81.4,19.2,88.0,21.01,0,0
2026-09-08T19:00:00Z,CDU-A1,HALL-A,25.29,25.58,30.17,1808.0,1807.0,181.6,589.4,19.9,28.18,1023.0,42.6,0.0,82.4,19.7,88.0,21.79,0,0
2026-09-08T20:00:00Z,CDU-A1,HALL-A,24.79,24.92,30.33,1796.0,1795.0,179.2,664.8,19.8,28.33,1119.0,46.5,0.0,81.8,19.5,88.0,21.36,0,0
2026-09-08T21:00:00Z,CDU-A1,HALL-A,25.21,25.34,30.38,1811.0,1804.0,182.3,626.1,20.2,28.39,1098.0,45.7,0.0,82.5,19.8,88.0,21.88,0,0
2026-09-08T22:00:00Z,CDU-A1,HALL-A,25.0,25.04,30.29,1789.0,1789.0,177.8,631.7,20.2,28.28,1121.0,46.7,0.0,81.5,19.3,88.0,21.11,0,0
2026-09-08T23:00:00Z,CDU-A1,HALL-A,25.09,25.19,30.12,1787.0,1780.0,177.4,600.6,20.1,28.12,1074.0,44.7,0.0,81.4,19.3,88.0,21.05,0,0
2026-09-09T00:00:00Z,CDU-A1,HALL-A,24.98,25.18,30.09,1809.0,1806.0,181.7,617.5,20.2,28.09,1124.0,46.9,0.0,82.4,19.7,88.0,21.81,0,0
2026-09-09T01:00:00Z,CDU-A1,HALL-A,25.26,25.46,30.16,1795.0,1789.0,179.0,587.4,19.9,28.16,1021.0,42.5,0.0,81.8,19.4,88.0,21.33,0,0
2026-09-09T02:00:00Z,CDU-A1,HALL-A,25.26,25.32,30.14,1807.0,1801.0,181.4,588.7,20.1,28.13,1051.0,43.8,0.0,82.3,19.7,88.0,21.75,0,0
2026-09-09T03:00:00Z,CDU-A1,HALL-A,25.51,26.02,30.16,1782.0,1764.0,176.5,553.5,20.2,28.17,999.0,41.6,0.0,81.2,19.2,88.0,20.87,0,0
2026-09-09T04:00:00Z,CDU-A1,HALL-A,25.24,25.42,30.11,1807.0,1785.0,181.5,587.7,20.1,28.1,1053.0,43.8,0.0,82.4,19.7,88.0,21.75,0,0
2026-09-09T05:00:00Z,CDU-A1,HALL-A,25.05,25.06,30.03,1799.0,1793.0,179.8,599.0,19.9,28.03,1057.0,44.0,0.0,82.0,19.5,88.0,21.48,0,0
2026-09-09T06:00:00Z,CDU-A1,HALL-A,25.45,25.66,30.12,1780.0,1762.0,176.1,555.7,20.1,28.12,994.0,41.4,0.0,81.1,19.1,88.0,20.8,0,0
2026-09-09T07:00:00Z,CDU-A1,HALL-A,25.51,25.52,30.59,1803.0,1783.0,180.6,611.8,19.8,28.59,999.0,41.7,45.2,36.9,19.6,88.0,21.61,0,0
2026-09-09T08:00:00Z,CDU-A1,HALL-A,25.67,25.75,30.49,1802.0,1795.0,180.4,580.4,19.9,28.5,970.0,40.4,82.1,0.0,19.6,88.0,21.57,0,0
2026-09-09T09:00:00Z,CDU-A1,HALL-A,25.79,25.84,30.66,1798.0,1780.0,179.6,584.7,19.7,28.66,937.0,39.1,81.9,0.0,19.5,88.0,21.43,0,0
2026-09-09T10:00:00Z,CDU-A1,HALL-A,25.58,25.79,30.61,1796.0,1795.0,179.2,604.0,19.9,28.62,996.0,41.5,81.8,0.0,19.5,88.0,21.36,0,0
2026-09-09T11:00:00Z,CDU-A1,HALL-A,25.28,25.47,30.61,1788.0,1782.0,177.6,637.1,19.9,28.61,1049.0,43.7,81.5,0.0,19.3,88.0,21.08,0,0
2026-09-09T12:00:00Z,CDU-A1,HALL-A,25.34,25.34,30.62,1795.0,1773.0,179.0,633.0,20.1,28.62,1066.0,44.4,81.8,0.0,19.5,88.0,21.33,0,0
2026-09-09T13:00:00Z,CDU-A1,HALL-A,25.3,25.48,30.7,1801.0,1793.0,180.2,649.4,20.0,28.7,1072.0,44.6,82.1,0.0,19.6,88.0,21.53,0,0
2026-09-09T14:00:00Z,CDU-A1,HALL-A,25.08,25.32,30.55,1804.0,1795.0,180.8,659.8,20.0,28.56,1107.0,46.1,82.2,0.0,19.7,88.0,21.64,0,0
2026-09-09T15:00:00Z,CDU-A1,HALL-A,24.58,24.7,30.36,1805.0,1804.0,181.0,696.5,19.9,28.36,1182.0,49.3,82.2,0.0,19.7,88.0,21.68,0,0
2026-09-09T16:00:00Z,CDU-A1,HALL-A,24.35,24.37,30.23,1804.0,1787.0,180.9,709.0,19.8,28.24,1207.0,50.3,82.2,0.0,19.6,88.0,21.65,0,0
2026-09-09T17:00:00Z,CDU-A1,HALL-A,24.46,24.52,30.35,1794.0,1779.0,178.8,706.1,20.0,28.34,1213.0,50.6,81.8,0.0,19.5,88.0,21.29,0,0
2026-09-09T18:00:00Z,CDU-A1,HALL-A,24.2,24.24,30.37,1805.0,1801.0,180.9,743.5,19.8,28.36,1246.0,51.9,82.2,0.0,19.7,88.0,21.68,0,0
2026-09-09T19:00:00Z,CDU-A1,HALL-A,24.46,24.53,30.45,1801.0,1792.0,180.3,720.6,20.0,28.45,1225.0,51.0,82.1,0.0,19.6,88.0,21.54,0,0
2026-09-09T20:00:00Z,CDU-A1,HALL-A,24.86,24.94,30.52,1791.0,1787.0,178.2,677.3,20.0,28.52,1141.0,47.5,81.6,0.0,19.4,88.0,21.19,0,0
2026-09-09T21:00:00Z,CDU-A1,HALL-A,24.86,24.97,30.44,1780.0,1772.0,176.0,663.4,20.0,28.44,1128.0,47.0,81.1,0.0,19.2,88.0,20.8,0,0
2026-09-09T22:00:00Z,CDU-A1,HALL-A,24.8,24.87,30.35,1805.0,1795.0,181.0,669.1,20.0,28.35,1151.0,47.9,82.2,0.0,19.7,88.0,21.67,0,0
2026-09-09T23:00:00Z,CDU-A1,HALL-A,24.79,24.97,30.49,1820.0,1807.0,184.1,692.5,20.1,28.48,1185.0,49.4,82.9,0.0,20.0,88.0,22.21,0,0
2026-09-10T00:00:00Z,CDU-A1,HALL-A,24.89,25.01,30.28,1803.0,1802.0,180.6,649.1,20.3,28.27,1167.0,48.6,82.1,0.0,19.7,88.0,21.6,0,0
2026-09-10T01:00:00Z,CDU-A1,HALL-A,24.66,24.87,30.15,1791.0,1775.0,178.2,656.6,20.2,28.15,1187.0,49.5,81.5,0.0,19.4,88.0,21.19,0,0
2026-09-10T02:00:00Z,CDU-A1,HALL-A,24.63,24.85,30.18,1804.0,1799.0,180.8,668.3,20.3,28.18,1218.0,50.7,82.2,0.0,19.7,88.0,21.64,0,0
2026-09-10T03:00:00Z,CDU-A1,HALL-A,24.75,24.88,30.39,1793.0,1791.0,178.6,676.1,20.2,28.39,1184.0,49.4,81.7,0.0,19.5,88.0,21.25,0,0
2026-09-10T04:00:00Z,CDU-A1,HALL-A,24.85,24.88,30.38,1798.0,1795.0,179.6,664.8,19.9,28.39,1125.0,46.9,81.9,0.0,19.5,88.0,21.43,0,0
2026-09-10T05:00:00Z,CDU-A1,HALL-A,25.08,25.09,30.48,1784.0,1780.0,176.8,644.0,20.1,28.49,1103.0,46.0,81.2,0.0,19.2,88.0,20.95,0,0
2026-09-10T06:00:00Z,CDU-A1,HALL-A,25.36,25.4,30.55,1789.0,1772.0,177.8,620.7,20.1,28.56,1054.0,43.9,81.5,0.0,19.4,88.0,21.12,0,0
2026-09-10T07:00:00Z,CDU-A1,HALL-A,25.2,25.41,30.42,1809.0,1802.0,181.8,631.0,20.2,28.42,1101.0,45.9,82.4,0.0,19.8,88.0,21.83,0,0
2026-09-10T08:00:00Z,CDU-A1,HALL-A,25.28,25.34,30.53,1804.0,1783.0,180.8,632.4,19.6,28.53,1017.0,42.4,82.2,0.0,19.7,88.0,21.64,0,0
2026-09-10T09:00:00Z,CDU-A1,HALL-A,25.17,25.3,30.42,1809.0,1796.0,181.8,634.1,20.0,28.41,1081.0,45.1,82.4,0.0,19.8,88.0,21.83,0,0
2026-09-10T10:00:00Z,CDU-A1,HALL-A,25.03,25.41,30.1,1794.0,1790.0,178.8,608.2,20.2,28.1,1105.0,46.0,81.7,0.0,19.5,88.0,21.29,0,0
2026-09-10T11:00:00Z,CDU-A1,HALL-A,24.66,24.74,29.82,1819.0,1810.0,183.8,627.2,20.0,27.82,1151.0,48.0,82.9,0.0,20.0,88.0,22.18,0,0
2026-09-10T12:00:00Z,CDU-A1,HALL-A,24.7,24.86,29.79,1807.0,1793.0,181.5,614.5,20.0,27.79,1132.0,47.0,82.3,0.0,19.8,88.0,21.75,0,0
2026-09-10T13:00:00Z,CDU-A1,HALL-A,24.55,24.62,29.59,1790.0,1770.0,178.1,602.3,19.9,27.58,1124.0,46.9,81.5,0.0,19.4,88.0,21.15,0,0
2026-09-10T14:00:00Z,CDU-A1,HALL-A,24.47,24.5,29.93,1784.0,1755.0,176.8,650.8,20.0,27.93,1178.0,49.0,81.3,0.0,19.3,88.0,20.95,0,0
2026-09-10T15:00:00Z,CDU-A1,HALL-A,24.44,24.63,30.05,1798.0,1798.0,179.6,674.2,20.0,28.05,1201.0,50.0,81.9,0.0,19.6,88.0,21.43,0,0
2026-09-10T16:00:00Z,CDU-A1,HALL-A,24.37,24.49,30.18,1811.0,1803.0,182.3,703.0,20.0,28.18,1234.0,51.4,82.5,0.0,19.9,88.0,21.9,0,0
2026-09-10T17:00:00Z,CDU-A1,HALL-A,24.44,24.52,29.9,1794.0,1776.0,178.8,654.2,19.9,27.9,1174.0,48.9,81.7,0.0,19.5,88.0,21.3,0,0
2026-09-10T18:00:00Z,CDU-A1,HALL-A,24.33,24.59,29.94,1784.0,1778.0,176.8,669.1,20.0,27.94,1209.0,50.5,81.3,0.0,19.3,88.0,20.95,0,0
2026-09-10T19:00:00Z,CDU-A1,HALL-A,24.4,24.61,29.97,1797.0,1791.0,179.3,668.6,20.3,27.97,1251.0,52.2,81.9,0.0,19.6,88.0,21.4,0,0
2026-09-10T20:00:00Z,CDU-A1,HALL-A,24.29,24.45,30.3,1790.0,1757.0,178.0,719.0,20.0,28.3,1243.0,51.8,81.5,0.0,19.4,88.0,21.15,0,0
2026-09-10T21:00:00Z,CDU-A1,HALL-A,24.41,24.5,30.18,1823.0,1798.0,184.7,702.8,19.9,28.17,1218.0,50.7,83.0,0.0,20.2,88.0,22.33,0,0
2026-09-10T22:00:00Z,CDU-A1,HALL-A,24.84,24.87,30.29,1799.0,1775.0,179.8,655.0,19.9,28.29,1120.0,46.7,81.9,0.0,19.7,88.0,21.47,0,0
2026-09-10T23:00:00Z,CDU-A1,HALL-A,24.99,25.08,30.51,1785.0,1767.0,177.0,658.7,20.2,28.52,1138.0,47.3,81.3,0.0,19.3,88.0,20.97,0,0
2026-09-11T00:00:00Z,CDU-A1,HALL-A,25.04,25.09,30.49,1807.0,1803.0,181.4,657.7,20.3,28.49,1153.0,48.0,82.3,0.0,19.8,88.0,21.75,0,0
2026-09-11T01:00:00Z,CDU-A1,HALL-A,25.1,25.28,30.38,1789.0,1786.0,177.8,630.5,20.1,28.38,1094.0,45.7,81.5,0.0,19.4,88.0,21.12,0,0
2026-09-11T02:00:00Z,CDU-A1,HALL-A,24.73,24.82,30.23,1799.0,1773.0,179.8,661.7,20.3,28.23,1196.0,49.8,81.9,0.0,19.6,88.0,21.46,0,0
2026-09-11T03:00:00Z,CDU-A1,HALL-A,24.77,24.98,30.33,1818.0,1812.0,183.6,675.0,19.9,28.32,1150.0,47.9,82.8,0.0,20.1,88.0,22.13,0,0
2026-09-11T04:00:00Z,CDU-A1,HALL-A,24.67,24.88,30.2,1810.0,1801.0,182.0,668.6,20.2,28.2,1200.0,50.0,82.5,0.0,19.9,88.0,21.86,0,0
2026-09-11T05:00:00Z,CDU-A1,HALL-A,24.99,25.07,30.11,1787.0,1766.0,177.4,611.3,20.1,28.12,1096.0,45.7,81.4,0.0,19.4,88.0,21.05,0,0
2026-09-11T06:00:00Z,CDU-A1,HALL-A,25.05,25.21,30.31,1802.0,1783.0,180.4,633.8,20.0,28.32,1094.0,45.7,82.1,0.0,19.7,88.0,21.57,0,0
2026-09-11T07:00:00Z,CDU-A1,HALL-A,25.04,25.06,30.3,1794.0,1791.0,178.8,630.7,20.1,28.31,1104.0,45.9,81.7,0.0,19.6,88.0,21.29,0,0
2026-09-11T08:00:00Z,CDU-A1,HALL-A,25.09,25.11,30.34,1796.0,1793.0,179.2,629.7,20.1,28.34,1097.0,45.7,81.8,0.0,19.6,88.0,21.36,0,0
2026-09-11T09:00:00Z,CDU-A1,HALL-A,25.14,25.16,30.35,1798.0,1793.0,179.6,625.8,19.8,28.35,1051.0,43.8,81.9,0.0,19.6,88.0,21.44,0,0
2026-09-11T10:00:00Z,CDU-A1,HALL-A,24.71,24.78,30.08,1801.0,1798.0,180.2,645.9,19.9,28.08,1133.0,47.2,82.1,0.0,19.7,88.0,21.53,0,0
2026-09-11T11:00:00Z,CDU-A1,HALL-A,24.73,24.8,30.23,1801.0,1794.0,180.2,662.3,20.0,28.24,1155.0,48.1,82.1,0.0,19.7,88.0,21.53,0,0
2026-09-11T12:00:00Z,CDU-A1,HALL-A,24.83,24.97,30.32,1775.0,1747.0,175.0,650.7,20.0,28.32,1123.0,46.8,80.8,0.0,19.2,88.0,20.64,0,0
2026-09-11T13:00:00Z,CDU-A1,HALL-A,24.76,24.87,30.25,1818.0,1795.0,183.6,666.7,19.9,28.24,1146.0,47.7,82.8,0.0,20.1,88.0,22.14,0,0
2026-09-11T14:00:00Z,CDU-A1,HALL-A,24.51,24.71,30.16,1796.0,1795.0,179.2,677.5,20.1,28.15,1206.0,50.2,81.8,0.0,19.6,88.0,21.36,0,0
2026-09-11T15:00:00Z,CDU-A1,HALL-A,24.48,24.62,30.32,1809.0,1799.0,181.8,705.8,20.1,28.32,1233.0,51.4,82.4,0.0,19.9,88.0,21.81,0,0
2026-09-11T16:00:00Z,CDU-A1,HALL-A,24.71,24.75,30.21,1794.0,1772.0,178.8,659.6,20.1,28.22,1167.0,48.5,81.7,0.0,19.6,88.0,21.3,0,0
2026-09-11T17:00:00Z,CDU-A1,HALL-A,24.52,24.62,30.37,1818.0,1775.0,183.6,710.0,19.9,28.37,1204.0,50.2,82.8,0.0,20.1,88.0,22.15,0,0
2026-09-11T18:00:00Z,CDU-A1,HALL-A,24.84,24.87,30.37,1807.0,1802.0,181.4,668.0,20.1,28.38,1160.0,48.2,82.3,0.0,19.9,88.0,21.76,0,0
2026-09-11T19:00:00Z,CDU-A1,HALL-A,25.02,25.08,30.34,1801.0,1769.0,180.2,639.8,20.1,28.34,1115.0,46.5,82.1,0.0,19.7,88.0,21.54,0,0
2026-09-11T20:00:00Z,CDU-A1,HALL-A,25.12,25.36,30.2,1816.0,1815.0,183.2,616.2,20.0,28.19,1079.0,44.9,82.7,0.0,20.1,88.0,22.07,0,0
2026-09-11T21:00:00Z,CDU-A1,HALL-A,25.04,25.18,30.27,1808.0,1805.0,181.7,631.2,20.1,28.27,1110.0,46.2,82.4,0.0,19.9,88.0,21.79,0,0
2026-09-11T22:00:00Z,CDU-A1,HALL-A,25.27,25.33,30.28,1804.0,1784.0,180.8,604.3,20.0,28.29,1047.0,43.6,82.2,0.0,19.8,88.0,21.65,0,0
2026-09-11T23:00:00Z,CDU-A1,HALL-A,24.98,25.01,30.27,1801.0,1779.0,180.2,636.2,20.0,28.26,1104.0,46.0,82.1,0.0,19.7,88.0,21.54,0,0
2026-09-12T00:00:00Z,CDU-A1,HALL-A,25.07,25.08,30.27,1798.0,1798.0,179.6,625.0,19.8,28.27,1059.0,44.1,81.9,0.0,19.7,88.0,21.43,0,0
2026-09-12T01:00:00Z,CDU-A1,HALL-A,25.02,25.04,30.32,1790.0,1774.0,178.1,634.0,20.0,28.32,1093.0,45.5,81.5,0.0,19.5,88.0,21.15,0,0
2026-09-12T02:00:00Z,CDU-A1,HALL-A,24.83,25.19,30.15,1798.0,1757.0,179.6,639.4,20.0,28.15,1126.0,46.9,81.9,0.0,19.7,88.0,21.44,0,0
2026-09-12T03:00:00Z,CDU-A1,HALL-A,24.61,24.64,30.09,1805.0,1791.0,181.0,660.8,19.8,28.09,1144.0,47.7,82.2,0.0,19.8,88.0,21.67,0,0
2026-09-12T04:00:00Z,CDU-A1,HALL-A,24.75,24.76,30.17,1806.0,1797.0,181.2,653.7,20.2,28.17,1178.0,49.1,82.3,0.0,19.9,88.0,21.71,0,0
2026-09-12T05:00:00Z,CDU-A1,HALL-A,25.04,25.23,30.24,1794.0,1766.0,178.9,623.7,20.2,28.24,1113.0,46.4,81.7,0.0,19.6,88.0,21.29,0,0
2026-09-12T06:00:00Z,CDU-A1,HALL-A,24.59,24.71,30.2,1790.0,1781.0,178.0,670.8,19.7,28.2,1133.0,47.2,81.5,0.0,19.5,88.0,21.15,0,0
2026-09-12T07:00:00Z,CDU-A1,HALL-A,24.76,24.87,30.48,1784.0,1778.0,176.8,681.7,19.8,28.47,1127.0,46.9,81.3,0.0,19.4,88.0,20.95,0,0
2026-09-12T08:00:00Z,CDU-A1,HALL-A,24.82,24.88,30.24,1814.0,1813.0,182.8,656.9,20.0,28.24,1144.0,47.7,82.6,0.0,20.1,88.0,22.0,0,0
2026-09-12T09:00:00Z,CDU-A1,HALL-A,24.9,25.07,30.24,1793.0,1785.0,178.7,640.1,20.0,28.24,1114.0,46.4,81.7,0.0,19.6,88.0,21.26,0,0
2026-09-12T10:00:00Z,CDU-A1,HALL-A,24.84,25.03,30.09,1795.0,1780.0,179.0,629.6,20.0,28.09,1118.0,46.6,81.8,0.0,19.6,88.0,21.33,0,0
2026-09-12T11:00:00Z,CDU-A1,HALL-A,24.5,24.96,30.02,1801.0,1793.0,180.1,663.8,20.2,28.02,1219.0,50.9,82.1,0.0,19.8,88.0,21.55,0,0
2026-09-12T12:00:00Z,CDU-A1,HALL-A,24.45,24.61,30.11,1819.0,1807.0,183.8,688.1,20.1,28.11,1233.0,51.4,82.9,0.0,20.2,88.0,22.18,0,0
2026-09-12T13:00:00Z,CDU-A1,HALL-A,24.47,24.55,30.01,1814.0,1797.0,182.8,671.3,19.9,28.01,1188.0,49.5,82.7,0.0,20.1,88.0,21.99,0,0
2026-09-12T14:00:00Z,CDU-A1,HALL-A,24.52,24.68,30.13,1813.0,1811.0,182.7,679.9,20.1,28.14,1215.0,50.7,82.6,0.0,20.0,88.0,21.97,0,0
2026-09-12T15:00:00Z,CDU-A1,HALL-A,24.64,24.78,30.39,1800.0,1793.0,180.0,691.5,19.9,28.39,1169.0,48.7,82.0,0.0,19.7,88.0,21.5,0,0
2026-09-12T16:00:00Z,CDU-A1,HALL-A,24.74,24.75,30.4,1803.0,1797.0,180.6,681.7,20.2,28.4,1193.0,49.7,82.1,0.0,19.9,88.0,21.6,0,0
2026-09-12T17:00:00Z,CDU-A1,HALL-A,24.6,24.69,30.17,1815.0,1807.0,183.0,675.2,20.2,28.17,1216.0,50.6,82.7,0.0,20.1,88.0,22.03,0,0
2026-09-12T18:00:00Z,CDU-A1,HALL-A,24.87,25.06,30.31,1795.0,1769.0,179.0,652.5,19.8,28.31,1100.0,45.8,81.8,0.0,19.6,88.0,21.33,0,0
2026-09-12T19:00:00Z,CDU-A1,HALL-A,24.86,24.88,30.2,1780.0,1764.0,176.1,634.7,20.0,28.2,1111.0,46.4,81.1,0.0,19.3,88.0,20.82,0,0
2026-09-12T20:00:00Z,CDU-A1,HALL-A,25.08,25.14,30.1,1790.0,1768.0,178.0,600.5,20.2,28.11,1091.0,45.5,81.5,0.0,19.6,88.0,21.15,0,0
2026-09-12T21:00:00Z,CDU-A1,HALL-A,24.8,24.87,30.17,1789.0,1786.0,177.8,641.9,20.0,28.17,1128.0,47.0,81.5,0.0,19.5,88.0,21.11,0,0
2026-09-12T22:00:00Z,CDU-A1,HALL-A,24.75,24.81,30.16,1802.0,1788.0,180.4,651.6,19.9,28.16,1132.0,47.1,82.1,0.0,19.8,88.0,21.57,0,0
2026-09-12T23:00:00Z,CDU-A1,HALL-A,25.02,25.23,30.05,1790.0,1789.0,178.0,601.0,19.9,28.05,1059.0,44.2,81.6,0.0,19.5,88.0,21.15,0,0
2026-09-13T00:00:00Z,CDU-A1,HALL-A,25.06,25.24,29.96,1782.0,1755.0,176.4,583.8,20.0,27.96,1052.0,43.9,81.2,0.0,19.4,88.0,20.88,0,0
2026-09-13T01:00:00Z,CDU-A1,HALL-A,24.81,24.83,30.01,1806.0,1804.0,181.2,627.5,19.8,28.01,1097.0,45.6,82.2,0.0,19.9,88.0,21.72,0,0
2026-09-13T02:00:00Z,CDU-A1,HALL-A,24.64,24.74,29.82,1800.0,1771.0,179.9,623.2,20.0,27.82,1144.0,47.6,82.0,0.0,19.8,88.0,21.5,0,0
2026-09-13T03:00:00Z,CDU-A1,HALL-A,24.62,24.7,29.76,1788.0,1786.0,177.6,613.8,20.0,27.77,1136.0,47.4,81.5,0.0,19.5,88.0,21.08,0,0
2026-09-13T04:00:00Z,CDU-A1,HALL-A,24.71,24.86,30.04,1803.0,1788.0,180.6,641.6,20.1,28.03,1160.0,48.3,82.2,0.0,19.9,88.0,21.61,0,0
2026-09-13T05:00:00Z,CDU-A1,HALL-A,24.69,24.83,30.33,1790.0,1789.0,178.0,673.9,20.1,28.32,1176.0,49.0,81.6,0.0,19.6,88.0,21.15,0,0
2026-09-13T06:00:00Z,CDU-A1,HALL-A,24.59,24.7,30.38,1789.0,1785.0,177.8,692.0,20.1,28.39,1200.0,50.0,81.5,0.0,19.5,88.0,21.12,0,0
2026-09-13T07:00:00Z,CDU-A1,HALL-A,24.51,24.69,30.04,1806.0,1801.0,181.2,667.3,20.3,28.03,1237.0,51.5,82.3,0.0,19.9,88.0,21.71,0,0
2026-09-13T08:00:00Z,CDU-A1,HALL-A,24.6,24.62,30.03,1787.0,1779.0,177.4,648.4,20.0,28.03,1159.0,48.3,81.4,0.0,19.5,88.0,21.05,0,0
2026-09-13T09:00:00Z,CDU-A1,HALL-A,25.08,25.16,30.11,1800.0,1783.0,180.1,604.5,20.0,28.11,1070.0,44.6,82.0,0.0,19.8,88.0,21.5,0,0
2026-09-13T10:00:00Z,CDU-A1,HALL-A,24.77,24.77,30.07,1789.0,1785.0,177.8,634.0,19.9,28.07,1113.0,46.4,81.5,0.0,19.6,88.0,21.12,0,0
2026-09-13T11:00:00Z,CDU-A1,HALL-A,24.8,25.08,30.39,1793.0,1789.0,178.7,669.2,20.0,28.38,1145.0,47.7,81.7,0.0,19.7,88.0,21.25,0,0
2026-09-13T12:00:00Z,CDU-A1,HALL-A,24.77,24.81,30.45,1800.0,1787.0,180.0,683.0,20.0,28.45,1160.0,48.3,82.0,0.0,19.8,88.0,21.5,0,0
2026-09-13T13:00:00Z,CDU-A1,HALL-A,24.39,24.41,30.08,1803.0,1796.0,180.6,685.6,20.2,28.08,1249.0,52.1,82.1,0.0,19.9,88.0,21.61,0,0
2026-09-13T14:00:00Z,CDU-A1,HALL-A,24.38,24.49,29.88,1794.0,1780.0,178.8,659.6,20.0,27.89,1202.0,50.1,81.7,0.0,19.7,88.0,21.29,0,0
2026-09-13T15:00:00Z,CDU-A1,HALL-A,24.53,24.73,29.85,1804.0,1796.0,180.8,641.5,20.1,27.85,1188.0,49.4,82.2,0.0,19.9,88.0,21.64,0,0
2026-09-13T16:00:00Z,CDU-A1,HALL-A,24.6,24.64,29.91,1807.0,1802.0,181.4,641.0,20.2,27.91,1193.0,49.7,82.3,0.0,20.0,88.0,21.74,0,0
2026-09-13T17:00:00Z,CDU-A1,HALL-A,24.74,24.76,30.15,1792.0,1775.0,178.4,647.5,20.0,28.15,1141.0,47.5,81.7,0.0,19.7,88.0,21.22,0,0
2026-09-13T18:00:00Z,CDU-A1,HALL-A,24.46,24.52,30.11,1787.0,1783.0,177.4,675.0,20.2,28.11,1224.0,51.0,81.4,0.0,19.5,88.0,21.04,0,0
2026-09-13T19:00:00Z,CDU-A1,HALL-A,24.85,24.93,30.19,1789.0,1786.0,177.7,638.4,20.2,28.19,1147.0,47.9,81.5,0.0,19.6,88.0,21.12,0,0
2026-09-13T20:00:00Z,CDU-A1,HALL-A,24.78,24.8,30.32,1782.0,1756.0,176.5,659.8,19.8,28.32,1111.0,46.3,81.2,0.0,19.4,88.0,20.87,0,0
2026-09-13T21:00:00Z,CDU-A1,HALL-A,24.76,24.81,30.46,1792.0,1772.0,178.4,682.3,20.0,28.46,1158.0,48.2,81.6,0.0,19.7,88.0,21.22,0,0
2026-09-13T22:00:00Z,CDU-A1,HALL-A,24.73,24.73,30.41,1789.0,1764.0,177.8,678.5,19.9,28.41,1145.0,47.7,81.5,0.0,19.6,88.0,21.12,0,0
2026-09-13T23:00:00Z,CDU-A1,HALL-A,24.9,24.96,30.21,1801.0,1789.0,180.2,639.4,20.1,28.21,1131.0,47.1,82.0,0.0,19.8,88.0,21.54,0,0
2026-09-14T00:00:00Z,CDU-A1,HALL-A,24.88,24.95,30.31,1785.0,1785.0,177.0,647.8,20.1,28.31,1132.0,47.2,81.3,0.0,19.5,88.0,20.97,0,0
2026-09-14T01:00:00Z,CDU-A1,HALL-A,25.21,25.29,30.25,1782.0,1763.0,176.4,600.5,19.9,28.26,1032.0,43.0,81.2,0.0,19.4,88.0,20.89,0,0
2026-09-14T02:00:00Z,CDU-A1,HALL-A,25.32,25.33,30.26,1796.0,1778.0,179.2,592.4,19.9,28.26,1018.0,42.4,81.8,0.0,19.8,88.0,21.36,0,0
2026-09-14T03:00:00Z,CDU-A1,HALL-A,25.05,25.17,30.14,1793.0,1791.0,178.7,609.4,20.2,28.14,1103.0,45.9,81.7,0.0,19.7,88.0,21.26,0,0
2026-09-14T04:00:00Z,CDU-A1,HALL-A,24.82,24.85,30.2,1794.0,1758.0,178.8,645.1,20.0,28.21,1129.0,47.0,81.7,0.0,19.7,88.0,21.3,0,0
2026-09-14T05:00:00Z,CDU-A1,HALL-A,24.99,25.27,30.2,1804.0,1798.0,180.7,627.3,19.9,28.2,1086.0,45.3,82.2,0.0,20.0,88.0,21.64,0,0
2026-09-14T06:00:00Z,CDU-A1,HALL-A,24.93,25.14,30.4,1807.0,1798.0,181.4,660.1,20.0,28.4,1128.0,47.0,82.3,0.0,20.0,88.0,21.75,0,0
2026-09-14T07:00:00Z,CDU-A1,HALL-A,25.43,25.46,30.64,1799.0,1784.0,179.8,625.8,20.0,28.64,1040.0,43.3,81.9,0.0,19.8,88.0,21.47,0,0
2026-09-14T08:00:00Z,CDU-A1,HALL-A,25.42,25.45,30.48,1780.0,1773.0,176.0,602.3,19.9,28.49,1007.0,41.9,81.1,0.0,19.4,88.0,20.8,0,0
2026-09-14T09:00:00Z,CDU-A1,HALL-A,25.25,25.25,30.29,1816.0,1812.0,183.2,611.5,20.0,28.28,1058.0,44.1,82.7,0.0,20.2,88.0,22.08,18,0
2026-09-14T10:00:00Z,CDU-A1,HALL-A,25.27,25.42,30.3,1786.0,1772.0,177.3,600.1,20.0,28.3,1038.0,43.2,81.3,0.0,19.6,87.4,21.02,60,0
2026-09-14T11:00:00Z,CDU-A1,HALL-A,25.23,25.47,30.4,1774.0,1767.0,174.8,612.4,19.8,28.4,1023.0,42.6,80.8,0.0,19.3,86.8,20.6,26,0
2026-09-14T12:00:00Z,CDU-A1,HALL-A,25.3,25.54,30.35,1788.0,1760.0,177.6,602.7,20.2,28.34,1062.0,44.3,81.4,0.0,19.6,88.0,21.09,0,0
2026-09-14T13:00:00Z,CDU-A1,HALL-A,25.29,25.32,30.5,1796.0,1795.0,179.2,624.9,20.4,28.5,1107.0,46.1,81.8,0.0,19.8,88.0,21.35,0,0
2026-09-14T14:00:00Z,CDU-A1,HALL-A,25.06,25.2,30.44,1787.0,1773.0,177.4,642.8,19.9,28.44,1080.0,45.0,81.4,0.0,19.6,88.0,21.04,0,0
2026-09-14T15:00:00Z,CDU-A1,HALL-A,24.81,24.84,30.24,1799.0,1798.0,179.8,652.7,20.2,28.24,1165.0,48.6,81.9,0.0,19.9,88.0,21.46,0,0
2026-09-14T16:00:00Z,CDU-A1,HALL-A,24.85,24.95,30.32,1790.0,1777.0,178.1,654.2,19.8,28.32,1102.0,45.9,81.6,0.0,19.7,88.0,21.15,0,0
2026-09-14T17:00:00Z,CDU-A1,HALL-A,24.42,24.48,30.35,1794.0,1785.0,178.8,710.5,20.0,28.35,1222.0,51.0,81.7,0.0,19.8,88.0,21.28,0,0
2026-09-14T18:00:00Z,CDU-A1,HALL-A,24.56,24.6,30.26,1793.0,1792.0,178.6,683.3,20.0,28.26,1187.0,49.5,81.7,0.0,19.8,88.0,21.26,0,0
2026-09-14T19:00:00Z,CDU-A1,HALL-A,24.59,24.68,30.42,1810.0,1809.0,182.0,704.6,20.2,28.42,1231.0,51.3,82.4,0.0,20.1,88.0,21.86,0,0
2026-09-14T20:00:00Z,CDU-A1,HALL-A,24.84,25.04,30.49,1800.0,1797.0,180.0,679.3,19.7,28.49,1110.0,46.2,82.0,0.0,19.9,88.0,21.51,0,0
2026-09-14T21:00:00Z,CDU-A1,HALL-A,24.82,24.83,30.41,1804.0,1798.0,180.8,673.5,20.1,28.41,1164.0,48.5,82.2,0.0,20.0,88.0,21.65,0,0
2026-09-14T22:00:00Z,CDU-A1,HALL-A,24.9,25.18,30.3,1811.0,1767.0,182.2,653.7,19.9,28.3,1117.0,46.6,82.5,0.0,20.1,88.0,21.89,0,0
2026-09-14T23:00:00Z,CDU-A1,HALL-A,24.58,24.67,30.42,1812.0,1787.0,182.4,706.9,20.0,28.42,1205.0,50.2,82.5,0.0,20.1,88.0,21.92,0,0
2026-09-15T00:00:00Z,CDU-A1,HALL-A,24.47,24.57,30.32,1805.0,1780.0,181.0,706.0,20.1,28.33,1232.0,51.3,82.2,0.0,20.0,88.0,21.68,0,0
2026-09-15T01:00:00Z,CDU-A1,HALL-A,24.61,24.79,30.41,1792.0,1789.0,178.4,693.8,19.8,28.4,1157.0,48.3,81.7,0.0,19.7,88.0,21.21,0,0
2026-09-15T02:00:00Z,CDU-A1,HALL-A,24.47,24.77,30.49,1794.0,1782.0,178.8,721.4,19.8,28.49,1192.0,49.7,81.7,0.0,19.8,88.0,21.3,0,0
2026-09-15T03:00:00Z,CDU-A1,HALL-A,24.84,24.91,30.57,1802.0,1775.0,180.5,689.7,20.1,28.56,1169.0,48.7,82.1,0.0,20.0,88.0,21.57,0,0
2026-09-15T04:00:00Z,CDU-A1,HALL-A,24.61,24.63,30.48,1802.0,1793.0,180.4,706.6,19.9,28.49,1183.0,49.2,82.1,0.0,19.9,88.0,21.57,0,0
2026-09-15T05:00:00Z,CDU-A1,HALL-A,24.35,24.4,30.26,1790.0,1788.0,178.0,707.0,19.8,28.26,1199.0,50.0,81.5,0.0,19.7,88.0,21.15,0,0
2026-09-15T06:00:00Z,CDU-A1,HALL-A,24.56,24.73,30.38,1792.0,1786.0,178.4,697.4,20.0,28.39,1194.0,49.7,81.6,0.0,19.7,88.0,21.22,0,0
2026-09-15T07:00:00Z,CDU-A1,HALL-A,24.89,24.9,30.64,1808.0,1786.0,181.6,694.1,20.1,28.64,1167.0,48.7,82.4,0.0,20.1,88.0,21.78,0,0
2026-09-15T08:00:00Z,CDU-A1,HALL-A,25.05,25.07,30.46,1819.0,1814.0,183.8,657.4,20.0,28.45,1115.0,46.4,82.9,0.0,20.4,88.0,22.18,0,0
2026-09-15T09:00:00Z,CDU-A1,HALL-A,25.12,25.22,30.32,1791.0,1767.0,178.2,622.0,19.9,28.32,1060.0,44.2,81.6,0.0,19.7,88.0,21.18,0,0
2026-09-15T10:00:00Z,CDU-A1,HALL-A,25.22,25.23,30.47,1813.0,1809.0,182.6,636.1,20.0,28.46,1077.0,44.8,82.6,0.0,20.2,88.0,21.96,0,0
2026-09-15T11:00:00Z,CDU-A1,HALL-A,25.14,25.26,30.48,1796.0,1775.0,179.2,640.5,19.9,28.48,1072.0,44.6,81.8,0.0,19.8,88.0,21.36,0,0
2026-09-15T12:00:00Z,CDU-A1,HALL-A,25.01,25.09,30.44,1797.0,1778.0,179.4,652.2,19.8,28.45,1083.0,45.1,81.8,0.0,19.9,88.0,21.4,0,0
2026-09-15T13:00:00Z,CDU-A1,HALL-A,25.29,25.32,30.5,1818.0,1815.0,183.6,632.3,19.9,28.5,1056.0,43.9,82.8,0.0,20.3,88.0,22.14,0,0
2026-09-15T14:00:00Z,CDU-A1,HALL-A,25.13,25.21,30.56,1790.0,1787.0,178.0,649.8,20.0,28.56,1089.0,45.4,81.6,0.0,19.7,88.0,21.14,0,0
2026-09-15T15:00:00Z,CDU-A1,HALL-A,24.87,25.04,30.29,1795.0,1786.0,179.0,649.5,20.4,28.29,1183.0,49.3,81.8,0.0,19.8,88.0,21.32,0,0
2026-09-15T16:00:00Z,CDU-A1,HALL-A,24.72,24.79,30.14,1810.0,1806.0,182.0,655.6,20.0,28.14,1156.0,48.1,82.4,0.0,20.2,88.0,21.85,0,0
2026-09-15T17:00:00Z,CDU-A1,HALL-A,24.98,25.15,30.25,1807.0,1781.0,181.4,636.2,20.1,28.25,1120.0,46.6,82.3,0.0,20.1,88.0,21.76,0,0
2026-09-15T18:00:00Z,CDU-A1,HALL-A,25.02,25.16,30.25,1812.0,1787.0,182.4,633.4,20.1,28.26,1116.0,46.5,82.6,0.0,20.2,88.0,21.93,0,0
2026-09-15T19:00:00Z,CDU-A1,HALL-A,24.89,24.94,30.07,1804.0,1803.0,180.8,623.7,20.1,28.07,1124.0,46.8,82.2,0.0,20.0,88.0,21.64,0,0
2026-09-15T20:00:00Z,CDU-A1,HALL-A,24.68,24.79,30.09,1803.0,1790.0,180.6,652.2,19.9,28.09,1142.0,47.6,82.1,0.0,20.0,88.0,21.61,0,0
2026-09-15T21:00:00Z,CDU-A1,HALL-A,24.9,25.04,30.24,1811.0,1808.0,182.3,646.2,19.8,28.25,1099.0,45.9,82.5,0.0,20.2,88.0,21.9,0,0
2026-09-15T22:00:00Z,CDU-A1,HALL-A,24.77,24.91,30.4,1804.0,1787.0,180.8,678.3,20.3,28.4,1202.0,50.1,82.2,0.0,20.1,88.0,21.64,0,0
2026-09-15T23:00:00Z,CDU-A1,HALL-A,25.2,25.33,30.56,1798.0,1769.0,179.6,644.4,19.9,28.57,1068.0,44.5,81.9,0.0,19.9,88.0,21.45,0,0
2026-09-16T00:00:00Z,CDU-A1,HALL-A,25.16,25.37,30.43,1808.0,1807.0,181.7,636.8,20.0,28.43,1084.0,45.2,82.3,0.0,20.1,88.0,21.78,0,0
2026-09-16T01:00:00Z,CDU-A1,HALL-A,25.05,25.05,30.41,1807.0,1806.0,181.4,647.1,20.2,28.41,1131.0,47.1,82.3,0.0,20.1,88.0,21.74,0,0
2026-09-16T02:00:00Z,CDU-A1,HALL-A,24.61,24.76,30.44,1797.0,1772.0,179.4,700.3,20.0,28.44,1190.0,49.6,81.9,0.0,19.9,88.0,21.39,0,0
2026-09-16T03:00:00Z,CDU-A1,HALL-A,24.69,24.86,30.39,1798.0,1779.0,179.6,684.3,19.8,28.39,1144.0,47.7,81.9,0.0,19.9,88.0,21.42,0,0
2026-09-16T04:00:00Z,CDU-A1,HALL-A,24.59,24.66,30.14,1808.0,1801.0,181.6,670.8,20.2,28.14,1212.0,50.5,82.3,0.0,20.2,88.0,21.78,0,0
2026-09-16T05:00:00Z,CDU-A1,HALL-A,24.69,24.73,30.09,1810.0,1793.0,182.1,653.5,20.0,28.09,1159.0,48.3,82.5,0.0,20.2,88.0,21.85,0,0
2026-09-16T06:00:00Z,CDU-A1,HALL-A,24.53,24.72,30.19,1802.0,1796.0,180.4,681.5,20.0,28.18,1193.0,49.7,82.1,0.0,20.0,88.0,21.57,0,0
2026-09-16T07:00:00Z,CDU-A1,HALL-A,24.99,25.14,30.02,1793.0,1777.0,178.6,602.2,20.0,28.02,1079.0,45.0,36.8,44.9,19.8,88.0,21.26,0,0
2026-09-16T08:00:00Z,CDU-A1,HALL-A,25.18,25.19,30.06,1807.0,1804.0,181.4,588.8,19.8,28.06,1024.0,42.6,0.0,82.3,20.1,88.0,21.76,0,0
2026-09-16T09:00:00Z,CDU-A1,HALL-A,24.68,24.9,30.01,1795.0,1793.0,179.0,639.4,20.2,28.02,1175.0,49.0,0.0,81.8,19.9,88.0,21.32,0,0
2026-09-16T10:00:00Z,CDU-A1,HALL-A,25.04,25.07,30.24,1781.0,1756.0,176.2,618.9,20.1,28.24,1091.0,45.4,0.0,81.1,19.6,88.0,20.84,0,0
2026-09-16T11:00:00Z,CDU-A1,HALL-A,25.15,25.25,30.36,1798.0,1793.0,179.6,626.2,20.0,28.36,1075.0,44.8,0.0,81.9,20.0,88.0,21.44,0,0
2026-09-16T12:00:00Z,CDU-A1,HALL-A,25.4,25.77,30.29,1819.0,1800.0,183.8,594.2,20.0,28.29,1029.0,42.8,0.0,82.9,20.4,88.0,22.18,0,0
2026-09-16T13:00:00Z,CDU-A1,HALL-A,25.28,25.5,30.13,1804.0,1796.0,180.9,584.1,20.2,28.13,1058.0,44.1,0.0,82.2,20.1,88.0,21.65,0,0
2026-09-16T14:00:00Z,CDU-A1,HALL-A,25.15,25.27,29.86,1806.0,1799.0,181.2,568.3,20.1,27.86,1051.0,43.8,0.0,82.2,20.1,88.0,21.72,0,0
2026-09-16T15:00:00Z,CDU-A1,HALL-A,25.13,25.18,30.22,1775.0,1760.0,175.1,603.5,19.8,28.22,1029.0,42.9,0.0,80.9,19.4,88.0,20.65,0,0
2026-09-16T16:00:00Z,CDU-A1,HALL-A,24.88,25.05,30.11,1800.0,1799.0,180.0,628.7,19.9,28.1,1099.0,45.8,0.0,82.0,20.0,88.0,21.51,0,0
2026-09-16T17:00:00Z,CDU-A1,HALL-A,24.53,24.7,30.14,1807.0,1806.0,181.5,677.5,20.1,28.14,1209.0,50.3,0.0,82.3,20.2,88.0,21.74,0,0
2026-09-16T18:00:00Z,CDU-A1,HALL-A,24.39,24.5,30.19,1797.0,1794.0,179.4,696.3,20.1,28.19,1235.0,51.5,0.0,81.9,19.9,88.0,21.39,0,0
2026-09-16T19:00:00Z,CDU-A1,HALL-A,24.72,24.88,30.35,1805.0,1790.0,181.1,679.0,19.9,28.35,1154.0,48.1,0.0,82.2,20.1,88.0,21.67,0,0
2026-09-16T20:00:00Z,CDU-A1,HALL-A,25.04,25.31,30.7,1792.0,1759.0,178.4,677.0,19.9,28.69,1105.0,46.0,0.0,81.6,19.8,88.0,21.22,0,0
2026-09-16T21:00:00Z,CDU-A1,HALL-A,25.12,25.44,30.77,1809.0,1806.0,181.8,682.3,20.2,28.76,1143.0,47.6,0.0,82.4,20.2,88.0,21.82,0,0
2026-09-16T22:00:00Z,CDU-A1,HALL-A,25.03,25.12,30.63,1811.0,1775.0,182.2,677.8,20.2,28.64,1154.0,48.1,0.0,82.5,20.3,88.0,21.89,0,0
2026-09-16T23:00:00Z,CDU-A1,HALL-A,24.97,25.2,30.53,1795.0,1784.0,179.1,666.2,19.8,28.52,1096.0,45.6,0.0,81.8,19.9,88.0,21.33,0,0
2026-09-17T00:00:00Z,CDU-A1,HALL-A,25.13,25.17,30.59,1807.0,1794.0,181.3,659.6,20.1,28.6,1115.0,46.4,0.0,82.3,20.2,88.0,21.75,0,0
2026-09-17T01:00:00Z,CDU-A1,HALL-A,24.98,25.11,30.68,1800.0,1796.0,179.9,685.3,19.9,28.68,1121.0,46.7,0.0,82.0,20.0,88.0,21.49,0,0
2026-09-17T02:00:00Z,CDU-A1,HALL-A,25.01,25.05,30.49,1805.0,1791.0,181.1,660.4,20.0,28.48,1117.0,46.5,0.0,82.2,20.1,88.0,21.68,0,0
2026-09-17T03:00:00Z,CDU-A1,HALL-A,24.77,24.88,30.26,1807.0,1800.0,181.4,662.4,20.1,28.25,1165.0,48.6,0.0,82.3,20.2,88.0,21.75,0,0
2026-09-17T04:00:00Z,CDU-A1,HALL-A,24.73,24.81,30.27,1803.0,1790.0,180.6,666.9,19.9,28.27,1144.0,47.6,0.0,82.1,20.1,88.0,21.61,0,0
2026-09-17T05:00:00Z,CDU-A1,HALL-A,24.42,24.55,30.34,1816.0,1813.0,183.2,718.7,20.1,28.35,1252.0,52.1,0.0,82.8,20.4,88.0,22.07,0,0
2026-09-17T06:00:00Z,CDU-A1,HALL-A,24.48,24.8,30.51,1802.0,1777.0,180.4,725.7,20.0,28.52,1225.0,51.1,0.0,82.1,20.1,88.0,21.57,0,0
2026-09-17T07:00:00Z,CDU-A1,HALL-A,24.95,25.17,30.43,1801.0,1790.0,180.1,658.9,19.7,28.43,1083.0,45.1,0.0,82.0,20.1,88.0,21.54,0,0
2026-09-17T08:00:00Z,CDU-A1,HALL-A,25.34,25.48,30.6,1795.0,1788.0,179.0,630.9,20.1,28.6,1065.0,44.4,0.0,81.8,19.9,88.0,21.32,0,0
2026-09-17T09:00:00Z,CDU-A1,HALL-A,24.93,24.98,30.17,1805.0,1800.0,181.0,632.0,20.1,28.17,1124.0,46.8,0.0,82.2,20.1,88.0,21.68,0,0
2026-09-17T10:00:00Z,CDU-A1,HALL-A,24.82,24.99,30.15,1810.0,1793.0,182.0,644.8,20.0,28.16,1136.0,47.3,0.0,82.5,20.3,88.0,21.86,0,0
2026-09-17T11:00:00Z,CDU-A1,HALL-A,24.6,24.75,30.2,1786.0,1770.0,177.2,667.7,20.1,28.2,1184.0,49.3,0.0,81.3,19.7,88.0,21.02,0,0
2026-09-17T12:00:00Z,CDU-A1,HALL-A,24.64,24.82,30.47,1810.0,1792.0,182.1,704.5,20.1,28.46,1208.0,50.4,0.0,82.5,20.3,88.0,21.86,0,0
2026-09-17T13:00:00Z,CDU-A1,HALL-A,24.82,24.93,30.54,1790.0,1768.0,178.0,683.5,20.0,28.53,1149.0,47.9,0.0,81.5,19.8,88.0,21.15,0,0
2026-09-17T14:00:00Z,CDU-A1,HALL-A,24.67,24.97,30.64,1795.0,1781.0,179.0,715.6,19.9,28.63,1175.0,48.9,0.0,81.8,19.9,88.0,21.31,0,0
2026-09-17T15:00:00Z,CDU-A1,HALL-A,24.43,24.52,30.47,1800.0,1797.0,180.0,726.0,19.8,28.47,1203.0,50.1,0.0,82.0,20.1,88.0,21.5,0,0
2026-09-17T16:00:00Z,CDU-A1,HALL-A,24.52,24.62,30.27,1825.0,1792.0,185.0,700.9,20.1,28.27,1232.0,51.3,0.0,83.1,20.6,88.0,22.39,0,0
2026-09-17T17:00:00Z,CDU-A1,HALL-A,24.85,24.93,30.44,1797.0,1783.0,179.4,670.6,20.1,28.44,1155.0,48.1,0.0,81.9,20.0,88.0,21.4,0,0
2026-09-17T18:00:00Z,CDU-A1,HALL-A,25.0,25.16,30.39,1792.0,1767.0,178.4,645.2,20.0,28.39,1104.0,46.0,0.0,81.6,19.9,88.0,21.23,0,0
2026-09-17T19:00:00Z,CDU-A1,HALL-A,24.92,24.97,30.37,1793.0,1787.0,178.6,652.3,19.9,28.37,1106.0,46.1,0.0,81.7,19.9,88.0,21.26,0,0
2026-09-17T20:00:00Z,CDU-A1,HALL-A,25.2,25.48,30.72,1813.0,1788.0,182.6,668.0,20.1,28.72,1114.0,46.5,0.0,82.6,20.4,88.0,21.97,0,0
2026-09-17T21:00:00Z,CDU-A1,HALL-A,25.19,25.32,30.66,1811.0,1803.0,182.1,661.4,20.3,28.65,1136.0,47.3,0.0,82.5,20.3,88.0,21.9,0,0
2026-09-17T22:00:00Z,CDU-A1,HALL-A,24.96,25.01,30.19,1800.0,1794.0,179.9,629.3,20.1,28.19,1116.0,46.5,0.0,82.0,20.1,88.0,21.5,0,0
2026-09-17T23:00:00Z,CDU-A1,HALL-A,24.89,24.95,30.34,1794.0,1772.0,178.8,653.0,20.0,28.34,1124.0,46.9,0.0,81.7,19.9,88.0,21.29,0,0
2026-09-18T00:00:00Z,CDU-A1,HALL-A,24.57,24.69,30.41,1796.0,1776.0,179.2,700.5,20.0,28.4,1196.0,49.8,0.0,81.8,20.0,88.0,21.35,0,0
2026-09-18T01:00:00Z,CDU-A1,HALL-A,25.02,25.2,30.56,1809.0,1805.0,181.7,669.9,20.3,28.57,1164.0,48.4,0.0,82.4,20.3,88.0,21.81,0,0
2026-09-18T02:00:00Z,CDU-A1,HALL-A,25.08,25.22,30.57,1803.0,1793.0,180.7,661.9,20.0,28.58,1108.0,46.2,0.0,82.2,20.2,88.0,21.61,0,0
2026-09-18T03:00:00Z,CDU-A1,HALL-A,25.04,25.19,30.61,1797.0,1785.0,179.4,668.5,20.0,28.61,1115.0,46.4,0.0,81.9,20.0,88.0,21.4,0,0
2026-09-18T04:00:00Z,CDU-A1,HALL-A,25.11,25.33,30.56,1793.0,1757.0,178.6,653.4,19.9,28.57,1083.0,45.1,0.0,81.7,20.0,88.0,21.26,0,0
2026-09-18T05:00:00Z,CDU-A1,HALL-A,24.95,25.1,30.51,1804.0,1800.0,180.8,669.6,19.9,28.51,1117.0,46.6,0.0,82.2,20.2,88.0,21.64,0,0
2026-09-18T06:00:00Z,CDU-A1,HALL-A,25.01,25.04,30.51,1792.0,1787.0,178.4,658.0,20.1,28.51,1124.0,46.8,0.0,81.7,19.9,88.0,21.21,0,0
2026-09-18T07:00:00Z,CDU-A1,HALL-A,25.13,25.25,30.33,1798.0,1768.0,179.6,624.2,20.0,28.33,1076.0,44.9,0.0,81.9,20.1,88.0,21.43,0,0
2026-09-18T08:00:00Z,CDU-A1,HALL-A,25.17,25.39,30.16,1781.0,1764.0,176.2,593.4,19.9,28.16,1031.0,43.0,0.0,81.2,19.7,88.0,20.84,0,0
2026-09-18T09:00:00Z,CDU-A1,HALL-A,25.22,25.29,30.15,1793.0,1787.0,178.7,590.7,20.1,28.15,1053.0,43.9,0.0,81.6,20.0,88.0,21.26,0,0
2026-09-18T10:00:00Z,CDU-A1,HALL-A,25.23,25.27,30.18,1791.0,1781.0,178.2,592.2,19.8,28.18,1014.0,42.3,0.0,81.6,19.9,88.0,21.19,0,0
2026-09-18T11:00:00Z,CDU-A1,HALL-A,25.42,25.44,29.95,1801.0,1797.0,180.3,544.6,19.9,27.95,972.0,40.4,0.0,82.0,20.1,88.0,21.53,0,0
2026-09-18T12:00:00Z,CDU-A1,HALL-A,25.17,25.47,30.23,1792.0,1768.0,178.4,606.1,20.1,28.23,1069.0,44.6,0.0,81.7,19.9,88.0,21.23,0,0
2026-09-18T13:00:00Z,CDU-A1,HALL-A,25.33,25.41,30.54,1804.0,1801.0,180.9,628.2,20.2,28.54,1081.0,45.0,0.0,82.2,20.2,88.0,21.64,0,0
2026-09-18T14:00:00Z,CDU-A1,HALL-A,25.24,25.49,30.54,1805.0,1773.0,181.0,639.5,20.2,28.54,1100.0,45.9,0.0,82.2,20.2,88.0,21.68,0,0
2026-09-18T15:00:00Z,CDU-A1,HALL-A,25.02,25.06,30.51,1789.0,1757.0,177.8,655.7,20.1,28.51,1120.0,46.7,0.0,81.5,19.9,88.0,21.12,0,0
2026-09-18T16:00:00Z,CDU-A1,HALL-A,25.21,25.27,30.54,1814.0,1792.0,182.9,646.4,20.0,28.54,1085.0,45.1,0.0,82.6,20.4,88.0,22.0,0,0
2026-09-18T17:00:00Z,CDU-A1,HALL-A,25.12,25.26,30.21,1810.0,1804.0,182.1,615.7,20.1,28.21,1089.0,45.4,0.0,82.5,20.3,88.0,21.85,0,0
2026-09-18T18:00:00Z,CDU-A1,HALL-A,25.22,25.24,30.15,1810.0,1806.0,182.0,595.8,20.1,28.15,1063.0,44.3,0.0,82.5,20.3,88.0,21.85,0,0
2026-09-18T19:00:00Z,CDU-A1,HALL-A,24.93,25.01,29.97,1809.0,1806.0,181.8,609.5,19.9,27.97,1083.0,45.2,0.0,82.4,20.3,88.0,21.83,0,0
2026-09-18T20:00:00Z,CDU-A1,HALL-A,24.7,24.85,29.88,1806.0,1796.0,181.2,625.0,20.0,27.88,1138.0,47.5,0.0,82.3,20.3,88.0,21.71,0,0
2026-09-18T21:00:00Z,CDU-A1,HALL-A,24.33,24.72,30.33,1802.0,1780.0,180.3,721.9,19.9,28.32,1230.0,51.2,0.0,82.1,20.2,88.0,21.57,0,0
2026-09-18T22:00:00Z,CDU-A1,HALL-A,24.08,24.29,30.41,1798.0,1781.0,179.6,760.2,20.1,28.41,1314.0,54.8,0.0,82.0,20.1,88.0,21.43,0,0
2026-09-18T23:00:00Z,CDU-A1,HALL-A,24.45,24.48,30.63,1784.0,1783.0,176.8,736.8,19.9,28.62,1211.0,50.4,0.0,81.3,19.8,88.0,20.94,0,0
2026-09-19T00:00:00Z,CDU-A1,HALL-A,24.63,24.66,30.51,1804.0,1795.0,180.7,708.4,20.1,28.51,1209.0,50.4,0.0,82.2,20.2,88.0,21.64,0,0
2026-09-19T01:00:00Z,CDU-A1,HALL-A,24.63,24.89,30.3,1818.0,1812.0,183.6,688.7,20.2,28.3,1220.0,50.9,0.0,82.8,20.5,88.0,22.14,0,0
2026-09-19T02:00:00Z,CDU-A1,HALL-A,25.11,25.18,30.37,1793.0,1781.0,178.5,630.4,19.8,28.37,1055.0,44.0,0.0,81.7,20.0,88.0,21.26,0,0
2026-09-19T03:00:00Z,CDU-A1,HALL-A,25.44,25.56,30.65,1804.0,1804.0,180.8,627.8,20.2,28.65,1066.0,44.5,0.0,82.2,20.3,88.0,21.64,0,0
2026-09-19T04:00:00Z,CDU-A1,HALL-A,25.06,25.12,30.7,1794.0,1773.0,178.8,676.1,20.2,28.7,1141.0,47.6,0.0,81.7,20.0,88.0,21.29,0,0
2026-09-19T05:00:00Z,CDU-A1,HALL-A,25.05,25.34,30.59,1791.0,1779.0,178.3,663.0,20.0,28.59,1108.0,46.1,0.0,81.6,20.0,88.0,21.19,0,0
2026-09-19T06:00:00Z,CDU-A1,HALL-A,25.01,25.02,30.4,1811.0,1805.0,182.2,652.4,19.8,28.4,1089.0,45.3,0.0,82.5,20.4,88.0,21.9,0,0
2026-09-19T07:00:00Z,CDU-A1,HALL-A,25.1,25.13,30.5,1804.0,1794.0,180.8,650.9,20.0,28.5,1099.0,45.8,0.0,82.2,20.2,88.0,21.64,0,0
2026-09-19T08:00:00Z,CDU-A1,HALL-A,25.17,25.37,30.51,1806.0,1806.0,181.2,644.6,20.0,28.52,1088.0,45.3,0.0,82.3,20.3,88.0,21.72,0,0
2026-09-19T09:00:00Z,CDU-A1,HALL-A,24.95,25.01,30.45,1809.0,1809.0,181.8,665.2,20.0,28.45,1129.0,47.1,0.0,82.4,20.4,88.0,21.82,0,0
2026-09-19T10:00:00Z,CDU-A1,HALL-A,24.86,25.07,30.64,1795.0,1782.0,179.0,693.8,20.0,28.64,1152.0,48.0,0.0,81.8,20.1,88.0,21.33,0,0
2026-09-19T11:00:00Z,CDU-A1,HALL-A,24.81,24.87,30.56,1799.0,1783.0,179.8,690.8,19.9,28.56,1145.0,47.7,0.0,81.9,20.1,88.0,21.47,0,0
2026-09-19T12:00:00Z,CDU-A1,HALL-A,24.61,25.04,30.41,1798.0,1772.0,179.7,696.8,20.1,28.42,1204.0,50.1,0.0,81.9,20.1,88.0,21.43,0,0
2026-09-19T13:00:00Z,CDU-A1,HALL-A,24.15,24.16,30.1,1811.0,1799.0,182.2,719.4,20.0,28.1,1275.0,53.2,0.0,82.5,20.4,88.0,21.9,0,0
2026-09-19T14:00:00Z,CDU-A1,HALL-A,24.17,24.32,29.77,1798.0,1792.0,179.6,672.7,19.9,27.77,1227.0,51.1,0.0,81.9,20.1,88.0,21.44,0,0
2026-09-19T15:00:00Z,CDU-A1,HALL-A,24.22,24.35,30.04,1808.0,1806.0,181.6,702.4,20.1,28.03,1270.0,52.9,0.0,82.4,20.4,88.0,21.78,0,0
2026-09-19T16:00:00Z,CDU-A1,HALL-A,24.42,24.56,30.11,1799.0,1785.0,179.8,683.5,20.1,28.11,1225.0,51.1,0.0,81.9,20.2,88.0,21.47,0,0
2026-09-19T17:00:00Z,CDU-A1,HALL-A,24.81,24.85,30.18,1825.0,1820.0,185.1,655.4,20.2,28.18,1178.0,49.0,0.0,83.1,20.7,88.0,22.39,0,0
2026-09-19T18:00:00Z,CDU-A1,HALL-A,24.39,24.4,30.16,1807.0,1800.0,181.3,696.6,19.9,28.16,1210.0,50.4,0.0,82.3,20.3,88.0,21.75,0,0
2026-09-19T19:00:00Z,CDU-A1,HALL-A,24.49,24.53,30.26,1801.0,1795.0,180.2,694.5,19.9,28.27,1192.0,49.7,0.0,82.1,20.2,88.0,21.54,0,0
2026-09-19T20:00:00Z,CDU-A1,HALL-A,24.48,24.58,30.23,1791.0,1785.0,178.1,688.3,20.0,28.24,1200.0,50.0,0.0,81.6,20.0,88.0,21.18,0,0
2026-09-19T21:00:00Z,CDU-A1,HALL-A,24.79,25.12,30.11,1798.0,1797.0,179.6,639.2,19.7,28.11,1091.0,45.4,0.0,81.9,20.2,88.0,21.43,0,0
2026-09-19T22:00:00Z,CDU-A1,HALL-A,24.85,25.2,30.16,1807.0,1789.0,181.4,641.2,20.0,28.16,1128.0,47.0,0.0,82.3,20.4,88.0,21.75,0,0
2026-09-19T23:00:00Z,CDU-A1,HALL-A,24.95,25.04,30.28,1820.0,1814.0,184.1,648.3,20.1,28.28,1137.0,47.3,0.0,82.9,20.6,88.0,22.21,0,0
2026-09-20T00:00:00Z,CDU-A1,HALL-A,24.85,25.13,29.93,1809.0,1796.0,181.9,614.3,19.8,27.93,1084.0,45.2,0.0,82.4,20.4,88.0,21.83,0,0
2026-09-20T01:00:00Z,CDU-A1,HALL-A,24.98,25.21,30.03,1801.0,1794.0,180.3,608.0,19.9,28.03,1073.0,44.7,0.0,82.1,20.2,88.0,21.54,0,0
2026-09-20T02:00:00Z,CDU-A1,HALL-A,24.83,24.92,29.96,1802.0,1782.0,180.3,617.6,19.8,27.96,1086.0,45.3,0.0,82.1,20.2,88.0,21.57,0,0
2026-09-20T03:00:00Z,CDU-A1,HALL-A,24.81,25.03,30.18,1805.0,1778.0,181.0,648.0,20.1,28.18,1151.0,48.0,0.0,82.2,20.3,88.0,21.68,0,0
2026-09-20T04:00:00Z,CDU-A1,HALL-A,24.92,24.99,30.39,1811.0,1793.0,182.3,661.8,19.6,28.39,1081.0,45.0,0.0,82.5,20.5,88.0,21.9,0,0
2026-09-20T05:00:00Z,CDU-A1,HALL-A,24.68,24.71,30.26,1783.0,1767.0,176.7,664.2,19.8,28.26,1127.0,46.9,0.0,81.2,19.8,88.0,20.91,0,0
2026-09-20T06:00:00Z,CDU-A1,HALL-A,24.87,24.96,30.37,1804.0,1790.0,180.8,662.6,19.9,28.37,1124.0,46.8,0.0,82.2,20.3,88.0,21.65,0,0
2026-09-20T07:00:00Z,CDU-A1,HALL-A,25.14,25.31,30.42,1806.0,1777.0,181.2,636.7,20.2,28.42,1112.0,46.3,0.0,82.3,20.4,88.0,21.72,0,0
2026-09-20T08:00:00Z,CDU-A1,HALL-A,25.08,25.1,30.38,1796.0,1760.0,179.3,636.2,19.9,28.39,1077.0,44.9,0.0,81.8,20.1,88.0,21.37,0,0
2026-09-20T09:00:00Z,CDU-A1,HALL-A,24.88,25.1,30.29,1820.0,1798.0,184.0,658.1,20.1,28.29,1153.0,48.0,0.0,82.9,20.7,88.0,22.22,0,0
2026-09-20T10:00:00Z,CDU-A1,HALL-A,25.12,25.14,30.17,1787.0,1781.0,177.4,603.1,20.2,28.17,1086.0,45.2,0.0,81.4,19.9,88.0,21.05,0,0
2026-09-20T11:00:00Z,CDU-A1,HALL-A,25.21,25.48,30.43,1831.0,1810.0,186.3,638.7,19.9,28.42,1074.0,44.8,0.0,83.4,20.9,88.0,22.61,0,0
2026-09-20T12:00:00Z,CDU-A1,HALL-A,25.22,25.25,30.42,1791.0,1767.0,178.3,622.7,19.8,28.42,1036.0,43.2,0.0,81.6,20.1,88.0,21.19,0,0
2026-09-20T13:00:00Z,CDU-A1,HALL-A,25.31,25.36,30.36,1794.0,1779.0,178.8,605.2,20.0,28.36,1039.0,43.3,0.0,81.7,20.1,88.0,21.3,0,0
2026-09-20T14:00:00Z,CDU-A1,HALL-A,25.28,25.34,30.61,1790.0,1776.0,178.0,637.8,19.9,28.61,1051.0,43.8,0.0,81.6,20.0,88.0,21.15,0,0
2026-09-20T15:00:00Z,CDU-A1,HALL-A,25.35,25.6,30.81,1786.0,1761.0,177.2,651.1,19.9,28.81,1049.0,43.7,0.0,81.4,19.9,88.0,21.01,0,0
2026-09-20T16:00:00Z,CDU-A1,HALL-A,25.09,25.4,30.64,1809.0,1794.0,181.8,670.5,20.2,28.65,1141.0,47.5,0.0,82.4,20.4,88.0,21.82,0,0
2026-09-20T17:00:00Z,CDU-A1,HALL-A,25.2,25.43,30.68,1812.0,1797.0,182.4,663.2,20.0,28.68,1097.0,45.7,0.0,82.5,20.5,88.0,21.93,0,0
2026-09-20T18:00:00Z,CDU-A1,HALL-A,25.48,25.71,30.69,1798.0,1786.0,179.6,626.1,20.0,28.69,1033.0,43.0,0.0,81.9,20.2,88.0,21.43,0,0
2026-09-20T19:00:00Z,CDU-A1,HALL-A,25.16,25.22,30.48,1809.0,1782.0,181.8,643.2,20.2,28.49,1115.0,46.5,0.0,82.4,20.5,88.0,21.82,0,0
2026-09-20T20:00:00Z,CDU-A1,HALL-A,24.96,25.19,30.54,1788.0,1784.0,177.7,666.3,19.9,28.54,1108.0,46.1,0.0,81.5,20.0,88.0,21.08,0,0
2026-09-20T21:00:00Z,CDU-A1,HALL-A,25.11,25.13,30.4,1802.0,1793.0,180.4,637.3,20.0,28.4,1088.0,45.2,0.0,82.1,20.3,88.0,21.57,0,0
2026-09-20T22:00:00Z,CDU-A1,HALL-A,25.54,25.8,30.56,1812.0,1804.0,182.4,607.5,20.2,28.55,1043.0,43.4,0.0,82.5,20.5,88.0,21.93,0,0
2026-09-20T23:00:00Z,CDU-A1,HALL-A,25.33,25.38,30.55,1793.0,1787.0,178.6,625.3,20.1,28.55,1062.0,44.3,0.0,81.7,20.1,88.0,21.26,0,0
2026-09-21T00:00:00Z,CDU-A1,HALL-A,25.51,25.56,30.35,1805.0,1794.0,181.0,583.5,20.2,28.35,1028.0,42.8,0.0,82.2,20.4,88.0,21.68,0,0
2026-09-21T01:00:00Z,CDU-A1,HALL-A,25.95,26.02,30.68,1803.0,1798.0,180.6,569.8,19.9,28.68,931.0,38.8,0.0,82.1,20.4,88.0,21.61,0,0
2026-09-21T02:00:00Z,CDU-A1,HALL-A,26.08,26.15,30.75,1789.0,1781.0,177.8,557.9,20.0,28.74,915.0,38.1,0.0,81.5,20.0,88.0,21.12,0,0
2026-09-21T03:00:00Z,CDU-A1,HALL-A,26.08,26.21,30.84,1791.0,1788.0,178.1,570.1,20.3,28.85,958.0,39.8,0.0,81.6,20.1,88.0,21.18,0,0
2026-09-21T04:00:00Z,CDU-A1,HALL-A,25.57,25.76,30.8,1800.0,1790.0,180.0,628.6,20.0,28.8,1025.0,42.8,0.0,82.0,20.2,88.0,21.51,0,0
2026-09-21T05:00:00Z,CDU-A1,HALL-A,25.59,25.66,30.69,1803.0,1777.0,180.6,614.6,19.8,28.7,992.0,41.4,0.0,82.2,20.3,88.0,21.61,0,0
2026-09-21T06:00:00Z,CDU-A1,HALL-A,25.31,25.34,30.76,1806.0,1800.0,181.3,657.3,19.9,28.76,1065.0,44.3,0.0,82.3,20.4,88.0,21.72,0,0
2026-09-21T07:00:00Z,CDU-A1,HALL-A,25.29,25.47,30.7,1792.0,1767.0,178.4,647.4,19.9,28.7,1056.0,44.1,0.0,81.6,20.1,88.0,21.23,0,0
2026-09-21T08:00:00Z,CDU-A1,HALL-A,25.22,25.4,30.56,1803.0,1783.0,180.6,643.0,19.9,28.55,1065.0,44.4,0.0,82.2,20.4,88.0,21.61,0,0
2026-09-21T09:00:00Z,CDU-A1,HALL-A,25.19,25.37,30.59,1794.0,1793.0,178.9,647.8,20.1,28.59,1094.0,45.6,0.0,81.8,20.1,88.0,21.29,0,0
2026-09-21T10:00:00Z,CDU-A1,HALL-A,24.98,25.35,30.39,1813.0,1799.0,182.7,654.9,20.1,28.39,1134.0,47.3,0.0,82.6,20.6,88.0,21.97,0,0
2026-09-21T11:00:00Z,CDU-A1,HALL-A,24.96,25.05,30.43,1807.0,1804.0,181.4,660.5,19.9,28.43,1111.0,46.3,0.0,82.3,20.4,88.0,21.74,0,0
2026-09-21T12:00:00Z,CDU-A1,HALL-A,24.78,24.86,30.51,1799.0,1788.0,179.9,689.1,20.0,28.52,1162.0,48.4,0.0,82.0,20.3,88.0,21.46,0,0
2026-09-21T13:00:00Z,CDU-A1,HALL-A,24.77,24.88,30.28,1803.0,1781.0,180.7,663.8,20.0,28.29,1151.0,47.9,0.0,82.1,20.4,88.0,21.61,0,0
2026-09-21T14:00:00Z,CDU-A1,HALL-A,25.19,25.23,30.53,1798.0,1787.0,179.6,641.9,20.0,28.53,1079.0,44.9,0.0,81.9,20.3,88.0,21.44,0,0
2026-09-21T15:00:00Z,CDU-A1,HALL-A,24.91,25.08,30.38,1805.0,1788.0,181.0,660.0,20.1,28.38,1144.0,47.6,0.0,82.2,20.4,88.0,21.69,0,0
2026-09-21T16:00:00Z,CDU-A1,HALL-A,25.18,25.32,30.45,1796.0,1780.0,179.1,632.4,19.9,28.45,1062.0,44.3,0.0,81.8,20.2,88.0,21.37,0,0
2026-09-21T17:00:00Z,CDU-A1,HALL-A,25.41,25.49,30.14,1800.0,1798.0,180.0,569.0,19.9,28.14,991.0,41.3,0.0,82.0,20.3,88.0,21.5,0,0
2026-09-21T18:00:00Z,CDU-A1,HALL-A,25.31,25.46,30.28,1797.0,1788.0,179.5,596.4,20.2,28.28,1060.0,44.3,0.0,81.9,20.2,88.0,21.39,0,0
2026-09-21T19:00:00Z,CDU-A1,HALL-A,25.36,25.72,30.33,1808.0,1791.0,181.6,600.0,20.0,28.33,1035.0,43.1,0.0,82.4,20.5,88.0,21.79,0,0
2026-09-21T20:00:00Z,CDU-A1,HALL-A,25.64,25.9,30.34,1818.0,1770.0,183.7,570.9,19.9,28.34,971.0,40.5,0.0,82.8,20.7,88.0,22.15,0,0
2026-09-21T21:00:00Z,CDU-A1,HALL-A,25.61,25.73,30.55,1797.0,1784.0,179.3,593.0,20.1,28.55,1008.0,42.0,0.0,81.9,20.3,88.0,21.4,0,0
2026-09-21T22:00:00Z,CDU-A1,HALL-A,25.41,25.57,30.55,1782.0,1744.0,176.4,612.1,19.9,28.55,1015.0,42.3,0.0,81.2,19.9,88.0,20.87,0,0
2026-09-21T23:00:00Z,CDU-A1,HALL-A,25.11,25.33,30.36,1798.0,1779.0,179.6,630.4,20.0,28.36,1083.0,45.2,0.0,81.9,20.3,88.0,21.44,0,0
2026-09-22T00:00:00Z,CDU-A1,HALL-A,24.96,25.05,30.29,1790.0,1788.0,178.0,637.4,19.9,28.29,1091.0,45.4,0.0,81.5,20.1,88.0,21.15,0,0
2026-09-22T01:00:00Z,CDU-A1,HALL-A,24.86,25.22,30.45,1811.0,1804.0,182.2,676.1,20.1,28.45,1163.0,48.4,0.0,82.5,20.6,88.0,21.89,0,0
2026-09-22T02:00:00Z,CDU-A1,HALL-A,24.97,25.0,30.56,1783.0,1754.0,176.7,665.6,19.7,28.56,1079.0,44.9,0.0,81.2,19.9,88.0,20.9,0,0
2026-09-22T03:00:00Z,CDU-A1,HALL-A,24.91,25.04,30.68,1811.0,1792.0,182.2,698.1,20.1,28.68,1168.0,48.6,0.0,82.5,20.6,88.0,21.89,0,0
2026-09-22T04:00:00Z,CDU-A1,HALL-A,24.6,24.85,30.51,1799.0,1798.0,179.8,709.9,20.0,28.51,1198.0,50.0,0.0,82.0,20.3,88.0,21.48,0,0
2026-09-22T05:00:00Z,CDU-A1,HALL-A,24.75,24.95,30.28,1801.0,1785.0,180.1,665.8,20.2,28.28,1182.0,49.3,0.0,82.0,20.3,88.0,21.54,0,0
2026-09-22T06:00:00Z,CDU-A1,HALL-A,24.64,24.77,29.97,1828.0,1822.0,185.6,650.4,19.8,27.97,1144.0,47.7,0.0,83.3,21.0,88.0,22.5,0,0
2026-09-22T07:00:00Z,CDU-A1,HALL-A,24.83,24.98,29.96,1803.0,1785.0,180.6,618.3,20.0,27.96,1115.0,46.4,0.0,82.2,20.4,88.0,21.61,0,0
2026-09-22T08:00:00Z,CDU-A1,HALL-A,25.03,25.06,30.06,1788.0,1781.0,177.5,601.2,19.9,28.07,1057.0,44.1,0.0,81.5,20.1,88.0,21.08,0,0
2026-09-22T09:00:00Z,CDU-A1,HALL-A,25.19,25.31,30.13,1819.0,1793.0,183.8,600.9,20.1,28.13,1073.0,44.7,0.0,82.9,20.8,88.0,22.18,0,0
2026-09-22T10:00:00Z,CDU-A1,HALL-A,24.9,25.19,30.34,1791.0,1787.0,178.2,650.4,19.8,28.34,1094.0,45.6,0.0,81.6,20.1,88.0,21.18,0,0
2026-09-22T11:00:00Z,CDU-A1,HALL-A,24.9,25.13,30.58,1799.0,1775.0,179.7,682.2,19.9,28.58,1129.0,47.0,0.0,82.0,20.3,88.0,21.47,0,0
2026-09-22T12:00:00Z,CDU-A1,HALL-A,24.74,24.76,30.5,1805.0,1794.0,181.1,694.9,19.9,28.5,1159.0,48.3,0.0,82.3,20.4,88.0,21.68,0,0
2026-09-22T13:00:00Z,CDU-A1,HALL-A,24.99,25.19,30.38,1807.0,1789.0,181.4,651.2,19.9,28.39,1102.0,45.9,0.0,82.3,20.5,88.0,21.75,0,0
2026-09-22T14:00:00Z,CDU-A1,HALL-A,25.01,25.27,30.46,1798.0,1789.0,179.6,655.2,19.8,28.47,1086.0,45.2,0.0,81.9,20.3,88.0,21.43,0,0
2026-09-22T15:00:00Z,CDU-A1,HALL-A,24.72,24.92,30.19,1808.0,1799.0,181.5,660.3,20.1,28.19,1172.0,48.8,0.0,82.4,20.5,88.0,21.78,0,0
2026-09-22T16:00:00Z,CDU-A1,HALL-A,25.0,25.09,30.25,1798.0,1775.0,179.6,630.6,20.2,28.25,1124.0,46.9,0.0,81.9,20.3,88.0,21.43,0,0
2026-09-22T17:00:00Z,CDU-A1,HALL-A,24.99,25.3,30.16,1808.0,1803.0,181.6,624.3,20.2,28.16,1126.0,46.9,0.0,82.4,20.5,88.0,21.78,0,0
2026-09-22T18:00:00Z,CDU-A1,HALL-A,24.95,25.05,30.18,1783.0,1771.0,176.7,623.5,20.0,28.19,1094.0,45.5,0.0,81.2,20.0,88.0,20.91,0,0
2026-09-22T19:00:00Z,CDU-A1,HALL-A,24.96,25.04,30.33,1817.0,1799.0,183.5,651.4,19.9,28.33,1110.0,46.3,0.0,82.8,20.8,88.0,22.11,0,0
2026-09-22T20:00:00Z,CDU-A1,HALL-A,25.05,25.23,30.21,1805.0,1793.0,181.0,622.3,20.2,28.21,1114.0,46.4,0.0,82.2,20.5,88.0,21.68,0,0
2026-09-22T21:00:00Z,CDU-A1,HALL-A,25.27,25.31,30.31,1798.0,1779.0,179.6,604.9,19.9,28.3,1032.0,43.0,0.0,81.9,20.3,88.0,21.44,0,0
2026-09-22T22:00:00Z,CDU-A1,HALL-A,25.29,25.38,30.44,1812.0,1807.0,182.3,623.9,19.8,28.45,1036.0,43.1,0.0,82.5,20.7,88.0,21.92,0,0
2026-09-22T23:00:00Z,CDU-A1,HALL-A,25.19,25.38,30.11,1796.0,1773.0,179.2,591.0,19.9,28.12,1033.0,43.1,0.0,81.8,20.3,88.0,21.37,0,0
2026-09-23T00:00:00Z,CDU-A1,HALL-A,25.64,25.68,30.27,1817.0,1815.0,183.4,561.5,20.1,28.27,987.0,41.1,0.0,82.8,20.8,88.0,22.11,0,0
2026-09-23T01:00:00Z,CDU-A1,HALL-A,25.33,25.77,30.15,1807.0,1804.0,181.3,581.5,20.0,28.15,1024.0,42.7,0.0,82.3,20.5,88.0,21.76,0,0
2026-09-23T02:00:00Z,CDU-A1,HALL-A,25.06,25.33,30.27,1811.0,1806.0,182.1,630.1,19.8,28.27,1068.0,44.6,0.0,82.5,20.6,88.0,21.9,0,0
2026-09-23T03:00:00Z,CDU-A1,HALL-A,24.9,24.97,30.18,1808.0,1803.0,181.6,637.4,19.9,28.17,1105.0,46.1,0.0,82.4,20.6,88.0,21.79,0,0
2026-09-23T04:00:00Z,CDU-A1,HALL-A,24.85,24.86,30.1,1773.0,1763.0,174.7,621.9,20.0,28.11,1102.0,45.9,0.0,80.8,19.8,88.0,20.56,0,0
2026-09-23T05:00:00Z,CDU-A1,HALL-A,25.01,25.1,30.3,1798.0,1785.0,179.6,635.0,19.9,28.29,1085.0,45.2,0.0,81.9,20.3,88.0,21.43,0,0
2026-09-23T06:00:00Z,CDU-A1,HALL-A,24.88,25.04,30.38,1783.0,1780.0,176.6,655.5,20.0,28.38,1122.0,46.7,0.0,81.2,20.0,88.0,20.91,0,0
2026-09-23T07:00:00Z,CDU-A1,HALL-A,25.02,25.25,30.41,1800.0,1777.0,180.0,648.1,20.1,28.41,1119.0,46.6,45.1,36.9,20.4,88.0,21.5,0,0
2026-09-23T08:00:00Z,CDU-A1,HALL-A,25.0,25.23,30.49,1817.0,1817.0,183.4,665.9,20.0,28.48,1126.0,46.9,82.8,0.0,20.8,88.0,22.11,0,0
2026-09-23T09:00:00Z,CDU-A1,HALL-A,25.09,25.26,30.63,1791.0,1785.0,178.3,663.4,20.1,28.63,1116.0,46.4,81.6,0.0,20.2,88.0,21.18,0,0
2026-09-23T10:00:00Z,CDU-A1,HALL-A,24.95,25.21,30.53,1791.0,1782.0,178.2,667.8,20.1,28.53,1137.0,47.4,81.6,0.0,20.2,88.0,21.18,0,0
2026-09-23T11:00:00Z,CDU-A1,HALL-A,25.11,25.24,30.47,1802.0,1761.0,180.4,645.3,19.9,28.47,1081.0,45.0,82.1,0.0,20.5,88.0,21.58,0,0
2026-09-23T12:00:00Z,CDU-A1,HALL-A,25.22,25.26,30.51,1804.0,1791.0,180.8,637.9,19.9,28.52,1063.0,44.3,82.2,0.0,20.5,88.0,21.65,0,0
2026-09-23T13:00:00Z,CDU-A1,HALL-A,25.03,25.12,30.25,1797.0,1751.0,179.4,626.2,20.2,28.24,1117.0,46.6,81.9,0.0,20.4,88.0,21.4,0,0
2026-09-23T14:00:00Z,CDU-A1,HALL-A,24.99,25.11,30.5,1790.0,1774.0,178.0,659.4,20.5,28.5,1183.0,49.3,81.5,0.0,20.2,88.0,21.15,0,0
2026-09-23T15:00:00Z,CDU-A1,HALL-A,24.97,25.23,30.46,1784.0,1767.0,176.8,654.2,20.0,28.46,1110.0,46.2,81.2,0.0,20.1,88.0,20.95,0,0
2026-09-23T16:00:00Z,CDU-A1,HALL-A,24.76,25.02,30.44,1788.0,1782.0,177.6,678.3,20.1,28.45,1168.0,48.7,81.5,0.0,20.2,88.0,21.08,0,0
2026-09-23T17:00:00Z,CDU-A1,HALL-A,24.93,25.05,30.48,1794.0,1778.0,178.8,665.6,19.8,28.48,1100.0,45.8,81.7,0.0,20.3,88.0,21.29,0,0
2026-09-23T18:00:00Z,CDU-A1,HALL-A,24.47,24.64,30.52,1801.0,1792.0,180.3,727.7,19.9,28.52,1212.0,50.5,82.0,0.0,20.4,88.0,21.54,0,0
2026-09-23T19:00:00Z,CDU-A1,HALL-A,24.86,24.88,30.65,1801.0,1799.0,180.2,696.2,20.3,28.65,1197.0,49.9,82.0,0.0,20.5,88.0,21.54,0,0
2026-09-23T20:00:00Z,CDU-A1,HALL-A,24.79,24.9,30.48,1802.0,1773.0,180.4,684.4,19.8,28.47,1132.0,47.2,82.1,0.0,20.5,88.0,21.58,0,0
2026-09-23T21:00:00Z,CDU-A1,HALL-A,24.9,25.09,30.53,1793.0,1774.0,178.6,674.0,20.1,28.53,1149.0,47.9,81.7,0.0,20.3,88.0,21.26,0,0
2026-09-23T22:00:00Z,CDU-A1,HALL-A,24.69,24.82,30.35,1807.0,1801.0,181.3,683.9,20.1,28.36,1189.0,49.6,82.3,0.0,20.6,88.0,21.76,0,0
2026-09-23T23:00:00Z,CDU-A1,HALL-A,24.69,24.93,30.35,1791.0,1779.0,178.3,677.5,20.0,28.36,1165.0,48.6,81.6,0.0,20.2,88.0,21.19,0,0
2026-09-24T00:00:00Z,CDU-A1,HALL-A,25.09,25.11,30.33,1804.0,1794.0,180.8,631.8,20.2,28.33,1115.0,46.5,82.2,0.0,20.5,88.0,21.63,0,0
2026-09-24T01:00:00Z,CDU-A1,HALL-A,24.96,25.11,30.27,1800.0,1781.0,180.0,638.8,20.1,28.27,1121.0,46.7,82.0,0.0,20.4,88.0,21.5,0,0
2026-09-24T02:00:00Z,CDU-A1,HALL-A,24.94,25.06,30.5,1812.0,1809.0,182.4,673.1,20.3,28.5,1178.0,49.1,82.6,0.0,20.7,88.0,21.93,0,0
2026-09-24T03:00:00Z,CDU-A1,HALL-A,24.8,25.15,30.22,1793.0,1791.0,178.7,649.2,19.9,28.22,1120.0,46.7,81.7,0.0,20.3,88.0,21.26,0,0
2026-09-24T04:00:00Z,CDU-A1,HALL-A,24.72,24.88,30.24,1795.0,1792.0,179.0,661.7,20.0,28.24,1153.0,48.0,81.8,0.0,20.3,88.0,21.32,0,0
2026-09-24T05:00:00Z,CDU-A1,HALL-A,24.94,25.08,30.44,1805.0,1795.0,181.0,663.2,20.1,28.44,1141.0,47.6,82.2,0.0,20.6,88.0,21.68,0,0
2026-09-24T06:00:00Z,CDU-A1,HALL-A,24.78,24.81,30.36,1790.0,1788.0,178.0,667.2,19.7,28.36,1106.0,46.1,81.5,0.0,20.2,88.0,21.16,0,0
2026-09-24T07:00:00Z,CDU-A1,HALL-A,25.04,25.15,30.4,1805.0,1780.0,181.0,646.0,20.1,28.39,1117.0,46.5,82.2,0.0,20.6,88.0,21.68,0,0
2026-09-24T08:00:00Z,CDU-A1,HALL-A,24.88,24.95,30.33,1791.0,1780.0,178.2,652.4,19.9,28.33,1110.0,46.3,81.6,0.0,20.3,88.0,21.19,0,0
2026-09-24T09:00:00Z,CDU-A1,HALL-A,24.79,24.94,30.3,1800.0,1792.0,180.0,662.1,20.3,28.29,1189.0,49.5,82.0,0.0,20.5,88.0,21.5,0,0
2026-09-24T10:00:00Z,CDU-A1,HALL-A,25.13,25.14,30.41,1803.0,1785.0,180.6,636.0,19.8,28.42,1061.0,44.1,82.1,0.0,20.5,88.0,21.61,0,0
2026-09-24T11:00:00Z,CDU-A1,HALL-A,25.14,25.44,30.16,1790.0,1785.0,178.0,600.9,19.9,28.17,1044.0,43.5,81.5,0.0,20.3,88.0,21.15,0,0
2026-09-24T12:00:00Z,CDU-A1,HALL-A,25.26,25.27,30.39,1806.0,1791.0,181.2,619.2,20.0,28.4,1060.0,44.1,82.2,0.0,20.6,88.0,21.71,0,0
2026-09-24T13:00:00Z,CDU-A1,HALL-A,25.25,25.48,30.38,1800.0,1791.0,180.0,616.7,20.1,28.38,1070.0,44.6,82.0,0.0,20.5,88.0,21.5,0,0
2026-09-24T14:00:00Z,CDU-A1,HALL-A,25.39,25.43,30.44,1809.0,1778.0,181.9,610.5,19.8,28.44,1014.0,42.3,82.4,0.0,20.7,88.0,21.83,0,0
2026-09-24T15:00:00Z,CDU-A1,HALL-A,25.52,25.53,30.73,1797.0,1796.0,179.4,625.4,19.8,28.73,1005.0,41.9,81.8,0.0,20.4,88.0,21.39,0,0
2026-09-24T16:00:00Z,CDU-A1,HALL-A,25.66,25.83,30.86,1804.0,1802.0,180.8,626.5,20.0,28.85,1015.0,42.3,82.2,0.0,20.6,88.0,21.64,0,0
2026-09-24T17:00:00Z,CDU-A1,HALL-A,25.53,25.54,30.76,1803.0,1796.0,180.6,630.3,20.1,28.76,1044.0,43.5,82.1,0.0,20.6,88.0,21.6,0,0
2026-09-24T18:00:00Z,CDU-A1,HALL-A,25.02,25.13,30.79,1793.0,1791.0,178.6,690.6,20.1,28.79,1141.0,47.5,81.7,0.0,20.3,88.0,21.26,0,0
2026-09-24T19:00:00Z,CDU-A1,HALL-A,24.93,25.18,30.94,1796.0,1781.0,179.3,720.7,19.7,28.93,1120.0,46.7,81.8,0.0,20.4,88.0,21.37,0,0
2026-09-24T20:00:00Z,CDU-A1,HALL-A,25.0,25.05,30.73,1797.0,1796.0,179.4,688.4,20.2,28.74,1158.0,48.2,81.9,0.0,20.4,88.0,21.4,0,0
2026-09-24T21:00:00Z,CDU-A1,HALL-A,24.8,24.81,30.49,1788.0,1765.0,177.6,680.0,20.1,28.49,1163.0,48.4,81.4,0.0,20.2,88.0,21.07,0,0
2026-09-24T22:00:00Z,CDU-A1,HALL-A,24.84,24.85,30.47,1796.0,1764.0,179.3,675.9,20.2,28.47,1172.0,48.8,81.8,0.0,20.4,88.0,21.36,0,0
2026-09-24T23:00:00Z,CDU-A1,HALL-A,24.87,24.98,30.27,1780.0,1755.0,176.0,642.1,20.1,28.27,1128.0,47.0,81.1,0.0,20.1,88.0,20.8,0,0
2026-09-25T00:00:00Z,CDU-A1,HALL-A,24.97,25.09,30.14,1801.0,1798.0,180.2,622.6,19.8,28.14,1071.0,44.6,82.0,0.0,20.5,88.0,21.53,0,0
2026-09-25T01:00:00Z,CDU-A1,HALL-A,25.11,25.54,30.35,1787.0,1769.0,177.3,626.1,20.1,28.35,1089.0,45.4,81.4,0.0,20.2,88.0,21.05,0,0
2026-09-25T02:00:00Z,CDU-A1,HALL-A,25.09,25.14,30.44,1795.0,1782.0,179.0,641.4,20.0,28.44,1091.0,45.5,81.8,0.0,20.4,88.0,21.32,0,0
2026-09-25T03:00:00Z,CDU-A1,HALL-A,24.78,24.9,30.3,1804.0,1800.0,180.8,665.0,19.9,28.3,1137.0,47.5,82.2,0.0,20.6,88.0,21.64,0,0
2026-09-25T04:00:00Z,CDU-A1,HALL-A,24.9,24.96,30.56,1794.0,1792.0,178.9,678.0,20.1,28.56,1151.0,48.0,81.7,0.0,20.4,88.0,21.29,0,0
2026-09-25T05:00:00Z,CDU-A1,HALL-A,25.03,25.06,30.51,1786.0,1767.0,177.2,654.4,20.0,28.52,1104.0,46.0,81.3,0.0,20.2,88.0,21.02,0,0
2026-09-25T06:00:00Z,CDU-A1,HALL-A,24.97,25.18,30.49,1809.0,1786.0,181.8,667.5,20.0,28.49,1128.0,47.0,82.4,0.0,20.7,88.0,21.82,0,0
2026-09-25T07:00:00Z,CDU-A1,HALL-A,25.13,25.13,30.57,1802.0,1785.0,180.4,654.4,20.0,28.56,1096.0,45.7,82.1,0.0,20.6,88.0,21.58,0,0
2026-09-25T08:00:00Z,CDU-A1,HALL-A,25.36,25.45,30.59,1812.0,1811.0,182.4,633.4,19.8,28.59,1034.0,43.1,82.5,0.0,20.8,88.0,21.92,0,0
2026-09-25T09:00:00Z,CDU-A1,HALL-A,25.31,25.49,30.63,1786.0,1779.0,177.2,635.3,19.8,28.63,1032.0,43.0,81.3,0.0,20.2,88.0,21.01,0,0
2026-09-25T10:00:00Z,CDU-A1,HALL-A,25.43,25.55,30.44,1811.0,1806.0,182.2,605.9,19.9,28.44,1018.0,42.5,82.4,0.0,20.8,88.0,21.89,0,0
2026-09-25T11:00:00Z,CDU-A1,HALL-A,25.44,25.46,30.44,1813.0,1793.0,182.6,605.5,19.8,28.44,1006.0,41.8,82.6,0.0,20.8,88.0,21.95,0,0
2026-09-25T12:00:00Z,CDU-A1,HALL-A,25.49,25.59,30.71,1805.0,1792.0,180.9,629.3,20.3,28.7,1074.0,44.7,82.3,0.0,20.7,88.0,21.68,0,0
2026-09-25T13:00:00Z,CDU-A1,HALL-A,25.77,25.81,30.78,1798.0,1788.0,179.7,602.0,20.0,28.78,984.0,41.0,81.9,0.0,20.5,88.0,21.44,0,0
2026-09-25T14:00:00Z,CDU-A1,HALL-A,25.3,25.42,30.72,1784.0,1764.0,176.9,645.9,19.9,28.71,1051.0,43.8,81.3,0.0,20.2,88.0,20.95,0,0
2026-09-25T15:00:00Z,CDU-A1,HALL-A,25.14,25.34,30.74,1780.0,1763.0,176.0,665.8,19.8,28.73,1068.0,44.5,81.1,0.0,20.1,88.0,20.81,0,0
2026-09-25T16:00:00Z,CDU-A1,HALL-A,25.13,25.22,30.82,1809.0,1790.0,181.8,687.8,20.0,28.83,1120.0,46.6,82.4,0.0,20.7,88.0,21.82,0,0
2026-09-25T17:00:00Z,CDU-A1,HALL-A,24.8,24.83,30.44,1799.0,1783.0,179.8,677.8,20.1,28.44,1167.0,48.5,81.9,0.0,20.5,88.0,21.46,0,0
2026-09-25T18:00:00Z,CDU-A1,HALL-A,24.92,25.12,30.38,1796.0,1786.0,179.2,655.1,19.9,28.38,1109.0,46.2,81.8,0.0,20.5,88.0,21.35,0,0
2026-09-25T19:00:00Z,CDU-A1,HALL-A,24.85,25.03,30.37,1775.0,1762.0,175.0,655.1,20.0,28.37,1123.0,46.8,80.9,0.0,20.0,88.0,20.63,0,0
2026-09-25T20:00:00Z,CDU-A1,HALL-A,24.96,25.15,30.53,1789.0,1785.0,177.9,666.3,20.1,28.53,1134.0,47.2,81.5,0.0,20.3,88.0,21.12,0,0
2026-09-25T21:00:00Z,CDU-A1,HALL-A,24.91,24.98,30.35,1806.0,1795.0,181.2,655.9,20.0,28.35,1128.0,46.9,82.3,0.0,20.7,88.0,21.72,0,0
2026-09-25T22:00:00Z,CDU-A1,HALL-A,24.84,25.13,30.29,1816.0,1812.0,183.2,661.0,20.0,28.28,1144.0,47.7,82.7,0.0,20.9,88.0,22.06,0,0
2026-09-25T23:00:00Z,CDU-A1,HALL-A,25.17,25.3,30.59,1801.0,1767.0,180.3,651.7,20.0,28.59,1089.0,45.4,82.0,0.0,20.6,88.0,21.55,0,0
2026-09-26T00:00:00Z,CDU-A1,HALL-A,25.24,25.25,30.43,1805.0,1784.0,181.0,625.5,19.9,28.43,1053.0,43.8,82.2,0.0,20.7,88.0,21.68,0,0
2026-09-26T01:00:00Z,CDU-A1,HALL-A,25.51,25.66,30.44,1805.0,1798.0,181.0,594.0,20.0,28.43,1010.0,42.1,82.2,0.0,20.7,88.0,21.67,0,0
2026-09-26T02:00:00Z,CDU-A1,HALL-A,25.26,25.57,30.31,1797.0,1774.0,179.4,606.7,19.9,28.31,1034.0,43.1,81.8,0.0,20.5,88.0,21.41,0,0
2026-09-26T03:00:00Z,CDU-A1,HALL-A,25.67,25.92,30.49,1792.0,1780.0,178.4,576.8,20.3,28.48,1010.0,42.0,81.6,0.0,20.4,88.0,21.23,0,0
2026-09-26T04:00:00Z,CDU-A1,HALL-A,25.81,25.82,30.47,1810.0,1802.0,182.0,563.7,20.0,28.47,955.0,39.8,82.5,0.0,20.8,88.0,21.85,0,0
2026-09-26T05:00:00Z,CDU-A1,HALL-A,25.71,25.77,30.51,1803.0,1802.0,180.6,578.0,20.0,28.51,975.0,40.6,82.2,0.0,20.6,88.0,21.61,0,0
2026-09-26T06:00:00Z,CDU-A1,HALL-A,25.44,25.69,30.44,1797.0,1756.0,179.5,600.5,19.9,28.45,1009.0,42.1,81.9,0.0,20.5,88.0,21.4,0,0
2026-09-26T07:00:00Z,CDU-A1,HALL-A,25.27,25.39,30.32,1797.0,1784.0,179.4,606.2,19.8,28.32,1021.0,42.6,81.9,0.0,20.5,88.0,21.4,0,0
2026-09-26T08:00:00Z,CDU-A1,HALL-A,24.7,24.72,30.2,1799.0,1797.0,179.8,660.6,20.2,28.19,1185.0,49.4,81.9,0.0,20.6,88.0,21.46,0,0
2026-09-26T09:00:00Z,CDU-A1,HALL-A,24.85,25.03,30.32,1793.0,1787.0,178.6,654.7,20.3,28.32,1172.0,48.8,81.7,0.0,20.4,88.0,21.26,0,0
2026-09-26T10:00:00Z,CDU-A1,HALL-A,24.74,25.07,30.57,1798.0,1789.0,179.6,700.3,20.1,28.58,1187.0,49.5,81.9,0.0,20.5,88.0,21.42,0,0
2026-09-26T11:00:00Z,CDU-A1,HALL-A,24.74,24.93,30.68,1797.0,1784.0,179.3,713.6,20.0,28.69,1180.0,49.2,81.9,0.0,20.5,88.0,21.39,0,0
2026-09-26T12:00:00Z,CDU-A1,HALL-A,24.67,24.71,30.56,1792.0,1783.0,178.5,704.8,20.1,28.56,1196.0,49.8,81.6,0.0,20.4,88.0,21.22,0,0
2026-09-26T13:00:00Z,CDU-A1,HALL-A,24.81,24.86,30.35,1797.0,1776.0,179.4,665.4,20.0,28.35,1143.0,47.7,81.9,0.0,20.5,88.0,21.39,0,0
2026-09-26T14:00:00Z,CDU-A1,HALL-A,25.02,25.11,30.38,1792.0,1777.0,178.4,642.2,19.9,28.39,1087.0,45.3,81.6,0.0,20.4,88.0,21.22,0,0
2026-09-26T15:00:00Z,CDU-A1,HALL-A,25.2,25.45,30.6,1788.0,1774.0,177.6,644.7,19.8,28.6,1052.0,43.8,81.4,0.0,20.3,88.0,21.08,0,0
2026-09-26T16:00:00Z,CDU-A1,HALL-A,25.09,25.26,30.89,1798.0,1796.0,179.6,696.4,19.9,28.89,1112.0,46.4,81.9,0.0,20.6,88.0,21.44,0,0
2026-09-26T17:00:00Z,CDU-A1,HALL-A,24.94,25.15,30.75,1808.0,1804.0,181.6,701.3,19.9,28.74,1138.0,47.4,82.4,0.0,20.8,88.0,21.78,0,0
2026-09-26T18:00:00Z,CDU-A1,HALL-A,25.16,25.21,30.66,1783.0,1782.0,176.6,655.4,20.2,28.66,1112.0,46.4,81.2,0.0,20.2,88.0,20.9,0,0
2026-09-26T19:00:00Z,CDU-A1,HALL-A,24.93,25.0,30.64,1810.0,1808.0,182.0,690.5,19.9,28.64,1134.0,47.2,82.5,0.0,20.8,88.0,21.86,0,0
2026-09-26T20:00:00Z,CDU-A1,HALL-A,25.07,25.23,30.53,1821.0,1812.0,184.2,664.2,20.0,28.53,1118.0,46.6,83.0,0.0,21.1,88.0,22.25,0,0
2026-09-26T21:00:00Z,CDU-A1,HALL-A,24.99,25.23,30.56,1789.0,1772.0,177.8,665.8,20.1,28.56,1129.0,47.1,81.5,0.0,20.4,88.0,21.12,0,0
2026-09-26T22:00:00Z,CDU-A1,HALL-A,25.09,25.18,30.64,1806.0,1801.0,181.2,669.1,20.0,28.64,1113.0,46.4,82.3,0.0,20.8,88.0,21.72,0,0
2026-09-26T23:00:00Z,CDU-A1,HALL-A,25.12,25.16,30.78,1804.0,1774.0,180.8,682.0,19.8,28.78,1090.0,45.4,82.2,0.0,20.7,88.0,21.63,0,0
2026-09-27T00:00:00Z,CDU-A1,HALL-A,25.16,25.23,30.63,1789.0,1785.0,177.8,653.3,19.8,28.62,1062.0,44.3,81.5,0.0,20.4,88.0,21.11,0,0
2026-09-27T01:00:00Z,CDU-A1,HALL-A,24.73,24.8,30.57,1788.0,1787.0,177.6,697.9,20.1,28.58,1183.0,49.3,81.5,0.0,20.3,88.0,21.08,0,0
2026-09-27T02:00:00Z,CDU-A1,HALL-A,24.8,24.85,30.47,1785.0,1785.0,177.0,676.3,19.8,28.47,1120.0,46.6,81.3,0.0,20.3,88.0,20.98,0,0
2026-09-27T03:00:00Z,CDU-A1,HALL-A,24.87,25.05,30.41,1823.0,1823.0,184.6,674.8,19.9,28.4,1138.0,47.4,83.1,0.0,21.1,88.0,22.32,0,0
2026-09-27T04:00:00Z,CDU-A1,HALL-A,24.73,24.82,30.16,1791.0,1786.0,178.2,650.3,20.3,28.17,1187.0,49.5,81.6,0.0,20.4,88.0,21.19,0,0
2026-09-27T05:00:00Z,CDU-A1,HALL-A,24.85,24.93,29.99,1794.0,1789.0,178.8,616.1,19.8,27.99,1080.0,45.0,81.7,0.0,20.5,88.0,21.28,0,0
2026-09-27T06:00:00Z,CDU-A1,HALL-A,24.87,24.87,30.1,1785.0,1778.0,177.0,623.9,20.0,28.1,1105.0,46.0,81.3,0.0,20.3,88.0,20.98,0,0
2026-09-27T07:00:00Z,CDU-A1,HALL-A,24.79,24.89,29.82,1827.0,1819.0,185.4,613.9,19.8,27.82,1099.0,45.8,83.2,0.0,21.2,88.0,22.47,0,0
2026-09-27T08:00:00Z,CDU-A1,HALL-A,24.8,25.02,29.88,1784.0,1774.0,176.8,605.9,19.9,27.88,1089.0,45.4,81.2,0.0,20.3,88.0,20.95,0,0
2026-09-27T09:00:00Z,CDU-A1,HALL-A,24.61,24.66,29.95,1796.0,1767.0,179.2,640.9,20.1,27.94,1171.0,48.8,81.8,0.0,20.6,88.0,21.35,0,0
2026-09-27T10:00:00Z,CDU-A1,HALL-A,24.37,24.37,30.03,1806.0,1803.0,181.2,683.1,20.1,28.03,1236.0,51.5,82.3,0.0,20.8,88.0,21.71,0,0
2026-09-27T11:00:00Z,CDU-A1,HALL-A,24.3,24.37,30.2,1802.0,1790.0,180.4,709.9,20.0,28.2,1243.0,51.8,82.1,0.0,20.7,88.0,21.57,0,0
2026-09-27T12:00:00Z,CDU-A1,HALL-A,24.17,24.21,30.09,1812.0,1799.0,182.4,716.1,19.9,28.09,1256.0,52.4,82.6,0.0,20.9,88.0,21.93,0,0
2026-09-27T13:00:00Z,CDU-A1,HALL-A,24.24,24.41,30.23,1805.0,1789.0,181.0,721.8,20.1,28.23,1275.0,53.2,82.2,0.0,20.8,88.0,21.67,0,0
2026-09-27T14:00:00Z,CDU-A1,HALL-A,24.49,24.58,30.24,1791.0,1789.0,178.3,688.6,19.9,28.24,1184.0,49.4,81.6,0.0,20.5,88.0,21.19,0,0
2026-09-27T15:00:00Z,CDU-A1,HALL-A,24.62,24.66,30.27,1810.0,1791.0,182.0,683.1,20.0,28.27,1186.0,49.4,82.5,0.0,20.9,88.0,21.86,0,0
2026-09-27T16:00:00Z,CDU-A1,HALL-A,24.6,24.82,30.38,1798.0,1791.0,179.6,694.9,19.9,28.39,1176.0,48.9,81.9,0.0,20.6,88.0,21.43,0,0
2026-09-27T17:00:00Z,CDU-A1,HALL-A,25.19,25.3,30.53,1794.0,1791.0,178.8,640.0,20.1,28.53,1090.0,45.4,81.7,0.0,20.5,88.0,21.29,0,0
2026-09-27T18:00:00Z,CDU-A1,HALL-A,25.08,25.16,30.53,1804.0,1793.0,180.8,657.4,19.9,28.53,1092.0,45.5,82.2,0.0,20.8,88.0,21.64,0,0
2026-09-27T19:00:00Z,CDU-A1,HALL-A,25.37,25.46,30.58,1799.0,1769.0,179.9,626.5,20.1,28.58,1060.0,44.2,82.0,0.0,20.6,88.0,21.46,0,0
2026-09-27T20:00:00Z,CDU-A1,HALL-A,25.19,25.32,30.51,1813.0,1810.0,182.6,644.2,19.9,28.51,1074.0,44.8,82.6,0.0,21.0,88.0,21.97,0,0
2026-09-27T21:00:00Z,CDU-A1,HALL-A,25.18,25.23,30.43,1802.0,1800.0,180.4,632.0,20.0,28.44,1077.0,44.8,82.1,0.0,20.7,88.0,21.57,0,0
2026-09-27T22:00:00Z,CDU-A1,HALL-A,24.9,24.93,30.42,1803.0,1785.0,180.6,664.8,20.4,28.43,1190.0,49.5,82.2,0.0,20.7,88.0,21.61,0,0
2026-09-27T23:00:00Z,CDU-A1,HALL-A,24.67,24.78,30.22,1811.0,1808.0,182.2,671.1,20.1,28.22,1187.0,49.4,82.5,0.0,20.9,88.0,21.89,0,0
2026-08-31T00:00:00Z,CDU-A2,HALL-A,24.79,24.85,30.14,1814.0,1796.0,182.8,648.9,19.8,28.15,1109.0,46.2,82.6,0.0,18.4,92.8,22.01,0,0
2026-08-31T01:00:00Z,CDU-A2,HALL-A,24.95,24.98,30.62,1809.0,1782.0,181.9,685.1,20.1,28.62,1154.0,48.1,82.4,0.0,18.4,92.8,21.83,0,0
2026-08-31T02:00:00Z,CDU-A2,HALL-A,25.03,25.28,30.45,1810.0,1798.0,182.0,655.4,20.2,28.45,1140.0,47.5,82.4,0.0,18.4,92.8,21.85,0,0
2026-08-31T03:00:00Z,CDU-A2,HALL-A,25.18,25.49,30.59,1796.0,1788.0,179.2,648.6,19.9,28.58,1071.0,44.7,81.8,0.0,18.1,92.8,21.36,0,0
2026-08-31T04:00:00Z,CDU-A2,HALL-A,24.87,25.03,30.28,1808.0,1805.0,181.6,653.1,20.0,28.27,1132.0,47.1,82.4,0.0,18.3,92.8,21.78,0,0
2026-08-31T05:00:00Z,CDU-A2,HALL-A,25.04,25.05,30.17,1814.0,1803.0,182.8,622.0,20.1,28.17,1106.0,46.1,82.6,0.0,18.5,92.8,21.99,0,0
2026-08-31T06:00:00Z,CDU-A2,HALL-A,25.03,25.04,30.03,1814.0,1796.0,182.8,606.3,20.1,28.03,1097.0,45.8,82.6,0.0,18.5,92.8,22.0,0,0
2026-08-31T07:00:00Z,CDU-A2,HALL-A,24.65,24.67,29.92,1794.0,1784.0,178.8,632.1,20.2,27.92,1174.0,49.0,81.7,0.0,18.1,92.8,21.3,0,0
2026-08-31T08:00:00Z,CDU-A2,HALL-A,24.64,24.83,29.87,1803.0,1785.0,180.7,629.7,20.4,27.87,1210.0,50.4,82.1,0.0,18.2,92.8,21.6,0,0
2026-08-31T09:00:00Z,CDU-A2,HALL-A,24.62,24.97,29.83,1813.0,1808.0,182.6,631.3,20.1,27.83,1173.0,48.8,82.6,0.0,18.4,92.8,21.96,0,0
2026-08-31T10:00:00Z,CDU-A2,HALL-A,24.8,25.02,30.1,1818.0,1813.0,183.6,643.4,19.9,28.1,1127.0,47.0,82.8,0.0,18.6,92.8,22.14,0,0
2026-08-31T11:00:00Z,CDU-A2,HALL-A,25.18,25.46,30.06,1799.0,1781.0,179.8,586.6,20.1,28.06,1057.0,44.1,81.9,0.0,18.2,92.8,21.46,0,0
2026-08-31T12:00:00Z,CDU-A2,HALL-A,25.05,25.11,30.2,1784.0,1774.0,176.8,613.4,19.9,28.2,1061.0,44.2,81.3,0.0,17.8,92.8,20.95,0,0
2026-08-31T13:00:00Z,CDU-A2,HALL-A,25.15,25.49,30.16,1804.0,1786.0,180.8,604.2,20.0,28.16,1063.0,44.3,82.2,0.0,18.3,92.8,21.64,0,0
2026-08-31T14:00:00Z,CDU-A2,HALL-A,25.36,25.42,30.25,1799.0,1791.0,179.8,588.0,20.1,28.26,1036.0,43.2,82.0,0.0,18.2,92.8,21.46,0,0
2026-08-31T15:00:00Z,CDU-A2,HALL-A,25.27,25.28,30.32,1805.0,1784.0,181.1,609.0,20.0,28.32,1050.0,43.8,37.1,45.2,18.3,92.8,21.69,0,0
2026-08-31T16:00:00Z,CDU-A2,HALL-A,25.18,25.31,30.57,1803.0,1780.0,180.6,649.8,20.0,28.57,1087.0,45.2,0.0,82.2,18.3,92.8,21.6,0,0
2026-08-31T17:00:00Z,CDU-A2,HALL-A,25.11,25.2,30.48,1803.0,1778.0,180.7,646.6,20.0,28.48,1095.0,45.6,0.0,82.1,18.3,92.8,21.61,0,0
2026-08-31T18:00:00Z,CDU-A2,HALL-A,24.95,25.14,30.31,1793.0,1792.0,178.5,641.7,19.8,28.31,1083.0,45.1,0.0,81.7,18.1,92.8,21.27,0,0
2026-08-31T19:00:00Z,CDU-A2,HALL-A,24.81,25.11,30.22,1789.0,1783.0,177.8,646.0,20.2,28.21,1157.0,48.2,0.0,81.5,18.0,92.8,21.12,0,0
2026-08-31T20:00:00Z,CDU-A2,HALL-A,24.58,24.67,30.19,1808.0,1805.0,181.7,678.1,19.9,28.19,1173.0,49.0,0.0,82.3,18.4,92.8,21.78,0,0
2026-08-31T21:00:00Z,CDU-A2,HALL-A,24.82,24.98,30.05,1798.0,1792.0,179.6,628.5,20.0,28.05,1120.0,46.7,0.0,81.9,18.2,92.8,21.43,0,0
2026-08-31T22:00:00Z,CDU-A2,HALL-A,24.52,24.69,30.1,1800.0,1782.0,180.0,671.2,20.1,28.09,1204.0,50.2,0.0,82.0,18.2,92.8,21.5,0,0
2026-08-31T23:00:00Z,CDU-A2,HALL-A,24.39,24.46,30.21,1816.0,1792.0,183.2,705.8,20.1,28.21,1250.0,52.1,0.0,82.7,18.5,92.8,22.08,0,0
2026-09-01T00:00:00Z,CDU-A2,HALL-A,24.5,24.6,30.12,1806.0,1791.0,181.2,677.9,19.8,28.12,1170.0,48.7,0.0,82.3,18.4,92.8,21.71,0,0
2026-09-01T01:00:00Z,CDU-A2,HALL-A,24.44,24.6,30.04,1797.0,1792.0,179.3,672.4,20.1,28.04,1215.0,50.6,0.0,81.9,18.2,92.8,21.39,0,0
2026-09-01T02:00:00Z,CDU-A2,HALL-A,24.58,24.76,30.14,1786.0,1782.0,177.2,663.3,20.1,28.14,1184.0,49.4,0.0,81.4,17.9,92.8,21.0,0,0
2026-09-01T03:00:00Z,CDU-A2,HALL-A,24.49,24.51,29.97,1795.0,1790.0,179.1,656.9,20.1,27.98,1199.0,50.0,0.0,81.8,18.1,92.8,21.32,0,0
2026-09-01T04:00:00Z,CDU-A2,HALL-A,24.34,24.42,30.06,1795.0,1792.0,179.0,686.0,19.9,28.06,1207.0,50.3,0.0,81.8,18.1,92.8,21.32,0,0
2026-09-01T05:00:00Z,CDU-A2,HALL-A,24.47,24.73,30.15,1804.0,1794.0,180.9,685.0,20.1,28.16,1221.0,50.9,0.0,82.2,18.3,92.8,21.64,0,0
2026-09-01T06:00:00Z,CDU-A2,HALL-A,24.57,24.68,30.0,1789.0,1781.0,177.8,649.2,19.8,28.0,1136.0,47.4,0.0,81.5,18.0,92.8,21.11,0,0
2026-09-01T07:00:00Z,CDU-A2,HALL-A,24.44,24.53,29.87,1803.0,1791.0,180.6,654.2,20.1,27.87,1209.0,50.3,0.0,82.1,18.3,92.8,21.6,0,0
2026-09-01T08:00:00Z,CDU-A2,HALL-A,24.88,24.93,30.23,1802.0,1792.0,180.4,643.8,19.8,28.22,1096.0,45.6,0.0,82.1,18.3,92.8,21.58,0,0
2026-09-01T09:00:00Z,CDU-A2,HALL-A,24.97,24.99,30.45,1802.0,1801.0,180.4,660.2,20.0,28.45,1121.0,46.7,0.0,82.1,18.3,92.8,21.58,0,0
2026-09-01T10:00:00Z,CDU-A2,HALL-A,24.84,24.91,30.18,1795.0,1788.0,179.0,640.6,20.0,28.18,1124.0,46.8,0.0,81.8,18.2,92.8,21.32,0,0
2026-09-01T11:00:00Z,CDU-A2,HALL-A,24.65,24.7,30.22,1785.0,1776.0,177.0,664.6,19.9,28.22,1146.0,47.7,0.0,81.3,17.9,92.8,20.98,0,0
2026-09-01T12:00:00Z,CDU-A2,HALL-A,24.61,24.68,30.19,1802.0,1792.0,180.5,672.1,20.0,28.19,1177.0,49.1,0.0,82.1,18.3,92.8,21.57,0,0
2026-09-01T13:00:00Z,CDU-A2,HALL-A,24.59,24.77,30.12,1798.0,1787.0,179.6,664.9,20.0,28.13,1175.0,49.0,0.0,81.9,18.2,92.8,21.43,0,0
2026-09-01T14:00:00Z,CDU-A2,HALL-A,24.69,24.73,30.37,1791.0,1756.0,178.2,679.9,19.9,28.37,1152.0,48.0,0.0,81.6,18.1,92.8,21.19,0,0
2026-09-01T15:00:00Z,CDU-A2,HALL-A,24.6,24.8,30.26,1810.0,1778.0,182.0,685.0,19.9,28.27,1176.0,49.0,0.0,82.5,18.5,92.8,21.86,0,0
2026-09-01T16:00:00Z,CDU-A2,HALL-A,24.86,24.88,30.37,1788.0,1787.0,177.6,657.6,19.8,28.36,1102.0,45.9,0.0,81.5,18.0,92.8,21.08,0,0
2026-09-01T17:00:00Z,CDU-A2,HALL-A,24.92,24.98,30.3,1789.0,1782.0,177.8,643.1,19.9,28.29,1098.0,45.7,0.0,81.5,18.0,92.8,21.12,0,0
2026-09-01T18:00:00Z,CDU-A2,HALL-A,24.91,25.11,30.64,1801.0,1799.0,180.2,689.5,20.0,28.64,1145.0,47.7,0.0,82.1,18.3,92.8,21.53,0,0
2026-09-01T19:00:00Z,CDU-A2,HALL-A,24.9,25.09,30.35,1803.0,1800.0,180.6,656.4,20.0,28.34,1128.0,47.0,0.0,82.1,18.3,92.8,21.61,0,0
2026-09-01T20:00:00Z,CDU-A2,HALL-A,25.31,25.47,30.45,1801.0,1793.0,180.1,619.0,19.9,28.45,1039.0,43.2,0.0,82.0,18.3,92.8,21.54,0,0
2026-09-01T21:00:00Z,CDU-A2,HALL-A,25.09,25.14,30.51,1796.0,1787.0,179.2,650.5,19.7,28.51,1060.0,44.2,0.0,81.8,18.2,92.8,21.36,0,0
2026-09-01T22:00:00Z,CDU-A2,HALL-A,24.98,25.32,30.4,1796.0,1795.0,179.2,650.9,19.7,28.4,1073.0,44.7,0.0,81.8,18.2,92.8,21.36,0,0
2026-09-01T23:00:00Z,CDU-A2,HALL-A,25.42,25.46,30.77,1792.0,1769.0,178.4,640.1,20.1,28.77,1060.0,44.2,0.0,81.6,18.1,92.8,21.22,0,0
2026-09-02T00:00:00Z,CDU-A2,HALL-A,25.53,25.54,30.83,1808.0,1780.0,181.6,639.9,19.9,28.83,1029.0,42.8,0.0,82.4,18.5,92.8,21.79,0,0
2026-09-02T01:00:00Z,CDU-A2,HALL-A,25.38,25.41,30.81,1783.0,1763.0,176.6,647.1,19.8,28.81,1031.0,43.0,0.0,81.2,17.9,92.8,20.91,0,0
2026-09-02T02:00:00Z,CDU-A2,HALL-A,25.24,25.37,30.66,1800.0,1772.0,180.0,651.9,20.0,28.66,1081.0,45.0,0.0,82.0,18.3,92.8,21.51,0,0
2026-09-02T03:00:00Z,CDU-A2,HALL-A,25.24,25.35,30.37,1800.0,1775.0,180.0,616.9,20.2,28.37,1084.0,45.1,0.0,82.0,18.3,92.8,21.51,0,0
2026-09-02T04:00:00Z,CDU-A2,HALL-A,24.91,24.96,30.08,1796.0,1784.0,179.2,619.8,19.8,28.08,1075.0,44.8,0.0,81.8,18.2,92.8,21.36,0,0
2026-09-02T05:00:00Z,CDU-A2,HALL-A,24.9,25.08,30.08,1804.0,1790.0,180.8,623.8,20.0,28.07,1109.0,46.2,0.0,82.2,18.4,92.8,21.64,0,0
2026-09-02T06:00:00Z,CDU-A2,HALL-A,24.83,25.13,30.19,1793.0,1773.0,178.7,642.5,20.1,28.19,1139.0,47.6,0.0,81.7,18.2,92.8,21.26,0,0
2026-09-02T07:00:00Z,CDU-A2,HALL-A,25.27,25.49,30.44,1795.0,1784.0,179.0,620.4,20.1,28.44,1067.0,44.5,0.0,81.8,18.2,92.8,21.32,0,0
2026-09-02T08:00:00Z,CDU-A2,HALL-A,24.98,25.1,30.37,1794.0,1782.0,178.7,645.6,19.9,28.36,1094.0,45.6,0.0,81.7,18.2,92.8,21.28,0,0
2026-09-02T09:00:00Z,CDU-A2,HALL-A,25.15,25.33,30.63,1788.0,1780.0,177.6,655.0,20.1,28.63,1102.0,45.9,0.0,81.4,18.0,92.8,21.07,0,0
2026-09-02T10:00:00Z,CDU-A2,HALL-A,24.88,24.93,30.55,1804.0,1796.0,180.8,682.9,20.0,28.55,1147.0,47.8,0.0,82.2,18.4,92.8,21.64,0,0
2026-09-02T11:00:00Z,CDU-A2,HALL-A,24.61,24.63,30.39,1820.0,1803.0,184.1,702.4,20.0,28.39,1202.0,50.1,0.0,82.9,18.7,92.8,22.21,0,0
2026-09-02T12:00:00Z,CDU-A2,HALL-A,24.77,24.96,30.49,1810.0,1790.0,182.0,691.5,20.0,28.49,1170.0,48.6,0.0,82.5,18.5,92.8,21.86,0,0
2026-09-02T13:00:00Z,CDU-A2,HALL-A,24.99,25.24,30.42,1797.0,1791.0,179.4,652.2,19.9,28.42,1098.0,45.7,0.0,81.9,18.2,92.8,21.4,0,0
2026-09-02T14:00:00Z,CDU-A2,HALL-A,25.26,25.3,30.52,1797.0,1792.0,179.3,632.1,19.9,28.52,1051.0,43.8,0.0,81.9,18.2,92.8,21.39,0,0
2026-09-02T15:00:00Z,CDU-A2,HALL-A,24.87,25.23,30.53,1809.0,1807.0,181.8,683.6,19.8,28.53,1124.0,46.9,0.0,82.4,18.5,92.8,21.82,0,0
2026-09-02T16:00:00Z,CDU-A2,HALL-A,24.91,24.95,30.47,1792.0,1783.0,178.4,665.1,20.2,28.47,1155.0,48.1,0.0,81.6,18.2,92.8,21.22,0,0
2026-09-02T17:00:00Z,CDU-A2,HALL-A,25.16,25.23,30.44,1805.0,1803.0,181.0,636.7,20.3,28.44,1123.0,46.8,0.0,82.2,18.5,92.8,21.67,0,0
2026-09-02T18:00:00Z,CDU-A2,HALL-A,25.0,25.02,30.45,1806.0,1780.0,181.2,657.1,20.0,28.45,1117.0,46.6,0.0,82.3,18.5,92.8,21.72,0,0
2026-09-02T19:00:00Z,CDU-A2,HALL-A,25.04,25.24,30.47,1799.0,1782.0,179.8,652.3,19.9,28.46,1093.0,45.5,0.0,81.9,18.3,92.8,21.47,0,0
2026-09-02T20:00:00Z,CDU-A2,HALL-A,25.27,25.35,30.55,1791.0,1780.0,178.2,631.8,19.8,28.55,1036.0,43.2,0.0,81.6,18.1,92.8,21.19,0,0
2026-09-02T21:00:00Z,CDU-A2,HALL-A,25.44,25.52,30.51,1794.0,1778.0,178.8,608.2,20.2,28.51,1050.0,43.8,0.0,81.7,18.2,92.8,21.29,0,0
2026-09-02T22:00:00Z,CDU-A2,HALL-A,25.26,25.3,30.38,1799.0,1796.0,179.8,615.7,20.0,28.38,1054.0,43.9,0.0,81.9,18.3,92.8,21.47,0,0
2026-09-02T23:00:00Z,CDU-A2,HALL-A,25.03,25.13,30.35,1799.0,1794.0,179.8,639.7,19.8,28.36,1074.0,44.8,0.0,81.9,18.3,92.8,21.46,0,0
2026-09-03T00:00:00Z,CDU-A2,HALL-A,25.15,25.36,30.39,1806.0,1796.0,181.3,632.6,20.1,28.39,1095.0,45.6,0.0,82.3,18.5,92.8,21.72,0,0
2026-09-03T01:00:00Z,CDU-A2,HALL-A,24.83,24.99,30.15,1809.0,1798.0,181.8,642.9,19.9,28.14,1118.0,46.5,0.0,82.4,18.5,92.8,21.82,0,0
2026-09-03T02:00:00Z,CDU-A2,HALL-A,25.14,25.15,30.12,1800.0,1795.0,180.1,598.6,20.1,28.11,1071.0,44.7,0.0,82.0,18.4,92.8,21.5,0,0
2026-09-03T03:00:00Z,CDU-A2,HALL-A,25.17,25.25,30.23,1807.0,1804.0,181.4,611.1,19.9,28.23,1053.0,43.8,0.0,82.3,18.5,92.8,21.75,0,0
2026-09-03T04:00:00Z,CDU-A2,HALL-A,24.81,25.14,30.31,1783.0,1783.0,176.6,654.7,20.1,28.3,1145.0,47.7,0.0,81.3,18.0,92.8,20.91,0,0
2026-09-03T05:00:00Z,CDU-A2,HALL-A,24.68,24.95,30.32,1807.0,1806.0,181.4,680.3,20.1,28.32,1190.0,49.6,0.0,82.3,18.5,92.8,21.74,0,0
2026-09-03T06:00:00Z,CDU-A2,HALL-A,24.78,24.87,30.71,1803.0,1802.0,180.6,714.0,20.0,28.7,1177.0,49.0,0.0,82.1,18.4,92.8,21.6,0,0
2026-09-03T07:00:00Z,CDU-A2,HALL-A,24.97,25.25,30.81,1801.0,1791.0,180.2,702.8,20.0,28.81,1145.0,47.7,0.0,82.1,18.4,92.8,21.53,0,0
2026-09-03T08:00:00Z,CDU-A2,HALL-A,24.91,24.99,30.46,1800.0,1794.0,179.9,667.6,20.2,28.46,1160.0,48.3,0.0,82.0,18.4,92.8,21.51,0,0
2026-09-03T09:00:00Z,CDU-A2,HALL-A,25.34,25.45,30.42,1799.0,1777.0,179.8,610.3,20.0,28.41,1040.0,43.3,0.0,82.0,18.4,92.8,21.46,0,0
2026-09-03T10:00:00Z,CDU-A2,HALL-A,25.44,25.6,30.41,1804.0,1778.0,180.8,598.6,20.1,28.41,1035.0,43.1,0.0,82.2,18.5,92.8,21.65,0,0
2026-09-03T11:00:00Z,CDU-A2,HALL-A,25.15,25.23,30.34,1813.0,1806.0,182.7,629.2,20.0,28.35,1082.0,45.1,0.0,82.6,18.6,92.8,21.96,0,0
2026-09-03T12:00:00Z,CDU-A2,HALL-A,25.21,25.22,30.56,1794.0,1792.0,178.8,641.6,20.2,28.57,1101.0,45.9,0.0,81.7,18.2,92.8,21.29,0,0
2026-09-03T13:00:00Z,CDU-A2,HALL-A,25.3,25.39,30.79,1791.0,1789.0,178.2,656.7,19.9,28.79,1060.0,44.2,0.0,81.6,18.2,92.8,21.19,0,0
2026-09-03T14:00:00Z,CDU-A2,HALL-A,25.2,25.38,30.71,1788.0,1788.0,177.6,658.2,19.9,28.71,1073.0,44.7,0.0,81.4,18.1,92.8,21.09,0,0
2026-09-03T15:00:00Z,CDU-A2,HALL-A,24.94,25.24,30.57,1824.0,1821.0,184.8,685.5,19.8,28.57,1123.0,46.8,0.0,83.1,18.9,92.8,22.36,0,0
2026-09-03T16:00:00Z,CDU-A2,HALL-A,24.87,24.9,30.31,1786.0,1782.0,177.2,648.9,19.9,28.3,1107.0,46.2,0.0,81.4,18.1,92.8,21.01,0,0
2026-09-03T17:00:00Z,CDU-A2,HALL-A,24.74,24.89,30.2,1791.0,1778.0,178.2,653.7,19.9,28.2,1130.0,47.1,0.0,81.6,18.2,92.8,21.18,0,0
2026-09-03T18:00:00Z,CDU-A2,HALL-A,24.56,24.65,30.3,1812.0,1804.0,182.5,695.4,20.2,28.3,1232.0,51.3,0.0,82.5,18.6,92.8,21.92,0,0
2026-09-03T19:00:00Z,CDU-A2,HALL-A,24.72,24.83,30.38,1794.0,1771.0,178.8,678.8,20.3,28.38,1205.0,50.2,0.0,81.7,18.3,92.8,21.3,0,0
2026-09-03T20:00:00Z,CDU-A2,HALL-A,24.56,24.57,30.19,1818.0,1811.0,183.7,683.6,20.0,28.19,1199.0,49.9,0.0,82.9,18.8,92.8,22.15,0,0
2026-09-03T21:00:00Z,CDU-A2,HALL-A,24.93,25.09,30.54,1793.0,1771.0,178.6,672.0,19.7,28.54,1091.0,45.5,0.0,81.7,18.2,92.8,21.26,0,0
2026-09-03T22:00:00Z,CDU-A2,HALL-A,24.62,24.7,30.67,1796.0,1794.0,179.2,726.4,20.0,28.67,1202.0,50.1,0.0,81.8,18.3,92.8,21.35,0,0
2026-09-03T23:00:00Z,CDU-A2,HALL-A,24.43,24.46,30.49,1804.0,1796.0,180.9,729.8,20.0,28.49,1235.0,51.4,0.0,82.2,18.5,92.8,21.64,0,0
2026-09-04T00:00:00Z,CDU-A2,HALL-A,24.54,24.62,30.38,1800.0,1790.0,180.0,702.8,20.2,28.38,1233.0,51.3,0.0,82.0,18.4,92.8,21.5,0,0
2026-09-04T01:00:00Z,CDU-A2,HALL-A,24.65,24.75,30.52,1801.0,1787.0,180.3,706.4,19.9,28.53,1177.0,49.0,0.0,82.0,18.4,92.8,21.53,0,0
2026-09-04T02:00:00Z,CDU-A2,HALL-A,24.58,24.75,30.4,1781.0,1775.0,176.2,692.6,19.8,28.39,1155.0,48.1,0.0,81.1,18.0,92.8,20.84,0,0
2026-09-04T03:00:00Z,CDU-A2,HALL-A,24.61,24.66,30.34,1795.0,1782.0,178.9,686.6,19.9,28.33,1168.0,48.6,0.0,81.8,18.3,92.8,21.32,0,0
2026-09-04T04:00:00Z,CDU-A2,HALL-A,24.48,24.64,30.35,1805.0,1802.0,181.0,708.4,19.9,28.36,1203.0,50.1,0.0,82.2,18.5,92.8,21.68,0,0
2026-09-04T05:00:00Z,CDU-A2,HALL-A,24.76,24.96,30.39,1790.0,1766.0,177.9,673.0,19.9,28.38,1138.0,47.4,0.0,81.5,18.2,92.8,21.15,0,0
2026-09-04T06:00:00Z,CDU-A2,HALL-A,24.66,24.91,30.29,1809.0,1805.0,181.8,680.7,20.0,28.3,1179.0,49.1,0.0,82.4,18.6,92.8,21.82,0,0
2026-09-04T07:00:00Z,CDU-A2,HALL-A,24.96,25.11,30.46,1803.0,1799.0,180.6,662.5,19.8,28.47,1099.0,45.7,0.0,82.2,18.5,92.8,21.6,0,0
2026-09-04T08:00:00Z,CDU-A2,HALL-A,25.07,25.23,30.42,1806.0,1795.0,181.2,645.6,20.2,28.42,1127.0,47.0,0.0,82.3,18.6,92.8,21.71,0,0
2026-09-04T09:00:00Z,CDU-A2,HALL-A,24.72,24.79,30.38,1796.0,1763.0,179.3,678.7,20.2,28.37,1191.0,49.7,0.0,81.8,18.4,92.8,21.36,0,0
2026-09-04T10:00:00Z,CDU-A2,HALL-A,24.73,24.8,30.32,1793.0,1770.0,178.7,670.1,19.9,28.33,1142.0,47.6,0.0,81.7,18.3,92.8,21.26,0,0
2026-09-04T11:00:00Z,CDU-A2,HALL-A,24.74,25.0,30.48,1786.0,1781.0,177.2,684.5,19.9,28.47,1145.0,47.7,0.0,81.3,18.1,92.8,21.01,0,0
2026-09-04T12:00:00Z,CDU-A2,HALL-A,24.84,25.02,30.49,1797.0,1794.0,179.4,678.6,19.7,28.49,1108.0,46.2,0.0,81.9,18.4,92.8,21.4,0,0
2026-09-04T13:00:00Z,CDU-A2,HALL-A,24.7,24.9,30.6,1793.0,1769.0,178.6,706.9,19.7,28.6,1140.0,47.5,0.0,81.7,18.3,92.8,21.25,0,0
2026-09-04T14:00:00Z,CDU-A2,HALL-A,24.98,25.11,30.52,1793.0,1787.0,178.7,663.4,19.8,28.52,1092.0,45.5,0.0,81.7,18.3,92.8,21.25,0,0
2026-09-04T15:00:00Z,CDU-A2,HALL-A,25.25,25.34,30.41,1783.0,1759.0,176.7,614.4,20.0,28.41,1049.0,43.7,0.0,81.2,18.1,92.8,20.9,0,0
2026-09-04T16:00:00Z,CDU-A2,HALL-A,25.34,25.53,30.35,1773.0,1764.0,174.7,593.7,19.9,28.35,1008.0,42.0,0.0,80.8,17.9,92.8,20.57,0,0
2026-09-04T17:00:00Z,CDU-A2,HALL-A,25.46,25.7,30.55,1799.0,1778.0,179.8,611.3,19.9,28.55,1015.0,42.3,0.0,81.9,18.4,92.8,21.46,0,0
2026-09-04T18:00:00Z,CDU-A2,HALL-A,25.48,25.55,30.61,1813.0,1811.0,182.6,621.3,19.8,28.61,1012.0,42.2,0.0,82.6,18.7,92.8,21.96,0,0
2026-09-04T19:00:00Z,CDU-A2,HALL-A,25.58,25.66,30.58,1797.0,1784.0,179.4,600.1,19.9,28.58,993.0,41.3,0.0,81.8,18.4,92.8,21.4,0,0
2026-09-04T20:00:00Z,CDU-A2,HALL-A,25.12,25.35,30.43,1811.0,1808.0,182.3,642.2,19.6,28.43,1044.0,43.4,0.0,82.5,18.7,92.8,21.89,0,0
2026-09-04T21:00:00Z,CDU-A2,HALL-A,25.04,25.19,30.47,1803.0,1793.0,180.6,654.1,20.1,28.47,1122.0,46.8,0.0,82.2,18.5,92.8,21.6,0,0
2026-09-04T22:00:00Z,CDU-A2,HALL-A,24.85,24.93,30.23,1828.0,1817.0,185.7,657.5,19.8,28.23,1119.0,46.6,0.0,83.3,19.0,92.8,22.5,0,0
2026-09-04T23:00:00Z,CDU-A2,HALL-A,24.37,24.81,30.28,1800.0,1795.0,179.9,710.3,20.1,28.28,1247.0,51.9,0.0,82.0,18.5,92.8,21.5,0,0
2026-09-05T00:00:00Z,CDU-A2,HALL-A,24.63,24.64,30.23,1780.0,1763.0,176.0,666.5,19.7,28.24,1121.0,46.8,0.0,81.0,18.1,92.8,20.8,0,0
2026-09-05T01:00:00Z,CDU-A2,HALL-A,24.77,24.88,30.3,1799.0,1766.0,179.9,664.3,20.1,28.3,1163.0,48.5,0.0,82.0,18.4,92.8,21.46,0,0
2026-09-05T02:00:00Z,CDU-A2,HALL-A,24.86,24.96,30.11,1790.0,1786.0,178.0,627.7,20.1,28.11,1125.0,46.9,0.0,81.6,18.2,92.8,21.15,0,0
2026-09-05T03:00:00Z,CDU-A2,HALL-A,24.91,24.97,30.13,1802.0,1786.0,180.5,627.9,19.9,28.12,1095.0,45.6,0.0,82.1,18.5,92.8,21.57,0,0
2026-09-05T04:00:00Z,CDU-A2,HALL-A,24.79,24.86,30.26,1815.0,1813.0,183.0,663.3,20.0,28.26,1152.0,48.0,0.0,82.7,18.8,92.8,22.03,0,0
2026-09-05T05:00:00Z,CDU-A2,HALL-A,24.63,24.76,30.04,1807.0,1801.0,181.4,653.0,19.7,28.04,1124.0,46.8,0.0,82.3,18.6,92.8,21.75,0,0
2026-09-05T06:00:00Z,CDU-A2,HALL-A,24.58,24.66,30.15,1801.0,1777.0,180.2,669.8,20.0,28.15,1180.0,49.2,0.0,82.0,18.5,92.8,21.53,0,0
2026-09-05T07:00:00Z,CDU-A2,HALL-A,24.25,24.46,30.07,1812.0,1812.0,182.3,705.1,19.8,28.08,1223.0,51.0,0.0,82.6,18.7,92.8,21.93,0,0
2026-09-05T08:00:00Z,CDU-A2,HALL-A,24.54,24.63,30.18,1786.0,1755.0,177.3,673.5,19.9,28.18,1166.0,48.6,0.0,81.4,18.2,92.8,21.01,0,0
2026-09-05T09:00:00Z,CDU-A2,HALL-A,24.78,25.05,30.54,1780.0,1765.0,176.0,684.5,20.2,28.53,1178.0,49.2,0.0,81.1,18.1,92.8,20.81,0,0
2026-09-05T10:00:00Z,CDU-A2,HALL-A,24.83,24.85,30.37,1794.0,1769.0,178.9,664.4,19.9,28.38,1126.0,46.8,0.0,81.7,18.4,92.8,21.29,0,0
2026-09-05T11:00:00Z,CDU-A2,HALL-A,24.97,24.98,30.36,1808.0,1801.0,181.6,651.2,20.1,28.37,1132.0,47.2,0.0,82.4,18.7,92.8,21.78,0,0
2026-09-05T12:00:00Z,CDU-A2,HALL-A,25.0,25.31,30.36,1802.0,1786.0,180.4,644.8,20.1,28.36,1121.0,46.7,0.0,82.1,18.6,92.8,21.58,0,0
2026-09-05T13:00:00Z,CDU-A2,HALL-A,24.97,25.18,30.23,1805.0,1773.0,180.9,634.4,20.3,28.24,1149.0,47.9,0.0,82.2,18.6,92.8,21.68,0,0
2026-09-05T14:00:00Z,CDU-A2,HALL-A,25.19,25.25,30.43,1809.0,1800.0,181.8,633.6,19.8,28.43,1053.0,44.0,0.0,82.4,18.7,92.8,21.81,0,0
2026-09-05T15:00:00Z,CDU-A2,HALL-A,25.21,25.31,30.62,1792.0,1783.0,178.4,647.6,20.0,28.62,1079.0,44.9,0.0,81.6,18.3,92.8,21.22,0,0
2026-09-05T16:00:00Z,CDU-A2,HALL-A,25.11,25.13,30.47,1814.0,1813.0,182.8,649.5,20.0,28.47,1100.0,45.8,0.0,82.7,18.8,92.8,22.0,0,0
2026-09-05T17:00:00Z,CDU-A2,HALL-A,25.18,25.27,30.46,1795.0,1768.0,179.1,633.2,20.0,28.46,1074.0,44.8,0.0,81.8,18.4,92.8,21.33,0,0
2026-09-05T18:00:00Z,CDU-A2,HALL-A,25.6,25.65,30.75,1812.0,1799.0,182.4,623.2,19.9,28.75,1011.0,42.2,0.0,82.6,18.8,92.8,21.93,0,0
2026-09-05T19:00:00Z,CDU-A2,HALL-A,25.99,26.01,30.76,1820.0,1813.0,184.1,579.6,20.1,28.75,961.0,40.0,0.0,82.9,18.9,92.8,22.22,0,0
2026-09-05T20:00:00Z,CDU-A2,HALL-A,25.98,26.11,30.8,1797.0,1765.0,179.5,578.9,20.1,28.8,955.0,39.8,0.0,81.9,18.5,92.8,21.4,0,0
2026-09-05T21:00:00Z,CDU-A2,HALL-A,25.86,26.0,30.7,1798.0,1783.0,179.7,581.6,20.3,28.71,994.0,41.4,0.0,81.9,18.5,92.8,21.43,0,0
2026-09-05T22:00:00Z,CDU-A2,HALL-A,25.58,25.8,30.65,1812.0,1792.0,182.4,613.6,20.0,28.64,1018.0,42.4,0.0,82.6,18.8,92.8,21.92,0,0
2026-09-05T23:00:00Z,CDU-A2,HALL-A,25.37,25.45,30.64,1800.0,1788.0,180.0,634.0,20.1,28.64,1065.0,44.4,0.0,82.0,18.5,92.8,21.49,0,0
2026-09-06T00:00:00Z,CDU-A2,HALL-A,25.14,25.19,30.68,1788.0,1787.0,177.6,661.3,20.0,28.68,1094.0,45.6,0.0,81.4,18.3,92.8,21.09,0,0
2026-09-06T01:00:00Z,CDU-A2,HALL-A,25.13,25.2,30.68,1809.0,1806.0,181.8,670.7,19.8,28.68,1085.0,45.2,0.0,82.4,18.7,92.8,21.82,0,0
2026-09-06T02:00:00Z,CDU-A2,HALL-A,25.1,25.18,30.52,1809.0,1807.0,181.8,655.6,19.9,28.52,1091.0,45.4,0.0,82.4,18.7,92.8,21.83,0,0
2026-09-06T03:00:00Z,CDU-A2,HALL-A,25.27,25.4,30.64,1811.0,1783.0,182.2,649.6,19.9,28.64,1067.0,44.4,0.0,82.5,18.7,92.8,21.89,0,0
2026-09-06T04:00:00Z,CDU-A2,HALL-A,25.33,25.44,30.8,1787.0,1781.0,177.5,652.5,19.9,28.8,1053.0,43.9,0.0,81.4,18.3,92.8,21.04,0,0
2026-09-06T05:00:00Z,CDU-A2,HALL-A,25.07,25.14,30.58,1787.0,1782.0,177.3,657.4,20.0,28.58,1100.0,45.9,0.0,81.4,18.3,92.8,21.05,0,0
2026-09-06T06:00:00Z,CDU-A2,HALL-A,24.89,24.97,30.32,1803.0,1798.0,180.6,653.5,20.0,28.31,1128.0,47.0,0.0,82.1,18.6,92.8,21.6,0,0
2026-09-06T07:00:00Z,CDU-A2,HALL-A,24.81,24.82,30.24,1828.0,1824.0,185.6,662.7,20.1,28.24,1169.0,48.7,0.0,83.3,19.1,92.8,22.5,0,0
2026-09-06T08:00:00Z,CDU-A2,HALL-A,24.84,24.91,30.28,1788.0,1782.0,177.6,650.1,19.9,28.28,1113.0,46.5,0.0,81.5,18.3,92.8,21.09,0,0
2026-09-06T09:00:00Z,CDU-A2,HALL-A,24.67,24.8,30.29,1794.0,1787.0,178.8,673.2,19.9,28.29,1153.0,48.0,0.0,81.7,18.4,92.8,21.29,0,0
2026-09-06T10:00:00Z,CDU-A2,HALL-A,24.81,24.84,30.25,1784.0,1782.0,176.8,647.9,19.9,28.25,1114.0,46.5,0.0,81.3,18.2,92.8,20.93,0,0
2026-09-06T11:00:00Z,CDU-A2,HALL-A,25.07,25.11,30.38,1798.0,1797.0,179.6,637.8,19.9,28.38,1080.0,45.0,0.0,81.9,18.5,92.8,21.44,0,0
2026-09-06T12:00:00Z,CDU-A2,HALL-A,25.03,25.43,30.21,1788.0,1772.0,177.6,618.3,20.0,28.2,1081.0,45.0,0.0,81.5,18.3,92.8,21.09,0,0
2026-09-06T13:00:00Z,CDU-A2,HALL-A,25.45,25.77,30.37,1806.0,1793.0,181.2,593.2,20.1,28.37,1031.0,42.9,0.0,82.3,18.7,92.8,21.72,0,0
2026-09-06T14:00:00Z,CDU-A2,HALL-A,25.25,25.31,30.23,1801.0,1774.0,180.2,599.5,20.0,28.23,1045.0,43.5,0.0,82.1,18.6,92.8,21.54,0,0
2026-09-06T15:00:00Z,CDU-A2,HALL-A,24.95,25.11,30.18,1786.0,1773.0,177.1,624.5,19.9,28.18,1082.0,45.1,0.0,81.4,18.3,92.8,21.02,0,0
2026-09-06T16:00:00Z,CDU-A2,HALL-A,24.81,24.84,29.87,1799.0,1794.0,179.8,608.6,20.0,27.87,1109.0,46.2,0.0,82.0,18.5,92.8,21.46,0,0
2026-09-06T17:00:00Z,CDU-A2,HALL-A,24.94,25.19,29.91,1803.0,1787.0,180.6,598.5,19.9,27.91,1073.0,44.7,0.0,82.1,18.6,92.8,21.61,0,0
2026-09-06T18:00:00Z,CDU-A2,HALL-A,24.96,25.02,29.91,1799.0,1786.0,179.8,595.1,20.4,27.91,1137.0,47.4,0.0,82.0,18.5,92.8,21.46,0,0
2026-09-06T19:00:00Z,CDU-A2,HALL-A,24.76,24.79,29.91,1814.0,1804.0,182.8,623.8,19.9,27.91,1118.0,46.6,0.0,82.6,18.9,92.8,22.0,0,0
2026-09-06T20:00:00Z,CDU-A2,HALL-A,24.69,24.88,30.01,1795.0,1782.0,179.0,637.8,19.9,28.01,1129.0,47.0,0.0,81.8,18.5,92.8,21.33,0,0
2026-09-06T21:00:00Z,CDU-A2,HALL-A,24.76,24.83,30.18,1808.0,1800.0,181.6,654.6,20.1,28.17,1163.0,48.5,0.0,82.4,18.8,92.8,21.78,0,0
2026-09-06T22:00:00Z,CDU-A2,HALL-A,24.63,24.65,30.31,1812.0,1810.0,182.4,687.8,20.2,28.31,1217.0,50.7,0.0,82.5,18.8,92.8,21.93,0,0
2026-09-06T23:00:00Z,CDU-A2,HALL-A,24.25,24.45,30.22,1794.0,1787.0,178.8,715.2,19.8,28.21,1219.0,50.8,0.0,81.7,18.4,92.8,21.28,0,0
2026-09-07T00:00:00Z,CDU-A2,HALL-A,24.42,24.43,30.08,1787.0,1770.0,177.4,675.9,20.0,28.08,1200.0,50.0,0.0,81.4,18.3,92.8,21.05,0,0
2026-09-07T01:00:00Z,CDU-A2,HALL-A,24.74,24.8,30.09,1800.0,1764.0,180.1,643.9,19.7,28.09,1101.0,45.9,0.0,82.0,18.6,92.8,21.5,0,0
2026-09-07T02:00:00Z,CDU-A2,HALL-A,24.43,24.43,30.04,1793.0,1787.0,178.6,671.6,20.2,28.03,1229.0,51.1,0.0,81.7,18.5,92.8,21.25,0,0
2026-09-07T03:00:00Z,CDU-A2,HALL-A,24.26,24.32,30.22,1813.0,1803.0,182.6,721.6,20.0,28.21,1260.0,52.5,0.0,82.6,18.9,92.8,21.96,0,0
2026-09-07T04:00:00Z,CDU-A2,HALL-A,24.44,24.45,30.19,1787.0,1786.0,177.4,686.9,20.0,28.2,1204.0,50.2,0.0,81.4,18.3,92.8,21.04,0,0
2026-09-07T05:00:00Z,CDU-A2,HALL-A,24.56,24.63,30.5,1800.0,1780.0,180.0,714.6,19.8,28.5,1179.0,49.1,0.0,82.0,18.6,92.8,21.5,0,0
2026-09-07T06:00:00Z,CDU-A2,HALL-A,24.9,25.2,30.33,1789.0,1769.0,177.8,648.8,19.8,28.33,1092.0,45.6,0.0,81.5,18.4,92.8,21.11,0,0
2026-09-07T07:00:00Z,CDU-A2,HALL-A,24.88,24.99,30.32,1828.0,1806.0,185.7,663.9,20.0,28.32,1146.0,47.7,0.0,83.3,19.2,92.8,22.51,0,0
2026-09-07T08:00:00Z,CDU-A2,HALL-A,24.86,24.89,30.43,1785.0,1762.0,177.1,663.9,20.0,28.44,1131.0,47.1,0.0,81.3,18.3,92.8,20.97,0,0
2026-09-07T09:00:00Z,CDU-A2,HALL-A,25.09,25.18,30.6,1794.0,1784.0,178.8,660.8,19.8,28.6,1077.0,44.9,0.0,81.7,18.5,92.8,21.29,0,0
2026-09-07T10:00:00Z,CDU-A2,HALL-A,25.14,25.28,30.41,1785.0,1784.0,177.0,628.8,20.1,28.42,1086.0,45.3,0.0,81.3,18.3,92.8,20.98,0,0
2026-09-07T11:00:00Z,CDU-A2,HALL-A,25.08,25.17,30.43,1800.0,1798.0,180.0,643.3,19.9,28.42,1082.0,45.1,0.0,82.0,18.6,92.8,21.5,0,0
2026-09-07T12:00:00Z,CDU-A2,HALL-A,25.07,25.17,30.26,1805.0,1778.0,181.0,626.2,20.0,28.26,1087.0,45.3,0.0,82.2,18.7,92.8,21.68,0,0
2026-09-07T13:00:00Z,CDU-A2,HALL-A,25.28,25.28,30.44,1801.0,1792.0,180.1,620.5,20.2,28.43,1081.0,45.0,0.0,82.0,18.6,92.8,21.53,0,0
2026-09-07T14:00:00Z,CDU-A2,HALL-A,25.22,25.35,30.35,1804.0,1786.0,180.9,618.1,20.3,28.35,1102.0,46.0,0.0,82.2,18.7,92.8,21.64,0,0
2026-09-07T15:00:00Z,CDU-A2,HALL-A,25.36,25.42,30.46,1809.0,1806.0,181.8,615.8,20.1,28.46,1059.0,44.1,45.3,37.1,18.8,92.8,21.82,0,0
2026-09-07T16:00:00Z,CDU-A2,HALL-A,25.54,25.62,30.42,1783.0,1775.0,176.6,581.7,19.7,28.43,958.0,39.9,81.2,0.0,18.3,92.8,20.9,0,0
2026-09-07T17:00:00Z,CDU-A2,HALL-A,25.78,25.82,30.8,1809.0,1778.0,181.8,607.2,19.8,28.8,968.0,40.3,82.4,0.0,18.9,92.8,21.83,0,0
2026-09-07T18:00:00Z,CDU-A2,HALL-A,26.09,26.26,30.86,1802.0,1790.0,180.4,574.5,20.1,28.86,941.0,39.2,82.1,0.0,18.7,92.8,21.57,0,0
2026-09-07T19:00:00Z,CDU-A2,HALL-A,25.71,25.75,30.37,1806.0,1784.0,181.2,562.4,20.1,28.36,975.0,40.7,82.3,0.0,18.8,92.8,21.71,0,0
2026-09-07T20:00:00Z,CDU-A2,HALL-A,25.74,25.89,30.42,1791.0,1782.0,178.2,559.9,19.9,28.41,943.0,39.3,81.6,0.0,18.4,92.8,21.19,0,0
2026-09-07T21:00:00Z,CDU-A2,HALL-A,25.72,25.88,30.37,1800.0,1793.0,180.0,559.0,20.0,28.37,958.0,40.0,82.0,0.0,18.6,92.8,21.51,0,0
2026-09-07T22:00:00Z,CDU-A2,HALL-A,25.48,25.55,30.54,1781.0,1776.0,176.1,601.6,19.8,28.54,989.0,41.1,81.1,0.0,18.3,92.8,20.84,0,0
2026-09-07T23:00:00Z,CDU-A2,HALL-A,25.24,25.33,30.62,1794.0,1792.0,178.8,644.5,20.2,28.61,1098.0,45.7,81.7,0.0,18.5,92.8,21.29,0,0
2026-09-08T00:00:00Z,CDU-A2,HALL-A,24.95,25.13,30.51,1796.0,1790.0,179.2,667.4,19.8,28.51,1100.0,45.8,81.8,0.0,18.6,92.8,21.37,0,0
2026-09-08T01:00:00Z,CDU-A2,HALL-A,24.98,24.99,30.28,1807.0,1803.0,181.4,639.6,19.9,28.28,1096.0,45.7,82.3,0.0,18.8,92.8,21.75,0,0
2026-09-08T02:00:00Z,CDU-A2,HALL-A,25.04,25.12,30.13,1806.0,1793.0,181.2,613.8,19.8,28.12,1058.0,44.0,82.3,0.0,18.8,92.8,21.71,0,0
2026-09-08T03:00:00Z,CDU-A2,HALL-A,25.12,25.32,30.27,1812.0,1802.0,182.5,624.0,19.8,28.27,1057.0,44.1,82.6,0.0,18.9,92.8,21.93,0,0
2026-09-08T04:00:00Z,CDU-A2,HALL-A,25.03,25.27,30.3,1787.0,1786.0,177.4,629.0,20.1,28.3,1102.0,46.0,81.4,0.0,18.4,92.8,21.05,0,0
2026-09-08T05:00:00Z,CDU-A2,HALL-A,25.26,25.31,30.47,1802.0,1800.0,180.4,627.3,19.9,28.47,1051.0,43.7,82.1,0.0,18.7,92.8,21.58,0,0
2026-09-08T06:00:00Z,CDU-A2,HALL-A,25.69,26.15,30.57,1814.0,1801.0,182.8,591.9,20.1,28.57,1003.0,41.8,82.7,0.0,18.9,92.8,22.0,0,0
2026-09-08T07:00:00Z,CDU-A2,HALL-A,25.62,25.72,30.37,1801.0,1791.0,180.3,571.6,19.9,28.37,969.0,40.4,82.0,0.0,18.7,92.8,21.54,0,0
2026-09-08T08:00:00Z,CDU-A2,HALL-A,25.38,25.46,30.06,1808.0,1800.0,181.5,565.7,19.8,28.06,983.0,40.9,82.3,0.0,18.8,92.8,21.79,0,0
2026-09-08T09:00:00Z,CDU-A2,HALL-A,25.3,25.56,30.13,1813.0,1800.0,182.6,584.7,20.0,28.13,1033.0,43.0,82.6,0.0,18.9,92.8,21.95,0,0
2026-09-08T10:00:00Z,CDU-A2,HALL-A,25.2,25.34,30.24,1796.0,1792.0,179.2,605.1,19.9,28.24,1041.0,43.4,81.8,0.0,18.6,92.8,21.36,0,0
2026-09-08T11:00:00Z,CDU-A2,HALL-A,24.96,25.07,30.3,1797.0,1793.0,179.4,641.0,20.1,28.3,1122.0,46.7,81.9,0.0,18.6,92.8,21.38,0,0
2026-09-08T12:00:00Z,CDU-A2,HALL-A,24.96,25.01,30.36,1783.0,1751.0,176.7,643.6,19.9,28.36,1092.0,45.5,81.2,0.0,18.3,92.8,20.91,0,0
2026-09-08T13:00:00Z,CDU-A2,HALL-A,25.11,25.26,30.25,1796.0,1781.0,179.2,617.2,19.9,28.25,1060.0,44.2,81.8,0.0,18.6,92.8,21.36,0,0
2026-09-08T14:00:00Z,CDU-A2,HALL-A,25.06,25.21,30.26,1790.0,1781.0,178.0,621.9,20.2,28.27,1108.0,46.1,81.6,0.0,18.5,92.8,21.14,0,0
2026-09-08T15:00:00Z,CDU-A2,HALL-A,24.95,25.13,30.35,1783.0,1777.0,176.6,643.5,19.8,28.35,1080.0,45.0,81.2,0.0,18.3,92.8,20.92,0,0
2026-09-08T16:00:00Z,CDU-A2,HALL-A,25.02,25.17,30.33,1794.0,1770.0,178.9,636.1,20.0,28.33,1097.0,45.8,81.7,0.0,18.6,92.8,21.29,0,0
2026-09-08T17:00:00Z,CDU-A2,HALL-A,25.11,25.3,30.29,1794.0,1788.0,178.8,620.8,20.1,28.29,1088.0,45.4,81.7,0.0,18.6,92.8,21.28,0,0
2026-09-08T18:00:00Z,CDU-A2,HALL-A,25.0,25.24,30.21,1782.0,1775.0,176.4,620.9,20.1,28.22,1098.0,45.8,81.2,0.0,18.3,92.8,20.87,0,0
2026-09-08T19:00:00Z,CDU-A2,HALL-A,24.87,24.94,30.18,1796.0,1793.0,179.3,637.2,19.9,28.18,1104.0,46.1,81.8,0.0,18.6,92.8,21.36,0,0
2026-09-08T20:00:00Z,CDU-A2,HALL-A,24.65,24.68,30.34,1806.0,1799.0,181.2,686.1,19.8,28.33,1153.0,48.1,82.3,0.0,18.8,92.8,21.72,0,0
2026-09-08T21:00:00Z,CDU-A2,HALL-A,24.76,24.8,30.4,1801.0,1795.0,180.2,678.1,20.2,28.39,1187.0,49.4,82.0,0.0,18.7,92.8,21.54,0,0
2026-09-08T22:00:00Z,CDU-A2,HALL-A,24.99,25.13,30.29,1808.0,1799.0,181.6,639.6,20.2,28.28,1135.0,47.3,82.3,0.0,18.9,92.8,21.78,0,0
2026-09-08T23:00:00Z,CDU-A2,HALL-A,25.08,25.09,30.11,1802.0,1796.0,180.4,605.6,20.1,28.12,1085.0,45.2,82.1,0.0,18.7,92.8,21.56,0,0
2026-09-09T00:00:00Z,CDU-A2,HALL-A,25.04,25.18,30.09,1794.0,1776.0,178.8,605.8,20.2,28.09,1101.0,45.9,81.7,0.0,18.6,92.8,21.3,0,0
2026-09-09T01:00:00Z,CDU-A2,HALL-A,24.85,24.89,30.16,1809.0,1801.0,181.8,642.3,19.9,28.16,1115.0,46.4,82.4,0.0,18.9,92.8,21.81,0,0
2026-09-09T02:00:00Z,CDU-A2,HALL-A,24.77,24.92,30.13,1807.0,1784.0,181.4,647.5,20.1,28.13,1157.0,48.1,82.3,0.0,18.8,92.8,21.75,0,0
2026-09-09T03:00:00Z,CDU-A2,HALL-A,24.43,24.8,30.16,1800.0,1785.0,180.1,689.5,20.2,28.17,1243.0,51.8,82.1,0.0,18.7,92.8,21.5,0,0
2026-09-09T04:00:00Z,CDU-A2,HALL-A,24.35,24.44,30.1,1793.0,1792.0,178.6,689.4,20.1,28.1,1236.0,51.5,81.7,0.0,18.6,92.8,21.25,0,0
2026-09-09T05:00:00Z,CDU-A2,HALL-A,24.29,24.37,30.04,1812.0,1810.0,182.4,695.5,19.9,28.03,1227.0,51.1,82.5,0.0,19.0,92.8,21.93,0,0
2026-09-09T06:00:00Z,CDU-A2,HALL-A,24.37,24.61,30.12,1813.0,1801.0,182.5,697.1,20.1,28.12,1247.0,52.0,82.6,0.0,19.0,92.8,21.96,0,0
2026-09-09T07:00:00Z,CDU-A2,HALL-A,24.74,24.81,30.59,1803.0,1794.0,180.5,704.3,19.8,28.59,1151.0,47.9,82.2,0.0,18.8,92.8,21.6,0,0
2026-09-09T08:00:00Z,CDU-A2,HALL-A,24.64,24.7,30.5,1785.0,1779.0,177.0,698.4,19.9,28.5,1166.0,48.7,81.3,0.0,18.4,92.8,20.97,0,0
2026-09-09T09:00:00Z,CDU-A2,HALL-A,24.96,25.02,30.66,1794.0,1771.0,178.9,682.8,19.7,28.66,1094.0,45.6,81.8,0.0,18.6,92.8,21.29,0,0
2026-09-09T10:00:00Z,CDU-A2,HALL-A,25.13,25.34,30.62,1813.0,1799.0,182.6,665.4,19.9,28.62,1095.0,45.6,82.6,0.0,19.0,92.8,21.96,0,0
2026-09-09T11:00:00Z,CDU-A2,HALL-A,25.27,25.3,30.61,1811.0,1810.0,182.2,646.4,19.9,28.61,1065.0,44.4,82.5,0.0,19.0,92.8,21.89,0,0
2026-09-09T12:00:00Z,CDU-A2,HALL-A,24.95,25.13,30.61,1800.0,1791.0,180.0,681.0,20.1,28.62,1149.0,47.8,82.0,0.0,18.8,92.8,21.51,0,0
2026-09-09T13:00:00Z,CDU-A2,HALL-A,25.23,25.25,30.7,1800.0,1788.0,179.9,657.2,20.0,28.7,1085.0,45.3,82.0,0.0,18.7,92.8,21.5,0,0
2026-09-09T14:00:00Z,CDU-A2,HALL-A,25.1,25.35,30.56,1810.0,1753.0,182.1,659.8,20.0,28.56,1107.0,46.1,82.4,0.0,18.9,92.8,21.87,0,0
2026-09-09T15:00:00Z,CDU-A2,HALL-A,24.93,24.99,30.37,1819.0,1804.0,183.7,660.5,19.9,28.36,1119.0,46.6,82.9,0.0,19.1,92.8,22.18,0,0
2026-09-09T16:00:00Z,CDU-A2,HALL-A,24.92,24.96,30.24,1790.0,1783.0,178.0,636.0,19.8,28.24,1082.0,45.0,81.6,0.0,18.5,92.8,21.16,0,0
2026-09-09T17:00:00Z,CDU-A2,HALL-A,24.72,24.75,30.34,1782.0,1773.0,176.5,669.3,20.0,28.34,1152.0,48.1,81.2,0.0,18.3,92.8,20.87,0,0
2026-09-09T18:00:00Z,CDU-A2,HALL-A,24.6,24.69,30.36,1804.0,1800.0,180.8,694.0,19.8,28.36,1164.0,48.5,82.2,0.0,18.8,92.8,21.63,0,0
2026-09-09T19:00:00Z,CDU-A2,HALL-A,24.73,24.8,30.46,1809.0,1784.0,181.8,692.0,20.0,28.45,1175.0,48.9,82.4,0.0,19.0,92.8,21.83,0,0
2026-09-09T20:00:00Z,CDU-A2,HALL-A,24.79,24.98,30.52,1812.0,1798.0,182.4,693.1,20.0,28.52,1168.0,48.7,82.5,0.0,19.0,92.8,21.93,0,0
2026-09-09T21:00:00Z,CDU-A2,HALL-A,24.9,25.05,30.44,1787.0,1778.0,177.5,661.9,20.0,28.44,1125.0,46.9,81.4,0.0,18.5,92.8,21.05,0,0
2026-09-09T22:00:00Z,CDU-A2,HALL-A,25.21,25.56,30.35,1797.0,1785.0,179.4,617.7,20.0,28.35,1061.0,44.2,81.9,0.0,18.7,92.8,21.4,0,0
2026-09-09T23:00:00Z,CDU-A2,HALL-A,25.08,25.14,30.48,1802.0,1792.0,180.5,650.4,20.1,28.48,1114.0,46.4,82.1,0.0,18.8,92.8,21.58,0,0
2026-09-10T00:00:00Z,CDU-A2,HALL-A,24.85,24.98,30.27,1807.0,1804.0,181.3,654.2,20.3,28.27,1179.0,49.2,82.3,0.0,18.9,92.8,21.76,0,0
2026-09-10T01:00:00Z,CDU-A2,HALL-A,24.63,24.65,30.15,1808.0,1808.0,181.6,666.6,20.2,28.15,1204.0,50.2,82.4,0.0,18.9,92.8,21.79,0,0
2026-09-10T02:00:00Z,CDU-A2,HALL-A,24.61,24.68,30.17,1799.0,1794.0,179.8,668.6,20.3,28.18,1219.0,50.7,82.0,0.0,18.8,92.8,21.46,0,0
2026-09-10T03:00:00Z,CDU-A2,HALL-A,24.76,24.93,30.4,1784.0,1773.0,176.9,672.0,20.2,28.39,1176.0,49.0,81.2,0.0,18.4,92.8,20.94,0,0
2026-09-10T04:00:00Z,CDU-A2,HALL-A,24.71,24.86,30.39,1796.0,1782.0,179.2,681.7,19.9,28.39,1152.0,48.0,81.8,0.0,18.7,92.8,21.36,0,0
2026-09-10T05:00:00Z,CDU-A2,HALL-A,24.82,24.94,30.49,1808.0,1803.0,181.6,685.0,20.1,28.49,1172.0,48.8,82.3,0.0,18.9,92.8,21.79,0,0
2026-09-10T06:00:00Z,CDU-A2,HALL-A,24.99,25.06,30.55,1791.0,1764.0,178.2,665.4,20.1,28.56,1130.0,47.1,81.6,0.0,18.6,92.8,21.19,0,0
2026-09-10T07:00:00Z,CDU-A2,HALL-A,24.86,24.96,30.41,1795.0,1781.0,179.0,665.8,20.2,28.42,1164.0,48.5,81.7,0.0,18.7,92.8,21.32,0,0
2026-09-10T08:00:00Z,CDU-A2,HALL-A,24.85,25.06,30.52,1800.0,1773.0,180.0,682.4,19.6,28.53,1098.0,45.7,82.0,0.0,18.8,92.8,21.5,0,0
2026-09-10T09:00:00Z,CDU-A2,HALL-A,24.92,25.06,30.41,1801.0,1782.0,180.2,660.4,20.0,28.41,1128.0,47.0,82.1,0.0,18.8,92.8,21.53,0,0
2026-09-10T10:00:00Z,CDU-A2,HALL-A,24.7,24.77,30.09,1788.0,1763.0,177.6,644.4,20.2,28.1,1172.0,48.9,81.5,0.0,18.6,92.8,21.09,0,0
2026-09-10T11:00:00Z,CDU-A2,HALL-A,24.73,24.78,29.82,1809.0,1803.0,181.8,615.1,20.0,27.82,1129.0,47.1,82.4,0.0,19.0,92.8,21.82,0,0
2026-09-10T12:00:00Z,CDU-A2,HALL-A,24.97,25.14,29.78,1789.0,1779.0,177.8,574.9,20.0,27.79,1061.0,44.2,81.5,0.0,18.6,92.8,21.11,0,0
2026-09-10T13:00:00Z,CDU-A2,HALL-A,24.54,24.66,29.58,1802.0,1785.0,180.4,606.8,19.9,27.58,1134.0,47.3,82.1,0.0,18.8,92.8,21.57,0,0
2026-09-10T14:00:00Z,CDU-A2,HALL-A,24.51,24.55,29.92,1800.0,1798.0,179.9,650.8,20.0,27.93,1179.0,49.0,82.0,0.0,18.8,92.8,21.5,0,0
2026-09-10T15:00:00Z,CDU-A2,HALL-A,24.64,24.72,30.05,1807.0,1799.0,181.4,652.7,20.0,28.05,1165.0,48.5,82.3,0.0,18.9,92.8,21.75,0,0
2026-09-10T16:00:00Z,CDU-A2,HALL-A,24.49,24.62,30.18,1784.0,1775.0,176.8,678.4,20.0,28.18,1190.0,49.6,81.3,0.0,18.5,92.8,20.94,0,0
2026-09-10T17:00:00Z,CDU-A2,HALL-A,24.31,24.36,29.9,1794.0,1787.0,178.8,669.5,19.9,27.9,1202.0,50.0,81.7,0.0,18.7,92.8,21.29,0,0
2026-09-10T18:00:00Z,CDU-A2,HALL-A,24.42,24.62,29.94,1806.0,1803.0,181.2,666.3,20.0,27.94,1204.0,50.2,82.3,0.0,18.9,92.8,21.71,0,0
2026-09-10T19:00:00Z,CDU-A2,HALL-A,24.6,24.73,29.96,1790.0,1771.0,178.0,640.9,20.3,27.97,1202.0,50.1,81.6,0.0,18.6,92.8,21.15,0,0
2026-09-10T20:00:00Z,CDU-A2,HALL-A,24.98,25.01,30.3,1823.0,1811.0,184.6,648.3,20.0,28.3,1121.0,46.6,83.1,0.0,19.3,92.8,22.32,0,0
2026-09-10T21:00:00Z,CDU-A2,HALL-A,25.0,25.09,30.18,1827.0,1805.0,185.4,631.8,19.9,28.17,1095.0,45.7,83.2,0.0,19.4,92.8,22.48,0,0
2026-09-10T22:00:00Z,CDU-A2,HALL-A,25.08,25.14,30.29,1798.0,1793.0,179.7,625.7,19.9,28.29,1070.0,44.6,81.9,0.0,18.8,92.8,21.43,0,0
2026-09-10T23:00:00Z,CDU-A2,HALL-A,25.04,25.05,30.52,1803.0,1790.0,180.6,660.3,20.2,28.52,1139.0,47.4,82.1,0.0,18.9,92.8,21.6,0,0
2026-09-11T00:00:00Z,CDU-A2,HALL-A,24.95,25.0,30.49,1782.0,1775.0,176.4,659.8,20.3,28.49,1156.0,48.1,81.2,0.0,18.4,92.8,20.89,0,0
2026-09-11T01:00:00Z,CDU-A2,HALL-A,24.97,25.22,30.37,1807.0,1769.0,181.4,651.8,20.1,28.38,1132.0,47.1,82.3,0.0,19.0,92.8,21.76,0,0
2026-09-11T02:00:00Z,CDU-A2,HALL-A,24.95,25.0,30.23,1794.0,1779.0,178.8,632.8,20.3,28.23,1145.0,47.8,81.7,0.0,18.7,92.8,21.29,0,0
2026-09-11T03:00:00Z,CDU-A2,HALL-A,24.98,25.13,30.32,1817.0,1793.0,183.4,648.3,19.9,28.32,1106.0,46.1,82.8,0.0,19.2,92.8,22.1,0,0
2026-09-11T04:00:00Z,CDU-A2,HALL-A,25.16,25.16,30.2,1814.0,1808.0,182.8,610.7,20.2,28.2,1096.0,45.7,82.6,0.0,19.1,92.8,21.99,0,0
2026-09-11T05:00:00Z,CDU-A2,HALL-A,25.23,25.33,30.12,1779.0,1769.0,175.9,580.7,20.1,28.12,1040.0,43.3,81.0,0.0,18.4,92.8,20.77,0,0
2026-09-11T06:00:00Z,CDU-A2,HALL-A,25.05,25.07,30.32,1780.0,1753.0,176.1,627.3,20.0,28.32,1081.0,45.0,81.1,0.0,18.4,92.8,20.81,0,0
2026-09-11T07:00:00Z,CDU-A2,HALL-A,25.07,25.19,30.31,1786.0,1770.0,177.2,624.8,20.1,28.31,1093.0,45.5,81.4,0.0,18.6,92.8,21.01,0,0
2026-09-11T08:00:00Z,CDU-A2,HALL-A,25.01,25.07,30.34,1802.0,1790.0,180.4,641.4,20.1,28.34,1118.0,46.6,82.1,0.0,18.9,92.8,21.58,0,0
2026-09-11T09:00:00Z,CDU-A2,HALL-A,25.25,25.56,30.35,1786.0,1786.0,177.2,608.9,19.8,28.35,1022.0,42.6,81.4,0.0,18.6,92.8,21.01,0,0
2026-09-11T10:00:00Z,CDU-A2,HALL-A,24.97,25.01,30.07,1795.0,1782.0,179.0,611.9,19.9,28.08,1075.0,44.7,81.8,0.0,18.8,92.8,21.33,0,0
2026-09-11T11:00:00Z,CDU-A2,HALL-A,24.96,25.11,30.24,1789.0,1778.0,177.7,630.6,20.0,28.24,1099.0,45.8,81.5,0.0,18.6,92.8,21.12,0,0
2026-09-11T12:00:00Z,CDU-A2,HALL-A,24.92,25.03,30.33,1807.0,1784.0,181.4,652.6,20.0,28.32,1124.0,46.9,82.3,0.0,19.0,92.8,21.75,0,0
2026-09-11T13:00:00Z,CDU-A2,HALL-A,25.22,25.49,30.24,1789.0,1783.0,177.8,599.5,19.9,28.24,1033.0,43.1,81.5,0.0,18.6,92.8,21.11,0,0
2026-09-11T14:00:00Z,CDU-A2,HALL-A,24.98,25.24,30.14,1815.0,1810.0,183.0,625.9,20.1,28.15,1118.0,46.6,82.7,0.0,19.2,92.8,22.03,0,0
2026-09-11T15:00:00Z,CDU-A2,HALL-A,24.98,25.09,30.32,1783.0,1782.0,176.6,636.2,20.1,28.32,1111.0,46.2,81.2,0.0,18.5,92.8,20.9,0,0
2026-09-11T16:00:00Z,CDU-A2,HALL-A,24.88,24.99,30.22,1806.0,1794.0,181.1,644.3,20.1,28.22,1139.0,47.4,82.2,0.0,19.0,92.8,21.7,0,0
2026-09-11T17:00:00Z,CDU-A2,HALL-A,24.91,24.95,30.37,1803.0,1787.0,180.6,658.0,19.9,28.37,1114.0,46.4,82.1,0.0,18.9,92.8,21.61,0,0
2026-09-11T18:00:00Z,CDU-A2,HALL-A,24.94,25.22,30.38,1790.0,1780.0,178.0,650.3,20.1,28.38,1128.0,47.0,81.6,0.0,18.7,92.8,21.15,0,0
2026-09-11T19:00:00Z,CDU-A2,HALL-A,24.94,24.96,30.33,1812.0,1805.0,182.4,652.6,20.1,28.34,1138.0,47.4,82.6,0.0,19.1,92.8,21.92,0,0
2026-09-11T20:00:00Z,CDU-A2,HALL-A,24.75,24.81,30.2,1810.0,1805.0,182.0,659.0,20.0,28.19,1153.0,48.0,82.5,0.0,19.1,92.8,21.86,0,0
2026-09-11T21:00:00Z,CDU-A2,HALL-A,24.72,24.89,30.27,1801.0,1793.0,180.2,667.9,20.1,28.27,1173.0,48.9,82.0,0.0,18.9,92.8,21.54,0,0
2026-09-11T22:00:00Z,CDU-A2,HALL-A,24.76,24.86,30.29,1782.0,1778.0,176.4,658.3,20.0,28.29,1140.0,47.5,81.2,0.0,18.5,92.8,20.87,0,0
2026-09-11T23:00:00Z,CDU-A2,HALL-A,25.03,25.18,30.26,1789.0,1777.0,177.8,625.4,20.0,28.26,1086.0,45.2,81.5,0.0,18.6,92.8,21.13,0,0
2026-09-12T00:00:00Z,CDU-A2,HALL-A,24.8,25.15,30.28,1778.0,1764.0,175.7,650.4,19.8,28.27,1101.0,45.9,81.0,0.0,18.4,92.8,20.73,0,0
2026-09-12T01:00:00Z,CDU-A2,HALL-A,24.89,25.04,30.32,1795.0,1795.0,178.9,650.8,20.0,28.32,1123.0,46.8,81.8,0.0,18.8,92.8,21.32,0,0
2026-09-12T02:00:00Z,CDU-A2,HALL-A,24.62,24.71,30.14,1812.0,1796.0,182.4,668.6,20.0,28.15,1179.0,49.2,82.5,0.0,19.2,92.8,21.93,0,0
2026-09-12T03:00:00Z,CDU-A2,HALL-A,25.09,25.16,30.09,1807.0,1786.0,181.4,603.2,19.8,28.09,1045.0,43.6,82.3,0.0,19.0,92.8,21.75,0,0
2026-09-12T04:00:00Z,CDU-A2,HALL-A,25.23,25.43,30.17,1784.0,1766.0,176.8,588.8,20.2,28.17,1060.0,44.2,81.3,0.0,18.6,92.8,20.94,0,0
2026-09-12T05:00:00Z,CDU-A2,HALL-A,25.23,25.26,30.24,1802.0,1797.0,180.4,602.7,20.2,28.24,1077.0,44.8,82.1,0.0,18.9,92.8,21.58,0,0
2026-09-12T06:00:00Z,CDU-A2,HALL-A,25.49,25.59,30.21,1801.0,1795.0,180.2,567.5,19.7,28.2,957.0,39.9,82.0,0.0,18.9,92.8,21.54,0,0
2026-09-12T07:00:00Z,CDU-A2,HALL-A,25.57,25.77,30.47,1821.0,1801.0,184.3,596.4,19.8,28.47,987.0,41.1,83.0,0.0,19.3,92.8,22.26,0,0
2026-09-12T08:00:00Z,CDU-A2,HALL-A,25.03,25.22,30.24,1787.0,1786.0,177.4,622.1,20.0,28.24,1084.0,45.2,81.4,0.0,18.6,92.8,21.05,0,0
2026-09-12T09:00:00Z,CDU-A2,HALL-A,25.01,25.14,30.23,1798.0,1796.0,179.7,627.4,20.0,28.24,1094.0,45.6,81.9,0.0,18.9,92.8,21.43,0,0
2026-09-12T10:00:00Z,CDU-A2,HALL-A,25.02,25.14,30.09,1803.0,1782.0,180.6,611.0,20.0,28.09,1084.0,45.2,82.1,0.0,19.0,92.8,21.6,0,0
2026-09-12T11:00:00Z,CDU-A2,HALL-A,24.98,25.01,30.02,1795.0,1771.0,179.0,604.6,20.2,28.02,1109.0,46.2,81.8,0.0,18.8,92.8,21.33,0,0
2026-09-12T12:00:00Z,CDU-A2,HALL-A,25.37,25.51,30.11,1797.0,1765.0,179.5,569.0,20.1,28.11,1020.0,42.4,81.9,0.0,18.8,92.8,21.4,0,0
2026-09-12T13:00:00Z,CDU-A2,HALL-A,25.39,25.49,30.0,1810.0,1801.0,182.1,557.5,19.9,28.01,989.0,41.2,82.4,0.0,19.1,92.8,21.85,0,0
2026-09-12T14:00:00Z,CDU-A2,HALL-A,25.55,25.74,30.14,1804.0,1782.0,180.7,552.9,20.1,28.14,987.0,41.1,82.1,0.0,19.0,92.8,21.63,0,0
2026-09-12T15:00:00Z,CDU-A2,HALL-A,25.27,25.4,30.4,1800.0,1791.0,180.0,616.6,19.9,28.39,1041.0,43.4,82.0,0.0,18.9,92.8,21.5,0,0
2026-09-12T16:00:00Z,CDU-A2,HALL-A,25.54,25.55,30.39,1802.0,1795.0,180.4,584.5,20.2,28.4,1024.0,42.7,82.1,0.0,18.9,92.8,21.56,0,0
2026-09-12T17:00:00Z,CDU-A2,HALL-A,25.67,25.77,30.16,1786.0,1777.0,177.2,536.3,20.2,28.17,967.0,40.3,81.4,0.0,18.6,92.8,21.0,0,0
2026-09-12T18:00:00Z,CDU-A2,HALL-A,25.57,25.67,30.31,1790.0,1773.0,178.0,566.7,19.8,28.31,956.0,39.8,81.5,0.0,18.7,92.8,21.15,0,0
2026-09-12T19:00:00Z,CDU-A2,HALL-A,25.44,25.46,30.2,1794.0,1781.0,178.8,570.5,20.0,28.2,998.0,41.6,81.7,0.0,18.8,92.8,21.29,0,0
2026-09-12T20:00:00Z,CDU-A2,HALL-A,25.14,25.15,30.11,1799.0,1786.0,179.8,597.1,20.2,28.11,1084.0,45.2,82.0,0.0,18.9,92.8,21.46,0,0
2026-09-12T21:00:00Z,CDU-A2,HALL-A,25.44,25.6,30.17,1807.0,1801.0,181.4,571.3,20.0,28.17,1004.0,41.8,82.3,0.0,19.1,92.8,21.75,0,0
2026-09-12T22:00:00Z,CDU-A2,HALL-A,25.3,25.35,30.16,1794.0,1791.0,178.8,582.2,19.9,28.16,1012.0,42.2,81.8,0.0,18.8,92.8,21.29,0,0
2026-09-12T23:00:00Z,CDU-A2,HALL-A,25.17,25.21,30.05,1802.0,1789.0,180.4,587.6,19.9,28.05,1035.0,43.1,82.1,0.0,19.0,92.8,21.57,0,0
2026-09-13T00:00:00Z,CDU-A2,HALL-A,25.23,25.28,29.96,1784.0,1781.0,176.8,563.7,20.0,27.96,1017.0,42.4,81.2,0.0,18.6,92.8,20.96,0,0
2026-09-13T01:00:00Z,CDU-A2,HALL-A,25.2,25.23,30.01,1789.0,1776.0,177.8,574.7,19.8,28.01,1005.0,41.8,81.5,0.0,18.7,92.8,21.13,0,0
2026-09-13T02:00:00Z,CDU-A2,HALL-A,24.77,24.82,29.82,1809.0,1795.0,181.8,610.1,20.0,27.82,1120.0,46.7,82.4,0.0,19.1,92.8,21.82,0,0
2026-09-13T03:00:00Z,CDU-A2,HALL-A,24.95,25.08,29.76,1792.0,1786.0,178.4,576.5,20.0,27.77,1066.0,44.4,81.6,0.0,18.8,92.8,21.22,0,0
2026-09-13T04:00:00Z,CDU-A2,HALL-A,24.79,24.89,30.03,1794.0,1779.0,178.9,628.0,20.1,28.03,1137.0,47.3,81.7,0.0,18.8,92.8,21.29,0,0
2026-09-13T05:00:00Z,CDU-A2,HALL-A,25.23,25.25,30.33,1797.0,1795.0,179.4,611.8,20.1,28.32,1067.0,44.5,81.9,0.0,18.9,92.8,21.39,0,0
2026-09-13T06:00:00Z,CDU-A2,HALL-A,25.58,25.59,30.39,1803.0,1792.0,180.5,579.7,20.1,28.39,1003.0,41.8,82.1,0.0,19.1,92.8,21.61,0,0
2026-09-13T07:00:00Z,CDU-A2,HALL-A,25.27,25.46,30.03,1795.0,1785.0,179.0,571.4,20.3,28.03,1060.0,44.2,81.8,0.0,18.9,92.8,21.32,0,0
2026-09-13T08:00:00Z,CDU-A2,HALL-A,25.4,25.59,30.03,1790.0,1786.0,178.0,554.3,20.0,28.03,990.0,41.3,81.5,0.0,18.8,92.8,21.15,0,0
2026-09-13T09:00:00Z,CDU-A2,HALL-A,24.99,25.0,30.11,1810.0,1804.0,182.0,618.8,20.0,28.11,1096.0,45.6,82.5,0.0,19.2,92.8,21.85,0,0
2026-09-13T10:00:00Z,CDU-A2,HALL-A,24.85,24.9,30.08,1783.0,1782.0,176.6,622.5,19.9,28.07,1093.0,45.5,81.2,0.0,18.6,92.8,20.9,0,0
2026-09-13T11:00:00Z,CDU-A2,HALL-A,25.08,25.11,30.38,1796.0,1772.0,179.2,636.4,20.0,28.38,1089.0,45.4,81.8,0.0,18.9,92.8,21.36,0,0
2026-09-13T12:00:00Z,CDU-A2,HALL-A,25.27,25.41,30.45,1793.0,1793.0,178.6,620.1,20.0,28.45,1054.0,43.9,81.7,0.0,18.8,92.8,21.25,0,0
2026-09-13T13:00:00Z,CDU-A2,HALL-A,25.24,25.48,30.08,1807.0,1788.0,181.4,584.5,20.2,28.08,1065.0,44.4,82.3,0.0,19.1,92.8,21.76,0,0
2026-09-13T14:00:00Z,CDU-A2,HALL-A,24.74,24.89,29.88,1786.0,1780.0,177.2,613.9,20.0,27.89,1118.0,46.7,81.4,0.0,18.7,92.8,21.02,0,0
2026-09-13T15:00:00Z,CDU-A2,HALL-A,25.08,25.24,29.86,1803.0,1785.0,180.6,575.4,20.1,27.85,1064.0,44.4,82.1,0.0,19.0,92.8,21.61,0,0
2026-09-13T16:00:00Z,CDU-A2,HALL-A,25.21,25.23,29.9,1800.0,1755.0,180.0,564.1,20.2,27.91,1052.0,43.8,82.0,0.0,19.0,92.8,21.52,0,0
2026-09-13T17:00:00Z,CDU-A2,HALL-A,25.36,25.52,30.15,1808.0,1791.0,181.7,578.6,20.0,28.15,1019.0,42.4,82.4,0.0,19.1,92.8,21.78,0,0
2026-09-13T18:00:00Z,CDU-A2,HALL-A,25.45,25.61,30.11,1779.0,1776.0,175.8,554.0,20.2,28.11,1005.0,42.0,81.1,0.0,18.5,92.8,20.77,0,0
2026-09-13T19:00:00Z,CDU-A2,HALL-A,25.34,25.36,30.19,1788.0,1785.0,177.6,579.8,20.2,28.19,1041.0,43.3,81.4,0.0,18.7,92.8,21.08,0,0
2026-09-13T20:00:00Z,CDU-A2,HALL-A,25.23,25.52,30.32,1801.0,1792.0,180.2,612.6,19.8,28.32,1032.0,43.0,82.0,0.0,19.0,92.8,21.54,0,0
2026-09-13T21:00:00Z,CDU-A2,HALL-A,25.29,25.35,30.46,1791.0,1784.0,178.2,618.3,20.0,28.46,1049.0,43.7,81.6,0.0,18.8,92.8,21.18,0,0
2026-09-13T22:00:00Z,CDU-A2,HALL-A,25.08,25.17,30.41,1805.0,1798.0,180.9,642.3,19.9,28.41,1084.0,45.2,82.2,0.0,19.1,92.8,21.67,0,0
2026-09-13T23:00:00Z,CDU-A2,HALL-A,24.71,24.96,30.21,1805.0,1797.0,181.0,663.0,20.1,28.21,1174.0,48.9,82.3,0.0,19.1,92.8,21.67,0,0
2026-09-14T00:00:00Z,CDU-A2,HALL-A,25.23,25.35,30.32,1801.0,1800.0,180.2,612.0,20.1,28.31,1069.0,44.5,82.0,0.0,19.0,92.8,21.54,0,0
2026-09-14T01:00:00Z,CDU-A2,HALL-A,25.25,25.27,30.26,1806.0,1780.0,181.3,604.1,19.9,28.26,1038.0,43.2,82.3,0.0,19.1,92.8,21.73,0,0
2026-09-14T02:00:00Z,CDU-A2,HALL-A,25.29,25.35,30.25,1801.0,1764.0,180.2,596.9,19.9,28.26,1027.0,42.8,82.1,0.0,19.0,92.8,21.54,0,0
2026-09-14T03:00:00Z,CDU-A2,HALL-A,25.14,25.21,30.14,1802.0,1792.0,180.4,602.5,20.2,28.14,1089.0,45.4,82.1,0.0,19.1,92.8,21.57,0,0
2026-09-14T04:00:00Z,CDU-A2,HALL-A,24.97,25.06,30.21,1788.0,1757.0,177.8,625.7,20.0,28.21,1094.0,45.6,81.4,0.0,18.8,92.8,21.08,0,0
2026-09-14T05:00:00Z,CDU-A2,HALL-A,24.81,24.92,30.2,1790.0,1772.0,178.0,644.2,19.9,28.2,1115.0,46.4,81.5,0.0,18.8,92.8,21.16,0,0
2026-09-14T06:00:00Z,CDU-A2,HALL-A,25.18,25.22,30.41,1808.0,1799.0,181.6,631.2,20.0,28.4,1077.0,44.8,82.4,0.0,19.2,92.8,21.8,0,0
2026-09-14T07:00:00Z,CDU-A2,HALL-A,25.26,25.38,30.63,1799.0,1796.0,179.7,645.9,20.0,28.64,1074.0,44.7,82.0,0.0,19.0,92.8,21.46,0,0
2026-09-14T08:00:00Z,CDU-A2,HALL-A,25.01,25.14,30.49,1794.0,1791.0,178.8,656.9,19.9,28.49,1097.0,45.8,81.8,0.0,18.9,92.8,21.29,0,0
2026-09-14T09:00:00Z,CDU-A2,HALL-A,25.04,25.14,30.28,1806.0,1796.0,181.1,631.7,20.0,28.28,1096.0,45.7,82.3,0.0,19.2,92.8,21.71,0,0
2026-09-14T10:00:00Z,CDU-A2,HALL-A,25.25,25.27,30.3,1804.0,1799.0,180.8,608.3,20.0,28.3,1052.0,43.9,82.2,0.0,19.1,92.8,21.64,0,0
2026-09-14T11:00:00Z,CDU-A2,HALL-A,25.37,25.4,30.4,1784.0,1775.0,176.9,599.3,19.8,28.4,1001.0,41.7,81.3,0.0,18.7,92.8,20.95,0,0
2026-09-14T12:00:00Z,CDU-A2,HALL-A,25.11,25.3,30.34,1804.0,1793.0,180.8,630.9,20.2,28.34,1112.0,46.4,82.2,0.0,19.1,92.8,21.65,0,0
2026-09-14T13:00:00Z,CDU-A2,HALL-A,25.17,25.27,30.5,1785.0,1767.0,177.0,636.1,20.4,28.5,1126.0,47.0,81.3,0.0,18.7,92.8,20.98,0,0
2026-09-14T14:00:00Z,CDU-A2,HALL-A,25.37,25.8,30.44,1793.0,1780.0,178.6,607.5,19.9,28.44,1021.0,42.6,81.7,0.0,18.9,92.8,21.25,0,0
2026-09-14T15:00:00Z,CDU-A2,HALL-A,25.34,25.37,30.24,1810.0,1793.0,182.0,592.2,20.2,28.24,1058.0,44.1,37.1,45.3,19.2,92.8,21.86,0,0
2026-09-14T16:00:00Z,CDU-A2,HALL-A,25.37,25.61,30.33,1813.0,1811.0,182.6,600.6,19.8,28.32,1011.0,42.1,0.0,82.6,19.3,92.8,21.96,0,0
2026-09-14T17:00:00Z,CDU-A2,HALL-A,25.41,25.57,30.35,1791.0,1787.0,178.2,590.6,20.0,28.35,1016.0,42.3,0.0,81.6,18.9,92.8,21.18,0,0
2026-09-14T18:00:00Z,CDU-A2,HALL-A,24.95,25.11,30.26,1808.0,1785.0,181.6,641.0,20.0,28.26,1115.0,46.4,0.0,82.4,19.2,92.8,21.78,0,0
2026-09-14T19:00:00Z,CDU-A2,HALL-A,24.91,25.06,30.43,1822.0,1809.0,184.4,671.5,20.2,28.42,1171.0,48.7,0.0,83.0,19.5,92.8,22.29,0,0
2026-09-14T20:00:00Z,CDU-A2,HALL-A,24.99,25.14,30.49,1804.0,1776.0,180.8,663.1,19.7,28.49,1083.0,45.2,0.0,82.2,19.1,92.8,21.64,0,0
2026-09-14T21:00:00Z,CDU-A2,HALL-A,25.0,25.16,30.42,1793.0,1782.0,178.6,648.8,20.1,28.41,1120.0,46.7,0.0,81.7,18.9,92.8,21.27,0,0
2026-09-14T22:00:00Z,CDU-A2,HALL-A,25.04,25.05,30.31,1799.0,1794.0,179.8,633.1,19.9,28.3,1080.0,45.1,0.0,82.0,19.0,92.8,21.46,0,0
2026-09-14T23:00:00Z,CDU-A2,HALL-A,25.32,25.56,30.42,1795.0,1790.0,179.0,612.0,20.0,28.42,1042.0,43.4,0.0,81.7,18.9,92.8,21.33,0,0
2026-09-15T00:00:00Z,CDU-A2,HALL-A,25.28,25.42,30.33,1800.0,1797.0,180.1,606.8,20.1,28.33,1059.0,44.1,0.0,82.0,19.1,92.8,21.5,0,0
2026-09-15T01:00:00Z,CDU-A2,HALL-A,25.25,25.44,30.4,1807.0,1802.0,181.4,622.2,19.8,28.4,1038.0,43.3,0.0,82.3,19.2,92.8,21.75,0,0
2026-09-15T02:00:00Z,CDU-A2,HALL-A,25.12,25.14,30.49,1795.0,1771.0,179.0,644.0,19.8,28.49,1064.0,44.3,0.0,81.8,18.9,92.8,21.34,0,0
2026-09-15T03:00:00Z,CDU-A2,HALL-A,25.4,25.42,30.56,1804.0,1769.0,180.8,621.9,20.1,28.56,1055.0,44.0,0.0,82.2,19.1,92.8,21.65,0,0
2026-09-15T04:00:00Z,CDU-A2,HALL-A,25.28,25.32,30.49,1802.0,1785.0,180.5,627.2,19.9,28.49,1048.0,43.7,0.0,82.1,19.1,92.8,21.58,0,0
2026-09-15T05:00:00Z,CDU-A2,HALL-A,25.28,25.44,30.26,1808.0,1803.0,181.6,602.0,19.8,28.26,1021.0,42.5,0.0,82.4,19.2,92.8,21.78,0,0
2026-09-15T06:00:00Z,CDU-A2,HALL-A,25.3,25.39,30.38,1810.0,1805.0,182.0,614.7,20.0,28.39,1053.0,43.9,0.0,82.5,19.3,92.8,21.86,0,0
2026-09-15T07:00:00Z,CDU-A2,HALL-A,25.4,25.46,30.63,1793.0,1792.0,178.6,626.7,20.1,28.64,1055.0,44.0,0.0,81.7,18.9,92.8,21.25,0,0
2026-09-15T08:00:00Z,CDU-A2,HALL-A,24.95,25.22,30.45,1792.0,1782.0,178.4,658.8,20.0,28.45,1119.0,46.6,0.0,81.6,18.9,92.8,21.21,0,0
2026-09-15T09:00:00Z,CDU-A2,HALL-A,25.33,25.5,30.33,1811.0,1806.0,182.3,604.4,19.9,28.32,1029.0,42.8,0.0,82.5,19.3,92.8,21.88,0,0
2026-09-15T10:00:00Z,CDU-A2,HALL-A,25.17,25.41,30.46,1800.0,1776.0,180.1,636.6,20.0,28.46,1079.0,44.9,0.0,82.0,19.1,92.8,21.5,0,0
2026-09-15T11:00:00Z,CDU-A2,HALL-A,24.94,24.99,30.47,1810.0,1802.0,182.0,669.3,19.9,28.48,1120.0,46.7,0.0,82.4,19.3,92.8,21.86,0,0
2026-09-15T12:00:00Z,CDU-A2,HALL-A,25.24,25.38,30.45,1792.0,1767.0,178.4,623.7,19.8,28.45,1035.0,43.1,0.0,81.6,18.9,92.8,21.22,0,0
2026-09-15T13:00:00Z,CDU-A2,HALL-A,24.91,25.12,30.5,1796.0,1792.0,179.2,670.4,19.9,28.5,1119.0,46.6,0.0,81.8,19.0,92.8,21.36,0,0
2026-09-15T14:00:00Z,CDU-A2,HALL-A,25.23,25.31,30.56,1802.0,1788.0,180.4,642.1,20.0,28.56,1076.0,44.9,0.0,82.1,19.2,92.8,21.58,0,0
2026-09-15T15:00:00Z,CDU-A2,HALL-A,24.87,24.95,30.29,1808.0,1793.0,181.6,655.0,20.4,28.29,1191.0,49.6,0.0,82.4,19.3,92.8,21.79,0,0
2026-09-15T16:00:00Z,CDU-A2,HALL-A,24.87,24.99,30.14,1802.0,1784.0,180.4,634.1,20.0,28.14,1119.0,46.6,0.0,82.1,19.2,92.8,21.57,0,0
2026-09-15T17:00:00Z,CDU-A2,HALL-A,24.7,24.77,30.24,1791.0,1749.0,178.2,663.2,20.1,28.25,1169.0,48.7,0.0,81.6,18.9,92.8,21.18,0,0
2026-09-15T18:00:00Z,CDU-A2,HALL-A,24.88,25.02,30.25,1804.0,1798.0,180.8,647.6,20.1,28.26,1140.0,47.5,0.0,82.2,19.2,92.8,21.65,0,0
2026-09-15T19:00:00Z,CDU-A2,HALL-A,24.82,24.98,30.06,1813.0,1809.0,182.6,635.3,20.1,28.07,1145.0,47.7,0.0,82.6,19.4,92.8,21.96,0,0
2026-09-15T20:00:00Z,CDU-A2,HALL-A,24.71,24.75,30.08,1796.0,1789.0,179.2,644.8,19.9,28.09,1131.0,47.2,0.0,81.8,19.0,92.8,21.35,0,0
2026-09-15T21:00:00Z,CDU-A2,HALL-A,25.04,25.1,30.24,1797.0,1792.0,179.4,624.9,19.8,28.25,1062.0,44.3,0.0,81.8,19.1,92.8,21.38,0,0
2026-09-15T22:00:00Z,CDU-A2,HALL-A,25.01,25.14,30.39,1789.0,1774.0,177.8,643.6,20.3,28.4,1142.0,47.6,0.0,81.5,18.9,92.8,21.12,0,0
2026-09-15T23:00:00Z,CDU-A2,HALL-A,24.96,25.06,30.56,1801.0,1790.0,180.2,673.5,19.9,28.57,1117.0,46.6,0.0,82.1,19.1,92.8,21.54,0,0
2026-09-16T00:00:00Z,CDU-A2,HALL-A,25.03,25.36,30.44,1813.0,1799.0,182.6,655.1,20.0,28.43,1114.0,46.4,0.0,82.6,19.4,92.8,21.96,0,0
2026-09-16T01:00:00Z,CDU-A2,HALL-A,24.8,24.83,30.41,1796.0,1784.0,179.2,672.9,20.2,28.41,1177.0,49.0,0.0,81.8,19.1,92.8,21.36,0,0
2026-09-16T02:00:00Z,CDU-A2,HALL-A,25.11,25.25,30.43,1790.0,1772.0,178.0,636.6,20.0,28.44,1084.0,45.2,0.0,81.6,18.9,92.8,21.14,0,0
2026-09-16T03:00:00Z,CDU-A2,HALL-A,25.05,25.25,30.39,1808.0,1806.0,181.7,645.5,19.8,28.39,1078.0,44.9,0.0,82.4,19.3,92.8,21.79,0,0
2026-09-16T04:00:00Z,CDU-A2,HALL-A,24.91,24.92,30.14,1803.0,1789.0,180.6,629.9,20.2,28.14,1139.0,47.4,0.0,82.2,19.2,92.8,21.6,0,0
2026-09-16T05:00:00Z,CDU-A2,HALL-A,25.07,25.39,30.09,1811.0,1799.0,182.2,607.9,20.0,28.09,1078.0,45.0,0.0,82.5,19.4,92.8,21.89,0,0
2026-09-16T06:00:00Z,CDU-A2,HALL-A,25.31,25.4,30.18,1817.0,1778.0,183.4,591.1,20.0,28.18,1037.0,43.2,0.0,82.7,19.5,92.8,22.11,0,0
2026-09-16T07:00:00Z,CDU-A2,HALL-A,25.03,25.4,30.02,1800.0,1781.0,179.9,600.1,20.0,28.02,1074.0,44.8,0.0,82.0,19.2,92.8,21.51,0,0
2026-09-16T08:00:00Z,CDU-A2,HALL-A,24.95,24.98,30.06,1783.0,1757.0,176.6,608.4,19.8,28.06,1058.0,44.0,0.0,81.2,18.8,92.8,20.91,0,0
2026-09-16T09:00:00Z,CDU-A2,HALL-A,24.9,25.05,30.02,1807.0,1796.0,181.4,617.9,20.2,28.02,1134.0,47.2,0.0,82.3,19.3,92.8,21.74,0,0
2026-09-16T10:00:00Z,CDU-A2,HALL-A,24.62,24.85,30.25,1800.0,1799.0,180.0,676.8,20.1,28.24,1192.0,49.7,0.0,82.0,19.1,92.8,21.5,0,0
2026-09-16T11:00:00Z,CDU-A2,HALL-A,24.69,24.75,30.36,1804.0,1802.0,180.8,683.7,20.0,28.36,1173.0,48.9,0.0,82.2,19.2,92.8,21.65,0,0
2026-09-16T12:00:00Z,CDU-A2,HALL-A,24.24,24.33,30.28,1790.0,1763.0,178.0,722.8,20.0,28.29,1253.0,52.2,0.0,81.5,18.9,92.8,21.16,0,0
2026-09-16T13:00:00Z,CDU-A2,HALL-A,24.43,24.5,30.13,1793.0,1765.0,178.6,682.9,20.2,28.13,1235.0,51.4,0.0,81.7,19.0,92.8,21.26,0,0
2026-09-16T14:00:00Z,CDU-A2,HALL-A,24.4,24.44,29.86,1798.0,1791.0,179.6,655.5,20.1,27.86,1213.0,50.6,0.0,81.9,19.1,92.8,21.43,0,0
2026-09-16T15:00:00Z,CDU-A2,HALL-A,24.3,24.34,30.22,1793.0,1776.0,178.6,709.7,19.8,28.22,1209.0,50.4,0.0,81.7,19.0,92.8,21.26,0,0
2026-09-16T16:00:00Z,CDU-A2,HALL-A,24.3,24.32,30.1,1806.0,1795.0,181.2,700.3,19.9,28.1,1225.0,51.0,0.0,82.3,19.3,92.8,21.71,0,0
2026-09-16T17:00:00Z,CDU-A2,HALL-A,24.36,24.38,30.14,1797.0,1788.0,179.4,694.0,20.1,28.14,1239.0,51.6,0.0,81.9,19.1,92.8,21.4,0,0
2026-09-16T18:00:00Z,CDU-A2,HALL-A,24.49,24.85,30.19,1801.0,1786.0,180.2,685.5,20.1,28.19,1217.0,50.7,0.0,82.1,19.2,92.8,21.54,0,0
2026-09-16T19:00:00Z,CDU-A2,HALL-A,24.38,24.53,30.35,1792.0,1782.0,178.4,714.6,19.9,28.35,1214.0,50.6,0.0,81.7,19.0,92.8,21.22,0,0
2026-09-16T20:00:00Z,CDU-A2,HALL-A,24.64,24.95,30.69,1800.0,1786.0,180.0,727.6,19.9,28.69,1188.0,49.4,0.0,82.0,19.2,92.8,21.5,0,0
2026-09-16T21:00:00Z,CDU-A2,HALL-A,24.88,24.96,30.76,1787.0,1777.0,177.4,702.6,20.2,28.76,1177.0,49.1,0.0,81.4,18.9,92.8,21.05,0,0
2026-09-16T22:00:00Z,CDU-A2,HALL-A,24.76,25.02,30.64,1801.0,1792.0,180.2,707.8,20.2,28.64,1203.0,50.2,0.0,82.1,19.2,92.8,21.53,0,0
2026-09-16T23:00:00Z,CDU-A2,HALL-A,24.89,25.13,30.52,1797.0,1775.0,179.4,675.8,19.8,28.52,1113.0,46.4,0.0,81.9,19.2,92.8,21.4,0,0
2026-09-17T00:00:00Z,CDU-A2,HALL-A,25.29,25.3,30.59,1800.0,1790.0,180.0,637.9,20.1,28.6,1078.0,44.9,0.0,82.0,19.2,92.8,21.49,0,0
2026-09-17T01:00:00Z,CDU-A2,HALL-A,25.4,25.53,30.68,1806.0,1805.0,181.2,637.2,19.9,28.68,1042.0,43.4,0.0,82.3,19.3,92.8,21.71,0,0
2026-09-17T02:00:00Z,CDU-A2,HALL-A,25.25,25.32,30.48,1790.0,1772.0,178.0,625.2,20.0,28.48,1059.0,44.0,0.0,81.5,19.0,92.8,21.15,0,0
2026-09-17T03:00:00Z,CDU-A2,HALL-A,25.05,25.28,30.25,1797.0,1788.0,179.4,624.1,20.1,28.25,1100.0,45.9,0.0,81.9,19.1,92.8,21.39,0,0
2026-09-17T04:00:00Z,CDU-A2,HALL-A,25.08,25.23,30.27,1799.0,1794.0,179.8,624.2,19.9,28.27,1069.0,44.5,0.0,81.9,19.2,92.8,21.47,0,0
2026-09-17T05:00:00Z,CDU-A2,HALL-A,25.48,25.56,30.35,1823.0,1803.0,184.6,592.7,20.1,28.35,1032.0,43.0,0.0,83.0,19.7,92.8,22.33,0,0
2026-09-17T06:00:00Z,CDU-A2,HALL-A,25.49,25.56,30.52,1789.0,1778.0,177.8,601.2,20.0,28.52,1012.0,42.2,0.0,81.5,19.0,92.8,21.12,0,0
2026-09-17T07:00:00Z,CDU-A2,HALL-A,25.5,25.64,30.43,1808.0,1785.0,181.6,595.4,19.7,28.43,979.0,40.8,0.0,82.4,19.4,92.8,21.78,0,0
2026-09-17T08:00:00Z,CDU-A2,HALL-A,25.38,25.51,30.6,1795.0,1784.0,179.0,625.7,20.1,28.6,1057.0,44.1,0.0,81.7,19.1,92.8,21.32,0,0
2026-09-17T09:00:00Z,CDU-A2,HALL-A,25.15,25.16,30.17,1783.0,1782.0,176.6,597.6,20.1,28.17,1064.0,44.4,0.0,81.2,18.8,92.8,20.9,0,0
2026-09-17T10:00:00Z,CDU-A2,HALL-A,25.15,25.16,30.16,1800.0,1780.0,180.0,602.4,20.0,28.16,1060.0,44.2,0.0,82.0,19.2,92.8,21.5,0,0
2026-09-17T11:00:00Z,CDU-A2,HALL-A,24.91,25.07,30.2,1802.0,1793.0,180.4,636.7,20.1,28.2,1129.0,47.0,0.0,82.1,19.3,92.8,21.56,0,0
2026-09-17T12:00:00Z,CDU-A2,HALL-A,25.45,25.64,30.46,1807.0,1783.0,181.4,604.3,20.1,28.46,1039.0,43.3,0.0,82.3,19.4,92.8,21.75,0,0
2026-09-17T13:00:00Z,CDU-A2,HALL-A,25.58,25.82,30.53,1795.0,1766.0,179.1,594.2,20.0,28.53,999.0,41.6,0.0,81.8,19.1,92.8,21.33,0,0
2026-09-17T14:00:00Z,CDU-A2,HALL-A,25.52,25.61,30.64,1788.0,1777.0,177.6,611.1,19.9,28.63,1004.0,41.9,0.0,81.5,19.0,92.8,21.07,0,0
2026-09-17T15:00:00Z,CDU-A2,HALL-A,25.74,25.82,30.47,1790.0,1788.0,178.0,565.4,19.8,28.47,937.0,39.1,0.0,81.6,19.0,92.8,21.16,0,0
2026-09-17T16:00:00Z,CDU-A2,HALL-A,25.55,25.77,30.28,1792.0,1787.0,178.4,565.9,20.1,28.27,993.0,41.4,0.0,81.7,19.0,92.8,21.22,0,0
2026-09-17T17:00:00Z,CDU-A2,HALL-A,25.27,25.28,30.44,1810.0,1799.0,182.1,624.8,20.1,28.44,1075.0,44.7,0.0,82.5,19.4,92.8,21.86,0,0
2026-09-17T18:00:00Z,CDU-A2,HALL-A,25.08,25.15,30.38,1808.0,1760.0,181.6,640.4,20.0,28.39,1097.0,45.7,0.0,82.4,19.4,92.8,21.8,0,0
2026-09-17T19:00:00Z,CDU-A2,HALL-A,25.02,25.2,30.37,1809.0,1788.0,181.8,647.0,19.9,28.37,1096.0,45.7,0.0,82.4,19.4,92.8,21.82,0,0
2026-09-17T20:00:00Z,CDU-A2,HALL-A,25.33,25.33,30.71,1793.0,1771.0,178.7,644.5,20.1,28.72,1075.0,44.8,0.0,81.7,19.1,92.8,21.26,0,0
2026-09-17T21:00:00Z,CDU-A2,HALL-A,25.57,25.79,30.66,1793.0,1761.0,178.7,609.5,20.3,28.65,1046.0,43.6,0.0,81.7,19.1,92.8,21.25,0,0
2026-09-17T22:00:00Z,CDU-A2,HALL-A,25.25,25.35,30.19,1798.0,1775.0,179.6,593.8,20.1,28.19,1053.0,43.8,0.0,81.9,19.2,92.8,21.42,0,0
2026-09-17T23:00:00Z,CDU-A2,HALL-A,25.12,25.13,30.35,1822.0,1821.0,184.5,636.3,20.0,28.34,1094.0,45.6,0.0,83.0,19.7,92.8,22.28,0,0
2026-09-18T00:00:00Z,CDU-A2,HALL-A,25.17,25.19,30.4,1809.0,1792.0,181.8,632.5,20.0,28.4,1080.0,45.0,0.0,82.4,19.4,92.8,21.82,0,0
2026-09-18T01:00:00Z,CDU-A2,HALL-A,24.6,24.67,30.56,1791.0,1778.0,178.2,713.2,20.3,28.57,1240.0,51.7,0.0,81.6,19.1,92.8,21.19,0,0
2026-09-18T02:00:00Z,CDU-A2,HALL-A,24.98,25.14,30.57,1803.0,1796.0,180.5,673.1,20.0,28.58,1128.0,47.0,0.0,82.1,19.3,92.8,21.6,0,0
2026-09-18T03:00:00Z,CDU-A2,HALL-A,24.97,25.19,30.61,1811.0,1799.0,182.3,682.9,20.0,28.61,1138.0,47.5,0.0,82.5,19.5,92.8,21.88,0,0
2026-09-18T04:00:00Z,CDU-A2,HALL-A,24.9,25.04,30.57,1788.0,1767.0,177.6,677.1,19.9,28.57,1121.0,46.7,0.0,81.5,19.0,92.8,21.08,0,0
2026-09-18T05:00:00Z,CDU-A2,HALL-A,25.2,25.24,30.51,1804.0,1778.0,180.9,640.1,19.9,28.51,1067.0,44.5,0.0,82.2,19.3,92.8,21.64,0,0
2026-09-18T06:00:00Z,CDU-A2,HALL-A,25.54,25.55,30.51,1794.0,1792.0,178.8,595.2,20.1,28.51,1017.0,42.4,0.0,81.7,19.1,92.8,21.29,0,0
2026-09-18T07:00:00Z,CDU-A2,HALL-A,25.34,25.41,30.33,1780.0,1775.0,176.0,593.6,20.0,28.33,1023.0,42.6,0.0,81.1,18.8,92.8,20.81,0,0
2026-09-18T08:00:00Z,CDU-A2,HALL-A,25.22,25.29,30.16,1793.0,1789.0,178.6,591.3,19.9,28.16,1028.0,42.9,0.0,81.7,19.1,92.8,21.26,0,0
2026-09-18T09:00:00Z,CDU-A2,HALL-A,24.92,25.0,30.15,1794.0,1777.0,178.8,627.3,20.1,28.15,1118.0,46.6,0.0,81.7,19.1,92.8,21.29,0,0
2026-09-18T10:00:00Z,CDU-A2,HALL-A,24.82,24.92,30.18,1807.0,1797.0,181.4,647.0,19.8,28.18,1108.0,46.2,0.0,82.3,19.4,92.8,21.75,0,0
2026-09-18T11:00:00Z,CDU-A2,HALL-A,24.39,24.47,29.95,1794.0,1789.0,178.8,666.1,19.9,27.95,1188.0,49.6,0.0,81.7,19.1,92.8,21.29,0,0
2026-09-18T12:00:00Z,CDU-A2,HALL-A,24.63,24.68,30.22,1788.0,1783.0,177.7,667.8,20.1,28.23,1181.0,49.2,0.0,81.5,19.0,92.8,21.09,0,0
2026-09-18T13:00:00Z,CDU-A2,HALL-A,24.78,24.88,30.55,1813.0,1784.0,182.6,698.6,20.2,28.54,1201.0,50.0,0.0,82.6,19.5,92.8,21.97,0,0
2026-09-18T14:00:00Z,CDU-A2,HALL-A,24.65,24.73,30.54,1803.0,1796.0,180.6,709.1,20.2,28.54,1221.0,50.8,0.0,82.2,19.3,92.8,21.6,0,0
2026-09-18T15:00:00Z,CDU-A2,HALL-A,24.68,24.86,30.51,1805.0,1804.0,181.0,702.5,20.1,28.51,1200.0,50.0,0.0,82.2,19.3,92.8,21.67,0,0
2026-09-18T16:00:00Z,CDU-A2,HALL-A,24.49,24.56,30.54,1809.0,1791.0,181.7,730.6,20.0,28.54,1229.0,51.2,0.0,82.4,19.5,92.8,21.82,0,0
2026-09-18T17:00:00Z,CDU-A2,HALL-A,24.42,24.53,30.21,1801.0,1790.0,180.3,696.7,20.1,28.21,1233.0,51.4,0.0,82.1,19.3,92.8,21.54,0,0
2026-09-18T18:00:00Z,CDU-A2,HALL-A,24.95,25.06,30.15,1797.0,1786.0,179.4,624.0,20.1,28.15,1113.0,46.3,0.0,81.8,19.2,92.8,21.4,0,0
2026-09-18T19:00:00Z,CDU-A2,HALL-A,24.8,24.87,29.96,1799.0,1788.0,179.8,620.8,19.9,27.97,1105.0,46.1,0.0,81.9,19.3,92.8,21.47,0,0
2026-09-18T20:00:00Z,CDU-A2,HALL-A,24.62,24.78,29.87,1812.0,1803.0,182.3,635.7,20.0,27.88,1160.0,48.3,0.0,82.5,19.6,92.8,21.92,0,0
2026-09-18T21:00:00Z,CDU-A2,HALL-A,25.07,25.11,30.33,1806.0,1805.0,181.2,634.6,19.9,28.32,1080.0,45.0,0.0,82.3,19.4,92.8,21.72,0,0
2026-09-18T22:00:00Z,CDU-A2,HALL-A,25.11,25.34,30.41,1800.0,1799.0,180.1,636.9,20.1,28.41,1101.0,45.9,0.0,82.0,19.3,92.8,21.49,0,0
2026-09-18T23:00:00Z,CDU-A2,HALL-A,25.18,25.46,30.63,1793.0,1766.0,178.6,652.4,19.9,28.62,1073.0,44.6,0.0,81.7,19.2,92.8,21.26,0,0
2026-09-19T00:00:00Z,CDU-A2,HALL-A,25.22,25.25,30.51,1818.0,1812.0,183.6,642.9,20.1,28.51,1096.0,45.7,0.0,82.8,19.7,92.8,22.13,0,0
2026-09-19T01:00:00Z,CDU-A2,HALL-A,25.19,25.38,30.3,1801.0,1800.0,180.2,615.1,20.2,28.3,1090.0,45.5,0.0,82.1,19.3,92.8,21.54,0,0
2026-09-19T02:00:00Z,CDU-A2,HALL-A,24.94,25.01,30.36,1799.0,1780.0,179.9,652.0,19.8,28.37,1093.0,45.5,0.0,82.0,19.3,92.8,21.46,0,0
2026-09-19T03:00:00Z,CDU-A2,HALL-A,24.94,24.97,30.65,1791.0,1786.0,178.2,683.1,20.2,28.65,1160.0,48.4,0.0,81.6,19.1,92.8,21.19,0,0
2026-09-19T04:00:00Z,CDU-A2,HALL-A,25.09,25.27,30.69,1802.0,1800.0,180.4,674.7,20.2,28.7,1140.0,47.5,0.0,82.1,19.4,92.8,21.57,0,0
2026-09-19T05:00:00Z,CDU-A2,HALL-A,25.03,25.14,30.6,1812.0,1782.0,182.4,674.6,20.0,28.59,1125.0,46.9,0.0,82.6,19.6,92.8,21.94,0,0
2026-09-19T06:00:00Z,CDU-A2,HALL-A,25.24,25.3,30.4,1809.0,1804.0,181.8,623.6,19.8,28.4,1041.0,43.3,0.0,82.4,19.5,92.8,21.83,0,0
2026-09-19T07:00:00Z,CDU-A2,HALL-A,25.14,25.14,30.49,1794.0,1780.0,178.8,641.7,20.0,28.5,1085.0,45.3,0.0,81.7,19.2,92.8,21.29,0,0
2026-09-19T08:00:00Z,CDU-A2,HALL-A,25.24,25.36,30.52,1803.0,1792.0,180.6,636.1,20.0,28.52,1071.0,44.6,0.0,82.1,19.4,92.8,21.6,0,0
2026-09-19T09:00:00Z,CDU-A2,HALL-A,25.13,25.42,30.45,1790.0,1778.0,178.0,636.3,20.0,28.45,1081.0,45.1,0.0,81.6,19.1,92.8,21.15,0,0
2026-09-19T10:00:00Z,CDU-A2,HALL-A,25.39,25.55,30.64,1797.0,1794.0,179.4,630.4,20.0,28.64,1047.0,43.6,0.0,81.8,19.3,92.8,21.39,0,0
2026-09-19T11:00:00Z,CDU-A2,HALL-A,25.23,25.49,30.56,1785.0,1782.0,177.0,635.7,19.9,28.56,1054.0,44.0,0.0,81.3,19.0,92.8,20.98,0,0
2026-09-19T12:00:00Z,CDU-A2,HALL-A,25.17,25.21,30.41,1795.0,1792.0,179.0,628.9,20.1,28.42,1086.0,45.3,0.0,81.8,19.2,92.8,21.33,0,0
2026-09-19T13:00:00Z,CDU-A2,HALL-A,25.3,25.41,30.09,1792.0,1787.0,178.4,573.9,20.0,28.1,1018.0,42.4,0.0,81.6,19.2,92.8,21.23,0,0
2026-09-19T14:00:00Z,CDU-A2,HALL-A,25.22,25.42,29.76,1818.0,1809.0,183.6,552.0,19.9,27.77,1008.0,42.0,0.0,82.8,19.7,92.8,22.14,0,0
2026-09-19T15:00:00Z,CDU-A2,HALL-A,24.96,25.1,30.03,1809.0,1802.0,181.9,612.5,20.1,28.03,1109.0,46.2,0.0,82.4,19.5,92.8,21.81,0,0
2026-09-19T16:00:00Z,CDU-A2,HALL-A,24.87,24.98,30.12,1780.0,1753.0,176.0,624.3,20.1,28.11,1117.0,46.5,0.0,81.1,18.9,92.8,20.8,0,0
2026-09-19T17:00:00Z,CDU-A2,HALL-A,25.0,25.04,30.18,1802.0,1789.0,180.4,623.3,20.2,28.18,1122.0,46.7,0.0,82.1,19.4,92.8,21.56,0,0
2026-09-19T18:00:00Z,CDU-A2,HALL-A,24.82,24.96,30.16,1792.0,1782.0,178.4,639.3,19.9,28.16,1111.0,46.2,0.0,81.6,19.2,92.8,21.22,0,0
2026-09-19T19:00:00Z,CDU-A2,HALL-A,25.03,25.14,30.27,1807.0,1803.0,181.5,632.3,19.9,28.27,1085.0,45.2,0.0,82.3,19.5,92.8,21.74,0,0
2026-09-19T20:00:00Z,CDU-A2,HALL-A,24.9,25.04,30.24,1796.0,1787.0,179.2,640.6,20.0,28.24,1116.0,46.5,0.0,81.8,19.3,92.8,21.36,0,0
2026-09-19T21:00:00Z,CDU-A2,HALL-A,24.91,24.99,30.1,1806.0,1779.0,181.2,626.5,19.7,28.11,1071.0,44.6,0.0,82.3,19.5,92.8,21.71,0,0
2026-09-19T22:00:00Z,CDU-A2,HALL-A,25.09,25.2,30.17,1807.0,1790.0,181.5,612.7,20.0,28.16,1077.0,44.9,0.0,82.4,19.5,92.8,21.75,0,0
2026-09-19T23:00:00Z,CDU-A2,HALL-A,25.12,25.3,30.28,1813.0,1797.0,182.6,625.2,20.1,28.28,1097.0,45.8,0.0,82.6,19.6,92.8,21.96,0,0
2026-09-20T00:00:00Z,CDU-A2,HALL-A,24.98,24.99,29.93,1786.0,1777.0,177.2,590.2,19.8,27.93,1043.0,43.4,0.0,81.4,19.1,92.8,21.01,0,0
2026-09-20T01:00:00Z,CDU-A2,HALL-A,25.01,25.06,30.04,1808.0,1798.0,181.7,607.1,19.9,28.03,1071.0,44.6,0.0,82.4,19.6,92.8,21.78,0,0
2026-09-20T02:00:00Z,CDU-A2,HALL-A,25.0,25.07,29.95,1784.0,1770.0,176.8,589.8,19.8,27.96,1039.0,43.3,0.0,81.3,19.0,92.8,20.94,0,0
2026-09-20T03:00:00Z,CDU-A2,HALL-A,24.94,25.29,30.18,1784.0,1777.0,176.8,625.1,20.1,28.18,1110.0,46.2,0.0,81.3,19.0,92.8,20.94,0,0
2026-09-20T04:00:00Z,CDU-A2,HALL-A,25.03,25.07,30.39,1807.0,1789.0,181.4,646.8,19.6,28.39,1056.0,44.1,0.0,82.3,19.5,92.8,21.74,0,0
2026-09-20T05:00:00Z,CDU-A2,HALL-A,25.21,25.34,30.25,1797.0,1793.0,179.4,605.6,19.8,28.26,1028.0,42.9,0.0,81.8,19.3,92.8,21.39,0,0
2026-09-20T06:00:00Z,CDU-A2,HALL-A,25.05,25.13,30.38,1796.0,1776.0,179.2,639.2,19.9,28.37,1082.0,45.1,0.0,81.8,19.3,92.8,21.36,0,0
2026-09-20T07:00:00Z,CDU-A2,HALL-A,25.22,25.75,30.42,1795.0,1781.0,179.0,623.9,20.2,28.42,1089.0,45.3,0.0,81.8,19.3,92.8,21.33,0,0
2026-09-20T08:00:00Z,CDU-A2,HALL-A,25.2,25.23,30.39,1815.0,1800.0,183.0,629.2,19.9,28.39,1064.0,44.4,0.0,82.7,19.7,92.8,22.03,0,0
2026-09-20T09:00:00Z,CDU-A2,HALL-A,24.93,25.0,30.29,1808.0,1805.0,181.6,647.3,20.1,28.29,1135.0,47.2,0.0,82.4,19.5,92.8,21.78,0,0
2026-09-20T10:00:00Z,CDU-A2,HALL-A,24.54,24.62,30.18,1796.0,1772.0,179.2,676.4,20.2,28.17,1217.0,50.7,0.0,81.8,19.3,92.8,21.37,0,0
2026-09-20T11:00:00Z,CDU-A2,HALL-A,24.57,24.65,30.42,1798.0,1795.0,179.6,702.8,19.9,28.42,1184.0,49.4,0.0,81.9,19.3,92.8,21.42,0,0
2026-09-20T12:00:00Z,CDU-A2,HALL-A,24.7,24.97,30.43,1800.0,1799.0,180.0,688.9,19.8,28.42,1146.0,47.7,0.0,82.0,19.4,92.8,21.49,0,0
2026-09-20T13:00:00Z,CDU-A2,HALL-A,24.79,24.82,30.36,1794.0,1794.0,178.8,667.8,20.0,28.36,1146.0,47.7,0.0,81.7,19.3,92.8,21.29,0,0
2026-09-20T14:00:00Z,CDU-A2,HALL-A,25.09,25.15,30.62,1795.0,1794.0,179.0,663.4,19.9,28.61,1091.0,45.5,0.0,81.8,19.3,92.8,21.32,0,0
2026-09-20T15:00:00Z,CDU-A2,HALL-A,25.24,25.27,30.81,1798.0,1775.0,179.6,669.2,19.9,28.81,1078.0,44.9,0.0,81.9,19.4,92.8,21.44,0,0
2026-09-20T16:00:00Z,CDU-A2,HALL-A,25.12,25.23,30.65,1821.0,1808.0,184.3,672.8,20.2,28.65,1142.0,47.5,0.0,83.0,19.9,92.8,22.25,0,0
2026-09-20T17:00:00Z,CDU-A2,HALL-A,25.12,25.22,30.68,1796.0,1770.0,179.2,667.6,20.0,28.68,1103.0,45.9,0.0,81.8,19.3,92.8,21.36,0,0
2026-09-20T18:00:00Z,CDU-A2,HALL-A,25.48,25.55,30.68,1803.0,1794.0,180.6,626.8,20.0,28.69,1036.0,43.2,0.0,82.1,19.5,92.8,21.6,0,0
2026-09-20T19:00:00Z,CDU-A2,HALL-A,25.17,25.41,30.49,1812.0,1809.0,182.4,644.0,20.2,28.49,1115.0,46.5,0.0,82.5,19.6,92.8,21.93,0,0
2026-09-20T20:00:00Z,CDU-A2,HALL-A,25.19,25.26,30.54,1789.0,1787.0,177.8,639.7,19.9,28.54,1063.0,44.4,0.0,81.5,19.2,92.8,21.11,0,0
2026-09-20T21:00:00Z,CDU-A2,HALL-A,25.13,25.42,30.4,1789.0,1761.0,177.8,630.2,20.0,28.4,1076.0,44.9,0.0,81.5,19.2,92.8,21.11,0,0
2026-09-20T22:00:00Z,CDU-A2,HALL-A,25.01,25.12,30.56,1798.0,1790.0,179.6,666.3,20.2,28.55,1144.0,47.7,0.0,81.9,19.3,92.8,21.43,0,0
2026-09-20T23:00:00Z,CDU-A2,HALL-A,24.99,25.02,30.55,1811.0,1798.0,182.2,672.8,20.1,28.55,1142.0,47.6,0.0,82.5,19.6,92.8,21.89,0,0
2026-09-21T00:00:00Z,CDU-A2,HALL-A,24.92,25.08,30.35,1809.0,1792.0,181.8,656.1,20.2,28.35,1156.0,48.1,0.0,82.4,19.6,92.8,21.83,0,0
2026-09-21T01:00:00Z,CDU-A2,HALL-A,25.06,25.34,30.67,1803.0,1772.0,180.7,676.2,19.9,28.68,1106.0,46.1,0.0,82.2,19.5,92.8,21.6,0,0
2026-09-21T02:00:00Z,CDU-A2,HALL-A,24.98,24.99,30.74,1801.0,1787.0,180.3,693.5,20.0,28.74,1139.0,47.5,0.0,82.1,19.4,92.8,21.53,0,0
2026-09-21T03:00:00Z,CDU-A2,HALL-A,25.04,25.35,30.85,1794.0,1777.0,178.7,695.9,20.3,28.85,1169.0,48.7,0.0,81.7,19.3,92.8,21.28,0,0
2026-09-21T04:00:00Z,CDU-A2,HALL-A,25.21,25.29,30.8,1796.0,1775.0,179.2,670.6,20.0,28.8,1094.0,45.6,0.0,81.8,19.3,92.8,21.36,0,0
2026-09-21T05:00:00Z,CDU-A2,HALL-A,25.47,25.48,30.69,1805.0,1789.0,181.0,630.1,19.8,28.7,1017.0,42.4,0.0,82.2,19.5,92.8,21.68,0,0
2026-09-21T06:00:00Z,CDU-A2,HALL-A,25.57,25.63,30.75,1804.0,1789.0,180.8,624.9,19.9,28.76,1013.0,42.2,0.0,82.2,19.5,92.8,21.64,0,0
2026-09-21T07:00:00Z,CDU-A2,HALL-A,25.66,25.72,30.69,1790.0,1771.0,178.1,601.7,19.9,28.7,983.0,40.9,0.0,81.5,19.2,92.8,21.15,0,0
2026-09-21T08:00:00Z,CDU-A2,HALL-A,25.62,25.68,30.55,1822.0,1813.0,184.4,599.9,19.9,28.55,996.0,41.5,0.0,83.0,19.9,92.8,22.29,0,0
2026-09-21T09:00:00Z,CDU-A2,HALL-A,25.64,25.7,30.59,1805.0,1793.0,180.9,596.9,20.1,28.59,1009.0,42.0,0.0,82.2,19.6,92.8,21.68,0,0
2026-09-21T10:00:00Z,CDU-A2,HALL-A,25.49,25.55,30.39,1803.0,1795.0,180.6,590.4,20.1,28.39,1022.0,42.6,0.0,82.2,19.5,92.8,21.62,0,0
2026-09-21T11:00:00Z,CDU-A2,HALL-A,25.38,25.53,30.43,1805.0,1775.0,181.0,609.0,19.9,28.43,1025.0,42.7,0.0,82.2,19.6,92.8,21.68,0,0
2026-09-21T12:00:00Z,CDU-A2,HALL-A,25.49,25.72,30.52,1803.0,1799.0,180.5,606.4,20.0,28.52,1021.0,42.6,0.0,82.1,19.5,92.8,21.61,0,0
2026-09-21T13:00:00Z,CDU-A2,HALL-A,25.51,25.59,30.29,1808.0,1789.0,181.6,577.3,20.0,28.29,999.0,41.7,0.0,82.4,19.6,92.8,21.79,0,0
2026-09-21T14:00:00Z,CDU-A2,HALL-A,25.76,25.77,30.53,1804.0,1774.0,180.7,575.3,20.0,28.53,967.0,40.4,0.0,82.2,19.5,92.8,21.64,0,0
2026-09-21T15:00:00Z,CDU-A2,HALL-A,25.64,25.72,30.39,1805.0,1798.0,181.0,572.3,20.1,28.38,991.0,41.2,0.0,82.3,19.6,92.8,21.68,0,0
2026-09-21T16:00:00Z,CDU-A2,HALL-A,25.74,25.8,30.45,1787.0,1765.0,177.4,562.2,19.9,28.45,944.0,39.3,0.0,81.4,19.2,92.8,21.05,0,0
2026-09-21T17:00:00Z,CDU-A2,HALL-A,25.64,25.78,30.14,1800.0,1792.0,180.0,541.3,19.9,28.14,943.0,39.3,0.0,82.0,19.4,92.8,21.5,0,0
2026-09-21T18:00:00Z,CDU-A2,HALL-A,25.67,25.69,30.28,1799.0,1773.0,179.8,554.2,20.2,28.28,985.0,41.1,0.0,82.0,19.4,92.8,21.47,0,0
2026-09-21T19:00:00Z,CDU-A2,HALL-A,25.26,25.26,30.32,1788.0,1775.0,177.6,604.7,20.0,28.33,1044.0,43.5,0.0,81.5,19.2,92.8,21.08,0,0
2026-09-21T20:00:00Z,CDU-A2,HALL-A,25.33,25.34,30.34,1819.0,1812.0,183.8,609.1,19.9,28.34,1036.0,43.1,0.0,82.8,19.9,92.8,22.18,0,0
2026-09-21T21:00:00Z,CDU-A2,HALL-A,25.19,25.2,30.55,1799.0,1779.0,179.8,644.7,20.1,28.55,1094.0,45.6,0.0,82.0,19.4,92.8,21.46,0,0
2026-09-21T22:00:00Z,CDU-A2,HALL-A,25.41,25.44,30.55,1794.0,1781.0,178.8,615.5,19.9,28.55,1022.0,42.6,0.0,81.8,19.4,92.8,21.29,0,0
2026-09-21T23:00:00Z,CDU-A2,HALL-A,25.18,25.25,30.36,1798.0,1778.0,179.6,622.6,20.0,28.36,1068.0,44.5,0.0,81.9,19.4,92.8,21.44,0,0
2026-09-22T00:00:00Z,CDU-A2,HALL-A,25.07,25.15,30.3,1806.0,1790.0,181.2,630.4,19.9,28.29,1078.0,45.0,0.0,82.3,19.6,92.8,21.72,0,0
2026-09-22T01:00:00Z,CDU-A2,HALL-A,25.21,25.26,30.44,1804.0,1789.0,180.8,630.9,20.1,28.45,1086.0,45.3,0.0,82.2,19.6,92.8,21.64,0,0
2026-09-22T02:00:00Z,CDU-A2,HALL-A,25.44,25.56,30.56,1791.0,1790.0,178.2,612.2,19.7,28.56,992.0,41.4,0.0,81.6,19.3,92.8,21.19,0,0
2026-09-22T03:00:00Z,CDU-A2,HALL-A,25.66,25.94,30.68,1795.0,1778.0,179.0,601.6,20.1,28.68,1007.0,41.9,0.0,81.8,19.4,92.8,21.32,0,0
2026-09-22T04:00:00Z,CDU-A2,HALL-A,25.52,25.78,30.5,1781.0,1779.0,176.1,593.0,20.0,28.51,1002.0,41.7,0.0,81.1,19.1,92.8,20.84,0,0
2026-09-22T05:00:00Z,CDU-A2,HALL-A,25.18,25.2,30.28,1797.0,1789.0,179.4,611.8,20.2,28.28,1087.0,45.2,0.0,81.9,19.4,92.8,21.4,0,0
2026-09-22T06:00:00Z,CDU-A2,HALL-A,24.88,24.97,29.97,1799.0,1779.0,179.8,611.8,19.8,27.97,1075.0,44.8,0.0,82.0,19.5,92.8,21.46,0,0
2026-09-22T07:00:00Z,CDU-A2,HALL-A,24.73,24.88,29.96,1787.0,1784.0,177.4,624.9,20.0,27.96,1126.0,46.9,0.0,81.4,19.2,92.8,21.06,0,0
2026-09-22T08:00:00Z,CDU-A2,HALL-A,24.69,24.97,30.07,1806.0,1805.0,181.2,648.9,19.9,28.07,1140.0,47.6,0.0,82.3,19.6,92.8,21.71,0,0
2026-09-22T09:00:00Z,CDU-A2,HALL-A,25.0,25.03,30.13,1804.0,1801.0,180.8,618.0,20.1,28.13,1105.0,46.0,0.0,82.2,19.6,92.8,21.64,0,0
2026-09-22T10:00:00Z,CDU-A2,HALL-A,25.15,25.26,30.34,1825.0,1795.0,185.1,632.8,19.8,28.34,1064.0,44.3,0.0,83.1,20.0,92.8,22.4,0,0
2026-09-22T11:00:00Z,CDU-A2,HALL-A,25.25,25.41,30.58,1788.0,1787.0,177.6,637.0,19.9,28.58,1053.0,43.9,0.0,81.5,19.3,92.8,21.07,0,0
2026-09-22T12:00:00Z,CDU-A2,HALL-A,25.28,25.43,30.5,1804.0,1770.0,180.8,628.8,19.9,28.5,1050.0,43.8,0.0,82.2,19.6,92.8,21.64,0,0
2026-09-22T13:00:00Z,CDU-A2,HALL-A,25.17,25.32,30.38,1787.0,1784.0,177.5,622.6,19.9,28.39,1053.0,43.9,0.0,81.4,19.2,92.8,21.04,0,0
2026-09-22T14:00:00Z,CDU-A2,HALL-A,25.4,25.74,30.46,1808.0,1797.0,181.7,611.5,19.8,28.47,1014.0,42.3,0.0,82.4,19.7,92.8,21.78,0,0
2026-09-22T15:00:00Z,CDU-A2,HALL-A,25.13,25.34,30.18,1791.0,1782.0,178.2,604.6,20.1,28.19,1074.0,44.8,0.0,81.6,19.3,92.8,21.18,0,0
2026-09-22T16:00:00Z,CDU-A2,HALL-A,25.29,25.35,30.24,1791.0,1762.0,178.3,592.8,20.2,28.25,1058.0,44.2,0.0,81.6,19.3,92.8,21.19,0,0
2026-09-22T17:00:00Z,CDU-A2,HALL-A,25.34,25.46,30.16,1809.0,1798.0,181.9,582.5,20.2,28.16,1050.0,43.8,0.0,82.4,19.7,92.8,21.83,0,0
2026-09-22T18:00:00Z,CDU-A2,HALL-A,24.87,24.89,30.19,1816.0,1806.0,183.2,644.9,20.0,28.19,1131.0,47.1,0.0,82.7,19.9,92.8,22.08,0,0
2026-09-22T19:00:00Z,CDU-A2,HALL-A,24.8,24.95,30.33,1789.0,1784.0,177.8,660.5,19.9,28.33,1125.0,46.9,0.0,81.5,19.3,92.8,21.11,0,0
2026-09-22T20:00:00Z,CDU-A2,HALL-A,25.27,25.34,30.21,1795.0,1785.0,179.0,592.5,20.2,28.21,1061.0,44.2,0.0,81.8,19.4,92.8,21.33,0,0
2026-09-22T21:00:00Z,CDU-A2,HALL-A,25.36,25.43,30.3,1794.0,1790.0,178.8,592.4,19.9,28.3,1011.0,42.1,0.0,81.7,19.4,92.8,21.29,0,0
2026-09-22T22:00:00Z,CDU-A2,HALL-A,24.96,24.99,30.44,1785.0,1769.0,177.1,653.7,19.8,28.45,1086.0,45.2,0.0,81.3,19.2,92.8,20.97,0,0
2026-09-22T23:00:00Z,CDU-A2,HALL-A,24.88,24.92,30.13,1815.0,1810.0,183.0,636.1,19.9,28.12,1110.0,46.2,0.0,82.7,19.9,92.8,22.03,0,0
2026-09-23T00:00:00Z,CDU-A2,HALL-A,24.74,24.77,30.27,1798.0,1759.0,179.7,664.1,20.1,28.27,1167.0,48.6,0.0,81.9,19.5,92.8,21.42,0,0
2026-09-23T01:00:00Z,CDU-A2,HALL-A,24.51,24.55,30.15,1805.0,1792.0,181.0,679.6,20.0,28.15,1197.0,49.9,0.0,82.3,19.7,92.8,21.68,0,0
2026-09-23T02:00:00Z,CDU-A2,HALL-A,24.51,24.53,30.27,1802.0,1789.0,180.4,693.1,19.8,28.27,1175.0,49.0,0.0,82.0,19.6,92.8,21.58,0,0
2026-09-23T03:00:00Z,CDU-A2,HALL-A,24.8,24.89,30.18,1790.0,1765.0,178.0,642.9,19.9,28.17,1115.0,46.4,0.0,81.5,19.3,92.8,21.15,0,0
2026-09-23T04:00:00Z,CDU-A2,HALL-A,24.73,24.84,30.1,1800.0,1549.0,180.1,646.1,20.0,28.11,1145.0,47.6,34.0,48.0,19.5,92.8,21.53,0,25
2026-09-23T05:00:00Z,CDU-A2,HALL-A,25.07,25.3,30.3,1801.0,1801.0,180.2,629.0,19.9,28.29,1075.0,44.8,82.0,0.0,19.6,92.8,21.53,0,60
2026-09-23T06:00:00Z,CDU-A2,HALL-A,24.63,24.77,30.38,1804.0,1799.0,180.8,693.5,20.0,28.38,1187.0,49.5,82.2,0.0,19.6,92.8,21.65,0,60
2026-09-23T07:00:00Z,CDU-A2,HALL-A,24.88,25.13,30.41,1807.0,1797.0,181.5,667.5,20.1,28.41,1153.0,48.0,82.3,0.0,19.7,92.8,21.75,0,60
2026-09-23T08:00:00Z,CDU-A2,HALL-A,24.99,25.14,30.48,1828.0,1826.0,185.7,671.0,20.0,28.48,1135.0,47.3,83.3,12.0,20.2,92.8,23.02,0,19
2026-09-23T09:00:00Z,CDU-A2,HALL-A,25.29,25.29,30.63,1802.0,1795.0,180.5,643.0,20.1,28.63,1082.0,45.1,82.1,0.0,19.6,92.8,21.58,0,0
2026-09-23T10:00:00Z,CDU-A2,HALL-A,25.0,25.09,30.53,1815.0,1801.0,183.0,670.4,20.1,28.53,1142.0,47.5,82.7,0.0,19.9,92.8,22.05,0,0
2026-09-23T11:00:00Z,CDU-A2,HALL-A,24.73,24.86,30.47,1796.0,1788.0,179.2,688.6,19.9,28.47,1154.0,48.1,81.8,0.0,19.5,92.8,21.37,0,0
2026-09-23T12:00:00Z,CDU-A2,HALL-A,24.89,25.06,30.52,1800.0,1792.0,180.0,676.8,19.9,28.52,1127.0,47.0,82.0,0.0,19.6,92.8,21.5,0,0
2026-09-23T13:00:00Z,CDU-A2,HALL-A,24.72,24.86,30.24,1811.0,1810.0,182.2,667.8,20.2,28.24,1193.0,49.8,82.5,0.0,19.8,92.8,21.89,0,0
2026-09-23T14:00:00Z,CDU-A2,HALL-A,25.04,25.23,30.5,1800.0,1787.0,180.0,656.8,20.5,28.5,1178.0,49.0,82.0,0.0,19.5,92.8,21.5,0,0
2026-09-23T15:00:00Z,CDU-A2,HALL-A,25.19,25.59,30.47,1769.0,1762.0,173.8,623.5,20.0,28.46,1057.0,44.1,80.6,0.0,18.9,92.8,20.42,0,0
2026-09-23T16:00:00Z,CDU-A2,HALL-A,25.28,25.43,30.45,1812.0,1808.0,182.4,626.4,20.1,28.45,1076.0,44.8,82.6,0.0,19.8,92.8,21.93,0,0
2026-09-23T17:00:00Z,CDU-A2,HALL-A,25.23,25.37,30.49,1809.0,1797.0,181.8,635.3,19.8,28.48,1049.0,43.7,82.4,0.0,19.8,92.8,21.82,0,0
2026-09-23T18:00:00Z,CDU-A2,HALL-A,25.51,25.54,30.52,1812.0,1811.0,182.4,606.3,19.9,28.52,1010.0,42.1,82.6,0.0,19.9,92.8,21.93,0,0
2026-09-23T19:00:00Z,CDU-A2,HALL-A,25.48,25.59,30.65,1798.0,1783.0,179.6,620.8,20.3,28.65,1067.0,44.5,81.9,0.0,19.6,92.8,21.44,0,0
2026-09-23T20:00:00Z,CDU-A2,HALL-A,25.49,25.61,30.47,1790.0,1781.0,178.0,595.3,19.8,28.47,986.0,41.1,81.6,0.0,19.4,92.8,21.14,0,0
2026-09-23T21:00:00Z,CDU-A2,HALL-A,25.37,25.46,30.54,1805.0,1799.0,181.0,622.9,20.1,28.53,1060.0,44.2,82.3,0.0,19.7,92.8,21.67,0,0
2026-09-23T22:00:00Z,CDU-A2,HALL-A,25.46,25.52,30.36,1802.0,1796.0,180.4,589.9,20.1,28.36,1025.0,42.7,82.1,0.0,19.6,92.8,21.57,0,0
2026-09-23T23:00:00Z,CDU-A2,HALL-A,25.36,25.39,30.36,1805.0,1780.0,181.0,602.4,20.0,28.36,1035.0,43.2,82.3,0.0,19.7,92.8,21.68,0,0
2026-09-24T00:00:00Z,CDU-A2,HALL-A,25.02,25.21,30.33,1803.0,1790.0,180.6,640.2,20.2,28.33,1130.0,47.0,82.2,0.0,19.7,92.8,21.61,0,0
2026-09-24T01:00:00Z,CDU-A2,HALL-A,25.07,25.07,30.27,1820.0,1787.0,184.1,632.1,20.1,28.27,1111.0,46.4,82.9,0.0,20.1,92.8,22.21,0,0
2026-09-24T02:00:00Z,CDU-A2,HALL-A,25.03,25.1,30.5,1790.0,1761.0,178.0,653.9,20.3,28.5,1145.0,47.7,81.5,0.0,19.4,92.8,21.15,0,0
2026-09-24T03:00:00Z,CDU-A2,HALL-A,24.83,25.14,30.22,1802.0,1782.0,180.4,649.3,19.9,28.22,1120.0,46.7,82.1,0.0,19.7,92.8,21.57,0,0
2026-09-24T04:00:00Z,CDU-A2,HALL-A,24.62,24.66,30.24,1799.0,1798.0,179.8,676.0,20.0,28.24,1176.0,49.0,82.0,0.0,19.6,92.8,21.46,0,0
2026-09-24T05:00:00Z,CDU-A2,HALL-A,24.57,24.77,30.44,1816.0,1797.0,183.3,712.7,20.1,28.44,1226.0,51.1,82.7,0.0,20.0,92.8,22.07,0,0
2026-09-24T06:00:00Z,CDU-A2,HALL-A,24.7,24.72,30.36,1808.0,1788.0,181.7,683.5,19.7,28.36,1133.0,47.3,82.3,0.0,19.8,92.8,21.78,0,0
2026-09-24T07:00:00Z,CDU-A2,HALL-A,25.05,25.19,30.4,1793.0,1772.0,178.6,640.3,20.1,28.39,1108.0,46.1,81.7,0.0,19.5,92.8,21.26,0,0
2026-09-24T08:00:00Z,CDU-A2,HALL-A,25.17,25.18,30.32,1809.0,1766.0,181.8,622.9,19.9,28.33,1062.0,44.2,82.4,0.0,19.8,92.8,21.83,0,0
2026-09-24T09:00:00Z,CDU-A2,HALL-A,25.05,25.33,30.3,1805.0,1778.0,181.0,633.0,20.3,28.29,1136.0,47.3,82.2,0.0,19.7,92.8,21.68,0,0
2026-09-24T10:00:00Z,CDU-A2,HALL-A,25.13,25.17,30.42,1795.0,1780.0,179.1,633.8,19.8,28.42,1056.0,44.0,81.8,0.0,19.5,92.8,21.33,0,0
2026-09-24T11:00:00Z,CDU-A2,HALL-A,25.3,25.6,30.17,1802.0,1788.0,180.5,586.1,19.9,28.17,1018.0,42.4,82.1,0.0,19.7,92.8,21.57,0,0
2026-09-24T12:00:00Z,CDU-A2,HALL-A,25.46,25.6,30.41,1806.0,1775.0,181.3,596.7,20.0,28.4,1018.0,42.5,82.3,0.0,19.8,92.8,21.72,0,0
2026-09-24T13:00:00Z,CDU-A2,HALL-A,25.49,25.59,30.38,1799.0,1774.0,179.8,587.9,20.1,28.38,1019.0,42.5,82.0,0.0,19.6,92.8,21.46,0,0
2026-09-24T14:00:00Z,CDU-A2,HALL-A,25.57,25.59,30.44,1814.0,1810.0,182.8,589.9,19.8,28.44,980.0,40.9,82.6,0.0,19.9,92.8,21.99,0,0
2026-09-24T15:00:00Z,CDU-A2,HALL-A,25.51,25.56,30.73,1805.0,1786.0,180.9,628.9,19.8,28.73,1011.0,42.2,82.2,0.0,19.8,92.8,21.68,0,0
2026-09-24T16:00:00Z,CDU-A2,HALL-A,25.17,25.43,30.86,1795.0,1779.0,179.0,682.4,20.0,28.85,1105.0,46.1,81.8,0.0,19.5,92.8,21.33,0,0
2026-09-24T17:00:00Z,CDU-A2,HALL-A,25.06,25.09,30.76,1798.0,1792.0,179.7,684.5,20.1,28.76,1135.0,47.3,81.9,0.0,19.6,92.8,21.42,0,0
2026-09-24T18:00:00Z,CDU-A2,HALL-A,24.91,25.04,30.79,1805.0,1791.0,181.0,709.3,20.1,28.79,1171.0,48.8,82.2,0.0,19.8,92.8,21.68,0,0
2026-09-24T19:00:00Z,CDU-A2,HALL-A,25.28,25.46,30.93,1795.0,1786.0,179.0,677.9,19.7,28.93,1054.0,43.9,81.8,0.0,19.5,92.8,21.33,0,0
2026-09-24T20:00:00Z,CDU-A2,HALL-A,24.97,24.98,30.73,1822.0,1822.0,184.4,701.7,20.2,28.74,1180.0,49.1,83.0,0.0,20.1,92.8,22.28,0,0
2026-09-24T21:00:00Z,CDU-A2,HALL-A,25.14,25.36,30.5,1796.0,1796.0,179.2,642.6,20.1,28.49,1098.0,45.8,81.8,0.0,19.6,92.8,21.36,0,0
2026-09-24T22:00:00Z,CDU-A2,HALL-A,25.59,25.62,30.47,1794.0,1785.0,178.8,584.4,20.2,28.47,1015.0,42.2,81.8,0.0,19.5,92.8,21.28,0,0
2026-09-24T23:00:00Z,CDU-A2,HALL-A,25.41,25.68,30.27,1800.0,1799.0,180.0,585.0,20.1,28.27,1027.0,42.8,82.0,0.0,19.6,92.8,21.51,0,0
2026-09-25T00:00:00Z,CDU-A2,HALL-A,25.0,25.11,30.15,1798.0,1778.0,179.6,618.3,19.8,28.14,1063.0,44.3,81.9,0.0,19.6,92.8,21.44,0,0
2026-09-25T01:00:00Z,CDU-A2,HALL-A,25.08,25.23,30.35,1802.0,1796.0,180.4,634.6,20.1,28.35,1104.0,46.0,82.1,0.0,19.7,92.8,21.57,0,0
2026-09-25T02:00:00Z,CDU-A2,HALL-A,25.03,25.07,30.44,1800.0,1794.0,179.9,650.3,20.0,28.44,1106.0,46.1,82.0,0.0,19.6,92.8,21.5,0,0
2026-09-25T03:00:00Z,CDU-A2,HALL-A,25.2,25.33,30.29,1788.0,1784.0,177.6,608.4,19.9,28.3,1041.0,43.3,81.5,0.0,19.4,92.8,21.08,0,0
2026-09-25T04:00:00Z,CDU-A2,HALL-A,25.22,25.28,30.55,1807.0,1799.0,181.3,644.0,20.1,28.56,1094.0,45.6,82.3,0.0,19.8,92.8,21.74,0,0
2026-09-25T05:00:00Z,CDU-A2,HALL-A,25.18,25.19,30.52,1808.0,1791.0,181.5,645.0,20.0,28.52,1087.0,45.3,82.4,0.0,19.8,92.8,21.78,0,0
2026-09-25T06:00:00Z,CDU-A2,HALL-A,25.23,25.29,30.49,1804.0,1793.0,180.8,634.3,20.0,28.49,1072.0,44.7,82.2,0.0,19.8,92.8,21.65,0,0
2026-09-25T07:00:00Z,CDU-A2,HALL-A,25.21,25.35,30.57,1786.0,1785.0,177.2,639.2,20.0,28.56,1071.0,44.6,81.4,0.0,19.4,92.8,21.01,0,0
2026-09-25T08:00:00Z,CDU-A2,HALL-A,25.45,25.45,30.59,1787.0,1779.0,177.5,613.5,19.8,28.59,1002.0,41.7,81.4,0.0,19.4,92.8,21.05,0,0
2026-09-25T09:00:00Z,CDU-A2,HALL-A,25.41,25.53,30.63,1793.0,1790.0,178.6,625.4,19.8,28.63,1016.0,42.4,81.7,0.0,19.5,92.8,21.26,0,0
2026-09-25T10:00:00Z,CDU-A2,HALL-A,24.83,24.98,30.44,1782.0,1769.0,176.5,668.0,19.9,28.44,1122.0,46.8,81.2,0.0,19.3,92.8,20.88,0,0
2026-09-25T11:00:00Z,CDU-A2,HALL-A,24.77,24.82,30.44,1812.0,1812.0,182.4,686.7,19.8,28.44,1140.0,47.5,82.5,0.0,20.0,92.8,21.93,0,0
2026-09-25T12:00:00Z,CDU-A2,HALL-A,25.1,25.25,30.7,1816.0,1794.0,183.2,679.9,20.3,28.7,1161.0,48.4,82.7,0.0,20.0,92.8,22.07,0,0
2026-09-25T13:00:00Z,CDU-A2,HALL-A,25.12,25.2,30.78,1801.0,1783.0,180.2,680.9,20.0,28.78,1113.0,46.4,82.0,0.0,19.7,92.8,21.54,0,0
2026-09-25T14:00:00Z,CDU-A2,HALL-A,25.21,25.24,30.72,1804.0,1792.0,180.8,664.2,19.9,28.71,1080.0,45.0,82.2,0.0,19.8,92.8,21.65,0,0
2026-09-25T15:00:00Z,CDU-A2,HALL-A,25.48,25.75,30.73,1789.0,1782.0,177.8,627.3,19.8,28.73,1008.0,42.0,81.5,0.0,19.5,92.8,21.12,0,0
2026-09-25T16:00:00Z,CDU-A2,HALL-A,25.46,25.63,30.83,1812.0,1800.0,182.5,650.3,20.0,28.83,1056.0,44.1,82.6,0.0,20.0,92.8,21.94,0,0
2026-09-25T17:00:00Z,CDU-A2,HALL-A,25.31,25.32,30.43,1800.0,1780.0,180.0,616.3,20.1,28.44,1062.0,44.2,82.0,0.0,19.7,92.8,21.5,0,0
2026-09-25T18:00:00Z,CDU-A2,HALL-A,25.19,25.33,30.38,1791.0,1788.0,178.2,620.5,19.9,28.38,1051.0,43.8,81.6,0.0,19.5,92.8,21.19,0,0
2026-09-25T19:00:00Z,CDU-A2,HALL-A,25.42,25.61,30.37,1805.0,1793.0,181.0,596.8,20.0,28.37,1024.0,42.7,82.3,0.0,19.8,92.8,21.67,0,0
2026-09-25T20:00:00Z,CDU-A2,HALL-A,25.37,25.4,30.53,1807.0,1800.0,181.4,623.1,20.1,28.53,1061.0,44.3,82.3,0.0,19.9,92.8,21.74,0,0
2026-09-25T21:00:00Z,CDU-A2,HALL-A,25.21,25.54,30.35,1820.0,1809.0,184.0,624.5,20.0,28.35,1074.0,44.7,82.9,0.0,20.2,92.8,22.22,0,0
2026-09-25T22:00:00Z,CDU-A2,HALL-A,25.3,25.51,30.29,1802.0,1794.0,180.4,600.9,20.0,28.28,1040.0,43.4,82.1,0.0,19.8,92.8,21.57,0,0
2026-09-25T23:00:00Z,CDU-A2,HALL-A,25.36,25.68,30.58,1784.0,1779.0,176.9,622.7,20.0,28.59,1041.0,43.4,81.3,0.0,19.4,92.8,20.95,0,0
2026-09-26T00:00:00Z,CDU-A2,HALL-A,25.38,25.47,30.43,1809.0,1808.0,181.8,610.2,19.9,28.43,1027.0,42.8,82.4,0.0,19.9,92.8,21.82,0,0
2026-09-26T01:00:00Z,CDU-A2,HALL-A,24.96,25.17,30.43,1801.0,1793.0,180.2,658.4,20.0,28.43,1121.0,46.8,82.0,0.0,19.7,92.8,21.53,0,0
2026-09-26T02:00:00Z,CDU-A2,HALL-A,24.68,24.73,30.3,1788.0,1771.0,177.6,671.4,19.9,28.31,1148.0,47.8,81.5,0.0,19.5,92.8,21.09,0,0
2026-09-26T03:00:00Z,CDU-A2,HALL-A,25.03,25.11,30.49,1801.0,1785.0,180.2,656.5,20.3,28.48,1151.0,48.0,82.0,0.0,19.8,92.8,21.53,0,0
2026-09-26T04:00:00Z,CDU-A2,HALL-A,25.15,25.29,30.47,1793.0,1791.0,178.6,637.4,20.0,28.47,1080.0,45.0,81.7,0.0,19.6,92.8,21.25,0,0
2026-09-26T05:00:00Z,CDU-A2,HALL-A,25.48,25.5,30.5,1791.0,1790.0,178.2,601.2,20.0,28.51,1015.0,42.3,81.6,0.0,19.5,92.8,21.18,0,0
2026-09-26T06:00:00Z,CDU-A2,HALL-A,25.58,25.79,30.45,1794.0,1782.0,178.8,583.7,19.9,28.45,980.0,40.9,81.7,0.0,19.6,92.8,21.29,0,0
2026-09-26T07:00:00Z,CDU-A2,HALL-A,25.5,25.64,30.32,1811.0,1779.0,182.2,583.4,19.8,28.32,982.0,40.9,82.5,0.0,20.0,92.8,21.9,0,0
2026-09-26T08:00:00Z,CDU-A2,HALL-A,25.63,25.77,30.19,1801.0,1772.0,180.2,548.7,20.2,28.19,986.0,41.1,82.0,0.0,19.8,92.8,21.54,0,0
2026-09-26T09:00:00Z,CDU-A2,HALL-A,25.74,25.88,30.32,1797.0,1791.0,179.3,549.7,20.3,28.32,983.0,41.0,81.9,0.0,19.7,92.8,21.4,0,0
2026-09-26T10:00:00Z,CDU-A2,HALL-A,25.56,25.58,30.57,1807.0,1774.0,181.4,605.4,20.1,28.58,1025.0,42.7,82.3,0.0,19.9,92.8,21.76,0,0
2026-09-26T11:00:00Z,CDU-A2,HALL-A,25.28,25.32,30.68,1802.0,1797.0,180.4,650.4,20.0,28.69,1075.0,44.8,82.1,0.0,19.8,92.8,21.58,0,0
2026-09-26T12:00:00Z,CDU-A2,HALL-A,25.17,25.32,30.56,1791.0,1790.0,178.2,644.5,20.1,28.56,1094.0,45.5,81.6,0.0,19.6,92.8,21.18,0,0
2026-09-26T13:00:00Z,CDU-A2,HALL-A,25.26,25.51,30.35,1798.0,1786.0,179.6,611.6,20.0,28.35,1051.0,43.8,81.9,0.0,19.7,92.8,21.43,0,0
2026-09-26T14:00:00Z,CDU-A2,HALL-A,25.08,25.17,30.39,1816.0,1815.0,183.2,644.3,19.9,28.39,1089.0,45.4,82.7,0.0,20.1,92.8,22.07,0,0
2026-09-26T15:00:00Z,CDU-A2,HALL-A,25.34,25.54,30.6,1796.0,1775.0,179.1,630.6,19.8,28.6,1030.0,42.9,81.8,0.0,19.7,92.8,21.37,0,0
2026-09-26T16:00:00Z,CDU-A2,HALL-A,25.54,25.8,30.88,1784.0,1757.0,176.8,636.3,19.9,28.89,1018.0,42.4,81.3,0.0,19.4,92.8,20.95,0,0
2026-09-26T17:00:00Z,CDU-A2,HALL-A,24.93,25.06,30.74,1806.0,1764.0,181.2,701.2,19.9,28.74,1138.0,47.4,82.3,0.0,19.9,92.8,21.73,0,0
2026-09-26T18:00:00Z,CDU-A2,HALL-A,24.88,24.95,30.66,1806.0,1777.0,181.3,697.2,20.2,28.66,1183.0,49.2,82.3,0.0,19.9,92.8,21.72,0,0
2026-09-26T19:00:00Z,CDU-A2,HALL-A,25.28,25.35,30.64,1795.0,1777.0,179.0,642.9,19.9,28.64,1056.0,43.9,81.8,0.0,19.7,92.8,21.32,0,0
2026-09-26T20:00:00Z,CDU-A2,HALL-A,25.14,25.19,30.52,1787.0,1780.0,177.4,642.4,20.0,28.53,1083.0,45.2,81.4,0.0,19.5,92.8,21.05,0,0
2026-09-26T21:00:00Z,CDU-A2,HALL-A,25.22,25.33,30.55,1801.0,1756.0,180.2,641.3,20.1,28.56,1090.0,45.5,82.0,0.0,19.8,92.8,21.55,0,0
2026-09-26T22:00:00Z,CDU-A2,HALL-A,25.19,25.27,30.64,1790.0,1778.0,178.0,652.1,20.0,28.64,1083.0,45.1,81.5,0.0,19.5,92.8,21.16,0,0
2026-09-26T23:00:00Z,CDU-A2,HALL-A,25.36,25.55,30.77,1801.0,1798.0,180.1,651.1,19.8,28.78,1042.0,43.4,82.1,0.0,19.8,92.8,21.54,0,0
2026-09-27T00:00:00Z,CDU-A2,HALL-A,25.27,25.36,30.62,1797.0,1763.0,179.4,642.5,19.8,28.62,1046.0,43.6,81.9,0.0,19.7,92.8,21.4,0,0
2026-09-27T01:00:00Z,CDU-A2,HALL-A,25.88,25.96,30.59,1792.0,1786.0,178.4,563.4,20.1,28.58,953.0,39.6,81.7,0.0,19.6,92.8,21.22,0,0
2026-09-27T02:00:00Z,CDU-A2,HALL-A,25.74,25.78,30.48,1801.0,1784.0,180.2,569.9,19.8,28.47,942.0,39.3,82.0,0.0,19.8,92.8,21.54,0,0
2026-09-27T03:00:00Z,CDU-A2,HALL-A,25.33,25.38,30.41,1800.0,1790.0,180.0,610.3,19.9,28.4,1030.0,42.9,82.0,0.0,19.8,92.8,21.51,0,0
2026-09-27T04:00:00Z,CDU-A2,HALL-A,25.14,25.27,30.16,1813.0,1795.0,182.6,608.2,20.3,28.17,1111.0,46.2,82.6,0.0,20.1,92.8,21.96,0,0
2026-09-27T05:00:00Z,CDU-A2,HALL-A,24.78,24.81,29.99,1807.0,1786.0,181.4,628.6,19.8,27.99,1102.0,45.9,82.3,0.0,19.9,92.8,21.75,0,0
2026-09-27T06:00:00Z,CDU-A2,HALL-A,24.73,24.82,30.1,1792.0,1756.0,178.5,643.0,20.0,28.1,1139.0,47.4,81.6,0.0,19.6,92.8,21.23,0,0
2026-09-27T07:00:00Z,CDU-A2,HALL-A,24.67,24.89,29.81,1806.0,1788.0,181.2,620.7,19.8,27.82,1112.0,46.3,82.3,0.0,19.9,92.8,21.72,0,0
2026-09-27T08:00:00Z,CDU-A2,HALL-A,24.54,24.56,29.88,1802.0,1787.0,180.3,643.0,19.9,27.88,1157.0,48.2,82.1,0.0,19.8,92.8,21.58,0,0
2026-09-27T09:00:00Z,CDU-A2,HALL-A,24.51,24.6,29.94,1794.0,1769.0,178.9,651.4,20.1,27.94,1192.0,49.6,81.7,0.0,19.6,92.8,21.29,0,0
2026-09-27T10:00:00Z,CDU-A2,HALL-A,24.59,24.68,30.03,1799.0,1796.0,179.9,653.7,20.1,28.03,1184.0,49.4,82.0,0.0,19.8,92.8,21.47,0,0
2026-09-27T11:00:00Z,CDU-A2,HALL-A,24.82,25.03,30.19,1782.0,1780.0,176.4,639.4,20.0,28.2,1121.0,46.7,81.2,0.0,19.4,92.8,20.88,0,0
2026-09-27T12:00:00Z,CDU-A2,HALL-A,25.16,25.28,30.09,1804.0,1799.0,180.8,594.6,19.9,28.09,1041.0,43.3,82.2,0.0,19.9,92.8,21.65,0,0
2026-09-27T13:00:00Z,CDU-A2,HALL-A,25.43,25.62,30.23,1787.0,1784.0,177.4,573.4,20.1,28.23,1012.0,42.2,81.4,0.0,19.5,92.8,21.05,0,0
2026-09-27T14:00:00Z,CDU-A2,HALL-A,25.28,25.29,30.24,1794.0,1771.0,178.9,595.0,19.9,28.24,1023.0,42.7,81.7,0.0,19.7,92.8,21.29,0,0
2026-09-27T15:00:00Z,CDU-A2,HALL-A,25.21,25.28,30.27,1824.0,1822.0,184.8,616.8,20.0,28.27,1070.0,44.6,83.1,0.0,20.3,92.8,22.36,0,0
2026-09-27T16:00:00Z,CDU-A2,HALL-A,25.46,25.52,30.38,1797.0,1795.0,179.4,590.7,19.9,28.39,1000.0,41.7,81.9,0.0,19.8,92.8,21.4,0,0
2026-09-27T17:00:00Z,CDU-A2,HALL-A,24.96,24.97,30.53,1815.0,1815.0,183.1,674.8,20.1,28.53,1150.0,47.9,82.7,0.0,20.1,92.8,22.04,0,0
2026-09-27T18:00:00Z,CDU-A2,HALL-A,25.06,25.2,30.52,1792.0,1786.0,178.5,654.2,19.9,28.53,1089.0,45.4,81.6,0.0,19.7,92.8,21.22,0,0
2026-09-27T19:00:00Z,CDU-A2,HALL-A,24.87,25.04,30.58,1818.0,1802.0,183.7,693.6,20.1,28.58,1174.0,49.0,82.8,0.0,20.2,92.8,22.14,0,0
2026-09-27T20:00:00Z,CDU-A2,HALL-A,24.92,25.01,30.52,1790.0,1782.0,178.0,669.6,19.9,28.51,1115.0,46.4,81.5,0.0,19.6,92.8,21.16,0,0
2026-09-27T21:00:00Z,CDU-A2,HALL-A,24.96,25.27,30.43,1798.0,1790.0,179.6,657.3,20.0,28.44,1120.0,46.7,81.9,0.0,19.8,92.8,21.43,0,0
2026-09-27T22:00:00Z,CDU-A2,HALL-A,24.56,24.71,30.42,1817.0,1815.0,183.4,711.8,20.4,28.43,1274.0,53.1,82.8,0.0,20.2,92.8,22.11,0,0
2026-09-27T23:00:00Z,CDU-A2,HALL-A,24.34,24.42,30.21,1797.0,1788.0,179.4,704.5,20.1,28.22,1248.0,52.0,81.9,0.0,19.8,92.8,21.39,0,0
2026-08-31T00:00:00Z,CDU-A3,HALL-A,24.97,25.26,30.14,1800.0,1797.0,180.0,622.0,19.8,28.15,1064.0,44.3,82.0,0.0,17.3,86.1,21.5,0,0
2026-08-31T01:00:00Z,CDU-A3,HALL-A,25.1,25.1,30.62,1803.0,1795.0,180.6,664.7,20.1,28.62,1120.0,46.7,82.1,0.0,17.4,86.1,21.61,0,0
2026-08-31T02:00:00Z,CDU-A3,HALL-A,24.86,25.19,30.45,1791.0,1788.0,178.2,669.1,20.2,28.45,1164.0,48.5,81.6,0.0,17.2,86.1,21.19,0,0
2026-08-31T03:00:00Z,CDU-A3,HALL-A,24.8,24.8,30.58,1792.0,1788.0,178.4,691.5,19.9,28.58,1144.0,47.7,81.6,0.0,17.2,86.1,21.21,0,0
2026-08-31T04:00:00Z,CDU-A3,HALL-A,24.62,24.82,30.28,1817.0,1804.0,183.5,686.8,20.0,28.27,1190.0,49.7,82.7,0.0,17.7,86.1,22.11,0,0
2026-08-31T05:00:00Z,CDU-A3,HALL-A,24.79,24.83,30.17,1802.0,1785.0,180.4,648.1,20.1,28.17,1152.0,48.0,82.1,0.0,17.4,86.1,21.58,0,0
2026-08-31T06:00:00Z,CDU-A3,HALL-A,24.67,24.79,30.04,1793.0,1772.0,178.6,642.7,20.1,28.03,1162.0,48.4,81.6,0.0,17.2,86.1,21.25,0,0
2026-08-31T07:00:00Z,CDU-A3,HALL-A,24.7,24.85,29.93,1790.0,1789.0,178.0,624.9,20.2,27.92,1161.0,48.3,81.6,0.0,17.2,86.1,21.15,0,0
2026-08-31T08:00:00Z,CDU-A3,HALL-A,24.67,24.81,29.87,1798.0,1786.0,179.7,625.0,20.4,27.87,1200.0,50.1,81.9,0.0,17.3,86.1,21.44,0,0
2026-08-31T09:00:00Z,CDU-A3,HALL-A,24.91,24.93,29.83,1811.0,1787.0,182.2,595.7,20.1,27.83,1105.0,46.1,82.5,0.0,17.6,86.1,21.9,0,0
2026-08-31T10:00:00Z,CDU-A3,HALL-A,25.32,25.6,30.11,1808.0,1806.0,181.6,578.2,19.9,28.1,1011.0,42.2,82.4,0.0,17.5,86.1,21.79,0,0
2026-08-31T11:00:00Z,CDU-A3,HALL-A,24.83,24.9,30.06,1795.0,1793.0,179.0,627.6,20.1,28.06,1131.0,47.1,81.8,0.0,17.3,86.1,21.32,0,0
2026-08-31T12:00:00Z,CDU-A3,HALL-A,24.86,24.9,30.2,1813.0,1811.0,182.5,646.2,19.9,28.2,1118.0,46.6,82.6,0.0,17.6,86.1,21.97,0,0
2026-08-31T13:00:00Z,CDU-A3,HALL-A,24.9,24.98,30.16,1811.0,1791.0,182.2,636.7,20.0,28.16,1120.0,46.6,82.5,0.0,17.6,86.1,21.89,0,0
2026-08-31T14:00:00Z,CDU-A3,HALL-A,24.69,24.7,30.26,1813.0,1798.0,182.6,674.3,20.1,28.26,1187.0,49.4,82.6,0.0,17.6,86.1,21.95,0,0
2026-08-31T15:00:00Z,CDU-A3,HALL-A,24.64,24.85,30.33,1799.0,1796.0,179.8,683.3,20.0,28.32,1177.0,49.1,81.9,0.0,17.4,86.1,21.47,0,0
2026-08-31T16:00:00Z,CDU-A3,HALL-A,24.57,24.61,30.58,1790.0,1787.0,178.0,718.4,20.0,28.57,1202.0,50.0,81.5,0.0,17.2,86.1,21.14,0,0
2026-08-31T17:00:00Z,CDU-A3,HALL-A,24.73,24.81,30.47,1816.0,1801.0,183.2,696.8,20.0,28.48,1181.0,49.2,82.7,0.0,17.7,86.1,22.07,0,0
2026-08-31T18:00:00Z,CDU-A3,HALL-A,24.76,24.85,30.31,1804.0,1795.0,180.9,668.9,19.8,28.31,1128.0,47.0,82.2,0.0,17.4,86.1,21.64,0,0
2026-08-31T19:00:00Z,CDU-A3,HALL-A,25.1,25.24,30.21,1805.0,1796.0,181.0,616.2,20.2,28.21,1104.0,46.1,82.2,0.0,17.5,86.1,21.68,0,0
2026-08-31T20:00:00Z,CDU-A3,HALL-A,25.35,25.42,30.19,1797.0,1796.0,179.4,581.0,19.9,28.19,1006.0,41.9,81.9,0.0,17.3,86.1,21.4,0,0
2026-08-31T21:00:00Z,CDU-A3,HALL-A,24.98,25.27,30.06,1807.0,1802.0,181.4,613.0,20.0,28.05,1092.0,45.5,82.3,0.0,17.5,86.1,21.75,0,0
2026-08-31T22:00:00Z,CDU-A3,HALL-A,24.8,24.92,30.09,1816.0,1815.0,183.3,642.4,20.1,28.09,1153.0,48.0,82.7,0.0,17.7,86.1,22.06,0,0
2026-08-31T23:00:00Z,CDU-A3,HALL-A,24.91,24.92,30.21,1808.0,1801.0,181.6,640.4,20.1,28.21,1133.0,47.1,82.3,0.0,17.5,86.1,21.79,0,0
2026-09-01T00:00:00Z,CDU-A3,HALL-A,24.67,24.78,30.12,1791.0,1779.0,178.2,652.2,19.8,28.12,1125.0,46.9,81.6,0.0,17.2,86.1,21.2,0,0
2026-09-01T01:00:00Z,CDU-A3,HALL-A,24.34,24.49,30.04,1783.0,1757.0,176.6,679.4,20.1,28.04,1227.0,51.2,81.2,0.0,17.1,86.1,20.91,0,0
2026-09-01T02:00:00Z,CDU-A3,HALL-A,24.5,24.51,30.13,1808.0,1803.0,181.6,680.4,20.1,28.14,1216.0,50.7,82.4,0.0,17.5,86.1,21.78,0,0
2026-09-01T03:00:00Z,CDU-A3,HALL-A,24.37,24.44,29.97,1794.0,1793.0,178.8,671.6,20.1,27.98,1225.0,51.0,81.7,0.0,17.3,86.1,21.28,0,0
2026-09-01T04:00:00Z,CDU-A3,HALL-A,24.59,24.9,30.06,1783.0,1773.0,176.6,651.6,19.9,28.06,1146.0,47.8,81.2,0.0,17.1,86.1,20.91,0,0
2026-09-01T05:00:00Z,CDU-A3,HALL-A,24.52,24.68,30.15,1782.0,1769.0,176.4,670.3,20.1,28.16,1195.0,49.7,81.2,0.0,17.1,86.1,20.87,0,0
2026-09-01T06:00:00Z,CDU-A3,HALL-A,24.56,24.62,30.01,1799.0,1783.0,179.9,655.2,19.8,28.0,1145.0,47.7,82.0,0.0,17.4,86.1,21.47,0,0
2026-09-01T07:00:00Z,CDU-A3,HALL-A,24.48,24.51,29.88,1802.0,1792.0,180.4,649.9,20.1,27.87,1199.0,50.0,82.1,0.0,17.4,86.1,21.57,0,0
2026-09-01T08:00:00Z,CDU-A3,HALL-A,24.63,24.68,30.22,1801.0,1795.0,180.3,672.4,19.8,28.22,1146.0,47.8,82.0,0.0,17.4,86.1,21.53,0,0
2026-09-01T09:00:00Z,CDU-A3,HALL-A,24.73,24.83,30.45,1809.0,1805.0,181.9,691.1,20.0,28.45,1174.0,48.9,82.4,0.0,17.6,86.1,21.83,0,0
2026-09-01T10:00:00Z,CDU-A3,HALL-A,24.83,25.09,30.19,1804.0,1803.0,180.8,645.6,20.0,28.18,1132.0,47.1,82.2,0.0,17.5,86.1,21.64,0,0
2026-09-01T11:00:00Z,CDU-A3,HALL-A,24.65,24.7,30.22,1790.0,1790.0,178.1,666.4,19.9,28.22,1149.0,47.9,81.5,0.0,17.2,86.1,21.15,0,0
2026-09-01T12:00:00Z,CDU-A3,HALL-A,24.51,24.86,30.19,1816.0,1802.0,183.2,689.0,20.0,28.19,1208.0,50.4,82.8,0.0,17.7,86.1,22.08,0,0
2026-09-01T13:00:00Z,CDU-A3,HALL-A,24.79,24.98,30.14,1813.0,1795.0,182.6,647.6,20.0,28.13,1142.0,47.6,82.6,0.0,17.7,86.1,21.96,0,0
2026-09-01T14:00:00Z,CDU-A3,HALL-A,25.0,25.18,30.38,1791.0,1787.0,178.2,643.2,19.9,28.37,1089.0,45.2,81.6,0.0,17.2,86.1,21.18,0,0
2026-09-01T15:00:00Z,CDU-A3,HALL-A,25.07,25.1,30.27,1806.0,1773.0,181.1,627.2,19.9,28.27,1075.0,44.8,82.3,0.0,17.6,86.1,21.71,0,0
2026-09-01T16:00:00Z,CDU-A3,HALL-A,24.64,24.96,30.36,1799.0,1775.0,179.8,688.0,19.8,28.36,1153.0,48.0,81.9,0.0,17.4,86.1,21.46,0,0
2026-09-01T17:00:00Z,CDU-A3,HALL-A,24.68,24.84,30.29,1791.0,1777.0,178.2,671.0,19.9,28.29,1149.0,47.9,81.6,0.0,17.3,86.1,21.2,0,0
2026-09-01T18:00:00Z,CDU-A3,HALL-A,24.97,25.13,30.64,1790.0,1787.0,178.0,678.3,20.0,28.64,1127.0,46.9,81.5,0.0,17.2,86.1,21.15,0,0
2026-09-01T19:00:00Z,CDU-A3,HALL-A,25.01,25.06,30.33,1798.0,1797.0,179.6,639.4,20.0,28.34,1102.0,45.9,81.9,0.0,17.4,86.1,21.43,0,0
2026-09-01T20:00:00Z,CDU-A3,HALL-A,24.97,25.07,30.45,1809.0,1789.0,181.8,661.8,19.9,28.45,1112.0,46.3,82.5,0.0,17.6,86.1,21.83,0,0
2026-09-01T21:00:00Z,CDU-A3,HALL-A,25.16,25.33,30.52,1792.0,1789.0,178.5,641.3,19.7,28.51,1044.0,43.5,81.6,0.0,17.3,86.1,21.21,0,0
2026-09-01T22:00:00Z,CDU-A3,HALL-A,24.82,25.01,30.4,1824.0,1820.0,184.8,680.3,19.7,28.4,1122.0,46.8,83.1,0.0,17.9,86.1,22.36,0,0
2026-09-01T23:00:00Z,CDU-A3,HALL-A,25.14,25.39,30.77,1793.0,1789.0,178.7,674.3,20.1,28.77,1116.0,46.5,79.0,2.7,17.3,86.1,21.25,0,0
2026-09-02T00:00:00Z,CDU-A3,HALL-A,24.9,24.96,30.83,1787.0,1769.0,177.4,707.5,19.9,28.83,1138.0,47.4,0.0,81.4,17.2,86.1,21.04,0,0
2026-09-02T01:00:00Z,CDU-A3,HALL-A,25.22,25.22,30.82,1809.0,1803.0,181.8,676.3,19.8,28.81,1077.0,44.9,0.0,82.4,17.6,86.1,21.82,0,0
2026-09-02T02:00:00Z,CDU-A3,HALL-A,25.34,25.44,30.66,1791.0,1770.0,178.2,636.0,20.0,28.66,1055.0,44.0,0.0,81.6,17.3,86.1,21.18,0,0
2026-09-02T03:00:00Z,CDU-A3,HALL-A,25.13,25.45,30.38,1804.0,1792.0,180.7,632.2,20.2,28.37,1109.0,46.2,0.0,82.2,17.5,86.1,21.65,0,0
2026-09-02T04:00:00Z,CDU-A3,HALL-A,25.01,25.2,30.08,1797.0,1776.0,179.3,608.9,19.8,28.08,1055.0,43.9,0.0,81.9,17.4,86.1,21.4,0,0
2026-09-02T05:00:00Z,CDU-A3,HALL-A,24.85,25.1,30.08,1788.0,1787.0,177.7,624.4,20.0,28.07,1110.0,46.2,0.0,81.4,17.2,86.1,21.08,0,0
2026-09-02T06:00:00Z,CDU-A3,HALL-A,24.87,24.87,30.19,1812.0,1791.0,182.5,644.4,20.1,28.19,1143.0,47.6,0.0,82.5,17.7,86.1,21.93,0,0
2026-09-02T07:00:00Z,CDU-A3,HALL-A,25.16,25.41,30.44,1804.0,1790.0,180.8,636.2,20.1,28.44,1096.0,45.7,0.0,82.2,17.5,86.1,21.64,0,0
2026-09-02T08:00:00Z,CDU-A3,HALL-A,25.34,25.61,30.36,1810.0,1806.0,182.0,607.6,19.9,28.36,1030.0,42.9,0.0,82.5,17.6,86.1,21.86,0,0
2026-09-02T09:00:00Z,CDU-A3,HALL-A,25.49,25.56,30.63,1810.0,1800.0,182.0,621.8,20.1,28.63,1046.0,43.6,0.0,82.5,17.7,86.1,21.86,0,0
2026-09-02T10:00:00Z,CDU-A3,HALL-A,25.12,25.21,30.54,1821.0,1816.0,184.2,659.8,20.0,28.55,1109.0,46.2,0.0,83.0,17.9,86.1,22.25,0,0
2026-09-02T11:00:00Z,CDU-A3,HALL-A,25.12,25.2,30.39,1811.0,1796.0,182.2,637.7,20.0,28.39,1090.0,45.4,0.0,82.5,17.7,86.1,21.89,0,0
2026-09-02T12:00:00Z,CDU-A3,HALL-A,25.31,25.43,30.49,1805.0,1791.0,181.0,624.5,20.0,28.49,1056.0,44.0,0.0,82.2,17.6,86.1,21.67,0,0
2026-09-02T13:00:00Z,CDU-A3,HALL-A,25.32,25.48,30.41,1814.0,1801.0,182.8,617.4,19.9,28.42,1041.0,43.4,0.0,82.6,17.8,86.1,22.0,0,0
2026-09-02T14:00:00Z,CDU-A3,HALL-A,25.33,25.37,30.52,1782.0,1777.0,176.4,617.6,19.9,28.52,1029.0,42.9,0.0,81.1,17.1,86.1,20.88,0,0
2026-09-02T15:00:00Z,CDU-A3,HALL-A,25.32,25.41,30.53,1791.0,1776.0,178.3,623.2,19.8,28.53,1025.0,42.8,0.0,81.6,17.3,86.1,21.18,0,0
2026-09-02T16:00:00Z,CDU-A3,HALL-A,25.5,25.53,30.47,1811.0,1808.0,182.1,601.1,20.2,28.47,1043.0,43.5,0.0,82.5,17.7,86.1,21.9,0,0
2026-09-02T17:00:00Z,CDU-A3,HALL-A,25.24,25.41,30.44,1807.0,1791.0,181.4,627.5,20.3,28.44,1107.0,46.2,0.0,82.3,17.6,86.1,21.75,0,0
2026-09-02T18:00:00Z,CDU-A3,HALL-A,24.92,24.94,30.45,1795.0,1790.0,179.0,662.9,20.0,28.45,1127.0,46.9,0.0,81.8,17.4,86.1,21.32,0,0
2026-09-02T19:00:00Z,CDU-A3,HALL-A,24.78,24.81,30.47,1797.0,1787.0,179.4,682.9,19.9,28.46,1144.0,47.7,0.0,81.9,17.5,86.1,21.39,0,0
2026-09-02T20:00:00Z,CDU-A3,HALL-A,24.7,24.78,30.55,1793.0,1781.0,178.6,700.8,19.8,28.55,1150.0,47.9,0.0,81.7,17.4,86.1,21.25,0,0
2026-09-02T21:00:00Z,CDU-A3,HALL-A,24.74,24.9,30.51,1788.0,1775.0,177.7,689.0,20.2,28.51,1191.0,49.6,0.0,81.5,17.3,86.1,21.09,0,0
2026-09-02T22:00:00Z,CDU-A3,HALL-A,24.91,24.93,30.38,1797.0,1789.0,179.4,656.8,20.0,28.38,1125.0,46.9,0.0,81.9,17.4,86.1,21.39,0,0
2026-09-02T23:00:00Z,CDU-A3,HALL-A,24.81,24.97,30.35,1791.0,1782.0,178.2,663.1,19.8,28.36,1113.0,46.4,0.0,81.6,17.3,86.1,21.19,0,0
2026-09-03T00:00:00Z,CDU-A3,HALL-A,24.91,25.05,30.39,1803.0,1797.0,180.6,659.6,20.1,28.39,1143.0,47.7,0.0,82.1,17.5,86.1,21.61,0,0
2026-09-03T01:00:00Z,CDU-A3,HALL-A,24.95,24.98,30.14,1787.0,1786.0,177.4,619.7,19.9,28.14,1080.0,45.0,0.0,81.4,17.2,86.1,21.04,0,0
2026-09-03T02:00:00Z,CDU-A3,HALL-A,25.13,25.28,30.12,1813.0,1813.0,182.5,604.7,20.1,28.11,1081.0,45.0,0.0,82.6,17.8,86.1,21.96,0,0
2026-09-03T03:00:00Z,CDU-A3,HALL-A,24.91,25.04,30.23,1811.0,1784.0,182.3,644.0,19.9,28.23,1109.0,46.2,0.0,82.5,17.7,86.1,21.89,0,0
2026-09-03T04:00:00Z,CDU-A3,HALL-A,24.93,24.97,30.31,1789.0,1777.0,177.8,642.7,20.1,28.3,1123.0,46.8,0.0,81.5,17.3,86.1,21.12,0,0
2026-09-03T05:00:00Z,CDU-A3,HALL-A,24.72,24.77,30.33,1799.0,1793.0,179.8,674.0,20.1,28.32,1175.0,48.9,0.0,82.0,17.5,86.1,21.47,0,0
2026-09-03T06:00:00Z,CDU-A3,HALL-A,25.16,25.25,30.7,1808.0,1790.0,181.6,668.7,20.0,28.7,1104.0,46.0,0.0,82.4,17.7,86.1,21.78,0,0
2026-09-03T07:00:00Z,CDU-A3,HALL-A,25.52,25.57,30.81,1802.0,1795.0,180.5,636.7,20.0,28.81,1037.0,43.2,0.0,82.1,17.5,86.1,21.57,0,0
2026-09-03T08:00:00Z,CDU-A3,HALL-A,25.46,25.66,30.47,1796.0,1785.0,179.2,601.6,20.2,28.46,1043.0,43.5,0.0,81.8,17.5,86.1,21.36,0,0
2026-09-03T09:00:00Z,CDU-A3,HALL-A,25.47,25.55,30.42,1790.0,1763.0,177.9,591.5,20.0,28.41,1009.0,42.0,0.0,81.5,17.3,86.1,21.15,0,0
2026-09-03T10:00:00Z,CDU-A3,HALL-A,25.09,25.28,30.41,1797.0,1788.0,179.4,638.9,20.1,28.41,1103.0,46.0,0.0,81.9,17.5,86.1,21.39,0,0
2026-09-03T11:00:00Z,CDU-A3,HALL-A,24.73,24.82,30.34,1804.0,1803.0,180.8,676.4,20.0,28.35,1164.0,48.6,0.0,82.2,17.6,86.1,21.65,0,0
2026-09-03T12:00:00Z,CDU-A3,HALL-A,24.59,24.59,30.57,1794.0,1790.0,178.7,716.9,20.2,28.57,1229.0,51.2,0.0,81.7,17.4,86.1,21.28,0,0
2026-09-03T13:00:00Z,CDU-A3,HALL-A,24.52,24.54,30.79,1791.0,1789.0,178.2,749.9,19.9,28.79,1211.0,50.5,0.0,81.6,17.3,86.1,21.19,0,0
2026-09-03T14:00:00Z,CDU-A3,HALL-A,24.32,24.34,30.71,1810.0,1797.0,182.0,772.4,19.9,28.71,1259.0,52.5,0.0,82.5,17.7,86.1,21.85,0,0
2026-09-03T15:00:00Z,CDU-A3,HALL-A,24.26,24.47,30.57,1817.0,1817.0,183.5,766.6,19.8,28.57,1253.0,52.2,0.0,82.8,17.9,86.1,22.1,0,0
2026-09-03T16:00:00Z,CDU-A3,HALL-A,24.54,24.57,30.31,1806.0,1803.0,181.3,696.0,19.9,28.3,1188.0,49.4,0.0,82.3,17.7,86.1,21.72,0,0
2026-09-03T17:00:00Z,CDU-A3,HALL-A,24.69,24.74,30.21,1804.0,1802.0,180.8,665.0,19.9,28.2,1149.0,47.8,0.0,82.2,17.6,86.1,21.65,0,0
2026-09-03T18:00:00Z,CDU-A3,HALL-A,24.65,24.66,30.3,1809.0,1796.0,181.8,683.1,20.2,28.3,1210.0,50.5,0.0,82.4,17.8,86.1,21.81,0,0
2026-09-03T19:00:00Z,CDU-A3,HALL-A,24.7,24.97,30.37,1808.0,1789.0,181.6,685.3,20.3,28.38,1219.0,50.8,0.0,82.4,17.7,86.1,21.78,0,0
2026-09-03T20:00:00Z,CDU-A3,HALL-A,24.85,24.91,30.2,1806.0,1797.0,181.3,645.0,20.0,28.19,1130.0,47.0,0.0,82.3,17.7,86.1,21.71,0,0
2026-09-03T21:00:00Z,CDU-A3,HALL-A,24.87,24.91,30.54,1778.0,1763.0,175.6,673.4,19.7,28.54,1094.0,45.6,0.0,81.0,17.1,86.1,20.74,0,0
2026-09-03T22:00:00Z,CDU-A3,HALL-A,25.06,25.31,30.67,1801.0,1780.0,180.2,675.4,20.0,28.67,1118.0,46.6,0.0,82.1,17.6,86.1,21.53,0,0
2026-09-03T23:00:00Z,CDU-A3,HALL-A,25.25,25.3,30.48,1820.0,1807.0,184.0,636.1,20.0,28.49,1077.0,44.9,0.0,82.9,18.0,86.1,22.21,0,0
2026-09-04T00:00:00Z,CDU-A3,HALL-A,25.29,25.34,30.38,1823.0,1815.0,184.7,620.3,20.2,28.38,1088.0,45.3,0.0,83.0,18.0,86.1,22.33,0,0
2026-09-04T01:00:00Z,CDU-A3,HALL-A,25.52,25.69,30.53,1803.0,1802.0,180.6,603.0,19.9,28.53,1004.0,41.8,0.0,82.2,17.6,86.1,21.61,0,0
2026-09-04T02:00:00Z,CDU-A3,HALL-A,25.11,25.13,30.39,1788.0,1762.0,177.6,630.9,19.8,28.39,1054.0,43.9,0.0,81.5,17.3,86.1,21.08,0,0
2026-09-04T03:00:00Z,CDU-A3,HALL-A,24.99,25.23,30.33,1797.0,1785.0,179.5,640.9,19.9,28.33,1091.0,45.5,0.0,81.9,17.5,86.1,21.39,0,0
2026-09-04T04:00:00Z,CDU-A3,HALL-A,24.95,25.22,30.35,1791.0,1779.0,178.2,646.2,19.9,28.36,1098.0,45.7,0.0,81.6,17.4,86.1,21.19,0,0
2026-09-04T05:00:00Z,CDU-A3,HALL-A,25.07,25.11,30.39,1770.0,1769.0,174.1,629.1,19.9,28.38,1063.0,44.3,0.0,80.6,17.0,86.1,20.46,0,0
2026-09-04T06:00:00Z,CDU-A3,HALL-A,24.79,24.81,30.3,1792.0,1785.0,178.4,659.3,20.0,28.3,1140.0,47.5,0.0,81.7,17.4,86.1,21.21,0,0
2026-09-04T07:00:00Z,CDU-A3,HALL-A,24.69,24.8,30.47,1792.0,1787.0,178.4,691.5,19.8,28.47,1146.0,47.8,0.0,81.6,17.4,86.1,21.22,0,0
2026-09-04T08:00:00Z,CDU-A3,HALL-A,24.76,24.8,30.43,1795.0,1791.0,179.0,679.5,20.2,28.42,1185.0,49.4,0.0,81.8,17.5,86.1,21.33,0,0
2026-09-04T09:00:00Z,CDU-A3,HALL-A,24.9,24.94,30.38,1802.0,1795.0,180.4,659.8,20.2,28.37,1157.0,48.2,0.0,82.1,17.6,86.1,21.56,0,0
2026-09-04T10:00:00Z,CDU-A3,HALL-A,24.83,25.27,30.33,1779.0,1774.0,175.8,653.2,19.9,28.33,1114.0,46.4,0.0,81.1,17.2,86.1,20.78,0,0
2026-09-04T11:00:00Z,CDU-A3,HALL-A,24.9,24.97,30.47,1787.0,1786.0,177.4,665.2,19.9,28.47,1114.0,46.4,0.0,81.4,17.3,86.1,21.04,0,0
2026-09-04T12:00:00Z,CDU-A3,HALL-A,24.8,25.05,30.48,1813.0,1805.0,182.6,688.5,19.7,28.49,1125.0,46.9,0.0,82.6,17.9,86.1,21.97,0,0
2026-09-04T13:00:00Z,CDU-A3,HALL-A,24.96,25.13,30.61,1780.0,1773.0,176.0,671.3,19.7,28.6,1082.0,45.1,0.0,81.1,17.2,86.1,20.8,0,0
2026-09-04T14:00:00Z,CDU-A3,HALL-A,25.17,25.44,30.51,1834.0,1825.0,186.9,654.2,19.8,28.52,1079.0,45.0,0.0,83.5,18.3,86.1,22.72,0,0
2026-09-04T15:00:00Z,CDU-A3,HALL-A,24.93,25.01,30.4,1815.0,1803.0,183.0,663.8,20.0,28.41,1134.0,47.3,0.0,82.7,17.9,86.1,22.03,0,0
2026-09-04T16:00:00Z,CDU-A3,HALL-A,24.96,25.15,30.34,1797.0,1776.0,179.3,646.4,19.9,28.35,1099.0,45.8,0.0,81.9,17.5,86.1,21.4,0,0
2026-09-04T17:00:00Z,CDU-A3,HALL-A,25.08,25.22,30.55,1792.0,1787.0,178.4,654.7,19.9,28.55,1086.0,45.2,0.0,81.6,17.5,86.1,21.22,0,0
2026-09-04T18:00:00Z,CDU-A3,HALL-A,24.71,24.78,30.61,1806.0,1775.0,181.2,711.9,19.8,28.61,1160.0,48.4,0.0,82.3,17.7,86.1,21.72,0,0
2026-09-04T19:00:00Z,CDU-A3,HALL-A,24.76,24.89,30.58,1801.0,1799.0,180.2,699.8,19.9,28.58,1158.0,48.2,0.0,82.0,17.6,86.1,21.54,0,0
2026-09-04T20:00:00Z,CDU-A3,HALL-A,24.71,24.8,30.43,1814.0,1813.0,182.8,692.9,19.6,28.43,1127.0,46.9,0.0,82.6,17.9,86.1,22.0,0,0
2026-09-04T21:00:00Z,CDU-A3,HALL-A,24.84,24.94,30.47,1788.0,1785.0,177.7,672.9,20.1,28.47,1153.0,48.1,0.0,81.5,17.4,86.1,21.07,0,0
2026-09-04T22:00:00Z,CDU-A3,HALL-A,24.71,24.84,30.23,1797.0,1797.0,179.4,662.9,19.8,28.23,1128.0,47.0,0.0,81.9,17.6,86.1,21.38,0,0
2026-09-04T23:00:00Z,CDU-A3,HALL-A,25.03,25.18,30.28,1795.0,1788.0,179.0,630.1,20.1,28.28,1104.0,46.0,0.0,81.8,17.5,86.1,21.32,0,0
2026-09-05T00:00:00Z,CDU-A3,HALL-A,24.56,24.68,30.24,1800.0,1799.0,180.0,682.7,19.7,28.24,1148.0,47.8,0.0,82.0,17.6,86.1,21.5,0,0
2026-09-05T01:00:00Z,CDU-A3,HALL-A,24.65,24.78,30.3,1799.0,1797.0,179.8,679.5,20.1,28.3,1189.0,49.6,0.0,82.0,17.6,86.1,21.46,0,0
2026-09-05T02:00:00Z,CDU-A3,HALL-A,24.64,24.64,30.11,1793.0,1768.0,178.6,655.5,20.1,28.11,1174.0,48.9,0.0,81.7,17.5,86.1,21.26,0,0
2026-09-05T03:00:00Z,CDU-A3,HALL-A,24.83,24.86,30.12,1814.0,1803.0,182.8,641.0,19.9,28.12,1119.0,46.7,0.0,82.6,17.9,86.1,22.0,0,0
2026-09-05T04:00:00Z,CDU-A3,HALL-A,25.1,25.45,30.26,1806.0,1792.0,181.2,623.1,20.0,28.26,1082.0,45.1,0.0,82.3,17.8,86.1,21.71,0,0
2026-09-05T05:00:00Z,CDU-A3,HALL-A,25.14,25.16,30.03,1798.0,1790.0,179.6,587.6,19.7,28.04,1013.0,42.1,0.0,81.9,17.6,86.1,21.43,0,0
2026-09-05T06:00:00Z,CDU-A3,HALL-A,25.12,25.23,30.14,1792.0,1790.0,178.4,601.5,20.0,28.15,1060.0,44.2,0.0,81.7,17.5,86.1,21.21,0,0
2026-09-05T07:00:00Z,CDU-A3,HALL-A,25.15,25.17,30.08,1808.0,1787.0,181.6,595.9,19.8,28.08,1032.0,43.0,0.0,82.3,17.8,86.1,21.79,0,0
2026-09-05T08:00:00Z,CDU-A3,HALL-A,24.79,24.95,30.18,1827.0,1827.0,185.4,658.1,19.9,28.18,1140.0,47.5,0.0,83.3,18.2,86.1,22.46,0,0
2026-09-05T09:00:00Z,CDU-A3,HALL-A,24.91,24.98,30.54,1793.0,1762.0,178.6,673.9,20.2,28.53,1160.0,48.3,0.0,81.7,17.5,86.1,21.25,0,0
2026-09-05T10:00:00Z,CDU-A3,HALL-A,25.05,25.41,30.37,1803.0,1783.0,180.6,641.3,19.9,28.38,1087.0,45.3,0.0,82.2,17.7,86.1,21.61,0,0
2026-09-05T11:00:00Z,CDU-A3,HALL-A,25.27,25.31,30.37,1822.0,1809.0,184.4,621.1,20.1,28.37,1077.0,44.9,0.0,83.0,18.1,86.1,22.3,0,0
2026-09-05T12:00:00Z,CDU-A3,HALL-A,25.12,25.24,30.36,1799.0,1784.0,179.8,629.1,20.1,28.36,1094.0,45.6,0.0,81.9,17.7,86.1,21.46,0,0
2026-09-05T13:00:00Z,CDU-A3,HALL-A,24.72,24.94,30.24,1810.0,1804.0,182.0,667.7,20.3,28.24,1207.0,50.3,0.0,82.4,17.8,86.1,21.85,0,0
2026-09-05T14:00:00Z,CDU-A3,HALL-A,24.91,24.95,30.43,1815.0,1813.0,183.0,669.9,19.8,28.43,1113.0,46.4,0.0,82.7,18.0,86.1,22.04,0,0
2026-09-05T15:00:00Z,CDU-A3,HALL-A,24.96,24.99,30.62,1787.0,1774.0,177.4,675.8,20.0,28.62,1125.0,46.9,0.0,81.4,17.4,86.1,21.04,0,0
2026-09-05T16:00:00Z,CDU-A3,HALL-A,24.74,24.86,30.46,1802.0,1773.0,180.4,689.1,20.0,28.47,1169.0,48.7,0.0,82.1,17.7,86.1,21.57,0,0
2026-09-05T17:00:00Z,CDU-A3,HALL-A,25.08,25.14,30.45,1776.0,1760.0,175.2,637.6,20.0,28.46,1083.0,45.1,0.0,80.9,17.2,86.1,20.67,0,0
2026-09-05T18:00:00Z,CDU-A3,HALL-A,25.43,25.5,30.75,1805.0,1800.0,181.0,641.2,19.9,28.75,1040.0,43.3,0.0,82.2,17.8,86.1,21.67,0,0
2026-09-05T19:00:00Z,CDU-A3,HALL-A,25.38,25.47,30.76,1810.0,1783.0,182.0,650.1,20.1,28.75,1078.0,44.9,0.0,82.5,17.9,86.1,21.86,0,0
2026-09-05T20:00:00Z,CDU-A3,HALL-A,25.18,25.41,30.8,1788.0,1773.0,177.6,671.7,20.1,28.8,1108.0,46.1,0.0,81.5,17.4,86.1,21.07,0,0
2026-09-05T21:00:00Z,CDU-A3,HALL-A,25.03,25.31,30.71,1804.0,1783.0,180.8,684.8,20.3,28.71,1169.0,48.7,0.0,82.2,17.7,86.1,21.65,0,0
2026-09-05T22:00:00Z,CDU-A3,HALL-A,25.1,25.13,30.64,1797.0,1790.0,179.3,665.4,20.0,28.64,1105.0,46.0,0.0,81.8,17.6,86.1,21.4,0,0
2026-09-05T23:00:00Z,CDU-A3,HALL-A,25.19,25.27,30.64,1812.0,1796.0,182.4,659.8,20.1,28.64,1109.0,46.2,0.0,82.5,17.9,86.1,21.92,0,0
2026-09-06T00:00:00Z,CDU-A3,HALL-A,25.63,25.68,30.67,1806.0,1800.0,181.2,608.4,20.0,28.68,1007.0,41.9,0.0,82.3,17.8,86.1,21.72,0,0
2026-09-06T01:00:00Z,CDU-A3,HALL-A,25.5,25.68,30.68,1795.0,1790.0,178.9,621.6,19.8,28.68,1005.0,41.8,0.0,81.8,17.6,86.1,21.33,0,0
2026-09-06T02:00:00Z,CDU-A3,HALL-A,25.26,25.38,30.52,1815.0,1810.0,183.0,638.3,19.9,28.52,1062.0,44.3,0.0,82.7,18.0,86.1,22.04,0,0
2026-09-06T03:00:00Z,CDU-A3,HALL-A,24.93,25.1,30.64,1815.0,1796.0,183.1,692.9,19.9,28.64,1137.0,47.4,0.0,82.7,18.0,86.1,22.04,0,0
2026-09-06T04:00:00Z,CDU-A3,HALL-A,25.0,25.28,30.8,1796.0,1792.0,179.2,695.6,19.9,28.8,1122.0,46.7,0.0,81.8,17.6,86.1,21.36,0,0
2026-09-06T05:00:00Z,CDU-A3,HALL-A,24.81,24.96,30.57,1788.0,1769.0,177.6,688.2,20.0,28.58,1153.0,48.1,0.0,81.4,17.5,86.1,21.09,0,0
2026-09-06T06:00:00Z,CDU-A3,HALL-A,24.19,24.37,30.31,1807.0,1805.0,181.3,738.7,20.0,28.31,1276.0,53.1,0.0,82.3,17.8,86.1,21.74,0,0
2026-09-06T07:00:00Z,CDU-A3,HALL-A,24.52,24.7,30.24,1806.0,1784.0,181.2,690.5,20.1,28.24,1217.0,50.7,0.0,82.3,17.8,86.1,21.72,0,0
2026-09-06T08:00:00Z,CDU-A3,HALL-A,24.66,24.83,30.28,1800.0,1789.0,180.0,676.1,19.9,28.28,1158.0,48.3,0.0,82.0,17.7,86.1,21.5,0,0
2026-09-06T09:00:00Z,CDU-A3,HALL-A,24.36,24.69,30.29,1785.0,1780.0,177.0,707.1,19.9,28.29,1210.0,50.4,0.0,81.3,17.4,86.1,20.98,0,0
2026-09-06T10:00:00Z,CDU-A3,HALL-A,24.39,24.42,30.25,1805.0,1797.0,180.9,707.0,19.9,28.25,1215.0,50.6,0.0,82.2,17.8,86.1,21.67,0,0
2026-09-06T11:00:00Z,CDU-A3,HALL-A,24.43,24.56,30.38,1801.0,1793.0,180.2,716.1,19.9,28.38,1212.0,50.5,0.0,82.1,17.7,86.1,21.54,0,0
2026-09-06T12:00:00Z,CDU-A3,HALL-A,24.49,24.51,30.2,1806.0,1795.0,181.2,688.6,20.0,28.2,1206.0,50.2,0.0,82.3,17.8,86.1,21.72,0,0
2026-09-06T13:00:00Z,CDU-A3,HALL-A,24.68,24.74,30.37,1813.0,1811.0,182.6,689.3,20.1,28.37,1196.0,49.9,0.0,82.6,18.0,86.1,21.96,0,0
2026-09-06T14:00:00Z,CDU-A3,HALL-A,24.6,24.62,30.23,1800.0,1778.0,180.1,677.0,20.0,28.23,1181.0,49.2,0.0,82.0,17.7,86.1,21.49,0,0
2026-09-06T15:00:00Z,CDU-A3,HALL-A,24.92,24.93,30.18,1819.0,1795.0,183.8,639.4,19.9,28.18,1108.0,46.2,0.0,82.9,18.1,86.1,22.18,0,0
2026-09-06T16:00:00Z,CDU-A3,HALL-A,24.91,25.0,29.87,1793.0,1788.0,178.6,593.7,20.0,27.87,1083.0,45.1,0.0,81.7,17.6,86.1,21.26,0,0
2026-09-06T17:00:00Z,CDU-A3,HALL-A,24.86,24.96,29.91,1785.0,1778.0,177.0,602.5,19.9,27.91,1079.0,45.0,0.0,81.4,17.4,86.1,20.97,0,0
2026-09-06T18:00:00Z,CDU-A3,HALL-A,24.57,24.74,29.91,1807.0,1798.0,181.4,644.4,20.4,27.91,1232.0,51.3,0.0,82.3,17.9,86.1,21.75,0,0
2026-09-06T19:00:00Z,CDU-A3,HALL-A,24.78,24.95,29.91,1797.0,1793.0,179.4,615.5,19.9,27.91,1104.0,46.0,0.0,81.9,17.7,86.1,21.39,0,0
2026-09-06T20:00:00Z,CDU-A3,HALL-A,24.85,24.99,30.01,1805.0,1788.0,181.0,622.2,19.9,28.01,1101.0,45.8,0.0,82.2,17.8,86.1,21.68,0,0
2026-09-06T21:00:00Z,CDU-A3,HALL-A,25.01,25.14,30.18,1787.0,1783.0,177.4,617.2,20.1,28.17,1096.0,45.7,0.0,81.4,17.5,86.1,21.05,0,0
2026-09-06T22:00:00Z,CDU-A3,HALL-A,25.28,25.35,30.31,1825.0,1811.0,185.0,613.6,20.2,28.31,1086.0,45.2,0.0,83.2,18.2,86.1,22.39,0,0
2026-09-06T23:00:00Z,CDU-A3,HALL-A,25.45,25.48,30.22,1791.0,1787.0,178.2,570.3,19.8,28.21,972.0,40.5,0.0,81.6,17.6,86.1,21.19,0,0
2026-09-07T00:00:00Z,CDU-A3,HALL-A,25.38,25.42,30.08,1797.0,1784.0,179.4,563.7,20.0,28.08,1002.0,41.8,0.0,81.9,17.7,86.1,21.4,0,0
2026-09-07T01:00:00Z,CDU-A3,HALL-A,25.29,25.46,30.1,1785.0,1773.0,177.0,573.5,19.7,28.09,980.0,40.8,0.0,81.3,17.5,86.1,20.97,0,0
2026-09-07T02:00:00Z,CDU-A3,HALL-A,25.52,25.58,30.02,1805.0,1800.0,181.0,542.7,20.2,28.03,996.0,41.5,0.0,82.2,17.9,86.1,21.69,0,0
2026-09-07T03:00:00Z,CDU-A3,HALL-A,25.36,25.7,30.21,1819.0,1789.0,183.8,589.6,20.0,28.21,1030.0,42.9,0.0,82.9,18.1,86.1,22.18,0,0
2026-09-07T04:00:00Z,CDU-A3,HALL-A,25.16,25.23,30.2,1797.0,1791.0,179.4,605.3,20.0,28.2,1059.0,44.1,0.0,81.9,17.7,86.1,21.39,0,0
2026-09-07T05:00:00Z,CDU-A3,HALL-A,25.42,25.69,30.5,1793.0,1752.0,178.6,609.0,19.8,28.5,1004.0,41.9,0.0,81.7,17.6,86.1,21.27,0,0
2026-09-07T06:00:00Z,CDU-A3,HALL-A,25.25,25.41,30.33,1800.0,1783.0,179.9,611.4,19.8,28.33,1028.0,42.8,0.0,82.0,17.8,86.1,21.51,0,0
2026-09-07T07:00:00Z,CDU-A3,HALL-A,25.34,25.38,30.31,1795.0,1770.0,178.9,596.5,20.0,28.32,1030.0,42.9,0.0,81.7,17.7,86.1,21.32,0,0
2026-09-07T08:00:00Z,CDU-A3,HALL-A,25.27,25.37,30.43,1798.0,1792.0,179.6,620.0,20.0,28.44,1056.0,44.0,0.0,81.9,17.7,86.1,21.43,0,0
2026-09-07T09:00:00Z,CDU-A3,HALL-A,25.66,25.84,30.6,1786.0,1760.0,177.2,589.8,19.8,28.6,962.0,40.1,0.0,81.4,17.5,86.1,21.02,0,0
2026-09-07T10:00:00Z,CDU-A3,HALL-A,25.17,25.31,30.42,1803.0,1786.0,180.6,632.8,20.1,28.42,1091.0,45.4,0.0,82.1,17.8,86.1,21.6,0,0
2026-09-07T11:00:00Z,CDU-A3,HALL-A,25.34,25.42,30.43,1806.0,1800.0,181.2,614.2,19.9,28.42,1033.0,43.0,0.0,82.3,17.9,86.1,21.72,0,0
2026-09-07T12:00:00Z,CDU-A3,HALL-A,25.18,25.19,30.26,1805.0,1787.0,181.0,612.8,20.0,28.26,1064.0,44.3,0.0,82.2,17.9,86.1,21.68,0,0
2026-09-07T13:00:00Z,CDU-A3,HALL-A,25.36,25.48,30.43,1799.0,1798.0,179.8,609.5,20.2,28.43,1063.0,44.3,0.0,81.9,17.7,86.1,21.47,0,0
2026-09-07T14:00:00Z,CDU-A3,HALL-A,25.32,25.46,30.35,1806.0,1806.0,181.2,606.9,20.3,28.35,1082.0,45.0,0.0,82.3,17.9,86.1,21.72,0,0
2026-09-07T15:00:00Z,CDU-A3,HALL-A,25.22,25.34,30.46,1795.0,1774.0,178.9,628.7,20.1,28.46,1079.0,45.0,0.0,81.7,17.7,86.1,21.32,0,0
2026-09-07T16:00:00Z,CDU-A3,HALL-A,25.35,25.58,30.43,1792.0,1790.0,178.4,608.1,19.7,28.43,1000.0,41.7,0.0,81.6,17.6,86.1,21.22,0,0
2026-09-07T17:00:00Z,CDU-A3,HALL-A,25.49,25.68,30.79,1777.0,1770.0,175.4,629.6,19.8,28.8,1006.0,41.9,0.0,80.9,17.3,86.1,20.69,0,0
2026-09-07T18:00:00Z,CDU-A3,HALL-A,25.57,25.61,30.86,1801.0,1800.0,180.2,637.0,20.1,28.86,1043.0,43.5,0.0,82.1,17.8,86.1,21.53,0,0
2026-09-07T19:00:00Z,CDU-A3,HALL-A,25.37,25.44,30.36,1787.0,1783.0,177.4,595.6,20.1,28.36,1036.0,43.2,0.0,81.4,17.5,86.1,21.06,0,0
2026-09-07T20:00:00Z,CDU-A3,HALL-A,25.49,25.69,30.41,1807.0,1792.0,181.4,593.9,19.9,28.41,1002.0,41.8,0.0,82.3,17.9,86.1,21.75,0,0
2026-09-07T21:00:00Z,CDU-A3,HALL-A,25.53,25.72,30.37,1810.0,1809.0,182.0,584.7,20.0,28.37,1003.0,41.8,0.0,82.5,18.0,86.1,21.85,0,0
2026-09-07T22:00:00Z,CDU-A3,HALL-A,25.35,25.37,30.54,1806.0,1802.0,181.2,626.1,19.8,28.54,1028.0,42.8,0.0,82.3,17.9,86.1,21.72,0,0
2026-09-07T23:00:00Z,CDU-A3,HALL-A,25.32,25.44,30.61,1804.0,1794.0,180.8,637.7,20.2,28.61,1088.0,45.3,0.0,82.2,17.9,86.1,21.64,0,0
2026-09-08T00:00:00Z,CDU-A3,HALL-A,25.15,25.29,30.52,1813.0,1800.0,182.6,651.0,19.8,28.51,1070.0,44.6,0.0,82.6,18.0,86.1,21.96,0,0
2026-09-08T01:00:00Z,CDU-A3,HALL-A,24.85,25.17,30.28,1805.0,1781.0,181.1,655.2,19.9,28.28,1122.0,46.7,0.0,82.2,17.9,86.1,21.67,0,0
2026-09-08T02:00:00Z,CDU-A3,HALL-A,24.43,24.53,30.12,1796.0,1782.0,179.2,683.2,19.8,28.12,1178.0,49.1,0.0,81.8,17.7,86.1,21.35,0,0
2026-09-08T03:00:00Z,CDU-A3,HALL-A,24.74,24.78,30.27,1801.0,1767.0,180.2,666.0,19.8,28.27,1128.0,47.0,0.0,82.0,17.8,86.1,21.54,0,0
2026-09-08T04:00:00Z,CDU-A3,HALL-A,24.73,24.79,30.29,1795.0,1795.0,179.1,667.4,20.1,28.3,1169.0,48.7,0.0,81.8,17.7,86.1,21.33,0,0
2026-09-08T05:00:00Z,CDU-A3,HALL-A,24.77,25.06,30.47,1802.0,1801.0,180.4,686.1,19.9,28.47,1150.0,47.9,0.0,82.1,17.8,86.1,21.57,0,0
2026-09-08T06:00:00Z,CDU-A3,HALL-A,24.75,25.02,30.58,1813.0,1795.0,182.6,705.6,20.1,28.57,1195.0,49.8,0.0,82.6,18.1,86.1,21.96,0,0
2026-09-08T07:00:00Z,CDU-A3,HALL-A,24.34,24.55,30.37,1797.0,1786.0,179.3,724.1,19.9,28.37,1227.0,51.1,0.0,81.8,17.8,86.1,21.39,0,0
2026-09-08T08:00:00Z,CDU-A3,HALL-A,24.23,24.35,30.06,1814.0,1810.0,182.7,706.9,19.8,28.06,1228.0,51.2,0.0,82.6,18.1,86.1,22.0,0,0
2026-09-08T09:00:00Z,CDU-A3,HALL-A,24.45,24.58,30.12,1803.0,1788.0,180.6,682.9,20.0,28.13,1208.0,50.3,0.0,82.1,17.9,86.1,21.61,0,0
2026-09-08T10:00:00Z,CDU-A3,HALL-A,24.45,24.62,30.24,1807.0,1796.0,181.3,699.6,19.9,28.24,1203.0,50.2,0.0,82.3,18.0,86.1,21.75,0,0
2026-09-08T11:00:00Z,CDU-A3,HALL-A,24.67,24.74,30.3,1796.0,1741.0,179.3,675.1,20.1,28.3,1182.0,49.2,0.0,81.8,17.7,86.1,21.38,0,0
2026-09-08T12:00:00Z,CDU-A3,HALL-A,24.83,24.94,30.36,1813.0,1810.0,182.6,670.1,19.9,28.36,1137.0,47.4,0.0,82.6,18.1,86.1,21.96,0,0
2026-09-08T13:00:00Z,CDU-A3,HALL-A,24.98,25.05,30.25,1803.0,1788.0,180.7,634.8,19.9,28.25,1091.0,45.5,0.0,82.1,17.9,86.1,21.61,0,0
2026-09-08T14:00:00Z,CDU-A3,HALL-A,24.73,24.8,30.26,1816.0,1808.0,183.2,671.4,20.2,28.27,1195.0,49.8,0.0,82.8,18.2,86.1,22.07,0,0
2026-09-08T15:00:00Z,CDU-A3,HALL-A,25.35,25.51,30.35,1796.0,1781.0,179.1,600.3,19.8,28.35,1007.0,42.0,0.0,81.8,17.8,86.1,21.36,0,0
2026-09-08T16:00:00Z,CDU-A3,HALL-A,25.23,25.52,30.34,1808.0,1802.0,181.6,616.7,20.0,28.33,1062.0,44.3,0.0,82.4,18.0,86.1,21.78,0,0
2026-09-08T17:00:00Z,CDU-A3,HALL-A,25.14,25.24,30.29,1791.0,1767.0,178.3,615.9,20.1,28.29,1080.0,44.9,0.0,81.6,17.7,86.1,21.19,0,0
2026-09-08T18:00:00Z,CDU-A3,HALL-A,25.19,25.39,30.21,1807.0,1796.0,181.4,606.2,20.1,28.22,1073.0,44.7,0.0,82.3,18.0,86.1,21.75,0,0
2026-09-08T19:00:00Z,CDU-A3,HALL-A,24.93,25.12,30.17,1802.0,1795.0,180.4,631.3,19.9,28.18,1095.0,45.5,0.0,82.1,17.9,86.1,21.57,0,0
2026-09-08T20:00:00Z,CDU-A3,HALL-A,25.07,25.27,30.34,1805.0,1796.0,181.0,635.3,19.8,28.33,1068.0,44.4,0.0,82.2,18.0,86.1,21.67,0,0
2026-09-08T21:00:00Z,CDU-A3,HALL-A,24.83,25.0,30.39,1800.0,1797.0,180.0,668.7,20.2,28.39,1172.0,48.9,0.0,82.0,17.9,86.1,21.49,0,0
2026-09-08T22:00:00Z,CDU-A3,HALL-A,24.69,24.69,30.28,1827.0,1803.0,185.4,681.8,20.2,28.28,1212.0,50.5,0.0,83.2,18.4,86.1,22.46,0,0
2026-09-08T23:00:00Z,CDU-A3,HALL-A,24.47,24.48,30.11,1801.0,1785.0,180.2,678.7,20.1,28.12,1216.0,50.7,2.7,79.3,17.9,86.1,21.54,0,0
2026-09-09T00:00:00Z,CDU-A3,HALL-A,24.49,24.63,30.08,1809.0,1793.0,181.8,676.1,20.2,28.09,1231.0,51.3,82.4,0.0,18.1,86.1,21.82,0,0
2026-09-09T01:00:00Z,CDU-A3,HALL-A,24.76,24.79,30.16,1788.0,1758.0,177.6,645.2,19.9,28.16,1121.0,46.7,81.4,0.0,17.6,86.1,21.08,0,0
2026-09-09T02:00:00Z,CDU-A3,HALL-A,24.7,24.78,30.12,1794.0,1777.0,178.8,650.0,20.1,28.13,1163.0,48.4,81.7,0.0,17.7,86.1,21.28,0,0
2026-09-09T03:00:00Z,CDU-A3,HALL-A,24.83,24.9,30.17,1787.0,1767.0,177.4,637.7,20.2,28.17,1148.0,47.8,81.4,0.0,17.6,86.1,21.05,0,0
2026-09-09T04:00:00Z,CDU-A3,HALL-A,24.94,25.0,30.1,1803.0,1792.0,180.6,622.1,20.1,28.1,1116.0,46.5,82.1,0.0,17.9,86.1,21.6,0,0
2026-09-09T05:00:00Z,CDU-A3,HALL-A,24.99,25.38,30.03,1806.0,1777.0,181.2,607.7,19.9,28.03,1074.0,44.8,82.3,0.0,18.0,86.1,21.72,0,0
2026-09-09T06:00:00Z,CDU-A3,HALL-A,25.02,25.23,30.13,1797.0,1764.0,179.4,613.3,20.1,28.12,1096.0,45.7,81.9,0.0,17.8,86.1,21.39,0,0
2026-09-09T07:00:00Z,CDU-A3,HALL-A,25.21,25.42,30.59,1800.0,1799.0,180.0,647.1,19.8,28.59,1056.0,44.0,82.0,0.0,17.9,86.1,21.51,0,0
2026-09-09T08:00:00Z,CDU-A3,HALL-A,25.07,25.4,30.49,1800.0,1792.0,180.0,652.2,19.9,28.5,1090.0,45.4,82.0,0.0,17.9,86.1,21.5,0,0
2026-09-09T09:00:00Z,CDU-A3,HALL-A,25.08,25.19,30.66,1792.0,1763.0,178.4,668.2,19.7,28.66,1070.0,44.6,81.6,0.0,17.7,86.1,21.22,0,0
2026-09-09T10:00:00Z,CDU-A3,HALL-A,25.21,25.34,30.63,1798.0,1796.0,179.6,650.5,19.9,28.62,1070.0,44.6,81.9,0.0,17.9,86.1,21.43,0,0
2026-09-09T11:00:00Z,CDU-A3,HALL-A,25.19,25.31,30.62,1794.0,1768.0,178.8,650.8,19.9,28.61,1071.0,44.6,81.7,0.0,17.8,86.1,21.29,0,0
2026-09-09T12:00:00Z,CDU-A3,HALL-A,24.93,25.09,30.62,1804.0,1800.0,180.8,685.4,20.1,28.62,1155.0,48.1,82.2,0.0,18.0,86.1,21.64,0,0
2026-09-09T13:00:00Z,CDU-A3,HALL-A,24.67,24.67,30.7,1803.0,1799.0,180.6,726.1,20.0,28.7,1198.0,50.0,82.2,0.0,17.9,86.1,21.61,0,0
2026-09-09T14:00:00Z,CDU-A3,HALL-A,24.77,24.89,30.56,1809.0,1792.0,181.9,699.7,20.0,28.56,1173.0,48.9,82.4,0.0,18.1,86.1,21.82,0,0
2026-09-09T15:00:00Z,CDU-A3,HALL-A,24.39,24.54,30.36,1797.0,1796.0,179.3,717.1,19.9,28.36,1216.0,50.7,81.9,0.0,17.9,86.1,21.4,0,0
2026-09-09T16:00:00Z,CDU-A3,HALL-A,24.24,24.31,30.24,1796.0,1795.0,179.2,719.7,19.8,28.24,1224.0,51.1,81.8,0.0,17.8,86.1,21.36,0,0
2026-09-09T17:00:00Z,CDU-A3,HALL-A,24.33,24.43,30.34,1798.0,1794.0,179.6,721.4,20.0,28.34,1243.0,51.7,81.9,0.0,17.9,86.1,21.43,0,0
2026-09-09T18:00:00Z,CDU-A3,HALL-A,24.59,24.77,30.37,1805.0,1803.0,181.1,697.6,19.8,28.36,1167.0,48.7,82.2,0.0,18.0,86.1,21.68,0,0
2026-09-09T19:00:00Z,CDU-A3,HALL-A,24.93,24.94,30.45,1802.0,1792.0,180.4,665.0,20.0,28.45,1129.0,47.0,82.1,0.0,18.0,86.1,21.57,0,0
2026-09-09T20:00:00Z,CDU-A3,HALL-A,24.96,24.98,30.51,1802.0,1765.0,180.4,668.3,20.0,28.52,1127.0,47.0,82.1,0.0,17.9,86.1,21.58,0,0
2026-09-09T21:00:00Z,CDU-A3,HALL-A,25.18,25.22,30.44,1793.0,1783.0,178.6,630.1,20.0,28.44,1071.0,44.7,81.7,0.0,17.8,86.1,21.25,0,0
2026-09-09T22:00:00Z,CDU-A3,HALL-A,25.44,25.57,30.35,1811.0,1810.0,182.2,594.3,20.0,28.35,1021.0,42.5,82.5,0.0,18.1,86.1,21.9,0,0
2026-09-09T23:00:00Z,CDU-A3,HALL-A,25.55,25.68,30.48,1803.0,1760.0,180.6,594.1,20.1,28.48,1018.0,42.4,82.1,0.0,18.0,86.1,21.61,0,0
2026-09-10T00:00:00Z,CDU-A3,HALL-A,25.67,25.8,30.27,1784.0,1779.0,176.8,548.8,20.3,28.27,987.0,41.1,81.3,0.0,17.6,86.1,20.94,0,0
2026-09-10T01:00:00Z,CDU-A3,HALL-A,25.63,25.97,30.15,1813.0,1794.0,182.6,547.9,20.2,28.15,989.0,41.2,82.6,0.0,18.2,86.1,21.97,0,0
2026-09-10T02:00:00Z,CDU-A3,HALL-A,25.4,25.53,30.17,1808.0,1792.0,181.6,576.5,20.3,28.18,1051.0,43.7,82.4,0.0,18.1,86.1,21.78,0,0
2026-09-10T03:00:00Z,CDU-A3,HALL-A,25.4,25.59,30.39,1801.0,1794.0,180.2,600.9,20.2,28.39,1053.0,43.8,82.1,0.0,17.9,86.1,21.53,0,0
2026-09-10T04:00:00Z,CDU-A3,HALL-A,25.45,25.48,30.39,1790.0,1790.0,178.0,591.0,19.9,28.39,999.0,41.6,81.5,0.0,17.7,86.1,21.13,0,0
2026-09-10T05:00:00Z,CDU-A3,HALL-A,25.49,25.52,30.49,1787.0,1771.0,177.4,597.1,20.1,28.49,1021.0,42.5,81.4,0.0,17.7,86.1,21.04,0,0
2026-09-10T06:00:00Z,CDU-A3,HALL-A,25.08,25.26,30.56,1805.0,1776.0,181.0,660.3,20.1,28.56,1121.0,46.7,82.2,0.0,18.1,86.1,21.68,0,0
2026-09-10T07:00:00Z,CDU-A3,HALL-A,24.99,25.02,30.41,1807.0,1805.0,181.4,654.9,20.2,28.42,1144.0,47.7,82.3,0.0,18.1,86.1,21.74,0,0
2026-09-10T08:00:00Z,CDU-A3,HALL-A,25.21,25.39,30.52,1784.0,1784.0,176.8,633.3,19.6,28.53,1019.0,42.5,81.3,0.0,17.6,86.1,20.94,0,0
2026-09-10T09:00:00Z,CDU-A3,HALL-A,25.31,25.45,30.41,1788.0,1770.0,177.6,609.3,20.0,28.41,1040.0,43.3,81.5,0.0,17.7,86.1,21.08,0,0
2026-09-10T10:00:00Z,CDU-A3,HALL-A,25.29,25.33,30.1,1805.0,1793.0,181.0,580.5,20.2,28.1,1054.0,44.0,82.3,0.0,18.0,86.1,21.68,0,0
2026-09-10T11:00:00Z,CDU-A3,HALL-A,25.17,25.33,29.82,1815.0,1805.0,183.0,563.9,20.0,27.82,1035.0,43.1,82.7,0.0,18.3,86.1,22.04,0,0
2026-09-10T12:00:00Z,CDU-A3,HALL-A,25.11,25.22,29.78,1793.0,1789.0,178.6,559.9,20.0,27.79,1032.0,42.9,81.7,0.0,17.8,86.1,21.26,0,0
2026-09-10T13:00:00Z,CDU-A3,HALL-A,25.06,25.24,29.59,1798.0,1786.0,179.5,543.8,19.9,27.58,1015.0,42.3,81.9,0.0,17.9,86.1,21.43,0,0
2026-09-10T14:00:00Z,CDU-A3,HALL-A,25.0,25.01,29.93,1803.0,1793.0,180.6,593.5,20.0,27.93,1074.0,44.7,82.1,0.0,18.0,86.1,21.61,0,0
2026-09-10T15:00:00Z,CDU-A3,HALL-A,25.16,25.16,30.04,1805.0,1788.0,181.1,588.9,20.0,28.05,1051.0,43.9,82.2,0.0,18.1,86.1,21.67,0,0
2026-09-10T16:00:00Z,CDU-A3,HALL-A,25.06,25.17,30.19,1797.0,1786.0,179.5,615.6,20.0,28.18,1079.0,44.9,81.8,0.0,17.9,86.1,21.4,0,0
2026-09-10T17:00:00Z,CDU-A3,HALL-A,24.89,24.99,29.9,1814.0,1802.0,182.8,607.1,19.9,27.9,1089.0,45.4,82.7,0.0,18.3,86.1,22.0,0,0
2026-09-10T18:00:00Z,CDU-A3,HALL-A,24.6,24.76,29.94,1797.0,1792.0,179.4,641.6,20.0,27.94,1159.0,48.2,81.9,0.0,17.9,86.1,21.4,0,0
2026-09-10T19:00:00Z,CDU-A3,HALL-A,24.5,24.55,29.97,1800.0,1799.0,180.0,657.3,20.3,27.97,1231.0,51.3,82.0,0.0,18.0,86.1,21.5,0,0
2026-09-10T20:00:00Z,CDU-A3,HALL-A,25.32,25.47,30.3,1812.0,1798.0,182.3,603.1,20.0,28.3,1043.0,43.5,82.6,0.0,18.2,86.1,21.92,0,0
2026-09-10T21:00:00Z,CDU-A3,HALL-A,24.93,25.13,30.18,1809.0,1784.0,181.8,634.5,19.9,28.17,1100.0,45.9,82.4,0.0,18.2,86.1,21.83,0,0
2026-09-10T22:00:00Z,CDU-A3,HALL-A,24.88,25.09,30.28,1797.0,1791.0,179.4,648.4,19.9,28.29,1111.0,46.3,81.9,0.0,17.9,86.1,21.4,0,0
2026-09-10T23:00:00Z,CDU-A3,HALL-A,25.03,25.1,30.52,1800.0,1790.0,180.0,659.8,20.2,28.52,1139.0,47.4,82.0,0.0,18.0,86.1,21.49,0,0
2026-09-11T00:00:00Z,CDU-A3,HALL-A,25.19,25.45,30.49,1794.0,1792.0,178.8,635.4,20.3,28.49,1113.0,46.4,81.7,0.0,17.9,86.1,21.29,0,0
2026-09-11T01:00:00Z,CDU-A3,HALL-A,24.99,25.05,30.38,1804.0,1786.0,180.8,649.5,20.1,28.38,1126.0,46.9,82.2,0.0,18.1,86.1,21.64,0,0
2026-09-11T02:00:00Z,CDU-A3,HALL-A,25.13,25.15,30.23,1787.0,1778.0,177.4,608.5,20.3,28.23,1102.0,45.9,81.4,0.0,17.7,86.1,21.04,0,0
2026-09-11T03:00:00Z,CDU-A3,HALL-A,24.84,24.9,30.33,1819.0,1814.0,183.8,667.0,19.9,28.32,1136.0,47.3,82.9,0.0,18.4,86.1,22.17,0,0
2026-09-11T04:00:00Z,CDU-A3,HALL-A,24.44,24.47,30.2,1777.0,1771.0,175.4,683.6,20.2,28.2,1227.0,51.1,81.0,0.0,17.5,86.1,20.71,0,0
2026-09-11T05:00:00Z,CDU-A3,HALL-A,24.49,24.68,30.11,1788.0,1769.0,177.7,671.9,20.1,28.12,1204.0,50.2,81.5,0.0,17.8,86.1,21.08,0,0
2026-09-11T06:00:00Z,CDU-A3,HALL-A,24.75,24.83,30.31,1788.0,1772.0,177.7,664.3,20.0,28.32,1148.0,47.8,81.4,0.0,17.8,86.1,21.07,0,0
2026-09-11T07:00:00Z,CDU-A3,HALL-A,24.61,24.87,30.31,1791.0,1784.0,178.2,681.9,20.1,28.31,1192.0,49.6,81.6,0.0,17.8,86.1,21.19,0,0
2026-09-11T08:00:00Z,CDU-A3,HALL-A,24.56,24.81,30.34,1826.0,1823.0,185.3,705.4,20.1,28.34,1228.0,51.1,83.2,0.0,18.5,86.1,22.43,0,0
2026-09-11T09:00:00Z,CDU-A3,HALL-A,24.81,24.91,30.36,1807.0,1790.0,181.4,669.8,19.8,28.35,1123.0,46.8,82.3,0.0,18.1,86.1,21.75,0,0
2026-09-11T10:00:00Z,CDU-A3,HALL-A,24.8,24.92,30.07,1807.0,1783.0,181.4,636.4,19.9,28.08,1118.0,46.6,82.3,0.0,18.2,86.1,21.76,0,0
2026-09-11T11:00:00Z,CDU-A3,HALL-A,24.92,25.1,30.24,1795.0,1793.0,179.0,637.5,20.0,28.24,1111.0,46.2,81.8,0.0,17.9,86.1,21.32,0,0
2026-09-11T12:00:00Z,CDU-A3,HALL-A,24.98,25.1,30.32,1787.0,1771.0,177.4,637.5,20.0,28.32,1100.0,45.8,81.4,0.0,17.8,86.1,21.05,0,0
2026-09-11T13:00:00Z,CDU-A3,HALL-A,24.72,24.73,30.25,1817.0,1812.0,183.5,671.0,19.9,28.24,1153.0,48.1,82.8,0.0,18.3,86.1,22.11,0,0
2026-09-11T14:00:00Z,CDU-A3,HALL-A,24.77,24.93,30.14,1791.0,1784.0,178.3,643.2,20.1,28.15,1147.0,47.9,81.6,0.0,17.8,86.1,21.18,0,0
2026-09-11T15:00:00Z,CDU-A3,HALL-A,25.42,25.55,30.32,1811.0,1810.0,182.2,592.9,20.1,28.32,1036.0,43.2,82.5,0.0,18.3,86.1,21.89,0,0
2026-09-11T16:00:00Z,CDU-A3,HALL-A,25.4,25.42,30.23,1797.0,1778.0,179.4,579.4,20.1,28.22,1023.0,42.6,81.9,0.0,18.0,86.1,21.4,0,0
2026-09-11T17:00:00Z,CDU-A3,HALL-A,25.46,25.51,30.37,1814.0,1800.0,182.8,595.4,19.9,28.37,1008.0,42.0,82.7,0.0,18.3,86.1,22.0,0,0
2026-09-11T18:00:00Z,CDU-A3,HALL-A,25.14,25.3,30.38,1794.0,1792.0,178.8,627.9,20.1,28.38,1089.0,45.4,81.7,0.0,17.9,86.1,21.29,0,0
2026-09-11T19:00:00Z,CDU-A3,HALL-A,25.2,25.44,30.34,1811.0,1790.0,182.3,622.4,20.1,28.34,1083.0,45.1,82.5,0.0,18.2,86.1,21.9,0,0
2026-09-11T20:00:00Z,CDU-A3,HALL-A,25.48,25.51,30.19,1775.0,1774.0,175.1,558.6,20.0,28.19,979.0,40.8,80.9,0.0,17.5,86.1,20.62,0,0
2026-09-11T21:00:00Z,CDU-A3,HALL-A,25.95,26.11,30.27,1779.0,1763.0,175.8,513.4,20.1,28.27,901.0,37.5,81.0,0.0,17.6,86.1,20.78,0,0
2026-09-11T22:00:00Z,CDU-A3,HALL-A,25.85,25.92,30.29,1805.0,1785.0,180.9,535.5,20.0,28.29,927.0,38.6,82.2,0.0,18.1,86.1,21.68,0,0
2026-09-11T23:00:00Z,CDU-A3,HALL-A,25.51,25.72,30.27,1821.0,1790.0,184.2,578.5,20.0,28.26,1004.0,41.9,82.9,0.0,18.4,86.1,22.26,0,0
2026-09-12T00:00:00Z,CDU-A3,HALL-A,25.2,25.48,30.27,1790.0,1774.0,178.0,606.1,19.8,28.27,1028.0,42.8,81.6,0.0,17.8,86.1,21.15,0,0
2026-09-12T01:00:00Z,CDU-A3,HALL-A,25.19,25.27,30.32,1806.0,1806.0,181.2,618.9,20.0,28.32,1068.0,44.5,82.3,0.0,18.2,86.1,21.71,0,0
2026-09-12T02:00:00Z,CDU-A3,HALL-A,25.15,25.27,30.15,1806.0,1805.0,181.2,603.9,20.0,28.15,1063.0,44.3,82.3,0.0,18.2,86.1,21.71,0,0
2026-09-12T03:00:00Z,CDU-A3,HALL-A,25.03,25.32,30.1,1795.0,1793.0,179.0,607.5,19.8,28.09,1051.0,43.8,81.8,0.0,17.9,86.1,21.33,0,0
2026-09-12T04:00:00Z,CDU-A3,HALL-A,24.81,25.06,30.18,1791.0,1778.0,178.3,642.0,20.2,28.17,1155.0,48.2,81.6,0.0,17.9,86.1,21.19,0,0
2026-09-12T05:00:00Z,CDU-A3,HALL-A,24.53,24.68,30.24,1809.0,1804.0,181.8,690.1,20.2,28.24,1232.0,51.3,82.4,0.0,18.2,86.1,21.82,0,0
2026-09-12T06:00:00Z,CDU-A3,HALL-A,24.73,24.87,30.2,1804.0,1799.0,180.8,659.6,19.7,28.2,1114.0,46.4,82.2,0.0,18.2,86.1,21.65,0,0
2026-09-12T07:00:00Z,CDU-A3,HALL-A,25.07,25.11,30.47,1791.0,1783.0,178.2,646.6,19.8,28.47,1070.0,44.7,81.6,0.0,17.9,86.1,21.18,0,0
2026-09-12T08:00:00Z,CDU-A3,HALL-A,24.91,25.07,30.24,1779.0,1772.0,175.8,633.6,20.0,28.24,1104.0,46.0,81.1,0.0,17.7,86.1,20.77,0,0
2026-09-12T09:00:00Z,CDU-A3,HALL-A,24.82,25.02,30.24,1818.0,1810.0,183.7,658.2,20.0,28.24,1147.0,47.8,82.8,0.0,18.4,86.1,22.14,0,0
2026-09-12T10:00:00Z,CDU-A3,HALL-A,24.96,25.1,30.09,1811.0,1798.0,182.2,620.8,20.0,28.09,1101.0,45.9,82.5,0.0,18.3,86.1,21.89,0,0
2026-09-12T11:00:00Z,CDU-A3,HALL-A,24.87,24.93,30.02,1794.0,1789.0,178.8,617.0,20.2,28.02,1133.0,47.2,81.7,0.0,17.9,86.1,21.29,0,0
2026-09-12T12:00:00Z,CDU-A3,HALL-A,24.38,24.61,30.11,1790.0,1790.0,178.0,685.6,20.1,28.11,1228.0,51.1,81.6,0.0,17.9,86.1,21.16,0,0
2026-09-12T13:00:00Z,CDU-A3,HALL-A,24.59,24.84,30.0,1796.0,1785.0,179.2,649.3,19.9,28.01,1151.0,47.9,81.8,0.0,18.0,86.1,21.37,0,0
2026-09-12T14:00:00Z,CDU-A3,HALL-A,24.77,24.9,30.14,1809.0,1806.0,181.8,649.0,20.1,28.14,1159.0,48.3,82.4,0.0,18.3,86.1,21.82,0,0
2026-09-12T15:00:00Z,CDU-A3,HALL-A,24.97,25.01,30.39,1824.0,1813.0,184.9,660.4,19.9,28.39,1117.0,46.5,83.1,0.0,18.6,86.1,22.36,0,0
2026-09-12T16:00:00Z,CDU-A3,HALL-A,25.07,25.16,30.4,1797.0,1784.0,179.4,640.0,20.2,28.4,1120.0,46.7,81.9,0.0,18.0,86.1,21.4,0,0
2026-09-12T17:00:00Z,CDU-A3,HALL-A,24.93,25.0,30.16,1806.0,1772.0,181.2,631.4,20.2,28.17,1138.0,47.4,82.3,0.0,18.2,86.1,21.73,0,0
2026-09-12T18:00:00Z,CDU-A3,HALL-A,24.99,25.18,30.31,1809.0,1804.0,181.8,643.2,19.8,28.31,1085.0,45.2,82.4,0.0,18.3,86.1,21.82,0,0
2026-09-12T19:00:00Z,CDU-A3,HALL-A,24.65,24.8,30.2,1807.0,1797.0,181.4,669.6,20.0,28.2,1173.0,48.9,82.3,0.0,18.2,86.1,21.75,0,0
2026-09-12T20:00:00Z,CDU-A3,HALL-A,24.77,24.85,30.11,1807.0,1807.0,181.4,644.2,20.2,28.11,1170.0,48.7,82.3,0.0,18.2,86.1,21.75,0,0
2026-09-12T21:00:00Z,CDU-A3,HALL-A,24.81,24.93,30.18,1802.0,1788.0,180.4,646.5,20.0,28.17,1134.0,47.3,82.1,0.0,18.1,86.1,21.57,0,0
2026-09-12T22:00:00Z,CDU-A3,HALL-A,24.65,24.85,30.16,1822.0,1820.0,184.4,670.8,19.9,28.16,1166.0,48.6,83.0,0.0,18.6,86.1,22.28,0,0
2026-09-12T23:00:00Z,CDU-A3,HALL-A,24.64,24.65,30.05,1799.0,1777.0,179.8,650.0,19.9,28.05,1145.0,47.8,82.0,0.0,18.1,86.1,21.47,0,0
2026-09-13T00:00:00Z,CDU-A3,HALL-A,24.38,24.42,29.96,1802.0,1799.0,180.4,672.2,20.0,27.96,1211.0,50.4,82.1,0.0,18.1,86.1,21.57,0,0
2026-09-13T01:00:00Z,CDU-A3,HALL-A,24.57,24.58,30.01,1777.0,1777.0,175.4,645.8,19.8,28.01,1129.0,47.1,80.9,0.0,17.7,86.1,20.69,0,0
2026-09-13T02:00:00Z,CDU-A3,HALL-A,24.49,24.57,29.81,1814.0,1804.0,182.8,644.9,20.0,27.82,1186.0,49.5,82.7,0.0,18.4,86.1,22.0,0,0
2026-09-13T03:00:00Z,CDU-A3,HALL-A,24.43,24.6,29.77,1809.0,1793.0,181.8,644.9,20.0,27.77,1192.0,49.6,82.4,0.0,18.3,86.1,21.82,0,0
2026-09-13T04:00:00Z,CDU-A3,HALL-A,24.92,24.93,30.03,1805.0,1800.0,181.0,616.7,20.1,28.03,1116.0,46.4,82.2,0.0,18.2,86.1,21.68,0,0
2026-09-13T05:00:00Z,CDU-A3,HALL-A,25.08,25.1,30.33,1822.0,1810.0,184.5,639.0,20.1,28.32,1114.0,46.4,83.0,0.0,18.6,86.1,22.28,0,0
2026-09-13T06:00:00Z,CDU-A3,HALL-A,24.87,24.99,30.39,1811.0,1810.0,182.3,667.6,20.1,28.39,1156.0,48.2,82.5,0.0,18.3,86.1,21.89,0,0
2026-09-13T07:00:00Z,CDU-A3,HALL-A,24.69,24.82,30.04,1807.0,1799.0,181.5,645.6,20.3,28.03,1197.0,49.9,82.3,0.0,18.3,86.1,21.75,0,0
2026-09-13T08:00:00Z,CDU-A3,HALL-A,24.54,24.58,30.04,1799.0,1796.0,179.8,661.6,20.0,28.03,1180.0,49.2,81.9,0.0,18.1,86.1,21.46,0,0
2026-09-13T09:00:00Z,CDU-A3,HALL-A,24.58,24.63,30.11,1802.0,1783.0,180.3,665.5,20.0,28.11,1178.0,49.1,82.1,0.0,18.2,86.1,21.56,0,0
2026-09-13T10:00:00Z,CDU-A3,HALL-A,25.02,25.03,30.07,1803.0,1786.0,180.6,608.4,19.9,28.07,1069.0,44.5,82.1,0.0,18.2,86.1,21.6,0,0
2026-09-13T11:00:00Z,CDU-A3,HALL-A,25.41,25.51,30.38,1820.0,1810.0,183.9,604.2,20.0,28.38,1035.0,43.1,82.9,0.0,18.5,86.1,22.21,0,0
2026-09-13T12:00:00Z,CDU-A3,HALL-A,25.18,25.27,30.45,1789.0,1783.0,177.8,629.6,20.0,28.45,1070.0,44.6,81.5,0.0,17.9,86.1,21.13,0,0
2026-09-13T13:00:00Z,CDU-A3,HALL-A,25.2,25.42,30.07,1787.0,1764.0,177.4,581.8,20.2,28.08,1061.0,44.3,81.4,0.0,17.9,86.1,21.04,0,0
2026-09-13T14:00:00Z,CDU-A3,HALL-A,24.86,24.95,29.9,1794.0,1765.0,178.8,603.9,20.0,27.89,1097.0,45.7,81.7,0.0,18.0,86.1,21.29,0,0
2026-09-13T15:00:00Z,CDU-A3,HALL-A,24.7,24.81,29.85,1814.0,1814.0,182.8,624.6,20.1,27.85,1156.0,48.1,82.6,0.0,18.4,86.1,22.0,0,0
2026-09-13T16:00:00Z,CDU-A3,HALL-A,24.95,25.16,29.91,1815.0,1806.0,183.0,601.8,20.2,27.91,1120.0,46.6,82.7,0.0,18.4,86.1,22.04,0,0
2026-09-13T17:00:00Z,CDU-A3,HALL-A,25.09,25.17,30.16,1804.0,1798.0,180.9,611.0,20.0,28.15,1074.0,44.7,82.2,0.0,18.3,86.1,21.65,0,0
2026-09-13T18:00:00Z,CDU-A3,HALL-A,24.81,24.86,30.11,1797.0,1796.0,179.4,636.8,20.2,28.11,1155.0,48.1,81.9,0.0,18.1,86.1,21.39,0,0
2026-09-13T19:00:00Z,CDU-A3,HALL-A,25.0,25.04,30.19,1798.0,1781.0,179.6,623.4,20.2,28.19,1120.0,46.7,81.9,0.0,18.1,86.1,21.43,0,0
2026-09-13T20:00:00Z,CDU-A3,HALL-A,25.05,25.05,30.33,1792.0,1792.0,178.4,631.8,19.8,28.32,1063.0,44.2,81.7,0.0,18.0,86.1,21.23,0,0
2026-09-13T21:00:00Z,CDU-A3,HALL-A,25.14,25.39,30.46,1812.0,1810.0,182.4,643.7,20.0,28.46,1093.0,45.5,82.6,0.0,18.4,86.1,21.94,0,0
2026-09-13T22:00:00Z,CDU-A3,HALL-A,24.77,24.86,30.41,1802.0,1777.0,180.4,679.1,19.9,28.41,1145.0,47.7,82.1,0.0,18.2,86.1,21.58,0,0
2026-09-13T23:00:00Z,CDU-A3,HALL-A,24.93,25.01,30.2,1789.0,1778.0,177.8,630.2,20.1,28.21,1117.0,46.6,81.5,0.0,17.9,86.1,21.13,0,0
2026-09-14T00:00:00Z,CDU-A3,HALL-A,24.97,24.98,30.32,1783.0,1766.0,176.6,637.0,20.1,28.31,1112.0,46.3,81.3,0.0,17.8,86.1,20.91,0,0
2026-09-14T01:00:00Z,CDU-A3,HALL-A,25.05,25.14,30.26,1824.0,1815.0,184.8,634.7,19.9,28.26,1090.0,45.4,83.1,0.0,18.6,86.1,22.36,0,0
2026-09-14T02:00:00Z,CDU-A3,HALL-A,24.89,25.01,30.26,1790.0,1777.0,178.1,641.9,19.9,28.26,1103.0,46.0,81.5,0.0,18.0,86.1,21.16,0,0
2026-09-14T03:00:00Z,CDU-A3,HALL-A,24.87,24.95,30.15,1823.0,1808.0,184.7,642.8,20.2,28.14,1161.0,48.4,83.0,0.0,18.6,86.1,22.32,0,0
2026-09-14T04:00:00Z,CDU-A3,HALL-A,24.82,24.82,30.2,1809.0,1798.0,181.8,650.8,20.0,28.21,1139.0,47.4,82.4,0.0,18.4,86.1,21.82,0,0
2026-09-14T05:00:00Z,CDU-A3,HALL-A,24.77,24.99,30.19,1805.0,1799.0,180.9,654.1,19.9,28.2,1132.0,47.2,82.2,0.0,18.3,86.1,21.67,0,0
2026-09-14T06:00:00Z,CDU-A3,HALL-A,24.8,24.89,30.4,1806.0,1798.0,181.2,675.3,20.0,28.4,1155.0,48.0,82.3,0.0,18.3,86.1,21.71,0,0
2026-09-14T07:00:00Z,CDU-A3,HALL-A,24.84,25.17,30.63,1812.0,1784.0,182.5,701.5,20.0,28.64,1166.0,48.6,82.5,0.0,18.4,86.1,21.93,0,0
2026-09-14T08:00:00Z,CDU-A3,HALL-A,24.99,25.0,30.48,1777.0,1773.0,175.4,651.7,19.9,28.49,1091.0,45.5,81.0,0.0,17.7,86.1,20.7,0,0
2026-09-14T09:00:00Z,CDU-A3,HALL-A,24.78,25.01,30.28,1808.0,1786.0,181.6,664.6,20.0,28.28,1152.0,48.0,82.4,0.0,18.4,86.1,21.79,0,0
2026-09-14T10:00:00Z,CDU-A3,HALL-A,24.98,25.07,30.3,1788.0,1760.0,177.7,635.2,20.0,28.3,1099.0,45.8,81.5,0.0,18.0,86.1,21.09,0,0
2026-09-14T11:00:00Z,CDU-A3,HALL-A,25.27,25.41,30.4,1817.0,1813.0,183.5,622.7,19.8,28.4,1039.0,43.3,82.8,0.0,18.5,86.1,22.1,0,0
2026-09-14T12:00:00Z,CDU-A3,HALL-A,25.11,25.18,30.34,1812.0,1804.0,182.4,633.2,20.2,28.34,1117.0,46.6,82.5,0.0,18.5,86.1,21.93,0,0
2026-09-14T13:00:00Z,CDU-A3,HALL-A,25.1,25.18,30.5,1791.0,1788.0,178.2,646.0,20.4,28.5,1145.0,47.7,81.6,0.0,18.0,86.1,21.19,0,0
2026-09-14T14:00:00Z,CDU-A3,HALL-A,24.94,24.96,30.44,1794.0,1790.0,178.8,659.8,19.9,28.44,1108.0,46.2,81.7,0.0,18.1,86.1,21.3,0,0
2026-09-14T15:00:00Z,CDU-A3,HALL-A,24.7,24.78,30.25,1787.0,1778.0,177.4,662.0,20.2,28.24,1181.0,49.2,81.4,0.0,18.0,86.1,21.05,0,0
2026-09-14T16:00:00Z,CDU-A3,HALL-A,24.73,24.74,30.32,1800.0,1796.0,180.0,672.8,19.8,28.32,1133.0,47.2,82.0,0.0,18.2,86.1,21.5,0,0
2026-09-14T17:00:00Z,CDU-A3,HALL-A,24.88,24.97,30.35,1813.0,1802.0,182.6,663.0,20.0,28.35,1139.0,47.4,82.6,0.0,18.5,86.1,21.97,0,0
2026-09-14T18:00:00Z,CDU-A3,HALL-A,24.96,25.07,30.26,1802.0,1799.0,180.4,638.6,20.0,28.26,1109.0,46.2,82.1,0.0,18.2,86.1,21.56,0,0
2026-09-14T19:00:00Z,CDU-A3,HALL-A,25.07,25.44,30.42,1794.0,1793.0,178.9,641.4,20.2,28.42,1120.0,46.7,81.7,0.0,18.1,86.1,21.29,0,0
2026-09-14T20:00:00Z,CDU-A3,HALL-A,25.24,25.43,30.49,1796.0,1785.0,179.1,629.9,19.7,28.49,1029.0,42.9,81.8,0.0,18.1,86.1,21.35,0,0
2026-09-14T21:00:00Z,CDU-A3,HALL-A,25.17,25.26,30.42,1791.0,1788.0,178.3,627.8,20.1,28.41,1083.0,45.1,81.6,0.0,18.0,86.1,21.18,0,0
2026-09-14T22:00:00Z,CDU-A3,HALL-A,25.16,25.2,30.3,1814.0,1813.0,182.8,622.8,19.9,28.3,1065.0,44.4,82.6,0.0,18.5,86.1,22.01,0,0
2026-09-14T23:00:00Z,CDU-A3,HALL-A,25.4,25.45,30.42,1818.0,1810.0,183.5,609.6,20.0,28.42,1039.0,43.4,82.8,0.0,18.6,86.1,22.14,0,0
2026-09-15T00:00:00Z,CDU-A3,HALL-A,25.35,25.39,30.33,1799.0,1795.0,179.8,598.0,20.1,28.33,1044.0,43.5,82.0,0.0,18.2,86.1,21.47,0,0
2026-09-15T01:00:00Z,CDU-A3,HALL-A,25.46,25.66,30.4,1817.0,1807.0,183.4,600.1,19.8,28.4,1001.0,41.7,82.8,0.0,18.6,86.1,22.11,0,0
2026-09-15T02:00:00Z,CDU-A3,HALL-A,25.39,25.39,30.49,1798.0,1778.0,179.6,612.7,19.8,28.49,1012.0,42.2,81.9,0.0,18.2,86.1,21.43,0,0
2026-09-15T03:00:00Z,CDU-A3,HALL-A,25.42,25.5,30.56,1799.0,1797.0,179.8,618.1,20.1,28.56,1048.0,43.7,81.9,0.0,18.2,86.1,21.46,0,0
2026-09-15T04:00:00Z,CDU-A3,HALL-A,25.21,25.28,30.48,1807.0,1790.0,181.4,636.4,19.9,28.49,1065.0,44.4,82.3,0.0,18.4,86.1,21.75,0,0
2026-09-15T05:00:00Z,CDU-A3,HALL-A,24.83,24.94,30.27,1807.0,1793.0,181.4,656.4,19.8,28.26,1113.0,46.3,82.3,0.0,18.4,86.1,21.75,0,0
2026-09-15T06:00:00Z,CDU-A3,HALL-A,25.04,25.11,30.39,1799.0,1792.0,179.8,643.2,20.0,28.39,1100.0,45.8,81.9,0.0,18.2,86.1,21.46,0,0
2026-09-15T07:00:00Z,CDU-A3,HALL-A,25.42,25.46,30.64,1791.0,1778.0,178.2,624.2,20.1,28.64,1050.0,43.7,81.6,0.0,18.1,86.1,21.19,0,0
2026-09-15T08:00:00Z,CDU-A3,HALL-A,25.28,25.37,30.46,1807.0,1790.0,181.4,625.0,20.0,28.45,1061.0,44.1,82.3,0.0,18.4,86.1,21.74,0,0
2026-09-15T09:00:00Z,CDU-A3,HALL-A,25.32,25.48,30.31,1803.0,1784.0,180.6,601.4,19.9,28.32,1026.0,42.7,82.1,0.0,18.3,86.1,21.61,0,0
2026-09-15T10:00:00Z,CDU-A3,HALL-A,25.6,25.69,30.46,1782.0,1769.0,176.4,579.0,20.0,28.46,982.0,40.9,81.2,0.0,17.9,86.1,20.88,0,0
2026-09-15T11:00:00Z,CDU-A3,HALL-A,25.49,25.58,30.47,1803.0,1801.0,180.6,600.4,19.9,28.48,1005.0,41.8,82.1,0.0,18.3,86.1,21.61,0,0
2026-09-15T12:00:00Z,CDU-A3,HALL-A,25.21,25.36,30.45,1798.0,1788.0,179.7,629.8,19.8,28.45,1044.0,43.6,81.9,0.0,18.2,86.1,21.43,0,0
2026-09-15T13:00:00Z,CDU-A3,HALL-A,25.43,25.54,30.5,1800.0,1783.0,180.0,610.3,19.9,28.5,1017.0,42.4,82.0,0.0,18.3,86.1,21.49,0,0
2026-09-15T14:00:00Z,CDU-A3,HALL-A,25.23,25.31,30.56,1809.0,1787.0,181.8,644.1,20.0,28.56,1080.0,45.0,82.4,0.0,18.4,86.1,21.83,0,0
2026-09-15T15:00:00Z,CDU-A3,HALL-A,25.22,25.36,30.29,1805.0,1795.0,181.0,611.7,20.4,28.29,1112.0,46.4,82.2,0.0,18.4,86.1,21.68,0,0
2026-09-15T16:00:00Z,CDU-A3,HALL-A,25.08,25.16,30.14,1807.0,1782.0,181.4,610.6,20.0,28.14,1077.0,44.9,82.3,0.0,18.4,86.1,21.75,0,0
2026-09-15T17:00:00Z,CDU-A3,HALL-A,25.21,25.42,30.25,1803.0,1780.0,180.7,606.6,20.1,28.25,1069.0,44.6,82.2,0.0,18.3,86.1,21.61,0,0
2026-09-15T18:00:00Z,CDU-A3,HALL-A,25.1,25.32,30.26,1791.0,1769.0,178.2,617.5,20.1,28.26,1086.0,45.2,81.6,0.0,18.1,86.1,21.19,0,0
2026-09-15T19:00:00Z,CDU-A3,HALL-A,24.8,24.83,30.07,1819.0,1818.0,183.8,640.3,20.1,28.07,1153.0,48.0,82.9,0.0,18.6,86.1,22.18,0,0
2026-09-15T20:00:00Z,CDU-A3,HALL-A,24.65,24.94,30.09,1803.0,1796.0,180.6,655.4,19.9,28.09,1149.0,47.8,82.1,0.0,18.3,86.1,21.61,0,0
2026-09-15T21:00:00Z,CDU-A3,HALL-A,24.74,24.82,30.25,1790.0,1785.0,178.1,658.7,19.8,28.25,1119.0,46.7,81.5,0.0,18.1,86.1,21.15,0,0
2026-09-15T22:00:00Z,CDU-A3,HALL-A,25.05,25.09,30.4,1805.0,1804.0,181.0,645.7,20.3,28.4,1143.0,47.6,82.2,0.0,18.4,86.1,21.68,0,0
2026-09-15T23:00:00Z,CDU-A3,HALL-A,25.04,25.13,30.57,1779.0,1777.0,175.8,657.0,19.9,28.57,1088.0,45.3,78.3,2.7,17.9,86.1,20.76,0,0
2026-09-16T00:00:00Z,CDU-A3,HALL-A,25.12,25.21,30.43,1796.0,1776.0,179.2,637.3,20.0,28.43,1085.0,45.1,0.0,81.8,18.2,86.1,21.36,0,0
2026-09-16T01:00:00Z,CDU-A3,HALL-A,25.12,25.35,30.41,1802.0,1799.0,180.4,636.3,20.2,28.41,1113.0,46.4,0.0,82.1,18.3,86.1,21.57,0,0
2026-09-16T02:00:00Z,CDU-A3,HALL-A,25.09,25.41,30.44,1797.0,1789.0,179.4,642.0,20.0,28.44,1092.0,45.5,0.0,81.9,18.2,86.1,21.39,0,0
2026-09-16T03:00:00Z,CDU-A3,HALL-A,24.99,25.06,30.39,1774.0,1739.0,174.8,639.6,19.8,28.39,1069.0,44.6,0.0,80.8,17.8,86.1,20.62,0,0
2026-09-16T04:00:00Z,CDU-A3,HALL-A,24.97,25.0,30.14,1798.0,1783.0,179.7,621.2,20.2,28.14,1123.0,46.8,0.0,81.9,18.3,86.1,21.43,0,0
2026-09-16T05:00:00Z,CDU-A3,HALL-A,24.56,24.67,30.09,1792.0,1781.0,178.4,662.0,20.0,28.09,1175.0,48.9,0.0,81.7,18.2,86.1,21.22,0,0
2026-09-16T06:00:00Z,CDU-A3,HALL-A,24.78,24.99,30.18,1795.0,1793.0,179.0,647.4,20.0,28.18,1137.0,47.3,0.0,81.8,18.2,86.1,21.33,0,0
2026-09-16T07:00:00Z,CDU-A3,HALL-A,24.33,24.44,30.03,1789.0,1783.0,177.9,681.4,20.0,28.02,1217.0,50.8,0.0,81.5,18.1,86.1,21.11,0,0
2026-09-16T08:00:00Z,CDU-A3,HALL-A,24.44,24.46,30.05,1814.0,1799.0,182.8,680.3,19.8,28.06,1184.0,49.3,0.0,82.6,18.6,86.1,22.0,0,0
2026-09-16T09:00:00Z,CDU-A3,HALL-A,24.4,24.59,30.01,1793.0,1779.0,178.6,672.6,20.2,28.02,1235.0,51.5,0.0,81.7,18.2,86.1,21.25,0,0
2026-09-16T10:00:00Z,CDU-A3,HALL-A,24.72,24.85,30.24,1810.0,1804.0,182.0,667.9,20.1,28.24,1177.0,49.0,0.0,82.5,18.5,86.1,21.85,0,0
2026-09-16T11:00:00Z,CDU-A3,HALL-A,24.85,25.05,30.36,1802.0,1802.0,180.3,662.9,20.0,28.36,1139.0,47.5,0.0,82.1,18.4,86.1,21.58,0,0
2026-09-16T12:00:00Z,CDU-A3,HALL-A,24.75,24.84,30.29,1799.0,1792.0,179.8,665.5,20.0,28.29,1153.0,48.1,0.0,81.9,18.3,86.1,21.47,0,0
2026-09-16T13:00:00Z,CDU-A3,HALL-A,24.86,25.14,30.13,1800.0,1781.0,180.0,633.2,20.2,28.13,1146.0,47.7,0.0,82.0,18.3,86.1,21.51,0,0
2026-09-16T14:00:00Z,CDU-A3,HALL-A,25.02,25.04,29.86,1789.0,1783.0,177.9,578.5,20.1,27.86,1070.0,44.7,0.0,81.5,18.1,86.1,21.11,0,0
2026-09-16T15:00:00Z,CDU-A3,HALL-A,25.06,25.19,30.22,1818.0,1811.0,183.5,626.8,19.8,28.22,1068.0,44.5,0.0,82.8,18.7,86.1,22.14,0,0
2026-09-16T16:00:00Z,CDU-A3,HALL-A,24.85,25.07,30.1,1800.0,1779.0,180.0,631.6,19.9,28.1,1105.0,46.1,0.0,82.0,18.3,86.1,21.5,0,0
2026-09-16T17:00:00Z,CDU-A3,HALL-A,24.95,25.18,30.14,1784.0,1775.0,176.9,618.9,20.1,28.14,1104.0,46.1,0.0,81.3,18.0,86.1,20.95,0,0
2026-09-16T18:00:00Z,CDU-A3,HALL-A,25.31,25.35,30.19,1794.0,1773.0,178.8,584.7,20.1,28.19,1037.0,43.2,0.0,81.7,18.2,86.1,21.29,0,0
2026-09-16T19:00:00Z,CDU-A3,HALL-A,25.21,25.34,30.36,1817.0,1812.0,183.4,624.8,19.9,28.35,1060.0,44.2,0.0,82.8,18.7,86.1,22.1,0,0
2026-09-16T20:00:00Z,CDU-A3,HALL-A,25.32,25.65,30.68,1800.0,1769.0,180.1,645.3,19.9,28.69,1055.0,44.0,0.0,82.0,18.4,86.1,21.51,0,0
2026-09-16T21:00:00Z,CDU-A3,HALL-A,25.41,25.51,30.76,1807.0,1788.0,181.4,646.1,20.2,28.76,1083.0,45.1,0.0,82.3,18.5,86.1,21.75,0,0
2026-09-16T22:00:00Z,CDU-A3,HALL-A,25.13,25.35,30.64,1787.0,1778.0,177.4,657.4,20.2,28.64,1119.0,46.6,0.0,81.4,18.1,86.1,21.05,0,0
2026-09-16T23:00:00Z,CDU-A3,HALL-A,24.91,25.06,30.52,1807.0,1792.0,181.4,677.1,19.8,28.52,1115.0,46.5,0.0,82.3,18.5,86.1,21.75,0,0
2026-09-17T00:00:00Z,CDU-A3,HALL-A,25.09,25.16,30.59,1797.0,1768.0,179.4,660.6,20.1,28.6,1117.0,46.5,0.0,81.9,18.3,86.1,21.4,0,0
2026-09-17T01:00:00Z,CDU-A3,HALL-A,25.01,25.32,30.67,1795.0,1791.0,179.0,679.2,19.9,28.68,1112.0,46.3,0.0,81.7,18.3,86.1,21.33,0,0
2026-09-17T02:00:00Z,CDU-A3,HALL-A,24.7,24.71,30.49,1822.0,1818.0,184.3,704.7,20.0,28.48,1191.0,49.6,0.0,83.0,18.8,86.1,22.28,0,0
2026-09-17T03:00:00Z,CDU-A3,HALL-A,24.5,24.68,30.25,1807.0,1806.0,181.4,694.4,20.1,28.25,1223.0,50.9,0.0,82.3,18.5,86.1,21.75,0,0
2026-09-17T04:00:00Z,CDU-A3,HALL-A,24.52,24.71,30.27,1815.0,1800.0,183.0,697.2,19.9,28.27,1196.0,49.8,0.0,82.7,18.7,86.1,22.03,0,0
2026-09-17T05:00:00Z,CDU-A3,HALL-A,24.63,24.81,30.35,1803.0,1790.0,180.6,688.5,20.1,28.35,1198.0,49.9,0.0,82.2,18.4,86.1,21.6,0,0
2026-09-17T06:00:00Z,CDU-A3,HALL-A,24.71,24.72,30.52,1795.0,1776.0,179.0,696.3,20.0,28.52,1173.0,48.9,0.0,81.8,18.3,86.1,21.33,0,0
2026-09-17T07:00:00Z,CDU-A3,HALL-A,24.61,24.73,30.43,1804.0,1786.0,180.9,701.9,19.7,28.43,1153.0,48.0,0.0,82.2,18.4,86.1,21.65,0,0
2026-09-17T08:00:00Z,CDU-A3,HALL-A,24.94,24.96,30.6,1795.0,1778.0,179.0,679.0,20.1,28.6,1146.0,47.8,0.0,81.8,18.3,86.1,21.33,0,0
2026-09-17T09:00:00Z,CDU-A3,HALL-A,24.7,24.77,30.17,1793.0,1788.0,178.7,655.6,20.1,28.17,1166.0,48.6,0.0,81.7,18.2,86.1,21.25,0,0
2026-09-17T10:00:00Z,CDU-A3,HALL-A,24.86,24.92,30.16,1813.0,1812.0,182.7,641.9,20.0,28.16,1129.0,47.0,0.0,82.6,18.6,86.1,21.97,0,0
2026-09-17T11:00:00Z,CDU-A3,HALL-A,24.89,25.01,30.2,1802.0,1781.0,180.4,639.4,20.1,28.2,1133.0,47.2,0.0,82.1,18.4,86.1,21.58,0,0
2026-09-17T12:00:00Z,CDU-A3,HALL-A,24.91,24.92,30.47,1787.0,1773.0,177.4,663.4,20.1,28.46,1138.0,47.4,0.0,81.4,18.1,86.1,21.05,0,0
2026-09-17T13:00:00Z,CDU-A3,HALL-A,25.03,25.14,30.53,1806.0,1795.0,181.2,664.2,20.0,28.53,1117.0,46.6,0.0,82.3,18.5,86.1,21.72,0,0
2026-09-17T14:00:00Z,CDU-A3,HALL-A,25.35,25.45,30.64,1814.0,1813.0,182.8,640.6,19.9,28.63,1052.0,43.9,0.0,82.6,18.7,86.1,22.0,0,0
2026-09-17T15:00:00Z,CDU-A3,HALL-A,25.29,25.36,30.47,1786.0,1775.0,177.2,618.3,19.8,28.47,1023.0,42.7,0.0,81.4,18.1,86.1,21.01,0,0
2026-09-17T16:00:00Z,CDU-A3,HALL-A,25.05,25.19,30.28,1801.0,1793.0,180.2,629.1,20.1,28.27,1104.0,46.0,0.0,82.0,18.4,86.1,21.54,0,0
2026-09-17T17:00:00Z,CDU-A3,HALL-A,25.03,25.1,30.44,1804.0,1804.0,180.8,652.0,20.1,28.44,1122.0,46.7,0.0,82.2,18.5,86.1,21.65,0,0
2026-09-17T18:00:00Z,CDU-A3,HALL-A,24.99,25.01,30.38,1795.0,1781.0,179.0,645.9,20.0,28.39,1107.0,46.1,0.0,81.8,18.3,86.1,21.32,0,0
2026-09-17T19:00:00Z,CDU-A3,HALL-A,24.96,24.97,30.37,1813.0,1804.0,182.6,655.9,19.9,28.37,1111.0,46.3,0.0,82.6,18.6,86.1,21.96,0,0
2026-09-17T20:00:00Z,CDU-A3,HALL-A,25.02,25.03,30.72,1792.0,1784.0,178.4,682.5,20.1,28.72,1136.0,47.4,0.0,81.7,18.2,86.1,21.22,0,0
2026-09-17T21:00:00Z,CDU-A3,HALL-A,25.05,25.07,30.65,1805.0,1805.0,180.9,675.8,20.3,28.65,1161.0,48.4,0.0,82.2,18.5,86.1,21.69,0,0
2026-09-17T22:00:00Z,CDU-A3,HALL-A,25.1,25.28,30.19,1802.0,1786.0,180.4,613.3,20.1,28.19,1087.0,45.3,0.0,82.1,18.4,86.1,21.57,0,0
2026-09-17T23:00:00Z,CDU-A3,HALL-A,25.29,25.31,30.35,1790.0,1789.0,178.0,605.3,20.0,28.34,1040.0,43.3,0.0,81.5,18.2,86.1,21.15,0,0
2026-09-18T00:00:00Z,CDU-A3,HALL-A,25.43,25.45,30.4,1801.0,1784.0,180.2,598.3,20.0,28.4,1022.0,42.6,0.0,82.0,18.4,86.1,21.53,0,0
2026-09-18T01:00:00Z,CDU-A3,HALL-A,25.28,25.29,30.56,1801.0,1780.0,180.2,635.7,20.3,28.57,1104.0,46.0,0.0,82.1,18.4,86.1,21.54,0,0
2026-09-18T02:00:00Z,CDU-A3,HALL-A,25.45,25.51,30.57,1803.0,1778.0,180.6,617.0,20.0,28.58,1033.0,43.1,0.0,82.1,18.5,86.1,21.62,0,0
2026-09-18T03:00:00Z,CDU-A3,HALL-A,25.46,25.78,30.61,1803.0,1786.0,180.6,620.8,20.0,28.61,1034.0,43.1,0.0,82.1,18.5,86.1,21.62,0,0
2026-09-18T04:00:00Z,CDU-A3,HALL-A,25.31,25.51,30.57,1799.0,1779.0,179.8,632.1,19.9,28.57,1047.0,43.6,0.0,82.0,18.4,86.1,21.46,0,0
2026-09-18T05:00:00Z,CDU-A3,HALL-A,24.97,25.15,30.51,1805.0,1790.0,181.0,667.9,19.9,28.51,1114.0,46.5,0.0,82.2,18.5,86.1,21.67,0,0
2026-09-18T06:00:00Z,CDU-A3,HALL-A,24.78,24.92,30.51,1807.0,1802.0,181.4,691.5,20.1,28.51,1181.0,49.2,0.0,82.3,18.6,86.1,21.74,0,0
2026-09-18T07:00:00Z,CDU-A3,HALL-A,25.07,25.13,30.33,1800.0,1793.0,180.0,632.7,20.0,28.33,1090.0,45.4,0.0,82.0,18.4,86.1,21.5,0,0
2026-09-18T08:00:00Z,CDU-A3,HALL-A,25.28,25.46,30.15,1807.0,1783.0,181.4,588.5,19.9,28.16,1023.0,42.6,0.0,82.3,18.5,86.1,21.75,0,0
2026-09-18T09:00:00Z,CDU-A3,HALL-A,25.08,25.21,30.15,1806.0,1802.0,181.2,612.3,20.1,28.15,1091.0,45.4,0.0,82.2,18.6,86.1,21.71,0,0
2026-09-18T10:00:00Z,CDU-A3,HALL-A,25.04,25.18,30.18,1796.0,1793.0,179.2,616.4,19.8,28.18,1056.0,44.0,0.0,81.8,18.4,86.1,21.36,0,0
2026-09-18T11:00:00Z,CDU-A3,HALL-A,24.76,24.77,29.94,1807.0,1802.0,181.4,625.9,19.9,27.95,1117.0,46.5,0.0,82.3,18.6,86.1,21.73,0,0
2026-09-18T12:00:00Z,CDU-A3,HALL-A,24.81,24.98,30.23,1787.0,1766.0,177.4,647.5,20.1,28.23,1142.0,47.6,0.0,81.4,18.2,86.1,21.05,0,0
2026-09-18T13:00:00Z,CDU-A3,HALL-A,24.76,24.97,30.55,1798.0,1778.0,179.7,695.3,20.2,28.54,1195.0,49.8,0.0,81.9,18.4,86.1,21.43,0,0
2026-09-18T14:00:00Z,CDU-A3,HALL-A,24.85,24.95,30.55,1805.0,1774.0,180.9,687.1,20.2,28.54,1181.0,49.2,0.0,82.2,18.5,86.1,21.69,0,0
2026-09-18T15:00:00Z,CDU-A3,HALL-A,24.98,25.19,30.51,1809.0,1792.0,181.9,668.3,20.1,28.51,1141.0,47.5,0.0,82.4,18.6,86.1,21.83,0,0
2026-09-18T16:00:00Z,CDU-A3,HALL-A,24.95,25.06,30.54,1802.0,1779.0,180.4,672.6,20.0,28.54,1131.0,47.1,0.0,82.1,18.5,86.1,21.58,0,0
2026-09-18T17:00:00Z,CDU-A3,HALL-A,24.97,25.15,30.21,1794.0,1785.0,178.8,627.7,20.1,28.21,1112.0,46.3,0.0,81.7,18.3,86.1,21.29,0,0
2026-09-18T18:00:00Z,CDU-A3,HALL-A,24.84,24.89,30.14,1792.0,1762.0,178.4,635.0,20.1,28.15,1133.0,47.2,0.0,81.6,18.3,86.1,21.23,0,0
2026-09-18T19:00:00Z,CDU-A3,HALL-A,24.39,24.56,29.97,1808.0,1779.0,181.6,674.1,19.9,27.97,1199.0,50.0,0.0,82.4,18.6,86.1,21.78,0,0
2026-09-18T20:00:00Z,CDU-A3,HALL-A,24.27,24.46,29.87,1810.0,1808.0,182.0,677.7,20.0,27.88,1235.0,51.5,0.0,82.5,18.7,86.1,21.86,0,0
2026-09-18T21:00:00Z,CDU-A3,HALL-A,24.42,24.42,30.32,1788.0,1768.0,177.7,705.1,19.9,28.32,1202.0,50.1,0.0,81.5,18.2,86.1,21.07,0,0
2026-09-18T22:00:00Z,CDU-A3,HALL-A,24.98,25.01,30.41,1821.0,1820.0,184.2,660.5,20.1,28.41,1141.0,47.6,0.0,82.9,18.9,86.1,22.24,0,0
2026-09-18T23:00:00Z,CDU-A3,HALL-A,24.99,25.01,30.62,1809.0,1788.0,181.9,680.6,19.9,28.62,1120.0,46.6,0.0,82.4,18.7,86.1,21.82,0,0
2026-09-19T00:00:00Z,CDU-A3,HALL-A,24.9,25.13,30.51,1801.0,1797.0,180.2,674.5,20.1,28.51,1152.0,48.0,0.0,82.1,18.5,86.1,21.53,0,0
2026-09-19T01:00:00Z,CDU-A3,HALL-A,24.88,24.98,30.31,1801.0,1793.0,180.2,653.0,20.2,28.3,1156.0,48.2,0.0,82.0,18.5,86.1,21.54,0,0
2026-09-19T02:00:00Z,CDU-A3,HALL-A,24.73,24.8,30.36,1792.0,1787.0,178.3,674.4,19.8,28.37,1131.0,47.1,0.0,81.7,18.3,86.1,21.22,0,0
2026-09-19T03:00:00Z,CDU-A3,HALL-A,24.97,25.17,30.65,1808.0,1779.0,181.6,686.6,20.2,28.65,1165.0,48.5,0.0,82.4,18.6,86.1,21.78,0,0
2026-09-19T04:00:00Z,CDU-A3,HALL-A,25.0,25.02,30.69,1787.0,1762.0,177.4,679.5,20.2,28.7,1149.0,47.8,0.0,81.4,18.2,86.1,21.05,0,0
2026-09-19T05:00:00Z,CDU-A3,HALL-A,25.22,25.26,30.6,1806.0,1798.0,181.2,648.9,20.0,28.59,1083.0,45.1,0.0,82.3,18.6,86.1,21.73,0,0
2026-09-19T06:00:00Z,CDU-A3,HALL-A,24.92,24.96,30.4,1797.0,1788.0,179.4,658.2,19.8,28.4,1098.0,45.7,0.0,81.9,18.4,86.1,21.4,0,0
2026-09-19T07:00:00Z,CDU-A3,HALL-A,24.92,25.03,30.5,1794.0,1778.0,178.8,668.7,20.0,28.5,1129.0,47.1,0.0,81.7,18.4,86.1,21.3,0,0
2026-09-19T08:00:00Z,CDU-A3,HALL-A,25.05,25.19,30.51,1810.0,1805.0,182.0,660.6,20.0,28.52,1114.0,46.4,0.0,82.5,18.7,86.1,21.86,0,0
2026-09-19T09:00:00Z,CDU-A3,HALL-A,25.07,25.09,30.45,1798.0,1776.0,179.6,646.7,20.0,28.45,1098.0,45.8,0.0,81.9,18.4,86.1,21.44,0,0
2026-09-19T10:00:00Z,CDU-A3,HALL-A,24.99,25.07,30.65,1810.0,1803.0,182.0,684.1,20.0,28.64,1135.0,47.3,0.0,82.5,18.7,86.1,21.86,0,0
2026-09-19T11:00:00Z,CDU-A3,HALL-A,24.8,25.04,30.56,1802.0,1784.0,180.4,693.6,19.9,28.56,1149.0,47.9,0.0,82.1,18.5,86.1,21.58,0,0
2026-09-19T12:00:00Z,CDU-A3,HALL-A,24.77,24.82,30.41,1789.0,1778.0,177.7,674.4,20.1,28.42,1165.0,48.6,0.0,81.5,18.3,86.1,21.11,0,0
2026-09-19T13:00:00Z,CDU-A3,HALL-A,24.95,25.02,30.1,1800.0,1786.0,180.0,618.8,20.0,28.1,1097.0,45.6,0.0,82.0,18.5,86.1,21.51,0,0
2026-09-19T14:00:00Z,CDU-A3,HALL-A,24.8,24.86,29.77,1806.0,1786.0,181.2,600.0,19.9,27.77,1093.0,45.6,0.0,82.3,18.6,86.1,21.72,0,0
2026-09-19T15:00:00Z,CDU-A3,HALL-A,24.83,24.89,30.03,1813.0,1806.0,182.7,629.7,20.1,28.03,1140.0,47.5,0.0,82.6,18.8,86.1,21.95,0,0
2026-09-19T16:00:00Z,CDU-A3,HALL-A,24.88,24.89,30.11,1784.0,1778.0,176.8,623.9,20.1,28.11,1117.0,46.6,0.0,81.3,18.2,86.1,20.93,0,0
2026-09-19T17:00:00Z,CDU-A3,HALL-A,24.76,24.91,30.18,1803.0,1792.0,180.6,652.6,20.2,28.18,1174.0,48.9,0.0,82.2,18.6,86.1,21.6,0,0
2026-09-19T18:00:00Z,CDU-A3,HALL-A,24.97,25.06,30.16,1791.0,1788.0,178.2,620.7,19.9,28.16,1079.0,44.9,0.0,81.6,18.3,86.1,21.19,0,0
2026-09-19T19:00:00Z,CDU-A3,HALL-A,25.1,25.17,30.26,1798.0,1786.0,179.7,619.7,19.9,28.27,1065.0,44.3,0.0,81.9,18.5,86.1,21.43,0,0
2026-09-19T20:00:00Z,CDU-A3,HALL-A,24.97,25.21,30.23,1798.0,1770.0,179.6,632.3,20.0,28.24,1102.0,45.9,0.0,81.9,18.5,86.1,21.43,0,0
2026-09-19T21:00:00Z,CDU-A3,HALL-A,24.71,24.83,30.11,1798.0,1779.0,179.6,648.5,19.7,28.11,1107.0,46.1,0.0,81.9,18.5,86.1,21.43,0,0
2026-09-19T22:00:00Z,CDU-A3,HALL-A,24.55,24.56,30.16,1809.0,1799.0,181.8,678.5,20.0,28.16,1193.0,49.7,0.0,82.4,18.7,86.1,21.82,0,0
2026-09-19T23:00:00Z,CDU-A3,HALL-A,24.54,24.79,30.27,1791.0,1768.0,178.2,686.1,20.1,28.28,1205.0,50.2,0.0,81.6,18.3,86.1,21.19,0,0
2026-09-20T00:00:00Z,CDU-A3,HALL-A,24.59,24.6,29.94,1811.0,1790.0,182.2,646.9,19.8,27.93,1141.0,47.5,0.0,82.5,18.7,86.1,21.89,0,0
2026-09-20T01:00:00Z,CDU-A3,HALL-A,24.59,24.67,30.03,1804.0,1789.0,180.8,655.8,19.9,28.03,1158.0,48.2,0.0,82.2,18.6,86.1,21.65,0,0
2026-09-20T02:00:00Z,CDU-A3,HALL-A,25.01,25.05,29.96,1804.0,1779.0,180.8,596.3,19.8,27.96,1049.0,43.7,0.0,82.2,18.6,86.1,21.64,0,0
2026-09-20T03:00:00Z,CDU-A3,HALL-A,25.37,25.41,30.19,1803.0,1793.0,180.6,580.8,20.1,28.18,1029.0,42.9,0.0,82.1,18.6,86.1,21.6,0,0
2026-09-20T04:00:00Z,CDU-A3,HALL-A,25.32,25.45,30.39,1810.0,1807.0,182.0,613.5,19.6,28.39,1001.0,41.8,0.0,82.4,18.8,86.1,21.85,0,0
2026-09-20T05:00:00Z,CDU-A3,HALL-A,25.47,25.59,30.26,1801.0,1781.0,180.2,576.2,19.8,28.26,977.0,40.7,0.0,82.0,18.6,86.1,21.53,0,0
2026-09-20T06:00:00Z,CDU-A3,HALL-A,25.45,25.66,30.38,1787.0,1783.0,177.4,588.2,19.9,28.37,996.0,41.5,0.0,81.4,18.3,86.1,21.04,0,0
2026-09-20T07:00:00Z,CDU-A3,HALL-A,25.4,25.44,30.42,1797.0,1790.0,179.4,602.6,20.2,28.42,1052.0,43.9,0.0,81.9,18.5,86.1,21.4,0,0
2026-09-20T08:00:00Z,CDU-A3,HALL-A,25.28,25.35,30.39,1792.0,1783.0,178.4,611.4,19.9,28.39,1034.0,43.1,0.0,81.7,18.4,86.1,21.22,0,0
2026-09-20T09:00:00Z,CDU-A3,HALL-A,25.39,25.66,30.29,1803.0,1782.0,180.7,590.3,20.1,28.29,1034.0,43.2,0.0,82.1,18.6,86.1,21.61,0,0
2026-09-20T10:00:00Z,CDU-A3,HALL-A,25.39,25.41,30.17,1803.0,1795.0,180.6,576.2,20.2,28.17,1037.0,43.2,0.0,82.1,18.6,86.1,21.6,0,0
2026-09-20T11:00:00Z,CDU-A3,HALL-A,25.1,25.21,30.42,1795.0,1774.0,179.0,638.2,19.9,28.42,1075.0,44.8,0.0,81.8,18.4,86.1,21.33,0,0
2026-09-20T12:00:00Z,CDU-A3,HALL-A,24.85,25.0,30.43,1797.0,1784.0,179.4,670.3,19.8,28.42,1114.0,46.4,0.0,81.9,18.5,86.1,21.39,0,0
2026-09-20T13:00:00Z,CDU-A3,HALL-A,24.64,24.74,30.36,1807.0,1786.0,181.4,690.9,20.0,28.36,1186.0,49.5,0.0,82.3,18.7,86.1,21.75,0,0
2026-09-20T14:00:00Z,CDU-A3,HALL-A,25.02,25.15,30.61,1812.0,1759.0,182.5,677.1,19.9,28.61,1115.0,46.4,0.0,82.6,18.8,86.1,21.94,0,0
2026-09-20T15:00:00Z,CDU-A3,HALL-A,25.19,25.24,30.8,1798.0,1797.0,179.7,674.3,19.9,28.81,1087.0,45.3,0.0,81.9,18.5,86.1,21.43,0,0
2026-09-20T16:00:00Z,CDU-A3,HALL-A,25.26,25.43,30.65,1783.0,1762.0,176.6,641.9,20.2,28.65,1090.0,45.4,0.0,81.2,18.2,86.1,20.92,0,0
2026-09-20T17:00:00Z,CDU-A3,HALL-A,25.21,25.3,30.69,1812.0,1803.0,182.5,662.9,20.0,28.68,1095.0,45.7,0.0,82.5,18.8,86.1,21.92,0,0
2026-09-20T18:00:00Z,CDU-A3,HALL-A,25.23,25.26,30.68,1799.0,1786.0,179.8,655.4,20.0,28.69,1084.0,45.1,0.0,82.0,18.6,86.1,21.46,0,0
2026-09-20T19:00:00Z,CDU-A3,HALL-A,25.07,25.27,30.49,1791.0,1780.0,178.2,648.2,20.2,28.49,1123.0,46.8,72.0,9.5,16.7,86.1,21.18,0,0
2026-09-20T20:00:00Z,CDU-A3,HALL-A,25.11,25.17,30.55,1794.0,1789.0,178.7,651.6,19.9,28.54,1081.0,45.0,81.7,0.0,13.9,86.1,21.29,0,0
2026-09-20T21:00:00Z,CDU-A3,HALL-A,24.98,25.21,30.41,1784.0,1769.0,176.8,647.0,20.0,28.4,1104.0,46.0,81.3,0.0,13.8,86.1,20.93,0,0
2026-09-20T22:00:00Z,CDU-A3,HALL-A,25.11,25.12,30.56,1811.0,1793.0,182.3,659.0,20.2,28.55,1132.0,47.1,82.5,0.0,14.2,86.1,21.89,0,0
2026-09-20T23:00:00Z,CDU-A3,HALL-A,25.07,25.37,30.55,1813.0,1788.0,182.6,663.3,20.1,28.55,1128.0,46.9,82.6,0.0,14.2,86.1,21.96,0,0
2026-09-21T00:00:00Z,CDU-A3,HALL-A,25.25,25.31,30.33,1794.0,1788.0,178.8,609.2,20.2,28.35,1076.0,44.8,81.7,0.0,13.9,86.1,21.29,0,0
2026-09-21T01:00:00Z,CDU-A3,HALL-A,25.53,25.75,30.67,1805.0,1800.0,181.0,620.4,19.9,28.68,1015.0,42.3,82.2,0.0,14.1,86.1,21.67,0,0
2026-09-21T02:00:00Z,CDU-A3,HALL-A,25.51,25.51,30.75,1790.0,1783.0,178.0,626.3,20.0,28.74,1028.0,42.7,81.5,0.0,13.9,86.1,21.15,0,0
2026-09-21T03:00:00Z,CDU-A3,HALL-A,25.81,25.98,30.85,1805.0,1804.0,181.0,607.2,20.3,28.85,1020.0,42.5,82.2,0.0,14.1,86.1,21.67,0,0
2026-09-21T04:00:00Z,CDU-A3,HALL-A,25.46,25.51,30.8,1783.0,1774.0,176.6,635.5,20.0,28.8,1037.0,43.2,81.2,0.0,13.8,86.1,20.91,0,0
2026-09-21T05:00:00Z,CDU-A3,HALL-A,25.06,25.07,30.69,1805.0,1801.0,181.0,679.5,19.8,28.7,1097.0,45.8,82.2,0.0,14.1,86.1,21.68,0,0
2026-09-21T06:00:00Z,CDU-A3,HALL-A,24.99,25.26,30.76,1810.0,1805.0,182.0,697.7,19.9,28.76,1130.0,47.1,82.5,0.0,14.2,86.1,21.86,0,0
2026-09-21T07:00:00Z,CDU-A3,HALL-A,24.86,24.91,30.7,1797.0,1780.0,179.4,700.8,19.9,28.7,1143.0,47.6,81.9,0.0,14.0,86.1,21.4,0,0
2026-09-21T08:00:00Z,CDU-A3,HALL-A,24.63,24.67,30.55,1826.0,1806.0,185.2,722.4,19.9,28.55,1198.0,50.0,83.2,0.0,14.4,86.1,22.43,0,0
2026-09-21T09:00:00Z,CDU-A3,HALL-A,24.98,25.01,30.59,1779.0,1759.0,175.9,667.0,20.1,28.59,1127.0,47.0,81.1,0.0,13.7,86.1,20.77,0,0
2026-09-21T10:00:00Z,CDU-A3,HALL-A,24.34,24.5,30.39,1807.0,1798.0,181.4,730.3,20.1,28.39,1264.0,52.7,82.3,0.0,14.1,86.1,21.75,0,0
2026-09-21T11:00:00Z,CDU-A3,HALL-A,24.74,24.75,30.43,1800.0,1790.0,180.1,684.3,19.9,28.43,1152.0,48.0,82.0,0.0,14.0,86.1,21.5,0,0
2026-09-21T12:00:00Z,CDU-A3,HALL-A,25.14,25.21,30.52,1791.0,1788.0,178.2,644.0,20.0,28.52,1084.0,45.2,81.6,0.0,13.9,86.1,21.19,0,0
2026-09-21T13:00:00Z,CDU-A3,HALL-A,25.16,25.28,30.29,1810.0,1806.0,181.9,620.5,20.0,28.29,1074.0,44.7,82.4,0.0,14.2,86.1,21.86,0,0
2026-09-21T14:00:00Z,CDU-A3,HALL-A,25.47,25.53,30.53,1791.0,1790.0,178.2,604.9,20.0,28.53,1019.0,42.6,81.6,0.0,13.9,86.1,21.18,0,0
2026-09-21T15:00:00Z,CDU-A3,HALL-A,25.33,25.39,30.38,1785.0,1781.0,177.0,602.7,20.1,28.38,1044.0,43.5,81.3,0.0,13.8,86.1,20.98,0,0
2026-09-21T16:00:00Z,CDU-A3,HALL-A,25.16,25.18,30.45,1797.0,1782.0,179.3,634.7,19.9,28.45,1066.0,44.4,81.9,0.0,14.0,86.1,21.39,0,0
2026-09-21T17:00:00Z,CDU-A3,HALL-A,25.05,25.17,30.15,1800.0,1795.0,180.0,613.3,19.9,28.14,1066.0,44.4,82.0,0.0,14.1,86.1,21.5,0,0
2026-09-21T18:00:00Z,CDU-A3,HALL-A,25.25,25.48,30.28,1809.0,1798.0,181.8,608.3,20.2,28.28,1080.0,45.0,82.4,0.0,14.2,86.1,21.82,0,0
2026-09-21T19:00:00Z,CDU-A3,HALL-A,25.36,25.39,30.33,1787.0,1758.0,177.4,593.1,20.0,28.33,1023.0,42.6,81.4,0.0,13.8,86.1,21.05,0,0
2026-09-21T20:00:00Z,CDU-A3,HALL-A,25.33,25.46,30.34,1817.0,1803.0,183.5,607.8,19.9,28.34,1034.0,43.1,82.8,0.0,14.3,86.1,22.1,0,0
2026-09-21T21:00:00Z,CDU-A3,HALL-A,25.41,25.55,30.56,1793.0,1759.0,178.6,616.8,20.1,28.55,1046.0,43.5,81.7,0.0,13.9,86.1,21.27,0,0
2026-09-21T22:00:00Z,CDU-A3,HALL-A,24.96,24.97,30.55,1796.0,1794.0,179.3,671.1,19.9,28.55,1113.0,46.4,81.8,0.0,14.0,86.1,21.36,0,0
2026-09-21T23:00:00Z,CDU-A3,HALL-A,25.02,25.11,30.35,1797.0,1772.0,179.4,640.3,20.0,28.36,1101.0,45.9,81.8,0.0,14.0,86.1,21.4,0,0
2026-09-22T00:00:00Z,CDU-A3,HALL-A,25.23,25.35,30.29,1797.0,1782.0,179.4,607.5,19.9,28.29,1039.0,43.3,81.9,0.0,14.0,86.1,21.4,0,0
2026-09-22T01:00:00Z,CDU-A3,HALL-A,25.18,25.24,30.45,1783.0,1781.0,176.6,627.5,20.1,28.45,1079.0,44.9,81.2,0.0,13.8,86.1,20.91,0,0
2026-09-22T02:00:00Z,CDU-A3,HALL-A,25.4,25.45,30.56,1803.0,1784.0,180.6,621.9,19.7,28.56,1007.0,42.0,82.1,0.0,14.1,86.1,21.61,0,0
2026-09-22T03:00:00Z,CDU-A3,HALL-A,25.42,25.46,30.67,1803.0,1771.0,180.7,633.0,20.1,28.68,1060.0,44.2,82.1,0.0,14.1,86.1,21.61,0,0
2026-09-22T04:00:00Z,CDU-A3,HALL-A,25.23,25.28,30.5,1787.0,1782.0,177.4,629.8,20.0,28.51,1063.0,44.3,81.4,0.0,13.9,86.1,21.05,0,0
2026-09-22T05:00:00Z,CDU-A3,HALL-A,24.87,25.01,30.28,1794.0,1779.0,178.8,648.1,20.2,28.28,1151.0,48.0,81.7,0.0,14.0,86.1,21.29,0,0
2026-09-22T06:00:00Z,CDU-A3,HALL-A,25.0,25.08,29.97,1805.0,1801.0,181.0,599.4,19.8,27.97,1053.0,43.9,82.3,0.0,14.2,86.1,21.68,0,0
2026-09-22T07:00:00Z,CDU-A3,HALL-A,24.95,25.11,29.96,1804.0,1802.0,180.8,604.1,20.0,27.96,1089.0,45.5,82.2,0.0,14.1,86.1,21.65,0,0
2026-09-22T08:00:00Z,CDU-A3,HALL-A,25.0,25.06,30.07,1801.0,1797.0,180.2,610.0,19.9,28.07,1072.0,44.7,82.0,0.0,14.1,86.1,21.53,0,0
2026-09-22T09:00:00Z,CDU-A3,HALL-A,25.08,25.26,30.13,1833.0,1815.0,186.7,618.7,20.1,28.13,1106.0,46.1,83.5,0.0,14.6,86.1,22.7,0,0
2026-09-22T10:00:00Z,CDU-A3,HALL-A,24.9,25.05,30.34,1806.0,1796.0,181.3,656.7,19.8,28.34,1103.0,45.9,82.3,0.0,14.2,86.1,21.72,0,0
2026-09-22T11:00:00Z,CDU-A3,HALL-A,24.75,24.81,30.59,1798.0,1791.0,179.6,701.0,19.9,28.58,1158.0,48.3,81.9,0.0,14.0,86.1,21.43,0,0
2026-09-22T12:00:00Z,CDU-A3,HALL-A,24.63,24.67,30.5,1795.0,1789.0,179.0,704.0,19.9,28.5,1175.0,48.9,81.8,0.0,14.0,86.1,21.32,0,0
2026-09-22T13:00:00Z,CDU-A3,HALL-A,24.77,24.87,30.39,1803.0,1791.0,180.6,676.7,19.9,28.39,1144.0,47.7,82.1,0.0,14.2,86.1,21.63,0,0
2026-09-22T14:00:00Z,CDU-A3,HALL-A,24.87,24.92,30.46,1787.0,1782.0,177.4,667.9,19.8,28.47,1107.0,46.1,81.4,0.0,13.9,86.1,21.05,0,0
2026-09-22T15:00:00Z,CDU-A3,HALL-A,24.9,25.1,30.19,1797.0,1784.0,179.4,634.7,20.1,28.19,1126.0,46.9,81.9,0.0,14.1,86.1,21.39,0,0
2026-09-22T16:00:00Z,CDU-A3,HALL-A,24.77,24.79,30.25,1801.0,1782.0,180.2,659.2,20.2,28.25,1175.0,49.0,82.1,0.0,14.1,86.1,21.53,0,0
2026-09-22T17:00:00Z,CDU-A3,HALL-A,24.65,24.67,30.16,1791.0,1784.0,178.2,659.7,20.2,28.16,1189.0,49.5,81.6,0.0,14.0,86.1,21.19,0,0
2026-09-22T18:00:00Z,CDU-A3,HALL-A,24.54,24.75,30.19,1811.0,1796.0,182.3,683.0,20.0,28.19,1198.0,50.0,82.5,0.0,14.3,86.1,21.89,0,0
2026-09-22T19:00:00Z,CDU-A3,HALL-A,24.68,24.94,30.32,1801.0,1797.0,180.2,678.8,19.9,28.33,1157.0,48.2,82.1,0.0,14.1,86.1,21.53,0,0
2026-09-22T20:00:00Z,CDU-A3,HALL-A,24.92,25.0,30.21,1794.0,1775.0,178.7,634.3,20.2,28.21,1136.0,47.3,81.7,0.0,14.0,86.1,21.29,0,0
2026-09-22T21:00:00Z,CDU-A3,HALL-A,24.78,24.85,30.3,1812.0,1794.0,182.5,668.0,19.9,28.3,1141.0,47.5,82.5,0.0,14.3,86.1,21.93,0,0
2026-09-22T22:00:00Z,CDU-A3,HALL-A,25.02,25.03,30.44,1805.0,1802.0,180.9,654.0,19.8,28.45,1086.0,45.3,82.2,0.0,14.2,86.1,21.68,0,0
2026-09-22T23:00:00Z,CDU-A3,HALL-A,25.1,25.2,30.13,1806.0,1798.0,181.2,606.5,19.9,28.12,1058.0,44.1,82.3,0.0,14.2,86.1,21.71,0,0
2026-09-23T00:00:00Z,CDU-A3,HALL-A,24.87,24.88,30.27,1802.0,1797.0,180.3,649.5,20.1,28.27,1142.0,47.5,82.1,0.0,14.2,86.1,21.58,0,0
2026-09-23T01:00:00Z,CDU-A3,HALL-A,24.7,24.91,30.15,1806.0,1798.0,181.2,657.9,20.0,28.15,1158.0,48.2,82.3,0.0,14.2,86.1,21.71,0,0
2026-09-23T02:00:00Z,CDU-A3,HALL-A,24.75,25.01,30.27,1810.0,1783.0,182.0,667.3,19.8,28.27,1131.0,47.1,82.4,0.0,14.3,86.1,21.87,0,0
2026-09-23T03:00:00Z,CDU-A3,HALL-A,24.74,24.85,30.18,1813.0,1790.0,182.7,658.7,19.9,28.17,1142.0,47.6,82.6,0.0,14.4,86.1,21.97,0,0
2026-09-23T04:00:00Z,CDU-A3,HALL-A,24.43,24.44,30.11,1802.0,1772.0,180.4,683.3,20.0,28.11,1210.0,50.4,82.1,0.0,14.2,86.1,21.58,0,0
2026-09-23T05:00:00Z,CDU-A3,HALL-A,24.49,24.55,30.29,1797.0,1772.0,179.4,696.5,19.9,28.29,1192.0,49.7,81.8,0.0,14.1,86.1,21.4,0,0
2026-09-23T06:00:00Z,CDU-A3,HALL-A,24.85,25.17,30.38,1785.0,1768.0,177.0,659.7,20.0,28.38,1130.0,47.1,81.3,0.0,13.9,86.1,20.98,0,0
2026-09-23T07:00:00Z,CDU-A3,HALL-A,24.85,24.92,30.4,1793.0,1778.0,178.6,664.7,20.1,28.41,1150.0,47.9,81.7,0.0,14.1,86.1,21.26,0,0
2026-09-23T08:00:00Z,CDU-A3,HALL-A,24.99,25.2,30.48,1792.0,1782.0,178.4,657.0,20.0,28.48,1113.0,46.4,81.6,0.0,14.0,86.1,21.22,0,0
2026-09-23T09:00:00Z,CDU-A3,HALL-A,25.26,25.28,30.64,1795.0,1771.0,179.0,644.8,20.1,28.63,1084.0,45.1,81.8,0.0,14.1,86.1,21.33,0,0
2026-09-23T10:00:00Z,CDU-A3,HALL-A,24.94,25.12,30.53,1796.0,1778.0,179.1,671.2,20.1,28.53,1142.0,47.6,81.8,0.0,14.1,86.1,21.36,0,0
2026-09-23T11:00:00Z,CDU-A3,HALL-A,25.0,25.22,30.48,1811.0,1805.0,182.2,662.7,19.9,28.47,1109.0,46.2,82.5,0.0,14.3,86.1,21.9,0,0
2026-09-23T12:00:00Z,CDU-A3,HALL-A,24.79,24.87,30.52,1817.0,1800.0,183.4,695.2,19.9,28.52,1158.0,48.2,82.8,0.0,14.4,86.1,22.1,0,0
2026-09-23T13:00:00Z,CDU-A3,HALL-A,25.07,25.27,30.24,1801.0,1779.0,180.2,622.4,20.2,28.24,1110.0,46.4,82.1,0.0,14.2,86.1,21.54,0,0
2026-09-23T14:00:00Z,CDU-A3,HALL-A,25.31,25.4,30.5,1803.0,1796.0,180.6,625.2,20.5,28.5,1122.0,46.8,82.1,0.0,14.2,86.1,21.61,0,0
2026-09-23T15:00:00Z,CDU-A3,HALL-A,25.34,25.38,30.46,1813.0,1809.0,182.6,620.0,20.0,28.46,1052.0,43.8,82.6,0.0,14.4,86.1,21.96,0,0
2026-09-23T16:00:00Z,CDU-A3,HALL-A,25.51,25.56,30.45,1773.0,1770.0,174.6,584.7,20.1,28.45,1006.0,41.9,80.8,0.0,13.8,86.1,20.56,0,0
2026-09-23T17:00:00Z,CDU-A3,HALL-A,25.47,25.66,30.49,1801.0,1791.0,180.2,604.4,19.8,28.48,997.0,41.6,82.0,0.0,14.2,86.1,21.54,0,0
2026-09-23T18:00:00Z,CDU-A3,HALL-A,25.29,25.34,30.52,1799.0,1776.0,179.8,628.0,19.9,28.52,1047.0,43.6,82.0,0.0,14.2,86.1,21.47,0,0
2026-09-23T19:00:00Z,CDU-A3,HALL-A,25.28,25.34,30.65,1809.0,1803.0,181.8,648.9,20.3,28.65,1115.0,46.4,82.4,0.0,14.3,86.1,21.83,0,0
2026-09-23T20:00:00Z,CDU-A3,HALL-A,25.15,25.21,30.47,1809.0,1804.0,181.8,643.1,19.8,28.47,1064.0,44.3,82.4,0.0,14.3,86.1,21.83,0,0
2026-09-23T21:00:00Z,CDU-A3,HALL-A,25.1,25.22,30.53,1800.0,1785.0,180.1,653.0,20.1,28.53,1112.0,46.4,82.0,0.0,14.2,86.1,21.51,0,0
2026-09-23T22:00:00Z,CDU-A3,HALL-A,24.89,25.03,30.36,1802.0,1801.0,180.4,658.4,20.1,28.36,1144.0,47.7,82.1,0.0,14.2,86.1,21.57,0,0
2026-09-23T23:00:00Z,CDU-A3,HALL-A,24.59,24.61,30.36,1783.0,1775.0,176.6,687.0,20.0,28.36,1180.0,49.1,81.2,0.0,13.9,86.1,20.91,0,0
2026-09-24T00:00:00Z,CDU-A3,HALL-A,24.79,24.82,30.33,1807.0,1798.0,181.5,668.8,20.2,28.33,1181.0,49.2,82.3,0.0,14.3,86.1,21.75,0,0
2026-09-24T01:00:00Z,CDU-A3,HALL-A,25.09,25.22,30.27,1812.0,1804.0,182.4,627.0,20.1,28.27,1102.0,45.9,82.5,0.0,14.4,86.1,21.93,0,0
2026-09-24T02:00:00Z,CDU-A3,HALL-A,25.0,25.19,30.5,1803.0,1771.0,180.6,662.8,20.3,28.5,1160.0,48.3,82.1,0.0,14.2,86.1,21.61,0,0
2026-09-24T03:00:00Z,CDU-A3,HALL-A,24.37,24.5,30.22,1785.0,1743.0,177.0,697.2,19.9,28.22,1203.0,50.2,81.3,0.0,14.0,86.1,20.98,0,0
2026-09-24T04:00:00Z,CDU-A3,HALL-A,24.58,24.78,30.24,1795.0,1769.0,179.0,679.1,20.0,28.24,1182.0,49.2,81.8,0.0,14.1,86.1,21.32,0,0
2026-09-24T05:00:00Z,CDU-A3,HALL-A,24.69,24.73,30.44,1792.0,1756.0,178.4,688.4,20.1,28.44,1185.0,49.4,81.6,0.0,14.1,86.1,21.23,0,0
2026-09-24T06:00:00Z,CDU-A3,HALL-A,24.61,24.69,30.36,1792.0,1783.0,178.4,688.9,19.7,28.36,1141.0,47.6,81.7,0.0,14.1,86.1,21.23,0,0
2026-09-24T07:00:00Z,CDU-A3,HALL-A,24.57,24.65,30.39,1801.0,1798.0,180.3,699.7,20.1,28.39,1213.0,50.5,82.0,0.0,14.2,86.1,21.53,0,0
2026-09-24T08:00:00Z,CDU-A3,HALL-A,24.6,24.64,30.33,1788.0,1778.0,177.6,684.5,19.9,28.33,1165.0,48.6,81.5,0.0,14.0,86.1,21.08,0,0
2026-09-24T09:00:00Z,CDU-A3,HALL-A,24.61,24.67,30.29,1803.0,1795.0,180.5,684.3,20.3,28.29,1229.0,51.3,82.2,0.0,14.3,86.1,21.61,0,0
2026-09-24T10:00:00Z,CDU-A3,HALL-A,24.7,24.8,30.41,1795.0,1786.0,179.0,684.9,19.8,28.42,1142.0,47.6,81.8,0.0,14.1,86.1,21.34,0,0
2026-09-24T11:00:00Z,CDU-A3,HALL-A,24.51,24.61,30.17,1811.0,1807.0,182.2,684.3,19.9,28.17,1189.0,49.6,82.5,0.0,14.4,86.1,21.89,0,0
2026-09-24T12:00:00Z,CDU-A3,HALL-A,24.74,24.79,30.4,1789.0,1781.0,177.8,676.1,20.0,28.4,1156.0,48.1,81.5,0.0,14.1,86.1,21.11,0,0
2026-09-24T13:00:00Z,CDU-A3,HALL-A,25.03,25.05,30.38,1803.0,1792.0,180.6,644.7,20.1,28.38,1117.0,46.6,82.2,0.0,14.2,86.1,21.6,0,0
2026-09-24T14:00:00Z,CDU-A3,HALL-A,25.42,25.46,30.45,1800.0,1793.0,180.0,604.5,19.8,28.44,1003.0,41.8,82.0,0.0,14.2,86.1,21.51,0,0
2026-09-24T15:00:00Z,CDU-A3,HALL-A,25.45,25.47,30.73,1793.0,1787.0,178.6,632.1,19.8,28.73,1016.0,42.4,81.7,0.0,14.1,86.1,21.26,0,0
2026-09-24T16:00:00Z,CDU-A3,HALL-A,25.67,25.97,30.85,1801.0,1781.0,180.3,623.1,20.0,28.85,1011.0,42.1,82.0,0.0,14.2,86.1,21.54,0,0
2026-09-24T17:00:00Z,CDU-A3,HALL-A,25.74,25.81,30.76,1803.0,1801.0,180.6,605.2,20.1,28.76,1002.0,41.8,82.1,0.0,14.3,86.1,21.61,0,0
2026-09-24T18:00:00Z,CDU-A3,HALL-A,25.71,25.89,30.79,1778.0,1771.0,175.6,603.2,20.1,28.79,996.0,41.5,81.0,0.0,13.9,86.1,20.74,0,0
2026-09-24T19:00:00Z,CDU-A3,HALL-A,25.63,25.68,30.93,1803.0,1797.0,180.6,638.3,19.7,28.93,993.0,41.4,82.1,0.0,14.3,86.1,21.61,0,0
2026-09-24T20:00:00Z,CDU-A3,HALL-A,25.63,25.82,30.74,1806.0,1795.0,181.2,616.5,20.2,28.74,1036.0,43.2,82.3,0.0,14.3,86.1,21.71,0,0
2026-09-24T21:00:00Z,CDU-A3,HALL-A,25.25,25.46,30.49,1812.0,1805.0,182.4,634.7,20.1,28.49,1085.0,45.2,82.5,0.0,14.4,86.1,21.93,0,0
2026-09-24T22:00:00Z,CDU-A3,HALL-A,24.73,25.05,30.47,1812.0,1796.0,182.4,694.7,20.2,28.47,1206.0,50.3,82.6,0.0,14.4,86.1,21.93,0,0
2026-09-24T23:00:00Z,CDU-A3,HALL-A,24.77,24.94,30.27,1788.0,1777.0,177.6,657.3,20.1,28.27,1154.0,48.2,81.4,0.0,14.1,86.1,21.09,0,0
2026-09-25T00:00:00Z,CDU-A3,HALL-A,24.71,24.89,30.15,1795.0,1779.0,179.0,652.1,19.8,28.14,1121.0,46.8,81.8,0.0,14.2,86.1,21.33,0,0
2026-09-25T01:00:00Z,CDU-A3,HALL-A,24.84,25.13,30.35,1812.0,1784.0,182.4,666.7,20.1,28.35,1161.0,48.4,82.5,0.0,14.4,86.1,21.94,0,0
2026-09-25T02:00:00Z,CDU-A3,HALL-A,24.85,25.09,30.44,1794.0,1771.0,178.8,669.4,20.0,28.44,1139.0,47.5,81.7,0.0,14.2,86.1,21.31,0,0
2026-09-25T03:00:00Z,CDU-A3,HALL-A,24.9,24.95,30.31,1800.0,1789.0,180.0,650.0,19.9,28.3,1109.0,46.2,82.0,0.0,14.3,86.1,21.5,0,0
2026-09-25T04:00:00Z,CDU-A3,HALL-A,24.89,24.89,30.56,1804.0,1789.0,180.8,683.6,20.1,28.56,1159.0,48.3,82.1,0.0,14.3,86.1,21.65,0,0
2026-09-25T05:00:00Z,CDU-A3,HALL-A,24.57,24.58,30.51,1816.0,1804.0,183.2,721.1,20.0,28.52,1216.0,50.7,82.7,0.0,14.5,86.1,22.07,0,0
2026-09-25T06:00:00Z,CDU-A3,HALL-A,24.96,25.15,30.5,1787.0,1771.0,177.5,660.9,20.0,28.49,1116.0,46.5,81.4,0.0,14.1,86.1,21.05,0,0
2026-09-25T07:00:00Z,CDU-A3,HALL-A,25.09,25.24,30.56,1813.0,1797.0,182.6,663.0,20.0,28.56,1111.0,46.3,82.6,0.0,14.5,86.1,21.97,0,0
2026-09-25T08:00:00Z,CDU-A3,HALL-A,25.39,25.49,30.59,1805.0,1795.0,181.0,627.1,19.8,28.59,1024.0,42.7,82.2,0.0,14.4,86.1,21.68,0,0
2026-09-25T09:00:00Z,CDU-A3,HALL-A,25.41,25.52,30.63,1791.0,1779.0,178.2,624.9,19.8,28.63,1015.0,42.3,81.6,0.0,14.1,86.1,21.19,0,0
2026-09-25T10:00:00Z,CDU-A3,HALL-A,25.5,25.59,30.44,1798.0,1779.0,179.6,593.0,19.9,28.44,997.0,41.6,81.9,0.0,14.2,86.1,21.43,0,0
2026-09-25T11:00:00Z,CDU-A3,HALL-A,25.27,25.34,30.44,1800.0,1788.0,180.0,621.3,19.8,28.44,1033.0,43.0,82.0,0.0,14.3,86.1,21.51,0,0
2026-09-25T12:00:00Z,CDU-A3,HALL-A,25.3,25.31,30.71,1803.0,1803.0,180.6,651.2,20.3,28.7,1112.0,46.3,82.1,0.0,14.3,86.1,21.59,0,0
2026-09-25T13:00:00Z,CDU-A3,HALL-A,25.21,25.43,30.78,1816.0,1790.0,183.2,675.8,20.0,28.78,1105.0,46.0,82.7,0.0,14.6,86.1,22.08,0,0
2026-09-25T14:00:00Z,CDU-A3,HALL-A,25.14,25.18,30.71,1805.0,1794.0,181.0,672.2,19.9,28.71,1095.0,45.6,82.2,0.0,14.4,86.1,21.68,0,0
2026-09-25T15:00:00Z,CDU-A3,HALL-A,25.01,25.07,30.72,1799.0,1795.0,179.8,686.3,19.8,28.73,1105.0,46.1,82.0,0.0,14.3,86.1,21.46,0,0
2026-09-25T16:00:00Z,CDU-A3,HALL-A,25.19,25.27,30.82,1804.0,1792.0,180.8,679.1,20.0,28.83,1105.0,46.0,82.2,0.0,14.4,86.1,21.64,0,0
2026-09-25T17:00:00Z,CDU-A3,HALL-A,25.05,25.44,30.44,1794.0,1787.0,178.8,645.9,20.1,28.44,1112.0,46.2,81.7,0.0,14.2,86.1,21.28,0,0
2026-09-25T18:00:00Z,CDU-A3,HALL-A,24.92,25.1,30.38,1794.0,1792.0,178.8,654.9,19.9,28.38,1108.0,46.2,81.7,0.0,14.2,86.1,21.29,0,0
2026-09-25T19:00:00Z,CDU-A3,HALL-A,25.04,25.17,30.37,1796.0,1784.0,179.2,639.8,20.0,28.37,1097.0,45.7,81.8,0.0,14.2,86.1,21.37,0,0
2026-09-25T20:00:00Z,CDU-A3,HALL-A,25.21,25.39,30.54,1815.0,1807.0,183.0,646.2,20.1,28.53,1099.0,45.8,82.7,0.0,14.5,86.1,22.04,0,0
2026-09-25T21:00:00Z,CDU-A3,HALL-A,24.86,24.94,30.35,1792.0,1787.0,178.4,657.2,20.0,28.35,1130.0,47.1,81.6,0.0,14.2,86.1,21.22,0,0
2026-09-25T22:00:00Z,CDU-A3,HALL-A,24.69,24.76,30.28,1813.0,1802.0,182.6,677.2,20.0,28.28,1174.0,48.9,82.6,0.0,14.5,86.1,21.97,0,0
2026-09-25T23:00:00Z,CDU-A3,HALL-A,24.73,24.76,30.59,1809.0,1787.0,181.9,708.5,20.0,28.59,1183.0,49.3,82.4,0.0,14.5,86.1,21.82,0,0
2026-09-26T00:00:00Z,CDU-A3,HALL-A,24.8,24.97,30.43,1795.0,1777.0,179.0,675.2,19.9,28.43,1136.0,47.3,81.8,0.0,14.2,86.1,21.32,0,0
2026-09-26T01:00:00Z,CDU-A3,HALL-A,24.83,24.88,30.43,1803.0,1800.0,180.6,674.7,20.0,28.43,1149.0,47.9,82.1,0.0,14.3,86.1,21.6,0,0
2026-09-26T02:00:00Z,CDU-A3,HALL-A,24.9,24.98,30.31,1807.0,1800.0,181.4,653.3,19.9,28.31,1114.0,46.4,82.3,0.0,14.4,86.1,21.74,0,0
2026-09-26T03:00:00Z,CDU-A3,HALL-A,25.09,25.29,30.48,1790.0,1787.0,177.9,644.1,20.3,28.48,1131.0,47.2,81.5,0.0,14.2,86.1,21.15,0,0
2026-09-26T04:00:00Z,CDU-A3,HALL-A,24.92,25.05,30.48,1799.0,1796.0,179.8,667.7,20.0,28.47,1130.0,47.1,81.9,0.0,14.3,86.1,21.47,0,0
2026-09-26T05:00:00Z,CDU-A3,HALL-A,25.02,25.06,30.5,1787.0,1775.0,177.4,654.8,20.0,28.51,1105.0,46.0,81.4,0.0,14.1,86.1,21.04,0,0
2026-09-26T06:00:00Z,CDU-A3,HALL-A,24.94,24.95,30.44,1791.0,1770.0,178.2,658.3,19.9,28.45,1107.0,46.1,81.6,0.0,14.2,86.1,21.18,0,0
2026-09-26T07:00:00Z,CDU-A3,HALL-A,24.79,24.8,30.32,1801.0,1792.0,180.2,665.1,19.8,28.32,1121.0,46.8,82.0,0.0,14.3,86.1,21.53,0,0
2026-09-26T08:00:00Z,CDU-A3,HALL-A,24.74,24.77,30.18,1803.0,1802.0,180.6,655.7,20.2,28.19,1179.0,49.2,82.1,0.0,14.4,86.1,21.61,0,0
2026-09-26T09:00:00Z,CDU-A3,HALL-A,24.72,24.9,30.32,1809.0,1807.0,181.8,677.0,20.3,28.32,1211.0,50.4,82.4,0.0,14.5,86.1,21.82,0,0
2026-09-26T10:00:00Z,CDU-A3,HALL-A,24.72,24.94,30.57,1796.0,1796.0,179.2,702.2,20.1,28.58,1190.0,49.6,81.8,0.0,14.3,86.1,21.35,0,0
2026-09-26T11:00:00Z,CDU-A3,HALL-A,24.93,24.94,30.69,1803.0,1782.0,180.7,693.6,20.0,28.69,1146.0,47.8,82.1,0.0,14.4,86.1,21.6,0,0
2026-09-26T12:00:00Z,CDU-A3,HALL-A,25.2,25.22,30.55,1802.0,1774.0,180.5,644.2,20.1,28.56,1094.0,45.6,82.1,0.0,14.4,86.1,21.57,0,0
2026-09-26T13:00:00Z,CDU-A3,HALL-A,25.07,25.16,30.36,1808.0,1798.0,181.6,638.5,20.0,28.35,1096.0,45.7,82.4,0.0,14.5,86.1,21.78,0,0
2026-09-26T14:00:00Z,CDU-A3,HALL-A,25.12,25.13,30.38,1808.0,1803.0,181.6,635.0,19.9,28.39,1076.0,44.8,82.4,0.0,14.5,86.1,21.78,0,0
2026-09-26T15:00:00Z,CDU-A3,HALL-A,25.13,25.26,30.6,1806.0,1798.0,181.2,659.4,19.8,28.6,1076.0,44.8,82.3,0.0,14.4,86.1,21.71,0,0
2026-09-26T16:00:00Z,CDU-A3,HALL-A,25.14,25.21,30.89,1808.0,1775.0,181.7,694.0,19.9,28.89,1109.0,46.2,82.4,0.0,14.5,86.1,21.79,0,0
2026-09-26T17:00:00Z,CDU-A3,HALL-A,25.29,25.37,30.73,1805.0,1787.0,180.9,656.4,19.9,28.74,1067.0,44.4,82.2,0.0,14.4,86.1,21.68,0,0
2026-09-26T18:00:00Z,CDU-A3,HALL-A,25.42,25.53,30.66,1810.0,1806.0,182.0,633.8,20.2,28.66,1075.0,44.8,82.5,0.0,14.5,86.1,21.86,0,0
2026-09-26T19:00:00Z,CDU-A3,HALL-A,25.12,25.18,30.63,1796.0,1792.0,179.3,661.4,19.9,28.64,1087.0,45.3,81.8,0.0,14.3,86.1,21.37,0,0
2026-09-26T20:00:00Z,CDU-A3,HALL-A,25.16,25.41,30.52,1800.0,1782.0,180.0,645.1,20.0,28.53,1086.0,45.2,82.0,0.0,14.4,86.1,21.5,0,0
2026-09-26T21:00:00Z,CDU-A3,HALL-A,25.06,25.09,30.55,1811.0,1786.0,182.2,664.8,20.1,28.56,1129.0,47.0,82.5,0.0,14.5,86.1,21.9,0,0
2026-09-26T22:00:00Z,CDU-A3,HALL-A,24.81,25.24,30.64,1796.0,1793.0,179.2,699.7,20.0,28.64,1162.0,48.4,81.8,0.0,14.3,86.1,21.35,0,0
2026-09-26T23:00:00Z,CDU-A3,HALL-A,24.79,24.94,30.78,1806.0,1805.0,181.1,722.4,19.8,28.78,1155.0,48.1,82.3,0.0,14.5,86.1,21.71,0,0
2026-09-27T00:00:00Z,CDU-A3,HALL-A,24.96,25.13,30.62,1805.0,1788.0,181.0,682.8,19.8,28.62,1111.0,46.3,82.2,0.0,14.4,86.1,21.68,0,0
2026-09-27T01:00:00Z,CDU-A3,HALL-A,25.19,25.27,30.58,1812.0,1797.0,182.4,652.6,20.1,28.58,1105.0,46.1,82.5,0.0,14.6,86.1,21.93,0,0
2026-09-27T02:00:00Z,CDU-A3,HALL-A,25.25,25.28,30.47,1807.0,1788.0,181.4,630.6,19.8,28.47,1044.0,43.5,82.3,0.0,14.5,86.1,21.76,0,0
2026-09-27T03:00:00Z,CDU-A3,HALL-A,25.28,25.28,30.4,1799.0,1797.0,179.8,615.3,19.9,28.4,1039.0,43.3,82.0,0.0,14.4,86.1,21.46,0,0
2026-09-27T04:00:00Z,CDU-A3,HALL-A,24.99,25.07,30.16,1794.0,1790.0,178.8,620.2,20.3,28.17,1132.0,47.2,81.7,0.0,14.3,86.1,21.29,0,0
2026-09-27T05:00:00Z,CDU-A3,HALL-A,24.63,24.75,29.99,1799.0,1790.0,179.8,644.7,19.8,27.99,1129.0,47.0,81.9,0.0,14.4,86.1,21.47,0,0
2026-09-27T06:00:00Z,CDU-A3,HALL-A,24.56,24.61,30.1,1796.0,1791.0,179.2,664.5,20.0,28.1,1178.0,49.1,81.8,0.0,14.3,86.1,21.36,0,0
2026-09-27T07:00:00Z,CDU-A3,HALL-A,24.23,24.28,29.82,1818.0,1791.0,183.7,679.1,19.8,27.82,1215.0,50.6,82.8,0.0,14.7,86.1,22.14,0,0
2026-09-27T08:00:00Z,CDU-A3,HALL-A,24.55,24.72,29.88,1799.0,1778.0,179.8,640.7,19.9,27.88,1153.0,48.0,81.9,0.0,14.4,86.1,21.47,0,0
2026-09-27T09:00:00Z,CDU-A3,HALL-A,24.63,24.68,29.94,1808.0,1799.0,181.6,640.9,20.1,27.94,1174.0,48.9,82.3,0.0,14.5,86.1,21.78,0,0
2026-09-27T10:00:00Z,CDU-A3,HALL-A,24.73,24.73,30.03,1819.0,1796.0,183.8,644.3,20.1,28.03,1166.0,48.6,82.9,0.0,14.7,86.1,22.19,0,0
2026-09-27T11:00:00Z,CDU-A3,HALL-A,24.8,24.97,30.21,1810.0,1802.0,182.0,654.1,20.0,28.2,1143.0,47.6,82.4,0.0,14.5,86.1,21.86,0,0
2026-09-27T12:00:00Z,CDU-A3,HALL-A,24.8,24.82,30.08,1792.0,1788.0,178.4,632.5,19.9,28.09,1110.0,46.3,81.6,0.0,14.3,86.1,21.22,0,0
2026-09-27T13:00:00Z,CDU-A3,HALL-A,25.33,25.39,30.23,1791.0,1773.0,178.1,586.4,20.1,28.23,1035.0,43.1,81.6,0.0,14.2,86.1,21.18,0,0
2026-09-27T14:00:00Z,CDU-A3,HALL-A,25.07,25.28,30.24,1802.0,1788.0,180.4,622.4,19.9,28.24,1072.0,44.7,82.1,0.0,14.4,86.1,21.57,0,0
2026-09-27T15:00:00Z,CDU-A3,HALL-A,25.2,25.43,30.27,1804.0,1797.0,180.8,611.6,20.0,28.27,1061.0,44.2,82.2,0.0,14.5,86.1,21.64,0,0
2026-09-27T16:00:00Z,CDU-A3,HALL-A,24.97,25.18,30.38,1802.0,1791.0,180.4,651.8,19.9,28.39,1103.0,46.0,82.1,0.0,14.4,86.1,21.57,0,0
2026-09-27T17:00:00Z,CDU-A3,HALL-A,25.14,25.4,30.53,1782.0,1774.0,176.4,641.6,20.1,28.53,1093.0,45.6,81.2,0.0,14.2,86.1,20.87,0,0
2026-09-27T18:00:00Z,CDU-A3,HALL-A,25.16,25.2,30.52,1805.0,1785.0,180.9,646.0,19.9,28.53,1077.0,44.9,82.2,0.0,14.5,86.1,21.67,0,0
2026-09-27T19:00:00Z,CDU-A3,HALL-A,25.52,25.71,30.58,1796.0,1786.0,179.2,607.6,20.1,28.58,1028.0,42.8,81.8,0.0,14.4,86.1,21.37,0,0
2026-09-27T20:00:00Z,CDU-A3,HALL-A,25.33,25.45,30.51,1817.0,1811.0,183.4,629.4,19.9,28.51,1049.0,43.7,82.8,0.0,14.7,86.1,22.1,0,0
2026-09-27T21:00:00Z,CDU-A3,HALL-A,25.13,25.29,30.44,1804.0,1802.0,180.8,640.3,20.0,28.44,1089.0,45.4,82.2,0.0,14.5,86.1,21.64,0,0
2026-09-27T22:00:00Z,CDU-A3,HALL-A,25.0,25.17,30.43,1783.0,1765.0,176.7,646.5,20.4,28.43,1156.0,48.2,81.3,0.0,14.2,86.1,20.91,0,0
2026-09-27T23:00:00Z,CDU-A3,HALL-A,25.03,25.18,30.22,1800.0,1776.0,180.0,623.7,20.1,28.22,1103.0,46.0,82.0,0.0,14.5,86.1,21.5,0,0
2026-08-31T00:00:00Z,CDU-A4,HALL-A,25.08,25.1,30.15,1783.0,1774.0,176.6,604.1,19.8,28.15,1031.0,42.9,81.2,0.0,16.2,86.1,20.9,0,0
2026-08-31T01:00:00Z,CDU-A4,HALL-A,25.3,25.81,30.62,1792.0,1791.0,178.5,637.4,20.1,28.62,1073.0,44.7,81.7,0.0,16.4,86.1,21.21,0,0
2026-08-31T02:00:00Z,CDU-A4,HALL-A,25.16,25.29,30.45,1807.0,1803.0,181.4,639.0,20.2,28.45,1111.0,46.2,82.3,0.0,16.6,86.1,21.75,0,0
2026-08-31T03:00:00Z,CDU-A4,HALL-A,25.14,25.43,30.57,1787.0,1783.0,177.4,648.8,19.9,28.58,1074.0,44.7,81.4,0.0,16.3,86.1,21.06,0,0
2026-08-31T04:00:00Z,CDU-A4,HALL-A,25.07,25.48,30.27,1809.0,1791.0,181.8,628.3,20.0,28.27,1093.0,45.5,82.4,0.0,16.6,86.1,21.81,0,0
2026-08-31T05:00:00Z,CDU-A4,HALL-A,24.65,24.8,30.17,1799.0,1793.0,179.8,663.7,20.1,28.17,1180.0,49.2,82.0,0.0,16.5,86.1,21.47,0,0
2026-08-31T06:00:00Z,CDU-A4,HALL-A,24.29,24.29,30.03,1800.0,1792.0,180.0,690.4,20.1,28.03,1250.0,52.0,82.0,0.0,16.5,86.1,21.5,0,0
2026-08-31T07:00:00Z,CDU-A4,HALL-A,24.21,24.58,29.92,1791.0,1788.0,178.2,682.8,20.2,27.92,1271.0,52.9,81.6,0.0,16.3,86.1,21.19,0,0
2026-08-31T08:00:00Z,CDU-A4,HALL-A,24.6,24.62,29.87,1806.0,1784.0,181.2,635.3,20.4,27.87,1222.0,50.9,82.3,0.0,16.6,86.1,21.72,0,0
2026-08-31T09:00:00Z,CDU-A4,HALL-A,24.92,25.16,29.83,1809.0,1800.0,181.8,592.9,20.1,27.83,1102.0,46.0,82.4,0.0,16.7,86.1,21.82,0,0
2026-08-31T10:00:00Z,CDU-A4,HALL-A,25.1,25.21,30.1,1796.0,1792.0,179.2,600.0,19.9,28.1,1050.0,43.7,81.8,0.0,16.4,86.1,21.36,0,0
2026-08-31T11:00:00Z,CDU-A4,HALL-A,24.97,25.06,30.06,1800.0,1792.0,180.0,612.1,20.1,28.06,1104.0,46.0,82.0,0.0,16.5,86.1,21.51,0,0
2026-08-31T12:00:00Z,CDU-A4,HALL-A,25.13,25.25,30.2,1802.0,1802.0,180.4,610.2,19.9,28.2,1055.0,44.0,82.1,0.0,16.5,86.1,21.58,0,0
2026-08-31T13:00:00Z,CDU-A4,HALL-A,25.04,25.1,30.17,1797.0,1775.0,179.4,615.3,20.0,28.16,1081.0,45.0,81.9,0.0,16.4,86.1,21.39,0,0
2026-08-31T14:00:00Z,CDU-A4,HALL-A,24.82,24.89,30.26,1802.0,1796.0,180.4,654.4,20.1,28.26,1152.0,48.0,82.1,0.0,16.6,86.1,21.58,0,0
2026-08-31T15:00:00Z,CDU-A4,HALL-A,24.79,24.86,30.32,1799.0,1794.0,179.8,664.7,20.0,28.32,1147.0,47.8,82.0,0.0,16.5,86.1,21.46,0,0
2026-08-31T16:00:00Z,CDU-A4,HALL-A,24.91,25.1,30.57,1796.0,1784.0,179.3,679.2,20.0,28.57,1138.0,47.3,81.8,0.0,16.4,86.1,21.36,0,0
2026-08-31T17:00:00Z,CDU-A4,HALL-A,24.62,24.82,30.48,1811.0,1809.0,182.2,708.7,20.0,28.48,1200.0,50.0,82.5,0.0,16.7,86.1,21.89,0,0
2026-08-31T18:00:00Z,CDU-A4,HALL-A,24.44,24.5,30.31,1774.0,1769.0,174.9,695.4,19.8,28.31,1173.0,48.9,80.8,0.0,16.0,86.1,20.6,0,0
2026-08-31T19:00:00Z,CDU-A4,HALL-A,24.61,24.7,30.22,1802.0,1779.0,180.4,675.5,20.2,28.21,1208.0,50.3,82.1,0.0,16.6,86.1,21.58,0,0
2026-08-31T20:00:00Z,CDU-A4,HALL-A,24.7,24.85,30.2,1802.0,1783.0,180.4,661.7,19.9,28.19,1144.0,47.7,82.1,0.0,16.5,86.1,21.58,0,0
2026-08-31T21:00:00Z,CDU-A4,HALL-A,24.36,24.41,30.05,1782.0,1776.0,176.4,676.9,20.0,28.05,1208.0,50.3,81.2,0.0,16.2,86.1,20.87,0,0
2026-08-31T22:00:00Z,CDU-A4,HALL-A,24.66,24.86,30.09,1810.0,1802.0,182.0,656.7,20.1,28.09,1180.0,49.1,82.5,0.0,16.7,86.1,21.85,0,0
2026-08-31T23:00:00Z,CDU-A4,HALL-A,24.46,24.51,30.2,1784.0,1781.0,176.8,684.6,20.1,28.21,1213.0,50.5,81.3,0.0,16.2,86.1,20.94,0,0
2026-09-01T00:00:00Z,CDU-A4,HALL-A,24.39,24.47,30.11,1790.0,1784.0,178.0,684.6,19.8,28.12,1182.0,49.3,81.5,0.0,16.4,86.1,21.15,0,0
2026-09-01T01:00:00Z,CDU-A4,HALL-A,24.42,24.52,30.04,1825.0,1822.0,185.0,685.4,20.1,28.04,1239.0,51.6,83.1,0.0,17.0,86.1,22.39,0,0
2026-09-01T02:00:00Z,CDU-A4,HALL-A,24.59,24.69,30.14,1810.0,1793.0,182.0,670.7,20.1,28.14,1198.0,49.8,82.5,0.0,16.7,86.1,21.86,0,0
2026-09-01T03:00:00Z,CDU-A4,HALL-A,24.41,24.48,29.97,1814.0,1794.0,182.8,674.0,20.1,27.98,1230.0,51.3,82.7,0.0,16.8,86.1,22.01,0,0
2026-09-01T04:00:00Z,CDU-A4,HALL-A,24.42,24.72,30.06,1818.0,1816.0,183.6,685.2,19.9,28.06,1205.0,50.2,82.8,0.0,16.9,86.1,22.14,0,0
2026-09-01T05:00:00Z,CDU-A4,HALL-A,24.77,24.93,30.16,1783.0,1774.0,176.6,642.4,20.1,28.16,1143.0,47.6,81.2,0.0,16.2,86.1,20.91,0,0
2026-09-01T06:00:00Z,CDU-A4,HALL-A,24.57,24.63,30.0,1806.0,1803.0,181.1,655.7,19.8,28.0,1147.0,47.8,82.3,0.0,16.7,86.1,21.71,0,0
2026-09-01T07:00:00Z,CDU-A4,HALL-A,24.44,24.49,29.88,1790.0,1774.0,178.0,650.1,20.1,27.87,1200.0,50.1,81.6,0.0,16.4,86.1,21.15,0,0
2026-09-01T08:00:00Z,CDU-A4,HALL-A,24.63,24.86,30.22,1804.0,1777.0,180.8,673.5,19.8,28.22,1148.0,47.8,82.2,0.0,16.6,86.1,21.64,0,0
2026-09-01T09:00:00Z,CDU-A4,HALL-A,24.95,25.2,30.45,1799.0,1786.0,179.8,661.4,20.0,28.45,1123.0,46.7,81.9,0.0,16.5,86.1,21.46,0,0
2026-09-01T10:00:00Z,CDU-A4,HALL-A,24.87,24.92,30.19,1811.0,1806.0,182.2,644.2,20.0,28.18,1128.0,47.0,82.5,0.0,16.8,86.1,21.89,0,0
2026-09-01T11:00:00Z,CDU-A4,HALL-A,25.27,25.28,30.23,1797.0,1791.0,179.4,595.4,19.9,28.22,1025.0,42.7,81.9,0.0,16.5,86.1,21.4,0,0
2026-09-01T12:00:00Z,CDU-A4,HALL-A,25.35,25.48,30.19,1794.0,1789.0,178.8,580.7,20.0,28.19,1017.0,42.3,81.7,0.0,16.5,86.1,21.29,0,0
2026-09-01T13:00:00Z,CDU-A4,HALL-A,25.07,25.18,30.13,1798.0,1790.0,179.6,608.1,20.0,28.13,1073.0,44.7,81.9,0.0,16.5,86.1,21.44,0,0
2026-09-01T14:00:00Z,CDU-A4,HALL-A,25.21,25.32,30.37,1808.0,1781.0,181.6,623.5,19.9,28.37,1056.0,44.0,82.4,0.0,16.7,86.1,21.78,0,0
2026-09-01T15:00:00Z,CDU-A4,HALL-A,25.12,25.19,30.27,1816.0,1791.0,183.2,625.1,19.9,28.27,1071.0,44.6,82.8,0.0,16.9,86.1,22.07,0,0
2026-09-01T16:00:00Z,CDU-A4,HALL-A,25.02,25.05,30.36,1796.0,1786.0,179.2,640.8,19.8,28.36,1075.0,44.8,81.8,0.0,16.5,86.1,21.36,0,0
2026-09-01T17:00:00Z,CDU-A4,HALL-A,25.09,25.09,30.3,1795.0,1787.0,179.0,625.0,19.9,28.29,1067.0,44.4,81.8,0.0,16.5,86.1,21.33,0,0
2026-09-01T18:00:00Z,CDU-A4,HALL-A,25.45,25.77,30.64,1809.0,1808.0,181.9,627.4,20.0,28.64,1042.0,43.4,82.4,0.0,16.8,86.1,21.81,0,0
2026-09-01T19:00:00Z,CDU-A4,HALL-A,25.32,25.5,30.34,1807.0,1786.0,181.5,605.8,20.0,28.34,1043.0,43.4,82.3,0.0,16.7,86.1,21.75,0,0
2026-09-01T20:00:00Z,CDU-A4,HALL-A,25.39,25.43,30.45,1789.0,1780.0,177.8,604.8,19.9,28.45,1015.0,42.4,81.5,0.0,16.4,86.1,21.12,0,0
2026-09-01T21:00:00Z,CDU-A4,HALL-A,25.54,25.54,30.51,1787.0,1777.0,177.4,593.9,19.7,28.51,967.0,40.3,81.4,0.0,16.3,86.1,21.04,0,0
2026-09-01T22:00:00Z,CDU-A4,HALL-A,25.67,25.77,30.4,1795.0,1756.0,179.1,567.5,19.7,28.4,936.0,39.1,81.8,0.0,16.5,86.1,21.34,0,0
2026-09-01T23:00:00Z,CDU-A4,HALL-A,25.77,26.11,30.77,1809.0,1780.0,181.8,604.7,20.1,28.77,1000.0,41.7,82.4,0.0,16.8,86.1,21.82,0,0
2026-09-02T00:00:00Z,CDU-A4,HALL-A,25.76,25.91,30.83,1791.0,1766.0,178.2,606.4,19.9,28.83,975.0,40.6,81.6,0.0,16.4,86.1,21.19,0,0
2026-09-02T01:00:00Z,CDU-A4,HALL-A,25.32,25.34,30.82,1795.0,1780.0,179.0,659.4,19.8,28.81,1049.0,43.7,81.8,0.0,16.5,86.1,21.32,0,0
2026-09-02T02:00:00Z,CDU-A4,HALL-A,25.1,25.23,30.66,1804.0,1803.0,180.9,670.0,20.0,28.66,1111.0,46.3,82.2,0.0,16.7,86.1,21.63,0,0
2026-09-02T03:00:00Z,CDU-A4,HALL-A,24.56,24.78,30.36,1804.0,1786.0,180.8,699.6,20.2,28.37,1230.0,51.3,82.2,0.0,16.7,86.1,21.64,0,0
2026-09-02T04:00:00Z,CDU-A4,HALL-A,24.61,24.73,30.08,1785.0,1775.0,177.0,652.4,19.8,28.08,1131.0,47.2,81.3,0.0,16.3,86.1,20.99,0,0
2026-09-02T05:00:00Z,CDU-A4,HALL-A,24.72,24.82,30.08,1802.0,1792.0,180.4,645.0,20.0,28.07,1146.0,47.7,82.1,0.0,16.6,86.1,21.58,0,0
2026-09-02T06:00:00Z,CDU-A4,HALL-A,24.62,24.85,30.2,1801.0,1799.0,180.2,671.0,20.1,28.19,1189.0,49.6,82.0,0.0,16.6,86.1,21.53,0,0
2026-09-02T07:00:00Z,CDU-A4,HALL-A,24.43,24.5,30.45,1792.0,1779.0,178.4,720.4,20.1,28.44,1238.0,51.6,81.6,0.0,16.4,86.1,21.22,0,0
2026-09-02T08:00:00Z,CDU-A4,HALL-A,24.44,24.5,30.37,1791.0,1790.0,178.2,709.5,19.9,28.36,1202.0,50.1,81.6,0.0,16.5,86.1,21.18,0,0
2026-09-02T09:00:00Z,CDU-A4,HALL-A,24.78,24.9,30.63,1795.0,1782.0,179.0,701.4,20.1,28.63,1181.0,49.2,81.8,0.0,16.5,86.1,21.33,0,0
2026-09-02T10:00:00Z,CDU-A4,HALL-A,25.23,25.46,30.55,1798.0,1768.0,179.6,638.9,20.0,28.55,1073.0,44.7,81.9,0.0,16.6,86.1,21.43,0,0
2026-09-02T11:00:00Z,CDU-A4,HALL-A,25.01,25.14,30.39,1816.0,1793.0,183.2,652.6,20.0,28.39,1116.0,46.5,82.7,0.0,16.9,86.1,22.08,0,0
2026-09-02T12:00:00Z,CDU-A4,HALL-A,24.76,24.98,30.49,1800.0,1782.0,180.0,689.0,20.0,28.49,1165.0,48.5,82.0,0.0,16.6,86.1,21.49,0,0
2026-09-02T13:00:00Z,CDU-A4,HALL-A,24.62,24.88,30.42,1814.0,1807.0,182.9,702.6,19.9,28.42,1184.0,49.3,82.6,0.0,16.9,86.1,21.99,0,0
2026-09-02T14:00:00Z,CDU-A4,HALL-A,24.46,24.54,30.52,1809.0,1771.0,181.8,731.8,19.9,28.52,1219.0,50.9,82.4,0.0,16.8,86.1,21.83,0,0
2026-09-02T15:00:00Z,CDU-A4,HALL-A,24.8,24.89,30.53,1788.0,1780.0,177.6,684.6,19.8,28.53,1125.0,46.8,81.4,0.0,16.4,86.1,21.08,0,0
2026-09-02T16:00:00Z,CDU-A4,HALL-A,24.56,24.56,30.47,1798.0,1794.0,179.6,709.5,20.2,28.47,1232.0,51.4,81.9,0.0,16.6,86.1,21.43,0,0
2026-09-02T17:00:00Z,CDU-A4,HALL-A,24.51,24.56,30.44,1811.0,1810.0,182.2,717.4,20.3,28.44,1265.0,52.7,82.5,0.0,16.9,86.1,21.89,0,0
2026-09-02T18:00:00Z,CDU-A4,HALL-A,24.52,24.64,30.45,1808.0,1792.0,181.6,716.8,20.0,28.45,1217.0,50.7,82.4,0.0,16.8,86.1,21.78,0,0
2026-09-02T19:00:00Z,CDU-A4,HALL-A,24.79,24.86,30.46,1796.0,1788.0,179.2,680.3,19.9,28.46,1141.0,47.6,81.8,0.0,16.6,86.1,21.36,0,0
2026-09-02T20:00:00Z,CDU-A4,HALL-A,24.92,25.0,30.55,1787.0,1784.0,177.5,672.6,19.8,28.55,1103.0,46.0,81.4,0.0,16.4,86.1,21.04,0,0
2026-09-02T21:00:00Z,CDU-A4,HALL-A,24.73,24.88,30.52,1813.0,1805.0,182.6,700.7,20.2,28.51,1209.0,50.4,82.6,0.0,16.9,86.1,21.96,0,0
2026-09-02T22:00:00Z,CDU-A4,HALL-A,24.37,24.57,30.38,1795.0,1785.0,179.1,720.4,20.0,28.38,1235.0,51.5,81.8,0.0,16.6,86.1,21.32,0,0
2026-09-02T23:00:00Z,CDU-A4,HALL-A,24.48,24.52,30.35,1798.0,1792.0,179.6,704.6,19.8,28.36,1184.0,49.3,81.9,0.0,16.6,86.1,21.42,0,0
2026-09-03T00:00:00Z,CDU-A4,HALL-A,24.65,24.68,30.39,1778.0,1772.0,175.6,681.7,20.1,28.39,1181.0,49.2,81.0,0.0,16.3,86.1,20.73,0,0
2026-09-03T01:00:00Z,CDU-A4,HALL-A,24.85,25.04,30.15,1780.0,1767.0,176.1,630.1,19.9,28.14,1096.0,45.6,36.4,44.7,16.3,86.1,20.8,0,0
2026-09-03T02:00:00Z,CDU-A4,HALL-A,24.79,24.83,30.11,1801.0,1785.0,180.2,640.2,20.1,28.11,1147.0,47.8,0.0,82.0,16.7,86.1,21.55,0,0
2026-09-03T03:00:00Z,CDU-A4,HALL-A,24.88,24.96,30.24,1806.0,1803.0,181.2,646.2,19.9,28.23,1113.0,46.4,0.0,82.3,16.8,86.1,21.71,0,0
2026-09-03T04:00:00Z,CDU-A4,HALL-A,24.81,25.18,30.3,1801.0,1782.0,180.2,660.5,20.1,28.3,1157.0,48.2,0.0,82.0,16.7,86.1,21.53,0,0
2026-09-03T05:00:00Z,CDU-A4,HALL-A,25.14,25.24,30.32,1801.0,1786.0,180.2,623.6,20.1,28.32,1089.0,45.3,0.0,82.1,16.7,86.1,21.54,0,0
2026-09-03T06:00:00Z,CDU-A4,HALL-A,25.03,25.24,30.71,1793.0,1793.0,178.6,680.3,20.0,28.7,1121.0,46.7,0.0,81.7,16.5,86.1,21.26,0,0
2026-09-03T07:00:00Z,CDU-A4,HALL-A,24.78,24.82,30.81,1807.0,1805.0,181.3,728.1,20.0,28.81,1186.0,49.4,0.0,82.3,16.8,86.1,21.75,0,0
2026-09-03T08:00:00Z,CDU-A4,HALL-A,24.85,24.88,30.45,1813.0,1812.0,182.6,678.6,20.2,28.46,1181.0,49.2,0.0,82.6,16.9,86.1,21.97,0,0
2026-09-03T09:00:00Z,CDU-A4,HALL-A,24.56,24.78,30.42,1813.0,1796.0,182.6,709.5,20.0,28.41,1210.0,50.4,0.0,82.6,16.9,86.1,21.96,0,0
2026-09-03T10:00:00Z,CDU-A4,HALL-A,24.61,24.66,30.41,1819.0,1797.0,183.8,705.3,20.1,28.41,1217.0,50.8,0.0,82.9,17.0,86.1,22.17,0,0
2026-09-03T11:00:00Z,CDU-A4,HALL-A,24.28,24.35,30.35,1812.0,1805.0,182.4,734.7,20.0,28.35,1263.0,52.7,0.0,82.6,16.9,86.1,21.93,0,0
2026-09-03T12:00:00Z,CDU-A4,HALL-A,24.84,25.06,30.57,1802.0,1793.0,180.4,689.5,20.2,28.57,1183.0,49.3,0.0,82.1,16.7,86.1,21.57,0,0
2026-09-03T13:00:00Z,CDU-A4,HALL-A,25.31,25.5,30.77,1810.0,1805.0,182.0,660.8,19.9,28.79,1070.0,44.6,0.0,82.5,16.9,86.1,21.85,0,0
2026-09-03T14:00:00Z,CDU-A4,HALL-A,25.37,25.38,30.72,1799.0,1793.0,179.9,642.6,19.9,28.71,1046.0,43.6,0.0,82.0,16.7,86.1,21.47,0,0
2026-09-03T15:00:00Z,CDU-A4,HALL-A,25.46,25.77,30.57,1782.0,1767.0,176.4,608.3,19.8,28.57,996.0,41.5,0.0,81.2,16.3,86.1,20.87,0,0
2026-09-03T16:00:00Z,CDU-A4,HALL-A,25.08,25.31,30.31,1796.0,1789.0,179.1,627.4,19.9,28.3,1071.0,44.6,0.0,81.8,16.6,86.1,21.37,0,0
2026-09-03T17:00:00Z,CDU-A4,HALL-A,25.06,25.16,30.21,1788.0,1787.0,177.6,614.9,19.9,28.2,1062.0,44.2,0.0,81.4,16.5,86.1,21.08,0,0
2026-09-03T18:00:00Z,CDU-A4,HALL-A,25.09,25.25,30.3,1791.0,1776.0,178.1,623.7,20.2,28.3,1105.0,46.1,0.0,81.6,16.5,86.1,21.18,0,0
2026-09-03T19:00:00Z,CDU-A4,HALL-A,25.15,25.33,30.38,1788.0,1776.0,177.6,624.3,20.3,28.38,1110.0,46.2,0.0,81.5,16.5,86.1,21.08,0,0
2026-09-03T20:00:00Z,CDU-A4,HALL-A,25.01,25.09,30.19,1807.0,1784.0,181.5,625.2,20.0,28.19,1096.0,45.7,0.0,82.3,16.8,86.1,21.74,0,0
2026-09-03T21:00:00Z,CDU-A4,HALL-A,25.0,25.13,30.54,1808.0,1804.0,181.6,669.8,19.7,28.54,1087.0,45.3,0.0,82.3,16.8,86.1,21.78,0,0
2026-09-03T22:00:00Z,CDU-A4,HALL-A,25.52,25.79,30.67,1787.0,1779.0,177.4,614.5,20.0,28.67,1018.0,42.5,0.0,81.4,16.5,86.1,21.05,0,0
2026-09-03T23:00:00Z,CDU-A4,HALL-A,25.72,25.93,30.49,1785.0,1784.0,177.0,569.3,20.0,28.49,962.0,40.1,0.0,81.3,16.4,86.1,20.98,0,0
2026-09-04T00:00:00Z,CDU-A4,HALL-A,25.41,25.53,30.38,1795.0,1788.0,179.1,595.9,20.2,28.38,1046.0,43.5,0.0,81.8,16.6,86.1,21.33,0,0
2026-09-04T01:00:00Z,CDU-A4,HALL-A,25.26,25.29,30.52,1799.0,1799.0,179.8,632.5,19.9,28.53,1053.0,43.9,0.0,82.0,16.7,86.1,21.47,0,0
2026-09-04T02:00:00Z,CDU-A4,HALL-A,25.66,25.77,30.4,1814.0,1810.0,182.9,574.0,19.8,28.39,958.0,40.0,0.0,82.7,17.0,86.1,22.01,0,0
2026-09-04T03:00:00Z,CDU-A4,HALL-A,25.35,25.37,30.33,1810.0,1802.0,182.0,601.7,19.9,28.33,1025.0,42.7,0.0,82.4,16.9,86.1,21.86,0,0
2026-09-04T04:00:00Z,CDU-A4,HALL-A,25.08,25.25,30.36,1773.0,1727.0,174.7,625.8,19.9,28.36,1061.0,44.2,0.0,80.8,16.2,86.1,20.58,0,0
2026-09-04T05:00:00Z,CDU-A4,HALL-A,24.97,25.24,30.38,1818.0,1814.0,183.7,657.2,19.9,28.38,1112.0,46.3,0.0,82.8,17.1,86.1,22.14,0,0
2026-09-04T06:00:00Z,CDU-A4,HALL-A,24.43,24.52,30.3,1806.0,1805.0,181.2,708.2,20.0,28.3,1225.0,51.0,0.0,82.3,16.9,86.1,21.71,0,0
2026-09-04T07:00:00Z,CDU-A4,HALL-A,24.79,24.82,30.46,1794.0,1792.0,178.8,679.9,19.8,28.47,1127.0,47.0,0.0,81.7,16.6,86.1,21.28,0,0
2026-09-04T08:00:00Z,CDU-A4,HALL-A,24.88,25.33,30.43,1817.0,1808.0,183.4,673.4,20.2,28.42,1175.0,48.9,0.0,82.8,17.0,86.1,22.11,0,0
2026-09-04T09:00:00Z,CDU-A4,HALL-A,25.15,25.19,30.37,1805.0,1793.0,181.0,629.8,20.2,28.37,1106.0,46.1,0.0,82.2,16.8,86.1,21.68,0,0
2026-09-04T10:00:00Z,CDU-A4,HALL-A,25.23,25.61,30.33,1788.0,1780.0,177.6,609.8,19.9,28.33,1037.0,43.2,0.0,81.5,16.5,86.1,21.09,0,0
2026-09-04T11:00:00Z,CDU-A4,HALL-A,25.22,25.38,30.46,1797.0,1775.0,179.4,629.7,19.9,28.47,1056.0,44.0,0.0,81.9,16.7,86.1,21.39,0,0
2026-09-04T12:00:00Z,CDU-A4,HALL-A,25.37,25.39,30.48,1797.0,1796.0,179.4,613.4,19.7,28.49,1004.0,41.8,0.0,81.9,16.7,86.1,21.4,0,0
2026-09-04T13:00:00Z,CDU-A4,HALL-A,25.6,25.63,30.6,1788.0,1783.0,177.6,597.4,19.7,28.6,963.0,40.1,0.0,81.4,16.5,86.1,21.07,0,0
2026-09-04T14:00:00Z,CDU-A4,HALL-A,25.27,25.37,30.53,1813.0,1790.0,182.6,636.6,19.8,28.52,1047.0,43.6,0.0,82.6,17.0,86.1,21.95,0,0
2026-09-04T15:00:00Z,CDU-A4,HALL-A,25.36,25.37,30.41,1795.0,1786.0,179.0,605.6,20.0,28.41,1033.0,43.1,0.0,81.8,16.7,86.1,21.32,0,0
2026-09-04T16:00:00Z,CDU-A4,HALL-A,25.3,25.47,30.35,1792.0,1750.0,178.5,604.7,19.9,28.35,1027.0,42.9,0.0,81.6,16.6,86.1,21.22,0,0
2026-09-04T17:00:00Z,CDU-A4,HALL-A,25.7,25.74,30.54,1804.0,1802.0,180.8,583.6,19.9,28.55,970.0,40.4,0.0,82.2,16.8,86.1,21.64,0,0
2026-09-04T18:00:00Z,CDU-A4,HALL-A,25.54,25.6,30.61,1804.0,1787.0,180.7,611.3,19.8,28.61,995.0,41.5,0.0,82.2,16.8,86.1,21.65,0,0
2026-09-04T19:00:00Z,CDU-A4,HALL-A,25.19,25.41,30.58,1816.0,1804.0,183.2,653.7,19.9,28.58,1081.0,45.0,0.0,82.7,17.1,86.1,22.07,0,0
2026-09-04T20:00:00Z,CDU-A4,HALL-A,25.26,25.26,30.43,1812.0,1806.0,182.4,626.0,19.6,28.43,1017.0,42.4,0.0,82.5,17.0,86.1,21.93,0,0
2026-09-04T21:00:00Z,CDU-A4,HALL-A,25.08,25.11,30.47,1800.0,1781.0,180.0,647.9,20.1,28.47,1112.0,46.3,0.0,82.0,16.8,86.1,21.5,0,0
2026-09-04T22:00:00Z,CDU-A4,HALL-A,25.23,25.35,30.23,1800.0,1797.0,180.0,601.4,19.8,28.23,1024.0,42.7,0.0,82.0,16.8,86.1,21.5,0,0
2026-09-04T23:00:00Z,CDU-A4,HALL-A,25.14,25.21,30.28,1805.0,1786.0,181.0,619.9,20.1,28.28,1087.0,45.3,0.0,82.2,16.9,86.1,21.69,0,0
2026-09-05T00:00:00Z,CDU-A4,HALL-A,25.42,25.56,30.24,1786.0,1784.0,177.2,575.2,19.7,28.24,966.0,40.3,0.0,81.3,16.5,86.1,21.02,0,0
2026-09-05T01:00:00Z,CDU-A4,HALL-A,25.57,25.77,30.3,1787.0,1765.0,177.4,564.2,20.1,28.3,988.0,41.2,0.0,81.4,16.5,86.1,21.05,0,0
2026-09-05T02:00:00Z,CDU-A4,HALL-A,25.51,25.74,30.11,1805.0,1798.0,181.0,554.5,20.1,28.11,994.0,41.3,0.0,82.2,16.9,86.1,21.68,0,0
2026-09-05T03:00:00Z,CDU-A4,HALL-A,25.41,25.51,30.12,1794.0,1790.0,178.8,564.8,19.9,28.12,986.0,41.1,0.0,81.8,16.7,86.1,21.29,0,0
2026-09-05T04:00:00Z,CDU-A4,HALL-A,25.52,25.69,30.26,1791.0,1771.0,178.2,566.9,20.0,28.26,985.0,41.0,0.0,81.6,16.6,86.1,21.19,0,0
2026-09-05T05:00:00Z,CDU-A4,HALL-A,25.37,25.57,30.04,1817.0,1809.0,183.4,566.8,19.7,28.04,976.0,40.6,0.0,82.8,17.1,86.1,22.11,0,0
2026-09-05T06:00:00Z,CDU-A4,HALL-A,25.46,25.55,30.14,1812.0,1785.0,182.4,566.9,20.0,28.15,1000.0,41.6,0.0,82.5,17.0,86.1,21.92,0,0
2026-09-05T07:00:00Z,CDU-A4,HALL-A,24.97,25.11,30.08,1809.0,1805.0,181.9,617.3,19.8,28.08,1070.0,44.6,0.0,82.4,17.0,86.1,21.82,0,0
2026-09-05T08:00:00Z,CDU-A4,HALL-A,25.0,25.13,30.18,1789.0,1778.0,177.8,618.9,19.9,28.18,1073.0,44.7,0.0,81.5,16.6,86.1,21.12,0,0
2026-09-05T09:00:00Z,CDU-A4,HALL-A,25.1,25.21,30.54,1809.0,1806.0,181.8,657.7,20.2,28.53,1131.0,47.1,0.0,82.5,17.0,86.1,21.82,0,0
2026-09-05T10:00:00Z,CDU-A4,HALL-A,25.27,25.44,30.38,1800.0,1792.0,180.0,614.9,19.9,28.38,1040.0,43.3,0.0,82.0,16.8,86.1,21.51,0,0
2026-09-05T11:00:00Z,CDU-A4,HALL-A,24.96,25.2,30.37,1792.0,1774.0,178.4,647.2,20.1,28.37,1124.0,46.9,0.0,81.6,16.7,86.1,21.23,0,0
2026-09-05T12:00:00Z,CDU-A4,HALL-A,25.13,25.43,30.36,1799.0,1795.0,179.8,628.3,20.1,28.36,1092.0,45.5,0.0,81.9,16.8,86.1,21.47,0,0
2026-09-05T13:00:00Z,CDU-A4,HALL-A,24.89,25.06,30.24,1790.0,1783.0,178.1,639.2,20.3,28.24,1157.0,48.2,0.0,81.5,16.6,86.1,21.14,0,0
2026-09-05T14:00:00Z,CDU-A4,HALL-A,25.15,25.2,30.43,1790.0,1775.0,177.9,631.7,19.8,28.43,1050.0,43.8,0.0,81.6,16.6,86.1,21.15,0,0
2026-09-05T15:00:00Z,CDU-A4,HALL-A,24.95,25.21,30.61,1780.0,1777.0,176.0,673.6,20.0,28.62,1123.0,46.8,0.0,81.1,16.5,86.1,20.81,0,0
2026-09-05T16:00:00Z,CDU-A4,HALL-A,24.87,24.99,30.47,1803.0,1795.0,180.6,674.6,20.0,28.47,1143.0,47.6,0.0,82.1,16.9,86.1,21.61,0,0
2026-09-05T17:00:00Z,CDU-A4,HALL-A,24.84,25.0,30.46,1795.0,1795.0,179.0,674.2,20.0,28.46,1143.0,47.6,0.0,81.8,16.7,86.1,21.33,0,0
2026-09-05T18:00:00Z,CDU-A4,HALL-A,24.84,25.0,30.74,1801.0,1783.0,180.2,710.0,19.9,28.75,1153.0,48.0,0.0,82.0,16.9,86.1,21.54,0,0
2026-09-05T19:00:00Z,CDU-A4,HALL-A,24.84,24.87,30.76,1805.0,1798.0,181.0,714.0,20.1,28.75,1183.0,49.3,0.0,82.2,16.9,86.1,21.67,0,0
2026-09-05T20:00:00Z,CDU-A4,HALL-A,24.74,24.93,30.8,1796.0,1796.0,179.1,727.1,20.1,28.8,1200.0,49.9,0.0,81.8,16.7,86.1,21.36,0,0
2026-09-05T21:00:00Z,CDU-A4,HALL-A,25.29,25.48,30.71,1803.0,1770.0,180.6,653.0,20.3,28.71,1114.0,46.4,0.0,82.1,16.9,86.1,21.62,0,0
2026-09-05T22:00:00Z,CDU-A4,HALL-A,25.4,25.68,30.64,1795.0,1794.0,179.0,628.3,20.0,28.64,1044.0,43.6,0.0,81.8,16.7,86.1,21.32,0,0
2026-09-05T23:00:00Z,CDU-A4,HALL-A,25.55,25.83,30.64,1803.0,1788.0,180.6,613.2,20.1,28.64,1031.0,42.9,0.0,82.1,16.9,86.1,21.61,0,0
2026-09-06T00:00:00Z,CDU-A4,HALL-A,25.72,25.89,30.68,1795.0,1793.0,179.0,594.9,20.0,28.68,983.0,41.0,0.0,81.8,16.8,86.1,21.34,0,0
2026-09-06T01:00:00Z,CDU-A4,HALL-A,25.29,25.56,30.68,1810.0,1772.0,182.0,652.3,19.8,28.68,1054.0,43.8,0.0,82.5,17.1,86.1,21.87,0,0
2026-09-06T02:00:00Z,CDU-A4,HALL-A,25.09,25.3,30.52,1823.0,1800.0,184.6,661.8,19.9,28.52,1101.0,45.9,0.0,83.1,17.3,86.1,22.33,0,0
2026-09-06T03:00:00Z,CDU-A4,HALL-A,25.24,25.4,30.64,1793.0,1772.0,178.6,647.1,19.9,28.64,1062.0,44.3,0.0,81.7,16.7,86.1,21.26,0,0
2026-09-06T04:00:00Z,CDU-A4,HALL-A,25.39,25.43,30.8,1797.0,1784.0,179.4,649.4,19.9,28.8,1047.0,43.6,0.0,81.8,16.8,86.1,21.39,0,0
2026-09-06T05:00:00Z,CDU-A4,HALL-A,25.58,25.78,30.58,1801.0,1800.0,180.2,601.3,20.0,28.58,1006.0,41.9,0.0,82.0,16.9,86.1,21.55,0,0
2026-09-06T06:00:00Z,CDU-A4,HALL-A,25.51,25.57,30.32,1816.0,1807.0,183.2,583.0,20.0,28.31,1006.0,41.9,0.0,82.7,17.2,86.1,22.07,0,0
2026-09-06T07:00:00Z,CDU-A4,HALL-A,25.35,25.61,30.24,1802.0,1799.0,180.3,588.2,20.1,28.24,1038.0,43.3,0.0,82.1,16.9,86.1,21.57,0,0
2026-09-06T08:00:00Z,CDU-A4,HALL-A,25.48,25.8,30.28,1802.0,1789.0,180.4,577.5,19.9,28.28,990.0,41.3,0.0,82.1,16.9,86.1,21.57,0,0
2026-09-06T09:00:00Z,CDU-A4,HALL-A,25.14,25.35,30.3,1803.0,1803.0,180.6,621.2,19.9,28.29,1061.0,44.2,0.0,82.2,16.9,86.1,21.61,0,0
2026-09-06T10:00:00Z,CDU-A4,HALL-A,25.21,25.59,30.25,1819.0,1793.0,183.8,612.6,19.9,28.25,1053.0,43.9,0.0,82.9,17.2,86.1,22.18,0,0
2026-09-06T11:00:00Z,CDU-A4,HALL-A,25.12,25.51,30.38,1798.0,1795.0,179.6,632.3,19.9,28.38,1070.0,44.6,0.0,81.9,16.8,86.1,21.43,0,0
2026-09-06T12:00:00Z,CDU-A4,HALL-A,24.82,24.84,30.19,1798.0,1776.0,179.6,645.6,20.0,28.2,1131.0,47.1,0.0,81.9,16.8,86.1,21.44,0,0
2026-09-06T13:00:00Z,CDU-A4,HALL-A,25.14,25.31,30.37,1800.0,1776.0,180.0,629.5,20.1,28.37,1092.0,45.4,0.0,82.0,16.9,86.1,21.49,0,0
2026-09-06T14:00:00Z,CDU-A4,HALL-A,25.14,25.34,30.23,1796.0,1778.0,179.2,611.0,20.0,28.23,1065.0,44.4,0.0,81.8,16.8,86.1,21.36,0,0
2026-09-06T15:00:00Z,CDU-A4,HALL-A,25.38,25.41,30.18,1792.0,1781.0,178.3,575.1,19.9,28.18,996.0,41.6,0.0,81.6,16.7,86.1,21.21,0,0
2026-09-06T16:00:00Z,CDU-A4,HALL-A,25.07,25.15,29.87,1792.0,1775.0,178.4,574.9,20.0,27.87,1048.0,43.7,0.0,81.7,16.7,86.1,21.22,0,0
2026-09-06T17:00:00Z,CDU-A4,HALL-A,24.93,24.93,29.91,1796.0,1788.0,179.2,598.1,19.9,27.91,1071.0,44.7,0.0,81.8,16.8,86.1,21.36,0,0
2026-09-06T18:00:00Z,CDU-A4,HALL-A,24.52,24.73,29.91,1811.0,1796.0,182.3,652.1,20.4,27.91,1246.0,51.9,0.0,82.5,17.1,86.1,21.89,0,0
2026-09-06T19:00:00Z,CDU-A4,HALL-A,24.41,24.52,29.91,1791.0,1790.0,178.2,658.0,19.9,27.91,1179.0,49.2,0.0,81.6,16.7,86.1,21.18,0,0
2026-09-06T20:00:00Z,CDU-A4,HALL-A,24.49,24.68,30.01,1783.0,1773.0,176.6,657.5,19.9,28.01,1164.0,48.5,0.0,81.3,16.6,86.1,20.91,0,0
2026-09-06T21:00:00Z,CDU-A4,HALL-A,24.29,24.3,30.17,1810.0,1803.0,182.0,711.2,20.1,28.17,1265.0,52.7,0.0,82.5,17.1,86.1,21.85,0,0
2026-09-06T22:00:00Z,CDU-A4,HALL-A,24.82,24.89,30.31,1806.0,1760.0,181.2,662.7,20.2,28.31,1173.0,48.8,0.0,82.3,17.0,86.1,21.72,0,0
2026-09-06T23:00:00Z,CDU-A4,HALL-A,24.75,24.89,30.22,1787.0,1780.0,177.4,652.5,19.8,28.21,1113.0,46.3,0.0,81.4,16.7,86.1,21.04,0,0
2026-09-07T00:00:00Z,CDU-A4,HALL-A,24.79,25.0,30.08,1810.0,1803.0,182.0,640.1,20.0,28.08,1136.0,47.4,0.0,82.5,17.1,86.1,21.86,0,0
2026-09-07T01:00:00Z,CDU-A4,HALL-A,24.94,25.05,30.1,1793.0,1770.0,178.7,617.9,19.7,28.09,1056.0,44.0,0.0,81.7,16.8,86.1,21.26,0,0
2026-09-07T02:00:00Z,CDU-A4,HALL-A,25.31,25.31,30.03,1799.0,1791.0,179.9,567.4,20.2,28.03,1040.0,43.3,0.0,81.9,16.9,86.1,21.47,0,0
2026-09-07T03:00:00Z,CDU-A4,HALL-A,25.0,25.21,30.21,1815.0,1815.0,182.9,632.2,20.0,28.21,1104.0,46.0,0.0,82.6,17.2,86.1,22.04,0,0
2026-09-07T04:00:00Z,CDU-A4,HALL-A,24.98,25.08,30.2,1794.0,1782.0,178.8,625.5,20.0,28.2,1095.0,45.7,0.0,81.7,16.8,86.1,21.29,0,0
2026-09-07T05:00:00Z,CDU-A4,HALL-A,25.0,25.06,30.51,1777.0,1771.0,175.4,653.9,19.8,28.5,1077.0,44.9,0.0,81.0,16.5,86.1,20.7,0,0
2026-09-07T06:00:00Z,CDU-A4,HALL-A,24.84,24.88,30.33,1814.0,1778.0,182.8,664.9,19.8,28.33,1120.0,46.6,0.0,82.6,17.2,86.1,22.0,0,0
2026-09-07T07:00:00Z,CDU-A4,HALL-A,25.2,25.2,30.32,1816.0,1808.0,183.1,621.3,20.0,28.32,1071.0,44.6,0.0,82.7,17.2,86.1,22.08,0,0
2026-09-07T08:00:00Z,CDU-A4,HALL-A,25.21,25.21,30.43,1787.0,1756.0,177.4,623.6,20.0,28.44,1062.0,44.2,0.0,81.4,16.7,86.1,21.06,0,0
2026-09-07T09:00:00Z,CDU-A4,HALL-A,24.91,25.12,30.61,1780.0,1753.0,176.0,677.3,19.8,28.6,1104.0,46.0,0.0,81.1,16.6,86.1,20.81,0,0
2026-09-07T10:00:00Z,CDU-A4,HALL-A,24.83,25.03,30.42,1792.0,1786.0,178.3,669.2,20.1,28.42,1155.0,48.1,0.0,81.7,16.8,86.1,21.21,0,0
2026-09-07T11:00:00Z,CDU-A4,HALL-A,24.59,24.62,30.42,1794.0,1786.0,178.8,699.2,19.9,28.42,1177.0,49.1,0.0,81.7,16.8,86.1,21.29,0,0
2026-09-07T12:00:00Z,CDU-A4,HALL-A,24.43,24.59,30.26,1815.0,1809.0,183.0,706.9,20.0,28.26,1228.0,51.1,0.0,82.7,17.2,86.1,22.05,0,0
2026-09-07T13:00:00Z,CDU-A4,HALL-A,24.2,24.24,30.43,1793.0,1790.0,178.6,746.9,20.2,28.43,1302.0,54.2,0.0,81.7,16.8,86.1,21.25,0,0
2026-09-07T14:00:00Z,CDU-A4,HALL-A,24.27,24.46,30.35,1792.0,1790.0,178.4,727.6,20.3,28.35,1298.0,54.1,0.0,81.7,16.8,86.1,21.23,0,0
2026-09-07T15:00:00Z,CDU-A4,HALL-A,24.29,24.36,30.46,1813.0,1789.0,182.6,747.8,20.1,28.46,1283.0,53.4,0.0,82.6,17.2,86.1,21.97,0,0
2026-09-07T16:00:00Z,CDU-A4,HALL-A,24.12,24.23,30.43,1819.0,1805.0,183.9,766.9,19.7,28.43,1261.0,52.6,0.0,82.8,17.3,86.1,22.18,0,0
2026-09-07T17:00:00Z,CDU-A4,HALL-A,24.81,25.01,30.81,1814.0,1812.0,182.9,726.8,19.8,28.8,1158.0,48.2,0.0,82.7,17.2,86.1,22.0,0,0
2026-09-07T18:00:00Z,CDU-A4,HALL-A,24.84,24.88,30.86,1798.0,1776.0,179.6,723.4,20.1,28.86,1185.0,49.4,0.0,81.9,16.9,86.1,21.43,0,0
2026-09-07T19:00:00Z,CDU-A4,HALL-A,25.16,25.39,30.36,1821.0,1818.0,184.2,633.1,20.1,28.36,1100.0,45.8,0.0,82.9,17.4,86.1,22.25,0,0
2026-09-07T20:00:00Z,CDU-A4,HALL-A,25.11,25.39,30.42,1789.0,1778.0,177.8,634.1,19.9,28.41,1069.0,44.5,0.0,81.5,16.7,86.1,21.12,0,0
2026-09-07T21:00:00Z,CDU-A4,HALL-A,25.14,25.15,30.36,1803.0,1782.0,180.6,628.8,20.0,28.37,1080.0,44.9,0.0,82.1,17.0,86.1,21.61,0,0
2026-09-07T22:00:00Z,CDU-A4,HALL-A,25.16,25.21,30.54,1801.0,1791.0,180.3,647.4,19.8,28.54,1063.0,44.3,0.0,82.1,17.0,86.1,21.53,0,0
2026-09-07T23:00:00Z,CDU-A4,HALL-A,25.14,25.31,30.61,1799.0,1789.0,179.8,656.9,20.2,28.61,1122.0,46.7,0.0,82.0,16.9,86.1,21.46,0,0
2026-09-08T00:00:00Z,CDU-A4,HALL-A,25.08,25.1,30.52,1802.0,1787.0,180.4,654.5,19.8,28.51,1078.0,44.9,0.0,82.1,17.0,86.1,21.58,0,0
2026-09-08T01:00:00Z,CDU-A4,HALL-A,24.96,25.0,30.28,1779.0,1771.0,175.9,632.2,19.9,28.28,1083.0,45.2,0.0,81.0,16.6,86.1,20.77,0,0
2026-09-08T02:00:00Z,CDU-A4,HALL-A,24.88,25.06,30.13,1791.0,1787.0,178.2,627.9,19.8,28.12,1082.0,45.1,0.0,81.6,16.8,86.1,21.19,0,0
2026-09-08T03:00:00Z,CDU-A4,HALL-A,25.0,25.37,30.27,1795.0,1785.0,179.0,632.0,19.8,28.27,1071.0,44.7,0.0,81.8,16.9,86.1,21.33,0,0
2026-09-08T04:00:00Z,CDU-A4,HALL-A,25.05,25.23,30.3,1791.0,1782.0,178.2,628.6,20.1,28.3,1100.0,45.8,0.0,81.6,16.8,86.1,21.18,0,0
2026-09-08T05:00:00Z,CDU-A4,HALL-A,25.23,25.47,30.47,1813.0,1801.0,182.6,634.6,19.9,28.47,1063.0,44.3,0.0,82.6,17.2,86.1,21.95,0,0
2026-09-08T06:00:00Z,CDU-A4,HALL-A,25.27,25.65,30.58,1823.0,1820.0,184.6,646.3,20.1,28.57,1094.0,45.6,0.0,83.0,17.4,86.1,22.33,0,0
2026-09-08T07:00:00Z,CDU-A4,HALL-A,24.93,25.0,30.37,1801.0,1801.0,180.3,654.9,19.9,28.37,1109.0,46.2,0.0,82.0,17.0,86.1,21.53,0,0
2026-09-08T08:00:00Z,CDU-A4,HALL-A,24.96,24.98,30.06,1797.0,1788.0,179.3,612.2,19.8,28.06,1064.0,44.3,0.0,81.9,16.9,86.1,21.39,0,0
2026-09-08T09:00:00Z,CDU-A4,HALL-A,24.97,25.09,30.13,1799.0,1786.0,179.8,619.7,20.0,28.13,1095.0,45.6,0.0,81.9,16.9,86.1,21.46,0,0
2026-09-08T10:00:00Z,CDU-A4,HALL-A,25.41,25.45,30.24,1801.0,1798.0,180.2,581.4,19.9,28.24,1001.0,41.7,0.0,82.0,17.0,86.1,21.53,0,0
2026-09-08T11:00:00Z,CDU-A4,HALL-A,25.17,25.27,30.3,1796.0,1790.0,179.1,616.0,20.1,28.3,1077.0,44.9,0.0,81.8,16.9,86.1,21.36,0,0
2026-09-08T12:00:00Z,CDU-A4,HALL-A,24.8,24.83,30.36,1811.0,1806.0,182.2,673.3,19.9,28.36,1142.0,47.6,0.0,82.5,17.2,86.1,21.9,0,0
2026-09-08T13:00:00Z,CDU-A4,HALL-A,24.59,24.72,30.25,1787.0,1778.0,177.4,675.5,19.9,28.25,1161.0,48.4,0.0,81.4,16.8,86.1,21.05,0,0
2026-09-08T14:00:00Z,CDU-A4,HALL-A,24.69,24.74,30.26,1790.0,1790.0,178.0,666.6,20.2,28.27,1187.0,49.5,0.0,81.5,16.8,86.1,21.15,0,0
2026-09-08T15:00:00Z,CDU-A4,HALL-A,24.65,24.71,30.35,1794.0,1782.0,178.7,683.5,19.8,28.35,1147.0,47.9,0.0,81.7,16.9,86.1,21.29,0,0
2026-09-08T16:00:00Z,CDU-A4,HALL-A,24.58,24.69,30.33,1803.0,1802.0,180.6,692.8,20.0,28.33,1194.0,49.9,0.0,82.1,17.1,86.1,21.6,0,0
2026-09-08T17:00:00Z,CDU-A4,HALL-A,24.45,24.64,30.28,1786.0,1775.0,177.3,695.9,20.1,28.29,1221.0,50.9,0.0,81.4,16.8,86.1,21.01,0,0
2026-09-08T18:00:00Z,CDU-A4,HALL-A,24.6,24.68,30.21,1787.0,1750.0,177.4,670.1,20.1,28.22,1186.0,49.4,0.0,81.4,16.8,86.1,21.05,0,0
2026-09-08T19:00:00Z,CDU-A4,HALL-A,24.42,24.43,30.17,1822.0,1816.0,184.4,700.4,19.9,28.18,1215.0,50.7,0.0,83.0,17.4,86.1,22.28,0,0
2026-09-08T20:00:00Z,CDU-A4,HALL-A,24.58,24.72,30.33,1802.0,1786.0,180.3,692.4,19.8,28.33,1165.0,48.6,0.0,82.1,17.1,86.1,21.58,0,0
2026-09-08T21:00:00Z,CDU-A4,HALL-A,24.65,24.67,30.39,1812.0,1809.0,182.4,694.6,20.2,28.39,1218.0,50.8,0.0,82.6,17.2,86.1,21.93,0,0
2026-09-08T22:00:00Z,CDU-A4,HALL-A,24.67,24.93,30.28,1821.0,1810.0,184.3,682.9,20.2,28.28,1212.0,50.5,0.0,83.0,17.4,86.1,22.25,0,0
2026-09-08T23:00:00Z,CDU-A4,HALL-A,24.7,24.8,30.11,1831.0,1823.0,186.2,662.1,20.1,28.12,1186.0,49.5,0.0,83.4,17.6,86.1,22.61,0,0
2026-09-09T00:00:00Z,CDU-A4,HALL-A,24.8,25.11,30.09,1799.0,1799.0,179.8,636.1,20.2,28.09,1157.0,48.2,0.0,82.0,17.0,86.1,21.46,0,0
2026-09-09T01:00:00Z,CDU-A4,HALL-A,24.8,25.07,30.17,1800.0,1785.0,180.0,645.5,19.9,28.16,1120.0,46.8,0.0,82.0,17.0,86.1,21.51,0,0
2026-09-09T02:00:00Z,CDU-A4,HALL-A,24.42,24.44,30.13,1809.0,1797.0,181.8,690.5,20.1,28.13,1233.0,51.4,0.0,82.4,17.2,86.1,21.82,0,0
2026-09-09T03:00:00Z,CDU-A4,HALL-A,24.46,24.46,30.16,1794.0,1763.0,178.9,683.7,20.2,28.17,1232.0,51.4,0.0,81.7,16.9,86.1,21.3,0,0
2026-09-09T04:00:00Z,CDU-A4,HALL-A,24.77,24.85,30.11,1811.0,1800.0,182.2,645.9,20.1,28.1,1157.0,48.2,0.0,82.5,17.2,86.1,21.89,0,0
2026-09-09T05:00:00Z,CDU-A4,HALL-A,24.58,24.63,30.03,1803.0,1783.0,180.6,656.3,19.9,28.03,1159.0,48.4,0.0,82.1,17.1,86.1,21.61,0,0
2026-09-09T06:00:00Z,CDU-A4,HALL-A,24.74,24.8,30.12,1807.0,1797.0,181.4,649.9,20.1,28.12,1163.0,48.5,0.0,82.3,17.2,86.1,21.75,0,0
2026-09-09T07:00:00Z,CDU-A4,HALL-A,25.33,25.47,30.59,1807.0,1801.0,181.4,635.1,19.8,28.59,1037.0,43.2,0.0,82.3,17.2,86.1,21.76,0,0
2026-09-09T08:00:00Z,CDU-A4,HALL-A,25.57,25.65,30.5,1798.0,1795.0,179.6,591.8,19.9,28.5,988.0,41.1,0.0,81.9,17.0,86.1,21.43,0,0
2026-09-09T09:00:00Z,CDU-A4,HALL-A,25.5,25.65,30.66,1801.0,1794.0,180.2,620.6,19.7,28.66,994.0,41.4,0.0,82.0,17.1,86.1,21.54,0,0
2026-09-09T10:00:00Z,CDU-A4,HALL-A,25.58,25.73,30.61,1804.0,1788.0,180.8,606.5,19.9,28.62,1000.0,41.6,0.0,82.2,17.1,86.1,21.64,0,0
2026-09-09T11:00:00Z,CDU-A4,HALL-A,25.56,25.56,30.62,1789.0,1777.0,177.8,604.9,19.9,28.61,995.0,41.5,0.0,81.5,16.8,86.1,21.11,0,0
2026-09-09T12:00:00Z,CDU-A4,HALL-A,25.12,25.18,30.61,1804.0,1798.0,180.7,661.5,20.1,28.62,1116.0,46.5,0.0,82.2,17.1,86.1,21.63,0,0
2026-09-09T13:00:00Z,CDU-A4,HALL-A,25.0,25.13,30.7,1793.0,1781.0,178.6,682.6,20.0,28.7,1126.0,47.0,0.0,81.7,16.9,86.1,21.25,0,0
2026-09-09T14:00:00Z,CDU-A4,HALL-A,25.11,25.24,30.56,1802.0,1792.0,180.4,656.4,20.0,28.56,1100.0,45.8,0.0,82.1,17.1,86.1,21.57,0,0
2026-09-09T15:00:00Z,CDU-A4,HALL-A,25.31,25.43,30.36,1811.0,1810.0,182.2,611.0,19.9,28.36,1036.0,43.1,0.0,82.5,17.3,86.1,21.9,0,0
2026-09-09T16:00:00Z,CDU-A4,HALL-A,25.33,25.35,30.24,1802.0,1801.0,180.4,591.0,19.8,28.24,1005.0,41.8,0.0,82.1,17.1,86.1,21.58,0,0
2026-09-09T17:00:00Z,CDU-A4,HALL-A,25.5,25.6,30.34,1801.0,1790.0,180.2,582.8,20.0,28.34,1003.0,41.8,0.0,82.0,17.1,86.1,21.53,0,0
2026-09-09T18:00:00Z,CDU-A4,HALL-A,25.64,25.67,30.37,1815.0,1779.0,183.1,573.1,19.8,28.36,960.0,39.9,0.0,82.7,17.3,86.1,22.03,0,0
2026-09-09T19:00:00Z,CDU-A4,HALL-A,25.57,25.73,30.45,1812.0,1810.0,182.4,591.3,20.0,28.45,1004.0,41.9,0.0,82.5,17.3,86.1,21.93,0,0
2026-09-09T20:00:00Z,CDU-A4,HALL-A,25.39,25.42,30.52,1784.0,1772.0,176.9,610.9,20.0,28.52,1030.0,43.0,0.0,81.3,16.7,86.1,20.94,0,0
2026-09-09T21:00:00Z,CDU-A4,HALL-A,25.11,25.12,30.44,1819.0,1814.0,183.9,647.7,20.0,28.44,1101.0,45.9,0.0,82.9,17.4,86.1,22.17,0,0
2026-09-09T22:00:00Z,CDU-A4,HALL-A,25.0,25.28,30.36,1801.0,1796.0,180.1,645.2,20.0,28.35,1107.0,46.0,0.0,82.0,17.1,86.1,21.54,0,0
2026-09-09T23:00:00Z,CDU-A4,HALL-A,25.14,25.18,30.48,1791.0,1774.0,178.2,639.5,20.1,28.48,1095.0,45.6,0.0,81.6,16.9,86.1,21.18,0,0
2026-09-10T00:00:00Z,CDU-A4,HALL-A,25.08,25.22,30.28,1811.0,1806.0,182.3,628.7,20.3,28.27,1131.0,47.1,0.0,82.5,17.3,86.1,21.89,0,0
2026-09-10T01:00:00Z,CDU-A4,HALL-A,25.31,25.38,30.15,1800.0,1798.0,180.0,582.6,20.2,28.15,1051.0,43.9,45.1,36.9,17.1,86.1,21.51,0,0
2026-09-10T02:00:00Z,CDU-A4,HALL-A,25.12,25.25,30.17,1794.0,1785.0,178.9,605.6,20.3,28.18,1104.0,46.0,81.7,0.0,17.0,86.1,21.3,0,0
2026-09-10T03:00:00Z,CDU-A4,HALL-A,24.91,25.02,30.39,1808.0,1802.0,181.6,661.6,20.2,28.39,1160.0,48.4,82.3,0.0,17.2,86.1,21.79,0,0
2026-09-10T04:00:00Z,CDU-A4,HALL-A,24.97,25.02,30.39,1786.0,1780.0,177.2,646.2,19.9,28.39,1094.0,45.5,81.4,0.0,16.8,86.1,21.01,0,0
2026-09-10T05:00:00Z,CDU-A4,HALL-A,24.91,25.04,30.5,1798.0,1785.0,179.7,671.5,20.1,28.49,1147.0,47.8,81.9,0.0,17.1,86.1,21.43,0,0
2026-09-10T06:00:00Z,CDU-A4,HALL-A,24.87,24.98,30.56,1790.0,1788.0,178.1,680.2,20.1,28.56,1154.0,48.1,81.6,0.0,16.9,86.1,21.14,0,0
2026-09-10T07:00:00Z,CDU-A4,HALL-A,24.99,25.13,30.42,1803.0,1784.0,180.6,653.9,20.2,28.42,1142.0,47.6,82.2,0.0,17.1,86.1,21.61,0,0
2026-09-10T08:00:00Z,CDU-A4,HALL-A,24.75,24.78,30.53,1789.0,1764.0,177.8,690.6,19.6,28.53,1110.0,46.3,81.5,0.0,16.9,86.1,21.12,0,0
2026-09-10T09:00:00Z,CDU-A4,HALL-A,24.37,24.44,30.41,1811.0,1799.0,182.2,730.6,20.0,28.41,1248.0,52.0,82.5,0.0,17.3,86.1,21.89,0,0
2026-09-10T10:00:00Z,CDU-A4,HALL-A,24.38,24.6,30.11,1805.0,1774.0,181.1,690.7,20.2,28.1,1254.0,52.2,82.2,0.0,17.2,86.1,21.68,0,0
2026-09-10T11:00:00Z,CDU-A4,HALL-A,24.14,24.34,29.82,1787.0,1776.0,177.4,678.7,20.0,27.82,1245.0,51.8,81.4,0.0,16.8,86.1,21.03,0,0
2026-09-10T12:00:00Z,CDU-A4,HALL-A,24.37,24.37,29.79,1797.0,1789.0,179.3,650.6,20.0,27.79,1199.0,49.9,81.9,0.0,17.1,86.1,21.39,0,0
2026-09-10T13:00:00Z,CDU-A4,HALL-A,24.47,24.49,29.58,1794.0,1781.0,178.8,612.6,19.9,27.58,1145.0,47.7,81.7,0.0,17.0,86.1,21.29,0,0
2026-09-10T14:00:00Z,CDU-A4,HALL-A,25.09,25.22,29.93,1802.0,1797.0,180.3,582.1,20.0,27.93,1054.0,44.0,82.1,0.0,17.2,86.1,21.57,0,0
2026-09-10T15:00:00Z,CDU-A4,HALL-A,24.96,25.2,30.06,1790.0,1765.0,178.0,609.5,20.0,28.05,1086.0,45.2,81.6,0.0,16.9,86.1,21.14,0,0
2026-09-10T16:00:00Z,CDU-A4,HALL-A,25.32,25.46,30.18,1804.0,1793.0,180.8,585.6,20.0,28.18,1028.0,42.8,82.2,0.0,17.2,86.1,21.65,0,0
2026-09-10T17:00:00Z,CDU-A4,HALL-A,24.89,25.19,29.9,1797.0,1782.0,179.4,601.2,19.9,27.9,1079.0,44.9,81.8,0.0,17.1,86.1,21.39,0,0
2026-09-10T18:00:00Z,CDU-A4,HALL-A,24.83,24.87,29.93,1780.0,1776.0,176.0,607.1,20.0,27.94,1099.0,45.8,81.1,0.0,16.7,86.1,20.8,0,0
2026-09-10T19:00:00Z,CDU-A4,HALL-A,24.67,24.7,29.97,1813.0,1797.0,182.6,641.6,20.3,27.97,1201.0,50.0,82.6,0.0,17.4,86.1,21.96,0,0
2026-09-10T20:00:00Z,CDU-A4,HALL-A,24.49,24.71,30.3,1798.0,1775.0,179.6,698.5,20.0,28.3,1207.0,50.3,81.9,0.0,17.1,86.1,21.44,0,0
2026-09-10T21:00:00Z,CDU-A4,HALL-A,24.55,24.61,30.18,1791.0,1783.0,178.2,673.3,19.9,28.17,1167.0,48.7,81.6,0.0,16.9,86.1,21.18,0,0
2026-09-10T22:00:00Z,CDU-A4,HALL-A,25.0,25.19,30.28,1795.0,1793.0,179.0,632.9,19.9,28.29,1086.0,45.3,81.8,0.0,17.0,86.1,21.32,0,0
2026-09-10T23:00:00Z,CDU-A4,HALL-A,25.04,25.31,30.51,1804.0,1794.0,180.7,659.0,20.2,28.52,1139.0,47.5,82.2,0.0,17.2,86.1,21.64,0,0
2026-09-11T00:00:00Z,CDU-A4,HALL-A,25.09,25.15,30.49,1802.0,1800.0,180.5,649.9,20.3,28.49,1139.0,47.5,82.1,0.0,17.2,86.1,21.57,0,0
2026-09-11T01:00:00Z,CDU-A4,HALL-A,25.14,25.34,30.38,1791.0,1786.0,178.2,626.5,20.1,28.38,1087.0,45.3,81.6,0.0,17.0,86.1,21.19,0,0
2026-09-11T02:00:00Z,CDU-A4,HALL-A,24.93,24.96,30.23,1811.0,1790.0,182.2,641.3,20.3,28.23,1160.0,48.4,82.5,0.0,17.3,86.1,21.89,0,0
2026-09-11T03:00:00Z,CDU-A4,HALL-A,24.99,25.02,30.33,1802.0,1796.0,180.4,642.8,19.9,28.32,1094.0,45.6,82.1,0.0,17.2,86.1,21.58,0,0
2026-09-11T04:00:00Z,CDU-A4,HALL-A,24.72,24.93,30.19,1807.0,1801.0,181.4,660.7,20.2,28.2,1187.0,49.5,82.3,0.0,17.3,86.1,21.75,0,0
2026-09-11T05:00:00Z,CDU-A4,HALL-A,24.7,24.83,30.12,1830.0,1828.0,186.0,662.8,20.1,28.12,1186.0,49.4,83.4,0.0,17.7,86.1,22.57,0,0
2026-09-11T06:00:00Z,CDU-A4,HALL-A,24.89,24.95,30.32,1800.0,1783.0,180.0,652.5,20.0,28.32,1126.0,46.9,82.0,0.0,17.1,86.1,21.5,0,0
2026-09-11T07:00:00Z,CDU-A4,HALL-A,25.2,25.33,30.31,1801.0,1796.0,180.2,614.4,20.1,28.31,1075.0,44.8,82.1,0.0,17.2,86.1,21.53,0,0
2026-09-11T08:00:00Z,CDU-A4,HALL-A,25.37,25.64,30.34,1780.0,1753.0,176.1,590.8,20.1,28.34,1029.0,42.9,81.1,0.0,16.8,86.1,20.8,0,0
2026-09-11T09:00:00Z,CDU-A4,HALL-A,25.02,25.17,30.35,1809.0,1808.0,181.8,644.6,19.8,28.35,1082.0,45.1,82.4,0.0,17.3,86.1,21.82,0,0
2026-09-11T10:00:00Z,CDU-A4,HALL-A,25.03,25.09,30.08,1801.0,1791.0,180.2,607.3,19.9,28.08,1066.0,44.5,82.0,0.0,17.2,86.1,21.54,0,0
2026-09-11T11:00:00Z,CDU-A4,HALL-A,24.95,25.03,30.23,1799.0,1779.0,179.7,634.9,20.0,28.24,1107.0,46.1,82.0,0.0,17.1,86.1,21.46,0,0
2026-09-11T12:00:00Z,CDU-A4,HALL-A,25.09,25.12,30.32,1799.0,1792.0,179.8,628.4,20.0,28.32,1084.0,45.1,81.9,0.0,17.2,86.1,21.47,0,0
2026-09-11T13:00:00Z,CDU-A4,HALL-A,25.07,25.09,30.24,1791.0,1785.0,178.3,618.2,19.9,28.24,1065.0,44.4,81.6,0.0,17.0,86.1,21.18,0,0
2026-09-11T14:00:00Z,CDU-A4,HALL-A,25.15,25.39,30.14,1800.0,1790.0,180.0,600.4,20.1,28.15,1073.0,44.7,82.0,0.0,17.2,86.1,21.5,0,0
2026-09-11T15:00:00Z,CDU-A4,HALL-A,24.93,25.26,30.33,1797.0,1789.0,179.5,648.0,20.1,28.32,1131.0,47.1,81.9,0.0,17.1,86.1,21.39,0,0
2026-09-11T16:00:00Z,CDU-A4,HALL-A,24.78,24.8,30.22,1800.0,1799.0,180.1,654.6,20.1,28.22,1156.0,48.2,82.0,0.0,17.2,86.1,21.5,0,0
2026-09-11T17:00:00Z,CDU-A4,HALL-A,25.08,25.17,30.37,1815.0,1793.0,183.0,641.9,19.9,28.37,1087.0,45.3,82.7,0.0,17.5,86.1,22.04,0,0
2026-09-11T18:00:00Z,CDU-A4,HALL-A,24.86,24.93,30.38,1797.0,1788.0,179.4,662.9,20.1,28.38,1149.0,48.0,81.9,0.0,17.1,86.1,21.39,0,0
2026-09-11T19:00:00Z,CDU-A4,HALL-A,24.72,24.92,30.34,1806.0,1805.0,181.2,678.0,20.1,28.34,1181.0,49.3,82.3,0.0,17.3,86.1,21.72,0,0
2026-09-11T20:00:00Z,CDU-A4,HALL-A,24.2,24.28,30.2,1791.0,1778.0,178.2,717.7,20.0,28.19,1256.0,52.4,81.6,0.0,17.0,86.1,21.19,0,0
2026-09-11T21:00:00Z,CDU-A4,HALL-A,24.07,24.15,30.26,1801.0,1795.0,180.2,745.0,20.1,28.27,1310.0,54.6,82.0,0.0,17.2,86.1,21.55,0,0
2026-09-11T22:00:00Z,CDU-A4,HALL-A,24.35,24.48,30.29,1791.0,1772.0,178.2,710.9,20.0,28.29,1231.0,51.3,81.6,0.0,17.0,86.1,21.19,0,0
2026-09-11T23:00:00Z,CDU-A4,HALL-A,24.25,24.4,30.26,1801.0,1796.0,180.2,722.6,20.0,28.26,1257.0,52.4,82.1,0.0,17.2,86.1,21.53,0,0
2026-09-12T00:00:00Z,CDU-A4,HALL-A,24.41,24.45,30.27,1803.0,1802.0,180.6,706.4,19.8,28.27,1196.0,49.9,82.1,0.0,17.3,86.1,21.61,0,0
2026-09-12T01:00:00Z,CDU-A4,HALL-A,24.68,24.76,30.32,1811.0,1795.0,182.3,682.2,20.0,28.32,1177.0,49.1,82.5,0.0,17.4,86.1,21.9,0,0
2026-09-12T02:00:00Z,CDU-A4,HALL-A,25.01,25.02,30.15,1795.0,1788.0,179.0,615.8,20.0,28.15,1086.0,45.2,81.7,0.0,17.1,86.1,21.33,0,0
2026-09-12T03:00:00Z,CDU-A4,HALL-A,25.34,25.61,30.09,1805.0,1799.0,181.0,573.4,19.8,28.09,992.0,41.4,82.2,0.0,17.3,86.1,21.68,0,0
2026-09-12T04:00:00Z,CDU-A4,HALL-A,25.35,25.4,30.17,1812.0,1812.0,182.4,583.2,20.2,28.17,1051.0,43.8,82.5,0.0,17.5,86.1,21.94,0,0
2026-09-12T05:00:00Z,CDU-A4,HALL-A,25.41,25.47,30.25,1797.0,1772.0,179.4,580.6,20.2,28.24,1036.0,43.1,81.9,0.0,17.1,86.1,21.39,0,0
2026-09-12T06:00:00Z,CDU-A4,HALL-A,25.6,25.75,30.2,1819.0,1808.0,183.8,559.6,19.7,28.2,944.0,39.3,82.9,0.0,17.6,86.1,22.19,0,0
2026-09-12T07:00:00Z,CDU-A4,HALL-A,25.49,25.54,30.47,1805.0,1786.0,181.1,601.1,19.8,28.47,994.0,41.4,82.2,0.0,17.3,86.1,21.68,0,0
2026-09-12T08:00:00Z,CDU-A4,HALL-A,25.03,25.08,30.25,1816.0,1810.0,183.2,632.9,20.0,28.24,1101.0,45.8,82.7,0.0,17.5,86.1,22.07,0,0
2026-09-12T09:00:00Z,CDU-A4,HALL-A,24.88,24.95,30.24,1799.0,1773.0,179.8,643.7,20.0,28.24,1122.0,46.8,81.9,0.0,17.2,86.1,21.47,0,0
2026-09-12T10:00:00Z,CDU-A4,HALL-A,24.61,24.71,30.08,1798.0,1782.0,179.6,657.5,20.0,28.09,1168.0,48.7,81.9,0.0,17.2,86.1,21.43,0,0
2026-09-12T11:00:00Z,CDU-A4,HALL-A,24.62,24.75,30.02,1812.0,1803.0,182.4,653.3,20.2,28.02,1200.0,50.0,82.5,0.0,17.5,86.1,21.93,0,0
2026-09-12T12:00:00Z,CDU-A4,HALL-A,24.61,24.79,30.11,1809.0,1795.0,181.8,665.2,20.1,28.11,1191.0,49.6,82.4,0.0,17.4,86.1,21.82,0,0
2026-09-12T13:00:00Z,CDU-A4,HALL-A,24.71,25.12,30.01,1810.0,1807.0,182.0,640.5,19.9,28.01,1135.0,47.2,82.4,0.0,17.4,86.1,21.86,0,0
2026-09-12T14:00:00Z,CDU-A4,HALL-A,24.84,25.08,30.14,1789.0,1777.0,177.8,633.5,20.1,28.14,1131.0,47.1,81.5,0.0,17.0,86.1,21.11,0,0
2026-09-12T15:00:00Z,CDU-A4,HALL-A,24.77,24.96,30.4,1785.0,1779.0,177.0,670.9,19.9,28.39,1133.0,47.2,81.3,0.0,16.9,86.1,20.97,0,0
2026-09-12T16:00:00Z,CDU-A4,HALL-A,24.73,24.77,30.4,1826.0,1818.0,185.3,692.1,20.2,28.4,1211.0,50.5,83.2,0.0,17.8,86.1,22.43,0,0
2026-09-12T17:00:00Z,CDU-A4,HALL-A,24.93,25.0,30.16,1804.0,1790.0,180.8,631.0,20.2,28.17,1137.0,47.4,82.2,0.0,17.3,86.1,21.64,0,0
2026-09-12T18:00:00Z,CDU-A4,HALL-A,25.06,25.12,30.31,1804.0,1796.0,180.8,633.3,19.8,28.31,1067.0,44.5,82.2,0.0,17.3,86.1,21.64,0,0
2026-09-12T19:00:00Z,CDU-A4,HALL-A,24.91,25.06,30.2,1805.0,1800.0,181.0,637.8,20.0,28.2,1117.0,46.5,82.3,0.0,17.3,86.1,21.67,0,0
2026-09-12T20:00:00Z,CDU-A4,HALL-A,24.67,24.69,30.11,1785.0,1782.0,177.0,648.5,20.2,28.11,1177.0,49.1,81.3,0.0,17.0,86.1,20.98,0,0
2026-09-12T21:00:00Z,CDU-A4,HALL-A,24.71,24.75,30.17,1801.0,1780.0,180.2,657.2,20.0,28.17,1155.0,48.2,82.1,0.0,17.3,86.1,21.53,0,0
2026-09-12T22:00:00Z,CDU-A4,HALL-A,24.73,24.97,30.16,1799.0,1785.0,179.8,652.3,19.9,28.16,1134.0,47.3,81.9,0.0,17.2,86.1,21.45,0,0
2026-09-12T23:00:00Z,CDU-A4,HALL-A,24.54,24.82,30.06,1790.0,1779.0,178.0,659.7,19.9,28.05,1161.0,48.4,81.6,0.0,17.1,86.1,21.14,0,0
2026-09-13T00:00:00Z,CDU-A4,HALL-A,24.54,24.7,29.97,1803.0,1801.0,180.6,653.7,20.0,27.96,1178.0,49.1,82.1,0.0,17.3,86.1,21.6,0,0
2026-09-13T01:00:00Z,CDU-A4,HALL-A,24.34,24.52,30.01,1788.0,1764.0,177.6,677.6,19.8,28.01,1184.0,49.4,81.5,0.0,17.0,86.1,21.08,0,0
2026-09-13T02:00:00Z,CDU-A4,HALL-A,24.34,24.41,29.82,1791.0,1788.0,178.2,656.2,20.0,27.82,1204.0,50.1,81.6,0.0,17.1,86.1,21.18,0,0
2026-09-13T03:00:00Z,CDU-A4,HALL-A,24.61,24.62,29.77,1799.0,1788.0,179.8,619.7,20.0,27.77,1145.0,47.7,82.0,0.0,17.3,86.1,21.47,0,0
2026-09-13T04:00:00Z,CDU-A4,HALL-A,25.05,25.2,30.04,1812.0,1779.0,182.4,603.7,20.1,28.03,1092.0,45.5,82.6,0.0,17.5,86.1,21.92,0,0
2026-09-13T05:00:00Z,CDU-A4,HALL-A,25.08,25.4,30.33,1796.0,1786.0,179.2,629.5,20.1,28.32,1098.0,45.8,81.8,0.0,17.2,86.1,21.37,0,0
2026-09-13T06:00:00Z,CDU-A4,HALL-A,25.29,25.4,30.39,1803.0,1793.0,180.6,613.7,20.1,28.39,1064.0,44.3,82.1,0.0,17.3,86.1,21.6,0,0
2026-09-13T07:00:00Z,CDU-A4,HALL-A,24.84,24.9,30.03,1792.0,1783.0,178.4,621.6,20.3,28.03,1154.0,48.0,81.6,0.0,17.1,86.1,21.22,0,0
2026-09-13T08:00:00Z,CDU-A4,HALL-A,24.76,24.96,30.04,1816.0,1805.0,183.2,640.2,20.0,28.03,1143.0,47.6,82.7,0.0,17.6,86.1,22.07,0,0
2026-09-13T09:00:00Z,CDU-A4,HALL-A,24.48,24.71,30.11,1798.0,1789.0,179.6,675.8,20.0,28.11,1197.0,49.9,81.9,0.0,17.2,86.1,21.43,0,0
2026-09-13T10:00:00Z,CDU-A4,HALL-A,24.55,24.58,30.08,1805.0,1781.0,181.0,666.7,19.9,28.07,1170.0,48.7,82.2,0.0,17.4,86.1,21.67,0,0
2026-09-13T11:00:00Z,CDU-A4,HALL-A,24.72,24.76,30.38,1801.0,1784.0,180.3,681.3,20.0,28.38,1167.0,48.6,82.0,0.0,17.3,86.1,21.54,0,0
2026-09-13T12:00:00Z,CDU-A4,HALL-A,25.08,25.22,30.44,1800.0,1793.0,179.9,645.2,20.0,28.45,1097.0,45.7,82.0,0.0,17.3,86.1,21.5,0,0
2026-09-13T13:00:00Z,CDU-A4,HALL-A,24.83,24.88,30.08,1795.0,1795.0,179.0,630.2,20.2,28.08,1147.0,47.8,81.8,0.0,17.2,86.1,21.32,0,0
2026-09-13T14:00:00Z,CDU-A4,HALL-A,24.74,24.83,29.89,1793.0,1788.0,178.6,617.2,20.0,27.89,1122.0,46.8,81.7,0.0,17.2,86.1,21.25,0,0
2026-09-13T15:00:00Z,CDU-A4,HALL-A,24.68,24.86,29.85,1780.0,1775.0,176.1,615.3,20.1,27.85,1139.0,47.4,81.1,0.0,16.9,86.1,20.81,0,0
2026-09-13T16:00:00Z,CDU-A4,HALL-A,24.54,24.6,29.91,1781.0,1777.0,176.2,638.5,20.2,27.91,1189.0,49.5,81.1,0.0,16.9,86.1,20.84,0,0
2026-09-13T17:00:00Z,CDU-A4,HALL-A,24.7,24.83,30.15,1785.0,1784.0,177.0,649.8,20.0,28.15,1145.0,47.7,81.3,0.0,17.0,86.1,20.97,0,0
2026-09-13T18:00:00Z,CDU-A4,HALL-A,24.41,24.6,30.12,1798.0,1791.0,179.6,685.8,20.2,28.11,1243.0,51.7,81.9,0.0,17.3,86.1,21.42,0,0
2026-09-13T19:00:00Z,CDU-A4,HALL-A,24.3,24.38,30.19,1801.0,1782.0,180.2,708.6,20.2,28.19,1273.0,53.0,82.0,0.0,17.3,86.1,21.53,0,0
2026-09-13T20:00:00Z,CDU-A4,HALL-A,24.6,24.68,30.32,1789.0,1783.0,177.9,683.4,19.8,28.32,1152.0,48.0,81.6,0.0,17.1,86.1,21.12,0,0
2026-09-13T21:00:00Z,CDU-A4,HALL-A,24.69,24.74,30.46,1788.0,1773.0,177.6,689.6,20.0,28.46,1169.0,48.7,81.4,0.0,17.1,86.1,21.09,0,0
2026-09-13T22:00:00Z,CDU-A4,HALL-A,24.71,24.77,30.41,1802.0,1780.0,180.4,685.9,19.9,28.41,1157.0,48.2,82.1,0.0,17.3,86.1,21.57,0,0
2026-09-13T23:00:00Z,CDU-A4,HALL-A,24.48,24.51,30.21,1803.0,1774.0,180.6,690.4,20.1,28.21,1222.0,50.9,82.2,0.0,17.4,86.1,21.6,0,0
2026-09-14T00:00:00Z,CDU-A4,HALL-A,24.88,25.0,30.32,1803.0,1795.0,180.6,655.1,20.1,28.31,1144.0,47.7,82.1,0.0,17.4,86.1,21.61,0,0
2026-09-14T01:00:00Z,CDU-A4,HALL-A,24.63,24.96,30.25,1785.0,1779.0,177.0,670.5,19.9,28.26,1153.0,48.0,81.3,0.0,17.0,86.1,20.97,0,0
2026-09-14T02:00:00Z,CDU-A4,HALL-A,24.57,24.6,30.26,1811.0,1803.0,182.2,688.4,19.9,28.26,1182.0,49.2,82.5,0.0,17.5,86.1,21.89,0,0
2026-09-14T03:00:00Z,CDU-A4,HALL-A,24.24,24.55,30.15,1797.0,1795.0,179.4,709.4,20.2,28.14,1281.0,53.4,81.9,0.0,17.3,86.1,21.39,0,0
2026-09-14T04:00:00Z,CDU-A4,HALL-A,24.47,24.62,30.21,1802.0,1789.0,180.5,690.8,20.0,28.21,1208.0,50.3,82.1,0.0,17.4,86.1,21.57,0,0
2026-09-14T05:00:00Z,CDU-A4,HALL-A,24.58,24.66,30.2,1797.0,1795.0,179.4,674.6,19.9,28.2,1167.0,48.6,81.9,0.0,17.3,86.1,21.4,0,0
2026-09-14T06:00:00Z,CDU-A4,HALL-A,24.7,24.7,30.39,1794.0,1782.0,178.8,682.5,20.0,28.4,1167.0,48.6,81.7,0.0,17.2,86.1,21.29,0,0
2026-09-14T07:00:00Z,CDU-A4,HALL-A,24.95,25.01,30.64,1801.0,1790.0,180.1,684.2,20.0,28.64,1137.0,47.4,82.1,0.0,17.3,86.1,21.53,0,0
2026-09-14T08:00:00Z,CDU-A4,HALL-A,24.91,25.01,30.48,1797.0,1777.0,179.3,669.2,19.9,28.49,1119.0,46.6,81.9,0.0,17.3,86.1,21.4,0,0
2026-09-14T09:00:00Z,CDU-A4,HALL-A,24.77,25.15,30.28,1820.0,1794.0,184.0,670.0,20.0,28.28,1162.0,48.4,82.9,0.0,17.7,86.1,22.21,0,0
2026-09-14T10:00:00Z,CDU-A4,HALL-A,24.71,24.72,30.3,1812.0,1807.0,182.3,676.5,20.0,28.3,1170.0,48.7,82.6,0.0,17.6,86.1,21.91,0,0
2026-09-14T11:00:00Z,CDU-A4,HALL-A,24.77,24.99,30.4,1792.0,1786.0,178.4,674.5,19.8,28.4,1125.0,46.9,81.6,0.0,17.2,86.1,21.22,0,0
2026-09-14T12:00:00Z,CDU-A4,HALL-A,24.85,25.07,30.34,1797.0,1782.0,179.4,659.6,20.2,28.34,1163.0,48.5,81.9,0.0,17.3,86.1,21.39,0,0
2026-09-14T13:00:00Z,CDU-A4,HALL-A,24.79,24.84,30.5,1788.0,1778.0,177.6,681.8,20.4,28.5,1208.0,50.3,81.5,0.0,17.2,86.1,21.08,0,0
2026-09-14T14:00:00Z,CDU-A4,HALL-A,24.6,24.73,30.44,1788.0,1769.0,177.6,697.4,19.9,28.44,1173.0,48.8,81.4,0.0,17.1,86.1,21.09,0,0
2026-09-14T15:00:00Z,CDU-A4,HALL-A,24.4,24.41,30.24,1786.0,1780.0,177.2,696.6,20.2,28.24,1244.0,51.8,81.4,0.0,17.1,86.1,21.02,0,0
2026-09-14T16:00:00Z,CDU-A4,HALL-A,24.23,24.4,30.32,1799.0,1776.0,179.8,732.2,19.8,28.32,1233.0,51.4,81.9,0.0,17.3,86.1,21.46,0,0
2026-09-14T17:00:00Z,CDU-A4,HALL-A,24.49,24.52,30.34,1813.0,1800.0,182.6,708.5,20.0,28.35,1220.0,50.9,82.6,0.0,17.6,86.1,21.97,0,0
2026-09-14T18:00:00Z,CDU-A4,HALL-A,24.78,24.84,30.26,1807.0,1791.0,181.5,661.8,20.0,28.26,1150.0,47.9,82.3,0.0,17.5,86.1,21.75,0,0
2026-09-14T19:00:00Z,CDU-A4,HALL-A,24.99,25.11,30.42,1800.0,1796.0,180.0,652.7,20.2,28.42,1140.0,47.5,82.0,0.0,17.4,86.1,21.5,0,0
2026-09-14T20:00:00Z,CDU-A4,HALL-A,24.92,25.05,30.5,1802.0,1797.0,180.4,671.4,19.7,28.49,1095.0,45.6,82.1,0.0,17.4,86.1,21.57,0,0
2026-09-14T21:00:00Z,CDU-A4,HALL-A,25.08,25.19,30.41,1803.0,1787.0,180.7,641.8,20.1,28.41,1109.0,46.2,82.1,0.0,17.4,86.1,21.61,0,0
2026-09-14T22:00:00Z,CDU-A4,HALL-A,25.05,25.23,30.3,1796.0,1788.0,179.1,630.5,19.9,28.3,1077.0,44.9,81.8,0.0,17.3,86.1,21.36,0,0
2026-09-14T23:00:00Z,CDU-A4,HALL-A,25.12,25.22,30.42,1788.0,1788.0,177.5,632.6,20.0,28.42,1079.0,44.9,81.4,0.0,17.2,86.1,21.08,0,0
2026-09-15T00:00:00Z,CDU-A4,HALL-A,24.54,24.55,30.32,1803.0,1800.0,180.5,696.6,20.1,28.33,1216.0,50.7,82.2,0.0,17.4,86.1,21.61,0,0
2026-09-15T01:00:00Z,CDU-A4,HALL-A,24.33,24.37,30.4,1803.0,1793.0,180.6,731.1,19.8,28.4,1221.0,50.9,82.1,0.0,17.4,86.1,21.6,0,0
2026-09-15T02:00:00Z,CDU-A4,HALL-A,24.65,24.68,30.49,1787.0,1785.0,177.4,697.8,19.8,28.49,1152.0,48.0,81.4,0.0,17.1,86.1,21.04,0,0
2026-09-15T03:00:00Z,CDU-A4,HALL-A,24.7,24.76,30.56,1799.0,1778.0,179.8,704.4,20.1,28.56,1195.0,49.8,81.9,0.0,17.4,86.1,21.48,0,0
2026-09-15T04:00:00Z,CDU-A4,HALL-A,24.87,24.88,30.48,1815.0,1802.0,183.0,680.8,19.9,28.49,1138.0,47.4,82.7,0.0,17.7,86.1,22.05,0,0
2026-09-15T05:00:00Z,CDU-A4,HALL-A,24.51,24.65,30.26,1808.0,1807.0,181.6,694.2,19.8,28.26,1179.0,49.1,82.4,0.0,17.6,86.1,21.78,0,0
2026-09-15T06:00:00Z,CDU-A4,HALL-A,24.66,24.76,30.38,1797.0,1792.0,179.4,687.3,20.0,28.39,1177.0,49.0,81.9,0.0,17.3,86.1,21.4,0,0
2026-09-15T07:00:00Z,CDU-A4,HALL-A,24.83,24.98,30.63,1799.0,1782.0,179.8,697.4,20.1,28.64,1174.0,48.9,82.0,0.0,17.4,86.1,21.47,0,0
2026-09-15T08:00:00Z,CDU-A4,HALL-A,24.75,24.75,30.45,1796.0,1769.0,179.2,684.5,20.0,28.45,1162.0,48.5,81.8,0.0,17.3,86.1,21.36,0,0
2026-09-15T09:00:00Z,CDU-A4,HALL-A,24.57,24.69,30.31,1805.0,1797.0,180.9,692.5,19.9,28.32,1182.0,49.2,82.2,0.0,17.5,86.1,21.68,0,0
2026-09-15T10:00:00Z,CDU-A4,HALL-A,24.37,24.44,30.46,1793.0,1789.0,178.6,729.7,20.0,28.46,1238.0,51.6,81.7,0.0,17.3,86.1,21.26,0,0
2026-09-15T11:00:00Z,CDU-A4,HALL-A,24.34,24.46,30.48,1792.0,1785.0,178.4,734.6,19.9,28.48,1230.0,51.2,81.7,0.0,17.2,86.1,21.22,0,0
2026-09-15T12:00:00Z,CDU-A4,HALL-A,24.27,24.52,30.45,1805.0,1801.0,181.0,745.1,19.8,28.45,1236.0,51.5,82.2,0.0,17.5,86.1,21.67,0,0
2026-09-15T13:00:00Z,CDU-A4,HALL-A,24.84,25.02,30.5,1791.0,1782.0,178.2,677.3,19.9,28.5,1130.0,47.1,81.6,0.0,17.2,86.1,21.19,0,0
2026-09-15T14:00:00Z,CDU-A4,HALL-A,24.69,24.76,30.56,1791.0,1786.0,178.2,702.3,20.0,28.56,1178.0,49.0,81.6,0.0,17.2,86.1,21.19,0,0
2026-09-15T15:00:00Z,CDU-A4,HALL-A,24.86,24.95,30.28,1815.0,1815.0,183.0,657.5,20.4,28.29,1198.0,49.9,82.7,0.0,17.7,86.1,22.03,0,0
2026-09-15T16:00:00Z,CDU-A4,HALL-A,24.87,25.19,30.14,1791.0,1782.0,178.2,630.9,20.0,28.14,1113.0,46.4,81.6,0.0,17.3,86.1,21.19,0,0
2026-09-15T17:00:00Z,CDU-A4,HALL-A,25.01,25.08,30.25,1791.0,1785.0,178.2,626.8,20.1,28.25,1104.0,46.1,81.6,0.0,17.2,86.1,21.18,0,0
2026-09-15T18:00:00Z,CDU-A4,HALL-A,24.96,25.01,30.26,1795.0,1788.0,179.0,635.6,20.1,28.26,1118.0,46.5,81.7,0.0,17.3,86.1,21.33,0,0
2026-09-15T19:00:00Z,CDU-A4,HALL-A,24.83,25.04,30.06,1810.0,1777.0,182.0,633.0,20.1,28.07,1141.0,47.5,82.4,0.0,17.6,86.1,21.86,0,0
2026-09-15T20:00:00Z,CDU-A4,HALL-A,24.53,24.57,30.09,1789.0,1783.0,177.9,664.8,19.9,28.09,1165.0,48.5,81.5,0.0,17.2,86.1,21.1,0,0
2026-09-15T21:00:00Z,CDU-A4,HALL-A,24.59,24.62,30.24,1797.0,1782.0,179.5,678.6,19.8,28.25,1154.0,48.1,81.8,0.0,17.4,86.1,21.39,0,0
2026-09-15T22:00:00Z,CDU-A4,HALL-A,24.95,25.2,30.4,1801.0,1796.0,180.1,655.8,20.3,28.4,1162.0,48.5,82.0,0.0,17.5,86.1,21.53,0,0
2026-09-15T23:00:00Z,CDU-A4,HALL-A,25.16,25.19,30.56,1795.0,1786.0,179.0,648.0,19.9,28.57,1074.0,44.8,81.8,0.0,17.3,86.1,21.32,0,0
2026-09-16T00:00:00Z,CDU-A4,HALL-A,25.0,25.2,30.43,1808.0,1805.0,181.6,656.2,20.0,28.43,1117.0,46.6,82.3,0.0,17.6,86.1,21.78,0,0
2026-09-16T01:00:00Z,CDU-A4,HALL-A,24.89,25.0,30.42,1795.0,1773.0,179.0,663.1,20.2,28.41,1157.0,48.3,81.8,0.0,17.4,86.1,21.32,0,0
2026-09-16T02:00:00Z,CDU-A4,HALL-A,24.84,24.91,30.43,1787.0,1769.0,177.4,667.6,20.0,28.44,1137.0,47.3,81.4,0.0,17.2,86.1,21.05,0,0
2026-09-16T03:00:00Z,CDU-A4,HALL-A,25.05,25.13,30.39,1803.0,1803.0,180.6,643.8,19.8,28.39,1075.0,44.8,82.2,0.0,17.5,86.1,21.6,0,0
2026-09-16T04:00:00Z,CDU-A4,HALL-A,25.2,25.31,30.14,1791.0,1787.0,178.2,591.2,20.2,28.14,1069.0,44.6,81.6,0.0,17.3,86.1,21.18,0,0
2026-09-16T05:00:00Z,CDU-A4,HALL-A,24.98,25.2,30.09,1803.0,1781.0,180.6,615.7,20.0,28.09,1092.0,45.5,82.1,0.0,17.5,86.1,21.61,0,0
2026-09-16T06:00:00Z,CDU-A4,HALL-A,24.9,25.08,30.19,1785.0,1772.0,177.0,630.3,20.0,28.18,1105.0,46.0,81.3,0.0,17.1,86.1,20.98,0,0
2026-09-16T07:00:00Z,CDU-A4,HALL-A,25.06,25.11,30.03,1798.0,1795.0,179.6,596.8,20.0,28.02,1067.0,44.4,81.9,0.0,17.4,86.1,21.43,0,0
2026-09-16T08:00:00Z,CDU-A4,HALL-A,24.78,24.94,30.06,1795.0,1783.0,179.0,633.4,19.8,28.06,1100.0,45.9,81.8,0.0,17.3,86.1,21.33,0,0
2026-09-16T09:00:00Z,CDU-A4,HALL-A,24.93,25.0,30.02,1802.0,1791.0,180.4,612.8,20.2,28.02,1124.0,46.8,82.1,0.0,17.5,86.1,21.57,0,0
2026-09-16T10:00:00Z,CDU-A4,HALL-A,24.94,25.0,30.24,1792.0,1784.0,178.4,635.0,20.1,28.24,1119.0,46.6,81.6,0.0,17.3,86.1,21.22,0,0
2026-09-16T11:00:00Z,CDU-A4,HALL-A,24.99,25.01,30.36,1797.0,1788.0,179.3,645.2,20.0,28.36,1107.0,46.2,81.8,0.0,17.4,86.1,21.39,0,0
2026-09-16T12:00:00Z,CDU-A4,HALL-A,25.31,25.47,30.29,1786.0,1765.0,177.2,594.0,20.0,28.29,1029.0,42.9,81.3,0.0,17.2,86.1,21.01,0,0
2026-09-16T13:00:00Z,CDU-A4,HALL-A,25.42,25.57,30.13,1795.0,1793.0,179.0,564.6,20.2,28.13,1022.0,42.6,81.8,0.0,17.4,86.1,21.33,0,0
2026-09-16T14:00:00Z,CDU-A4,HALL-A,25.47,25.69,29.86,1804.0,1801.0,180.8,528.7,20.1,27.86,979.0,40.8,82.2,0.0,17.5,86.1,21.64,0,0
2026-09-16T15:00:00Z,CDU-A4,HALL-A,25.51,25.63,30.21,1806.0,1778.0,181.2,567.0,19.8,28.22,968.0,40.3,82.3,0.0,17.6,86.1,21.71,0,0
2026-09-16T16:00:00Z,CDU-A4,HALL-A,25.24,25.24,30.1,1789.0,1787.0,177.8,581.3,19.9,28.1,1017.0,42.4,81.5,0.0,17.3,86.1,21.11,0,0
2026-09-16T17:00:00Z,CDU-A4,HALL-A,25.35,25.41,30.14,1804.0,1802.0,180.8,577.0,20.1,28.14,1031.0,42.9,82.2,0.0,17.6,86.1,21.63,0,0
2026-09-16T18:00:00Z,CDU-A4,HALL-A,25.48,25.55,30.19,1809.0,1792.0,181.8,568.8,20.1,28.19,1010.0,42.1,82.4,0.0,17.7,86.1,21.82,0,0
2026-09-16T19:00:00Z,CDU-A4,HALL-A,25.3,25.44,30.35,1803.0,1788.0,180.6,608.3,19.9,28.35,1033.0,43.0,82.1,0.0,17.5,86.1,21.61,0,0
2026-09-16T20:00:00Z,CDU-A4,HALL-A,25.18,25.46,30.7,1781.0,1762.0,176.3,656.4,19.9,28.69,1071.0,44.7,81.1,0.0,17.1,86.1,20.85,0,0
2026-09-16T21:00:00Z,CDU-A4,HALL-A,25.24,25.34,30.77,1787.0,1758.0,177.4,659.7,20.2,28.76,1105.0,46.0,81.4,0.0,17.2,86.1,21.06,0,0
2026-09-16T22:00:00Z,CDU-A4,HALL-A,25.13,25.17,30.64,1803.0,1798.0,180.6,664.0,20.2,28.64,1129.0,47.0,82.2,0.0,17.5,86.1,21.62,0,0
2026-09-16T23:00:00Z,CDU-A4,HALL-A,25.37,25.51,30.52,1799.0,1771.0,179.8,619.1,19.8,28.52,1019.0,42.5,82.0,0.0,17.5,86.1,21.47,0,0
2026-09-17T00:00:00Z,CDU-A4,HALL-A,24.91,25.03,30.6,1817.0,1798.0,183.4,690.6,20.1,28.6,1166.0,48.6,82.8,0.0,17.8,86.1,22.11,0,0
2026-09-17T01:00:00Z,CDU-A4,HALL-A,25.02,25.34,30.69,1796.0,1781.0,179.2,680.4,19.9,28.68,1110.0,46.3,36.8,45.0,17.4,86.1,21.36,0,0
2026-09-17T02:00:00Z,CDU-A4,HALL-A,24.98,24.99,30.48,1813.0,1808.0,182.6,666.5,20.0,28.48,1128.0,47.0,0.0,82.6,17.8,86.1,21.96,0,0
2026-09-17T03:00:00Z,CDU-A4,HALL-A,25.01,25.24,30.26,1796.0,1788.0,179.3,630.3,20.1,28.25,1108.0,46.1,0.0,81.8,17.4,86.1,21.36,0,0
2026-09-17T04:00:00Z,CDU-A4,HALL-A,24.85,24.88,30.26,1811.0,1768.0,182.3,654.9,19.9,28.27,1124.0,46.9,0.0,82.5,17.7,86.1,21.91,0,0
2026-09-17T05:00:00Z,CDU-A4,HALL-A,24.93,24.93,30.35,1810.0,1793.0,182.0,655.1,20.1,28.35,1140.0,47.5,0.0,82.4,17.7,86.1,21.86,0,0
2026-09-17T06:00:00Z,CDU-A4,HALL-A,25.15,25.28,30.51,1816.0,1813.0,183.3,650.4,20.0,28.52,1097.0,45.7,0.0,82.7,17.8,86.1,22.06,0,0
2026-09-17T07:00:00Z,CDU-A4,HALL-A,25.02,25.04,30.42,1806.0,1792.0,181.3,652.0,19.7,28.43,1073.0,44.7,0.0,82.3,17.6,86.1,21.72,0,0
2026-09-17T08:00:00Z,CDU-A4,HALL-A,24.99,25.05,30.6,1797.0,1790.0,179.4,673.5,20.1,28.6,1137.0,47.4,0.0,81.8,17.5,86.1,21.39,0,0
2026-09-17T09:00:00Z,CDU-A4,HALL-A,24.94,24.95,30.17,1793.0,1790.0,178.5,626.4,20.1,28.17,1114.0,46.5,0.0,81.7,17.4,86.1,21.26,0,0
2026-09-17T10:00:00Z,CDU-A4,HALL-A,24.79,24.83,30.16,1794.0,1788.0,178.7,643.3,20.0,28.16,1132.0,47.2,0.0,81.7,17.4,86.1,21.29,0,0
2026-09-17T11:00:00Z,CDU-A4,HALL-A,24.72,24.93,30.2,1782.0,1755.0,176.4,652.2,20.1,28.2,1156.0,48.2,0.0,81.2,17.2,86.1,20.88,0,0
2026-09-17T12:00:00Z,CDU-A4,HALL-A,24.73,24.78,30.46,1798.0,1786.0,179.6,688.1,20.1,28.46,1182.0,49.3,0.0,81.9,17.5,86.1,21.43,0,0
2026-09-17T13:00:00Z,CDU-A4,HALL-A,25.07,25.09,30.53,1797.0,1781.0,179.4,656.1,20.0,28.53,1103.0,46.0,0.0,81.9,17.5,86.1,21.4,0,0
2026-09-17T14:00:00Z,CDU-A4,HALL-A,25.26,25.52,30.64,1802.0,1789.0,180.4,647.2,19.9,28.63,1063.0,44.3,0.0,82.1,17.6,86.1,21.57,0,0
2026-09-17T15:00:00Z,CDU-A4,HALL-A,24.99,25.06,30.48,1809.0,1806.0,181.9,662.9,19.8,28.47,1097.0,45.6,0.0,82.4,17.7,86.1,21.81,0,0
2026-09-17T16:00:00Z,CDU-A4,HALL-A,25.27,25.3,30.27,1810.0,1801.0,182.0,604.9,20.1,28.27,1062.0,44.3,0.0,82.5,17.7,86.1,21.86,0,0
2026-09-17T17:00:00Z,CDU-A4,HALL-A,25.55,25.57,30.44,1804.0,1791.0,180.8,588.9,20.1,28.44,1014.0,42.3,0.0,82.2,17.6,86.1,21.65,0,0
2026-09-17T18:00:00Z,CDU-A4,HALL-A,25.25,25.28,30.39,1802.0,1779.0,180.4,618.2,20.0,28.39,1058.0,44.1,0.0,82.1,17.6,86.1,21.57,0,0
2026-09-17T19:00:00Z,CDU-A4,HALL-A,25.03,25.2,30.37,1798.0,1793.0,179.6,641.6,19.9,28.37,1087.0,45.3,0.0,81.9,17.5,86.1,21.43,0,0
2026-09-17T20:00:00Z,CDU-A4,HALL-A,25.55,25.75,30.72,1802.0,1793.0,180.4,622.6,20.1,28.72,1036.0,43.3,0.0,82.1,17.5,86.1,21.57,0,0
2026-09-17T21:00:00Z,CDU-A4,HALL-A,25.37,25.45,30.65,1790.0,1776.0,177.9,631.5,20.3,28.65,1086.0,45.2,0.0,81.6,17.3,86.1,21.13,0,0
2026-09-17T22:00:00Z,CDU-A4,HALL-A,25.14,25.21,30.19,1813.0,1809.0,182.6,611.5,20.1,28.19,1085.0,45.2,0.0,82.6,17.8,86.1,21.96,0,0
2026-09-17T23:00:00Z,CDU-A4,HALL-A,25.33,25.39,30.34,1820.0,1816.0,184.0,609.1,20.0,28.34,1049.0,43.7,0.0,82.9,18.0,86.1,22.22,0,0
2026-09-18T00:00:00Z,CDU-A4,HALL-A,25.13,25.13,30.4,1780.0,1773.0,176.1,627.1,20.0,28.4,1071.0,44.6,0.0,81.1,17.2,86.1,20.8,0,0
2026-09-18T01:00:00Z,CDU-A4,HALL-A,25.49,25.73,30.56,1808.0,1788.0,181.6,612.4,20.3,28.57,1065.0,44.3,0.0,82.4,17.7,86.1,21.78,0,0
2026-09-18T02:00:00Z,CDU-A4,HALL-A,25.23,25.44,30.58,1795.0,1782.0,179.0,641.7,20.0,28.58,1073.0,44.7,0.0,81.8,17.5,86.1,21.32,0,0
2026-09-18T03:00:00Z,CDU-A4,HALL-A,25.07,25.16,30.61,1792.0,1779.0,178.4,663.4,20.0,28.61,1106.0,46.1,0.0,81.6,17.4,86.1,21.22,0,0
2026-09-18T04:00:00Z,CDU-A4,HALL-A,25.06,25.18,30.57,1803.0,1780.0,180.6,664.1,19.9,28.57,1098.0,45.7,0.0,82.1,17.6,86.1,21.61,0,0
2026-09-18T05:00:00Z,CDU-A4,HALL-A,24.9,25.23,30.51,1810.0,1799.0,182.0,678.2,19.9,28.51,1131.0,47.1,0.0,82.5,17.8,86.1,21.85,0,0
2026-09-18T06:00:00Z,CDU-A4,HALL-A,25.04,25.16,30.52,1814.0,1801.0,182.8,663.6,20.1,28.51,1131.0,47.2,0.0,82.6,17.8,86.1,22.01,0,0
2026-09-18T07:00:00Z,CDU-A4,HALL-A,24.86,24.99,30.33,1802.0,1766.0,180.4,658.7,20.0,28.33,1135.0,47.3,0.0,82.1,17.6,86.1,21.58,0,0
2026-09-18T08:00:00Z,CDU-A4,HALL-A,24.83,25.3,30.15,1820.0,1815.0,184.0,647.4,19.9,28.16,1127.0,47.0,0.0,82.9,18.0,86.1,22.22,0,0
2026-09-18T09:00:00Z,CDU-A4,HALL-A,24.81,24.86,30.15,1804.0,1802.0,180.8,643.6,20.1,28.15,1148.0,47.9,0.0,82.2,17.7,86.1,21.64,0,0
2026-09-18T10:00:00Z,CDU-A4,HALL-A,25.14,25.39,30.17,1809.0,1802.0,181.8,608.4,19.8,28.18,1043.0,43.5,0.0,82.4,17.8,86.1,21.82,0,0
2026-09-18T11:00:00Z,CDU-A4,HALL-A,24.76,24.92,29.94,1771.0,1729.0,174.2,613.4,19.9,27.95,1095.0,45.7,0.0,80.7,17.0,86.1,20.51,0,0
2026-09-18T12:00:00Z,CDU-A4,HALL-A,24.81,24.93,30.23,1798.0,1782.0,179.6,651.1,20.1,28.23,1149.0,47.9,0.0,81.9,17.5,86.1,21.43,0,0
2026-09-18T13:00:00Z,CDU-A4,HALL-A,24.88,24.93,30.54,1798.0,1794.0,179.6,680.0,20.2,28.54,1170.0,48.8,0.0,81.9,17.5,86.1,21.43,0,0
2026-09-18T14:00:00Z,CDU-A4,HALL-A,24.84,24.86,30.54,1810.0,1794.0,181.9,689.7,20.2,28.54,1186.0,49.4,0.0,82.5,17.8,86.1,21.87,0,0
2026-09-18T15:00:00Z,CDU-A4,HALL-A,24.72,24.77,30.5,1808.0,1800.0,181.6,698.8,20.1,28.51,1194.0,49.8,0.0,82.4,17.8,86.1,21.79,0,0
2026-09-18T16:00:00Z,CDU-A4,HALL-A,24.81,24.83,30.54,1794.0,1794.0,178.8,686.4,20.0,28.54,1154.0,48.1,0.0,81.7,17.5,86.1,21.29,0,0
2026-09-18T17:00:00Z,CDU-A4,HALL-A,24.51,24.7,30.21,1798.0,1786.0,179.6,685.0,20.1,28.21,1212.0,50.5,0.0,81.9,17.6,86.1,21.43,9,0
2026-09-18T18:00:00Z,CDU-A4,HALL-A,24.48,24.56,30.14,1821.0,1814.0,184.3,688.5,20.1,28.15,1230.0,51.2,0.0,83.0,18.0,85.6,22.25,60,0
2026-09-18T19:00:00Z,CDU-A4,HALL-A,24.69,24.75,29.96,1804.0,1795.0,180.8,635.3,19.9,27.97,1131.0,47.1,0.0,82.2,17.7,85.0,21.65,26,0
2026-09-18T20:00:00Z,CDU-A4,HALL-A,24.56,24.66,29.88,1802.0,1786.0,180.4,640.0,20.0,27.88,1166.0,48.6,0.0,82.1,17.6,86.1,21.58,0,0
2026-09-18T21:00:00Z,CDU-A4,HALL-A,24.7,24.9,30.33,1798.0,1792.0,179.7,676.0,19.9,28.32,1151.0,48.0,0.0,81.9,17.6,86.1,21.43,0,0
2026-09-18T22:00:00Z,CDU-A4,HALL-A,25.11,25.34,30.42,1798.0,1791.0,179.6,637.8,20.1,28.41,1100.0,45.8,0.0,81.9,17.6,86.1,21.43,0,0
2026-09-18T23:00:00Z,CDU-A4,HALL-A,25.31,25.43,30.62,1806.0,1798.0,181.1,640.8,19.9,28.62,1055.0,44.0,0.0,82.3,17.7,86.1,21.71,0,0
2026-09-19T00:00:00Z,CDU-A4,HALL-A,24.69,24.73,30.5,1809.0,1803.0,181.8,702.6,20.1,28.51,1201.0,50.1,0.0,82.4,17.8,86.1,21.82,0,0
2026-09-19T01:00:00Z,CDU-A4,HALL-A,24.43,24.49,30.3,1796.0,1777.0,179.2,704.5,20.2,28.3,1248.0,52.0,0.0,81.8,17.6,86.1,21.37,0,0
2026-09-19T02:00:00Z,CDU-A4,HALL-A,24.87,24.97,30.37,1798.0,1767.0,179.6,661.0,19.8,28.37,1106.0,46.1,0.0,81.9,17.6,86.1,21.43,0,0
2026-09-19T03:00:00Z,CDU-A4,HALL-A,24.98,25.13,30.65,1811.0,1806.0,182.3,686.1,20.2,28.65,1165.0,48.6,0.0,82.5,17.8,86.1,21.88,0,0
2026-09-19T04:00:00Z,CDU-A4,HALL-A,25.31,25.61,30.7,1804.0,1786.0,180.8,649.1,20.2,28.7,1097.0,45.7,0.0,82.2,17.7,86.1,21.65,0,0
2026-09-19T05:00:00Z,CDU-A4,HALL-A,25.3,25.37,30.6,1817.0,1814.0,183.4,643.1,20.0,28.59,1073.0,44.7,0.0,82.8,18.0,86.1,22.11,0,0
2026-09-19T06:00:00Z,CDU-A4,HALL-A,25.15,25.34,30.4,1799.0,1797.0,179.9,631.1,19.8,28.4,1053.0,44.0,0.0,81.9,17.6,86.1,21.47,0,0
2026-09-19T07:00:00Z,CDU-A4,HALL-A,25.23,25.31,30.49,1795.0,1794.0,179.1,631.1,20.0,28.5,1067.0,44.5,0.0,81.8,17.5,86.1,21.32,0,0
2026-09-19T08:00:00Z,CDU-A4,HALL-A,25.29,25.38,30.52,1810.0,1779.0,182.0,632.1,20.0,28.52,1065.0,44.5,0.0,82.5,17.8,86.1,21.86,0,0
2026-09-19T09:00:00Z,CDU-A4,HALL-A,25.48,25.61,30.45,1798.0,1795.0,179.6,596.5,20.0,28.45,1014.0,42.3,0.0,81.9,17.6,86.1,21.44,0,0
2026-09-19T10:00:00Z,CDU-A4,HALL-A,25.24,25.53,30.64,1811.0,1797.0,182.3,653.8,20.0,28.64,1086.0,45.2,0.0,82.5,17.9,86.1,21.89,0,0
2026-09-19T11:00:00Z,CDU-A4,HALL-A,25.22,25.39,30.56,1797.0,1795.0,179.4,641.0,19.9,28.56,1063.0,44.3,0.0,81.9,17.6,86.1,21.4,0,0
2026-09-19T12:00:00Z,CDU-A4,HALL-A,25.11,25.13,30.41,1798.0,1794.0,179.6,636.3,20.1,28.42,1100.0,45.8,0.0,81.9,17.6,86.1,21.43,0,0
2026-09-19T13:00:00Z,CDU-A4,HALL-A,25.09,25.18,30.09,1808.0,1804.0,181.6,604.2,20.0,28.1,1072.0,44.6,0.0,82.4,17.8,86.1,21.78,0,0
2026-09-19T14:00:00Z,CDU-A4,HALL-A,24.84,24.95,29.77,1804.0,1765.0,180.8,594.0,19.9,27.77,1083.0,45.2,0.0,82.2,17.7,86.1,21.65,0,0
2026-09-19T15:00:00Z,CDU-A4,HALL-A,24.98,25.03,30.03,1803.0,1787.0,180.6,608.8,20.1,28.03,1101.0,45.8,0.0,82.1,17.7,86.1,21.6,0,0
2026-09-19T16:00:00Z,CDU-A4,HALL-A,24.78,24.81,30.11,1813.0,1807.0,182.6,645.2,20.1,28.11,1157.0,48.2,0.0,82.6,17.9,86.1,21.96,0,0
2026-09-19T17:00:00Z,CDU-A4,HALL-A,24.45,24.48,30.18,1811.0,1791.0,182.2,692.9,20.2,28.18,1247.0,52.0,0.0,82.5,17.9,86.1,21.9,0,0
2026-09-19T18:00:00Z,CDU-A4,HALL-A,24.32,24.42,30.16,1810.0,1803.0,182.0,705.8,19.9,28.16,1227.0,51.1,0.0,82.5,17.9,86.1,21.85,0,0
2026-09-19T19:00:00Z,CDU-A4,HALL-A,24.34,24.6,30.26,1791.0,1769.0,178.1,708.1,19.9,28.27,1217.0,50.7,0.0,81.6,17.5,86.1,21.18,0,0
2026-09-19T20:00:00Z,CDU-A4,HALL-A,24.46,24.7,30.23,1797.0,1784.0,179.4,693.2,20.0,28.24,1209.0,50.4,0.0,81.9,17.6,86.1,21.41,0,0
2026-09-19T21:00:00Z,CDU-A4,HALL-A,24.3,24.37,30.1,1793.0,1781.0,178.6,695.1,19.7,28.11,1188.0,49.5,0.0,81.6,17.5,86.1,21.26,0,0
2026-09-19T22:00:00Z,CDU-A4,HALL-A,24.47,24.57,30.16,1781.0,1757.0,176.2,677.3,20.0,28.16,1191.0,49.6,0.0,81.1,17.3,86.1,20.84,0,0
2026-09-19T23:00:00Z,CDU-A4,HALL-A,24.6,24.67,30.28,1801.0,1800.0,180.2,683.1,20.1,28.28,1199.0,49.9,0.0,82.0,17.7,86.1,21.54,0,0
2026-09-20T00:00:00Z,CDU-A4,HALL-A,24.5,24.71,29.93,1799.0,1780.0,179.8,652.5,19.8,27.93,1153.0,48.0,0.0,81.9,17.6,86.1,21.47,0,0
2026-09-20T01:00:00Z,CDU-A4,HALL-A,24.59,24.89,30.03,1811.0,1808.0,182.2,658.2,19.9,28.03,1162.0,48.5,0.0,82.5,17.9,86.1,21.89,0,0
2026-09-20T02:00:00Z,CDU-A4,HALL-A,24.62,24.74,29.96,1799.0,1776.0,179.8,642.0,19.8,27.96,1129.0,47.1,0.0,81.9,17.7,86.1,21.45,0,0
2026-09-20T03:00:00Z,CDU-A4,HALL-A,24.7,24.86,30.18,1805.0,1794.0,181.0,661.1,20.1,28.18,1174.0,48.9,0.0,82.2,17.8,86.1,21.68,0,0
2026-09-20T04:00:00Z,CDU-A4,HALL-A,24.71,24.75,30.39,1802.0,1785.0,180.5,683.5,19.6,28.39,1116.0,46.5,0.0,82.1,17.7,86.1,21.58,0,0
2026-09-20T05:00:00Z,CDU-A4,HALL-A,24.55,24.71,30.25,1801.0,1800.0,180.2,686.2,19.8,28.26,1165.0,48.6,0.0,82.0,17.7,86.1,21.54,0,0
2026-09-20T06:00:00Z,CDU-A4,HALL-A,24.75,24.81,30.38,1801.0,1800.0,180.2,677.3,19.9,28.37,1146.0,47.8,0.0,82.0,17.7,86.1,21.54,0,0
2026-09-20T07:00:00Z,CDU-A4,HALL-A,24.83,24.86,30.42,1810.0,1799.0,182.0,675.8,20.2,28.42,1180.0,49.1,0.0,82.5,17.9,86.1,21.85,0,0
2026-09-20T08:00:00Z,CDU-A4,HALL-A,24.74,24.77,30.39,1788.0,1770.0,177.6,674.6,19.9,28.39,1141.0,47.6,0.0,81.5,17.5,86.1,21.08,0,0
2026-09-20T09:00:00Z,CDU-A4,HALL-A,24.68,24.71,30.29,1822.0,1794.0,184.4,683.2,20.1,28.29,1197.0,49.9,0.0,83.0,18.1,86.1,22.29,0,0
2026-09-20T10:00:00Z,CDU-A4,HALL-A,24.34,24.35,30.18,1818.0,1815.0,183.7,709.5,20.2,28.17,1275.0,53.2,0.0,82.8,18.1,86.1,22.13,0,0
2026-09-20T11:00:00Z,CDU-A4,HALL-A,24.83,25.1,30.42,1810.0,1798.0,182.0,675.5,19.9,28.42,1140.0,47.5,0.0,82.5,17.9,86.1,21.85,0,0
2026-09-20T12:00:00Z,CDU-A4,HALL-A,25.02,25.2,30.43,1808.0,1799.0,181.6,653.4,19.8,28.42,1086.0,45.2,0.0,82.4,17.9,86.1,21.79,0,0
2026-09-20T13:00:00Z,CDU-A4,HALL-A,24.74,24.82,30.36,1810.0,1798.0,182.0,679.5,20.0,28.36,1167.0,48.6,0.0,82.5,17.9,86.1,21.85,0,0
2026-09-20T14:00:00Z,CDU-A4,HALL-A,24.85,25.01,30.61,1786.0,1768.0,177.2,687.6,19.9,28.61,1133.0,47.2,0.0,81.3,17.4,86.1,21.02,0,0
2026-09-20T15:00:00Z,CDU-A4,HALL-A,24.94,25.2,30.8,1784.0,1749.0,176.8,699.0,19.9,28.81,1127.0,46.9,0.0,81.3,17.4,86.1,20.95,0,0
2026-09-20T16:00:00Z,CDU-A4,HALL-A,25.17,25.28,30.65,1818.0,1816.0,183.7,665.0,20.2,28.65,1130.0,47.0,0.0,82.8,18.1,86.1,22.14,0,0
2026-09-20T17:00:00Z,CDU-A4,HALL-A,25.05,25.08,30.69,1794.0,1778.0,178.8,675.6,20.0,28.68,1116.0,46.5,0.0,81.7,17.6,86.1,21.29,0,0
2026-09-20T18:00:00Z,CDU-A4,HALL-A,24.92,24.95,30.68,1798.0,1797.0,179.6,692.4,20.0,28.69,1145.0,47.7,0.0,81.9,17.7,86.1,21.43,0,0
2026-09-20T19:00:00Z,CDU-A4,HALL-A,24.65,24.73,30.49,1797.0,1790.0,179.4,700.9,20.2,28.49,1214.0,50.6,0.0,81.9,17.7,86.1,21.4,0,0
2026-09-20T20:00:00Z,CDU-A4,HALL-A,24.82,25.09,30.55,1805.0,1790.0,181.0,690.9,19.9,28.54,1146.0,47.8,0.0,82.2,17.8,86.1,21.68,0,0
2026-09-20T21:00:00Z,CDU-A4,HALL-A,24.79,24.94,30.4,1811.0,1798.0,182.3,679.4,20.0,28.4,1160.0,48.3,0.0,82.5,17.9,86.1,21.9,0,0
2026-09-20T22:00:00Z,CDU-A4,HALL-A,24.8,24.84,30.55,1793.0,1760.0,178.6,689.1,20.2,28.55,1184.0,49.4,0.0,81.7,17.6,86.1,21.26,0,0
2026-09-20T23:00:00Z,CDU-A4,HALL-A,24.84,24.85,30.55,1789.0,1781.0,177.8,682.5,20.1,28.55,1159.0,48.3,0.0,81.5,17.5,86.1,21.12,0,0
2026-09-21T00:00:00Z,CDU-A4,HALL-A,24.42,24.83,30.35,1794.0,1789.0,178.8,710.5,20.2,28.35,1252.0,52.1,0.0,81.8,17.6,86.1,21.28,0,0
2026-09-21T01:00:00Z,CDU-A4,HALL-A,24.56,24.62,30.68,1789.0,1785.0,177.8,731.1,19.9,28.68,1196.0,49.8,0.0,81.5,17.5,86.1,21.11,0,0
2026-09-21T02:00:00Z,CDU-A4,HALL-A,24.61,24.73,30.75,1807.0,1798.0,181.4,740.8,20.0,28.74,1216.0,50.7,0.0,82.3,17.9,86.1,21.75,0,0
2026-09-21T03:00:00Z,CDU-A4,HALL-A,24.74,24.75,30.85,1805.0,1802.0,181.1,736.4,20.3,28.85,1237.0,51.5,0.0,82.2,17.8,86.1,21.68,0,0
2026-09-21T04:00:00Z,CDU-A4,HALL-A,25.25,25.39,30.79,1800.0,1789.0,180.0,666.4,20.0,28.8,1088.0,45.4,0.0,82.0,17.7,86.1,21.5,0,0
2026-09-21T05:00:00Z,CDU-A4,HALL-A,25.06,25.44,30.7,1813.0,1798.0,182.7,683.0,19.8,28.7,1102.0,45.9,0.0,82.6,18.0,86.1,21.96,0,0
2026-09-21T06:00:00Z,CDU-A4,HALL-A,24.95,25.03,30.76,1807.0,1789.0,181.4,701.1,19.9,28.76,1136.0,47.4,0.0,82.3,17.9,86.1,21.74,0,0
2026-09-21T07:00:00Z,CDU-A4,HALL-A,24.98,25.18,30.7,1794.0,1759.0,178.8,685.1,19.9,28.7,1118.0,46.5,0.0,81.8,17.6,86.1,21.29,0,0
2026-09-21T08:00:00Z,CDU-A4,HALL-A,25.21,25.24,30.54,1808.0,1805.0,181.6,644.3,19.9,28.55,1070.0,44.7,0.0,82.3,17.9,86.1,21.78,0,0
2026-09-21T09:00:00Z,CDU-A4,HALL-A,25.3,25.31,30.59,1796.0,1760.0,179.2,634.4,20.1,28.59,1073.0,44.7,0.0,81.8,17.7,86.1,21.37,0,0
2026-09-21T10:00:00Z,CDU-A4,HALL-A,25.16,25.29,30.4,1802.0,1794.0,180.3,630.6,20.1,28.39,1090.0,45.4,0.0,82.1,17.8,86.1,21.57,0,0
2026-09-21T11:00:00Z,CDU-A4,HALL-A,25.08,25.17,30.43,1788.0,1782.0,177.6,639.0,19.9,28.43,1075.0,44.7,0.0,81.5,17.5,86.1,21.08,0,0
2026-09-21T12:00:00Z,CDU-A4,HALL-A,25.08,25.33,30.53,1788.0,1769.0,177.6,650.5,20.0,28.52,1095.0,45.6,0.0,81.4,17.6,86.1,21.08,0,0
2026-09-21T13:00:00Z,CDU-A4,HALL-A,25.04,25.18,30.29,1794.0,1784.0,178.8,629.3,20.0,28.29,1089.0,45.4,0.0,81.8,17.7,86.1,21.29,0,0
2026-09-21T14:00:00Z,CDU-A4,HALL-A,25.04,25.13,30.52,1809.0,1807.0,181.8,662.8,20.0,28.53,1116.0,46.5,0.0,82.4,17.9,86.1,21.81,0,0
2026-09-21T15:00:00Z,CDU-A4,HALL-A,25.11,25.16,30.38,1800.0,1788.0,180.0,634.2,20.1,28.38,1099.0,45.8,0.0,82.0,17.8,86.1,21.5,0,0
2026-09-21T16:00:00Z,CDU-A4,HALL-A,25.04,25.16,30.45,1793.0,1792.0,178.6,648.5,19.9,28.45,1088.0,45.4,0.0,81.7,17.6,86.1,21.26,0,0
2026-09-21T17:00:00Z,CDU-A4,HALL-A,25.09,25.12,30.14,1783.0,1770.0,176.6,602.1,19.9,28.14,1048.0,43.7,0.0,81.2,17.4,86.1,20.91,0,0
2026-09-21T18:00:00Z,CDU-A4,HALL-A,24.7,24.73,30.29,1796.0,1786.0,179.2,670.4,20.2,28.28,1190.0,49.5,0.0,81.8,17.7,86.1,21.37,0,0
2026-09-21T19:00:00Z,CDU-A4,HALL-A,24.69,24.88,30.33,1804.0,1801.0,180.8,679.5,20.0,28.33,1171.0,48.8,0.0,82.2,17.9,86.1,21.64,0,0
2026-09-21T20:00:00Z,CDU-A4,HALL-A,24.39,24.46,30.34,1801.0,1786.0,180.3,715.4,19.9,28.34,1218.0,50.7,0.0,82.0,17.8,86.1,21.54,0,0
2026-09-21T21:00:00Z,CDU-A4,HALL-A,24.73,24.8,30.55,1805.0,1782.0,181.0,701.8,20.1,28.55,1192.0,49.6,0.0,82.2,17.9,86.1,21.68,0,0
2026-09-21T22:00:00Z,CDU-A4,HALL-A,24.62,24.65,30.55,1800.0,1776.0,180.0,713.1,19.9,28.55,1183.0,49.2,0.0,82.0,17.8,86.1,21.51,0,0
2026-09-21T23:00:00Z,CDU-A4,HALL-A,24.9,25.01,30.36,1796.0,1776.0,179.1,655.2,20.0,28.36,1125.0,46.8,0.0,81.8,17.7,86.1,21.36,0,0
2026-09-22T00:00:00Z,CDU-A4,HALL-A,24.8,24.82,30.29,1811.0,1793.0,182.3,664.2,19.9,28.29,1136.0,47.4,0.0,82.5,18.0,86.1,21.89,0,0
2026-09-22T01:00:00Z,CDU-A4,HALL-A,25.06,25.18,30.46,1780.0,1767.0,176.0,641.9,20.1,28.45,1102.0,45.9,0.0,81.1,17.4,86.1,20.8,0,0
2026-09-22T02:00:00Z,CDU-A4,HALL-A,25.1,25.27,30.56,1803.0,1771.0,180.6,657.2,19.7,28.56,1065.0,44.4,0.0,82.1,17.9,86.1,21.6,0,0
2026-09-22T03:00:00Z,CDU-A4,HALL-A,25.11,25.32,30.68,1766.0,1755.0,173.2,657.1,20.1,28.68,1099.0,45.8,0.0,80.5,17.1,86.1,20.33,0,0
2026-09-22T04:00:00Z,CDU-A4,HALL-A,24.95,24.99,30.51,1797.0,1795.0,179.4,667.8,20.0,28.51,1126.0,46.9,0.0,81.8,17.8,86.1,21.4,0,0
2026-09-22T05:00:00Z,CDU-A4,HALL-A,24.99,25.13,30.28,1798.0,1793.0,179.6,635.8,20.2,28.28,1129.0,47.0,0.0,81.9,17.8,86.1,21.43,0,0
2026-09-22T06:00:00Z,CDU-A4,HALL-A,24.6,24.64,29.97,1811.0,1809.0,182.3,649.3,19.8,27.97,1141.0,47.6,0.0,82.5,18.0,86.1,21.89,0,0
2026-09-22T07:00:00Z,CDU-A4,HALL-A,24.53,24.65,29.96,1805.0,1776.0,181.0,654.8,20.0,27.96,1181.0,49.1,0.0,82.2,17.9,86.1,21.69,0,0
2026-09-22T08:00:00Z,CDU-A4,HALL-A,24.39,24.48,30.07,1800.0,1790.0,180.0,682.5,19.9,28.07,1200.0,50.0,0.0,82.0,17.8,86.1,21.5,0,0
2026-09-22T09:00:00Z,CDU-A4,HALL-A,24.56,24.68,30.13,1803.0,1773.0,180.6,670.7,20.1,28.13,1199.0,50.0,0.0,82.1,17.9,86.1,21.61,0,0
2026-09-22T10:00:00Z,CDU-A4,HALL-A,24.8,24.91,30.34,1804.0,1789.0,180.8,667.9,19.8,28.34,1122.0,46.7,0.0,82.2,17.9,86.1,21.65,0,0
2026-09-22T11:00:00Z,CDU-A4,HALL-A,24.88,24.9,30.59,1784.0,1777.0,176.8,680.0,19.9,28.58,1124.0,46.8,0.0,81.2,17.5,86.1,20.94,0,0
2026-09-22T12:00:00Z,CDU-A4,HALL-A,24.88,25.0,30.5,1782.0,1758.0,176.4,668.6,19.9,28.5,1117.0,46.5,0.0,81.2,17.5,86.1,20.88,0,0
2026-09-22T13:00:00Z,CDU-A4,HALL-A,24.74,24.79,30.39,1803.0,1794.0,180.6,680.4,19.9,28.39,1150.0,47.9,0.0,82.1,17.9,86.1,21.61,0,0
2026-09-22T14:00:00Z,CDU-A4,HALL-A,24.85,24.96,30.47,1813.0,1785.0,182.7,680.4,19.8,28.47,1127.0,47.0,0.0,82.6,18.1,86.1,21.96,0,0
2026-09-22T15:00:00Z,CDU-A4,HALL-A,24.76,25.08,30.19,1787.0,1772.0,177.4,648.4,20.1,28.19,1150.0,47.9,0.0,81.4,17.6,86.1,21.05,0,0
2026-09-22T16:00:00Z,CDU-A4,HALL-A,25.0,25.01,30.25,1806.0,1804.0,181.2,633.8,20.2,28.25,1129.0,47.0,0.0,82.3,18.0,86.1,21.71,0,0
2026-09-22T17:00:00Z,CDU-A4,HALL-A,25.03,25.3,30.16,1816.0,1779.0,183.3,623.1,20.2,28.16,1122.0,46.8,0.0,82.7,18.2,86.1,22.07,0,0
2026-09-22T18:00:00Z,CDU-A4,HALL-A,24.86,24.93,30.18,1811.0,1810.0,182.2,643.9,20.0,28.19,1130.0,47.1,0.0,82.5,18.1,86.1,21.9,0,0
2026-09-22T19:00:00Z,CDU-A4,HALL-A,24.81,24.96,30.33,1814.0,1811.0,182.8,668.6,19.9,28.33,1139.0,47.4,0.0,82.6,18.1,86.1,22.0,0,0
2026-09-22T20:00:00Z,CDU-A4,HALL-A,24.6,24.74,30.21,1795.0,1780.0,179.0,672.6,20.2,28.21,1205.0,50.3,0.0,81.8,17.7,86.1,21.33,0,0
2026-09-22T21:00:00Z,CDU-A4,HALL-A,24.52,24.68,30.29,1784.0,1776.0,176.8,688.3,19.9,28.3,1176.0,49.0,0.0,81.3,17.6,86.1,20.95,0,0
2026-09-22T22:00:00Z,CDU-A4,HALL-A,24.31,24.38,30.45,1800.0,1779.0,180.1,738.2,19.8,28.45,1225.0,51.1,0.0,82.0,17.9,86.1,21.5,0,0
2026-09-22T23:00:00Z,CDU-A4,HALL-A,24.15,24.18,30.12,1805.0,1796.0,181.0,720.1,19.9,28.12,1257.0,52.5,0.0,82.2,18.0,86.1,21.68,0,0
2026-09-23T00:00:00Z,CDU-A4,HALL-A,24.3,24.48,30.28,1797.0,1795.0,179.4,717.8,20.1,28.27,1259.0,52.5,0.0,81.8,17.8,86.1,21.39,0,0
2026-09-23T01:00:00Z,CDU-A4,HALL-A,24.46,24.48,30.14,1794.0,1783.0,178.8,681.1,20.0,28.15,1201.0,50.1,0.0,81.7,17.7,86.1,21.29,0,0
2026-09-23T02:00:00Z,CDU-A4,HALL-A,24.55,24.71,30.27,1814.0,1785.0,182.9,693.3,19.8,28.27,1175.0,49.0,0.0,82.7,18.1,86.1,22.0,0,0
2026-09-23T03:00:00Z,CDU-A4,HALL-A,24.67,24.81,30.18,1809.0,1799.0,181.8,665.7,19.9,28.17,1154.0,48.1,0.0,82.4,18.0,86.1,21.82,0,0
2026-09-23T04:00:00Z,CDU-A4,HALL-A,24.67,24.81,30.1,1821.0,1813.0,184.2,661.0,20.0,28.11,1171.0,48.8,0.0,83.0,18.3,86.1,22.25,0,0
2026-09-23T05:00:00Z,CDU-A4,HALL-A,24.63,24.67,30.3,1812.0,1794.0,182.4,686.4,19.9,28.29,1173.0,48.9,0.0,82.6,18.1,86.1,21.92,0,0
2026-09-23T06:00:00Z,CDU-A4,HALL-A,24.79,24.81,30.38,1803.0,1789.0,180.5,673.7,20.0,28.38,1153.0,48.1,0.0,82.2,18.0,86.1,21.61,0,0
2026-09-23T07:00:00Z,CDU-A4,HALL-A,24.84,25.06,30.41,1808.0,1778.0,181.6,672.4,20.1,28.41,1162.0,48.4,0.0,82.4,18.0,86.1,21.79,0,0
2026-09-23T08:00:00Z,CDU-A4,HALL-A,24.57,24.65,30.49,1800.0,1777.0,180.0,711.5,20.0,28.48,1203.0,50.1,0.0,82.0,17.9,86.1,21.51,0,0
2026-09-23T09:00:00Z,CDU-A4,HALL-A,24.83,24.92,30.63,1800.0,1762.0,180.1,697.3,20.1,28.63,1174.0,48.9,0.0,82.0,17.9,86.1,21.51,0,0
2026-09-23T10:00:00Z,CDU-A4,HALL-A,24.9,24.91,30.53,1783.0,1780.0,176.7,670.7,20.1,28.53,1142.0,47.6,0.0,81.2,17.5,86.1,20.92,0,0
2026-09-23T11:00:00Z,CDU-A4,HALL-A,24.89,25.04,30.47,1797.0,1796.0,179.4,670.2,19.9,28.47,1122.0,46.7,0.0,81.9,17.8,86.1,21.4,0,0
2026-09-23T12:00:00Z,CDU-A4,HALL-A,25.35,25.55,30.52,1805.0,1797.0,181.0,623.2,19.9,28.52,1038.0,43.2,0.0,82.3,18.0,86.1,21.67,0,0
2026-09-23T13:00:00Z,CDU-A4,HALL-A,24.97,25.05,30.24,1795.0,1778.0,179.0,632.3,20.2,28.24,1129.0,47.0,0.0,81.8,17.8,86.1,21.32,0,0
2026-09-23T14:00:00Z,CDU-A4,HALL-A,25.25,25.28,30.5,1777.0,1750.0,175.4,623.5,20.5,28.5,1118.0,46.6,0.0,81.0,17.4,86.1,20.7,0,0
2026-09-23T15:00:00Z,CDU-A4,HALL-A,24.98,25.08,30.47,1797.0,1791.0,179.4,658.7,20.0,28.46,1116.0,46.5,0.0,81.9,17.8,86.1,21.41,0,0
2026-09-23T16:00:00Z,CDU-A4,HALL-A,24.94,24.95,30.45,1779.0,1760.0,175.9,654.7,20.1,28.45,1126.0,46.9,0.0,81.0,17.5,86.1,20.77,0,0
2026-09-23T17:00:00Z,CDU-A4,HALL-A,24.95,25.02,30.48,1793.0,1765.0,178.6,662.7,19.8,28.48,1095.0,45.6,0.0,81.7,17.8,86.1,21.26,0,0
2026-09-23T18:00:00Z,CDU-A4,HALL-A,24.92,25.21,30.52,1772.0,1763.0,174.4,662.9,19.9,28.52,1104.0,45.9,0.0,80.7,17.4,86.1,20.53,0,0
2026-09-23T19:00:00Z,CDU-A4,HALL-A,24.84,24.87,30.64,1784.0,1770.0,176.8,691.3,20.3,28.65,1190.0,49.6,0.0,81.3,17.6,86.1,20.95,0,0
2026-09-23T20:00:00Z,CDU-A4,HALL-A,24.8,24.85,30.47,1795.0,1787.0,179.0,680.1,19.8,28.47,1126.0,46.9,0.0,81.8,17.8,86.1,21.32,0,0
2026-09-23T21:00:00Z,CDU-A4,HALL-A,24.82,25.0,30.54,1795.0,1791.0,179.0,685.4,20.1,28.53,1166.0,48.5,0.0,81.7,17.8,86.1,21.32,0,0
2026-09-23T22:00:00Z,CDU-A4,HALL-A,24.92,24.97,30.36,1805.0,1802.0,181.0,656.3,20.1,28.36,1140.0,47.5,0.0,82.2,18.0,86.1,21.67,0,0
2026-09-23T23:00:00Z,CDU-A4,HALL-A,24.9,24.94,30.36,1795.0,1785.0,179.0,654.4,20.0,28.36,1124.0,46.8,0.0,81.8,17.8,86.1,21.34,0,0
2026-09-24T00:00:00Z,CDU-A4,HALL-A,24.99,25.11,30.33,1784.0,1764.0,176.8,636.5,20.2,28.33,1124.0,46.9,0.0,81.3,17.6,86.1,20.95,0,0
2026-09-24T01:00:00Z,CDU-A4,HALL-A,25.14,25.27,30.27,1804.0,1800.0,180.8,618.4,20.1,28.27,1086.0,45.2,45.2,37.0,18.0,86.1,21.63,0,0
2026-09-24T02:00:00Z,CDU-A4,HALL-A,25.05,25.06,30.5,1791.0,1789.0,178.2,651.9,20.3,28.5,1141.0,47.6,81.6,0.0,17.7,86.1,21.17,0,0
2026-09-24T03:00:00Z,CDU-A4,HALL-A,25.21,25.27,30.22,1797.0,1791.0,179.4,601.4,19.9,28.22,1038.0,43.2,81.9,0.0,17.9,86.1,21.4,0,0
2026-09-24T04:00:00Z,CDU-A4,HALL-A,25.15,25.16,30.23,1800.0,1794.0,180.0,611.5,20.0,28.24,1066.0,44.4,82.0,0.0,17.9,86.1,21.5,0,0
2026-09-24T05:00:00Z,CDU-A4,HALL-A,25.18,25.35,30.43,1803.0,1788.0,180.6,631.9,20.1,28.44,1090.0,45.4,82.1,0.0,18.0,86.1,21.61,0,0
2026-09-24T06:00:00Z,CDU-A4,HALL-A,25.15,25.18,30.36,1798.0,1787.0,179.6,626.1,19.7,28.36,1037.0,43.2,81.9,0.0,17.9,86.1,21.43,0,0
2026-09-24T07:00:00Z,CDU-A4,HALL-A,25.35,25.36,30.39,1793.0,1792.0,178.6,604.0,20.1,28.39,1045.0,43.6,81.7,0.0,17.8,86.1,21.26,0,0
2026-09-24T08:00:00Z,CDU-A4,HALL-A,25.36,25.51,30.32,1791.0,1773.0,178.2,594.1,19.9,28.33,1013.0,42.2,81.6,0.0,17.8,86.1,21.19,0,0
2026-09-24T09:00:00Z,CDU-A4,HALL-A,25.01,25.13,30.29,1812.0,1809.0,182.4,639.0,20.3,28.29,1149.0,47.9,82.5,0.0,18.2,86.1,21.93,0,0
2026-09-24T10:00:00Z,CDU-A4,HALL-A,25.29,25.35,30.41,1797.0,1786.0,179.4,614.8,19.8,28.42,1025.0,42.7,81.9,0.0,17.9,86.1,21.4,0,0
2026-09-24T11:00:00Z,CDU-A4,HALL-A,24.92,25.16,30.17,1824.0,1814.0,184.9,639.9,19.9,28.17,1110.0,46.2,83.1,0.0,18.4,86.1,22.36,0,0
2026-09-24T12:00:00Z,CDU-A4,HALL-A,25.05,25.33,30.4,1809.0,1797.0,181.8,646.0,20.0,28.4,1105.0,46.0,82.4,0.0,18.1,86.1,21.82,0,0
2026-09-24T13:00:00Z,CDU-A4,HALL-A,25.35,25.39,30.39,1789.0,1766.0,177.8,601.8,20.1,28.38,1042.0,43.4,81.5,0.0,17.7,86.1,21.11,0,0
2026-09-24T14:00:00Z,CDU-A4,HALL-A,25.43,25.64,30.44,1802.0,1793.0,180.4,603.4,19.8,28.44,1002.0,41.7,82.1,0.0,18.0,86.1,21.58,0,0
2026-09-24T15:00:00Z,CDU-A4,HALL-A,25.48,25.58,30.73,1795.0,1779.0,179.0,629.1,19.8,28.73,1012.0,42.1,81.8,0.0,17.9,86.1,21.33,0,0
2026-09-24T16:00:00Z,CDU-A4,HALL-A,25.56,25.57,30.85,1803.0,1787.0,180.6,637.5,20.0,28.85,1034.0,43.1,82.2,0.0,18.0,86.1,21.61,0,0
2026-09-24T17:00:00Z,CDU-A4,HALL-A,25.42,25.55,30.76,1788.0,1781.0,177.6,638.4,20.1,28.76,1057.0,44.1,81.5,0.0,17.7,86.1,21.08,0,0
2026-09-24T18:00:00Z,CDU-A4,HALL-A,25.44,25.48,30.78,1808.0,1780.0,181.6,645.2,20.1,28.79,1067.0,44.5,82.3,0.0,18.1,86.1,21.78,0,0
2026-09-24T19:00:00Z,CDU-A4,HALL-A,25.64,25.81,30.93,1783.0,1763.0,176.6,630.3,19.7,28.93,980.0,40.8,81.2,0.0,17.6,86.1,20.91,0,0
2026-09-24T20:00:00Z,CDU-A4,HALL-A,25.4,25.53,30.74,1821.0,1810.0,184.2,649.4,20.2,28.74,1092.0,45.5,82.9,0.0,18.4,86.1,22.25,0,0
2026-09-24T21:00:00Z,CDU-A4,HALL-A,24.85,24.98,30.49,1791.0,1785.0,178.3,675.3,20.1,28.49,1155.0,48.2,81.6,0.0,17.8,86.1,21.18,0,0
2026-09-24T22:00:00Z,CDU-A4,HALL-A,24.78,24.89,30.47,1794.0,1792.0,178.8,682.1,20.2,28.47,1183.0,49.3,81.7,0.0,17.9,86.1,21.28,0,0
2026-09-24T23:00:00Z,CDU-A4,HALL-A,24.77,24.91,30.27,1804.0,1803.0,180.8,662.6,20.1,28.27,1165.0,48.5,82.2,0.0,18.1,86.1,21.64,0,0
2026-09-25T00:00:00Z,CDU-A4,HALL-A,25.09,25.18,30.14,1809.0,1807.0,181.8,610.8,19.8,28.14,1051.0,43.7,82.4,0.0,18.2,86.1,21.82,0,0
2026-09-25T01:00:00Z,CDU-A4,HALL-A,25.18,25.4,30.35,1823.0,1801.0,184.6,630.1,20.1,28.35,1096.0,45.6,83.1,0.0,18.4,86.1,22.32,0,0
2026-09-25T02:00:00Z,CDU-A4,HALL-A,25.32,25.36,30.44,1781.0,1779.0,176.3,609.1,20.0,28.44,1036.0,43.2,81.2,0.0,17.6,86.1,20.83,0,0
2026-09-25T03:00:00Z,CDU-A4,HALL-A,25.21,25.29,30.3,1794.0,1777.0,178.8,609.4,19.9,28.3,1042.0,43.4,81.7,0.0,17.9,86.1,21.28,0,0
2026-09-25T04:00:00Z,CDU-A4,HALL-A,24.99,25.07,30.56,1806.0,1793.0,181.2,672.2,20.1,28.56,1140.0,47.5,82.3,0.0,18.1,86.1,21.71,0,0
2026-09-25T05:00:00Z,CDU-A4,HALL-A,24.99,25.23,30.52,1793.0,1779.0,178.6,662.7,20.0,28.52,1116.0,46.5,81.7,0.0,17.8,86.1,21.25,0,0
2026-09-25T06:00:00Z,CDU-A4,HALL-A,24.97,25.1,30.49,1805.0,1803.0,181.0,665.5,20.0,28.49,1125.0,46.9,82.2,0.0,18.1,86.1,21.68,0,0
2026-09-25T07:00:00Z,CDU-A4,HALL-A,25.07,25.24,30.56,1797.0,1776.0,179.4,659.2,20.0,28.56,1105.0,46.1,81.9,0.0,17.9,86.1,21.4,0,0
2026-09-25T08:00:00Z,CDU-A4,HALL-A,25.18,25.39,30.59,1816.0,1782.0,183.2,657.0,19.8,28.59,1072.0,44.7,82.7,0.0,18.3,86.1,22.08,0,0
2026-09-25T09:00:00Z,CDU-A4,HALL-A,24.88,24.94,30.63,1795.0,1790.0,179.1,689.6,19.8,28.63,1121.0,46.8,81.8,0.0,17.9,86.1,21.33,0,0
2026-09-25T10:00:00Z,CDU-A4,HALL-A,24.88,25.04,30.43,1811.0,1806.0,182.2,672.0,19.9,28.44,1130.0,47.1,82.5,0.0,18.2,86.1,21.88,0,0
2026-09-25T11:00:00Z,CDU-A4,HALL-A,24.6,24.71,30.44,1827.0,1797.0,185.4,712.7,19.8,28.44,1184.0,49.3,83.2,0.0,18.5,86.1,22.46,0,0
2026-09-25T12:00:00Z,CDU-A4,HALL-A,24.86,24.87,30.7,1803.0,1796.0,180.6,703.0,20.3,28.7,1202.0,50.1,82.2,0.0,18.1,86.1,21.61,0,0
2026-09-25T13:00:00Z,CDU-A4,HALL-A,25.2,25.45,30.77,1796.0,1780.0,179.2,668.9,20.0,28.78,1095.0,45.6,81.8,0.0,17.9,86.1,21.36,0,0
2026-09-25T14:00:00Z,CDU-A4,HALL-A,25.24,25.59,30.72,1779.0,1770.0,175.8,650.8,19.9,28.71,1059.0,44.1,81.0,0.0,17.6,86.1,20.77,0,0
2026-09-25T15:00:00Z,CDU-A4,HALL-A,25.36,25.56,30.74,1793.0,1791.0,178.6,643.9,19.8,28.73,1034.0,43.1,81.7,0.0,17.9,86.1,21.26,0,0
2026-09-25T16:00:00Z,CDU-A4,HALL-A,25.54,25.55,30.83,1783.0,1783.0,176.7,629.9,20.0,28.83,1024.0,42.6,81.2,0.0,17.7,86.1,20.9,0,0
2026-09-25T17:00:00Z,CDU-A4,HALL-A,25.52,25.54,30.44,1798.0,1776.0,179.7,590.6,20.1,28.44,1017.0,42.4,81.9,0.0,18.0,86.1,21.43,0,0
2026-09-25T18:00:00Z,CDU-A4,HALL-A,25.2,25.33,30.38,1803.0,1785.0,180.5,623.9,19.9,28.38,1056.0,44.0,82.1,0.0,18.1,86.1,21.61,0,0
2026-09-25T19:00:00Z,CDU-A4,HALL-A,24.93,24.94,30.37,1803.0,1797.0,180.6,655.9,20.0,28.37,1124.0,46.8,82.1,0.0,18.1,86.1,21.61,0,0
2026-09-25T20:00:00Z,CDU-A4,HALL-A,25.16,25.16,30.54,1794.0,1781.0,178.9,644.5,20.1,28.53,1096.0,45.6,81.7,0.0,17.9,86.1,21.29,0,0
2026-09-25T21:00:00Z,CDU-A4,HALL-A,25.26,25.45,30.35,1804.0,1802.0,180.8,613.6,20.0,28.35,1054.0,43.9,82.2,0.0,18.1,86.1,21.65,0,0
2026-09-25T22:00:00Z,CDU-A4,HALL-A,25.2,25.26,30.29,1793.0,1778.0,178.6,609.8,20.0,28.28,1055.0,44.0,81.7,0.0,17.9,86.1,21.26,0,0
2026-09-25T23:00:00Z,CDU-A4,HALL-A,25.36,25.38,30.59,1776.0,1773.0,175.3,620.7,20.0,28.59,1037.0,43.2,80.9,0.0,17.6,86.1,20.67,0,0
2026-09-26T00:00:00Z,CDU-A4,HALL-A,25.3,25.31,30.43,1807.0,1780.0,181.4,619.8,19.9,28.43,1042.0,43.5,82.3,0.0,18.2,86.1,21.76,0,0
2026-09-26T01:00:00Z,CDU-A4,HALL-A,25.27,25.29,30.43,1806.0,1804.0,181.2,622.1,20.0,28.43,1060.0,44.1,82.3,0.0,18.2,86.1,21.71,0,0
2026-09-26T02:00:00Z,CDU-A4,HALL-A,25.19,25.4,30.31,1789.0,1773.0,177.8,611.8,19.9,28.31,1044.0,43.5,81.5,0.0,17.8,86.1,21.11,0,0
2026-09-26T03:00:00Z,CDU-A4,HALL-A,25.11,25.36,30.49,1795.0,1785.0,179.0,644.7,20.3,28.48,1131.0,47.1,81.8,0.0,18.0,86.1,21.33,0,0
2026-09-26T04:00:00Z,CDU-A4,HALL-A,24.84,24.84,30.47,1795.0,1786.0,179.1,674.9,20.0,28.47,1144.0,47.7,81.8,0.0,18.0,86.1,21.33,0,0
2026-09-26T05:00:00Z,CDU-A4,HALL-A,24.48,24.65,30.51,1813.0,1800.0,182.6,730.1,20.0,28.51,1232.0,51.4,82.6,0.0,18.3,86.1,21.96,0,0
2026-09-26T06:00:00Z,CDU-A4,HALL-A,24.28,24.41,30.44,1807.0,1793.0,181.4,744.1,19.9,28.45,1250.0,52.1,82.3,0.0,18.2,86.1,21.75,0,0
2026-09-26T07:00:00Z,CDU-A4,HALL-A,24.27,24.3,30.32,1810.0,1806.0,182.0,731.7,19.8,28.32,1232.0,51.4,82.5,0.0,18.2,86.1,21.86,0,0
2026-09-26T08:00:00Z,CDU-A4,HALL-A,24.38,24.4,30.19,1810.0,1785.0,182.0,702.9,20.2,28.19,1262.0,52.6,82.5,0.0,18.3,86.1,21.87,0,0
2026-09-26T09:00:00Z,CDU-A4,HALL-A,24.6,24.69,30.32,1803.0,1801.0,180.6,688.6,20.3,28.32,1233.0,51.4,82.1,0.0,18.1,86.1,21.6,0,0
2026-09-26T10:00:00Z,CDU-A4,HALL-A,25.28,25.34,30.58,1789.0,1770.0,177.9,633.0,20.1,28.58,1072.0,44.7,81.5,0.0,17.8,86.1,21.12,0,0
2026-09-26T11:00:00Z,CDU-A4,HALL-A,25.36,25.68,30.68,1803.0,1771.0,180.6,641.2,20.0,28.69,1060.0,44.2,82.1,0.0,18.1,86.1,21.61,0,0
2026-09-26T12:00:00Z,CDU-A4,HALL-A,25.41,25.55,30.56,1815.0,1806.0,183.0,623.9,20.1,28.56,1059.0,44.1,82.7,0.0,18.4,86.1,22.02,0,0
2026-09-26T13:00:00Z,CDU-A4,HALL-A,25.32,25.51,30.35,1819.0,1799.0,183.7,611.1,20.0,28.35,1051.0,43.8,82.8,0.0,18.4,86.1,22.17,0,0
2026-09-26T14:00:00Z,CDU-A4,HALL-A,25.41,25.72,30.39,1806.0,1797.0,181.2,601.1,19.9,28.39,1016.0,42.3,82.3,0.0,18.2,86.1,21.72,0,0
2026-09-26T15:00:00Z,CDU-A4,HALL-A,25.47,25.56,30.6,1779.0,1769.0,175.8,609.9,19.8,28.6,994.0,41.4,81.0,0.0,17.6,86.1,20.77,0,0
2026-09-26T16:00:00Z,CDU-A4,HALL-A,25.48,25.67,30.89,1816.0,1794.0,183.3,656.7,19.9,28.89,1048.0,43.6,82.7,0.0,18.4,86.1,22.07,0,0
2026-09-26T17:00:00Z,CDU-A4,HALL-A,25.42,25.68,30.75,1802.0,1793.0,180.4,641.1,19.9,28.74,1040.0,43.3,82.1,0.0,18.1,86.1,21.57,0,0
2026-09-26T18:00:00Z,CDU-A4,HALL-A,25.32,25.52,30.66,1800.0,1798.0,180.0,642.5,20.2,28.66,1090.0,45.4,82.0,0.0,18.1,86.1,21.5,0,0
2026-09-26T19:00:00Z,CDU-A4,HALL-A,25.53,25.57,30.64,1800.0,1780.0,180.1,614.5,19.9,28.64,1009.0,42.1,82.0,0.0,18.1,86.1,21.5,0,0
2026-09-26T20:00:00Z,CDU-A4,HALL-A,25.43,25.44,30.53,1792.0,1750.0,178.4,610.6,20.0,28.53,1027.0,42.8,81.6,0.0,17.9,86.1,21.23,0,0
2026-09-26T21:00:00Z,CDU-A4,HALL-A,25.13,25.34,30.56,1789.0,1769.0,177.8,648.6,20.1,28.56,1101.0,45.8,81.5,0.0,17.9,86.1,21.11,0,0
2026-09-26T22:00:00Z,CDU-A4,HALL-A,25.34,25.72,30.64,1809.0,1785.0,181.9,640.7,20.0,28.64,1065.0,44.3,82.4,0.0,18.3,86.1,21.83,0,0
2026-09-26T23:00:00Z,CDU-A4,HALL-A,25.44,25.52,30.78,1788.0,1771.0,177.7,637.5,19.8,28.78,1019.0,42.5,81.4,0.0,17.9,86.1,21.09,0,0
2026-09-27T00:00:00Z,CDU-A4,HALL-A,25.0,25.17,30.62,1811.0,1808.0,182.2,680.4,19.8,28.62,1107.0,46.1,82.5,0.0,18.3,86.1,21.89,0,0
2026-09-27T01:00:00Z,CDU-A4,HALL-A,24.95,24.99,30.57,1793.0,1786.0,178.6,673.8,20.1,28.58,1142.0,47.5,81.7,0.0,18.0,86.1,21.25,0,0
2026-09-27T02:00:00Z,CDU-A4,HALL-A,25.41,25.56,30.47,1798.0,1789.0,179.6,608.0,19.8,28.47,1007.0,41.9,81.9,0.0,18.1,86.1,21.43,0,0
2026-09-27T03:00:00Z,CDU-A4,HALL-A,25.42,25.46,30.4,1811.0,1794.0,182.2,602.4,19.9,28.4,1018.0,42.4,82.5,0.0,18.3,86.1,21.9,0,0
2026-09-27T04:00:00Z,CDU-A4,HALL-A,25.39,25.52,30.17,1811.0,1799.0,182.2,578.1,20.3,28.17,1054.0,43.9,82.5,0.0,18.3,86.1,21.89,0,0
2026-09-27T05:00:00Z,CDU-A4,HALL-A,25.47,25.68,29.99,1793.0,1775.0,178.6,541.7,19.8,27.99,949.0,39.6,81.7,0.0,18.0,86.1,21.26,0,0
2026-09-27T06:00:00Z,CDU-A4,HALL-A,25.29,25.3,30.1,1797.0,1788.0,179.4,577.1,20.0,28.1,1023.0,42.7,81.9,0.0,18.0,86.1,21.4,0,0
2026-09-27T07:00:00Z,CDU-A4,HALL-A,24.96,25.02,29.83,1805.0,1796.0,181.0,587.1,19.8,27.82,1049.0,43.7,82.2,0.0,18.2,86.1,21.67,0,0
2026-09-27T08:00:00Z,CDU-A4,HALL-A,24.71,24.76,29.88,1788.0,1778.0,177.7,617.3,19.9,27.88,1111.0,46.3,81.4,0.0,17.9,86.1,21.09,0,0
2026-09-27T09:00:00Z,CDU-A4,HALL-A,24.71,24.91,29.95,1790.0,1782.0,178.0,626.0,20.1,27.94,1145.0,47.7,81.6,0.0,17.9,86.1,21.15,0,0
2026-09-27T10:00:00Z,CDU-A4,HALL-A,24.89,25.05,30.03,1805.0,1776.0,181.0,620.1,20.1,28.03,1122.0,46.7,82.2,0.0,18.2,86.1,21.69,0,0
2026-09-27T11:00:00Z,CDU-A4,HALL-A,25.12,25.26,30.2,1779.0,1770.0,175.8,604.3,20.0,28.2,1057.0,44.0,81.1,0.0,17.7,86.1,20.77,0,0
2026-09-27T12:00:00Z,CDU-A4,HALL-A,24.89,24.91,30.09,1813.0,1787.0,182.6,629.5,19.9,28.09,1104.0,46.0,82.6,0.0,18.4,86.1,21.97,0,0
2026-09-27T13:00:00Z,CDU-A4,HALL-A,24.67,24.83,30.23,1790.0,1777.0,178.0,665.2,20.1,28.23,1174.0,48.9,81.5,0.0,17.9,86.1,21.16,0,0
2026-09-27T14:00:00Z,CDU-A4,HALL-A,24.77,25.06,30.24,1791.0,1791.0,178.2,655.0,19.9,28.24,1127.0,46.9,81.6,0.0,17.9,86.1,21.19,0,0
2026-09-27T15:00:00Z,CDU-A4,HALL-A,25.23,25.33,30.27,1789.0,1765.0,177.9,602.4,20.0,28.27,1046.0,43.6,81.5,0.0,17.9,86.1,21.11,0,0
2026-09-27T16:00:00Z,CDU-A4,HALL-A,25.16,25.34,30.39,1791.0,1778.0,178.2,625.8,19.9,28.39,1057.0,44.1,81.6,0.0,18.0,86.1,21.18,0,0
2026-09-27T17:00:00Z,CDU-A4,HALL-A,25.14,25.16,30.52,1770.0,1754.0,174.1,636.3,20.1,28.53,1085.0,45.2,80.6,0.0,17.6,86.1,20.46,0,0
2026-09-27T18:00:00Z,CDU-A4,HALL-A,25.15,25.19,30.52,1816.0,1801.0,183.2,651.8,19.9,28.53,1085.0,45.2,82.7,0.0,18.5,86.1,22.08,0,0
2026-09-27T19:00:00Z,CDU-A4,HALL-A,24.8,24.82,30.59,1788.0,1760.0,177.6,691.2,20.1,28.58,1169.0,48.7,81.4,0.0,17.9,86.1,21.08,0,0
2026-09-27T20:00:00Z,CDU-A4,HALL-A,24.6,24.65,30.51,1800.0,1790.0,180.0,711.3,19.9,28.51,1185.0,49.4,82.0,0.0,18.2,86.1,21.51,0,0
2026-09-27T21:00:00Z,CDU-A4,HALL-A,24.52,24.67,30.44,1808.0,1794.0,181.6,715.4,20.0,28.44,1216.0,50.6,82.4,0.0,18.3,86.1,21.78,0,0
2026-09-27T22:00:00Z,CDU-A4,HALL-A,24.89,24.94,30.43,1805.0,1804.0,181.0,667.6,20.4,28.43,1194.0,49.7,82.2,0.0,18.3,86.1,21.67,0,0
2026-09-27T23:00:00Z,CDU-A4,HALL-A,24.89,25.08,30.22,1793.0,1791.0,178.6,638.3,20.1,28.22,1128.0,47.0,81.7,0.0,18.0,86.1,21.25,0,0
2026-08-31T00:00:00Z,CDU-B1,HALL-B,25.02,25.27,24.84,1800.0,1774.0,180.0,-21.7,19.8,19.83,300.0,12.5,82.0,0.0,14.6,90.5,21.5,0,0
2026-08-31T01:00:00Z,CDU-B1,HALL-B,25.28,25.42,25.02,1795.0,1787.0,179.0,-31.5,20.1,20.1,300.0,12.5,81.8,0.0,14.5,90.5,21.33,0,0
2026-08-31T02:00:00Z,CDU-B1,HALL-B,25.4,25.56,25.01,1817.0,1796.0,183.4,-47.2,20.2,20.2,300.0,12.5,82.8,0.0,14.9,90.5,22.11,0,0
2026-08-31T03:00:00Z,CDU-B1,HALL-B,25.5,25.6,25.03,1791.0,1784.0,178.2,-56.7,19.9,19.9,300.0,12.4,81.6,0.0,14.5,90.5,21.18,0,0
2026-08-31T04:00:00Z,CDU-B1,HALL-B,25.56,25.87,25.03,1803.0,1790.0,180.7,-63.7,20.0,20.0,300.0,12.5,82.2,0.0,14.7,90.5,21.61,0,0
2026-08-31T05:00:00Z,CDU-B1,HALL-B,25.53,25.69,25.13,1790.0,1788.0,178.0,-48.3,20.1,20.1,300.0,12.4,81.6,0.0,14.5,90.5,21.15,0,0
2026-08-31T06:00:00Z,CDU-B1,HALL-B,25.17,25.32,25.01,1818.0,1806.0,183.6,-20.0,20.1,20.1,300.0,12.5,82.8,0.0,14.9,90.5,22.14,0,0
2026-08-31T07:00:00Z,CDU-B1,HALL-B,24.96,25.13,24.95,1796.0,1772.0,179.2,-1.3,20.2,20.4,300.0,12.5,81.8,0.0,14.6,90.5,21.36,0,0
2026-08-31T08:00:00Z,CDU-B1,HALL-B,24.97,25.03,24.86,1802.0,1799.0,180.5,-13.7,20.4,20.4,300.0,12.5,82.1,0.0,14.6,90.5,21.57,0,0
2026-08-31T09:00:00Z,CDU-B1,HALL-B,24.81,24.86,24.71,1798.0,1781.0,179.6,-12.2,20.1,20.1,300.0,12.5,81.9,0.0,14.6,90.5,21.44,0,0
2026-08-31T10:00:00Z,CDU-B1,HALL-B,25.11,25.36,24.8,1802.0,1800.0,180.4,-37.4,19.9,19.9,300.0,12.5,82.1,0.0,14.7,90.5,21.57,0,0
2026-08-31T11:00:00Z,CDU-B1,HALL-B,25.2,25.46,24.93,1791.0,1788.0,178.2,-32.1,20.1,20.1,300.0,12.5,81.6,0.0,14.5,90.5,21.19,0,0
2026-08-31T12:00:00Z,CDU-B1,HALL-B,24.93,25.08,24.94,1783.0,1759.0,176.6,0.7,19.9,20.1,300.0,12.5,81.3,0.0,14.3,90.5,20.92,0,0
2026-08-31T13:00:00Z,CDU-B1,HALL-B,25.1,25.13,24.89,1814.0,1809.0,182.8,-25.1,20.0,20.0,300.0,12.5,82.6,0.0,14.9,90.5,22.0,0,0
2026-08-31T14:00:00Z,CDU-B1,HALL-B,25.02,25.07,24.79,1801.0,1775.0,180.1,-27.4,20.1,20.1,300.0,12.5,82.1,0.0,14.7,90.5,21.54,0,0
2026-08-31T15:00:00Z,CDU-B1,HALL-B,24.94,25.06,24.64,1799.0,1794.0,179.8,-36.5,20.0,20.0,300.0,12.5,81.9,0.0,14.7,90.5,21.46,0,0
2026-08-31T16:00:00Z,CDU-B1,HALL-B,24.57,24.71,24.34,1801.0,1757.0,180.2,-27.7,20.0,20.0,300.0,12.5,82.0,0.0,14.7,90.5,21.55,0,0
2026-08-31T17:00:00Z,CDU-B1,HALL-B,24.81,24.87,24.57,1808.0,1806.0,181.6,-29.0,20.0,20.0,300.0,12.5,82.4,0.0,14.8,90.5,21.79,0,0
2026-08-31T18:00:00Z,CDU-B1,HALL-B,24.83,24.89,24.68,1790.0,1776.0,178.0,-17.5,19.8,19.8,300.0,12.4,81.6,0.0,14.5,90.5,21.15,0,0
2026-08-31T19:00:00Z,CDU-B1,HALL-B,24.92,25.18,24.75,1823.0,1806.0,184.7,-20.4,20.2,20.2,300.0,12.5,83.0,0.0,15.1,90.5,22.33,0,0
2026-08-31T20:00:00Z,CDU-B1,HALL-B,24.97,25.1,24.81,1783.0,1777.0,176.6,-19.2,19.9,19.9,300.0,12.5,81.2,0.0,14.4,90.5,20.9,0,0
2026-08-31T21:00:00Z,CDU-B1,HALL-B,25.28,25.47,24.88,1787.0,1784.0,177.4,-47.5,20.0,20.0,300.0,12.5,81.4,0.0,14.4,90.5,21.05,0,0
2026-08-31T22:00:00Z,CDU-B1,HALL-B,25.07,25.35,24.78,1798.0,1767.0,179.6,-35.3,20.1,20.1,300.0,12.4,81.9,0.0,14.6,90.5,21.44,0,0
2026-08-31T23:00:00Z,CDU-B1,HALL-B,24.96,24.99,24.87,1793.0,1791.0,178.6,-10.8,20.1,20.1,300.0,12.5,81.7,0.0,14.6,90.5,21.25,0,0
2026-09-01T00:00:00Z,CDU-B1,HALL-B,25.07,25.42,24.83,1791.0,1790.0,178.2,-28.8,19.8,19.8,300.0,12.5,81.6,0.0,14.5,90.5,21.18,0,0
2026-09-01T01:00:00Z,CDU-B1,HALL-B,25.43,25.56,24.95,1804.0,1781.0,180.8,-57.7,20.1,20.1,300.0,12.5,82.2,0.0,14.7,90.5,21.64,0,0
2026-09-01T02:00:00Z,CDU-B1,HALL-B,25.15,25.18,25.04,1791.0,1785.0,178.2,-13.7,20.1,20.1,300.0,12.5,81.6,0.0,14.5,90.5,21.19,0,0
2026-09-01T03:00:00Z,CDU-B1,HALL-B,25.32,25.46,25.09,1809.0,1798.0,181.8,-27.4,20.1,20.1,300.0,12.5,82.4,0.0,14.8,90.5,21.82,0,0
2026-09-01T04:00:00Z,CDU-B1,HALL-B,25.07,25.07,25.04,1788.0,1772.0,177.6,-3.4,19.9,19.91,300.0,12.5,81.4,0.0,14.5,90.5,21.08,0,0
2026-09-01T05:00:00Z,CDU-B1,HALL-B,25.02,25.29,24.96,1792.0,1767.0,178.4,-7.4,20.1,20.21,300.0,12.5,81.7,0.0,14.6,90.5,21.23,0,0
2026-09-01T06:00:00Z,CDU-B1,HALL-B,24.99,25.07,25.01,1802.0,1794.0,180.3,2.4,19.8,19.95,300.0,12.6,82.1,0.0,14.7,90.5,21.57,0,0
2026-09-01T07:00:00Z,CDU-B1,HALL-B,25.28,25.35,24.98,1800.0,1792.0,180.1,-36.0,20.1,20.1,300.0,12.5,82.0,0.0,14.7,90.5,21.5,0,0
2026-09-01T08:00:00Z,CDU-B1,HALL-B,24.85,24.93,24.95,1797.0,1789.0,179.4,11.5,19.8,20.36,300.0,12.5,81.8,0.0,14.6,90.5,21.39,0,0
2026-09-01T09:00:00Z,CDU-B1,HALL-B,24.91,24.99,25.07,1781.0,1770.0,176.2,18.7,20.0,20.89,300.0,12.6,81.2,0.0,14.4,90.5,20.83,0,0
2026-09-01T10:00:00Z,CDU-B1,HALL-B,25.04,25.11,25.19,1808.0,1784.0,181.6,17.7,20.0,20.84,300.0,12.4,82.4,0.0,14.8,90.5,21.79,0,0
2026-09-01T11:00:00Z,CDU-B1,HALL-B,24.86,24.89,25.16,1807.0,1781.0,181.4,36.5,19.9,21.66,300.0,12.5,82.3,0.0,14.8,90.5,21.75,0,0
2026-09-01T12:00:00Z,CDU-B1,HALL-B,24.89,25.01,25.08,1779.0,1760.0,175.8,22.9,20.0,21.11,300.0,12.6,81.0,0.0,14.4,90.5,20.77,0,0
2026-09-01T13:00:00Z,CDU-B1,HALL-B,24.94,25.06,25.08,1807.0,1795.0,181.5,16.7,20.0,20.83,300.0,12.5,82.3,0.0,14.8,90.5,21.75,0,0
2026-09-01T14:00:00Z,CDU-B1,HALL-B,24.89,24.91,25.17,1801.0,1800.0,180.2,33.5,19.9,21.52,300.0,12.5,82.0,0.0,14.7,90.5,21.54,0,0
2026-09-01T15:00:00Z,CDU-B1,HALL-B,25.21,25.21,25.15,1799.0,1786.0,179.9,-6.7,19.9,19.9,300.0,12.5,82.0,0.0,14.7,90.5,21.46,0,0
2026-09-01T16:00:00Z,CDU-B1,HALL-B,25.31,25.35,25.11,1803.0,1787.0,180.6,-24.5,19.8,19.8,300.0,12.5,82.1,0.0,14.8,90.5,21.61,0,0
2026-09-01T17:00:00Z,CDU-B1,HALL-B,25.29,25.38,25.08,1801.0,1786.0,180.3,-25.4,19.9,19.9,300.0,12.4,82.0,0.0,14.7,90.5,21.54,0,0
2026-09-01T18:00:00Z,CDU-B1,HALL-B,25.42,25.43,25.19,1814.0,1799.0,182.8,-28.3,20.0,20.0,300.0,12.5,82.6,0.0,15.0,90.5,21.99,0,0
2026-09-01T19:00:00Z,CDU-B1,HALL-B,25.43,25.72,25.05,1799.0,1794.0,179.8,-46.0,20.0,20.0,300.0,12.5,82.0,0.0,14.7,90.5,21.47,0,0
2026-09-01T20:00:00Z,CDU-B1,HALL-B,24.99,25.03,25.08,1810.0,1809.0,181.9,11.4,19.9,20.44,300.0,12.4,82.5,0.0,14.9,90.5,21.85,0,0
2026-09-01T21:00:00Z,CDU-B1,HALL-B,24.78,24.86,25.18,1808.0,1775.0,181.6,48.6,19.7,21.98,300.0,12.5,82.4,0.0,14.9,90.5,21.78,0,0
2026-09-01T22:00:00Z,CDU-B1,HALL-B,24.21,24.43,24.93,1780.0,1760.0,176.0,85.8,19.7,22.93,382.0,15.9,81.1,0.0,14.4,90.5,20.8,0,0
2026-09-01T23:00:00Z,CDU-B1,HALL-B,24.45,24.6,24.98,1797.0,1787.0,179.4,63.6,20.1,22.93,322.0,13.4,81.9,0.0,14.7,90.5,21.4,0,0
2026-09-02T00:00:00Z,CDU-B1,HALL-B,24.64,24.69,25.15,1792.0,1780.0,178.4,61.2,19.9,22.85,300.0,12.5,81.6,0.0,14.6,90.5,21.22,0,0
2026-09-02T01:00:00Z,CDU-B1,HALL-B,24.58,24.82,25.09,1807.0,1766.0,181.3,61.0,19.8,22.64,306.0,12.7,82.3,0.0,14.8,90.5,21.76,0,0
2026-09-02T02:00:00Z,CDU-B1,HALL-B,24.28,24.55,24.87,1800.0,1783.0,180.0,71.1,20.0,22.78,364.0,15.1,82.0,0.0,14.8,90.5,21.5,0,0
2026-09-02T03:00:00Z,CDU-B1,HALL-B,24.74,24.95,25.04,1828.0,1825.0,185.6,37.0,20.2,21.91,304.0,12.6,83.3,0.0,15.2,90.5,22.5,0,0
2026-09-02T04:00:00Z,CDU-B1,HALL-B,24.94,24.95,25.08,1805.0,1783.0,181.0,16.4,19.8,20.57,300.0,12.5,82.2,0.0,14.8,90.5,21.69,0,0
2026-09-02T05:00:00Z,CDU-B1,HALL-B,24.71,24.76,25.03,1799.0,1779.0,179.8,38.6,20.0,21.82,300.0,12.6,82.0,0.0,14.7,90.5,21.47,0,0
2026-09-02T06:00:00Z,CDU-B1,HALL-B,24.82,24.89,24.98,1790.0,1783.0,178.0,19.7,20.1,21.02,300.0,12.5,81.6,0.0,14.6,90.5,21.15,0,0
2026-09-02T07:00:00Z,CDU-B1,HALL-B,24.84,25.09,24.94,1790.0,1787.0,178.0,11.8,20.1,20.72,300.0,12.6,81.6,0.0,14.6,90.5,21.15,0,0
2026-09-02T08:00:00Z,CDU-B1,HALL-B,24.85,25.21,24.94,1797.0,1787.0,179.4,10.3,19.9,20.46,300.0,12.5,81.9,0.0,14.7,90.5,21.4,0,0
2026-09-02T09:00:00Z,CDU-B1,HALL-B,24.64,24.83,24.83,1802.0,1788.0,180.4,23.2,20.1,21.25,300.0,12.5,82.1,0.0,14.8,90.5,21.57,0,0
2026-09-02T10:00:00Z,CDU-B1,HALL-B,24.84,24.97,24.9,1807.0,1806.0,181.4,7.7,20.0,20.37,300.0,12.5,82.3,0.0,14.9,90.5,21.75,0,0
2026-09-02T11:00:00Z,CDU-B1,HALL-B,24.81,24.89,24.85,1813.0,1794.0,182.7,5.3,20.0,20.26,300.0,12.4,82.6,0.0,15.0,90.5,21.96,0,0
2026-09-02T12:00:00Z,CDU-B1,HALL-B,24.47,24.66,24.75,1801.0,1793.0,180.2,34.0,20.0,21.67,300.0,12.5,82.1,0.0,14.8,90.5,21.54,0,0
2026-09-02T13:00:00Z,CDU-B1,HALL-B,24.73,24.85,24.87,1792.0,1788.0,178.4,16.3,19.9,20.67,300.0,12.5,81.6,0.0,14.6,90.5,21.22,0,0
2026-09-02T14:00:00Z,CDU-B1,HALL-B,25.12,25.14,24.97,1794.0,1774.0,178.9,-17.9,19.9,19.9,300.0,12.5,81.7,0.0,14.7,90.5,21.29,0,0
2026-09-02T15:00:00Z,CDU-B1,HALL-B,25.42,25.64,25.14,1807.0,1787.0,181.4,-33.8,19.8,19.8,300.0,12.5,82.3,0.0,14.9,90.5,21.75,0,0
2026-09-02T16:00:00Z,CDU-B1,HALL-B,25.29,25.68,25.15,1794.0,1788.0,178.8,-16.7,20.2,20.21,300.0,12.5,81.7,0.0,14.7,90.5,21.29,0,0
2026-09-02T17:00:00Z,CDU-B1,HALL-B,25.23,25.26,25.02,1797.0,1789.0,179.4,-24.7,20.3,20.3,300.0,12.5,81.9,0.0,14.7,90.5,21.4,0,0
2026-09-02T18:00:00Z,CDU-B1,HALL-B,25.47,25.57,25.06,1794.0,1789.0,178.8,-49.2,20.0,20.0,300.0,12.5,81.7,0.0,14.7,90.5,21.29,0,0
2026-09-02T19:00:00Z,CDU-B1,HALL-B,25.67,25.79,25.12,1799.0,1796.0,179.8,-66.0,19.9,19.9,300.0,12.5,81.9,0.0,14.8,90.5,21.46,0,0
2026-09-02T20:00:00Z,CDU-B1,HALL-B,25.72,25.88,25.17,1786.0,1777.0,177.1,-65.9,19.8,19.8,300.0,12.5,81.4,0.0,14.6,90.5,21.02,0,0
2026-09-02T21:00:00Z,CDU-B1,HALL-B,25.37,25.41,25.04,1810.0,1772.0,182.1,-40.4,20.2,20.2,300.0,12.5,82.5,0.0,14.9,90.5,21.86,0,0
2026-09-02T22:00:00Z,CDU-B1,HALL-B,25.08,25.25,24.94,1811.0,1788.0,182.3,-16.4,20.0,20.0,300.0,12.6,82.5,0.0,15.0,90.5,21.9,0,0
2026-09-02T23:00:00Z,CDU-B1,HALL-B,25.36,25.49,25.04,1816.0,1789.0,183.3,-38.6,19.8,19.8,300.0,12.5,82.7,0.0,15.1,90.5,22.08,0,0
2026-09-03T00:00:00Z,CDU-B1,HALL-B,25.59,25.65,25.09,1793.0,1782.0,178.6,-59.6,20.1,20.1,300.0,12.5,81.7,0.0,14.7,90.5,21.25,0,0
2026-09-03T01:00:00Z,CDU-B1,HALL-B,25.57,25.71,25.1,1789.0,1775.0,177.9,-55.8,19.9,19.9,300.0,12.5,81.5,0.0,14.6,90.5,21.11,0,0
2026-09-03T02:00:00Z,CDU-B1,HALL-B,25.7,25.83,25.2,1795.0,1791.0,179.0,-60.5,20.1,20.1,300.0,12.5,81.8,0.0,14.7,90.5,21.33,0,0
2026-09-03T03:00:00Z,CDU-B1,HALL-B,25.83,25.84,25.23,1797.0,1775.0,179.4,-72.3,19.9,19.9,300.0,12.5,81.9,0.0,14.8,90.5,21.39,0,0
2026-09-03T04:00:00Z,CDU-B1,HALL-B,25.83,26.1,25.2,1814.0,1808.0,182.9,-76.6,20.1,20.1,300.0,12.5,82.6,0.0,15.0,90.5,22.0,0,0
2026-09-03T05:00:00Z,CDU-B1,HALL-B,25.7,25.78,25.26,1813.0,1790.0,182.6,-53.1,20.1,20.1,300.0,12.5,82.6,0.0,15.0,90.5,21.97,0,0
2026-09-03T06:00:00Z,CDU-B1,HALL-B,25.94,26.06,25.19,1810.0,1790.0,182.0,-91.2,20.0,20.0,300.0,12.5,82.4,0.0,15.0,90.5,21.85,0,0
2026-09-03T07:00:00Z,CDU-B1,HALL-B,25.8,25.8,25.31,1804.0,1786.0,180.8,-58.7,20.0,20.0,300.0,12.5,82.2,0.0,14.9,90.5,21.65,0,0
2026-09-03T08:00:00Z,CDU-B1,HALL-B,25.79,25.86,25.31,1808.0,1807.0,181.6,-57.7,20.2,20.2,300.0,12.5,74.1,8.2,15.0,90.5,21.78,0,0
2026-09-03T09:00:00Z,CDU-B1,HALL-B,25.62,25.68,25.3,1803.0,1800.0,180.6,-38.2,20.0,20.0,300.0,12.5,0.0,82.2,14.9,90.5,21.6,0,0
2026-09-03T10:00:00Z,CDU-B1,HALL-B,25.47,25.6,25.06,1791.0,1763.0,178.2,-48.6,20.1,20.1,300.0,12.6,0.0,81.6,14.7,90.5,21.19,0,0
2026-09-03T11:00:00Z,CDU-B1,HALL-B,25.29,25.46,24.94,1784.0,1780.0,176.8,-41.2,20.0,20.0,300.0,12.5,0.0,81.3,14.6,90.5,20.94,0,0
2026-09-03T12:00:00Z,CDU-B1,HALL-B,25.04,25.22,24.84,1792.0,1784.0,178.5,-23.8,20.2,20.2,300.0,12.5,0.0,81.6,14.7,90.5,21.22,0,0
2026-09-03T13:00:00Z,CDU-B1,HALL-B,24.71,24.79,24.64,1807.0,1782.0,181.4,-8.0,19.9,19.9,300.0,12.5,0.0,82.3,15.0,90.5,21.76,0,0
2026-09-03T14:00:00Z,CDU-B1,HALL-B,24.83,24.97,24.5,1797.0,1775.0,179.4,-39.8,19.9,19.9,300.0,12.5,0.0,81.9,14.8,90.5,21.4,0,0
2026-09-03T15:00:00Z,CDU-B1,HALL-B,25.12,25.28,24.57,1814.0,1809.0,182.8,-66.9,19.8,19.8,300.0,12.5,0.0,82.6,15.1,90.5,21.99,0,0
2026-09-03T16:00:00Z,CDU-B1,HALL-B,24.78,24.89,24.55,1810.0,1797.0,182.0,-27.3,19.9,19.9,300.0,12.5,0.0,82.5,15.0,90.5,21.86,0,0
2026-09-03T17:00:00Z,CDU-B1,HALL-B,24.95,25.04,24.62,1797.0,1794.0,179.4,-39.5,19.9,19.9,300.0,12.6,0.0,81.9,14.8,90.5,21.39,0,0
2026-09-03T18:00:00Z,CDU-B1,HALL-B,24.66,24.86,24.57,1798.0,1786.0,179.6,-11.2,20.2,20.22,300.0,12.4,0.0,81.9,14.8,90.5,21.42,0,0
2026-09-03T19:00:00Z,CDU-B1,HALL-B,24.83,25.0,24.6,1793.0,1761.0,178.6,-27.8,20.3,20.3,300.0,12.5,0.0,81.7,14.7,90.5,21.26,0,0
2026-09-03T20:00:00Z,CDU-B1,HALL-B,24.97,25.12,24.73,1793.0,1783.0,178.6,-28.5,20.0,20.0,300.0,12.5,0.0,81.7,14.7,90.5,21.25,0,0
2026-09-03T21:00:00Z,CDU-B1,HALL-B,24.85,24.95,24.53,1791.0,1777.0,178.2,-38.5,19.7,19.7,300.0,12.5,0.0,81.6,14.7,90.5,21.19,0,0
2026-09-03T22:00:00Z,CDU-B1,HALL-B,24.5,24.53,24.37,1822.0,1819.0,184.4,-15.7,20.0,20.0,300.0,12.5,0.0,83.0,15.2,90.5,22.28,0,0
2026-09-03T23:00:00Z,CDU-B1,HALL-B,25.01,25.2,24.53,1792.0,1784.0,178.5,-58.1,20.0,20.0,300.0,12.6,0.0,81.7,14.7,90.5,21.22,0,0
2026-09-04T00:00:00Z,CDU-B1,HALL-B,24.95,25.05,24.71,1797.0,1794.0,179.4,-29.1,20.2,20.2,300.0,12.5,0.0,81.9,14.8,90.5,21.4,0,0
2026-09-04T01:00:00Z,CDU-B1,HALL-B,25.06,25.16,24.8,1795.0,1777.0,179.0,-31.3,19.9,19.9,300.0,12.5,0.0,81.8,14.8,90.5,21.33,0,0
2026-09-04T02:00:00Z,CDU-B1,HALL-B,25.39,25.43,24.97,1813.0,1793.0,182.6,-50.5,19.8,19.8,300.0,12.5,0.0,82.6,15.1,90.5,21.96,0,0
2026-09-04T03:00:00Z,CDU-B1,HALL-B,25.53,25.67,25.03,1785.0,1785.0,177.1,-59.3,19.9,19.9,300.0,12.5,0.0,81.3,14.6,90.5,20.98,0,0
2026-09-04T04:00:00Z,CDU-B1,HALL-B,25.33,25.54,25.12,1794.0,1791.0,178.8,-24.9,19.9,19.9,300.0,12.5,0.0,81.7,14.8,90.5,21.29,0,0
2026-09-04T05:00:00Z,CDU-B1,HALL-B,25.49,25.57,25.1,1786.0,1783.0,177.2,-46.3,19.9,19.9,300.0,12.4,0.0,81.4,14.6,90.5,21.01,0,0
2026-09-04T06:00:00Z,CDU-B1,HALL-B,25.24,25.39,25.11,1795.0,1787.0,179.0,-15.5,20.0,20.0,300.0,12.5,0.0,81.7,14.8,90.5,21.32,0,0
2026-09-04T07:00:00Z,CDU-B1,HALL-B,25.3,25.35,25.04,1787.0,1770.0,177.4,-30.6,19.8,19.8,300.0,12.6,0.0,81.4,14.7,90.5,21.05,0,0
2026-09-04T08:00:00Z,CDU-B1,HALL-B,25.08,25.26,25.0,1812.0,1799.0,182.4,-9.6,20.2,20.25,300.0,12.5,0.0,82.5,15.1,90.5,21.93,0,0
2026-09-04T09:00:00Z,CDU-B1,HALL-B,24.8,24.94,24.93,1813.0,1807.0,182.5,15.9,20.2,20.95,300.0,12.5,0.0,82.6,15.1,90.5,21.97,0,0
2026-09-04T10:00:00Z,CDU-B1,HALL-B,24.47,24.63,24.8,1803.0,1799.0,180.5,39.8,19.9,21.82,300.0,12.5,0.0,82.1,14.9,90.5,21.61,0,0
2026-09-04T11:00:00Z,CDU-B1,HALL-B,24.24,24.28,24.78,1810.0,1805.0,182.0,65.7,19.9,22.77,324.0,13.5,0.0,82.5,15.1,90.5,21.85,0,0
2026-09-04T12:00:00Z,CDU-B1,HALL-B,24.24,24.43,24.74,1807.0,1797.0,181.4,60.6,19.7,22.51,309.0,12.8,0.0,82.3,15.0,90.5,21.76,0,0
2026-09-04T13:00:00Z,CDU-B1,HALL-B,24.35,24.4,24.82,1790.0,1785.0,178.0,56.0,19.7,22.39,301.0,12.6,0.0,81.5,14.7,90.5,21.16,0,0
2026-09-04T14:00:00Z,CDU-B1,HALL-B,24.4,24.45,24.79,1792.0,1777.0,178.3,46.6,19.8,22.03,300.0,12.6,0.0,81.7,14.8,90.5,21.22,0,0
2026-09-04T15:00:00Z,CDU-B1,HALL-B,24.69,24.82,24.9,1800.0,1786.0,180.0,24.9,20.0,21.19,300.0,12.5,0.0,82.0,14.9,90.5,21.5,0,0
2026-09-04T16:00:00Z,CDU-B1,HALL-B,24.98,25.13,24.91,1798.0,1789.0,179.6,-8.8,19.9,19.91,300.0,12.5,0.0,82.0,14.9,90.5,21.44,0,0
2026-09-04T17:00:00Z,CDU-B1,HALL-B,25.27,25.28,25.14,1795.0,1782.0,179.1,-15.0,19.9,19.9,300.0,12.5,0.0,81.8,14.8,90.5,21.33,0,0
2026-09-04T18:00:00Z,CDU-B1,HALL-B,25.26,25.36,25.07,1808.0,1798.0,181.6,-22.6,19.8,19.8,300.0,12.5,0.0,82.4,15.1,90.5,21.78,0,0
2026-09-04T19:00:00Z,CDU-B1,HALL-B,24.81,24.97,25.07,1791.0,1784.0,178.2,31.2,19.9,21.41,300.0,12.5,0.0,81.6,14.8,90.5,21.2,0,0
2026-09-04T20:00:00Z,CDU-B1,HALL-B,25.02,25.04,25.07,1797.0,1783.0,179.4,5.7,19.6,19.92,300.0,12.5,0.0,81.9,14.8,90.5,21.39,0,0
2026-09-04T21:00:00Z,CDU-B1,HALL-B,25.38,25.56,25.12,1797.0,1784.0,179.4,-31.5,20.1,20.1,300.0,12.5,0.0,81.8,14.8,90.5,21.4,0,0
2026-09-04T22:00:00Z,CDU-B1,HALL-B,25.19,25.28,24.99,1791.0,1781.0,178.2,-24.0,19.8,19.8,300.0,12.5,0.0,81.6,14.7,90.5,21.18,0,0
2026-09-04T23:00:00Z,CDU-B1,HALL-B,25.18,25.43,25.07,1807.0,1772.0,181.5,-12.8,20.1,20.16,300.0,12.6,0.0,82.3,15.0,90.5,21.74,0,0
2026-09-05T00:00:00Z,CDU-B1,HALL-B,25.13,25.3,25.15,1801.0,1784.0,180.1,2.3,19.7,19.91,300.0,12.4,0.0,82.0,14.9,90.5,21.54,0,0
2026-09-05T01:00:00Z,CDU-B1,HALL-B,25.12,25.42,25.29,1797.0,1790.0,179.4,20.4,20.1,21.29,300.0,12.4,0.0,81.9,14.9,90.5,21.39,0,0
2026-09-05T02:00:00Z,CDU-B1,HALL-B,24.86,24.96,25.3,1805.0,1792.0,181.0,53.0,20.1,22.65,300.0,12.5,0.0,82.2,15.0,90.5,21.68,0,0
2026-09-05T03:00:00Z,CDU-B1,HALL-B,24.6,24.67,25.2,1791.0,1765.0,178.2,72.2,19.9,23.18,316.0,13.2,0.0,81.6,14.8,90.5,21.19,0,0
2026-09-05T04:00:00Z,CDU-B1,HALL-B,24.97,25.06,25.32,1833.0,1806.0,186.7,43.0,20.0,22.07,300.0,12.5,0.0,83.5,15.5,90.5,22.68,0,0
2026-09-05T05:00:00Z,CDU-B1,HALL-B,24.67,24.97,25.15,1795.0,1765.0,178.9,57.9,19.7,22.41,305.0,12.7,0.0,81.8,14.9,90.5,21.34,0,0
2026-09-05T06:00:00Z,CDU-B1,HALL-B,24.68,24.73,25.23,1794.0,1793.0,178.8,66.3,20.0,23.01,316.0,13.2,0.0,81.7,14.8,90.5,21.28,0,0
2026-09-05T07:00:00Z,CDU-B1,HALL-B,24.53,24.57,25.23,1802.0,1798.0,180.4,84.5,19.8,23.23,353.0,14.7,0.0,82.1,15.0,90.5,21.57,0,0
2026-09-05T08:00:00Z,CDU-B1,HALL-B,24.58,24.62,25.26,1794.0,1777.0,178.8,81.4,19.9,23.26,348.0,14.5,0.0,81.7,14.8,90.5,21.29,0,0
2026-09-05T09:00:00Z,CDU-B1,HALL-B,24.57,24.71,25.17,1807.0,1799.0,181.4,72.1,20.2,23.15,354.0,14.7,0.0,82.3,15.1,90.5,21.75,0,0
2026-09-05T10:00:00Z,CDU-B1,HALL-B,24.41,24.43,25.03,1809.0,1793.0,181.8,75.5,19.9,23.01,345.0,14.4,0.0,82.4,15.1,90.5,21.81,0,0
2026-09-05T11:00:00Z,CDU-B1,HALL-B,24.62,24.78,25.15,1789.0,1761.0,177.8,63.6,20.1,23.02,309.0,12.8,0.0,81.5,14.8,90.5,21.12,0,0
2026-09-05T12:00:00Z,CDU-B1,HALL-B,24.91,24.95,25.25,1788.0,1778.0,177.6,40.1,20.1,22.05,300.0,12.5,0.0,81.5,14.7,90.5,21.08,0,0
2026-09-05T13:00:00Z,CDU-B1,HALL-B,24.69,24.75,25.33,1816.0,1799.0,183.2,77.2,20.3,23.32,365.0,15.2,0.0,82.7,15.2,90.5,22.08,0,0
2026-09-05T14:00:00Z,CDU-B1,HALL-B,24.77,24.86,25.39,1805.0,1792.0,181.1,75.0,19.8,23.31,308.0,12.8,0.0,82.2,15.0,90.5,21.67,0,0
2026-09-05T15:00:00Z,CDU-B1,HALL-B,25.14,25.44,25.41,1787.0,1783.0,177.4,32.8,20.0,21.57,300.0,12.5,0.0,81.4,14.8,90.5,21.04,0,0
2026-09-05T16:00:00Z,CDU-B1,HALL-B,24.81,24.91,25.3,1809.0,1806.0,181.8,59.2,20.0,22.84,304.0,12.6,0.0,82.4,15.1,90.5,21.83,0,0
2026-09-05T17:00:00Z,CDU-B1,HALL-B,25.08,25.1,25.46,1804.0,1802.0,180.8,45.8,20.0,22.22,300.0,12.5,0.0,82.2,15.0,90.5,21.64,0,0
2026-09-05T18:00:00Z,CDU-B1,HALL-B,25.15,25.26,25.51,1782.0,1777.0,176.4,42.6,19.9,21.95,300.0,12.5,0.0,81.2,14.7,90.5,20.88,0,0
2026-09-05T19:00:00Z,CDU-B1,HALL-B,25.19,25.21,25.61,1804.0,1800.0,180.9,50.8,20.1,22.52,300.0,12.5,0.0,82.2,15.0,90.5,21.64,0,0
2026-09-05T20:00:00Z,CDU-B1,HALL-B,25.15,25.29,25.58,1812.0,1790.0,182.5,52.3,20.1,22.6,302.0,12.6,0.0,82.6,15.2,90.5,21.93,0,0
2026-09-05T21:00:00Z,CDU-B1,HALL-B,25.13,25.14,25.63,1805.0,1793.0,181.0,59.8,20.3,23.2,300.0,12.4,0.0,82.2,15.1,90.5,21.68,0,0
2026-09-05T22:00:00Z,CDU-B1,HALL-B,25.4,25.46,25.71,1788.0,1774.0,177.6,36.4,20.0,21.74,300.0,12.5,0.0,81.4,14.8,90.5,21.07,0,0
2026-09-05T23:00:00Z,CDU-B1,HALL-B,25.23,25.29,25.65,1797.0,1790.0,179.5,50.2,20.1,22.49,300.0,12.6,0.0,81.8,14.9,90.5,21.41,0,0
2026-09-06T00:00:00Z,CDU-B1,HALL-B,24.87,24.91,25.44,1790.0,1781.0,178.1,68.4,20.0,23.19,304.0,12.7,0.0,81.5,14.8,90.5,21.15,0,0
2026-09-06T01:00:00Z,CDU-B1,HALL-B,24.63,24.78,25.12,1779.0,1766.0,175.8,57.7,19.8,22.58,300.0,12.4,0.0,81.0,14.6,90.5,20.78,0,0
2026-09-06T02:00:00Z,CDU-B1,HALL-B,24.63,24.76,25.22,1786.0,1775.0,177.2,70.9,19.9,22.97,324.0,13.5,0.0,81.3,14.8,90.5,21.01,0,0
2026-09-06T03:00:00Z,CDU-B1,HALL-B,24.32,24.37,25.06,1801.0,1796.0,180.2,89.2,19.9,23.06,404.0,16.9,0.0,82.0,15.0,90.5,21.53,0,0
2026-09-06T04:00:00Z,CDU-B1,HALL-B,24.38,24.49,25.14,1803.0,1788.0,180.5,91.0,19.9,23.14,404.0,16.9,0.0,82.1,15.0,90.5,21.61,0,0
2026-09-06T05:00:00Z,CDU-B1,HALL-B,24.29,24.43,25.17,1807.0,1789.0,181.4,106.3,20.0,23.17,479.0,20.0,0.0,82.3,15.1,90.5,21.75,0,0
2026-09-06T06:00:00Z,CDU-B1,HALL-B,24.65,24.91,25.24,1808.0,1793.0,181.6,71.4,20.0,23.0,341.0,14.1,0.0,82.4,15.1,90.5,21.79,0,0
2026-09-06T07:00:00Z,CDU-B1,HALL-B,24.94,25.2,25.4,1791.0,1783.0,178.2,55.2,20.1,22.68,307.0,12.8,0.0,81.6,14.8,90.5,21.18,0,0
2026-09-06T08:00:00Z,CDU-B1,HALL-B,24.83,24.91,25.34,1801.0,1792.0,180.3,61.8,19.9,22.84,300.0,12.5,0.0,82.0,15.0,90.5,21.53,0,0
2026-09-06T09:00:00Z,CDU-B1,HALL-B,24.79,24.89,25.37,1800.0,1800.0,180.1,69.5,19.9,23.12,307.0,12.8,0.0,82.0,15.0,90.5,21.5,0,0
2026-09-06T10:00:00Z,CDU-B1,HALL-B,24.99,25.3,25.28,1784.0,1774.0,176.8,35.0,19.9,21.56,300.0,12.5,0.0,81.3,14.7,90.5,20.94,0,0
2026-09-06T11:00:00Z,CDU-B1,HALL-B,24.89,24.95,25.05,1799.0,1793.0,179.8,19.2,19.9,20.81,300.0,12.5,0.0,81.9,15.0,90.5,21.46,0,0
2026-09-06T12:00:00Z,CDU-B1,HALL-B,24.98,25.14,25.09,1808.0,1788.0,181.7,13.7,20.0,20.62,300.0,12.5,0.0,82.4,15.1,90.5,21.79,0,0
2026-09-06T13:00:00Z,CDU-B1,HALL-B,25.4,25.44,25.26,1809.0,1803.0,181.8,-16.9,20.1,20.1,300.0,12.5,0.0,82.4,15.2,90.5,21.81,0,0
2026-09-06T14:00:00Z,CDU-B1,HALL-B,25.43,25.47,25.33,1805.0,1797.0,181.0,-12.1,20.0,20.0,300.0,12.5,0.0,82.2,15.1,90.5,21.68,0,0
2026-09-06T15:00:00Z,CDU-B1,HALL-B,25.26,25.31,25.28,1814.0,1793.0,182.8,2.1,19.9,20.16,300.0,12.5,0.0,82.6,15.2,90.5,21.99,0,0
2026-09-06T16:00:00Z,CDU-B1,HALL-B,25.63,25.69,25.15,1792.0,1765.0,178.4,-58.1,20.0,20.0,300.0,12.5,0.0,81.7,14.9,90.5,21.22,0,0
2026-09-06T17:00:00Z,CDU-B1,HALL-B,25.48,25.59,25.36,1806.0,1782.0,181.3,-15.0,19.9,19.91,300.0,12.5,0.0,82.3,15.1,90.5,21.71,0,0
2026-09-06T18:00:00Z,CDU-B1,HALL-B,25.47,25.52,25.55,1795.0,1768.0,179.0,10.2,20.4,20.9,300.0,12.5,0.0,81.8,14.9,90.5,21.33,0,0
2026-09-06T19:00:00Z,CDU-B1,HALL-B,25.59,25.96,25.68,1780.0,1744.0,176.0,10.9,19.9,20.56,300.0,12.5,0.0,81.1,14.7,90.5,20.8,0,0
2026-09-06T20:00:00Z,CDU-B1,HALL-B,25.79,26.11,25.61,1804.0,1795.0,180.8,-22.1,19.9,19.98,300.0,12.5,0.0,82.2,15.1,90.5,21.64,0,0
2026-09-06T21:00:00Z,CDU-B1,HALL-B,26.06,26.08,25.65,1803.0,1794.0,180.6,-49.9,20.1,20.1,300.0,12.5,0.0,82.2,15.1,90.5,21.61,0,0
2026-09-06T22:00:00Z,CDU-B1,HALL-B,25.97,26.06,25.99,1799.0,1789.0,179.8,2.9,20.2,20.68,300.0,12.6,0.0,82.0,15.0,90.5,21.47,0,0
2026-09-06T23:00:00Z,CDU-B1,HALL-B,25.88,26.34,25.98,1808.0,1791.0,181.6,11.9,19.8,20.57,300.0,12.5,0.0,82.4,15.2,90.5,21.78,0,0
2026-09-07T00:00:00Z,CDU-B1,HALL-B,26.11,26.31,26.14,1807.0,1793.0,181.4,3.0,20.0,20.23,300.0,12.5,0.0,82.3,15.2,90.5,21.74,0,0
2026-09-07T01:00:00Z,CDU-B1,HALL-B,25.93,26.03,25.82,1800.0,1773.0,180.0,-13.0,19.7,19.72,300.0,12.4,0.0,82.0,15.1,90.5,21.5,0,0
2026-09-07T02:00:00Z,CDU-B1,HALL-B,25.77,25.88,25.67,1798.0,1792.0,179.7,-12.5,20.2,20.25,300.0,12.4,0.0,81.9,15.0,90.5,21.43,0,0
2026-09-07T03:00:00Z,CDU-B1,HALL-B,25.64,25.64,25.8,1796.0,1790.0,179.2,19.1,20.0,20.9,300.0,12.6,0.0,81.8,15.0,90.5,21.36,0,0
2026-09-07T04:00:00Z,CDU-B1,HALL-B,25.37,25.69,25.79,1789.0,1750.0,177.8,50.8,20.0,22.43,301.0,12.5,0.0,81.5,14.9,90.5,21.12,0,0
2026-09-07T05:00:00Z,CDU-B1,HALL-B,25.4,25.43,25.78,1787.0,1763.0,177.4,45.2,19.8,21.98,300.0,12.5,0.0,81.4,14.8,90.5,21.05,0,0
2026-09-07T06:00:00Z,CDU-B1,HALL-B,25.55,25.58,25.58,1818.0,1800.0,183.6,3.9,19.8,20.21,300.0,12.5,0.0,82.8,15.4,90.5,22.15,0,0
2026-09-07T07:00:00Z,CDU-B1,HALL-B,25.54,25.89,25.49,1786.0,1781.0,177.3,-5.9,20.0,20.25,300.0,12.5,0.0,81.4,14.8,90.5,21.01,0,0
2026-09-07T08:00:00Z,CDU-B1,HALL-B,25.62,25.74,25.66,1825.0,1779.0,185.1,5.4,20.0,20.43,300.0,12.4,0.0,83.1,15.5,90.5,22.39,0,0
2026-09-07T09:00:00Z,CDU-B1,HALL-B,25.33,25.4,25.79,1805.0,1800.0,181.0,56.0,19.8,22.46,300.0,12.5,0.0,82.2,15.1,90.5,21.68,0,0
2026-09-07T10:00:00Z,CDU-B1,HALL-B,24.94,25.06,25.69,1788.0,1786.0,177.5,89.3,20.1,23.68,357.0,14.8,0.0,81.5,14.8,90.5,21.08,0,0
2026-09-07T11:00:00Z,CDU-B1,HALL-B,25.0,25.05,25.69,1789.0,1774.0,177.8,82.7,19.9,23.62,318.0,13.3,0.0,81.5,14.9,90.5,21.11,0,0
2026-09-07T12:00:00Z,CDU-B1,HALL-B,24.9,25.06,25.6,1802.0,1779.0,180.4,84.3,20.0,23.53,344.0,14.3,0.0,82.1,15.1,90.5,21.58,0,0
2026-09-07T13:00:00Z,CDU-B1,HALL-B,24.54,24.8,25.56,1816.0,1809.0,183.2,123.3,20.2,23.56,528.0,22.0,0.0,82.7,15.3,90.5,22.07,0,0
2026-09-07T14:00:00Z,CDU-B1,HALL-B,24.91,24.95,25.73,1799.0,1786.0,179.8,99.0,20.3,23.72,410.0,17.1,0.0,81.9,15.1,90.5,21.47,0,0
2026-09-07T15:00:00Z,CDU-B1,HALL-B,24.94,25.05,25.67,1798.0,1783.0,179.6,87.3,20.1,23.66,352.0,14.6,0.0,81.9,15.1,90.5,21.43,0,0
2026-09-07T16:00:00Z,CDU-B1,HALL-B,25.05,25.32,25.57,1809.0,1808.0,181.8,62.8,19.7,22.59,310.0,12.9,0.0,82.4,15.2,90.5,21.83,0,0
2026-09-07T17:00:00Z,CDU-B1,HALL-B,25.3,25.38,25.36,1805.0,1788.0,181.0,7.7,19.8,20.17,300.0,12.5,0.0,82.3,15.2,90.5,21.68,0,0
2026-09-07T18:00:00Z,CDU-B1,HALL-B,25.19,25.44,25.35,1797.0,1766.0,179.4,19.8,20.1,21.11,300.0,12.5,0.0,81.9,15.1,90.5,21.39,0,0
2026-09-07T19:00:00Z,CDU-B1,HALL-B,24.94,25.11,25.45,1806.0,1782.0,181.3,62.1,20.1,23.07,300.0,12.5,0.0,82.3,15.2,90.5,21.72,0,0
2026-09-07T20:00:00Z,CDU-B1,HALL-B,25.35,25.58,25.65,1799.0,1783.0,179.8,36.5,19.9,21.66,300.0,12.5,0.0,82.0,15.1,90.5,21.47,0,0
2026-09-07T21:00:00Z,CDU-B1,HALL-B,25.33,25.44,25.61,1791.0,1767.0,178.2,33.1,20.0,21.57,300.0,12.5,0.0,81.6,14.9,90.5,21.19,0,0
2026-09-07T22:00:00Z,CDU-B1,HALL-B,25.14,25.18,25.41,1784.0,1778.0,176.8,32.0,19.8,21.32,300.0,12.6,0.0,81.3,14.8,90.5,20.94,0,0
2026-09-07T23:00:00Z,CDU-B1,HALL-B,25.09,25.19,25.66,1817.0,1801.0,183.5,69.5,20.2,23.39,313.0,13.0,0.0,82.8,15.4,90.5,22.11,0,0
2026-09-08T00:00:00Z,CDU-B1,HALL-B,25.05,25.1,25.7,1806.0,1776.0,181.3,78.9,19.8,23.58,302.0,12.6,0.0,82.3,15.2,90.5,21.71,0,0
2026-09-08T01:00:00Z,CDU-B1,HALL-B,25.14,25.2,25.63,1803.0,1782.0,180.6,59.4,19.9,22.73,300.0,12.5,0.0,82.2,15.2,90.5,21.61,0,0
2026-09-08T02:00:00Z,CDU-B1,HALL-B,25.16,25.3,25.75,1799.0,1792.0,179.8,70.8,19.8,23.15,302.0,12.6,0.0,81.9,15.1,90.5,21.46,0,0
2026-09-08T03:00:00Z,CDU-B1,HALL-B,25.28,25.44,25.62,1796.0,1787.0,179.3,40.8,19.8,21.78,300.0,12.5,0.0,81.8,15.0,90.5,21.36,0,0
2026-09-08T04:00:00Z,CDU-B1,HALL-B,25.17,25.35,25.81,1799.0,1774.0,179.8,77.1,20.1,23.41,330.0,13.8,0.0,82.0,15.1,90.5,21.48,0,0
2026-09-08T05:00:00Z,CDU-B1,HALL-B,25.02,25.06,25.73,1797.0,1779.0,179.4,84.9,19.9,23.73,318.0,13.2,0.0,81.9,15.0,90.5,21.4,0,0
2026-09-08T06:00:00Z,CDU-B1,HALL-B,24.95,25.02,25.63,1803.0,1792.0,180.6,82.5,20.1,23.62,335.0,14.0,0.0,82.1,15.2,90.5,21.61,0,0
2026-09-08T07:00:00Z,CDU-B1,HALL-B,25.17,25.17,25.54,1798.0,1786.0,179.6,44.1,19.9,22.02,300.0,12.5,0.0,81.9,15.1,90.5,21.44,0,0
2026-09-08T08:00:00Z,CDU-B1,HALL-B,25.2,25.22,25.53,1816.0,1795.0,183.2,40.2,19.8,21.73,300.0,12.5,0.0,82.7,15.4,90.5,22.08,0,0
2026-09-08T09:00:00Z,CDU-B1,HALL-B,25.07,25.14,25.69,1788.0,1775.0,177.6,73.9,20.0,23.36,315.0,13.1,0.0,81.4,14.9,90.5,21.08,0,0
2026-09-08T10:00:00Z,CDU-B1,HALL-B,24.83,24.87,25.8,1803.0,1801.0,180.6,116.3,19.9,23.8,429.0,17.9,0.0,82.1,15.2,90.5,21.61,0,0
2026-09-08T11:00:00Z,CDU-B1,HALL-B,24.96,24.96,25.78,1809.0,1805.0,181.8,99.0,20.1,23.79,388.0,16.2,0.0,82.4,15.3,90.5,21.82,0,0
2026-09-08T12:00:00Z,CDU-B1,HALL-B,24.96,25.27,25.77,1802.0,1771.0,180.4,97.2,19.9,23.68,367.0,15.3,0.0,82.1,15.2,90.5,21.58,0,0
2026-09-08T13:00:00Z,CDU-B1,HALL-B,25.1,25.32,25.64,1794.0,1762.0,178.8,64.5,19.9,22.97,305.0,12.8,0.0,81.8,15.0,90.5,21.29,0,0
2026-09-08T14:00:00Z,CDU-B1,HALL-B,25.02,25.23,25.78,1783.0,1776.0,176.7,90.4,20.2,23.78,366.0,15.3,0.0,81.2,14.8,90.5,20.91,0,0
2026-09-08T15:00:00Z,CDU-B1,HALL-B,25.26,25.33,25.9,1792.0,1789.0,178.4,76.8,19.8,23.42,305.0,12.8,0.0,81.6,15.0,90.5,21.22,0,0
2026-09-08T16:00:00Z,CDU-B1,HALL-B,25.34,25.35,25.88,1788.0,1770.0,177.6,64.5,20.0,23.09,300.0,12.4,0.0,81.4,14.9,90.5,21.08,0,0
2026-09-08T17:00:00Z,CDU-B1,HALL-B,25.64,25.72,25.82,1806.0,1789.0,181.2,22.2,20.1,21.15,300.0,12.5,0.0,82.2,15.2,90.5,21.72,0,0
2026-09-08T18:00:00Z,CDU-B1,HALL-B,25.73,25.82,25.61,1799.0,1779.0,179.8,-14.3,20.1,20.1,300.0,12.5,0.0,82.0,15.1,90.5,21.46,0,0
2026-09-08T19:00:00Z,CDU-B1,HALL-B,25.61,25.67,25.94,1812.0,1798.0,182.4,39.5,19.9,21.8,300.0,12.5,0.0,82.5,15.3,90.5,21.93,0,0
2026-09-08T20:00:00Z,CDU-B1,HALL-B,25.43,25.5,25.93,1807.0,1795.0,181.4,60.1,19.8,22.65,300.0,12.5,0.0,82.3,15.2,90.5,21.76,0,0
2026-09-08T21:00:00Z,CDU-B1,HALL-B,24.94,25.0,25.73,1807.0,1807.0,181.4,95.9,20.2,23.74,390.0,16.3,0.0,82.3,15.3,90.5,21.75,0,0
2026-09-08T22:00:00Z,CDU-B1,HALL-B,24.99,25.14,25.55,1788.0,1776.0,177.6,67.2,20.2,23.09,329.0,13.7,0.0,81.4,14.9,90.5,21.08,0,0
2026-09-08T23:00:00Z,CDU-B1,HALL-B,25.22,25.53,25.42,1807.0,1788.0,181.4,23.5,20.1,21.27,300.0,12.5,0.0,82.3,15.3,90.5,21.75,0,0
2026-09-09T00:00:00Z,CDU-B1,HALL-B,25.09,25.16,25.66,1796.0,1795.0,179.2,68.1,20.2,23.41,305.0,12.7,0.0,81.8,15.1,90.5,21.36,0,0
2026-09-09T01:00:00Z,CDU-B1,HALL-B,24.97,25.08,25.7,1773.0,1742.0,174.7,87.0,19.9,23.66,332.0,13.9,0.0,80.8,14.7,90.5,20.57,0,0
2026-09-09T02:00:00Z,CDU-B1,HALL-B,25.07,25.16,25.67,1792.0,1772.0,178.4,71.7,20.1,23.48,302.0,12.5,0.0,81.6,15.0,90.5,21.22,0,0
2026-09-09T03:00:00Z,CDU-B1,HALL-B,25.0,25.05,25.53,1789.0,1774.0,177.9,63.0,20.2,23.23,302.0,12.6,0.0,81.5,15.0,90.5,21.11,0,0
2026-09-09T04:00:00Z,CDU-B1,HALL-B,25.17,25.38,25.54,1807.0,1805.0,181.4,44.7,20.1,22.21,305.0,12.8,0.0,82.3,15.3,90.5,21.75,0,0
2026-09-09T05:00:00Z,CDU-B1,HALL-B,25.06,25.28,25.7,1818.0,1791.0,183.6,78.0,19.9,23.52,310.0,12.9,0.0,82.8,15.5,90.5,22.15,0,0
2026-09-09T06:00:00Z,CDU-B1,HALL-B,25.24,25.41,25.97,1793.0,1771.0,178.7,87.1,20.1,23.92,328.0,13.7,0.0,81.7,15.1,90.5,21.25,0,0
2026-09-09T07:00:00Z,CDU-B1,HALL-B,25.29,25.32,25.79,1803.0,1773.0,180.5,60.4,19.8,22.74,300.0,12.5,0.0,82.1,15.2,90.5,21.61,0,0
2026-09-09T08:00:00Z,CDU-B1,HALL-B,25.48,25.67,25.7,1805.0,1801.0,181.0,26.1,19.9,21.13,300.0,12.6,0.0,82.2,15.3,90.5,21.68,0,0
2026-09-09T09:00:00Z,CDU-B1,HALL-B,24.97,25.02,25.42,1798.0,1770.0,179.6,54.5,19.7,22.29,300.0,12.5,0.0,81.9,15.1,90.5,21.43,0,0
2026-09-09T10:00:00Z,CDU-B1,HALL-B,25.19,25.5,25.76,1788.0,1749.0,177.6,67.7,19.9,23.09,303.0,12.7,0.0,81.5,15.0,90.5,21.08,0,0
2026-09-09T11:00:00Z,CDU-B1,HALL-B,25.38,25.4,25.82,1801.0,1793.0,180.2,53.0,19.9,22.41,300.0,12.5,0.0,82.1,15.2,90.5,21.54,0,0
2026-09-09T12:00:00Z,CDU-B1,HALL-B,25.52,25.65,25.69,1785.0,1758.0,177.0,20.1,20.1,21.08,300.0,12.5,0.0,81.3,14.9,90.5,20.99,0,0
2026-09-09T13:00:00Z,CDU-B1,HALL-B,25.39,25.51,25.55,1794.0,1773.0,178.8,19.4,20.0,20.94,300.0,12.5,0.0,81.7,15.1,90.5,21.29,0,0
2026-09-09T14:00:00Z,CDU-B1,HALL-B,25.24,25.25,25.49,1799.0,1772.0,179.7,30.1,20.0,21.48,300.0,12.5,0.0,81.9,15.2,90.5,21.47,0,0
2026-09-09T15:00:00Z,CDU-B1,HALL-B,25.15,25.17,25.68,1792.0,1788.0,178.4,63.5,19.9,22.92,300.0,12.6,0.0,81.7,15.0,90.5,21.22,0,0
2026-09-09T16:00:00Z,CDU-B1,HALL-B,25.45,25.5,25.89,1798.0,1787.0,179.6,52.8,19.8,22.31,300.0,12.5,0.0,81.9,15.2,90.5,21.43,0,0
2026-09-09T17:00:00Z,CDU-B1,HALL-B,25.65,25.74,25.88,1810.0,1774.0,182.1,28.1,20.0,21.32,300.0,12.5,0.0,82.5,15.4,90.5,21.87,0,0
2026-09-09T18:00:00Z,CDU-B1,HALL-B,25.27,25.31,25.66,1817.0,1791.0,183.5,47.3,19.8,22.09,300.0,12.5,0.0,82.8,15.5,90.5,22.11,0,0
2026-09-09T19:00:00Z,CDU-B1,HALL-B,25.03,25.09,25.57,1797.0,1778.0,179.4,64.8,20.0,23.11,301.0,12.5,0.0,81.8,15.2,90.5,21.4,0,0
2026-09-09T20:00:00Z,CDU-B1,HALL-B,25.22,25.33,25.83,1813.0,1795.0,182.6,73.4,20.0,23.5,301.0,12.6,0.0,82.6,15.4,90.5,21.97,0,0
2026-09-09T21:00:00Z,CDU-B1,HALL-B,25.68,25.82,26.31,1779.0,1765.0,175.8,75.3,20.0,23.59,302.0,12.6,0.0,81.0,14.9,90.5,20.77,0,0
2026-09-09T22:00:00Z,CDU-B1,HALL-B,25.62,25.85,26.27,1816.0,1809.0,183.2,79.1,20.0,23.72,303.0,12.6,0.0,82.7,15.5,90.5,22.07,0,0
2026-09-09T23:00:00Z,CDU-B1,HALL-B,25.33,25.44,26.02,1790.0,1780.0,178.0,82.5,20.1,23.84,314.0,13.1,0.0,81.5,15.1,90.5,21.14,0,0
2026-09-10T00:00:00Z,CDU-B1,HALL-B,24.85,25.09,25.88,1813.0,1803.0,182.6,124.2,20.3,23.87,499.0,20.7,0.0,82.6,15.4,90.5,21.96,0,0
2026-09-10T01:00:00Z,CDU-B1,HALL-B,24.76,24.79,25.93,1791.0,1781.0,178.2,139.5,20.2,23.92,536.0,22.3,0.0,81.6,15.1,90.5,21.18,0,0
2026-09-10T02:00:00Z,CDU-B1,HALL-B,24.85,25.01,26.19,1810.0,1792.0,182.1,162.5,20.3,24.2,599.0,25.0,0.0,82.4,15.4,90.5,21.86,0,0
2026-09-10T03:00:00Z,CDU-B1,HALL-B,24.89,24.96,26.04,1806.0,1793.0,181.2,138.5,20.2,24.04,518.0,21.6,0.0,82.3,15.3,90.5,21.71,0,0
2026-09-10T04:00:00Z,CDU-B1,HALL-B,24.91,25.08,25.81,1791.0,1755.0,178.3,108.2,19.9,23.82,397.0,16.6,0.0,81.6,15.1,90.5,21.19,0,0
2026-09-10T05:00:00Z,CDU-B1,HALL-B,25.33,25.39,25.94,1814.0,1796.0,182.8,73.6,20.1,23.51,308.0,12.8,0.0,82.6,15.5,90.5,22.0,0,0
2026-09-10T06:00:00Z,CDU-B1,HALL-B,24.89,25.16,25.77,1805.0,1787.0,181.0,105.7,20.1,23.77,416.0,17.4,0.0,82.3,15.3,90.5,21.69,0,0
2026-09-10T07:00:00Z,CDU-B1,HALL-B,24.85,24.89,25.94,1797.0,1781.0,179.3,130.4,20.2,23.94,501.0,20.8,0.0,81.9,15.2,90.5,21.4,0,0
2026-09-10T08:00:00Z,CDU-B1,HALL-B,25.18,25.19,25.85,1805.0,1801.0,181.0,81.2,19.6,23.44,302.0,12.6,8.2,74.1,15.3,90.5,21.67,0,0
2026-09-10T09:00:00Z,CDU-B1,HALL-B,25.16,25.24,25.8,1804.0,1797.0,180.8,77.3,20.0,23.62,308.0,12.8,82.2,0.0,15.3,90.5,21.64,0,0
2026-09-10T10:00:00Z,CDU-B1,HALL-B,25.38,25.46,25.81,1810.0,1784.0,182.1,52.0,20.2,22.67,300.0,12.5,82.5,0.0,15.4,90.5,21.86,0,0
2026-09-10T11:00:00Z,CDU-B1,HALL-B,25.31,25.52,26.1,1821.0,1804.0,184.2,95.5,20.0,24.06,337.0,14.1,82.9,0.0,15.6,90.5,22.26,0,0
2026-09-10T12:00:00Z,CDU-B1,HALL-B,24.94,24.96,26.06,1796.0,1785.0,179.2,134.8,20.0,24.06,476.0,19.9,81.8,0.0,15.2,90.5,21.37,0,0
2026-09-10T13:00:00Z,CDU-B1,HALL-B,24.66,24.78,26.03,1810.0,1794.0,182.1,166.2,19.9,24.02,574.0,23.9,82.4,0.0,15.4,90.5,21.86,0,0
2026-09-10T14:00:00Z,CDU-B1,HALL-B,24.71,24.78,25.84,1796.0,1777.0,179.2,135.6,20.0,23.84,508.0,21.1,81.8,0.0,15.2,90.5,21.36,0,0
2026-09-10T15:00:00Z,CDU-B1,HALL-B,24.79,25.02,25.97,1812.0,1811.0,182.4,142.3,20.0,23.97,516.0,21.5,82.5,0.0,15.5,90.5,21.93,0,0
2026-09-10T16:00:00Z,CDU-B1,HALL-B,24.82,24.83,26.01,1804.0,1783.0,180.8,143.4,20.0,24.01,514.0,21.4,82.2,0.0,15.3,90.5,21.64,0,0
2026-09-10T17:00:00Z,CDU-B1,HALL-B,24.87,24.89,26.19,1802.0,1797.0,180.4,159.2,19.9,24.19,532.0,22.1,82.1,0.0,15.3,90.5,21.56,0,0
2026-09-10T18:00:00Z,CDU-B1,HALL-B,24.55,24.58,25.92,1805.0,1793.0,181.0,165.7,20.0,23.92,604.0,25.2,82.3,0.0,15.3,90.5,21.68,0,0
2026-09-10T19:00:00Z,CDU-B1,HALL-B,24.66,24.77,25.76,1814.0,1801.0,182.8,133.4,20.3,23.77,555.0,23.1,82.6,0.0,15.5,90.5,22.0,0,0
2026-09-10T20:00:00Z,CDU-B1,HALL-B,24.51,24.69,25.86,1786.0,1782.0,177.2,160.7,20.0,23.86,596.0,24.8,81.3,0.0,15.0,90.5,21.02,0,0
2026-09-10T21:00:00Z,CDU-B1,HALL-B,24.49,24.68,25.92,1811.0,1797.0,182.2,173.0,19.9,23.92,619.0,25.8,82.5,0.0,15.5,90.5,21.89,0,0
2026-09-10T22:00:00Z,CDU-B1,HALL-B,24.64,24.68,26.07,1790.0,1761.0,178.1,170.4,19.9,24.06,585.0,24.4,81.5,0.0,15.1,90.5,21.15,0,0
2026-09-10T23:00:00Z,CDU-B1,HALL-B,25.25,25.3,26.19,1808.0,1804.0,181.6,113.3,20.2,24.18,406.0,16.9,82.4,0.0,15.4,90.5,21.78,0,0
2026-09-11T00:00:00Z,CDU-B1,HALL-B,25.42,25.87,26.06,1796.0,1786.0,179.2,77.2,20.3,23.59,331.0,13.8,81.8,0.0,15.2,90.5,21.36,0,0
2026-09-11T01:00:00Z,CDU-B1,HALL-B,25.41,25.42,26.05,1804.0,1791.0,180.8,77.3,20.1,23.68,309.0,12.9,82.2,0.0,15.3,90.5,21.65,0,0
2026-09-11T02:00:00Z,CDU-B1,HALL-B,25.39,25.62,26.04,1804.0,1792.0,180.8,77.8,20.3,23.8,318.0,13.2,82.2,0.0,15.4,90.5,21.65,0,0
2026-09-11T03:00:00Z,CDU-B1,HALL-B,25.43,25.5,26.26,1798.0,1779.0,179.7,99.4,19.9,24.24,327.0,13.6,81.9,0.0,15.3,90.5,21.44,0,0
2026-09-11T04:00:00Z,CDU-B1,HALL-B,25.27,25.36,26.19,1783.0,1778.0,176.6,109.8,20.2,24.19,395.0,16.4,81.2,0.0,15.0,90.5,20.91,0,0
2026-09-11T05:00:00Z,CDU-B1,HALL-B,25.26,25.43,25.85,1818.0,1816.0,183.7,71.3,20.1,23.39,309.0,12.9,82.8,0.0,15.6,90.5,22.15,0,0
2026-09-11T06:00:00Z,CDU-B1,HALL-B,25.45,25.54,25.8,1812.0,1808.0,182.4,41.8,20.0,22.02,300.0,12.5,82.6,0.0,15.5,90.5,21.92,0,0
2026-09-11T07:00:00Z,CDU-B1,HALL-B,25.69,25.78,25.89,1807.0,1786.0,181.4,24.4,20.1,21.27,300.0,12.5,82.3,0.0,15.4,90.5,21.75,0,0
2026-09-11T08:00:00Z,CDU-B1,HALL-B,25.39,25.47,26.01,1811.0,1799.0,182.2,74.9,20.1,23.63,301.0,12.6,82.5,0.0,15.5,90.5,21.89,0,0
2026-09-11T09:00:00Z,CDU-B1,HALL-B,25.11,25.29,25.95,1815.0,1805.0,183.1,102.0,19.8,23.95,351.0,14.7,82.7,0.0,15.5,90.5,22.03,0,0
2026-09-11T10:00:00Z,CDU-B1,HALL-B,25.0,25.02,25.9,1802.0,1791.0,180.4,108.9,19.9,23.91,391.0,16.2,82.1,0.0,15.3,90.5,21.58,0,0
2026-09-11T11:00:00Z,CDU-B1,HALL-B,25.28,25.6,26.0,1810.0,1796.0,182.0,87.3,20.0,23.86,325.0,13.5,82.5,0.0,15.5,90.5,21.85,0,0
2026-09-11T12:00:00Z,CDU-B1,HALL-B,25.01,25.22,25.99,1793.0,1778.0,178.6,117.4,20.0,23.99,423.0,17.6,81.7,0.0,15.2,90.5,21.25,0,0
2026-09-11T13:00:00Z,CDU-B1,HALL-B,25.3,25.36,26.24,1778.0,1769.0,175.6,112.0,19.9,24.24,371.0,15.5,81.0,0.0,14.9,90.5,20.73,0,0
2026-09-11T14:00:00Z,CDU-B1,HALL-B,25.33,25.35,26.03,1805.0,1805.0,181.0,85.0,20.1,23.88,323.0,13.4,82.3,0.0,15.4,90.5,21.68,0,0
2026-09-11T15:00:00Z,CDU-B1,HALL-B,25.39,25.44,25.96,1803.0,1798.0,180.6,68.9,20.1,23.39,300.0,12.5,82.2,0.0,15.4,90.5,21.6,0,0
2026-09-11T16:00:00Z,CDU-B1,HALL-B,25.35,25.41,25.97,1811.0,1792.0,182.2,75.4,20.1,23.59,307.0,12.8,82.5,0.0,15.5,90.5,21.89,0,0
2026-09-11T17:00:00Z,CDU-B1,HALL-B,25.52,25.63,26.1,1793.0,1773.0,178.6,69.9,19.9,23.2,302.0,12.6,81.7,0.0,15.2,90.5,21.26,0,0
2026-09-11T18:00:00Z,CDU-B1,HALL-B,25.45,25.71,26.32,1805.0,1788.0,181.0,105.1,20.1,24.19,365.0,15.3,82.2,0.0,15.4,90.5,21.68,0,0
2026-09-11T19:00:00Z,CDU-B1,HALL-B,25.3,25.52,26.25,1797.0,1758.0,179.5,113.4,20.1,24.24,392.0,16.4,81.9,0.0,15.3,90.5,21.4,0,0
2026-09-11T20:00:00Z,CDU-B1,HALL-B,25.32,25.44,26.16,1798.0,1797.0,179.6,100.3,20.0,24.11,347.0,14.4,81.9,0.0,15.3,90.5,21.43,0,0
2026-09-11T21:00:00Z,CDU-B1,HALL-B,25.16,25.39,26.16,1804.0,1800.0,180.8,121.0,20.1,24.17,429.0,17.9,82.2,0.0,15.4,90.5,21.64,0,0
2026-09-11T22:00:00Z,CDU-B1,HALL-B,24.97,25.15,26.02,1802.0,1793.0,180.4,126.4,20.0,24.02,450.0,18.8,82.1,0.0,15.4,90.5,21.57,0,0
2026-09-11T23:00:00Z,CDU-B1,HALL-B,25.25,25.25,26.2,1789.0,1778.0,177.8,113.0,20.0,24.19,385.0,16.1,81.5,0.0,15.2,90.5,21.12,0,0
2026-09-12T00:00:00Z,CDU-B1,HALL-B,25.26,25.41,26.47,1814.0,1802.0,182.8,146.6,19.8,24.47,450.0,18.7,82.6,0.0,15.6,90.5,22.0,0,0
2026-09-12T01:00:00Z,CDU-B1,HALL-B,25.08,25.33,26.34,1802.0,1800.0,180.3,151.7,20.0,24.34,502.0,20.9,82.1,0.0,15.4,90.5,21.57,0,0
2026-09-12T02:00:00Z,CDU-B1,HALL-B,24.66,25.03,26.19,1792.0,1778.0,178.4,183.3,20.0,24.19,628.0,26.2,81.6,0.0,15.2,90.5,21.22,0,0
2026-09-12T03:00:00Z,CDU-B1,HALL-B,24.83,25.07,26.07,1814.0,1805.0,182.8,149.7,19.8,24.06,503.0,21.0,82.6,0.0,15.6,90.5,22.0,0,0
2026-09-12T04:00:00Z,CDU-B1,HALL-B,25.01,25.18,26.24,1814.0,1793.0,182.8,149.1,20.2,24.24,529.0,22.0,82.7,0.0,15.6,90.5,22.0,0,0
2026-09-12T05:00:00Z,CDU-B1,HALL-B,24.47,24.65,26.12,1802.0,1799.0,180.4,198.9,20.2,24.12,727.0,30.3,82.1,0.0,15.4,90.5,21.57,0,0
2026-09-12T06:00:00Z,CDU-B1,HALL-B,24.73,24.86,26.22,1804.0,1797.0,180.8,179.4,19.7,24.22,570.0,23.7,82.2,0.0,15.4,90.5,21.64,0,0
2026-09-12T07:00:00Z,CDU-B1,HALL-B,24.91,24.98,26.27,1767.0,1737.0,173.5,160.0,19.8,24.27,515.0,21.4,80.5,0.0,14.8,90.5,20.37,0,0
2026-09-12T08:00:00Z,CDU-B1,HALL-B,25.19,25.28,26.27,1796.0,1787.0,179.1,130.0,20.0,24.27,436.0,18.2,81.8,0.0,15.3,90.5,21.36,0,0
2026-09-12T09:00:00Z,CDU-B1,HALL-B,25.12,25.13,26.39,1795.0,1774.0,178.9,152.3,20.0,24.39,498.0,20.7,81.8,0.0,15.3,90.5,21.33,0,0
2026-09-12T10:00:00Z,CDU-B1,HALL-B,24.73,24.93,26.34,1784.0,1782.0,176.8,191.9,20.0,24.34,635.0,26.4,81.3,0.0,15.0,90.5,20.95,0,0
2026-09-12T11:00:00Z,CDU-B1,HALL-B,24.59,24.76,26.19,1789.0,1788.0,177.8,190.7,20.2,24.18,686.0,28.6,81.5,0.0,15.2,90.5,21.12,0,0
2026-09-12T12:00:00Z,CDU-B1,HALL-B,25.01,25.04,26.26,1803.0,1795.0,180.6,151.1,20.1,24.26,520.0,21.7,82.2,0.0,15.4,90.5,21.6,0,0
2026-09-12T13:00:00Z,CDU-B1,HALL-B,25.2,25.57,26.23,1801.0,1782.0,180.2,123.9,19.9,24.21,414.0,17.2,82.0,0.0,15.4,90.5,21.54,0,0
2026-09-12T14:00:00Z,CDU-B1,HALL-B,24.98,25.15,26.12,1801.0,1790.0,180.2,136.9,20.1,24.12,489.0,20.4,82.1,0.0,15.4,90.5,21.53,0,0
2026-09-12T15:00:00Z,CDU-B1,HALL-B,24.88,24.93,26.35,1786.0,1783.0,177.2,175.2,19.9,24.35,564.0,23.5,81.3,0.0,15.1,90.5,21.02,0,0
2026-09-12T16:00:00Z,CDU-B1,HALL-B,24.92,24.99,26.09,1786.0,1784.0,177.2,139.9,20.2,24.09,516.0,21.4,81.4,0.0,15.2,90.5,21.02,0,0
2026-09-12T17:00:00Z,CDU-B1,HALL-B,24.71,24.74,26.03,1803.0,1802.0,180.6,158.8,20.2,24.02,594.0,24.7,82.1,0.0,15.4,90.5,21.61,0,0
2026-09-12T18:00:00Z,CDU-B1,HALL-B,24.82,24.91,26.08,1814.0,1809.0,182.8,152.3,19.8,24.07,511.0,21.2,82.6,0.0,15.6,90.5,21.99,0,0
2026-09-12T19:00:00Z,CDU-B1,HALL-B,25.03,25.04,25.97,1809.0,1792.0,181.9,113.0,20.0,23.96,407.0,16.9,82.4,0.0,15.6,90.5,21.81,0,0
2026-09-12T20:00:00Z,CDU-B1,HALL-B,24.79,25.06,25.82,1812.0,1781.0,182.4,124.5,20.2,23.82,494.0,20.6,82.6,0.0,15.6,90.5,21.93,0,0
2026-09-12T21:00:00Z,CDU-B1,HALL-B,24.57,24.88,25.58,1797.0,1776.0,179.4,121.6,20.0,23.59,489.0,20.3,81.9,0.0,15.3,90.5,21.39,0,0
2026-09-12T22:00:00Z,CDU-B1,HALL-B,24.6,24.75,25.58,1786.0,1784.0,177.2,117.2,19.9,23.58,457.0,19.0,81.4,0.0,15.1,90.5,21.01,0,0
2026-09-12T23:00:00Z,CDU-B1,HALL-B,24.51,24.8,25.73,1807.0,1796.0,181.4,146.7,19.9,23.72,550.0,22.9,82.3,0.0,15.5,90.5,21.75,0,0
2026-09-13T00:00:00Z,CDU-B1,HALL-B,24.5,24.63,25.85,1800.0,1786.0,180.0,162.1,20.0,23.85,605.0,25.2,82.0,0.0,15.4,90.5,21.51,0,0
2026-09-13T01:00:00Z,CDU-B1,HALL-B,24.21,24.43,25.78,1807.0,1803.0,181.4,189.5,19.8,23.78,682.0,28.4,82.3,0.0,15.5,90.5,21.75,0,0
2026-09-13T02:00:00Z,CDU-B1,HALL-B,24.53,24.59,25.92,1795.0,1771.0,179.0,166.8,20.0,23.91,608.0,25.3,81.8,0.0,15.3,90.5,21.31,0,0
2026-09-13T03:00:00Z,CDU-B1,HALL-B,24.41,24.45,26.05,1798.0,1789.0,179.6,197.0,20.0,24.05,697.0,29.1,81.9,0.0,15.4,90.5,21.43,0,0
2026-09-13T04:00:00Z,CDU-B1,HALL-B,24.76,24.89,26.04,1792.0,1792.0,178.4,152.7,20.1,24.03,556.0,23.2,81.6,0.0,15.3,90.5,21.22,0,0
2026-09-13T05:00:00Z,CDU-B1,HALL-B,25.09,25.23,26.22,1800.0,1799.0,180.0,135.6,20.1,24.22,472.0,19.7,82.0,0.0,15.4,90.5,21.51,0,0
2026-09-13T06:00:00Z,CDU-B1,HALL-B,25.12,25.25,26.23,1805.0,1780.0,181.0,134.4,20.1,24.23,465.0,19.4,82.2,0.0,15.5,90.5,21.68,0,0
2026-09-13T07:00:00Z,CDU-B1,HALL-B,25.48,25.53,26.25,1807.0,1786.0,181.3,93.5,20.3,24.24,339.0,14.2,82.3,0.0,15.5,90.5,21.75,0,0
2026-09-13T08:00:00Z,CDU-B1,HALL-B,25.45,25.53,26.24,1805.0,1768.0,181.0,95.8,20.0,24.21,328.0,13.6,82.2,0.0,15.5,90.5,21.69,0,0
2026-09-13T09:00:00Z,CDU-B1,HALL-B,25.44,25.66,26.25,1808.0,1804.0,181.5,97.6,20.0,24.21,332.0,13.8,82.4,0.0,15.6,90.5,21.78,0,0
2026-09-13T10:00:00Z,CDU-B1,HALL-B,25.53,25.71,26.38,1796.0,1771.0,179.2,101.8,19.9,24.27,334.0,14.0,81.8,0.0,15.4,90.5,21.37,0,0
2026-09-13T11:00:00Z,CDU-B1,HALL-B,25.27,25.36,26.28,1801.0,1776.0,180.2,122.0,20.0,24.28,408.0,17.0,82.1,0.0,15.5,90.5,21.54,0,0
2026-09-13T12:00:00Z,CDU-B1,HALL-B,25.46,25.62,26.29,1800.0,1789.0,180.0,99.2,20.0,24.26,333.0,13.8,82.0,0.0,15.4,90.5,21.49,0,0
2026-09-13T13:00:00Z,CDU-B1,HALL-B,25.24,25.26,26.12,1809.0,1801.0,181.8,105.9,20.2,24.11,387.0,16.1,82.4,0.0,15.6,90.5,21.83,0,0
2026-09-13T14:00:00Z,CDU-B1,HALL-B,25.13,25.14,26.02,1805.0,1804.0,181.0,107.8,20.0,24.03,387.0,16.1,82.2,0.0,15.5,90.5,21.67,0,0
2026-09-13T15:00:00Z,CDU-B1,HALL-B,25.13,25.26,26.2,1798.0,1795.0,179.6,128.1,20.1,24.2,450.0,18.8,82.0,0.0,15.4,90.5,21.43,0,0
2026-09-13T16:00:00Z,CDU-B1,HALL-B,25.39,25.5,26.39,1798.0,1766.0,179.6,120.5,20.2,24.39,411.0,17.0,81.9,0.0,15.4,90.5,21.43,0,0
2026-09-13T17:00:00Z,CDU-B1,HALL-B,25.59,25.64,26.45,1790.0,1773.0,178.0,103.2,20.0,24.45,332.0,13.8,81.5,0.0,15.3,90.5,21.15,0,0
2026-09-13T18:00:00Z,CDU-B1,HALL-B,25.48,25.64,26.42,1793.0,1780.0,178.6,113.1,20.2,24.42,385.0,16.0,81.7,0.0,15.3,90.5,21.25,0,0
2026-09-13T19:00:00Z,CDU-B1,HALL-B,25.44,25.54,26.23,1808.0,1803.0,181.6,95.3,20.2,24.21,340.0,14.2,82.3,0.0,15.6,90.5,21.79,0,0
2026-09-13T20:00:00Z,CDU-B1,HALL-B,25.43,25.47,26.68,1813.0,1798.0,182.7,151.1,19.8,24.68,445.0,18.6,82.6,0.0,15.7,90.5,21.96,0,0
2026-09-13T21:00:00Z,CDU-B1,HALL-B,25.2,25.53,26.54,1799.0,1786.0,179.8,161.4,20.0,24.55,512.0,21.4,81.9,0.0,15.5,90.5,21.46,0,0
2026-09-13T22:00:00Z,CDU-B1,HALL-B,25.06,25.24,26.54,1798.0,1789.0,179.5,178.2,19.9,24.54,549.0,22.9,81.9,0.0,15.4,90.5,21.43,0,0
2026-09-13T23:00:00Z,CDU-B1,HALL-B,24.96,24.96,26.64,1799.0,1774.0,179.8,202.1,20.1,24.64,639.0,26.7,81.9,0.0,15.4,90.5,21.47,0,0
2026-09-14T00:00:00Z,CDU-B1,HALL-B,24.88,24.98,26.52,1811.0,1774.0,182.3,198.1,20.1,24.51,642.0,26.9,82.5,0.0,15.6,90.5,21.9,0,0
2026-09-14T01:00:00Z,CDU-B1,HALL-B,25.25,25.31,26.76,1780.0,1778.0,176.0,179.4,19.9,24.76,530.0,22.1,81.1,0.0,15.1,90.5,20.81,0,0
2026-09-14T02:00:00Z,CDU-B1,HALL-B,25.63,25.73,26.68,1787.0,1781.0,177.4,125.1,19.9,24.68,374.0,15.7,81.4,0.0,15.2,90.5,21.06,0,0
2026-09-14T03:00:00Z,CDU-B1,HALL-B,25.4,25.46,26.61,1786.0,1783.0,177.2,143.9,20.2,24.61,468.0,19.5,81.3,0.0,15.2,90.5,21.01,0,0
2026-09-14T04:00:00Z,CDU-B1,HALL-B,25.3,25.37,26.71,1806.0,1805.0,181.2,170.0,20.0,24.7,517.0,21.5,82.2,0.0,15.6,90.5,21.71,0,0
2026-09-14T05:00:00Z,CDU-B1,HALL-B,25.33,25.5,26.54,1801.0,1785.0,180.2,145.3,19.9,24.54,449.0,18.7,82.0,0.0,15.5,90.5,21.53,0,0
2026-09-14T06:00:00Z,CDU-B1,HALL-B,25.34,25.68,26.83,1798.0,1780.0,179.7,178.7,20.0,24.83,533.0,22.2,81.9,0.0,15.4,90.5,21.44,0,0
2026-09-14T07:00:00Z,CDU-B1,HALL-B,25.17,25.22,26.61,1815.0,1814.0,183.0,174.3,20.0,24.61,544.0,22.7,82.7,0.0,15.7,90.5,22.02,0,0
2026-09-14T08:00:00Z,CDU-B1,HALL-B,25.51,25.55,26.57,1799.0,1788.0,179.8,127.1,19.9,24.57,391.0,16.3,82.0,0.0,15.5,90.5,21.47,0,0
2026-09-14T09:00:00Z,CDU-B1,HALL-B,25.34,25.43,26.58,1799.0,1795.0,179.8,149.6,20.0,24.59,470.0,19.6,82.0,0.0,15.5,90.5,21.47,0,0
2026-09-14T10:00:00Z,CDU-B1,HALL-B,24.92,24.95,26.22,1790.0,1767.0,178.0,155.9,20.0,24.22,529.0,22.0,81.5,0.0,15.3,90.5,21.15,0,0
2026-09-14T11:00:00Z,CDU-B1,HALL-B,24.88,25.02,26.43,1795.0,1776.0,179.0,186.5,19.8,24.43,577.0,24.0,81.8,0.0,15.4,90.5,21.33,0,0
2026-09-14T12:00:00Z,CDU-B1,HALL-B,24.67,24.84,26.45,1806.0,1783.0,181.2,214.7,20.2,24.45,725.0,30.2,82.3,0.0,15.6,90.5,21.73,0,0
2026-09-14T13:00:00Z,CDU-B1,HALL-B,24.58,24.68,26.36,1807.0,1799.0,181.4,215.4,20.4,24.36,779.0,32.5,82.3,0.0,15.6,90.5,21.75,0,0
2026-09-14T14:00:00Z,CDU-B1,HALL-B,24.85,24.93,26.54,1793.0,1770.0,178.6,202.2,19.9,24.54,625.0,26.1,81.7,0.0,15.4,90.5,21.25,0,0
2026-09-14T15:00:00Z,CDU-B1,HALL-B,25.12,25.15,26.49,1794.0,1777.0,178.8,164.4,20.2,24.49,550.0,22.9,81.7,0.0,15.4,90.5,21.29,0,0
2026-09-14T16:00:00Z,CDU-B1,HALL-B,25.2,25.36,26.61,1807.0,1805.0,181.4,170.1,19.8,24.61,508.0,21.2,82.3,0.0,15.6,90.5,21.75,0,0
2026-09-14T17:00:00Z,CDU-B1,HALL-B,24.9,24.92,26.59,1813.0,1792.0,182.6,204.9,20.0,24.6,641.0,26.7,82.6,0.0,15.7,90.5,21.96,0,0
2026-09-14T18:00:00Z,CDU-B1,HALL-B,24.88,25.11,26.74,1791.0,1782.0,178.3,222.6,20.0,24.73,672.0,28.0,81.6,0.0,15.4,90.5,21.18,0,0
2026-09-14T19:00:00Z,CDU-B1,HALL-B,24.91,25.1,26.78,1785.0,1783.0,176.9,223.1,20.2,24.78,699.0,29.1,81.3,0.0,15.2,90.5,20.97,0,0
2026-09-14T20:00:00Z,CDU-B1,HALL-B,24.71,24.75,26.39,1796.0,1789.0,179.3,201.9,19.7,24.39,616.0,25.7,81.8,0.0,15.4,90.5,21.36,0,0
2026-09-14T21:00:00Z,CDU-B1,HALL-B,24.7,24.72,26.71,1819.0,1818.0,183.8,243.7,20.1,24.71,760.0,31.6,82.8,0.0,15.8,90.5,22.18,0,0
2026-09-14T22:00:00Z,CDU-B1,HALL-B,24.93,25.12,26.55,1794.0,1769.0,178.8,193.6,19.9,24.55,598.0,25.0,81.7,0.0,15.4,90.5,21.29,0,0
2026-09-14T23:00:00Z,CDU-B1,HALL-B,24.87,25.16,26.44,1798.0,1763.0,179.7,189.0,20.0,24.44,612.0,25.5,81.9,0.0,15.5,90.5,21.44,0,0
2026-09-15T00:00:00Z,CDU-B1,HALL-B,24.45,24.46,26.4,1791.0,1779.0,178.2,233.8,20.1,24.41,780.0,32.5,81.6,0.0,15.4,90.5,21.19,0,0
2026-09-15T01:00:00Z,CDU-B1,HALL-B,24.73,24.73,26.32,1804.0,1788.0,180.8,192.0,19.8,24.32,609.0,25.4,82.2,0.0,15.6,90.5,21.65,0,0
2026-09-15T02:00:00Z,CDU-B1,HALL-B,24.8,24.88,26.34,1805.0,1797.0,181.0,186.0,19.8,24.35,589.0,24.5,82.2,0.0,15.6,90.5,21.68,0,0
2026-09-15T03:00:00Z,CDU-B1,HALL-B,24.81,25.0,26.49,1773.0,1755.0,174.6,199.3,20.1,24.5,652.0,27.1,80.8,0.0,15.1,90.5,20.57,0,0
2026-09-15T04:00:00Z,CDU-B1,HALL-B,25.42,25.74,26.76,1801.0,1797.0,180.2,161.1,19.9,24.75,475.0,19.8,82.0,0.0,15.6,90.5,21.54,0,0
2026-09-15T05:00:00Z,CDU-B1,HALL-B,25.73,25.73,26.78,1804.0,1789.0,180.8,126.2,19.8,24.77,363.0,15.1,82.2,0.0,15.6,90.5,21.64,0,0
2026-09-15T06:00:00Z,CDU-B1,HALL-B,25.69,25.7,26.63,1783.0,1782.0,176.6,112.4,20.0,24.64,349.0,14.5,81.2,0.0,15.2,90.5,20.9,0,0
2026-09-15T07:00:00Z,CDU-B1,HALL-B,25.41,25.47,26.45,1803.0,1798.0,180.6,125.1,20.1,24.45,413.0,17.1,82.1,0.0,15.6,90.5,21.61,0,0
2026-09-15T08:00:00Z,CDU-B1,HALL-B,25.27,25.27,26.34,1792.0,1778.0,178.4,128.4,20.0,24.34,424.0,17.7,81.6,0.0,15.4,90.5,21.22,0,0
2026-09-15T09:00:00Z,CDU-B1,HALL-B,25.29,25.48,26.44,1818.0,1803.0,183.6,140.2,19.9,24.44,440.0,18.3,82.8,0.0,15.9,90.5,22.15,0,0
2026-09-15T10:00:00Z,CDU-B1,HALL-B,25.09,25.25,26.65,1789.0,1767.0,177.8,186.3,20.0,24.65,575.0,23.9,81.5,0.0,15.4,90.5,21.12,0,0
2026-09-15T11:00:00Z,CDU-B1,HALL-B,25.32,25.37,26.74,1786.0,1779.0,177.3,169.5,19.9,24.74,503.0,21.0,81.4,0.0,15.3,90.5,21.01,0,0
2026-09-15T12:00:00Z,CDU-B1,HALL-B,25.2,25.28,26.68,1794.0,1788.0,178.8,177.6,19.8,24.68,521.0,21.8,81.7,0.0,15.4,90.5,21.29,0,0
2026-09-15T13:00:00Z,CDU-B1,HALL-B,25.14,25.28,26.74,1800.0,1782.0,180.1,192.7,19.9,24.74,571.0,23.7,82.0,0.0,15.6,90.5,21.5,0,0
2026-09-15T14:00:00Z,CDU-B1,HALL-B,25.52,25.54,26.88,1798.0,1772.0,179.7,163.3,20.0,24.88,480.0,20.0,81.9,0.0,15.5,90.5,21.44,0,0
2026-09-15T15:00:00Z,CDU-B1,HALL-B,25.58,25.85,26.85,1795.0,1755.0,179.0,152.8,20.4,24.85,492.0,20.5,81.8,0.0,15.5,90.5,21.33,0,0
2026-09-15T16:00:00Z,CDU-B1,HALL-B,25.78,25.87,26.74,1814.0,1784.0,182.8,116.4,20.0,24.74,353.0,14.7,82.6,0.0,15.8,90.5,22.0,0,0
2026-09-15T17:00:00Z,CDU-B1,HALL-B,25.63,25.74,26.74,1806.0,1792.0,181.3,133.6,20.1,24.73,412.0,17.1,82.3,0.0,15.7,90.5,21.71,0,0
2026-09-15T18:00:00Z,CDU-B1,HALL-B,25.73,26.01,26.7,1811.0,1802.0,182.2,117.2,20.1,24.69,365.0,15.2,82.5,0.0,15.8,90.5,21.89,0,0
2026-09-15T19:00:00Z,CDU-B1,HALL-B,25.63,25.86,26.91,1794.0,1758.0,178.8,153.1,20.1,24.91,457.0,19.1,81.7,0.0,15.5,90.5,21.29,0,0
2026-09-15T20:00:00Z,CDU-B1,HALL-B,25.35,25.57,26.86,1801.0,1800.0,180.2,181.3,19.9,24.86,525.0,21.9,82.0,0.0,15.6,90.5,21.53,0,0
2026-09-15T21:00:00Z,CDU-B1,HALL-B,25.31,25.48,26.77,1779.0,1763.0,175.9,173.7,19.8,24.77,499.0,20.7,81.1,0.0,15.2,90.5,20.78,0,0
2026-09-15T22:00:00Z,CDU-B1,HALL-B,25.2,25.22,26.87,1786.0,1757.0,177.2,198.9,20.3,24.87,626.0,26.1,81.4,0.0,15.3,90.5,21.0,0,0
2026-09-15T23:00:00Z,CDU-B1,HALL-B,25.04,25.27,26.73,1795.0,1776.0,179.0,203.1,19.9,24.74,604.0,25.2,81.7,0.0,15.5,90.5,21.33,0,0
2026-09-16T00:00:00Z,CDU-B1,HALL-B,25.13,25.35,26.93,1802.0,1790.0,180.4,216.6,20.0,24.93,630.0,26.3,82.1,0.0,15.6,90.5,21.57,0,0
2026-09-16T01:00:00Z,CDU-B1,HALL-B,25.34,25.47,27.05,1797.0,1797.0,179.4,205.3,20.2,25.04,606.0,25.3,81.9,0.0,15.5,90.5,21.39,0,0
2026-09-16T02:00:00Z,CDU-B1,HALL-B,25.3,25.71,26.94,1786.0,1765.0,177.3,195.7,20.0,24.94,568.0,23.6,81.3,0.0,15.3,90.5,21.01,0,0
2026-09-16T03:00:00Z,CDU-B1,HALL-B,25.18,25.32,26.85,1789.0,1786.0,177.9,200.1,19.8,24.85,568.0,23.7,81.5,0.0,15.4,90.5,21.12,0,0
2026-09-16T04:00:00Z,CDU-B1,HALL-B,24.76,25.0,26.54,1804.0,1762.0,180.9,214.4,20.2,24.54,709.0,29.6,82.2,0.0,15.7,90.5,21.65,0,0
2026-09-16T05:00:00Z,CDU-B1,HALL-B,24.98,25.06,26.65,1785.0,1783.0,177.0,199.1,20.0,24.65,614.0,25.6,81.3,0.0,15.3,90.5,20.98,0,0
2026-09-16T06:00:00Z,CDU-B1,HALL-B,25.19,25.2,26.9,1791.0,1760.0,178.2,204.7,20.0,24.9,599.0,25.0,81.6,0.0,15.4,90.5,21.19,0,0
2026-09-16T07:00:00Z,CDU-B1,HALL-B,24.9,25.06,26.99,1804.0,1790.0,180.8,251.7,20.0,24.99,724.0,30.3,82.2,0.0,15.7,90.5,21.63,0,0
2026-09-16T08:00:00Z,CDU-B1,HALL-B,24.92,24.97,26.9,1787.0,1768.0,177.4,236.8,19.8,24.9,666.0,27.7,81.4,0.0,15.4,90.5,21.06,0,0
2026-09-16T09:00:00Z,CDU-B1,HALL-B,25.42,25.42,27.0,1805.0,1793.0,181.0,190.7,20.2,24.99,568.0,23.7,82.3,0.0,15.7,90.5,21.68,0,0
2026-09-16T10:00:00Z,CDU-B1,HALL-B,25.54,25.55,27.05,1789.0,1770.0,177.7,181.0,20.1,25.06,526.0,21.9,81.5,0.0,15.4,90.5,21.12,0,0
2026-09-16T11:00:00Z,CDU-B1,HALL-B,25.47,25.49,26.96,1818.0,1808.0,183.6,181.1,20.0,24.97,525.0,21.9,82.8,0.0,15.9,90.5,22.14,0,0
2026-09-16T12:00:00Z,CDU-B1,HALL-B,25.67,25.94,26.85,1784.0,1781.0,176.8,140.2,20.0,24.85,415.0,17.3,81.3,0.0,15.3,90.5,20.94,0,0
2026-09-16T13:00:00Z,CDU-B1,HALL-B,25.25,25.52,26.8,1816.0,1802.0,183.2,187.7,20.2,24.79,585.0,24.4,82.7,0.0,15.9,90.5,22.06,0,0
2026-09-16T14:00:00Z,CDU-B1,HALL-B,25.34,25.35,26.85,1810.0,1805.0,182.0,183.0,20.1,24.86,553.0,23.0,82.4,0.0,15.8,90.5,21.85,0,0
2026-09-16T15:00:00Z,CDU-B1,HALL-B,25.36,25.48,27.02,1805.0,1794.0,181.0,200.3,19.8,25.02,550.0,22.9,82.2,0.0,15.7,90.5,21.67,0,0
2026-09-16T16:00:00Z,CDU-B1,HALL-B,25.14,25.26,27.0,1801.0,1784.0,180.3,223.8,19.9,24.99,629.0,26.2,82.0,0.0,15.6,90.5,21.54,0,0
2026-09-16T17:00:00Z,CDU-B1,HALL-B,25.01,25.07,26.76,1799.0,1797.0,179.9,210.5,20.1,24.76,648.0,27.0,81.9,0.0,15.6,90.5,21.46,0,0
2026-09-16T18:00:00Z,CDU-B1,HALL-B,25.09,25.18,26.78,1805.0,1799.0,181.0,204.2,20.1,24.77,623.0,26.0,82.2,0.0,15.7,90.5,21.69,0,0
2026-09-16T19:00:00Z,CDU-B1,HALL-B,25.17,25.21,26.76,1793.0,1784.0,178.6,190.8,19.9,24.77,563.0,23.5,81.7,0.0,15.5,90.5,21.25,0,0
2026-09-16T20:00:00Z,CDU-B1,HALL-B,25.2,25.22,26.98,1795.0,1792.0,179.1,213.4,19.9,24.98,602.0,25.1,81.8,0.0,15.5,90.5,21.32,0,0
2026-09-16T21:00:00Z,CDU-B1,HALL-B,25.57,25.61,27.12,1798.0,1768.0,179.6,186.4,20.2,25.12,543.0,22.6,81.9,0.0,15.6,90.5,21.43,0,0
2026-09-16T22:00:00Z,CDU-B1,HALL-B,25.52,25.68,26.95,1778.0,1759.0,175.6,170.0,20.2,24.96,513.0,21.4,81.0,0.0,15.3,90.5,20.74,0,0
2026-09-16T23:00:00Z,CDU-B1,HALL-B,25.29,25.4,27.08,1804.0,1792.0,180.8,216.2,19.8,25.08,586.0,24.4,82.2,0.0,15.7,90.5,21.64,0,0
2026-09-17T00:00:00Z,CDU-B1,HALL-B,25.16,25.19,26.95,1801.0,1796.0,180.2,215.6,20.1,24.95,636.0,26.5,82.0,0.0,15.7,90.5,21.53,0,0
2026-09-17T01:00:00Z,CDU-B1,HALL-B,24.83,24.91,27.24,1801.0,1792.0,180.1,289.6,19.9,25.24,779.0,32.4,82.1,0.0,15.7,90.5,21.54,0,0
2026-09-17T02:00:00Z,CDU-B1,HALL-B,24.97,25.09,27.08,1794.0,1769.0,178.8,253.4,20.0,25.08,715.0,29.8,81.7,0.0,15.5,90.5,21.29,0,0
2026-09-17T03:00:00Z,CDU-B1,HALL-B,24.77,24.77,26.63,1819.0,1800.0,183.8,226.4,20.1,24.63,715.0,29.8,82.9,0.0,16.0,90.5,22.17,0,0
2026-09-17T04:00:00Z,CDU-B1,HALL-B,24.7,24.93,26.62,1787.0,1780.0,177.4,229.3,19.9,24.62,698.0,29.1,81.4,0.0,15.4,90.5,21.05,0,0
2026-09-17T05:00:00Z,CDU-B1,HALL-B,24.68,24.93,26.53,1814.0,1807.0,182.8,224.0,20.1,24.52,725.0,30.2,82.6,0.0,15.9,90.5,21.99,0,0
2026-09-17T06:00:00Z,CDU-B1,HALL-B,25.42,25.46,27.15,1814.0,1813.0,182.8,209.1,20.0,25.15,584.0,24.4,82.6,0.0,15.9,90.5,22.0,0,0
2026-09-17T07:00:00Z,CDU-B1,HALL-B,25.5,25.6,27.31,1807.0,1799.0,181.4,218.5,19.7,25.31,558.0,23.2,82.3,0.0,15.8,90.5,21.75,0,0
2026-09-17T08:00:00Z,CDU-B1,HALL-B,25.35,25.48,27.09,1810.0,1804.0,182.0,210.1,20.1,25.08,604.0,25.2,74.2,8.2,15.8,90.5,21.85,0,0
2026-09-17T09:00:00Z,CDU-B1,HALL-B,25.04,25.1,27.13,1811.0,1801.0,182.3,252.5,20.1,25.13,721.0,30.1,0.0,82.5,15.9,90.5,21.9,0,0
2026-09-17T10:00:00Z,CDU-B1,HALL-B,24.55,24.61,26.91,1811.0,1806.0,182.2,285.1,20.0,24.91,834.0,34.7,0.0,82.5,15.8,90.5,21.89,0,0
2026-09-17T11:00:00Z,CDU-B1,HALL-B,24.82,25.04,27.04,1788.0,1768.0,177.6,265.4,20.1,25.04,771.0,32.0,0.0,81.5,15.5,90.5,21.08,0,0
2026-09-17T12:00:00Z,CDU-B1,HALL-B,25.16,25.3,27.21,1806.0,1795.0,181.2,247.6,20.1,25.21,695.0,29.0,0.0,82.2,15.8,90.5,21.71,0,0
2026-09-17T13:00:00Z,CDU-B1,HALL-B,25.29,25.29,26.97,1801.0,1784.0,180.2,201.6,20.0,24.97,583.0,24.3,0.0,82.1,15.7,90.5,21.54,0,0
2026-09-17T14:00:00Z,CDU-B1,HALL-B,25.15,25.15,26.94,1822.0,1806.0,184.5,218.3,19.9,24.95,620.0,25.8,0.0,83.0,16.1,90.5,22.28,0,0
2026-09-17T15:00:00Z,CDU-B1,HALL-B,24.68,24.71,26.59,1810.0,1809.0,182.0,230.9,19.8,24.58,690.0,28.7,0.0,82.5,15.9,90.5,21.86,0,0
2026-09-17T16:00:00Z,CDU-B1,HALL-B,24.86,25.08,26.94,1799.0,1779.0,179.8,249.5,20.1,24.94,741.0,30.9,0.0,82.0,15.7,90.5,21.46,0,0
2026-09-17T17:00:00Z,CDU-B1,HALL-B,25.06,25.25,27.0,1790.0,1784.0,178.0,231.7,20.1,24.99,678.0,28.3,0.0,81.5,15.5,90.5,21.14,0,0
2026-09-17T18:00:00Z,CDU-B1,HALL-B,24.98,25.08,26.64,1807.0,1806.0,181.4,200.6,20.0,24.64,619.0,25.8,0.0,82.3,15.8,90.5,21.74,0,0
2026-09-17T19:00:00Z,CDU-B1,HALL-B,25.42,25.55,26.87,1809.0,1778.0,181.9,175.1,19.9,24.87,505.0,21.1,0.0,82.4,15.8,90.5,21.81,0,0
2026-09-17T20:00:00Z,CDU-B1,HALL-B,25.4,25.55,26.7,1797.0,1786.0,179.4,155.5,20.1,24.69,484.0,20.2,0.0,81.9,15.6,90.5,21.41,0,0
2026-09-17T21:00:00Z,CDU-B1,HALL-B,25.26,25.34,26.8,1807.0,1799.0,181.5,186.3,20.3,24.81,595.0,24.8,0.0,82.3,15.8,90.5,21.75,0,0
2026-09-17T22:00:00Z,CDU-B1,HALL-B,25.07,25.31,26.9,1804.0,1797.0,180.8,220.4,20.1,24.9,659.0,27.5,0.0,82.2,15.8,90.5,21.66,0,0
2026-09-17T23:00:00Z,CDU-B1,HALL-B,24.79,24.83,26.77,1805.0,1798.0,181.0,238.9,20.0,24.78,720.0,30.0,0.0,82.3,15.8,90.5,21.67,0,0
2026-09-18T00:00:00Z,CDU-B1,HALL-B,24.67,24.71,26.65,1805.0,1784.0,181.0,238.8,20.0,24.65,737.0,30.7,0.0,82.2,15.8,90.5,21.68,0,0
2026-09-18T01:00:00Z,CDU-B1,HALL-B,24.51,24.57,26.48,1800.0,1790.0,180.0,236.9,20.3,24.49,814.0,33.9,0.0,82.0,15.7,90.5,21.5,0,0
2026-09-18T02:00:00Z,CDU-B1,HALL-B,24.74,24.75,26.78,1796.0,1771.0,179.2,245.2,20.0,24.78,734.0,30.6,0.0,81.8,15.6,90.5,21.37,0,0
2026-09-18T03:00:00Z,CDU-B1,HALL-B,24.56,24.58,26.72,1802.0,1796.0,180.4,259.8,20.0,24.72,792.0,33.0,0.0,82.1,15.8,90.5,21.58,0,0
2026-09-18T04:00:00Z,CDU-B1,HALL-B,24.48,24.72,26.66,1794.0,1791.0,178.8,261.8,19.9,24.66,788.0,32.9,0.0,81.7,15.6,90.5,21.29,0,0
2026-09-18T05:00:00Z,CDU-B1,HALL-B,24.51,24.61,26.55,1797.0,1779.0,179.6,245.0,19.9,24.55,756.0,31.5,0.0,81.8,15.6,90.5,21.39,0,0
2026-09-18T06:00:00Z,CDU-B1,HALL-B,24.29,24.34,26.46,1801.0,1781.0,180.2,261.5,20.1,24.46,859.0,35.8,0.0,82.0,15.7,90.5,21.54,0,0
2026-09-18T07:00:00Z,CDU-B1,HALL-B,24.21,24.27,26.63,1794.0,1793.0,178.8,290.6,20.0,24.64,901.0,37.6,0.0,81.7,15.6,90.5,21.29,0,0
2026-09-18T08:00:00Z,CDU-B1,HALL-B,24.61,24.61,26.74,1802.0,1775.0,180.4,256.3,19.9,24.74,760.0,31.7,0.0,82.1,15.8,90.5,21.58,0,0
2026-09-18T09:00:00Z,CDU-B1,HALL-B,25.14,25.2,26.86,1802.0,1786.0,180.4,206.8,20.1,24.86,624.0,26.0,0.0,82.1,15.7,90.5,21.57,0,0
2026-09-18T10:00:00Z,CDU-B1,HALL-B,25.11,25.14,26.53,1811.0,1808.0,182.2,171.6,19.8,24.53,520.0,21.6,0.0,82.5,15.9,90.5,21.9,0,0
2026-09-18T11:00:00Z,CDU-B1,HALL-B,24.75,24.8,26.39,1804.0,1800.0,180.8,197.2,19.9,24.39,631.0,26.3,0.0,82.2,15.8,90.5,21.64,0,0
2026-09-18T12:00:00Z,CDU-B1,HALL-B,25.06,25.3,26.63,1803.0,1798.0,180.6,189.3,20.1,24.63,601.0,25.0,0.0,82.1,15.8,90.5,21.61,0,0
2026-09-18T13:00:00Z,CDU-B1,HALL-B,25.04,25.06,26.72,1802.0,1788.0,180.5,202.1,20.2,24.72,641.0,26.7,0.0,82.1,15.8,90.5,21.57,0,0
2026-09-18T14:00:00Z,CDU-B1,HALL-B,25.1,25.23,26.7,1798.0,1793.0,179.5,192.8,20.2,24.7,614.0,25.6,0.0,82.0,15.7,90.5,21.43,0,0
2026-09-18T15:00:00Z,CDU-B1,HALL-B,25.1,25.12,26.63,1799.0,1798.0,179.8,184.1,20.1,24.64,584.0,24.3,0.0,82.0,15.7,90.5,21.47,0,0
2026-09-18T16:00:00Z,CDU-B1,HALL-B,25.19,25.24,26.53,1792.0,1790.0,178.4,159.9,20.0,24.53,507.0,21.1,0.0,81.6,15.6,90.5,21.23,0,0
2026-09-18T17:00:00Z,CDU-B1,HALL-B,25.14,25.2,26.87,1800.0,1785.0,180.0,207.8,20.1,24.87,626.0,26.1,0.0,82.0,15.7,90.5,21.51,0,0
2026-09-18T18:00:00Z,CDU-B1,HALL-B,25.2,25.29,27.09,1816.0,1814.0,183.2,229.0,20.1,25.08,658.0,27.4,0.0,82.7,16.0,90.5,22.06,0,0
2026-09-18T19:00:00Z,CDU-B1,HALL-B,24.93,25.05,27.0,1809.0,1803.0,181.8,250.0,19.9,25.0,703.0,29.4,0.0,82.4,15.9,90.5,21.82,0,0
2026-09-18T20:00:00Z,CDU-B1,HALL-B,24.7,24.86,26.87,1815.0,1792.0,183.0,263.5,20.0,24.87,776.0,32.3,0.0,82.7,16.0,90.5,22.04,0,0
2026-09-18T21:00:00Z,CDU-B1,HALL-B,24.46,24.61,26.53,1819.0,1811.0,183.9,251.4,19.9,24.53,780.0,32.5,0.0,82.9,16.1,90.5,22.17,0,0
2026-09-18T22:00:00Z,CDU-B1,HALL-B,24.42,24.51,26.68,1782.0,1776.0,176.4,268.6,20.1,24.68,843.0,35.1,0.0,81.2,15.4,90.5,20.86,0,0
2026-09-18T23:00:00Z,CDU-B1,HALL-B,24.72,25.04,26.82,1794.0,1785.0,178.8,251.9,19.9,24.82,735.0,30.6,0.0,81.8,15.7,90.5,21.3,0,0
2026-09-19T00:00:00Z,CDU-B1,HALL-B,24.88,24.92,26.82,1788.0,1786.0,177.6,231.5,20.1,24.82,704.0,29.3,0.0,81.5,15.6,90.5,21.08,0,0
2026-09-19T01:00:00Z,CDU-B1,HALL-B,24.7,24.71,26.9,1796.0,1778.0,179.2,264.0,20.2,24.9,806.0,33.6,0.0,81.8,15.7,90.5,21.36,0,0
2026-09-19T02:00:00Z,CDU-B1,HALL-B,24.69,24.82,26.96,1799.0,1770.0,179.7,273.2,19.8,24.96,759.0,31.6,0.0,82.0,15.8,90.5,21.47,0,0
2026-09-19T03:00:00Z,CDU-B1,HALL-B,24.6,24.76,26.82,1809.0,1793.0,181.8,268.2,20.2,24.82,834.0,34.8,0.0,82.4,15.9,90.5,21.82,0,0
2026-09-19T04:00:00Z,CDU-B1,HALL-B,24.58,24.97,26.98,1799.0,1775.0,179.8,288.6,20.2,24.99,869.0,36.2,0.0,81.9,15.7,90.5,21.47,0,0
2026-09-19T05:00:00Z,CDU-B1,HALL-B,24.44,24.66,26.85,1815.0,1794.0,183.0,292.4,20.0,24.85,865.0,36.1,0.0,82.7,16.0,90.5,22.04,0,0
2026-09-19T06:00:00Z,CDU-B1,HALL-B,24.79,25.05,27.0,1786.0,1779.0,177.2,264.1,19.8,25.0,728.0,30.3,0.0,81.3,15.5,90.5,21.01,0,0
2026-09-19T07:00:00Z,CDU-B1,HALL-B,24.88,25.04,26.96,1793.0,1784.0,178.6,249.3,20.0,24.96,721.0,30.0,0.0,81.7,15.7,90.5,21.25,0,0
2026-09-19T08:00:00Z,CDU-B1,HALL-B,25.22,25.41,27.16,1797.0,1785.0,179.4,233.2,20.0,25.16,648.0,27.0,0.0,81.9,15.7,90.5,21.4,0,0
2026-09-19T09:00:00Z,CDU-B1,HALL-B,25.0,25.23,27.27,1798.0,1794.0,179.7,272.4,20.0,25.27,741.0,30.9,0.0,81.9,15.7,90.5,21.43,0,0
2026-09-19T10:00:00Z,CDU-B1,HALL-B,25.11,25.42,27.27,1813.0,1793.0,182.7,261.8,20.0,25.28,714.0,29.7,0.0,82.6,16.0,90.5,21.96,0,0
2026-09-19T11:00:00Z,CDU-B1,HALL-B,25.16,25.19,27.32,1783.0,1770.0,176.6,257.1,19.9,25.33,683.0,28.5,0.0,81.2,15.5,90.5,20.91,0,0
2026-09-19T12:00:00Z,CDU-B1,HALL-B,25.26,25.46,27.32,1808.0,1800.0,181.6,248.2,20.1,25.32,685.0,28.5,0.0,82.4,15.9,90.5,21.79,0,0
2026-09-19T13:00:00Z,CDU-B1,HALL-B,24.99,25.04,27.16,1798.0,1791.0,179.6,260.3,20.0,25.16,725.0,30.3,0.0,81.9,15.7,90.5,21.43,0,0
2026-09-19T14:00:00Z,CDU-B1,HALL-B,24.96,25.22,27.12,1805.0,1777.0,181.0,259.9,19.9,25.12,716.0,29.9,0.0,82.2,15.9,90.5,21.69,0,0
2026-09-19T15:00:00Z,CDU-B1,HALL-B,25.45,25.76,27.24,1819.0,1806.0,183.9,217.3,20.1,25.24,607.0,25.3,0.0,82.8,16.1,90.5,22.18,0,0
2026-09-19T16:00:00Z,CDU-B1,HALL-B,25.48,25.63,27.49,1806.0,1798.0,181.2,242.9,20.1,25.5,647.0,27.0,0.0,82.2,15.9,90.5,21.71,0,0
2026-09-19T17:00:00Z,CDU-B1,HALL-B,25.32,25.35,27.51,1799.0,1796.0,179.8,263.1,20.2,25.51,711.0,29.7,0.0,82.0,15.8,90.5,21.47,0,0
2026-09-19T18:00:00Z,CDU-B1,HALL-B,25.23,25.31,27.31,1799.0,1788.0,179.8,250.2,19.9,25.31,663.0,27.6,0.0,82.0,15.8,90.5,21.46,0,0
2026-09-19T19:00:00Z,CDU-B1,HALL-B,24.95,24.98,27.37,1810.0,1803.0,182.0,292.2,19.9,25.37,766.0,31.9,0.0,82.5,16.0,90.5,21.86,0,0
2026-09-19T20:00:00Z,CDU-B1,HALL-B,25.16,25.29,27.26,1798.0,1786.0,179.5,252.5,20.0,25.26,689.0,28.7,0.0,81.9,15.8,90.5,21.42,0,0
2026-09-19T21:00:00Z,CDU-B1,HALL-B,25.08,25.25,27.38,1806.0,1793.0,181.3,277.0,19.7,25.37,700.0,29.2,0.0,82.3,15.9,90.5,21.71,0,0
2026-09-19T22:00:00Z,CDU-B1,HALL-B,25.06,25.31,27.28,1794.0,1789.0,178.8,266.0,20.0,25.27,722.0,30.1,0.0,81.7,15.7,90.5,21.29,0,0
2026-09-19T23:00:00Z,CDU-B1,HALL-B,25.08,25.24,27.16,1793.0,1787.0,178.6,249.4,20.1,25.16,707.0,29.5,0.0,81.7,15.7,90.5,21.25,0,0
2026-09-20T00:00:00Z,CDU-B1,HALL-B,25.27,25.37,27.33,1804.0,1780.0,180.8,248.6,19.8,25.34,645.0,26.9,0.0,82.2,15.9,90.5,21.64,0,0
2026-09-20T01:00:00Z,CDU-B1,HALL-B,25.58,25.61,27.42,1789.0,1772.0,177.8,220.3,19.9,25.43,573.0,23.9,0.0,81.5,15.6,90.5,21.11,0,0
2026-09-20T02:00:00Z,CDU-B1,HALL-B,25.55,25.73,27.61,1809.0,1808.0,181.8,248.4,19.8,25.6,613.0,25.5,0.0,82.4,16.0,90.5,21.82,0,0
2026-09-20T03:00:00Z,CDU-B1,HALL-B,25.64,25.66,27.75,1783.0,1758.0,176.6,251.6,20.1,25.75,639.0,26.7,0.0,81.2,15.5,90.5,20.91,0,0
2026-09-20T04:00:00Z,CDU-B1,HALL-B,25.56,25.65,27.7,1817.0,1773.0,183.5,259.1,19.6,25.69,609.0,25.4,0.0,82.8,16.1,90.5,22.12,0,0
2026-09-20T05:00:00Z,CDU-B1,HALL-B,25.29,25.5,27.26,1812.0,1807.0,182.4,237.9,19.8,25.26,626.0,26.0,0.0,82.5,16.0,90.5,21.93,0,0
2026-09-20T06:00:00Z,CDU-B1,HALL-B,25.49,25.79,27.56,1796.0,1794.0,179.3,248.4,19.9,25.56,630.0,26.2,0.0,81.8,15.7,90.5,21.36,0,0
2026-09-20T07:00:00Z,CDU-B1,HALL-B,25.21,25.21,27.72,1807.0,1802.0,181.4,302.5,20.2,25.71,787.0,32.8,0.0,82.3,16.0,90.5,21.75,0,0
2026-09-20T08:00:00Z,CDU-B1,HALL-B,24.88,25.03,27.56,1782.0,1769.0,176.4,318.7,19.9,25.55,808.0,33.6,0.0,81.2,15.5,90.5,20.88,0,0
2026-09-20T09:00:00Z,CDU-B1,HALL-B,25.16,25.18,27.61,1790.0,1781.0,178.0,292.5,20.1,25.6,762.0,31.8,0.0,81.5,15.7,90.5,21.15,0,0
2026-09-20T10:00:00Z,CDU-B1,HALL-B,25.18,25.33,27.62,1807.0,1795.0,181.4,294.0,20.2,25.62,779.0,32.5,0.0,82.3,15.9,90.5,21.75,0,0
2026-09-20T11:00:00Z,CDU-B1,HALL-B,25.01,25.07,27.59,1795.0,1789.0,179.0,309.2,19.9,25.59,781.0,32.5,0.0,81.8,15.8,90.5,21.32,0,0
2026-09-20T12:00:00Z,CDU-B1,HALL-B,24.93,24.99,27.66,1803.0,1798.0,180.6,328.7,19.8,25.66,805.0,33.5,0.0,82.1,15.9,90.5,21.61,0,0
2026-09-20T13:00:00Z,CDU-B1,HALL-B,25.09,25.28,27.58,1800.0,1774.0,179.8,299.1,20.0,25.58,771.0,32.1,0.0,82.0,15.9,90.5,21.5,0,0
2026-09-20T14:00:00Z,CDU-B1,HALL-B,25.1,25.25,27.54,1791.0,1781.0,178.2,291.8,19.9,25.54,742.0,30.9,0.0,81.6,15.7,90.5,21.18,0,0
2026-09-20T15:00:00Z,CDU-B1,HALL-B,24.73,24.78,27.19,1796.0,1779.0,179.2,295.5,19.9,25.19,801.0,33.4,0.0,81.8,15.8,90.5,21.35,0,0
2026-09-20T16:00:00Z,CDU-B1,HALL-B,24.86,24.97,27.15,1794.0,1793.0,178.8,274.6,20.2,25.15,795.0,33.1,0.0,81.7,15.8,90.5,21.29,0,0
2026-09-20T17:00:00Z,CDU-B1,HALL-B,24.74,24.91,27.31,1798.0,1775.0,179.6,308.4,20.0,25.31,834.0,34.8,0.0,81.9,15.8,90.5,21.43,0,0
2026-09-20T18:00:00Z,CDU-B1,HALL-B,24.91,24.93,27.37,1796.0,1766.0,179.2,295.3,20.0,25.37,789.0,32.9,0.0,81.8,15.8,90.5,21.37,0,0
2026-09-20T19:00:00Z,CDU-B1,HALL-B,24.97,25.04,27.22,1800.0,1787.0,180.0,271.0,20.2,25.22,772.0,32.2,0.0,82.0,15.9,90.5,21.5,0,0
2026-09-20T20:00:00Z,CDU-B1,HALL-B,24.82,25.01,27.0,1801.0,1794.0,180.2,262.6,19.9,25.0,739.0,30.8,0.0,82.0,15.9,90.5,21.53,0,0
2026-09-20T21:00:00Z,CDU-B1,HALL-B,24.91,24.95,27.2,1806.0,1791.0,181.2,276.0,20.0,25.2,762.0,31.8,0.0,82.3,16.0,90.5,21.71,0,0
2026-09-20T22:00:00Z,CDU-B1,HALL-B,25.02,25.07,27.22,1799.0,1784.0,179.8,264.0,20.2,25.21,754.0,31.5,0.0,81.9,15.9,90.5,21.47,0,0
2026-09-20T23:00:00Z,CDU-B1,HALL-B,25.02,25.2,27.19,1801.0,1796.0,180.2,261.2,20.1,25.19,737.0,30.7,0.0,82.0,15.9,90.5,21.53,0,0
2026-09-21T00:00:00Z,CDU-B1,HALL-B,25.0,25.04,27.07,1807.0,1797.0,181.4,249.3,20.2,25.06,734.0,30.5,0.0,82.3,16.0,90.5,21.75,0,0
2026-09-21T01:00:00Z,CDU-B1,HALL-B,24.59,24.6,27.0,1782.0,1781.0,176.5,287.4,19.9,25.01,809.0,33.7,0.0,81.2,15.6,90.5,20.87,0,0
2026-09-21T02:00:00Z,CDU-B1,HALL-B,24.67,24.85,27.07,1793.0,1786.0,178.6,287.6,20.0,25.07,814.0,33.9,0.0,81.7,15.7,90.5,21.25,0,0
2026-09-21T03:00:00Z,CDU-B1,HALL-B,24.67,24.78,27.36,1793.0,1772.0,178.7,322.1,20.3,25.36,914.0,38.2,0.0,81.7,15.8,90.5,21.27,0,0
2026-09-21T04:00:00Z,CDU-B1,HALL-B,24.83,25.08,27.42,1792.0,1787.0,178.4,310.1,20.0,25.42,821.0,34.2,0.0,81.7,15.7,90.5,21.22,0,0
2026-09-21T05:00:00Z,CDU-B1,HALL-B,25.09,25.15,27.37,1795.0,1778.0,179.1,273.5,19.8,25.37,704.0,29.3,0.0,81.8,15.8,90.5,21.33,0,0
2026-09-21T06:00:00Z,CDU-B1,HALL-B,25.23,25.31,27.37,1803.0,1786.0,180.6,258.4,19.9,25.38,678.0,28.3,0.0,82.1,16.0,90.5,21.6,0,0
2026-09-21T07:00:00Z,CDU-B1,HALL-B,25.05,25.15,27.47,1805.0,1786.0,181.0,291.6,19.9,25.47,752.0,31.3,0.0,82.2,16.0,90.5,21.68,0,0
2026-09-21T08:00:00Z,CDU-B1,HALL-B,25.06,25.19,27.61,1805.0,1793.0,181.0,307.3,19.9,25.61,772.0,32.2,0.0,82.2,16.0,90.5,21.69,0,0
2026-09-21T09:00:00Z,CDU-B1,HALL-B,25.0,25.19,27.61,1805.0,1793.0,181.0,314.7,20.1,25.61,819.0,34.1,0.0,82.2,16.0,90.5,21.68,0,0
2026-09-21T10:00:00Z,CDU-B1,HALL-B,24.94,24.95,27.61,1794.0,1782.0,178.9,320.5,20.1,25.61,834.0,34.7,0.0,81.7,15.8,90.5,21.29,0,0
2026-09-21T11:00:00Z,CDU-B1,HALL-B,24.79,25.01,27.67,1786.0,1741.0,177.2,343.7,19.9,25.66,853.0,35.5,0.0,81.3,15.7,90.5,21.02,0,0
2026-09-21T12:00:00Z,CDU-B1,HALL-B,24.7,24.84,27.58,1793.0,1769.0,178.7,344.5,20.0,25.58,888.0,37.0,0.0,81.7,15.8,90.5,21.26,0,0
2026-09-21T13:00:00Z,CDU-B1,HALL-B,24.51,24.54,27.44,1789.0,1787.0,177.8,350.7,20.0,25.45,925.0,38.6,0.0,81.5,15.7,90.5,21.11,0,0
2026-09-21T14:00:00Z,CDU-B1,HALL-B,24.71,24.74,27.55,1812.0,1794.0,182.5,344.0,20.0,25.55,889.0,37.0,0.0,82.5,16.1,90.5,21.93,0,0
2026-09-21T15:00:00Z,CDU-B1,HALL-B,24.66,24.79,27.41,1803.0,1797.0,180.6,330.7,20.1,25.41,895.0,37.2,0.0,82.1,16.0,90.5,21.61,0,0
2026-09-21T16:00:00Z,CDU-B1,HALL-B,24.71,24.8,27.45,1805.0,1790.0,181.0,330.2,19.9,25.45,854.0,35.6,0.0,82.2,16.0,90.5,21.68,0,0
2026-09-21T17:00:00Z,CDU-B1,HALL-B,24.34,24.37,27.36,1799.0,1795.0,179.8,363.6,19.9,25.37,956.0,39.8,0.0,82.0,15.9,90.5,21.46,0,0
2026-09-21T18:00:00Z,CDU-B1,HALL-B,24.58,24.6,27.45,1795.0,1770.0,179.1,344.6,20.2,25.46,942.0,39.3,0.0,81.8,15.8,90.5,21.32,0,0
2026-09-21T19:00:00Z,CDU-B1,HALL-B,24.71,24.95,27.52,1802.0,1799.0,180.4,337.8,20.0,25.52,879.0,36.6,0.0,82.1,16.0,90.5,21.57,0,0
2026-09-21T20:00:00Z,CDU-B1,HALL-B,24.79,24.89,27.57,1797.0,1795.0,179.4,334.3,19.9,25.58,846.0,35.3,0.0,81.8,15.9,90.5,21.38,0,0
2026-09-21T21:00:00Z,CDU-B1,HALL-B,24.68,24.71,27.69,1800.0,1788.0,180.0,362.2,20.1,25.69,930.0,38.7,0.0,82.0,15.9,90.5,21.51,0,0
2026-09-21T22:00:00Z,CDU-B1,HALL-B,25.06,25.27,27.82,1790.0,1769.0,178.0,330.6,19.9,25.82,800.0,33.3,0.0,81.6,15.8,90.5,21.15,0,0
2026-09-21T23:00:00Z,CDU-B1,HALL-B,24.69,24.84,27.67,1807.0,1798.0,181.3,359.3,20.0,25.67,910.0,37.9,0.0,82.3,16.1,90.5,21.75,0,0
2026-09-22T00:00:00Z,CDU-B1,HALL-B,24.54,24.64,27.64,1816.0,1799.0,183.2,376.5,19.9,25.65,941.0,39.2,0.0,82.7,16.2,90.5,22.07,0,0
2026-09-22T01:00:00Z,CDU-B1,HALL-B,24.6,24.66,27.47,1801.0,1783.0,180.3,345.4,20.1,25.47,923.0,38.5,0.0,82.0,16.0,90.5,21.53,0,0
2026-09-22T02:00:00Z,CDU-B1,HALL-B,24.68,24.81,27.59,1813.0,1805.0,182.6,352.6,19.7,25.6,860.0,35.8,0.0,82.6,16.2,90.5,21.96,0,0
2026-09-22T03:00:00Z,CDU-B1,HALL-B,25.11,25.41,27.83,1796.0,1792.0,179.1,326.0,20.1,25.83,817.0,34.1,0.0,81.8,15.9,90.5,21.36,0,0
2026-09-22T04:00:00Z,CDU-B1,HALL-B,24.87,25.03,27.65,1807.0,1793.0,181.3,335.3,20.0,25.65,852.0,35.5,0.0,82.4,16.1,90.5,21.75,0,0
2026-09-22T05:00:00Z,CDU-B1,HALL-B,24.64,24.71,27.74,1807.0,1789.0,181.4,374.2,20.2,25.74,970.0,40.4,0.0,82.3,16.1,90.5,21.74,0,0
2026-09-22T06:00:00Z,CDU-B1,HALL-B,24.66,24.68,27.73,1812.0,1811.0,182.4,372.0,19.8,25.74,900.0,37.5,0.0,82.6,16.2,90.5,21.93,0,0
2026-09-22T07:00:00Z,CDU-B1,HALL-B,24.49,24.69,27.49,1786.0,1785.0,177.3,357.7,20.0,25.49,936.0,39.0,0.0,81.4,15.7,90.5,21.02,0,0
2026-09-22T08:00:00Z,CDU-B1,HALL-B,24.36,24.6,27.52,1791.0,1770.0,178.2,378.3,19.9,25.51,965.0,40.2,0.0,81.6,15.8,90.5,21.18,0,0
2026-09-22T09:00:00Z,CDU-B1,HALL-B,24.65,24.67,27.66,1785.0,1781.0,177.0,359.5,20.1,25.66,926.0,38.6,0.0,81.3,15.7,90.5,20.98,0,0
2026-09-22T10:00:00Z,CDU-B1,HALL-B,24.6,24.72,27.64,1804.0,1802.0,180.8,366.2,19.8,25.63,899.0,37.4,0.0,82.2,16.0,90.5,21.64,0,0
2026-09-22T11:00:00Z,CDU-B1,HALL-B,24.63,24.91,27.73,1796.0,1779.0,179.1,371.4,19.9,25.73,916.0,38.1,0.0,81.8,15.9,90.5,21.36,0,0
2026-09-22T12:00:00Z,CDU-B1,HALL-B,24.64,24.74,27.59,1821.0,1801.0,184.2,359.5,19.9,25.6,906.0,37.8,0.0,83.0,16.3,90.5,22.24,0,0
2026-09-22T13:00:00Z,CDU-B1,HALL-B,24.67,24.76,27.53,1806.0,1800.0,181.1,344.8,19.9,25.52,878.0,36.6,0.0,82.3,16.1,90.5,21.71,0,0
2026-09-22T14:00:00Z,CDU-B1,HALL-B,24.76,24.79,27.42,1814.0,1804.0,182.8,321.8,19.8,25.41,821.0,34.2,0.0,82.6,16.2,90.5,21.99,0,0
2026-09-22T15:00:00Z,CDU-B1,HALL-B,24.86,25.05,27.48,1806.0,1806.0,181.2,315.8,20.1,25.47,842.0,35.1,0.0,82.3,16.1,90.5,21.72,0,0
2026-09-22T16:00:00Z,CDU-B1,HALL-B,24.99,25.0,27.32,1787.0,1776.0,177.4,277.7,20.2,25.32,779.0,32.5,0.0,81.4,15.7,90.5,21.05,0,0
2026-09-22T17:00:00Z,CDU-B1,HALL-B,25.34,25.67,27.49,1796.0,1773.0,179.2,257.4,20.2,25.49,700.0,29.1,0.0,81.9,15.9,90.5,21.37,0,0
2026-09-22T18:00:00Z,CDU-B1,HALL-B,25.14,25.21,27.57,1786.0,1783.0,177.2,290.2,20.0,25.58,748.0,31.2,0.0,81.4,15.7,90.5,21.01,0,0
2026-09-22T19:00:00Z,CDU-B1,HALL-B,25.16,25.26,27.65,1809.0,1803.0,181.7,301.5,19.9,25.66,752.0,31.4,0.0,82.4,16.1,90.5,21.82,0,0
2026-09-22T20:00:00Z,CDU-B1,HALL-B,25.27,25.35,27.8,1802.0,1769.0,180.4,305.0,20.2,25.8,781.0,32.6,0.0,82.1,16.0,90.5,21.58,0,0
2026-09-22T21:00:00Z,CDU-B1,HALL-B,25.26,25.29,27.42,1816.0,1798.0,183.3,261.9,19.9,25.42,681.0,28.4,0.0,82.7,16.3,90.5,22.06,0,0
2026-09-22T22:00:00Z,CDU-B1,HALL-B,25.39,25.41,27.54,1798.0,1793.0,179.6,258.8,19.8,25.54,646.0,26.9,0.0,81.9,16.0,90.5,21.43,0,0
2026-09-22T23:00:00Z,CDU-B1,HALL-B,25.58,25.77,27.75,1793.0,1776.0,178.6,260.2,19.9,25.75,638.0,26.5,0.0,81.7,15.9,90.5,21.25,0,0
2026-09-23T00:00:00Z,CDU-B1,HALL-B,25.62,25.84,27.66,1788.0,1781.0,177.6,243.4,20.1,25.66,628.0,26.2,0.0,81.5,15.8,90.5,21.08,0,0
2026-09-23T01:00:00Z,CDU-B1,HALL-B,25.52,25.53,27.86,1797.0,1774.0,179.4,281.0,20.0,25.86,688.0,28.7,0.0,81.9,16.0,90.5,21.39,0,0
2026-09-23T02:00:00Z,CDU-B1,HALL-B,25.41,25.5,27.74,1795.0,1782.0,178.9,279.0,19.8,25.74,674.0,28.1,0.0,81.8,15.9,90.5,21.33,0,0
2026-09-23T03:00:00Z,CDU-B1,HALL-B,25.38,25.59,27.7,1796.0,1771.0,179.2,278.9,19.9,25.7,690.0,28.8,0.0,81.8,15.9,90.5,21.35,0,0
2026-09-23T04:00:00Z,CDU-B1,HALL-B,25.28,25.36,27.75,1804.0,1781.0,180.8,297.2,20.0,25.75,743.0,30.9,0.0,82.2,16.1,90.5,21.65,0,0
2026-09-23T05:00:00Z,CDU-B1,HALL-B,25.11,25.19,27.61,1789.0,1762.0,177.8,298.7,19.9,25.61,751.0,31.3,0.0,81.5,15.8,90.5,21.11,0,0
2026-09-23T06:00:00Z,CDU-B1,HALL-B,25.01,25.04,27.59,1805.0,1790.0,181.0,310.6,20.0,25.59,798.0,33.2,0.0,82.3,16.1,90.5,21.68,0,0
2026-09-23T07:00:00Z,CDU-B1,HALL-B,24.98,25.17,27.31,1796.0,1795.0,179.2,280.0,20.1,25.31,769.0,32.1,0.0,81.8,15.9,90.5,21.35,0,0
2026-09-23T08:00:00Z,CDU-B1,HALL-B,25.16,25.32,27.5,1803.0,1791.0,180.5,281.3,20.0,25.49,734.0,30.6,0.0,82.1,16.1,90.5,21.61,0,0
2026-09-23T09:00:00Z,CDU-B1,HALL-B,25.01,25.14,27.44,1791.0,1780.0,178.2,291.1,20.1,25.44,782.0,32.5,0.0,81.6,15.8,90.5,21.19,0,0
2026-09-23T10:00:00Z,CDU-B1,HALL-B,25.11,25.24,27.51,1804.0,1781.0,180.7,289.2,20.1,25.51,768.0,32.1,0.0,82.2,16.1,90.5,21.64,0,0
2026-09-23T11:00:00Z,CDU-B1,HALL-B,25.03,25.11,27.5,1813.0,1785.0,182.6,299.3,19.9,25.5,767.0,32.0,0.0,82.6,16.3,90.5,21.97,0,0
2026-09-23T12:00:00Z,CDU-B1,HALL-B,24.81,24.84,27.26,1808.0,1784.0,181.6,295.7,19.9,25.26,791.0,33.0,0.0,82.3,16.2,90.5,21.8,0,0
2026-09-23T13:00:00Z,CDU-B1,HALL-B,25.04,25.11,27.29,1809.0,1806.0,181.7,271.8,20.2,25.29,766.0,31.9,0.0,82.4,16.2,90.5,21.82,0,0
2026-09-23T14:00:00Z,CDU-B1,HALL-B,24.83,24.85,27.6,1799.0,1789.0,179.9,333.3,20.5,25.6,937.0,39.0,0.0,82.0,16.0,90.5,21.47,0,0
2026-09-23T15:00:00Z,CDU-B1,HALL-B,24.76,25.05,27.76,1808.0,1792.0,181.6,362.0,20.0,25.76,902.0,37.6,0.0,82.4,16.2,90.5,21.78,0,0
2026-09-23T16:00:00Z,CDU-B1,HALL-B,24.71,24.72,27.49,1796.0,1777.0,179.1,334.1,20.1,25.49,888.0,36.9,0.0,81.8,15.9,90.5,21.36,0,0
2026-09-23T17:00:00Z,CDU-B1,HALL-B,24.36,24.48,27.35,1810.0,1796.0,182.0,361.2,19.8,25.34,934.0,38.9,0.0,82.5,16.2,90.5,21.87,0,0
2026-09-23T18:00:00Z,CDU-B1,HALL-B,24.46,24.51,27.48,1805.0,1793.0,181.1,363.9,19.9,25.48,936.0,39.0,0.0,82.3,16.1,90.5,21.67,0,0
2026-09-23T19:00:00Z,CDU-B1,HALL-B,24.42,24.6,27.72,1780.0,1768.0,176.1,392.1,20.3,25.71,1039.0,43.3,0.0,81.1,15.7,90.5,20.8,0,0
2026-09-23T20:00:00Z,CDU-B1,HALL-B,24.85,24.92,27.62,1802.0,1777.0,180.4,333.9,19.8,25.62,822.0,34.3,0.0,82.1,16.1,90.5,21.58,0,0
2026-09-23T21:00:00Z,CDU-B1,HALL-B,25.28,25.35,27.82,1804.0,1787.0,180.8,306.1,20.1,25.82,768.0,32.0,0.0,82.1,16.1,90.5,21.64,0,0
2026-09-23T22:00:00Z,CDU-B1,HALL-B,25.2,25.26,27.58,1811.0,1806.0,182.2,288.2,20.1,25.58,753.0,31.3,0.0,82.5,16.3,90.5,21.89,0,0
2026-09-23T23:00:00Z,CDU-B1,HALL-B,25.25,25.49,27.62,1797.0,1794.0,179.4,285.0,20.0,25.62,727.0,30.3,0.0,81.9,16.0,90.5,21.4,0,0
2026-09-24T00:00:00Z,CDU-B1,HALL-B,25.03,25.13,27.63,1826.0,1816.0,185.2,317.7,20.2,25.64,840.0,35.0,0.0,83.2,16.5,90.5,22.44,0,0
2026-09-24T01:00:00Z,CDU-B1,HALL-B,24.4,24.69,27.42,1798.0,1794.0,179.6,362.4,20.1,25.41,978.0,40.7,0.0,81.9,16.0,90.5,21.43,0,0
2026-09-24T02:00:00Z,CDU-B1,HALL-B,24.56,24.7,27.64,1783.0,1772.0,176.6,367.4,20.3,25.65,988.0,41.2,0.0,81.2,15.8,90.5,20.91,0,0
2026-09-24T03:00:00Z,CDU-B1,HALL-B,24.72,25.0,27.52,1812.0,1799.0,182.5,339.2,19.9,25.53,867.0,36.0,0.0,82.5,16.3,90.5,21.93,0,0
2026-09-24T04:00:00Z,CDU-B1,HALL-B,24.68,24.68,27.65,1802.0,1783.0,180.4,357.8,20.0,25.65,908.0,37.8,0.0,82.1,16.1,90.5,21.57,0,0
2026-09-24T05:00:00Z,CDU-B1,HALL-B,24.86,25.02,27.89,1788.0,1765.0,177.5,362.1,20.1,25.89,898.0,37.4,0.0,81.4,15.9,90.5,21.08,0,0
2026-09-24T06:00:00Z,CDU-B1,HALL-B,25.1,25.23,27.78,1791.0,1786.0,178.2,321.0,19.7,25.78,756.0,31.5,0.0,81.6,15.9,90.5,21.19,0,0
2026-09-24T07:00:00Z,CDU-B1,HALL-B,25.09,25.16,27.78,1794.0,1781.0,178.8,323.0,20.1,25.79,816.0,34.1,0.0,81.7,16.0,90.5,21.29,0,0
2026-09-24T08:00:00Z,CDU-B1,HALL-B,25.11,25.18,27.59,1797.0,1785.0,179.4,298.3,19.9,25.59,752.0,31.4,8.2,73.7,16.0,90.5,21.4,0,0
2026-09-24T09:00:00Z,CDU-B1,HALL-B,24.97,25.01,27.63,1803.0,1778.0,180.6,320.2,20.3,25.63,862.0,35.9,82.1,0.0,16.1,90.5,21.6,0,0
2026-09-24T10:00:00Z,CDU-B1,HALL-B,24.69,25.01,27.74,1774.0,1767.0,174.8,361.9,19.8,25.75,874.0,36.4,80.8,0.0,15.6,90.5,20.61,0,0
2026-09-24T11:00:00Z,CDU-B1,HALL-B,24.77,25.06,27.69,1800.0,1786.0,180.0,350.6,19.9,25.68,870.0,36.2,82.0,0.0,16.1,90.5,21.5,0,0
2026-09-24T12:00:00Z,CDU-B1,HALL-B,24.73,24.73,27.74,1802.0,1797.0,180.4,362.6,20.0,25.75,907.0,37.8,82.1,0.0,16.1,90.5,21.57,0,0
2026-09-24T13:00:00Z,CDU-B1,HALL-B,24.81,24.9,27.68,1795.0,1785.0,179.0,344.2,20.1,25.68,885.0,36.9,81.8,0.0,16.0,90.5,21.32,0,0
2026-09-24T14:00:00Z,CDU-B1,HALL-B,24.9,24.97,27.56,1794.0,1774.0,178.8,318.8,19.8,25.56,794.0,33.1,81.7,0.0,16.0,90.5,21.29,0,0
2026-09-24T15:00:00Z,CDU-B1,HALL-B,25.23,25.52,27.96,1785.0,1773.0,177.1,325.5,19.8,25.96,759.0,31.7,81.3,0.0,15.8,90.5,20.98,0,0
2026-09-24T16:00:00Z,CDU-B1,HALL-B,24.97,25.08,27.77,1811.0,1804.0,182.2,339.1,20.0,25.76,842.0,35.0,82.5,0.0,16.3,90.5,21.89,0,0
2026-09-24T17:00:00Z,CDU-B1,HALL-B,25.3,25.36,27.93,1794.0,1791.0,178.9,314.7,20.1,25.93,775.0,32.2,81.7,0.0,16.0,90.5,21.29,0,0
2026-09-24T18:00:00Z,CDU-B1,HALL-B,24.95,25.01,27.64,1791.0,1773.0,178.2,321.8,20.1,25.64,833.0,34.7,81.6,0.0,16.0,90.5,21.18,0,0
2026-09-24T19:00:00Z,CDU-B1,HALL-B,25.13,25.17,27.28,1800.0,1799.0,180.0,258.7,19.7,25.28,665.0,27.7,82.0,0.0,16.1,90.5,21.49,0,0
2026-09-24T20:00:00Z,CDU-B1,HALL-B,24.94,25.03,27.34,1807.0,1782.0,181.5,289.6,20.2,25.34,810.0,33.8,82.3,0.0,16.2,90.5,21.75,0,0
2026-09-24T21:00:00Z,CDU-B1,HALL-B,25.01,25.26,27.45,1790.0,1786.0,178.0,291.7,20.1,25.45,783.0,32.6,81.5,0.0,15.9,90.5,21.15,0,0
2026-09-24T22:00:00Z,CDU-B1,HALL-B,25.15,25.18,27.41,1800.0,1797.0,180.0,271.2,20.2,25.4,746.0,31.1,82.0,0.0,16.1,90.5,21.51,0,0
2026-09-24T23:00:00Z,CDU-B1,HALL-B,24.95,24.95,27.34,1816.0,1802.0,183.2,289.4,20.1,25.33,793.0,33.0,82.7,0.0,16.4,90.5,22.07,0,0
2026-09-25T00:00:00Z,CDU-B1,HALL-B,25.0,25.28,27.6,1792.0,1783.0,178.4,311.8,19.8,25.6,770.0,32.1,81.6,0.0,16.0,90.5,21.22,0,0
2026-09-25T01:00:00Z,CDU-B1,HALL-B,25.04,25.06,27.75,1806.0,1791.0,181.2,327.4,20.1,25.76,831.0,34.6,82.3,0.0,16.2,90.5,21.7,0,0
2026-09-25T02:00:00Z,CDU-B1,HALL-B,25.06,25.21,27.82,1803.0,1785.0,180.5,331.8,20.0,25.82,819.0,34.2,82.1,0.0,16.2,90.5,21.61,0,0
2026-09-25T03:00:00Z,CDU-B1,HALL-B,24.87,25.03,27.67,1808.0,1788.0,181.6,338.5,19.9,25.67,841.0,35.1,82.3,0.0,16.3,90.5,21.78,0,0
2026-09-25T04:00:00Z,CDU-B1,HALL-B,25.22,25.36,27.67,1806.0,1806.0,181.2,295.9,20.1,25.67,762.0,31.7,82.3,0.0,16.2,90.5,21.72,0,0
2026-09-25T05:00:00Z,CDU-B1,HALL-B,25.11,25.3,27.83,1816.0,1811.0,183.3,329.7,20.0,25.83,812.0,33.9,82.7,0.0,16.4,90.5,22.07,0,0
2026-09-25T06:00:00Z,CDU-B1,HALL-B,24.83,24.9,27.95,1783.0,1781.0,176.7,372.2,20.0,25.95,897.0,37.4,81.3,0.0,15.8,90.5,20.91,0,0
2026-09-25T07:00:00Z,CDU-B1,HALL-B,24.69,24.79,27.67,1802.0,1797.0,180.3,358.2,20.0,25.67,907.0,37.7,82.1,0.0,16.2,90.5,21.57,0,0
2026-09-25T08:00:00Z,CDU-B1,HALL-B,24.52,24.54,27.4,1808.0,1791.0,181.6,348.0,19.8,25.4,891.0,37.2,82.4,0.0,16.3,90.5,21.78,0,0
2026-09-25T09:00:00Z,CDU-B1,HALL-B,24.57,24.68,27.31,1802.0,1785.0,180.4,330.4,19.8,25.32,860.0,35.9,82.1,0.0,16.2,90.5,21.57,0,0
2026-09-25T10:00:00Z,CDU-B1,HALL-B,24.76,25.01,27.45,1778.0,1776.0,175.7,319.7,19.9,25.45,827.0,34.5,81.0,0.0,15.8,90.5,20.73,0,0
2026-09-25T11:00:00Z,CDU-B1,HALL-B,24.68,24.74,27.33,1806.0,1800.0,181.2,319.7,19.8,25.33,830.0,34.5,82.3,0.0,16.2,90.5,21.71,0,0
2026-09-25T12:00:00Z,CDU-B1,HALL-B,24.73,24.78,27.58,1804.0,1782.0,180.8,343.3,20.3,25.58,934.0,38.9,82.2,0.0,16.2,90.5,21.64,0,0
2026-09-25T13:00:00Z,CDU-B1,HALL-B,24.72,24.79,27.76,1820.0,1810.0,184.1,369.3,20.0,25.76,921.0,38.3,82.9,0.0,16.5,90.5,22.22,0,0
2026-09-25T14:00:00Z,CDU-B1,HALL-B,24.95,25.03,27.66,1791.0,1785.0,178.2,324.5,19.9,25.66,807.0,33.6,81.6,0.0,16.0,90.5,21.18,0,0
2026-09-25T15:00:00Z,CDU-B1,HALL-B,24.7,24.75,27.66,1797.0,1795.0,179.4,355.1,19.8,25.66,871.0,36.3,81.8,0.0,16.1,90.5,21.41,0,0
2026-09-25T16:00:00Z,CDU-B1,HALL-B,24.78,24.92,27.77,1800.0,1775.0,180.1,359.3,20.0,25.77,895.0,37.2,82.0,0.0,16.2,90.5,21.51,0,0
2026-09-25T17:00:00Z,CDU-B1,HALL-B,24.56,24.56,27.49,1805.0,1793.0,181.0,353.5,20.1,25.49,940.0,39.2,82.2,0.0,16.3,90.5,21.68,0,0
2026-09-25T18:00:00Z,CDU-B1,HALL-B,24.51,24.57,27.34,1797.0,1788.0,179.4,339.6,19.9,25.34,897.0,37.4,81.8,0.0,16.1,90.5,21.4,0,0
2026-09-25T19:00:00Z,CDU-B1,HALL-B,24.67,24.78,27.36,1808.0,1798.0,181.6,325.0,20.0,25.36,869.0,36.2,82.4,0.0,16.3,90.5,21.79,0,0
2026-09-25T20:00:00Z,CDU-B1,HALL-B,24.56,24.59,27.65,1803.0,1797.0,180.6,372.3,20.1,25.65,963.0,40.1,82.2,0.0,16.2,90.5,21.6,0,0
2026-09-25T21:00:00Z,CDU-B1,HALL-B,24.69,24.79,27.89,1821.0,1803.0,184.3,388.9,20.0,25.89,949.0,39.5,83.0,0.0,16.6,90.5,22.25,0,0
2026-09-25T22:00:00Z,CDU-B1,HALL-B,24.48,24.74,27.83,1806.0,1793.0,181.2,404.1,20.0,25.83,995.0,41.5,82.3,0.0,16.3,90.5,21.71,0,0
2026-09-25T23:00:00Z,CDU-B1,HALL-B,24.83,24.93,27.93,1797.0,1795.0,179.4,372.5,20.0,25.93,901.0,37.5,81.9,0.0,16.1,90.5,21.4,0,0
2026-09-26T00:00:00Z,CDU-B1,HALL-B,25.09,25.51,27.94,1794.0,1792.0,178.8,341.0,19.9,25.93,811.0,33.8,81.7,0.0,16.1,90.5,21.29,0,0
2026-09-26T01:00:00Z,CDU-B1,HALL-B,24.97,25.06,28.01,1790.0,1786.0,177.9,363.8,20.0,26.01,868.0,36.2,81.6,0.0,16.0,90.5,21.15,0,0
2026-09-26T02:00:00Z,CDU-B1,HALL-B,24.89,25.07,27.91,1804.0,1793.0,180.8,364.1,19.9,25.92,870.0,36.3,82.2,0.0,16.3,90.5,21.64,0,0
2026-09-26T03:00:00Z,CDU-B1,HALL-B,24.7,24.82,27.52,1799.0,1764.0,179.8,338.6,20.3,25.52,932.0,38.8,82.0,0.0,16.2,90.5,21.46,0,0
2026-09-26T04:00:00Z,CDU-B1,HALL-B,24.67,24.75,27.5,1785.0,1782.0,177.1,337.4,20.0,25.5,880.0,36.6,81.3,0.0,15.9,90.5,20.98,0,0
2026-09-26T05:00:00Z,CDU-B1,HALL-B,24.98,25.08,27.62,1822.0,1821.0,184.5,321.0,20.0,25.62,821.0,34.2,83.0,0.0,16.6,90.5,22.28,0,0
2026-09-26T06:00:00Z,CDU-B1,HALL-B,24.73,25.09,27.68,1796.0,1785.0,179.2,354.0,19.9,25.68,878.0,36.6,81.8,0.0,16.1,90.5,21.36,0,0
2026-09-26T07:00:00Z,CDU-B1,HALL-B,24.92,24.94,27.71,1807.0,1806.0,181.3,337.3,19.8,25.72,820.0,34.2,82.3,0.0,16.3,90.5,21.75,0,0
2026-09-26T08:00:00Z,CDU-B1,HALL-B,24.78,24.87,27.73,1800.0,1781.0,179.9,354.7,20.2,25.73,920.0,38.3,82.0,0.0,16.2,90.5,21.51,0,0
2026-09-26T09:00:00Z,CDU-B1,HALL-B,24.73,24.84,27.78,1800.0,1800.0,180.0,367.2,20.3,25.78,961.0,40.0,82.0,0.0,16.2,90.5,21.5,0,0
2026-09-26T10:00:00Z,CDU-B1,HALL-B,24.92,25.02,27.71,1808.0,1808.0,181.6,337.0,20.1,25.71,862.0,35.9,82.4,0.0,16.4,90.5,21.79,0,0
2026-09-26T11:00:00Z,CDU-B1,HALL-B,25.33,25.34,27.95,1795.0,1772.0,179.1,313.7,20.0,25.94,756.0,31.5,81.8,0.0,16.1,90.5,21.34,0,0
2026-09-26T12:00:00Z,CDU-B1,HALL-B,25.27,25.39,27.83,1796.0,1793.0,179.2,307.7,20.1,25.84,771.0,32.1,81.8,0.0,16.1,90.5,21.36,0,0
2026-09-26T13:00:00Z,CDU-B1,HALL-B,24.98,25.35,27.69,1835.0,1825.0,187.0,332.6,20.0,25.69,839.0,34.9,83.6,0.0,16.8,90.5,22.76,0,0
2026-09-26T14:00:00Z,CDU-B1,HALL-B,24.78,25.13,27.83,1789.0,1783.0,177.8,364.5,19.9,25.83,882.0,36.8,81.5,0.0,16.0,90.5,21.12,0,0
2026-09-26T15:00:00Z,CDU-B1,HALL-B,24.73,24.74,27.65,1793.0,1790.0,178.7,349.4,19.8,25.65,858.0,35.7,81.7,0.0,16.1,90.5,21.24,0,0
2026-09-26T16:00:00Z,CDU-B1,HALL-B,24.6,24.64,27.72,1789.0,1781.0,177.8,372.6,19.9,25.72,920.0,38.3,81.5,0.0,16.0,90.5,21.12,0,0
2026-09-26T17:00:00Z,CDU-B1,HALL-B,24.49,24.66,27.7,1801.0,1783.0,180.2,386.8,19.9,25.7,957.0,39.9,82.1,0.0,16.2,90.5,21.54,0,0
2026-09-26T18:00:00Z,CDU-B1,HALL-B,24.46,24.57,27.76,1790.0,1778.0,178.0,394.7,20.2,25.76,1019.0,42.5,81.5,0.0,16.1,90.5,21.14,0,0
2026-09-26T19:00:00Z,CDU-B1,HALL-B,24.51,24.56,27.63,1806.0,1804.0,181.3,376.8,19.9,25.64,945.0,39.4,82.3,0.0,16.3,90.5,21.71,0,0
2026-09-26T20:00:00Z,CDU-B1,HALL-B,24.73,24.76,27.43,1808.0,1802.0,181.6,325.8,20.0,25.43,861.0,35.9,82.4,0.0,16.4,90.5,21.78,0,0
2026-09-26T21:00:00Z,CDU-B1,HALL-B,24.94,25.12,27.73,1805.0,1781.0,181.0,336.3,20.1,25.73,858.0,35.7,82.2,0.0,16.3,90.5,21.68,0,0
2026-09-26T22:00:00Z,CDU-B1,HALL-B,24.8,24.95,27.75,1787.0,1786.0,177.4,352.3,20.0,25.75,878.0,36.7,81.4,0.0,16.0,90.5,21.05,0,0
2026-09-26T23:00:00Z,CDU-B1,HALL-B,24.67,24.79,27.6,1793.0,1771.0,178.6,350.9,19.8,25.6,868.0,36.2,81.7,0.0,16.1,90.5,21.26,0,0
2026-09-27T00:00:00Z,CDU-B1,HALL-B,24.59,24.69,27.61,1802.0,1780.0,180.3,363.6,19.8,25.61,898.0,37.5,82.1,0.0,16.3,90.5,21.58,0,0
2026-09-27T01:00:00Z,CDU-B1,HALL-B,24.54,24.73,27.5,1805.0,1788.0,181.0,357.5,20.1,25.5,950.0,39.6,82.2,0.0,16.3,90.5,21.69,0,0
2026-09-27T02:00:00Z,CDU-B1,HALL-B,24.83,25.02,27.66,1789.0,1780.0,177.8,337.9,19.8,25.66,828.0,34.5,81.5,0.0,16.1,90.5,21.12,0,0
2026-09-27T03:00:00Z,CDU-B1,HALL-B,25.08,25.11,27.65,1799.0,1783.0,179.8,308.6,19.9,25.64,770.0,32.1,82.0,0.0,16.2,90.5,21.46,0,0
2026-09-27T04:00:00Z,CDU-B1,HALL-B,25.3,25.35,27.82,1787.0,1782.0,177.4,301.0,20.3,25.83,783.0,32.6,81.4,0.0,16.0,90.5,21.05,0,0
2026-09-27T05:00:00Z,CDU-B1,HALL-B,25.38,25.4,27.75,1804.0,1777.0,180.8,286.1,19.8,25.75,689.0,28.7,82.2,0.0,16.3,90.5,21.65,0,0
2026-09-27T06:00:00Z,CDU-B1,HALL-B,25.44,25.65,27.66,1801.0,1798.0,180.2,266.6,20.0,25.66,677.0,28.2,82.0,0.0,16.3,90.5,21.55,0,0
2026-09-27T07:00:00Z,CDU-B1,HALL-B,25.01,25.27,27.86,1804.0,1804.0,180.8,343.8,19.8,25.86,814.0,33.9,82.2,0.0,16.3,90.5,21.64,0,0
2026-09-27T08:00:00Z,CDU-B1,HALL-B,24.97,25.02,27.8,1805.0,1784.0,181.0,341.5,19.9,25.81,831.0,34.7,82.2,0.0,16.3,90.5,21.68,0,0
2026-09-27T09:00:00Z,CDU-B1,HALL-B,25.16,25.26,27.94,1785.0,1773.0,177.0,331.9,20.1,25.94,814.0,34.0,81.3,0.0,16.0,90.5,20.97,0,0
2026-09-27T10:00:00Z,CDU-B1,HALL-B,25.14,25.16,27.81,1789.0,1781.0,177.7,318.7,20.1,25.81,801.0,33.4,81.5,0.0,16.1,90.5,21.11,0,0
2026-09-27T11:00:00Z,CDU-B1,HALL-B,25.02,25.17,27.53,1800.0,1791.0,180.0,301.9,20.0,25.52,782.0,32.5,82.0,0.0,16.3,90.5,21.51,0,0
2026-09-27T12:00:00Z,CDU-B1,HALL-B,25.06,25.23,27.84,1808.0,1806.0,181.5,335.6,19.9,25.84,811.0,33.8,82.4,0.0,16.4,90.5,21.77,0,0
2026-09-27T13:00:00Z,CDU-B1,HALL-B,25.47,25.65,28.0,1801.0,1785.0,180.2,304.3,20.1,26.0,740.0,30.9,82.0,0.0,16.3,90.5,21.54,0,0
2026-09-27T14:00:00Z,CDU-B1,HALL-B,25.77,25.78,28.14,1781.0,1752.0,176.2,282.1,19.9,26.14,648.0,27.0,81.1,0.0,15.9,90.5,20.84,0,0
2026-09-27T15:00:00Z,CDU-B1,HALL-B,25.41,25.48,28.16,1786.0,1778.0,177.2,327.6,20.0,26.16,764.0,31.9,81.4,0.0,16.0,90.5,21.01,0,0
2026-09-27T16:00:00Z,CDU-B1,HALL-B,25.37,25.62,27.78,1787.0,1784.0,177.4,287.6,19.9,25.79,704.0,29.3,81.4,0.0,16.0,90.5,21.04,0,0
2026-09-27T17:00:00Z,CDU-B1,HALL-B,24.76,24.89,27.63,1792.0,1760.0,178.4,343.2,20.1,25.63,892.0,37.1,81.6,0.0,16.2,90.5,21.22,0,0
2026-09-27T18:00:00Z,CDU-B1,HALL-B,24.57,24.9,27.72,1788.0,1786.0,177.6,376.2,19.9,25.72,928.0,38.7,81.5,0.0,16.1,90.5,21.08,0,0
2026-09-27T19:00:00Z,CDU-B1,HALL-B,24.12,24.25,27.55,1809.0,1804.0,181.8,415.0,20.1,25.56,1093.0,45.6,82.4,0.0,16.5,90.5,21.82,0,0
2026-09-27T20:00:00Z,CDU-B1,HALL-B,24.06,24.22,27.5,1792.0,1785.0,178.4,412.1,19.9,25.51,1056.0,44.0,81.6,0.0,16.1,90.5,21.23,0,0
2026-09-27T21:00:00Z,CDU-B1,HALL-B,24.26,24.28,27.46,1801.0,1782.0,180.2,384.7,20.0,25.46,1012.0,42.1,82.1,0.0,16.3,90.5,21.54,0,0
2026-09-27T22:00:00Z,CDU-B1,HALL-B,24.24,24.37,27.56,1781.0,1762.0,176.3,395.6,20.4,25.56,1099.0,45.7,81.1,0.0,16.0,90.5,20.84,0,0
2026-09-27T23:00:00Z,CDU-B1,HALL-B,24.21,24.22,27.55,1802.0,1777.0,180.4,402.3,20.1,25.55,1059.0,44.2,82.1,0.0,16.4,90.5,21.57,0,0
2026-08-31T00:00:00Z,CDU-B2,HALL-B,24.57,24.77,24.84,1813.0,1812.0,182.6,33.2,19.8,21.36,300.0,12.5,0.0,82.6,19.3,86.5,21.97,0,0
2026-08-31T01:00:00Z,CDU-B2,HALL-B,24.69,24.71,25.02,1804.0,1798.0,180.8,39.7,20.1,22.01,300.0,12.5,0.0,82.2,19.1,86.5,21.65,0,0
2026-08-31T02:00:00Z,CDU-B2,HALL-B,24.41,24.44,25.01,1816.0,1804.0,183.2,72.3,20.2,23.01,372.0,15.5,0.0,82.7,19.3,86.5,22.06,0,0
2026-08-31T03:00:00Z,CDU-B2,HALL-B,24.18,24.25,25.02,1804.0,1794.0,180.9,101.4,19.9,23.02,467.0,19.5,0.0,82.2,19.1,86.5,21.64,0,0
2026-08-31T04:00:00Z,CDU-B2,HALL-B,24.39,24.47,25.03,1818.0,1798.0,183.6,77.8,20.0,23.03,367.0,15.3,0.0,82.8,19.4,86.5,22.14,0,0
2026-08-31T05:00:00Z,CDU-B2,HALL-B,24.81,24.81,25.13,1795.0,1776.0,179.0,38.2,20.1,21.92,300.0,12.5,0.0,81.8,18.9,86.5,21.32,0,0
2026-08-31T06:00:00Z,CDU-B2,HALL-B,24.84,24.88,25.0,1808.0,1797.0,181.6,19.1,20.1,21.01,300.0,12.5,0.0,82.4,19.2,86.5,21.78,0,0
2026-08-31T07:00:00Z,CDU-B2,HALL-B,24.46,24.52,24.95,1786.0,1758.0,177.1,58.0,20.2,22.81,317.0,13.2,0.0,81.4,18.7,86.5,21.02,0,0
2026-08-31T08:00:00Z,CDU-B2,HALL-B,24.5,24.56,24.86,1804.0,1799.0,180.8,43.3,20.4,22.47,302.0,12.6,0.0,82.2,19.1,86.5,21.65,0,0
2026-08-31T09:00:00Z,CDU-B2,HALL-B,24.55,24.72,24.71,1800.0,1798.0,180.0,19.3,20.1,21.04,300.0,12.5,0.0,82.0,19.0,86.5,21.51,0,0
2026-08-31T10:00:00Z,CDU-B2,HALL-B,24.71,24.96,24.8,1790.0,1785.0,178.0,11.2,19.9,20.48,300.0,12.5,0.0,81.5,18.8,86.5,21.14,0,0
2026-08-31T11:00:00Z,CDU-B2,HALL-B,24.8,24.96,24.94,1806.0,1799.0,181.2,16.4,20.1,20.93,300.0,12.5,0.0,82.3,19.1,86.5,21.71,0,0
2026-08-31T12:00:00Z,CDU-B2,HALL-B,25.21,25.62,24.92,1798.0,1797.0,179.7,-35.2,19.9,19.93,300.0,12.5,0.0,81.9,19.0,86.5,21.43,0,0
2026-08-31T13:00:00Z,CDU-B2,HALL-B,24.89,24.96,24.9,1784.0,1782.0,176.7,0.8,20.0,20.17,300.0,12.5,0.0,81.3,18.7,86.5,20.94,0,0
2026-08-31T14:00:00Z,CDU-B2,HALL-B,24.72,24.73,24.8,1800.0,1767.0,180.0,9.1,20.1,20.54,300.0,12.5,0.0,82.0,19.0,86.5,21.51,0,0
2026-08-31T15:00:00Z,CDU-B2,HALL-B,24.52,24.66,24.64,1785.0,1781.0,177.0,14.0,20.0,20.68,300.0,12.5,0.0,81.3,18.7,86.5,20.98,0,0
2026-08-31T16:00:00Z,CDU-B2,HALL-B,23.95,24.0,24.34,1793.0,1793.0,178.7,46.5,20.0,22.16,306.0,12.8,0.0,81.7,18.9,86.5,21.26,0,0
2026-08-31T17:00:00Z,CDU-B2,HALL-B,23.89,23.99,24.57,1807.0,1806.0,181.4,82.3,20.0,22.57,457.0,19.0,0.0,82.3,19.2,86.5,21.75,0,0
2026-08-31T18:00:00Z,CDU-B2,HALL-B,24.26,24.26,24.67,1813.0,1804.0,182.6,49.8,19.8,22.23,300.0,12.5,0.0,82.6,19.3,86.5,21.97,0,0
2026-08-31T19:00:00Z,CDU-B2,HALL-B,24.6,24.61,24.75,1800.0,1790.0,180.0,18.0,20.2,21.04,300.0,12.5,0.0,82.0,19.0,86.5,21.5,0,0
2026-08-31T20:00:00Z,CDU-B2,HALL-B,24.38,24.39,24.8,1795.0,1776.0,179.0,50.7,19.9,22.38,300.0,12.5,0.0,81.8,18.9,86.5,21.32,0,0
2026-08-31T21:00:00Z,CDU-B2,HALL-B,24.5,24.71,24.88,1802.0,1775.0,180.3,46.2,20.0,22.19,303.0,12.6,0.0,82.1,19.1,86.5,21.57,0,0
2026-08-31T22:00:00Z,CDU-B2,HALL-B,24.37,24.59,24.77,1815.0,1803.0,183.0,48.4,20.1,22.4,305.0,12.7,0.0,82.6,19.3,86.5,22.03,0,0
2026-08-31T23:00:00Z,CDU-B2,HALL-B,24.75,25.05,24.87,1805.0,1781.0,181.1,14.6,20.1,20.84,300.0,12.5,0.0,82.2,19.2,86.5,21.67,0,0
2026-09-01T00:00:00Z,CDU-B2,HALL-B,24.71,24.74,24.83,1805.0,1789.0,181.0,14.8,19.8,20.51,300.0,12.5,0.0,82.2,19.1,86.5,21.68,0,0
2026-09-01T01:00:00Z,CDU-B2,HALL-B,24.59,24.75,24.95,1791.0,1775.0,178.2,43.6,20.1,22.18,300.0,12.5,0.0,81.6,18.8,86.5,21.19,0,0
2026-09-01T02:00:00Z,CDU-B2,HALL-B,24.55,24.73,25.02,1792.0,1785.0,178.4,56.7,20.1,22.8,302.0,12.6,0.0,81.7,18.9,86.5,21.22,0,0
2026-09-01T03:00:00Z,CDU-B2,HALL-B,24.67,24.88,25.09,1801.0,1776.0,180.2,50.3,20.1,22.5,304.0,12.6,0.0,82.1,19.1,86.5,21.54,0,0
2026-09-01T04:00:00Z,CDU-B2,HALL-B,24.55,24.71,25.05,1802.0,1791.0,180.5,59.7,19.9,22.7,305.0,12.7,0.0,82.0,19.1,86.5,21.57,0,0
2026-09-01T05:00:00Z,CDU-B2,HALL-B,24.73,24.98,24.95,1796.0,1791.0,179.3,26.9,20.1,21.42,300.0,12.5,0.0,81.8,18.9,86.5,21.36,0,0
2026-09-01T06:00:00Z,CDU-B2,HALL-B,24.79,24.82,25.01,1812.0,1792.0,182.4,26.2,19.8,21.06,300.0,12.6,0.0,82.6,19.3,86.6,21.93,0,0
2026-09-01T07:00:00Z,CDU-B2,HALL-B,24.77,24.92,24.98,1800.0,1770.0,180.0,25.4,20.1,21.31,300.0,12.5,0.0,82.0,19.1,86.5,21.5,0,0
2026-09-01T08:00:00Z,CDU-B2,HALL-B,25.02,25.05,24.95,1806.0,1792.0,181.1,-8.4,19.8,19.81,300.0,12.6,0.0,82.3,19.2,86.6,21.7,0,0
2026-09-01T09:00:00Z,CDU-B2,HALL-B,25.28,25.3,25.06,1809.0,1795.0,181.8,-26.6,20.0,20.0,300.0,12.5,0.0,82.4,19.3,86.5,21.82,0,0
2026-09-01T10:00:00Z,CDU-B2,HALL-B,25.57,25.6,25.19,1790.0,1771.0,178.0,-45.4,20.0,20.0,300.0,12.5,0.0,81.5,18.8,86.5,21.16,0,0
2026-09-01T11:00:00Z,CDU-B2,HALL-B,25.63,25.71,25.17,1796.0,1776.0,179.2,-55.3,19.9,19.9,300.0,12.4,0.0,81.8,19.0,86.5,21.36,0,0
2026-09-01T12:00:00Z,CDU-B2,HALL-B,25.54,25.58,25.08,1817.0,1792.0,183.4,-55.2,20.0,20.0,300.0,12.5,0.0,82.8,19.4,86.5,22.1,0,0
2026-09-01T13:00:00Z,CDU-B2,HALL-B,25.63,25.75,25.09,1808.0,1808.0,181.7,-65.6,20.0,20.0,300.0,12.5,0.0,82.4,19.3,86.5,21.78,0,0
2026-09-01T14:00:00Z,CDU-B2,HALL-B,25.4,25.6,25.17,1791.0,1788.0,178.2,-27.4,19.9,19.9,300.0,12.5,0.0,81.6,18.9,86.5,21.18,0,0
2026-09-01T15:00:00Z,CDU-B2,HALL-B,25.47,25.57,25.15,1789.0,1750.0,177.8,-38.4,19.9,19.9,300.0,12.5,0.0,81.5,18.8,86.5,21.14,0,0
2026-09-01T16:00:00Z,CDU-B2,HALL-B,25.24,25.35,25.11,1798.0,1781.0,179.6,-16.2,19.8,19.8,300.0,12.5,0.0,81.9,19.1,86.5,21.44,0,0
2026-09-01T17:00:00Z,CDU-B2,HALL-B,25.22,25.23,25.08,1796.0,1791.0,179.2,-16.7,19.9,19.9,300.0,12.6,0.0,81.8,19.0,86.5,21.36,0,0
2026-09-01T18:00:00Z,CDU-B2,HALL-B,25.41,25.48,25.19,1791.0,1784.0,178.2,-26.9,20.0,20.0,300.0,12.5,0.0,81.6,18.9,86.5,21.19,0,0
2026-09-01T19:00:00Z,CDU-B2,HALL-B,25.23,25.33,25.05,1794.0,1792.0,178.8,-21.7,20.0,20.0,300.0,12.6,0.0,81.8,19.0,86.5,21.3,0,0
2026-09-01T20:00:00Z,CDU-B2,HALL-B,25.12,25.21,25.08,1780.0,1771.0,175.9,-4.6,19.9,19.91,300.0,12.5,0.0,81.1,18.7,86.5,20.8,0,0
2026-09-01T21:00:00Z,CDU-B2,HALL-B,25.2,25.4,25.17,1789.0,1788.0,177.8,-3.1,19.7,19.83,300.0,12.6,0.0,81.5,18.9,86.5,21.12,0,0
2026-09-01T22:00:00Z,CDU-B2,HALL-B,25.33,25.41,24.93,1795.0,1791.0,179.0,-47.8,19.7,19.7,300.0,12.5,0.0,81.7,19.0,86.5,21.32,0,0
2026-09-01T23:00:00Z,CDU-B2,HALL-B,25.21,25.29,24.98,1797.0,1796.0,179.5,-28.1,20.1,20.1,300.0,12.5,0.0,81.9,19.0,86.5,21.4,0,0
2026-09-02T00:00:00Z,CDU-B2,HALL-B,25.07,25.21,25.16,1820.0,1813.0,184.1,11.2,19.9,20.41,300.0,12.5,0.0,82.9,19.5,86.5,22.22,0,0
2026-09-02T01:00:00Z,CDU-B2,HALL-B,25.25,25.28,25.08,1789.0,1752.0,177.8,-19.8,19.8,19.8,300.0,12.5,0.0,81.5,18.9,86.5,21.12,0,0
2026-09-02T02:00:00Z,CDU-B2,HALL-B,24.83,24.85,24.87,1798.0,1776.0,179.6,4.4,20.0,20.22,300.0,12.5,0.0,81.9,19.1,86.5,21.43,0,0
2026-09-02T03:00:00Z,CDU-B2,HALL-B,25.19,25.34,25.03,1799.0,1776.0,179.8,-18.9,20.2,20.2,300.0,12.4,0.0,82.0,19.1,86.5,21.46,0,0
2026-09-02T04:00:00Z,CDU-B2,HALL-B,24.93,25.02,25.07,1776.0,1773.0,175.2,16.4,19.8,20.61,300.0,12.5,0.0,80.9,18.6,86.5,20.67,0,0
2026-09-02T05:00:00Z,CDU-B2,HALL-B,25.36,25.52,25.03,1793.0,1776.0,178.6,-39.6,20.0,20.0,300.0,12.5,0.0,81.7,19.0,86.5,21.26,0,0
2026-09-02T06:00:00Z,CDU-B2,HALL-B,25.19,25.38,24.98,1813.0,1802.0,182.6,-25.6,20.1,20.1,300.0,12.5,0.0,82.6,19.4,86.5,21.97,0,0
2026-09-02T07:00:00Z,CDU-B2,HALL-B,25.25,25.28,24.93,1794.0,1790.0,178.8,-38.0,20.1,20.1,300.0,12.5,0.0,81.8,19.0,86.5,21.29,0,0
2026-09-02T08:00:00Z,CDU-B2,HALL-B,25.29,25.33,24.93,1806.0,1796.0,181.2,-43.1,19.9,19.9,300.0,12.4,0.0,82.3,19.3,86.5,21.72,0,0
2026-09-02T09:00:00Z,CDU-B2,HALL-B,25.46,25.49,24.84,1795.0,1789.0,179.0,-74.3,20.1,20.1,300.0,12.6,0.0,81.8,19.0,86.5,21.33,0,0
2026-09-02T10:00:00Z,CDU-B2,HALL-B,25.11,25.22,24.9,1793.0,1779.0,178.6,-24.9,20.0,20.0,300.0,12.5,0.0,81.7,19.0,86.5,21.26,0,0
2026-09-02T11:00:00Z,CDU-B2,HALL-B,25.0,25.11,24.85,1808.0,1789.0,181.6,-17.8,20.0,20.0,300.0,12.5,0.0,82.4,19.3,86.5,21.79,0,0
2026-09-02T12:00:00Z,CDU-B2,HALL-B,25.02,25.23,24.76,1800.0,1777.0,180.0,-31.1,20.0,20.0,300.0,12.5,0.0,82.0,19.1,86.5,21.51,0,0
2026-09-02T13:00:00Z,CDU-B2,HALL-B,25.02,25.03,24.86,1807.0,1797.0,181.4,-19.2,19.9,19.9,300.0,12.5,0.0,82.3,19.3,86.5,21.75,0,0
2026-09-02T14:00:00Z,CDU-B2,HALL-B,25.21,25.26,24.98,1800.0,1789.0,180.0,-27.2,19.9,19.9,300.0,12.5,0.0,82.0,19.1,86.5,21.5,0,0
2026-09-02T15:00:00Z,CDU-B2,HALL-B,25.41,25.66,25.14,1785.0,1778.0,177.0,-32.6,19.8,19.8,300.0,12.4,0.0,81.3,18.9,86.5,20.98,0,0
2026-09-02T16:00:00Z,CDU-B2,HALL-B,25.44,25.47,25.15,1802.0,1798.0,180.4,-34.5,20.2,20.2,300.0,12.6,0.0,82.1,19.2,86.5,21.57,0,0
2026-09-02T17:00:00Z,CDU-B2,HALL-B,25.31,25.36,25.02,1807.0,1801.0,181.4,-35.6,20.3,20.3,300.0,12.5,0.0,82.3,19.3,86.5,21.75,0,0
2026-09-02T18:00:00Z,CDU-B2,HALL-B,25.25,25.35,25.06,1798.0,1795.0,179.7,-22.8,20.0,20.0,300.0,12.5,0.0,81.9,19.1,86.5,21.43,0,0
2026-09-02T19:00:00Z,CDU-B2,HALL-B,25.43,25.64,25.12,1797.0,1778.0,179.4,-37.2,19.9,19.9,300.0,12.5,0.0,81.9,19.1,86.5,21.39,0,0
2026-09-02T20:00:00Z,CDU-B2,HALL-B,25.28,25.38,25.16,1801.0,1789.0,180.2,-14.7,19.8,19.8,300.0,12.5,0.0,82.0,19.2,86.5,21.53,0,0
2026-09-02T21:00:00Z,CDU-B2,HALL-B,24.93,25.01,25.04,1819.0,1797.0,183.8,13.9,20.2,20.84,300.0,12.5,0.0,82.9,19.6,86.5,22.17,0,0
2026-09-02T22:00:00Z,CDU-B2,HALL-B,25.41,25.48,24.94,1793.0,1770.0,178.7,-55.7,20.0,20.0,300.0,12.5,0.0,81.7,19.0,86.5,21.25,0,0
2026-09-02T23:00:00Z,CDU-B2,HALL-B,25.57,25.69,25.05,1813.0,1809.0,182.6,-63.2,19.8,19.8,300.0,12.5,0.0,82.6,19.4,86.5,21.96,0,0
2026-09-03T00:00:00Z,CDU-B2,HALL-B,25.15,25.19,25.09,1802.0,1797.0,180.4,-7.8,20.1,20.1,300.0,12.5,0.0,82.1,19.2,86.5,21.57,0,0
2026-09-03T01:00:00Z,CDU-B2,HALL-B,24.86,24.98,25.1,1806.0,1797.0,181.2,28.9,19.9,21.3,300.0,12.6,0.0,82.3,19.3,86.5,21.7,0,0
2026-09-03T02:00:00Z,CDU-B2,HALL-B,24.87,24.94,25.18,1804.0,1781.0,180.8,37.8,20.1,21.97,300.0,12.5,0.0,82.2,19.2,86.5,21.64,0,0
2026-09-03T03:00:00Z,CDU-B2,HALL-B,24.88,25.05,25.23,1792.0,1775.0,178.4,41.9,19.9,21.91,300.0,12.5,0.0,81.6,19.0,86.5,21.21,0,0
2026-09-03T04:00:00Z,CDU-B2,HALL-B,24.86,24.87,25.2,1784.0,1778.0,176.8,41.0,20.1,22.04,300.0,12.5,0.0,81.3,18.8,86.5,20.95,0,0
2026-09-03T05:00:00Z,CDU-B2,HALL-B,25.1,25.16,25.27,1795.0,1786.0,179.0,20.5,20.1,21.07,300.0,12.6,0.0,81.8,19.1,86.5,21.32,0,0
2026-09-03T06:00:00Z,CDU-B2,HALL-B,24.98,25.25,25.18,1782.0,1772.0,176.4,23.8,20.0,21.19,300.0,12.4,0.0,81.2,18.8,86.5,20.87,0,0
2026-09-03T07:00:00Z,CDU-B2,HALL-B,25.34,25.58,25.31,1799.0,1788.0,179.8,-3.3,20.0,20.15,300.0,12.5,0.0,82.0,19.2,86.5,21.46,0,0
2026-09-03T08:00:00Z,CDU-B2,HALL-B,25.12,25.3,25.31,1788.0,1767.0,177.6,23.2,20.2,21.32,300.0,12.5,0.0,81.5,18.9,86.5,21.08,0,0
2026-09-03T09:00:00Z,CDU-B2,HALL-B,25.13,25.2,25.31,1797.0,1792.0,179.4,21.5,20.0,21.01,300.0,12.4,0.0,81.9,19.1,86.5,21.39,0,0
2026-09-03T10:00:00Z,CDU-B2,HALL-B,24.95,25.36,25.06,1782.0,1770.0,176.4,13.6,20.1,20.81,300.0,12.5,0.0,81.2,18.8,86.5,20.87,0,0
2026-09-03T11:00:00Z,CDU-B2,HALL-B,24.99,25.01,24.93,1812.0,1810.0,182.4,-7.5,20.0,20.0,300.0,12.4,0.0,82.6,19.4,86.5,21.93,0,0
2026-09-03T12:00:00Z,CDU-B2,HALL-B,24.82,24.89,24.83,1811.0,1791.0,182.3,1.7,20.2,20.38,300.0,12.4,0.0,82.5,19.4,86.5,21.89,0,0
2026-09-03T13:00:00Z,CDU-B2,HALL-B,24.86,24.96,24.64,1806.0,1801.0,181.1,-26.6,19.9,19.9,300.0,12.5,0.0,82.2,19.3,86.5,21.71,0,0
2026-09-03T14:00:00Z,CDU-B2,HALL-B,24.56,24.56,24.49,1813.0,1795.0,182.6,-8.2,19.9,19.9,300.0,12.5,0.0,82.6,19.5,86.5,21.96,0,0
2026-09-03T15:00:00Z,CDU-B2,HALL-B,24.41,24.47,24.57,1795.0,1790.0,179.1,19.6,19.8,20.73,300.0,12.5,0.0,81.8,19.1,86.5,21.33,0,0
2026-09-03T16:00:00Z,CDU-B2,HALL-B,24.68,24.82,24.55,1815.0,1803.0,183.0,-16.0,19.9,19.9,300.0,12.5,0.0,82.7,19.5,86.5,22.04,0,0
2026-09-03T17:00:00Z,CDU-B2,HALL-B,24.71,24.77,24.63,1795.0,1776.0,179.0,-9.9,19.9,19.9,300.0,12.5,0.0,81.8,19.1,86.6,21.32,0,0
2026-09-03T18:00:00Z,CDU-B2,HALL-B,24.94,24.94,24.57,1794.0,1773.0,178.9,-44.8,20.2,20.2,300.0,12.4,0.0,81.8,19.1,86.5,21.3,0,0
2026-09-03T19:00:00Z,CDU-B2,HALL-B,24.61,24.7,24.59,1808.0,1797.0,181.7,-1.9,20.3,20.37,300.0,12.4,0.0,82.4,19.4,86.5,21.78,0,0
2026-09-03T20:00:00Z,CDU-B2,HALL-B,24.68,24.69,24.74,1795.0,1777.0,179.0,7.7,20.0,20.35,300.0,12.6,0.0,81.8,19.1,86.5,21.33,0,0
2026-09-03T21:00:00Z,CDU-B2,HALL-B,24.27,24.38,24.53,1800.0,1797.0,180.0,30.8,19.7,21.17,300.0,12.5,0.0,82.0,19.2,86.5,21.5,0,0
2026-09-03T22:00:00Z,CDU-B2,HALL-B,24.18,24.19,24.38,1801.0,1797.0,180.2,23.9,20.0,21.1,300.0,12.5,0.0,82.1,19.2,86.5,21.53,0,0
2026-09-03T23:00:00Z,CDU-B2,HALL-B,24.24,24.51,24.53,1799.0,1779.0,179.8,35.2,20.0,21.62,303.0,12.7,0.0,82.0,19.2,86.5,21.46,0,0
2026-09-04T00:00:00Z,CDU-B2,HALL-B,24.09,24.12,24.71,1795.0,1791.0,179.0,74.4,20.2,22.71,422.0,17.6,0.0,81.8,19.1,86.5,21.33,0,0
2026-09-04T01:00:00Z,CDU-B2,HALL-B,24.2,24.37,24.8,1794.0,1784.0,178.8,72.0,19.9,22.79,359.0,14.9,0.0,81.7,19.1,86.5,21.29,0,0
2026-09-04T02:00:00Z,CDU-B2,HALL-B,24.42,24.75,24.97,1803.0,1789.0,180.6,65.9,19.8,22.73,323.0,13.5,0.0,82.1,19.3,86.6,21.61,0,0
2026-09-04T03:00:00Z,CDU-B2,HALL-B,24.45,24.78,25.04,1808.0,1777.0,181.6,70.7,19.9,22.81,344.0,14.4,0.0,82.4,19.4,86.5,21.78,0,0
2026-09-04T04:00:00Z,CDU-B2,HALL-B,24.77,24.82,25.12,1806.0,1800.0,181.2,42.3,19.9,21.92,300.0,12.5,0.0,82.2,19.4,86.5,21.71,0,0
2026-09-04T05:00:00Z,CDU-B2,HALL-B,24.92,24.99,25.11,1794.0,1776.0,178.8,22.7,19.9,20.96,300.0,12.5,0.0,81.7,19.1,86.6,21.29,0,0
2026-09-04T06:00:00Z,CDU-B2,HALL-B,25.02,25.03,25.11,1798.0,1797.0,179.6,10.9,20.0,20.55,300.0,12.6,0.0,81.9,19.2,86.5,21.43,0,0
2026-09-04T07:00:00Z,CDU-B2,HALL-B,25.04,25.13,25.05,1799.0,1790.0,179.8,1.0,19.8,19.93,300.0,12.5,0.0,81.9,19.2,86.5,21.47,0,0
2026-09-04T08:00:00Z,CDU-B2,HALL-B,24.99,25.11,24.99,1802.0,1777.0,180.5,0.5,20.2,20.36,300.0,12.5,0.0,82.1,19.3,86.5,21.58,0,0
2026-09-04T09:00:00Z,CDU-B2,HALL-B,24.95,25.04,24.93,1796.0,1779.0,179.3,-2.8,20.2,20.32,300.0,12.5,0.0,81.8,19.1,86.5,21.36,0,0
2026-09-04T10:00:00Z,CDU-B2,HALL-B,25.04,25.12,24.8,1813.0,1806.0,182.7,-28.5,19.9,19.9,300.0,12.5,0.0,82.6,19.5,86.5,21.97,0,0
2026-09-04T11:00:00Z,CDU-B2,HALL-B,24.85,25.02,24.78,1793.0,1782.0,178.6,-8.4,19.9,19.91,300.0,12.5,0.0,81.7,19.1,86.5,21.25,0,0
2026-09-04T12:00:00Z,CDU-B2,HALL-B,24.79,24.82,24.74,1819.0,1812.0,183.8,-5.8,19.7,19.71,300.0,12.5,0.0,82.9,19.7,86.6,22.18,0,0
2026-09-04T13:00:00Z,CDU-B2,HALL-B,24.84,25.03,24.82,1814.0,1792.0,182.9,-2.8,19.7,19.82,300.0,12.5,0.0,82.6,19.6,86.5,22.0,0,0
2026-09-04T14:00:00Z,CDU-B2,HALL-B,25.03,25.24,24.79,1808.0,1795.0,181.6,-29.0,19.8,19.8,300.0,12.6,0.0,82.4,19.4,86.5,21.78,0,0
2026-09-04T15:00:00Z,CDU-B2,HALL-B,24.89,25.07,24.9,1797.0,1790.0,179.4,1.1,20.0,20.16,300.0,12.5,0.0,81.9,19.2,86.5,21.39,0,0
2026-09-04T16:00:00Z,CDU-B2,HALL-B,24.72,24.83,24.9,1805.0,1792.0,181.0,22.3,19.9,20.98,300.0,12.6,0.0,82.2,19.4,86.5,21.69,0,0
2026-09-04T17:00:00Z,CDU-B2,HALL-B,25.17,25.26,25.15,1817.0,1808.0,183.4,-2.8,19.9,19.98,300.0,12.5,0.0,82.8,19.6,86.5,22.1,0,0
2026-09-04T18:00:00Z,CDU-B2,HALL-B,24.89,24.93,25.09,1790.0,1779.0,177.9,23.4,19.8,20.89,300.0,12.5,0.0,81.5,19.1,86.5,21.15,0,0
2026-09-04T19:00:00Z,CDU-B2,HALL-B,25.23,25.45,25.08,1813.0,1810.0,182.6,-18.7,19.9,19.9,300.0,12.5,0.0,82.6,19.5,86.5,21.96,0,0
2026-09-04T20:00:00Z,CDU-B2,HALL-B,25.05,25.09,25.08,1808.0,1800.0,181.7,3.4,19.6,19.84,300.0,12.5,0.0,82.4,19.4,86.5,21.78,0,0
2026-09-04T21:00:00Z,CDU-B2,HALL-B,24.89,25.0,25.12,1805.0,1787.0,181.0,28.1,20.1,21.46,300.0,12.5,50.8,31.4,19.4,86.5,21.68,0,0
2026-09-04T22:00:00Z,CDU-B2,HALL-B,24.82,24.85,24.99,1764.0,1751.0,172.9,20.4,19.8,20.76,300.0,12.4,80.3,0.0,18.5,86.5,20.26,0,0
2026-09-04T23:00:00Z,CDU-B2,HALL-B,24.86,25.03,25.08,1796.0,1790.0,179.1,26.0,20.1,21.34,300.0,12.4,81.8,0.0,19.2,86.5,21.36,0,0
2026-09-05T00:00:00Z,CDU-B2,HALL-B,25.11,25.12,25.15,1804.0,1792.0,180.8,4.8,19.7,19.92,300.0,12.5,82.2,0.0,19.4,86.5,21.64,0,0
2026-09-05T01:00:00Z,CDU-B2,HALL-B,24.88,25.01,25.29,1791.0,1780.0,178.3,48.5,20.1,22.43,301.0,12.5,81.6,0.0,19.1,86.6,21.18,0,0
2026-09-05T02:00:00Z,CDU-B2,HALL-B,24.97,25.12,25.3,1804.0,1801.0,180.8,40.1,20.1,22.01,300.0,12.5,82.2,0.0,19.4,86.5,21.64,0,0
2026-09-05T03:00:00Z,CDU-B2,HALL-B,24.71,24.71,25.21,1812.0,1802.0,182.5,60.5,19.9,22.77,300.0,12.5,82.6,0.0,19.5,86.5,21.93,0,0
2026-09-05T04:00:00Z,CDU-B2,HALL-B,24.88,24.95,25.33,1805.0,1793.0,181.0,54.1,20.0,22.55,300.0,12.5,82.2,0.0,19.4,86.5,21.68,0,0
2026-09-05T05:00:00Z,CDU-B2,HALL-B,25.06,25.1,25.16,1793.0,1787.0,178.6,11.4,19.7,20.27,300.0,12.5,81.7,0.0,19.1,86.5,21.25,0,0
2026-09-05T06:00:00Z,CDU-B2,HALL-B,25.19,25.38,25.23,1805.0,1783.0,181.0,5.3,20.0,20.34,300.0,12.4,82.2,0.0,19.4,86.5,21.68,0,0
2026-09-05T07:00:00Z,CDU-B2,HALL-B,25.03,25.08,25.23,1805.0,1797.0,181.0,24.3,19.8,20.95,300.0,12.4,82.2,0.0,19.4,86.5,21.67,0,0
2026-09-05T08:00:00Z,CDU-B2,HALL-B,25.12,25.22,25.26,1790.0,1778.0,178.0,17.2,19.9,20.7,300.0,12.5,81.5,0.0,19.1,86.5,21.15,0,0
2026-09-05T09:00:00Z,CDU-B2,HALL-B,25.1,25.16,25.17,1807.0,1796.0,181.4,8.8,20.2,20.65,300.0,12.4,82.3,0.0,19.4,86.5,21.75,0,0
2026-09-05T10:00:00Z,CDU-B2,HALL-B,24.98,25.22,25.03,1791.0,1760.0,178.3,5.9,19.9,20.3,300.0,12.5,81.6,0.0,19.1,86.5,21.18,0,0
2026-09-05T11:00:00Z,CDU-B2,HALL-B,25.07,25.12,25.14,1795.0,1785.0,179.0,8.9,20.1,20.61,300.0,12.5,81.7,0.0,19.2,86.5,21.33,0,0
2026-09-05T12:00:00Z,CDU-B2,HALL-B,25.19,25.33,25.25,1790.0,1765.0,177.9,7.0,20.1,20.47,300.0,12.5,81.5,0.0,19.1,86.5,21.14,0,0
2026-09-05T13:00:00Z,CDU-B2,HALL-B,25.37,25.55,25.32,1820.0,1819.0,184.1,-6.1,20.3,20.33,300.0,12.5,82.9,0.0,19.8,86.5,22.21,0,0
2026-09-05T14:00:00Z,CDU-B2,HALL-B,25.74,25.75,25.4,1793.0,1790.0,178.7,-41.3,19.8,19.8,300.0,12.5,81.7,0.0,19.2,86.5,21.26,0,0
2026-09-05T15:00:00Z,CDU-B2,HALL-B,25.71,25.78,25.42,1815.0,1788.0,183.1,-35.4,20.0,20.0,300.0,12.5,82.7,0.0,19.6,86.5,22.04,0,0
2026-09-05T16:00:00Z,CDU-B2,HALL-B,25.61,25.66,25.31,1795.0,1764.0,179.1,-36.5,20.0,20.0,300.0,12.5,81.8,0.0,19.2,86.5,21.34,0,0
2026-09-05T17:00:00Z,CDU-B2,HALL-B,25.61,25.79,25.47,1815.0,1812.0,183.0,-17.1,20.0,20.0,300.0,12.4,82.7,0.0,19.6,86.5,22.03,0,0
2026-09-05T18:00:00Z,CDU-B2,HALL-B,25.75,25.89,25.51,1805.0,1790.0,181.0,-29.3,19.9,19.9,300.0,12.5,82.3,0.0,19.4,86.5,21.68,0,0
2026-09-05T19:00:00Z,CDU-B2,HALL-B,25.64,25.68,25.61,1803.0,1788.0,180.6,-3.9,20.1,20.13,300.0,12.5,82.2,0.0,19.4,86.5,21.62,0,0
2026-09-05T20:00:00Z,CDU-B2,HALL-B,25.67,25.8,25.59,1793.0,1774.0,178.6,-10.0,20.1,20.15,300.0,12.5,81.7,0.0,19.2,86.5,21.26,0,0
2026-09-05T21:00:00Z,CDU-B2,HALL-B,25.62,25.83,25.63,1808.0,1806.0,181.5,0.8,20.3,20.63,300.0,12.4,82.4,0.0,19.5,86.5,21.78,0,0
2026-09-05T22:00:00Z,CDU-B2,HALL-B,25.71,25.75,25.71,1800.0,1791.0,180.0,-0.2,20.0,20.03,300.0,12.5,82.0,0.0,19.3,86.5,21.5,0,0
2026-09-05T23:00:00Z,CDU-B2,HALL-B,25.7,25.81,25.65,1805.0,1778.0,181.1,-6.0,20.1,20.12,300.0,12.5,82.3,0.0,19.4,86.5,21.68,0,0
2026-09-06T00:00:00Z,CDU-B2,HALL-B,25.32,25.52,25.44,1808.0,1782.0,181.6,14.1,20.0,20.67,300.0,12.5,82.4,0.0,19.5,86.5,21.79,0,0
2026-09-06T01:00:00Z,CDU-B2,HALL-B,24.99,25.1,25.13,1797.0,1796.0,179.5,16.2,19.8,20.55,300.0,12.5,81.9,0.0,19.3,86.6,21.4,0,0
2026-09-06T02:00:00Z,CDU-B2,HALL-B,24.92,25.05,25.22,1781.0,1774.0,176.2,35.4,19.9,21.58,300.0,12.5,81.2,0.0,18.9,86.5,20.84,0,0
2026-09-06T03:00:00Z,CDU-B2,HALL-B,24.72,24.74,25.07,1805.0,1802.0,181.0,41.7,19.9,21.86,300.0,12.5,82.2,0.0,19.5,86.5,21.68,0,0
2026-09-06T04:00:00Z,CDU-B2,HALL-B,24.63,24.64,25.14,1793.0,1773.0,178.6,60.7,19.9,22.8,300.0,12.4,81.6,0.0,19.2,86.5,21.26,0,0
2026-09-06T05:00:00Z,CDU-B2,HALL-B,24.93,25.01,25.17,1792.0,1792.0,178.4,28.2,20.0,21.36,300.0,12.6,81.7,0.0,19.2,86.5,21.21,0,0
2026-09-06T06:00:00Z,CDU-B2,HALL-B,25.27,25.5,25.24,1808.0,1787.0,181.7,-3.5,20.0,20.21,300.0,12.5,82.3,0.0,19.5,86.5,21.79,0,0
2026-09-06T07:00:00Z,CDU-B2,HALL-B,25.19,25.49,25.4,1817.0,1799.0,183.4,25.6,20.1,21.41,300.0,12.6,82.8,0.0,19.7,86.5,22.11,0,0
2026-09-06T08:00:00Z,CDU-B2,HALL-B,25.0,25.03,25.34,1802.0,1792.0,180.5,41.3,19.9,21.86,300.0,12.5,82.1,0.0,19.4,86.5,21.57,0,0
2026-09-06T09:00:00Z,CDU-B2,HALL-B,24.78,25.02,25.36,1817.0,1810.0,183.4,70.5,19.9,23.05,321.0,13.4,82.8,0.0,19.7,86.5,22.11,0,0
2026-09-06T10:00:00Z,CDU-B2,HALL-B,24.63,24.67,25.28,1783.0,1775.0,176.6,77.7,19.9,23.21,335.0,13.9,81.2,0.0,19.0,86.5,20.9,0,0
2026-09-06T11:00:00Z,CDU-B2,HALL-B,24.78,24.82,25.05,1800.0,1796.0,180.0,32.5,19.9,21.44,300.0,12.5,82.0,0.0,19.3,86.5,21.5,0,0
2026-09-06T12:00:00Z,CDU-B2,HALL-B,24.35,24.43,25.09,1787.0,1785.0,177.4,87.8,20.0,23.09,408.0,17.0,81.4,0.0,19.1,86.5,21.05,0,0
2026-09-06T13:00:00Z,CDU-B2,HALL-B,24.42,24.47,25.26,1822.0,1817.0,184.5,102.8,20.1,23.26,465.0,19.4,83.0,0.0,19.9,86.5,22.29,0,0
2026-09-06T14:00:00Z,CDU-B2,HALL-B,24.72,24.73,25.32,1805.0,1802.0,180.9,72.3,20.0,23.31,313.0,13.0,82.2,0.0,19.5,86.5,21.67,0,0
2026-09-06T15:00:00Z,CDU-B2,HALL-B,24.6,24.77,25.27,1808.0,1778.0,181.7,80.7,19.9,23.27,346.0,14.4,82.4,0.0,19.5,86.5,21.79,0,0
2026-09-06T16:00:00Z,CDU-B2,HALL-B,24.51,24.6,25.15,1802.0,1783.0,180.3,77.3,20.0,23.12,353.0,14.7,82.1,0.0,19.4,86.5,21.57,0,0
2026-09-06T17:00:00Z,CDU-B2,HALL-B,24.87,25.01,25.36,1809.0,1798.0,181.8,58.7,19.9,22.72,300.0,12.5,82.4,0.0,19.6,86.5,21.82,0,0
2026-09-06T18:00:00Z,CDU-B2,HALL-B,25.11,25.53,25.56,1786.0,1779.0,177.2,53.7,20.4,22.81,314.0,13.1,81.4,0.0,19.1,86.5,21.01,0,0
2026-09-06T19:00:00Z,CDU-B2,HALL-B,25.19,25.41,25.67,1800.0,1794.0,180.0,58.1,19.9,22.71,302.0,12.6,82.1,0.0,19.4,86.5,21.5,0,0
2026-09-06T20:00:00Z,CDU-B2,HALL-B,25.35,25.53,25.61,1811.0,1810.0,182.3,31.3,19.9,21.4,300.0,12.5,82.5,0.0,19.6,86.5,21.89,0,0
2026-09-06T21:00:00Z,CDU-B2,HALL-B,25.21,25.63,25.64,1816.0,1784.0,183.2,52.7,20.1,22.5,311.0,12.9,82.7,0.0,19.7,86.6,22.08,0,0
2026-09-06T22:00:00Z,CDU-B2,HALL-B,25.18,25.24,25.99,1799.0,1796.0,179.8,97.8,20.2,23.97,369.0,15.3,82.0,0.0,19.4,86.5,21.47,0,0
2026-09-06T23:00:00Z,CDU-B2,HALL-B,25.25,25.34,25.98,1789.0,1778.0,177.8,87.5,19.8,23.8,314.0,13.1,81.5,0.0,19.1,86.5,21.13,0,0
2026-09-07T00:00:00Z,CDU-B2,HALL-B,25.45,25.53,26.14,1805.0,1799.0,181.0,82.9,20.0,23.94,300.0,12.5,82.2,0.0,19.5,86.5,21.68,0,0
2026-09-07T01:00:00Z,CDU-B2,HALL-B,25.27,25.44,25.82,1802.0,1780.0,180.4,66.1,19.7,22.86,300.0,12.6,82.1,0.0,19.5,86.5,21.58,0,0
2026-09-07T02:00:00Z,CDU-B2,HALL-B,25.24,25.28,25.66,1804.0,1799.0,180.8,51.1,20.2,22.65,300.0,12.4,82.1,0.0,19.5,86.5,21.64,0,0
2026-09-07T03:00:00Z,CDU-B2,HALL-B,25.2,25.23,25.8,1801.0,1783.0,180.2,72.6,20.0,23.43,300.0,12.5,82.1,0.0,19.4,86.5,21.53,0,0
2026-09-07T04:00:00Z,CDU-B2,HALL-B,25.36,25.37,25.8,1808.0,1794.0,181.6,52.8,20.0,22.52,300.0,12.5,82.4,0.0,19.6,86.5,21.78,0,0
2026-09-07T05:00:00Z,CDU-B2,HALL-B,25.32,25.34,25.78,1784.0,1784.0,176.8,54.9,19.8,22.44,300.0,12.5,81.2,0.0,19.1,86.5,20.94,0,0
2026-09-07T06:00:00Z,CDU-B2,HALL-B,25.07,25.36,25.58,1816.0,1789.0,183.3,62.3,19.8,22.79,300.0,12.5,82.7,0.0,19.8,86.5,22.07,0,0
2026-09-07T07:00:00Z,CDU-B2,HALL-B,24.82,24.87,25.49,1806.0,1804.0,181.2,81.3,20.0,23.49,335.0,14.0,82.3,0.0,19.6,86.5,21.71,0,0
2026-09-07T08:00:00Z,CDU-B2,HALL-B,24.94,25.0,25.67,1798.0,1796.0,179.5,87.3,20.0,23.67,341.0,14.2,81.9,0.0,19.4,86.5,21.43,0,0
2026-09-07T09:00:00Z,CDU-B2,HALL-B,25.13,25.34,25.79,1789.0,1779.0,177.8,78.9,19.8,23.52,305.0,12.7,81.5,0.0,19.2,86.5,21.12,0,0
2026-09-07T10:00:00Z,CDU-B2,HALL-B,24.97,24.99,25.69,1813.0,1809.0,182.6,86.7,20.1,23.68,347.0,14.4,82.6,0.0,19.7,86.5,21.96,0,0
2026-09-07T11:00:00Z,CDU-B2,HALL-B,24.99,25.04,25.69,1819.0,1818.0,183.8,85.2,19.9,23.64,326.0,13.6,82.9,0.0,19.8,86.5,22.18,0,0
2026-09-07T12:00:00Z,CDU-B2,HALL-B,25.02,25.18,25.61,1792.0,1790.0,178.4,70.1,20.0,23.29,304.0,12.6,81.6,0.0,19.3,86.5,21.22,0,0
2026-09-07T13:00:00Z,CDU-B2,HALL-B,24.88,24.95,25.56,1802.0,1801.0,180.4,82.1,20.2,23.55,349.0,14.6,82.1,0.0,19.5,86.5,21.56,0,0
2026-09-07T14:00:00Z,CDU-B2,HALL-B,24.88,24.97,25.72,1821.0,1814.0,184.2,102.5,20.3,23.72,431.0,18.0,83.0,0.0,19.9,86.6,22.24,0,0
2026-09-07T15:00:00Z,CDU-B2,HALL-B,24.98,25.01,25.66,1776.0,1772.0,175.2,81.2,20.1,23.66,328.0,13.7,80.9,0.0,18.9,86.5,20.67,0,0
2026-09-07T16:00:00Z,CDU-B2,HALL-B,24.91,24.92,25.57,1806.0,1800.0,181.3,79.4,19.7,23.38,311.0,13.0,82.3,0.0,19.6,86.5,21.71,0,0
2026-09-07T17:00:00Z,CDU-B2,HALL-B,24.72,24.76,25.36,1803.0,1780.0,180.7,77.5,19.8,23.31,315.0,13.2,82.1,0.0,19.5,86.5,21.61,0,0
2026-09-07T18:00:00Z,CDU-B2,HALL-B,24.6,24.71,25.36,1810.0,1808.0,182.0,91.5,20.1,23.36,404.0,16.8,82.5,0.0,19.7,86.5,21.86,0,0
2026-09-07T19:00:00Z,CDU-B2,HALL-B,24.64,24.68,25.46,1794.0,1781.0,178.8,97.7,20.1,23.45,418.0,17.4,81.7,0.0,19.3,86.5,21.29,0,0
2026-09-07T20:00:00Z,CDU-B2,HALL-B,25.0,25.3,25.66,1802.0,1782.0,180.4,78.9,19.9,23.36,327.0,13.5,82.1,0.0,19.5,86.5,21.58,0,0
2026-09-07T21:00:00Z,CDU-B2,HALL-B,25.19,25.35,25.6,1791.0,1762.0,178.3,49.5,20.0,22.36,301.0,12.6,81.6,0.0,19.3,86.5,21.19,0,0
2026-09-07T22:00:00Z,CDU-B2,HALL-B,25.4,25.6,25.41,1797.0,1789.0,179.4,1.1,19.8,20.05,300.0,12.5,81.8,0.0,19.4,86.5,21.39,0,0
2026-09-07T23:00:00Z,CDU-B2,HALL-B,25.48,25.69,25.67,1805.0,1789.0,181.1,23.1,20.2,21.27,300.0,12.5,82.2,0.0,19.6,86.5,21.67,0,0
2026-09-08T00:00:00Z,CDU-B2,HALL-B,25.27,25.33,25.7,1797.0,1772.0,179.4,52.2,19.8,22.32,300.0,12.4,81.9,0.0,19.4,86.5,21.41,0,0
2026-09-08T01:00:00Z,CDU-B2,HALL-B,25.21,25.41,25.63,1803.0,1787.0,180.6,50.2,19.9,22.32,300.0,12.5,82.1,0.0,19.5,86.6,21.6,0,0
2026-09-08T02:00:00Z,CDU-B2,HALL-B,25.44,25.5,25.75,1793.0,1762.0,178.6,37.1,19.8,21.56,300.0,12.5,81.7,0.0,19.3,86.5,21.26,0,0
2026-09-08T03:00:00Z,CDU-B2,HALL-B,25.34,25.59,25.62,1798.0,1793.0,179.5,34.0,19.8,21.44,300.0,12.5,81.9,0.0,19.4,86.6,21.43,0,0
2026-09-08T04:00:00Z,CDU-B2,HALL-B,25.44,25.45,25.82,1829.0,1814.0,185.8,46.1,20.1,22.27,300.0,12.5,83.3,0.0,20.1,86.5,22.53,0,0
2026-09-08T05:00:00Z,CDU-B2,HALL-B,25.29,25.39,25.73,1789.0,1786.0,177.8,52.2,19.9,22.4,300.0,12.5,81.5,0.0,19.2,86.5,21.12,0,0
2026-09-08T06:00:00Z,CDU-B2,HALL-B,25.42,25.51,25.63,1809.0,1796.0,181.8,25.3,20.1,21.32,300.0,12.5,82.4,0.0,19.7,86.5,21.82,0,0
2026-09-08T07:00:00Z,CDU-B2,HALL-B,25.28,25.29,25.54,1792.0,1780.0,178.4,30.7,19.9,21.38,300.0,12.4,81.6,0.0,19.3,86.5,21.22,0,0
2026-09-08T08:00:00Z,CDU-B2,HALL-B,25.29,25.35,25.54,1800.0,1790.0,180.0,29.5,19.8,21.2,300.0,12.4,82.0,0.0,19.5,86.5,21.5,0,0
2026-09-08T09:00:00Z,CDU-B2,HALL-B,25.28,25.33,25.69,1788.0,1778.0,177.5,49.1,20.0,22.34,300.0,12.5,81.5,0.0,19.2,86.5,21.08,0,0
2026-09-08T10:00:00Z,CDU-B2,HALL-B,25.27,25.4,25.8,1804.0,1795.0,180.8,64.4,19.9,22.94,301.0,12.5,82.1,0.0,19.6,86.5,21.64,0,0
2026-09-08T11:00:00Z,CDU-B2,HALL-B,25.2,25.36,25.78,1819.0,1796.0,183.8,70.8,20.1,23.46,303.0,12.6,82.9,0.0,19.9,86.5,22.17,0,0
2026-09-08T12:00:00Z,CDU-B2,HALL-B,25.23,25.41,25.77,1814.0,1803.0,182.8,64.9,19.9,22.98,302.0,12.6,82.7,0.0,19.8,86.5,22.0,0,0
2026-09-08T13:00:00Z,CDU-B2,HALL-B,25.52,25.7,25.64,1801.0,1794.0,180.2,15.0,19.9,20.65,300.0,12.5,82.1,0.0,19.5,86.5,21.53,0,0
2026-09-08T14:00:00Z,CDU-B2,HALL-B,25.33,25.36,25.79,1810.0,1791.0,182.0,55.1,20.2,22.84,300.0,12.5,82.5,0.0,19.7,86.5,21.85,0,0
2026-09-08T15:00:00Z,CDU-B2,HALL-B,25.33,25.56,25.9,1799.0,1792.0,179.8,69.0,19.8,23.1,300.0,12.5,81.9,0.0,19.5,86.5,21.46,0,0
2026-09-08T16:00:00Z,CDU-B2,HALL-B,25.56,25.59,25.89,1798.0,1787.0,179.6,39.1,20.0,21.84,300.0,12.5,81.9,0.0,19.5,86.5,21.43,0,0
2026-09-08T17:00:00Z,CDU-B2,HALL-B,25.48,25.55,25.82,1800.0,1799.0,180.0,41.0,20.1,22.05,300.0,12.5,82.0,0.0,19.5,86.5,21.49,0,0
2026-09-08T18:00:00Z,CDU-B2,HALL-B,25.71,26.06,25.61,1789.0,1785.0,177.8,-12.5,20.1,20.35,300.0,12.5,81.5,0.0,19.3,86.5,21.12,0,0
2026-09-08T19:00:00Z,CDU-B2,HALL-B,25.48,25.59,25.93,1783.0,1780.0,176.5,54.1,19.9,22.51,300.0,12.5,81.2,0.0,19.1,86.5,20.9,0,0
2026-09-08T20:00:00Z,CDU-B2,HALL-B,25.31,25.34,25.92,1782.0,1756.0,176.4,72.9,19.8,23.3,300.0,12.4,81.1,0.0,19.1,86.5,20.87,0,0
2026-09-08T21:00:00Z,CDU-B2,HALL-B,25.05,25.19,25.73,1815.0,1810.0,183.0,82.9,20.2,23.72,339.0,14.2,82.7,0.0,19.8,86.5,22.03,0,0
2026-09-08T22:00:00Z,CDU-B2,HALL-B,25.05,25.13,25.56,1794.0,1788.0,178.8,60.9,20.2,23.02,306.0,12.8,81.7,0.0,19.4,86.5,21.29,0,0
2026-09-08T23:00:00Z,CDU-B2,HALL-B,25.09,25.28,25.42,1805.0,1802.0,181.0,39.4,20.1,21.99,300.0,12.5,82.2,0.0,19.6,86.5,21.68,0,0
2026-09-09T00:00:00Z,CDU-B2,HALL-B,25.09,25.16,25.66,1795.0,1769.0,179.0,68.3,20.2,23.44,302.0,12.6,81.8,0.0,19.4,86.5,21.33,0,0
2026-09-09T01:00:00Z,CDU-B2,HALL-B,25.11,25.18,25.7,1795.0,1792.0,179.1,71.1,19.9,23.31,300.0,12.5,81.8,0.0,19.4,86.5,21.32,0,0
2026-09-09T02:00:00Z,CDU-B2,HALL-B,25.05,25.15,25.67,1787.0,1770.0,177.4,73.5,20.1,23.55,305.0,12.7,81.4,0.0,19.2,86.6,21.05,0,0
2026-09-09T03:00:00Z,CDU-B2,HALL-B,24.91,25.05,25.53,1809.0,1809.0,181.8,75.4,20.2,23.44,332.0,13.8,82.4,0.0,19.7,86.5,21.82,0,0
2026-09-09T04:00:00Z,CDU-B2,HALL-B,25.09,25.25,25.54,1809.0,1792.0,181.8,54.5,20.1,22.65,307.0,12.8,82.4,0.0,19.7,86.5,21.82,0,0
2026-09-09T05:00:00Z,CDU-B2,HALL-B,24.68,24.91,25.7,1800.0,1787.0,180.0,122.9,19.9,23.7,463.0,19.3,82.0,0.0,19.5,86.6,21.5,0,0
2026-09-09T06:00:00Z,CDU-B2,HALL-B,25.02,25.02,25.96,1804.0,1800.0,180.7,113.8,20.1,23.97,425.0,17.7,82.2,0.0,19.6,86.5,21.65,0,0
2026-09-09T07:00:00Z,CDU-B2,HALL-B,24.45,24.69,25.8,1798.0,1794.0,179.5,162.0,19.8,23.8,581.0,24.2,81.9,0.0,19.5,86.5,21.43,0,0
2026-09-09T08:00:00Z,CDU-B2,HALL-B,24.64,24.79,25.69,1806.0,1786.0,181.2,126.9,19.9,23.69,481.0,20.1,82.3,0.0,19.7,86.5,21.72,0,0
2026-09-09T09:00:00Z,CDU-B2,HALL-B,24.62,24.64,25.42,1806.0,1788.0,181.1,96.6,19.7,23.42,373.0,15.5,82.3,0.0,19.7,86.5,21.71,0,0
2026-09-09T10:00:00Z,CDU-B2,HALL-B,24.94,25.02,25.76,1808.0,1791.0,181.6,98.7,19.9,23.75,366.0,15.2,82.4,0.0,19.7,86.5,21.79,0,0
2026-09-09T11:00:00Z,CDU-B2,HALL-B,24.69,24.91,25.81,1797.0,1781.0,179.3,134.7,19.9,23.82,496.0,20.7,81.9,0.0,19.5,86.5,21.39,0,0
2026-09-09T12:00:00Z,CDU-B2,HALL-B,24.36,24.65,25.69,1809.0,1795.0,181.8,161.1,20.1,23.69,643.0,26.8,82.4,0.0,19.7,86.5,21.82,0,0
2026-09-09T13:00:00Z,CDU-B2,HALL-B,24.58,24.76,25.55,1800.0,1795.0,180.1,116.6,20.0,23.55,473.0,19.8,82.0,0.0,19.5,86.5,21.49,0,0
2026-09-09T14:00:00Z,CDU-B2,HALL-B,24.55,24.58,25.5,1784.0,1757.0,176.8,113.2,20.0,23.5,463.0,19.3,81.3,0.0,19.2,86.5,20.95,0,0
2026-09-09T15:00:00Z,CDU-B2,HALL-B,24.57,24.75,25.68,1797.0,1789.0,179.4,132.8,19.9,23.68,504.0,21.1,81.8,0.0,19.5,86.5,21.39,0,0
2026-09-09T16:00:00Z,CDU-B2,HALL-B,24.49,24.53,25.89,1797.0,1784.0,179.4,167.9,19.8,23.89,589.0,24.6,81.9,0.0,19.5,86.5,21.39,0,0
2026-09-09T17:00:00Z,CDU-B2,HALL-B,24.45,24.64,25.88,1795.0,1794.0,179.0,171.8,20.0,23.88,634.0,26.4,81.8,0.0,19.5,86.5,21.33,0,0
2026-09-09T18:00:00Z,CDU-B2,HALL-B,24.61,24.61,25.66,1811.0,1798.0,182.2,127.6,19.8,23.66,474.0,19.7,82.5,0.0,19.8,86.5,21.89,0,0
2026-09-09T19:00:00Z,CDU-B2,HALL-B,24.7,24.78,25.57,1815.0,1787.0,183.0,105.9,20.0,23.57,425.0,17.7,82.7,0.0,19.9,86.5,22.04,0,0
2026-09-09T20:00:00Z,CDU-B2,HALL-B,24.65,24.7,25.83,1815.0,1811.0,183.0,142.7,20.0,23.83,534.0,22.3,82.7,0.0,19.9,86.5,22.03,0,0
2026-09-09T21:00:00Z,CDU-B2,HALL-B,24.79,24.83,26.31,1814.0,1791.0,182.9,184.6,20.0,24.32,615.0,25.6,82.6,0.0,19.9,86.5,22.01,0,0
2026-09-09T22:00:00Z,CDU-B2,HALL-B,24.85,25.09,26.26,1810.0,1787.0,182.0,170.3,20.0,24.27,576.0,24.0,82.5,0.0,19.8,86.5,21.87,0,0
2026-09-09T23:00:00Z,CDU-B2,HALL-B,25.04,25.32,26.01,1783.0,1781.0,176.6,115.4,20.1,24.02,425.0,17.7,81.2,0.0,19.2,86.6,20.91,0,0
2026-09-10T00:00:00Z,CDU-B2,HALL-B,25.07,25.14,25.88,1802.0,1764.0,180.4,97.6,20.3,23.87,389.0,16.2,82.1,0.0,19.6,86.5,21.57,0,0
2026-09-10T01:00:00Z,CDU-B2,HALL-B,25.41,25.66,25.92,1803.0,1794.0,180.6,61.7,20.2,23.07,307.0,12.8,82.1,0.0,19.7,86.5,21.61,0,0
2026-09-10T02:00:00Z,CDU-B2,HALL-B,25.3,25.49,26.19,1788.0,1783.0,177.6,106.9,20.3,24.19,394.0,16.5,81.4,0.0,19.3,86.5,21.07,0,0
2026-09-10T03:00:00Z,CDU-B2,HALL-B,25.02,25.07,26.04,1811.0,1789.0,182.1,123.4,20.2,24.04,461.0,19.2,82.5,0.0,19.8,86.5,21.88,0,0
2026-09-10T04:00:00Z,CDU-B2,HALL-B,24.91,24.92,25.81,1791.0,1758.0,178.3,108.0,19.9,23.82,398.0,16.5,81.6,0.0,19.4,86.5,21.18,0,0
2026-09-10T05:00:00Z,CDU-B2,HALL-B,25.07,25.11,25.94,1798.0,1769.0,179.6,104.5,20.1,23.94,389.0,16.3,81.9,0.0,19.6,86.5,21.43,0,0
2026-09-10T06:00:00Z,CDU-B2,HALL-B,25.15,25.25,25.77,1792.0,1780.0,178.4,74.7,20.1,23.54,309.0,12.9,81.6,0.0,19.4,86.5,21.22,0,0
2026-09-10T07:00:00Z,CDU-B2,HALL-B,25.17,25.45,25.94,1820.0,1817.0,184.0,93.1,20.2,23.87,363.0,15.1,82.9,0.0,20.0,86.5,22.21,0,0
2026-09-10T08:00:00Z,CDU-B2,HALL-B,25.08,25.2,25.86,1803.0,1783.0,180.6,93.7,19.6,23.74,322.0,13.4,82.1,0.0,19.7,86.5,21.61,0,0
2026-09-10T09:00:00Z,CDU-B2,HALL-B,25.09,25.13,25.8,1807.0,1797.0,181.4,85.6,20.0,23.79,326.0,13.6,82.3,0.0,19.8,86.5,21.75,0,0
2026-09-10T10:00:00Z,CDU-B2,HALL-B,24.75,24.79,25.81,1790.0,1758.0,178.1,126.7,20.2,23.81,502.0,20.8,81.5,0.0,19.4,86.5,21.15,0,0
2026-09-10T11:00:00Z,CDU-B2,HALL-B,24.99,25.35,26.09,1784.0,1741.0,176.9,131.3,20.0,24.1,462.0,19.3,81.3,0.0,19.3,86.5,20.94,0,0
2026-09-10T12:00:00Z,CDU-B2,HALL-B,25.13,25.22,26.07,1807.0,1790.0,181.4,112.9,20.0,24.06,398.0,16.6,82.3,0.0,19.8,86.5,21.75,0,0
2026-09-10T13:00:00Z,CDU-B2,HALL-B,25.15,25.26,26.02,1793.0,1788.0,178.6,104.4,19.9,24.02,364.0,15.2,81.7,0.0,19.5,86.5,21.26,0,0
2026-09-10T14:00:00Z,CDU-B2,HALL-B,24.68,24.81,25.84,1801.0,1794.0,180.2,139.6,20.0,23.84,523.0,21.8,82.0,0.0,19.6,86.5,21.54,0,0
2026-09-10T15:00:00Z,CDU-B2,HALL-B,24.68,24.8,25.97,1806.0,1805.0,181.2,155.4,20.0,23.97,560.0,23.4,82.3,0.0,19.8,86.5,21.71,0,0
2026-09-10T16:00:00Z,CDU-B2,HALL-B,24.66,24.69,26.02,1808.0,1801.0,181.6,164.1,20.0,24.01,584.0,24.3,82.4,0.0,19.8,86.5,21.78,0,0
2026-09-10T17:00:00Z,CDU-B2,HALL-B,24.81,25.12,26.19,1788.0,1781.0,177.6,164.6,19.9,24.19,554.0,23.0,81.4,0.0,19.4,86.5,21.07,0,0
2026-09-10T18:00:00Z,CDU-B2,HALL-B,24.52,24.63,25.92,1778.0,1760.0,175.6,166.3,20.0,23.92,608.0,25.3,81.0,0.0,19.2,86.5,20.74,0,0
2026-09-10T19:00:00Z,CDU-B2,HALL-B,25.07,25.26,25.77,1799.0,1795.0,179.8,84.2,20.3,23.55,364.0,15.2,82.0,0.0,19.6,86.6,21.47,0,0
2026-09-10T20:00:00Z,CDU-B2,HALL-B,25.26,25.4,25.86,1804.0,1785.0,180.8,71.7,20.0,23.37,305.0,12.7,82.2,0.0,19.7,86.5,21.64,0,0
2026-09-10T21:00:00Z,CDU-B2,HALL-B,25.44,25.58,25.92,1807.0,1801.0,181.4,58.4,19.9,22.68,300.0,12.5,82.3,0.0,19.8,86.5,21.75,0,0
2026-09-10T22:00:00Z,CDU-B2,HALL-B,25.42,25.68,26.06,1814.0,1810.0,182.8,77.2,19.9,23.55,303.0,12.7,82.7,0.0,20.0,86.5,22.0,0,0
2026-09-10T23:00:00Z,CDU-B2,HALL-B,25.48,25.56,26.19,1795.0,1795.0,179.0,84.9,20.2,24.1,311.0,12.9,81.7,0.0,19.5,86.5,21.33,0,0
2026-09-11T00:00:00Z,CDU-B2,HALL-B,25.29,25.35,26.06,1800.0,1763.0,180.0,92.6,20.3,24.04,355.0,14.8,82.0,0.0,19.6,86.5,21.51,0,0
2026-09-11T01:00:00Z,CDU-B2,HALL-B,25.08,25.11,26.05,1801.0,1784.0,180.3,116.8,20.1,24.05,424.0,17.6,82.1,0.0,19.7,86.5,21.53,0,0
2026-09-11T02:00:00Z,CDU-B2,HALL-B,25.16,25.25,26.04,1793.0,1778.0,178.6,105.1,20.3,24.04,403.0,16.8,81.7,0.0,19.5,86.5,21.25,0,0
2026-09-11T03:00:00Z,CDU-B2,HALL-B,25.16,25.41,26.25,1808.0,1798.0,181.7,131.9,19.9,24.25,436.0,18.2,82.4,0.0,19.8,86.6,21.8,0,0
2026-09-11T04:00:00Z,CDU-B2,HALL-B,25.52,25.81,26.2,1785.0,1775.0,177.0,80.8,20.2,23.61,333.0,13.8,81.3,0.0,19.3,86.5,20.98,0,0
2026-09-11T05:00:00Z,CDU-B2,HALL-B,25.47,25.59,25.84,1790.0,1790.0,177.9,44.4,20.1,22.25,300.0,12.5,81.6,0.0,19.4,86.5,21.15,0,0
2026-09-11T06:00:00Z,CDU-B2,HALL-B,25.27,25.53,25.8,1799.0,1798.0,179.8,63.9,20.0,22.89,311.0,13.0,82.0,0.0,19.6,86.5,21.46,0,0
2026-09-11T07:00:00Z,CDU-B2,HALL-B,25.05,25.06,25.88,1821.0,1813.0,184.3,101.5,20.1,23.89,388.0,16.2,83.0,0.0,20.1,86.5,22.24,0,0
2026-09-11T08:00:00Z,CDU-B2,HALL-B,25.0,25.11,26.01,1808.0,1795.0,181.6,121.5,20.1,24.0,445.0,18.5,82.4,0.0,19.8,86.5,21.79,0,0
2026-09-11T09:00:00Z,CDU-B2,HALL-B,25.11,25.29,25.95,1821.0,1807.0,184.3,102.0,19.8,23.87,358.0,14.9,83.0,0.0,20.1,86.5,22.25,0,0
2026-09-11T10:00:00Z,CDU-B2,HALL-B,25.22,25.23,25.91,1790.0,1773.0,178.0,82.3,19.9,23.76,305.0,12.8,81.5,0.0,19.5,86.5,21.14,0,0
2026-09-11T11:00:00Z,CDU-B2,HALL-B,25.12,25.27,26.0,1813.0,1785.0,182.6,107.0,20.0,23.93,388.0,16.1,82.6,0.0,19.9,86.5,21.96,0,0
2026-09-11T12:00:00Z,CDU-B2,HALL-B,25.24,25.26,26.0,1808.0,1794.0,181.6,91.4,20.0,23.97,328.0,13.6,82.3,0.0,19.8,86.5,21.78,0,0
2026-09-11T13:00:00Z,CDU-B2,HALL-B,25.05,25.24,26.24,1814.0,1804.0,182.8,144.2,19.9,24.24,478.0,19.9,82.6,0.0,20.0,86.5,22.0,0,0
2026-09-11T14:00:00Z,CDU-B2,HALL-B,24.89,24.97,26.03,1798.0,1797.0,179.7,137.1,20.1,24.04,501.0,20.9,81.9,0.0,16.2,86.5,21.43,0,0
2026-09-11T15:00:00Z,CDU-B2,HALL-B,25.17,25.21,25.95,1799.0,1785.0,179.8,94.2,20.1,23.96,353.0,14.7,82.0,0.0,14.0,86.5,21.45,0,0
2026-09-11T16:00:00Z,CDU-B2,HALL-B,25.21,25.38,25.97,1799.0,1770.0,179.9,91.8,20.1,23.97,339.0,14.1,82.0,0.0,14.0,86.5,21.47,0,0
2026-09-11T17:00:00Z,CDU-B2,HALL-B,25.63,25.85,26.1,1799.0,1797.0,179.9,56.5,19.9,22.6,300.0,12.5,82.0,0.0,14.0,86.5,21.47,0,0
2026-09-11T18:00:00Z,CDU-B2,HALL-B,25.71,25.71,26.32,1803.0,1784.0,180.6,73.0,20.1,23.6,300.0,12.4,82.1,0.0,14.0,86.5,21.61,0,0
2026-09-11T19:00:00Z,CDU-B2,HALL-B,25.67,25.82,26.24,1795.0,1792.0,179.0,68.5,20.1,23.38,300.0,12.5,81.8,0.0,14.0,86.5,21.33,0,0
2026-09-11T20:00:00Z,CDU-B2,HALL-B,25.51,25.53,26.15,1809.0,1804.0,181.8,77.7,20.0,23.67,302.0,12.6,82.4,0.0,14.2,86.5,21.82,0,0
2026-09-11T21:00:00Z,CDU-B2,HALL-B,25.32,25.33,26.16,1797.0,1778.0,179.3,101.4,20.1,24.17,359.0,14.9,31.4,50.5,14.0,86.5,21.41,0,0
2026-09-11T22:00:00Z,CDU-B2,HALL-B,25.2,25.44,26.02,1800.0,1800.0,180.1,98.3,20.0,23.88,361.0,15.1,0.0,82.0,14.0,86.6,21.5,0,0
2026-09-11T23:00:00Z,CDU-B2,HALL-B,25.33,25.39,26.19,1797.0,1792.0,179.5,103.5,20.0,24.19,354.0,14.7,0.0,81.8,14.0,86.5,21.4,0,0
2026-09-12T00:00:00Z,CDU-B2,HALL-B,25.46,25.56,26.47,1807.0,1804.0,181.4,121.6,19.8,24.47,374.0,15.6,0.0,82.3,14.1,86.5,21.76,0,0
2026-09-12T01:00:00Z,CDU-B2,HALL-B,25.66,25.7,26.33,1801.0,1792.0,180.3,81.1,20.0,23.89,301.0,12.5,0.0,82.0,14.1,86.5,21.54,0,0
2026-09-12T02:00:00Z,CDU-B2,HALL-B,25.35,25.55,26.19,1794.0,1790.0,178.8,101.1,20.0,24.14,349.0,14.5,0.0,81.7,13.9,86.5,21.28,0,0
2026-09-12T03:00:00Z,CDU-B2,HALL-B,25.45,25.54,26.07,1808.0,1804.0,181.6,74.6,19.8,23.33,301.0,12.6,0.0,82.4,14.1,86.5,21.79,0,0
2026-09-12T04:00:00Z,CDU-B2,HALL-B,25.65,25.7,26.23,1795.0,1783.0,179.1,70.0,20.2,23.56,301.0,12.5,0.0,81.7,14.0,86.5,21.32,0,0
2026-09-12T05:00:00Z,CDU-B2,HALL-B,25.5,25.51,26.12,1818.0,1812.0,183.6,75.2,20.2,23.73,304.0,12.6,0.0,82.8,14.3,86.5,22.14,0,0
2026-09-12T06:00:00Z,CDU-B2,HALL-B,25.68,25.83,26.22,1794.0,1787.0,178.8,64.8,19.7,22.79,300.0,12.5,0.0,81.7,14.0,86.5,21.28,0,0
2026-09-12T07:00:00Z,CDU-B2,HALL-B,25.62,25.81,26.27,1791.0,1771.0,178.2,77.4,19.8,23.38,309.0,12.8,0.0,81.6,13.9,86.5,21.19,0,0
2026-09-12T08:00:00Z,CDU-B2,HALL-B,25.27,25.49,26.27,1796.0,1772.0,179.2,120.0,20.0,24.27,405.0,16.9,0.0,81.8,14.0,86.5,21.37,0,0
2026-09-12T09:00:00Z,CDU-B2,HALL-B,25.35,25.46,26.39,1810.0,1792.0,182.0,125.6,20.0,24.39,411.0,17.2,0.0,82.5,14.2,86.5,21.85,0,0
2026-09-12T10:00:00Z,CDU-B2,HALL-B,25.29,25.62,26.33,1794.0,1788.0,178.8,125.1,20.0,24.34,418.0,17.4,0.0,81.7,14.0,86.5,21.29,0,0
2026-09-12T11:00:00Z,CDU-B2,HALL-B,25.01,25.11,26.18,1812.0,1790.0,182.5,142.2,20.2,24.18,511.0,21.3,0.0,82.5,14.2,86.5,21.93,0,0
2026-09-12T12:00:00Z,CDU-B2,HALL-B,24.98,24.99,26.26,1803.0,1800.0,180.6,154.2,20.1,24.26,532.0,22.2,0.0,82.1,14.1,86.5,21.61,0,0
2026-09-12T13:00:00Z,CDU-B2,HALL-B,25.27,25.3,26.24,1804.0,1799.0,180.8,117.4,19.9,24.23,384.0,16.0,0.0,82.2,14.1,86.5,21.64,0,0
2026-09-12T14:00:00Z,CDU-B2,HALL-B,25.23,25.42,26.12,1802.0,1780.0,180.4,107.3,20.1,24.12,382.0,15.9,0.0,82.1,14.1,86.5,21.57,0,0
2026-09-12T15:00:00Z,CDU-B2,HALL-B,25.62,25.96,26.34,1788.0,1785.0,177.6,86.6,19.9,23.78,319.0,13.3,0.0,81.4,13.9,86.5,21.07,0,0
2026-09-12T16:00:00Z,CDU-B2,HALL-B,25.46,25.67,26.09,1805.0,1798.0,181.0,76.2,20.2,23.68,313.0,13.1,0.0,82.3,14.1,86.5,21.68,0,0
2026-09-12T17:00:00Z,CDU-B2,HALL-B,25.24,25.32,26.03,1806.0,1802.0,181.2,95.1,20.2,24.02,356.0,14.8,0.0,82.3,14.2,86.5,21.71,0,0
2026-09-12T18:00:00Z,CDU-B2,HALL-B,25.38,25.56,26.08,1807.0,1804.0,181.4,84.0,19.8,23.75,305.0,12.7,0.0,82.3,14.2,86.5,21.75,0,0
2026-09-12T19:00:00Z,CDU-B2,HALL-B,25.23,25.51,25.95,1791.0,1780.0,178.2,86.4,20.0,23.72,336.0,14.0,0.0,81.6,13.9,86.5,21.18,0,0
2026-09-12T20:00:00Z,CDU-B2,HALL-B,24.75,24.86,25.81,1809.0,1791.0,181.8,128.6,20.2,23.82,511.0,21.3,0.0,82.4,14.2,86.5,21.82,0,0
2026-09-12T21:00:00Z,CDU-B2,HALL-B,24.83,24.85,25.58,1788.0,1784.0,177.7,90.0,20.0,23.59,362.0,15.1,0.0,81.5,13.9,86.5,21.07,0,0
2026-09-12T22:00:00Z,CDU-B2,HALL-B,24.66,24.82,25.58,1803.0,1793.0,180.6,111.3,19.9,23.58,433.0,18.1,0.0,82.1,14.1,86.5,21.6,0,0
2026-09-12T23:00:00Z,CDU-B2,HALL-B,25.04,25.22,25.73,1792.0,1792.0,178.4,82.3,19.9,23.54,322.0,13.4,0.0,81.6,13.9,86.5,21.22,0,0
2026-09-13T00:00:00Z,CDU-B2,HALL-B,25.32,25.33,25.85,1804.0,1800.0,180.8,63.6,20.0,23.06,300.0,12.5,0.0,82.1,14.2,86.5,21.64,0,0
2026-09-13T01:00:00Z,CDU-B2,HALL-B,25.17,25.32,25.78,1787.0,1776.0,177.5,72.6,19.8,23.24,302.0,12.5,0.0,81.4,13.9,86.5,21.05,0,0
2026-09-13T02:00:00Z,CDU-B2,HALL-B,25.18,25.5,25.91,1790.0,1781.0,177.9,87.0,20.0,23.68,339.0,14.1,0.0,81.6,13.9,86.5,21.15,0,0
2026-09-13T03:00:00Z,CDU-B2,HALL-B,25.39,25.64,26.04,1794.0,1769.0,178.9,78.4,20.0,23.67,308.0,12.8,0.0,81.7,14.0,86.5,21.3,0,0
2026-09-13T04:00:00Z,CDU-B2,HALL-B,25.12,25.35,26.04,1774.0,1773.0,174.8,108.7,20.1,24.03,396.0,16.5,0.0,80.8,13.7,86.5,20.6,0,0
2026-09-13T05:00:00Z,CDU-B2,HALL-B,25.19,25.21,26.22,1792.0,1785.0,178.3,123.6,20.1,24.22,429.0,17.9,0.0,81.6,14.0,86.5,21.21,0,0
2026-09-13T06:00:00Z,CDU-B2,HALL-B,25.25,25.37,26.23,1787.0,1785.0,177.4,117.1,20.1,24.23,407.0,17.0,0.0,81.4,13.9,86.5,21.05,0,0
2026-09-13T07:00:00Z,CDU-B2,HALL-B,25.21,25.28,26.25,1772.0,1761.0,174.4,123.4,20.3,24.25,448.0,18.7,0.0,80.8,13.7,86.5,20.53,0,0
2026-09-13T08:00:00Z,CDU-B2,HALL-B,25.43,25.54,26.24,1792.0,1772.0,178.4,97.5,20.0,24.23,332.0,13.9,0.0,81.6,14.0,86.5,21.22,0,0
2026-09-13T09:00:00Z,CDU-B2,HALL-B,25.69,25.86,26.25,1808.0,1804.0,181.7,67.5,20.0,23.19,301.0,12.6,0.0,82.4,14.2,86.5,21.78,0,0
2026-09-13T10:00:00Z,CDU-B2,HALL-B,25.64,25.75,26.38,1820.0,1809.0,184.1,89.9,19.9,24.11,306.0,12.8,0.0,82.9,14.4,86.5,22.21,0,0
2026-09-13T11:00:00Z,CDU-B2,HALL-B,25.32,25.41,26.29,1807.0,1807.0,181.5,116.5,20.0,24.28,390.0,16.3,0.0,82.3,14.2,86.5,21.75,0,0
2026-09-13T12:00:00Z,CDU-B2,HALL-B,25.01,25.14,26.29,1797.0,1791.0,179.3,153.3,20.0,24.28,512.0,21.4,0.0,81.9,14.1,86.5,21.4,0,0
2026-09-13T13:00:00Z,CDU-B2,HALL-B,24.76,24.85,26.12,1802.0,1781.0,180.4,163.2,20.2,24.11,598.0,24.9,0.0,82.1,14.2,86.5,21.56,0,0
2026-09-13T14:00:00Z,CDU-B2,HALL-B,25.0,25.07,26.03,1799.0,1792.0,179.9,123.2,20.0,24.03,441.0,18.3,0.0,81.9,14.1,86.5,21.46,0,0
2026-09-13T15:00:00Z,CDU-B2,HALL-B,24.95,25.0,26.2,1797.0,1789.0,179.4,150.7,20.1,24.2,526.0,21.9,0.0,81.9,14.1,86.5,21.39,0,0
2026-09-13T16:00:00Z,CDU-B2,HALL-B,24.97,25.17,26.39,1784.0,1779.0,176.8,169.0,20.2,24.39,579.0,24.2,0.0,81.2,13.9,86.6,20.95,0,0
2026-09-13T17:00:00Z,CDU-B2,HALL-B,25.37,25.6,26.45,1801.0,1782.0,180.2,129.8,20.0,24.45,420.0,17.4,0.0,82.1,14.1,86.5,21.53,0,0
2026-09-13T18:00:00Z,CDU-B2,HALL-B,25.39,25.51,26.42,1807.0,1807.0,181.4,124.3,20.2,24.42,424.0,17.6,0.0,82.3,14.2,86.5,21.75,0,0
2026-09-13T19:00:00Z,CDU-B2,HALL-B,24.91,24.97,26.23,1798.0,1791.0,179.7,158.5,20.2,24.23,564.0,23.5,0.0,81.9,14.1,86.5,21.42,0,0
2026-09-13T20:00:00Z,CDU-B2,HALL-B,25.44,25.62,26.67,1813.0,1798.0,182.5,149.4,19.8,24.68,441.0,18.4,0.0,82.6,14.3,86.5,21.98,0,0
2026-09-13T21:00:00Z,CDU-B2,HALL-B,25.32,25.48,26.55,1804.0,1769.0,180.8,147.9,20.0,24.55,467.0,19.5,0.0,82.2,14.2,86.5,21.65,0,0
2026-09-13T22:00:00Z,CDU-B2,HALL-B,25.11,25.2,26.54,1791.0,1781.0,178.2,171.4,19.9,24.54,529.0,22.0,0.0,81.6,14.0,86.5,21.18,0,0
2026-09-13T23:00:00Z,CDU-B2,HALL-B,25.3,25.38,26.65,1803.0,1797.0,180.6,162.4,20.1,24.64,511.0,21.4,0.0,82.1,14.2,86.5,21.61,0,0
2026-09-14T00:00:00Z,CDU-B2,HALL-B,25.48,25.59,26.51,1799.0,1780.0,179.8,123.3,20.1,24.51,402.0,16.8,0.0,82.0,14.1,86.5,21.46,0,0
2026-09-14T01:00:00Z,CDU-B2,HALL-B,25.17,25.2,26.76,1793.0,1776.0,178.6,190.6,19.9,24.76,563.0,23.4,0.0,81.7,14.0,86.5,21.26,0,0
2026-09-14T02:00:00Z,CDU-B2,HALL-B,25.0,25.11,26.68,1798.0,1796.0,179.6,201.8,19.9,24.68,604.0,25.2,0.0,81.9,14.1,86.5,21.44,0,0
2026-09-14T03:00:00Z,CDU-B2,HALL-B,24.9,25.13,26.61,1796.0,1792.0,179.2,204.9,20.2,24.61,667.0,27.8,0.0,81.8,14.1,86.5,21.36,0,0
2026-09-14T04:00:00Z,CDU-B2,HALL-B,25.08,25.25,26.7,1786.0,1781.0,177.2,193.7,20.0,24.7,592.0,24.7,0.0,81.4,13.9,86.5,21.01,0,0
2026-09-14T05:00:00Z,CDU-B2,HALL-B,25.1,25.15,26.54,1785.0,1752.0,177.1,171.9,19.9,24.54,530.0,22.1,0.0,81.3,13.9,86.5,20.98,0,0
2026-09-14T06:00:00Z,CDU-B2,HALL-B,25.49,25.52,26.83,1799.0,1777.0,179.8,161.4,20.0,24.83,478.0,20.0,0.0,81.9,14.2,86.5,21.47,0,0
2026-09-14T07:00:00Z,CDU-B2,HALL-B,25.12,25.27,26.61,1803.0,1797.0,180.6,179.4,20.0,24.61,559.0,23.2,0.0,82.1,14.2,86.5,21.61,0,0
2026-09-14T08:00:00Z,CDU-B2,HALL-B,24.68,24.96,26.57,1802.0,1783.0,180.3,227.9,19.9,24.57,698.0,29.1,0.0,82.1,14.2,86.5,21.57,0,0
2026-09-14T09:00:00Z,CDU-B2,HALL-B,24.59,24.84,26.59,1806.0,1805.0,181.2,241.7,20.0,24.59,754.0,31.4,0.0,82.3,14.2,86.5,21.7,0,0
2026-09-14T10:00:00Z,CDU-B2,HALL-B,24.69,24.87,26.22,1807.0,1786.0,181.4,184.3,20.0,24.22,629.0,26.2,0.0,82.3,14.3,86.5,21.75,0,0
2026-09-14T11:00:00Z,CDU-B2,HALL-B,24.84,24.89,26.43,1782.0,1773.0,176.4,189.7,19.8,24.43,587.0,24.5,0.0,81.2,13.9,86.5,20.86,0,0
2026-09-14T12:00:00Z,CDU-B2,HALL-B,24.93,25.29,26.45,1818.0,1804.0,183.7,184.4,20.2,24.45,624.0,26.0,0.0,82.8,14.5,86.5,22.14,0,0
2026-09-14T13:00:00Z,CDU-B2,HALL-B,24.84,24.98,26.36,1796.0,1781.0,179.2,182.9,20.4,24.36,662.0,27.6,0.0,81.8,14.1,86.6,21.36,0,0
2026-09-14T14:00:00Z,CDU-B2,HALL-B,25.15,25.31,26.54,1801.0,1798.0,180.2,167.3,19.9,24.54,517.0,21.5,0.0,82.0,14.2,86.5,21.53,0,0
2026-09-14T15:00:00Z,CDU-B2,HALL-B,25.36,25.51,26.49,1808.0,1808.0,181.6,136.5,20.2,24.49,457.0,19.0,0.0,82.4,14.3,86.5,21.79,0,0
2026-09-14T16:00:00Z,CDU-B2,HALL-B,25.23,25.57,26.61,1810.0,1803.0,182.0,167.2,19.8,24.61,498.0,20.8,0.0,82.5,14.4,86.5,21.86,0,0
2026-09-14T17:00:00Z,CDU-B2,HALL-B,25.07,25.16,26.61,1802.0,1791.0,180.3,184.9,20.0,24.6,574.0,23.9,0.0,82.1,14.2,86.5,21.57,0,0
2026-09-14T18:00:00Z,CDU-B2,HALL-B,25.39,25.47,26.74,1797.0,1784.0,179.4,161.6,20.0,24.73,489.0,20.4,0.0,81.9,14.2,86.5,21.39,0,0
2026-09-14T19:00:00Z,CDU-B2,HALL-B,25.46,25.62,26.79,1802.0,1768.0,180.4,159.6,20.2,24.78,498.0,20.7,0.0,82.1,14.2,86.5,21.57,0,0
2026-09-14T20:00:00Z,CDU-B2,HALL-B,25.44,25.45,26.39,1806.0,1801.0,181.2,114.7,19.7,24.37,351.0,14.7,0.0,82.3,14.3,86.5,21.72,0,0
2026-09-14T21:00:00Z,CDU-B2,HALL-B,25.83,25.84,26.71,1783.0,1766.0,176.6,104.8,20.1,24.69,327.0,13.6,0.0,81.2,14.0,86.5,20.91,0,0
2026-09-14T22:00:00Z,CDU-B2,HALL-B,25.23,25.31,26.54,1808.0,1792.0,181.6,158.7,19.9,24.55,491.0,20.4,0.0,82.4,14.3,86.5,21.78,0,0
2026-09-14T23:00:00Z,CDU-B2,HALL-B,25.42,25.45,26.45,1803.0,1778.0,180.6,123.6,20.0,24.44,398.0,16.6,0.0,82.1,14.3,86.5,21.6,0,0
2026-09-15T00:00:00Z,CDU-B2,HALL-B,25.11,25.22,26.41,1794.0,1777.0,178.8,155.7,20.1,24.41,518.0,21.5,0.0,81.7,14.1,86.5,21.29,0,0
2026-09-15T01:00:00Z,CDU-B2,HALL-B,24.98,25.19,26.32,1806.0,1793.0,181.2,161.9,19.8,24.32,513.0,21.4,0.0,82.3,14.3,86.5,21.7,0,0
2026-09-15T02:00:00Z,CDU-B2,HALL-B,24.9,25.18,26.35,1809.0,1806.0,181.8,175.1,19.8,24.35,553.0,23.1,0.0,82.4,14.3,86.5,21.82,0,0
2026-09-15T03:00:00Z,CDU-B2,HALL-B,24.93,25.23,26.5,1803.0,1788.0,180.6,189.6,20.1,24.5,616.0,25.6,0.0,82.1,14.3,86.5,21.61,0,0
2026-09-15T04:00:00Z,CDU-B2,HALL-B,24.99,25.12,26.75,1790.0,1788.0,178.0,210.5,19.9,24.75,623.0,26.0,0.0,81.6,14.1,86.5,21.15,0,0
2026-09-15T05:00:00Z,CDU-B2,HALL-B,25.01,25.22,26.77,1805.0,1783.0,181.0,212.2,19.8,24.77,614.0,25.5,0.0,82.2,14.3,86.5,21.67,0,0
2026-09-15T06:00:00Z,CDU-B2,HALL-B,25.16,25.2,26.64,1780.0,1778.0,176.0,175.7,20.0,24.64,544.0,22.6,0.0,81.1,13.9,86.5,20.8,0,0
2026-09-15T07:00:00Z,CDU-B2,HALL-B,25.22,25.32,26.46,1812.0,1807.0,182.4,149.6,20.1,24.45,490.0,20.4,0.0,82.5,14.4,86.5,21.92,0,0
2026-09-15T08:00:00Z,CDU-B2,HALL-B,25.49,25.53,26.34,1790.0,1783.0,178.0,101.7,20.0,24.27,341.0,14.2,0.0,81.5,14.1,86.5,21.15,0,0
2026-09-15T09:00:00Z,CDU-B2,HALL-B,25.76,25.85,26.43,1810.0,1796.0,182.0,81.2,19.9,23.75,304.0,12.7,0.0,82.4,14.4,86.5,21.85,0,0
2026-09-15T10:00:00Z,CDU-B2,HALL-B,25.66,26.11,26.65,1796.0,1795.0,179.2,118.2,20.0,24.52,375.0,15.6,0.0,81.8,14.2,86.5,21.36,0,0
2026-09-15T11:00:00Z,CDU-B2,HALL-B,25.83,25.92,26.75,1799.0,1774.0,179.8,110.1,19.9,24.69,327.0,13.6,0.0,82.0,14.2,86.5,21.47,0,0
2026-09-15T12:00:00Z,CDU-B2,HALL-B,25.39,25.45,26.68,1804.0,1778.0,180.9,155.1,19.8,24.68,457.0,19.0,0.0,82.2,14.3,86.5,21.65,0,0
2026-09-15T13:00:00Z,CDU-B2,HALL-B,25.48,25.68,26.74,1796.0,1795.0,179.2,150.9,19.9,24.74,449.0,18.8,0.0,81.8,14.2,86.5,21.36,0,0
2026-09-15T14:00:00Z,CDU-B2,HALL-B,25.5,25.5,26.87,1795.0,1774.0,179.0,164.3,20.0,24.88,486.0,20.3,0.0,81.7,14.2,86.5,21.32,0,0
2026-09-15T15:00:00Z,CDU-B2,HALL-B,25.27,25.29,26.85,1790.0,1774.0,178.0,188.6,20.4,24.85,610.0,25.4,0.0,81.5,14.1,86.6,21.16,0,0
2026-09-15T16:00:00Z,CDU-B2,HALL-B,25.35,25.47,26.74,1795.0,1791.0,179.0,166.3,20.0,24.74,505.0,21.1,0.0,81.8,14.2,86.5,21.32,0,0
2026-09-15T17:00:00Z,CDU-B2,HALL-B,25.39,25.43,26.74,1818.0,1811.0,183.7,164.4,20.1,24.73,505.0,21.0,0.0,82.8,14.6,86.5,22.14,0,0
2026-09-15T18:00:00Z,CDU-B2,HALL-B,25.31,25.65,26.69,1785.0,1763.0,177.0,165.0,20.1,24.7,514.0,21.4,0.0,81.3,14.0,86.5,20.98,0,0
2026-09-15T19:00:00Z,CDU-B2,HALL-B,24.95,24.99,26.91,1790.0,1790.0,178.0,235.0,20.1,24.91,699.0,29.2,0.0,81.6,14.1,86.5,21.15,0,0
2026-09-15T20:00:00Z,CDU-B2,HALL-B,25.04,25.15,26.86,1801.0,1799.0,180.2,219.3,19.9,24.86,632.0,26.4,0.0,82.1,14.3,86.5,21.54,0,0
2026-09-15T21:00:00Z,CDU-B2,HALL-B,24.95,25.0,26.77,1816.0,1791.0,183.2,220.3,19.8,24.77,636.0,26.5,0.0,82.8,14.5,86.5,22.07,0,0
2026-09-15T22:00:00Z,CDU-B2,HALL-B,25.05,25.13,26.87,1791.0,1787.0,178.3,218.2,20.3,24.87,684.0,28.5,0.0,81.6,14.1,86.5,21.18,0,0
2026-09-15T23:00:00Z,CDU-B2,HALL-B,25.49,25.54,26.74,1805.0,1800.0,181.0,150.8,19.9,24.74,446.0,18.5,0.0,82.2,14.3,86.6,21.67,0,0
2026-09-16T00:00:00Z,CDU-B2,HALL-B,25.38,25.5,26.92,1806.0,1795.0,181.2,185.7,20.0,24.93,544.0,22.7,0.0,82.3,14.4,86.5,21.71,0,0
2026-09-16T01:00:00Z,CDU-B2,HALL-B,25.56,25.57,27.03,1792.0,1770.0,178.4,176.6,20.2,25.04,526.0,21.9,0.0,81.7,14.2,86.5,21.22,0,0
2026-09-16T02:00:00Z,CDU-B2,HALL-B,25.47,25.62,26.94,1806.0,1786.0,181.2,177.3,20.0,24.94,515.0,21.5,0.0,82.3,14.4,86.6,21.72,0,0
2026-09-16T03:00:00Z,CDU-B2,HALL-B,25.72,25.73,26.85,1804.0,1777.0,180.8,136.3,19.8,24.85,387.0,16.1,0.0,82.2,14.3,86.5,21.65,0,0
2026-09-16T04:00:00Z,CDU-B2,HALL-B,25.59,25.64,26.54,1794.0,1768.0,178.8,113.5,20.2,24.54,375.0,15.6,0.0,81.7,14.2,86.5,21.28,0,0
2026-09-16T05:00:00Z,CDU-B2,HALL-B,25.4,25.42,26.65,1802.0,1769.0,180.5,150.3,20.0,24.65,463.0,19.3,0.0,82.1,14.3,86.5,21.58,0,0
2026-09-16T06:00:00Z,CDU-B2,HALL-B,25.67,25.85,26.9,1790.0,1781.0,178.0,146.7,20.0,24.9,430.0,18.0,0.0,81.5,14.1,86.5,21.16,0,0
2026-09-16T07:00:00Z,CDU-B2,HALL-B,25.71,25.76,26.99,1803.0,1798.0,180.6,154.5,20.0,24.99,443.0,18.4,0.0,82.1,14.3,86.5,21.6,0,0
2026-09-16T08:00:00Z,CDU-B2,HALL-B,25.51,25.76,26.91,1804.0,1788.0,180.8,168.8,19.8,24.9,473.0,19.7,0.0,82.2,14.3,86.5,21.64,0,0
2026-09-16T09:00:00Z,CDU-B2,HALL-B,25.48,25.71,27.0,1793.0,1780.0,178.6,181.6,20.2,24.99,543.0,22.6,0.0,81.7,14.2,86.5,21.26,0,0
2026-09-16T10:00:00Z,CDU-B2,HALL-B,25.15,25.15,27.06,1809.0,1804.0,181.8,230.7,20.1,25.06,668.0,27.8,0.0,82.4,14.4,86.5,21.83,0,0
2026-09-16T11:00:00Z,CDU-B2,HALL-B,25.13,25.13,26.96,1795.0,1789.0,178.9,219.3,20.0,24.97,636.0,26.5,0.0,81.8,14.2,86.5,21.34,0,0
2026-09-16T12:00:00Z,CDU-B2,HALL-B,24.91,25.02,26.85,1792.0,1783.0,178.5,232.2,20.0,24.85,687.0,28.6,0.0,81.6,14.2,86.5,21.22,0,0
2026-09-16T13:00:00Z,CDU-B2,HALL-B,24.53,24.54,26.8,1801.0,1787.0,180.2,273.1,20.2,24.79,851.0,35.5,0.0,82.0,14.3,86.5,21.54,0,0
2026-09-16T14:00:00Z,CDU-B2,HALL-B,24.59,24.65,26.85,1798.0,1783.0,179.6,271.9,20.1,24.86,821.0,34.2,0.0,81.9,14.3,86.5,21.43,0,0
2026-09-16T15:00:00Z,CDU-B2,HALL-B,24.61,24.78,27.02,1797.0,1787.0,179.4,289.0,19.8,25.02,795.0,33.1,0.0,81.8,14.3,86.5,21.39,0,0
2026-09-16T16:00:00Z,CDU-B2,HALL-B,24.92,25.08,27.0,1806.0,1805.0,181.2,251.0,19.9,24.99,705.0,29.4,0.0,82.3,14.4,86.5,21.71,0,0
2026-09-16T17:00:00Z,CDU-B2,HALL-B,24.83,24.84,26.77,1813.0,1782.0,182.7,234.7,20.1,24.76,720.0,30.0,0.0,82.6,14.5,86.5,21.97,0,0
2026-09-16T18:00:00Z,CDU-B2,HALL-B,24.84,24.99,26.77,1806.0,1785.0,181.2,233.1,20.1,24.77,716.0,29.8,0.0,82.3,14.4,86.5,21.71,0,0
2026-09-16T19:00:00Z,CDU-B2,HALL-B,24.88,24.89,26.77,1789.0,1769.0,177.8,225.6,19.9,24.77,664.0,27.8,0.0,81.5,14.1,86.5,21.11,0,0
2026-09-16T20:00:00Z,CDU-B2,HALL-B,24.77,24.88,26.98,1797.0,1780.0,179.4,265.5,19.9,24.98,749.0,31.2,0.0,81.9,14.3,86.5,21.39,0,0
2026-09-16T21:00:00Z,CDU-B2,HALL-B,24.9,25.11,27.13,1791.0,1781.0,178.2,267.2,20.2,25.12,775.0,32.2,0.0,81.6,14.1,86.5,21.19,0,0
2026-09-16T22:00:00Z,CDU-B2,HALL-B,25.16,25.23,26.96,1788.0,1780.0,177.6,214.6,20.2,24.96,647.0,26.9,0.0,81.5,14.1,86.5,21.08,0,0
2026-09-16T23:00:00Z,CDU-B2,HALL-B,25.19,25.25,27.08,1805.0,1802.0,181.0,228.3,19.8,25.08,619.0,25.7,0.0,82.2,14.4,86.5,21.67,0,0
2026-09-17T00:00:00Z,CDU-B2,HALL-B,25.31,25.65,26.95,1791.0,1774.0,178.2,195.9,20.1,24.95,580.0,24.2,0.0,81.6,14.2,86.5,21.19,0,0
2026-09-17T01:00:00Z,CDU-B2,HALL-B,25.72,25.77,27.24,1814.0,1804.0,182.9,183.7,19.9,25.24,495.0,20.6,0.0,82.6,14.5,86.5,22.0,0,0
2026-09-17T02:00:00Z,CDU-B2,HALL-B,25.63,25.63,27.09,1799.0,1797.0,179.8,175.0,20.0,25.08,491.0,20.5,0.0,82.0,14.3,86.5,21.46,0,0
2026-09-17T03:00:00Z,CDU-B2,HALL-B,25.3,25.42,26.63,1802.0,1771.0,180.4,159.6,20.1,24.63,505.0,21.1,0.0,82.1,14.4,86.5,21.58,0,0
2026-09-17T04:00:00Z,CDU-B2,HALL-B,25.01,25.12,26.62,1803.0,1783.0,180.5,194.0,19.9,24.62,590.0,24.6,0.0,82.1,14.4,86.5,21.61,0,0
2026-09-17T05:00:00Z,CDU-B2,HALL-B,25.14,25.15,26.52,1803.0,1795.0,180.6,166.3,20.1,24.52,540.0,22.5,0.0,82.2,14.4,86.5,21.6,0,0
2026-09-17T06:00:00Z,CDU-B2,HALL-B,25.71,25.82,27.15,1797.0,1776.0,179.4,173.2,20.0,25.15,482.0,20.0,0.0,81.8,14.3,86.5,21.4,0,0
2026-09-17T07:00:00Z,CDU-B2,HALL-B,25.51,25.75,27.31,1780.0,1762.0,176.0,213.8,19.7,25.31,546.0,22.8,0.0,81.1,14.0,86.5,20.81,0,0
2026-09-17T08:00:00Z,CDU-B2,HALL-B,25.73,25.73,27.09,1813.0,1798.0,182.6,164.5,20.1,25.08,472.0,19.7,0.0,82.6,14.6,86.5,21.96,0,0
2026-09-17T09:00:00Z,CDU-B2,HALL-B,25.87,25.87,27.13,1803.0,1796.0,180.6,151.6,20.1,25.13,433.0,18.1,0.0,82.1,14.4,86.5,21.6,0,0
2026-09-17T10:00:00Z,CDU-B2,HALL-B,25.85,25.91,26.91,1818.0,1812.0,183.6,128.2,20.0,24.91,376.0,15.7,0.0,82.9,14.7,86.5,22.13,0,0
2026-09-17T11:00:00Z,CDU-B2,HALL-B,25.67,25.68,27.04,1805.0,1798.0,181.1,165.2,20.1,25.04,479.0,20.0,0.0,82.2,14.4,86.5,21.69,0,0
2026-09-17T12:00:00Z,CDU-B2,HALL-B,25.89,26.0,27.21,1792.0,1778.0,178.5,158.6,20.1,25.21,444.0,18.5,0.0,81.6,14.2,86.5,21.22,0,0
2026-09-17T13:00:00Z,CDU-B2,HALL-B,25.95,25.99,26.96,1791.0,1777.0,178.2,121.4,20.0,24.97,351.0,14.6,0.0,81.6,14.2,86.5,21.18,0,0
2026-09-17T14:00:00Z,CDU-B2,HALL-B,25.61,25.86,26.95,1792.0,1792.0,178.4,160.2,19.9,24.95,454.0,19.0,0.0,81.6,14.2,86.5,21.22,0,0
2026-09-17T15:00:00Z,CDU-B2,HALL-B,25.48,25.58,26.57,1801.0,1799.0,180.2,131.4,19.8,24.58,398.0,16.6,0.0,82.0,14.4,86.5,21.54,0,0
2026-09-17T16:00:00Z,CDU-B2,HALL-B,25.58,25.76,26.94,1783.0,1775.0,176.6,161.7,20.1,24.94,479.0,20.0,0.0,81.2,14.1,86.5,20.91,0,0
2026-09-17T17:00:00Z,CDU-B2,HALL-B,25.21,25.25,27.0,1793.0,1781.0,178.7,214.3,20.1,24.99,626.0,26.1,0.0,81.7,14.2,86.5,21.25,0,0
2026-09-17T18:00:00Z,CDU-B2,HALL-B,24.96,25.1,26.64,1789.0,1783.0,177.9,200.6,20.0,24.64,620.0,25.8,0.0,81.5,14.2,86.5,21.11,0,0
2026-09-17T19:00:00Z,CDU-B2,HALL-B,24.91,25.01,26.87,1819.0,1802.0,183.8,237.6,19.9,24.87,687.0,28.6,0.0,82.9,14.7,86.5,22.19,0,0
2026-09-17T20:00:00Z,CDU-B2,HALL-B,25.09,25.1,26.69,1789.0,1766.0,177.8,191.0,20.1,24.69,598.0,24.9,0.0,81.5,14.2,86.5,21.11,0,0
2026-09-17T21:00:00Z,CDU-B2,HALL-B,24.87,25.06,26.81,1811.0,1793.0,182.2,234.6,20.3,24.81,747.0,31.1,0.0,82.5,14.6,86.5,21.9,0,0
2026-09-17T22:00:00Z,CDU-B2,HALL-B,24.98,25.07,26.9,1806.0,1796.0,181.2,231.7,20.1,24.9,692.0,28.9,0.0,82.3,14.5,86.5,21.71,0,0
2026-09-17T23:00:00Z,CDU-B2,HALL-B,25.09,25.1,26.77,1802.0,1763.0,180.4,202.7,20.0,24.78,610.0,25.4,0.0,82.1,14.4,86.5,21.58,0,0
2026-09-18T00:00:00Z,CDU-B2,HALL-B,24.97,25.03,26.65,1804.0,1784.0,180.8,203.0,20.0,24.65,625.0,26.0,0.0,82.2,14.4,86.5,21.65,0,0
2026-09-18T01:00:00Z,CDU-B2,HALL-B,24.95,24.98,26.48,1796.0,1790.0,179.3,184.1,20.3,24.49,631.0,26.3,0.0,81.8,14.3,86.5,21.36,0,0
2026-09-18T02:00:00Z,CDU-B2,HALL-B,24.44,24.6,26.78,1816.0,1812.0,183.3,283.7,20.0,24.78,851.0,35.4,0.0,82.7,14.7,86.5,22.07,0,0
2026-09-18T03:00:00Z,CDU-B2,HALL-B,24.55,24.74,26.73,1793.0,1781.0,178.7,260.7,20.0,24.72,791.0,32.9,0.0,81.6,14.3,86.5,21.25,0,0
2026-09-18T04:00:00Z,CDU-B2,HALL-B,24.75,24.77,26.66,1809.0,1792.0,181.8,230.6,19.9,24.66,696.0,29.0,0.0,82.4,14.5,86.5,21.82,0,0
2026-09-18T05:00:00Z,CDU-B2,HALL-B,24.75,25.09,26.55,1797.0,1787.0,179.5,215.5,19.9,24.55,667.0,27.8,0.0,81.8,14.4,86.5,21.39,0,0
2026-09-18T06:00:00Z,CDU-B2,HALL-B,24.54,24.62,26.46,1806.0,1779.0,181.2,231.6,20.1,24.46,762.0,31.8,0.0,82.3,14.5,86.5,21.72,0,0
2026-09-18T07:00:00Z,CDU-B2,HALL-B,24.48,24.49,26.65,1802.0,1801.0,180.4,261.5,20.0,24.64,804.0,33.5,0.0,82.1,14.4,86.5,21.56,0,0
2026-09-18T08:00:00Z,CDU-B2,HALL-B,24.74,24.85,26.74,1810.0,1807.0,182.0,241.4,19.9,24.74,717.0,29.8,0.0,82.5,14.6,86.5,21.86,0,0
2026-09-18T09:00:00Z,CDU-B2,HALL-B,24.76,24.8,26.86,1802.0,1790.0,180.3,253.0,20.1,24.86,762.0,31.8,0.0,82.1,14.4,86.5,21.58,0,0
2026-09-18T10:00:00Z,CDU-B2,HALL-B,24.76,24.84,26.54,1805.0,1802.0,181.0,214.1,19.8,24.53,646.0,26.9,0.0,82.2,14.5,86.5,21.68,0,0
2026-09-18T11:00:00Z,CDU-B2,HALL-B,24.41,24.57,26.39,1807.0,1789.0,181.4,238.6,19.9,24.39,764.0,31.8,0.0,82.3,14.5,86.5,21.74,0,0
2026-09-18T12:00:00Z,CDU-B2,HALL-B,24.49,24.76,26.64,1820.0,1812.0,184.0,260.9,20.1,24.63,826.0,34.5,0.0,82.9,14.7,86.5,22.21,0,0
2026-09-18T13:00:00Z,CDU-B2,HALL-B,24.8,24.87,26.71,1794.0,1776.0,178.8,229.4,20.2,24.72,730.0,30.4,0.0,81.7,14.3,86.6,21.29,0,0
2026-09-18T14:00:00Z,CDU-B2,HALL-B,25.21,25.36,26.7,1811.0,1809.0,182.2,180.6,20.2,24.7,576.0,24.0,0.0,82.5,14.6,86.5,21.9,0,0
2026-09-18T15:00:00Z,CDU-B2,HALL-B,25.12,25.16,26.64,1797.0,1788.0,179.4,182.4,20.1,24.64,576.0,24.0,0.0,81.9,14.4,86.5,21.4,0,0
2026-09-18T16:00:00Z,CDU-B2,HALL-B,24.92,24.94,26.53,1811.0,1792.0,182.2,194.5,20.0,24.53,615.0,25.7,0.0,82.5,14.6,86.5,21.89,0,0
2026-09-18T17:00:00Z,CDU-B2,HALL-B,25.19,25.37,26.87,1802.0,1794.0,180.3,202.1,20.1,24.87,609.0,25.4,0.0,82.1,14.5,86.5,21.57,0,0
2026-09-18T18:00:00Z,CDU-B2,HALL-B,25.44,25.66,27.08,1793.0,1781.0,178.7,196.6,20.1,25.08,567.0,23.7,0.0,81.7,14.3,86.5,21.25,0,0
2026-09-18T19:00:00Z,CDU-B2,HALL-B,25.47,25.69,27.0,1804.0,1790.0,180.8,184.4,19.9,25.0,518.0,21.6,0.0,82.2,14.5,86.5,21.64,0,0
2026-09-18T20:00:00Z,CDU-B2,HALL-B,25.06,25.07,26.87,1809.0,1788.0,181.8,218.8,20.0,24.87,645.0,26.8,0.0,82.4,14.6,86.5,21.82,0,0
2026-09-18T21:00:00Z,CDU-B2,HALL-B,24.85,24.87,26.54,1808.0,1789.0,181.6,203.6,19.9,24.53,629.0,26.2,50.9,31.5,14.6,86.5,21.8,0,0
2026-09-18T22:00:00Z,CDU-B2,HALL-B,24.95,25.12,26.68,1806.0,1792.0,181.2,209.1,20.1,24.68,655.0,27.3,82.3,0.0,14.5,86.5,21.7,0,0
2026-09-18T23:00:00Z,CDU-B2,HALL-B,25.17,25.2,26.83,1803.0,1791.0,180.6,199.4,19.9,24.82,580.0,24.2,82.2,0.0,14.5,86.5,21.61,0,0
2026-09-19T00:00:00Z,CDU-B2,HALL-B,24.87,25.33,26.82,1806.0,1790.0,181.3,235.2,20.1,24.82,716.0,29.7,82.3,0.0,14.5,86.6,21.71,0,0
2026-09-19T01:00:00Z,CDU-B2,HALL-B,25.13,25.24,26.9,1805.0,1783.0,181.0,213.2,20.2,24.9,652.0,27.2,82.2,0.0,14.5,86.5,21.69,0,0
2026-09-19T02:00:00Z,CDU-B2,HALL-B,25.33,25.56,26.96,1791.0,1755.0,178.2,194.9,19.8,24.96,542.0,22.5,81.6,0.0,14.3,86.5,21.19,0,0
2026-09-19T03:00:00Z,CDU-B2,HALL-B,25.14,25.29,26.82,1797.0,1775.0,179.4,201.6,20.2,24.82,628.0,26.1,81.9,0.0,14.4,86.5,21.4,0,0
2026-09-19T04:00:00Z,CDU-B2,HALL-B,25.32,25.47,26.99,1787.0,1759.0,177.5,199.1,20.2,24.99,596.0,24.9,81.4,0.0,14.3,86.5,21.05,0,0
2026-09-19T05:00:00Z,CDU-B2,HALL-B,25.25,25.33,26.84,1794.0,1783.0,178.8,190.8,20.0,24.85,567.0,23.7,81.7,0.0,14.3,86.5,21.29,0,0
2026-09-19T06:00:00Z,CDU-B2,HALL-B,25.12,25.21,27.0,1807.0,1788.0,181.4,226.5,19.8,25.0,625.0,26.0,82.3,0.0,14.6,86.5,21.75,0,0
2026-09-19T07:00:00Z,CDU-B2,HALL-B,25.01,25.17,26.95,1796.0,1786.0,179.2,233.4,20.0,24.96,677.0,28.2,81.8,0.0,14.4,86.5,21.36,0,0
2026-09-19T08:00:00Z,CDU-B2,HALL-B,25.08,25.15,27.16,1815.0,1811.0,183.0,252.5,20.0,25.16,702.0,29.2,82.7,0.0,14.7,86.5,22.04,0,0
2026-09-19T09:00:00Z,CDU-B2,HALL-B,25.26,25.35,27.27,1784.0,1769.0,176.8,239.2,20.0,25.27,652.0,27.2,81.3,0.0,14.2,86.5,20.94,0,0
2026-09-19T10:00:00Z,CDU-B2,HALL-B,25.27,25.3,27.28,1805.0,1800.0,181.0,242.1,20.0,25.28,658.0,27.4,82.2,0.0,14.5,86.5,21.68,0,0
2026-09-19T11:00:00Z,CDU-B2,HALL-B,25.11,25.11,27.33,1818.0,1807.0,183.6,269.3,19.9,25.33,712.0,29.6,82.8,0.0,14.8,86.5,22.13,0,0
2026-09-19T12:00:00Z,CDU-B2,HALL-B,25.18,25.26,27.32,1793.0,1782.0,178.6,256.0,20.1,25.32,705.0,29.3,81.7,0.0,14.4,86.5,21.25,0,0
2026-09-19T13:00:00Z,CDU-B2,HALL-B,25.22,25.57,27.16,1800.0,1786.0,180.0,233.0,20.0,25.16,649.0,27.1,82.0,0.0,14.5,86.5,21.51,0,0
2026-09-19T14:00:00Z,CDU-B2,HALL-B,24.98,25.0,27.12,1802.0,1796.0,180.4,257.3,19.9,25.12,708.0,29.5,82.1,0.0,14.5,86.5,21.58,0,0
2026-09-19T15:00:00Z,CDU-B2,HALL-B,25.27,25.5,27.23,1798.0,1773.0,179.7,235.2,20.1,25.24,660.0,27.5,81.9,0.0,14.5,86.5,21.44,0,0
2026-09-19T16:00:00Z,CDU-B2,HALL-B,25.39,25.52,27.5,1808.0,1783.0,181.5,254.9,20.1,25.5,676.0,28.2,82.4,0.0,14.6,86.5,21.78,0,0
2026-09-19T17:00:00Z,CDU-B2,HALL-B,25.51,25.58,27.51,1804.0,1800.0,180.8,241.0,20.2,25.51,651.0,27.2,82.2,0.0,14.6,86.5,21.64,0,0
2026-09-19T18:00:00Z,CDU-B2,HALL-B,25.27,25.31,27.31,1795.0,1784.0,179.0,244.4,19.9,25.31,649.0,27.1,81.8,0.0,14.4,86.5,21.32,0,0
2026-09-19T19:00:00Z,CDU-B2,HALL-B,25.16,25.48,27.36,1810.0,1791.0,181.9,265.5,19.9,25.37,701.0,29.3,82.4,0.0,14.7,86.5,21.86,0,0
2026-09-19T20:00:00Z,CDU-B2,HALL-B,24.94,25.05,27.27,1818.0,1814.0,183.7,282.5,20.0,25.26,769.0,32.1,82.8,0.0,14.8,86.5,22.14,0,0
2026-09-19T21:00:00Z,CDU-B2,HALL-B,24.69,24.73,27.37,1822.0,1812.0,184.4,326.6,19.7,25.37,827.0,34.4,83.0,0.0,14.9,86.5,22.28,0,0
2026-09-19T22:00:00Z,CDU-B2,HALL-B,24.8,24.89,27.27,1792.0,1781.0,178.4,295.5,20.0,25.27,806.0,33.6,81.7,0.0,14.4,86.5,21.22,0,0
2026-09-19T23:00:00Z,CDU-B2,HALL-B,24.89,25.07,27.17,1801.0,1787.0,180.2,273.9,20.1,25.16,775.0,32.3,82.1,0.0,14.5,86.5,21.54,0,0
2026-09-20T00:00:00Z,CDU-B2,HALL-B,25.05,25.11,27.34,1799.0,1787.0,179.8,274.8,19.8,25.34,712.0,29.7,81.9,0.0,14.5,86.5,21.47,0,0
2026-09-20T01:00:00Z,CDU-B2,HALL-B,24.77,24.86,27.42,1791.0,1768.0,178.2,317.6,19.9,25.43,826.0,34.4,81.6,0.0,14.4,86.5,21.19,0,0
2026-09-20T02:00:00Z,CDU-B2,HALL-B,25.09,25.36,27.6,1804.0,1800.0,180.8,302.4,19.8,25.6,749.0,31.2,82.2,0.0,14.6,86.6,21.63,0,0
2026-09-20T03:00:00Z,CDU-B2,HALL-B,25.44,25.46,27.76,1789.0,1780.0,177.8,277.0,20.1,25.75,702.0,29.3,81.5,0.0,14.3,86.5,21.11,0,0
2026-09-20T04:00:00Z,CDU-B2,HALL-B,25.45,25.57,27.69,1788.0,1786.0,177.6,267.4,19.6,25.69,631.0,26.3,81.4,0.0,14.3,86.5,21.08,0,0
2026-09-20T05:00:00Z,CDU-B2,HALL-B,25.35,25.37,27.25,1808.0,1792.0,181.6,230.1,19.8,25.26,605.0,25.2,82.4,0.0,14.7,86.5,21.79,0,0
2026-09-20T06:00:00Z,CDU-B2,HALL-B,25.59,25.6,27.56,1805.0,1804.0,181.0,238.1,19.9,25.56,602.0,25.1,82.2,0.0,14.6,86.5,21.68,0,0
2026-09-20T07:00:00Z,CDU-B2,HALL-B,25.62,25.73,27.72,1809.0,1799.0,181.7,253.3,20.2,25.71,658.0,27.5,82.4,0.0,14.7,86.5,21.83,0,0
2026-09-20T08:00:00Z,CDU-B2,HALL-B,25.63,25.77,27.55,1795.0,1756.0,179.0,229.9,19.9,25.55,585.0,24.4,81.8,0.0,14.4,86.5,21.34,0,0
2026-09-20T09:00:00Z,CDU-B2,HALL-B,25.64,25.68,27.61,1793.0,1793.0,178.6,236.0,20.1,25.6,614.0,25.6,81.7,0.0,14.4,86.5,21.24,0,0
2026-09-20T10:00:00Z,CDU-B2,HALL-B,25.59,25.66,27.62,1792.0,1787.0,178.4,242.6,20.2,25.62,643.0,26.8,81.6,0.0,14.4,86.5,21.22,0,0
2026-09-20T11:00:00Z,CDU-B2,HALL-B,25.24,25.48,27.59,1780.0,1755.0,176.1,279.4,19.9,25.59,705.0,29.4,81.1,0.0,14.2,86.5,20.81,0,0
2026-09-20T12:00:00Z,CDU-B2,HALL-B,25.2,25.5,27.66,1804.0,1790.0,180.8,296.4,19.8,25.66,726.0,30.2,82.2,0.0,14.6,86.5,21.65,0,0
2026-09-20T13:00:00Z,CDU-B2,HALL-B,25.14,25.2,27.58,1808.0,1794.0,181.6,295.3,20.0,25.58,758.0,31.6,82.4,0.0,14.7,86.5,21.79,0,0
2026-09-20T14:00:00Z,CDU-B2,HALL-B,25.01,25.02,27.55,1792.0,1786.0,178.5,303.6,19.9,25.54,770.0,32.1,81.6,0.0,14.4,86.5,21.23,0,0
2026-09-20T15:00:00Z,CDU-B2,HALL-B,24.82,24.94,27.19,1797.0,1785.0,179.5,285.0,19.9,25.19,773.0,32.2,81.8,0.0,14.5,86.5,21.4,0,0
2026-09-20T16:00:00Z,CDU-B2,HALL-B,24.69,24.75,27.14,1795.0,1780.0,179.0,294.1,20.2,25.15,855.0,35.6,81.8,0.0,14.5,86.5,21.32,0,0
2026-09-20T17:00:00Z,CDU-B2,HALL-B,24.66,24.77,27.31,1824.0,1816.0,184.8,323.0,20.0,25.31,873.0,36.4,83.1,0.0,14.9,86.5,22.36,0,0
2026-09-20T18:00:00Z,CDU-B2,HALL-B,24.56,24.62,27.37,1800.0,1795.0,180.0,338.2,20.0,25.37,903.0,37.6,82.0,0.0,14.5,86.5,21.5,0,0
2026-09-20T19:00:00Z,CDU-B2,HALL-B,24.48,24.68,27.21,1812.0,1786.0,182.4,331.1,20.2,25.22,948.0,39.5,82.5,0.0,14.8,86.5,21.93,0,0
2026-09-20T20:00:00Z,CDU-B2,HALL-B,24.2,24.22,27.01,1821.0,1814.0,184.2,342.0,19.9,25.0,959.0,40.0,83.0,0.0,14.9,86.5,22.25,0,0
2026-09-20T21:00:00Z,CDU-B2,HALL-B,24.37,24.42,27.2,1797.0,1788.0,179.4,340.2,20.0,25.2,937.0,39.1,81.9,0.0,14.5,86.5,21.39,0,0
2026-09-20T22:00:00Z,CDU-B2,HALL-B,23.95,23.96,27.22,1814.0,1801.0,182.9,396.0,20.2,25.21,1132.0,47.2,82.7,0.0,14.8,86.5,22.0,0,0
2026-09-20T23:00:00Z,CDU-B2,HALL-B,24.02,24.07,27.19,1797.0,1776.0,179.4,380.7,20.1,25.19,1074.0,44.7,81.8,0.0,14.5,86.5,21.4,0,0
2026-09-21T00:00:00Z,CDU-B2,HALL-B,24.17,24.44,27.05,1812.0,1807.0,182.5,349.2,20.2,25.06,1033.0,43.0,82.5,0.0,14.8,86.5,21.93,0,0
2026-09-21T01:00:00Z,CDU-B2,HALL-B,24.38,24.48,27.01,1822.0,1806.0,184.4,320.1,19.9,25.01,899.0,37.4,83.0,0.0,14.9,86.5,22.29,0,0
2026-09-21T02:00:00Z,CDU-B2,HALL-B,24.53,24.62,27.07,1806.0,1802.0,181.2,306.1,20.0,25.07,867.0,36.1,82.3,0.0,14.7,86.5,21.71,0,0
2026-09-21T03:00:00Z,CDU-B2,HALL-B,24.59,24.77,27.37,1789.0,1786.0,177.8,331.7,20.3,25.36,940.0,39.2,81.5,0.0,14.4,86.5,21.11,0,0
2026-09-21T04:00:00Z,CDU-B2,HALL-B,24.56,24.59,27.41,1801.0,1793.0,180.3,343.5,20.0,25.42,911.0,37.9,82.0,0.0,14.6,86.5,21.53,0,0
2026-09-21T05:00:00Z,CDU-B2,HALL-B,24.55,24.67,27.37,1800.0,1797.0,180.1,339.1,19.8,25.37,874.0,36.4,82.0,0.0,14.6,86.5,21.5,0,0
2026-09-21T06:00:00Z,CDU-B2,HALL-B,24.54,24.56,27.38,1794.0,1789.0,178.8,340.4,19.9,25.38,891.0,37.2,81.7,0.0,14.5,86.5,21.28,0,0
2026-09-21T07:00:00Z,CDU-B2,HALL-B,24.52,24.64,27.47,1792.0,1778.0,178.4,352.9,19.9,25.47,910.0,38.0,81.6,0.0,14.4,86.5,21.22,0,0
2026-09-21T08:00:00Z,CDU-B2,HALL-B,24.79,24.95,27.61,1801.0,1794.0,180.2,338.9,19.9,25.61,852.0,35.5,82.0,0.0,14.6,86.5,21.54,0,0
2026-09-21T09:00:00Z,CDU-B2,HALL-B,24.78,24.87,27.61,1785.0,1780.0,177.0,337.4,20.1,25.61,878.0,36.5,81.3,0.0,14.3,86.5,20.99,0,0
2026-09-21T10:00:00Z,CDU-B2,HALL-B,24.63,24.82,27.61,1791.0,1788.0,178.2,356.7,20.1,25.61,929.0,38.7,81.6,0.0,14.5,86.5,21.19,0,0
2026-09-21T11:00:00Z,CDU-B2,HALL-B,24.98,25.07,27.66,1814.0,1797.0,182.9,325.3,19.9,25.66,809.0,33.7,82.6,0.0,14.8,86.5,22.0,0,0
2026-09-21T12:00:00Z,CDU-B2,HALL-B,25.14,25.23,27.58,1793.0,1785.0,178.6,292.1,20.0,25.58,752.0,31.3,81.7,0.0,14.5,86.5,21.26,0,0
2026-09-21T13:00:00Z,CDU-B2,HALL-B,25.02,25.06,27.45,1809.0,1787.0,181.8,293.5,20.0,25.45,773.0,32.2,82.4,0.0,14.8,86.5,21.82,0,0
2026-09-21T14:00:00Z,CDU-B2,HALL-B,24.82,24.85,27.55,1812.0,1802.0,182.4,330.6,20.0,25.55,854.0,35.5,82.6,0.0,14.8,86.5,21.93,0,0
2026-09-21T15:00:00Z,CDU-B2,HALL-B,24.88,25.07,27.4,1788.0,1767.0,177.6,301.4,20.1,25.41,816.0,34.0,81.5,0.0,14.4,86.5,21.09,0,0
2026-09-21T16:00:00Z,CDU-B2,HALL-B,24.89,25.01,27.45,1795.0,1787.0,179.0,307.1,19.9,25.45,794.0,33.1,81.8,0.0,14.5,86.5,21.33,0,0
2026-09-21T17:00:00Z,CDU-B2,HALL-B,24.54,24.73,27.37,1794.0,1783.0,178.8,339.4,19.9,25.37,890.0,37.1,81.7,0.0,14.5,86.5,21.3,0,0
2026-09-21T18:00:00Z,CDU-B2,HALL-B,24.78,24.78,27.47,1806.0,1796.0,181.3,324.0,20.2,25.46,882.0,36.7,82.2,0.0,14.7,86.5,21.71,0,0
2026-09-21T19:00:00Z,CDU-B2,HALL-B,24.76,24.86,27.51,1781.0,1778.0,176.2,327.2,20.0,25.52,853.0,35.6,81.1,0.0,14.3,86.5,20.85,0,0
2026-09-21T20:00:00Z,CDU-B2,HALL-B,24.75,25.01,27.58,1818.0,1808.0,183.6,343.3,19.9,25.58,868.0,36.2,82.8,0.0,14.9,86.5,22.13,0,0
2026-09-21T21:00:00Z,CDU-B2,HALL-B,24.98,25.1,27.68,1791.0,1772.0,178.2,323.5,20.1,25.69,833.0,34.7,81.6,0.0,14.5,86.5,21.19,0,0
2026-09-21T22:00:00Z,CDU-B2,HALL-B,25.09,25.18,27.82,1803.0,1800.0,180.6,328.6,19.9,25.82,797.0,33.3,82.1,0.0,14.6,86.5,21.61,0,0
2026-09-21T23:00:00Z,CDU-B2,HALL-B,24.92,25.12,27.66,1782.0,1781.0,176.4,326.7,20.0,25.67,828.0,34.5,81.2,0.0,14.3,86.6,20.88,0,0
2026-09-22T00:00:00Z,CDU-B2,HALL-B,25.19,25.36,27.65,1798.0,1757.0,179.6,295.4,19.9,25.65,737.0,30.7,81.9,0.0,14.6,86.5,21.44,0,0
2026-09-22T01:00:00Z,CDU-B2,HALL-B,24.84,24.86,27.47,1803.0,1776.0,180.6,316.8,20.1,25.47,847.0,35.3,82.2,0.0,14.7,86.5,21.61,0,0
2026-09-22T02:00:00Z,CDU-B2,HALL-B,25.12,25.18,27.6,1806.0,1787.0,181.2,299.0,19.7,25.6,728.0,30.3,82.3,0.0,14.7,86.5,21.72,0,0
2026-09-22T03:00:00Z,CDU-B2,HALL-B,24.99,25.1,27.83,1781.0,1778.0,176.2,337.6,20.1,25.83,846.0,35.3,81.1,0.0,14.3,86.5,20.83,0,0
2026-09-22T04:00:00Z,CDU-B2,HALL-B,24.97,25.08,27.65,1806.0,1806.0,181.3,323.9,20.0,25.65,821.0,34.2,82.3,0.0,14.7,86.5,21.72,0,0
2026-09-22T05:00:00Z,CDU-B2,HALL-B,25.0,25.05,27.74,1797.0,1768.0,179.4,328.6,20.2,25.74,853.0,35.6,81.8,0.0,14.6,86.5,21.4,0,0
2026-09-22T06:00:00Z,CDU-B2,HALL-B,25.07,25.1,27.73,1803.0,1800.0,180.6,320.9,19.8,25.74,776.0,32.4,82.1,0.0,14.7,86.5,21.61,0,0
2026-09-22T07:00:00Z,CDU-B2,HALL-B,24.91,25.19,27.49,1794.0,1780.0,178.8,309.3,20.0,25.49,809.0,33.7,81.7,0.0,14.6,86.5,21.3,0,0
2026-09-22T08:00:00Z,CDU-B2,HALL-B,25.17,25.44,27.51,1803.0,1798.0,180.6,282.2,19.9,25.51,722.0,30.0,82.1,0.0,14.7,86.6,21.61,0,0
2026-09-22T09:00:00Z,CDU-B2,HALL-B,25.22,25.3,27.66,1784.0,1777.0,176.8,291.0,20.1,25.66,750.0,31.2,81.3,0.0,14.4,86.5,20.94,0,0
2026-09-22T10:00:00Z,CDU-B2,HALL-B,25.03,25.05,27.64,1816.0,1790.0,183.2,316.3,19.8,25.63,777.0,32.4,82.8,0.0,14.9,86.5,22.07,0,0
2026-09-22T11:00:00Z,CDU-B2,HALL-B,25.3,25.32,27.73,1812.0,1802.0,182.4,294.7,19.9,25.73,724.0,30.2,82.5,0.0,14.8,86.5,21.92,0,0
2026-09-22T12:00:00Z,CDU-B2,HALL-B,25.06,25.36,27.6,1818.0,1776.0,183.6,308.3,19.9,25.6,777.0,32.4,82.8,0.0,15.0,86.5,22.16,0,0
2026-09-22T13:00:00Z,CDU-B2,HALL-B,25.19,25.26,27.53,1803.0,1797.0,180.6,282.0,19.9,25.52,717.0,29.9,82.2,0.0,14.7,86.5,21.61,0,0
2026-09-22T14:00:00Z,CDU-B2,HALL-B,24.96,25.13,27.41,1798.0,1792.0,179.6,294.6,19.8,25.41,753.0,31.4,81.9,0.0,14.6,86.6,21.42,0,0
2026-09-22T15:00:00Z,CDU-B2,HALL-B,25.31,25.56,27.47,1794.0,1786.0,178.8,259.1,20.1,25.47,693.0,28.9,81.7,0.0,14.6,86.6,21.28,0,0
2026-09-22T16:00:00Z,CDU-B2,HALL-B,25.44,25.52,27.32,1803.0,1782.0,180.6,225.9,20.2,25.32,634.0,26.4,82.1,0.0,14.7,86.5,21.61,0,0
2026-09-22T17:00:00Z,CDU-B2,HALL-B,25.38,25.44,27.49,1817.0,1808.0,183.5,255.6,20.2,25.49,695.0,29.0,82.8,0.0,15.0,86.5,22.11,0,0
2026-09-22T18:00:00Z,CDU-B2,HALL-B,25.26,25.36,27.57,1802.0,1797.0,180.4,278.5,20.0,25.58,717.0,29.9,82.1,0.0,14.7,86.5,21.57,0,0
2026-09-22T19:00:00Z,CDU-B2,HALL-B,25.33,25.49,27.66,1818.0,1812.0,183.6,282.8,19.9,25.66,704.0,29.3,82.8,0.0,15.0,86.5,22.14,0,0
2026-09-22T20:00:00Z,CDU-B2,HALL-B,25.38,25.38,27.79,1800.0,1797.0,180.0,290.2,20.2,25.8,746.0,31.1,82.0,0.0,14.7,86.5,21.5,0,0
2026-09-22T21:00:00Z,CDU-B2,HALL-B,24.89,25.0,27.41,1801.0,1789.0,180.2,303.3,19.9,25.42,791.0,33.0,82.0,0.0,14.7,86.5,21.53,0,0
2026-09-22T22:00:00Z,CDU-B2,HALL-B,24.82,24.9,27.54,1801.0,1790.0,180.2,327.7,19.8,25.54,819.0,34.2,82.1,0.0,14.7,86.5,21.54,0,0
2026-09-22T23:00:00Z,CDU-B2,HALL-B,24.69,24.94,27.76,1776.0,1750.0,175.3,363.8,19.9,25.75,891.0,37.2,80.9,0.0,14.3,86.5,20.67,0,0
2026-09-23T00:00:00Z,CDU-B2,HALL-B,24.65,24.73,27.67,1796.0,1794.0,179.1,361.9,20.1,25.66,932.0,38.9,81.8,0.0,14.6,86.6,21.36,0,0
2026-09-23T01:00:00Z,CDU-B2,HALL-B,24.95,24.96,27.86,1796.0,1780.0,179.1,349.4,20.0,25.86,856.0,35.6,81.8,0.0,14.6,86.5,21.37,0,0
2026-09-23T02:00:00Z,CDU-B2,HALL-B,24.73,24.76,27.73,1821.0,1814.0,184.3,365.4,19.8,25.74,884.0,36.8,82.9,0.0,15.1,86.5,22.25,0,0
2026-09-23T03:00:00Z,CDU-B2,HALL-B,24.75,24.89,27.71,1808.0,1782.0,181.6,357.1,19.9,25.7,882.0,36.8,82.3,0.0,14.8,86.5,21.79,0,0
2026-09-23T04:00:00Z,CDU-B2,HALL-B,24.85,24.95,27.76,1787.0,1778.0,177.4,347.0,20.0,25.75,864.0,36.0,81.4,0.0,14.5,86.5,21.05,0,0
2026-09-23T05:00:00Z,CDU-B2,HALL-B,24.78,24.92,27.61,1809.0,1786.0,181.8,341.7,19.9,25.61,860.0,35.8,82.4,0.0,14.8,86.5,21.83,0,0
2026-09-23T06:00:00Z,CDU-B2,HALL-B,24.74,24.77,27.59,1787.0,1760.0,177.4,340.7,20.0,25.59,873.0,36.4,81.4,0.0,14.5,86.5,21.06,0,0
2026-09-23T07:00:00Z,CDU-B2,HALL-B,24.49,24.76,27.32,1807.0,1803.0,181.4,341.5,20.1,25.31,939.0,39.1,82.4,0.0,14.8,86.6,21.75,0,0
2026-09-23T08:00:00Z,CDU-B2,HALL-B,24.23,24.36,27.49,1799.0,1787.0,179.7,391.8,20.0,25.49,1024.0,42.7,81.9,0.0,14.7,86.5,21.46,0,0
2026-09-23T09:00:00Z,CDU-B2,HALL-B,24.46,24.69,27.45,1822.0,1813.0,184.4,363.7,20.1,25.44,975.0,40.6,83.0,0.0,15.1,86.5,22.28,0,0
2026-09-23T10:00:00Z,CDU-B2,HALL-B,24.33,24.46,27.52,1810.0,1809.0,182.0,385.2,20.1,25.51,1021.0,42.5,82.5,0.0,14.9,86.5,21.86,0,0
2026-09-23T11:00:00Z,CDU-B2,HALL-B,24.47,24.65,27.5,1805.0,1803.0,181.0,365.1,19.9,25.5,937.0,39.0,82.2,0.0,14.8,86.5,21.68,0,0
2026-09-23T12:00:00Z,CDU-B2,HALL-B,24.72,24.73,27.25,1797.0,1786.0,179.4,303.8,19.9,25.26,816.0,33.9,81.8,0.0,14.7,86.5,21.4,0,0
2026-09-23T13:00:00Z,CDU-B2,HALL-B,24.42,24.48,27.28,1782.0,1779.0,176.5,340.6,20.2,25.29,963.0,40.1,81.1,0.0,14.4,86.5,20.87,0,0
2026-09-23T14:00:00Z,CDU-B2,HALL-B,24.44,24.59,27.6,1794.0,1778.0,178.8,379.0,20.5,25.6,1066.0,44.4,81.7,0.0,14.6,86.5,21.29,0,0
2026-09-23T15:00:00Z,CDU-B2,HALL-B,24.81,25.02,27.76,1805.0,1796.0,181.0,355.2,20.0,25.76,886.0,36.9,82.2,0.0,14.8,86.5,21.68,0,0
2026-09-23T16:00:00Z,CDU-B2,HALL-B,24.97,24.97,27.48,1786.0,1776.0,177.2,300.1,20.1,25.49,801.0,33.3,81.4,0.0,14.5,86.5,21.01,0,0
2026-09-23T17:00:00Z,CDU-B2,HALL-B,25.22,25.33,27.35,1794.0,1793.0,178.8,255.2,19.8,25.34,659.0,27.5,81.7,0.0,14.6,86.5,21.29,0,0
2026-09-23T18:00:00Z,CDU-B2,HALL-B,25.56,25.56,27.47,1799.0,1774.0,179.8,230.0,19.9,25.48,592.0,24.7,81.9,0.0,14.7,86.5,21.47,0,0
2026-09-23T19:00:00Z,CDU-B2,HALL-B,25.42,25.59,27.71,1803.0,1793.0,180.6,275.5,20.3,25.71,732.0,30.5,82.1,0.0,14.8,86.5,21.6,0,0
2026-09-23T20:00:00Z,CDU-B2,HALL-B,25.02,25.05,27.62,1812.0,1810.0,182.3,314.5,19.8,25.62,776.0,32.4,82.5,0.0,14.9,86.5,21.93,0,0
2026-09-23T21:00:00Z,CDU-B2,HALL-B,24.9,25.13,27.82,1799.0,1793.0,179.8,351.0,20.1,25.82,881.0,36.7,81.9,0.0,14.7,86.5,21.47,0,0
2026-09-23T22:00:00Z,CDU-B2,HALL-B,24.67,24.87,27.58,1810.0,1795.0,182.0,351.4,20.1,25.58,921.0,38.4,82.5,0.0,14.9,86.5,21.85,0,0
2026-09-23T23:00:00Z,CDU-B2,HALL-B,24.74,24.86,27.62,1794.0,1792.0,178.8,345.6,20.0,25.62,882.0,36.7,81.7,0.0,14.6,86.6,21.28,0,0
2026-09-24T00:00:00Z,CDU-B2,HALL-B,24.55,24.69,27.64,1790.0,1779.0,178.0,369.1,20.2,25.64,975.0,40.7,81.5,0.0,14.6,86.5,21.14,0,0
2026-09-24T01:00:00Z,CDU-B2,HALL-B,24.83,24.89,27.42,1784.0,1781.0,176.8,308.6,20.1,25.41,832.0,34.7,81.3,0.0,14.5,86.5,20.94,0,0
2026-09-24T02:00:00Z,CDU-B2,HALL-B,25.22,25.42,27.64,1797.0,1779.0,179.4,290.9,20.3,25.65,783.0,32.6,81.8,0.0,14.7,86.5,21.39,0,0
2026-09-24T03:00:00Z,CDU-B2,HALL-B,25.29,25.39,27.52,1801.0,1792.0,180.3,268.7,19.9,25.53,686.0,28.6,82.1,0.0,14.8,86.5,21.54,0,0
2026-09-24T04:00:00Z,CDU-B2,HALL-B,25.25,25.36,27.65,1799.0,1796.0,179.9,288.1,20.0,25.65,732.0,30.5,81.9,0.0,14.7,86.5,21.47,0,0
2026-09-24T05:00:00Z,CDU-B2,HALL-B,25.17,25.19,27.89,1789.0,1776.0,177.7,325.5,20.1,25.89,806.0,33.6,81.5,0.0,14.6,86.5,21.12,0,0
2026-09-24T06:00:00Z,CDU-B2,HALL-B,25.27,25.5,27.78,1788.0,1774.0,177.6,299.7,19.7,25.78,708.0,29.4,81.4,0.0,14.6,86.5,21.08,0,0
2026-09-24T07:00:00Z,CDU-B2,HALL-B,25.07,25.27,27.79,1790.0,1769.0,178.0,325.3,20.1,25.79,820.0,34.2,81.5,0.0,14.6,86.5,21.15,0,0
2026-09-24T08:00:00Z,CDU-B2,HALL-B,24.98,25.1,27.59,1802.0,1799.0,180.5,314.8,19.9,25.59,794.0,33.1,82.1,0.0,14.8,86.5,21.57,0,0
2026-09-24T09:00:00Z,CDU-B2,HALL-B,24.84,24.87,27.63,1795.0,1775.0,179.0,334.6,20.3,25.63,901.0,37.5,81.8,0.0,14.7,86.5,21.33,0,0
2026-09-24T10:00:00Z,CDU-B2,HALL-B,24.63,24.83,27.74,1817.0,1796.0,183.4,377.6,19.8,25.75,913.0,38.0,82.8,0.0,15.1,86.5,22.1,0,0
2026-09-24T11:00:00Z,CDU-B2,HALL-B,24.77,24.77,27.68,1797.0,1786.0,179.5,349.4,19.9,25.68,868.0,36.1,81.9,0.0,14.7,86.5,21.41,0,0
2026-09-24T12:00:00Z,CDU-B2,HALL-B,24.81,24.87,27.74,1814.0,1804.0,182.8,355.3,20.0,25.75,889.0,37.0,82.6,0.0,15.0,86.5,22.01,0,0
2026-09-24T13:00:00Z,CDU-B2,HALL-B,24.74,24.77,27.68,1815.0,1813.0,183.0,356.0,20.1,25.68,917.0,38.2,82.7,0.0,15.0,86.5,22.04,0,0
2026-09-24T14:00:00Z,CDU-B2,HALL-B,24.63,24.73,27.56,1803.0,1787.0,180.6,353.4,19.8,25.56,879.0,36.7,82.1,0.0,14.8,86.5,21.6,0,0
2026-09-24T15:00:00Z,CDU-B2,HALL-B,24.8,24.9,27.97,1808.0,1802.0,181.6,382.6,19.8,25.96,890.0,37.0,82.4,0.0,14.9,86.5,21.77,0,0
2026-09-24T16:00:00Z,CDU-B2,HALL-B,24.92,24.94,27.76,1807.0,1781.0,181.4,342.6,20.0,25.76,855.0,35.7,82.3,0.0,14.9,86.5,21.76,0,0
2026-09-24T17:00:00Z,CDU-B2,HALL-B,25.2,25.23,27.93,1794.0,1766.0,178.8,326.7,20.1,25.93,805.0,33.6,81.7,0.0,14.7,86.5,21.29,0,0
2026-09-24T18:00:00Z,CDU-B2,HALL-B,25.03,25.05,27.64,1797.0,1760.0,179.4,312.9,20.1,25.64,811.0,33.8,81.9,0.0,14.7,86.5,21.4,0,0
2026-09-24T19:00:00Z,CDU-B2,HALL-B,24.94,25.02,27.28,1781.0,1762.0,176.2,277.9,19.7,25.28,716.0,29.8,81.2,0.0,14.5,86.5,20.84,0,0
2026-09-24T20:00:00Z,CDU-B2,HALL-B,24.86,25.03,27.34,1798.0,1790.0,179.7,297.8,20.2,25.34,832.0,34.6,81.9,0.0,14.8,86.5,21.42,0,0
2026-09-24T21:00:00Z,CDU-B2,HALL-B,25.19,25.24,27.45,1789.0,1774.0,177.9,270.5,20.1,25.45,724.0,30.1,81.5,0.0,14.6,86.5,21.12,0,0
2026-09-24T22:00:00Z,CDU-B2,HALL-B,25.07,25.11,27.4,1792.0,1757.0,178.3,278.7,20.2,25.4,769.0,32.0,81.6,0.0,14.6,86.5,21.21,0,0
2026-09-24T23:00:00Z,CDU-B2,HALL-B,25.09,25.17,27.34,1800.0,1785.0,180.0,270.4,20.1,25.33,740.0,30.9,82.0,0.0,14.8,86.5,21.5,0,0
2026-09-25T00:00:00Z,CDU-B2,HALL-B,25.2,25.29,27.6,1819.0,1808.0,183.8,291.6,19.8,25.6,721.0,30.0,82.9,0.0,15.1,86.5,22.19,0,0
2026-09-25T01:00:00Z,CDU-B2,HALL-B,24.73,24.8,27.75,1779.0,1767.0,175.8,359.1,20.1,25.76,913.0,38.0,81.0,0.0,14.4,86.5,20.77,0,0
2026-09-25T02:00:00Z,CDU-B2,HALL-B,24.76,24.83,27.82,1805.0,1789.0,180.9,369.3,20.0,25.82,910.0,37.9,82.3,0.0,14.9,86.5,21.68,0,0
2026-09-25T03:00:00Z,CDU-B2,HALL-B,24.46,24.64,27.67,1799.0,1798.0,179.8,385.4,19.9,25.67,959.0,40.1,81.9,0.0,14.8,86.5,21.46,0,0
2026-09-25T04:00:00Z,CDU-B2,HALL-B,24.81,25.05,27.67,1789.0,1777.0,177.8,341.9,20.1,25.67,881.0,36.7,81.5,0.0,14.6,86.5,21.12,0,0
2026-09-25T05:00:00Z,CDU-B2,HALL-B,24.99,25.08,27.82,1786.0,1757.0,177.3,338.3,20.0,25.83,834.0,34.8,81.4,0.0,14.6,86.5,21.02,0,0
2026-09-25T06:00:00Z,CDU-B2,HALL-B,25.15,25.29,27.96,1787.0,1783.0,177.4,335.0,20.0,25.95,807.0,33.6,81.4,0.0,14.6,86.5,21.04,0,0
2026-09-25T07:00:00Z,CDU-B2,HALL-B,25.19,25.29,27.67,1810.0,1797.0,182.0,300.1,20.0,25.67,758.0,31.5,82.4,0.0,15.0,86.5,21.86,0,0
2026-09-25T08:00:00Z,CDU-B2,HALL-B,25.19,25.29,27.4,1793.0,1778.0,178.6,264.9,19.8,25.4,678.0,28.3,81.7,0.0,14.7,86.5,21.26,0,0
2026-09-25T09:00:00Z,CDU-B2,HALL-B,25.15,25.26,27.32,1786.0,1784.0,177.2,258.3,19.8,25.32,673.0,28.0,81.4,0.0,14.6,86.5,21.01,0,0
2026-09-25T10:00:00Z,CDU-B2,HALL-B,25.09,25.12,27.46,1804.0,1784.0,180.9,285.5,19.9,25.45,736.0,30.7,82.2,0.0,14.9,86.5,21.65,0,0
2026-09-25T11:00:00Z,CDU-B2,HALL-B,24.79,24.95,27.33,1809.0,1792.0,181.8,307.0,19.8,25.33,796.0,33.1,82.4,0.0,15.0,86.5,21.83,0,0
2026-09-25T12:00:00Z,CDU-B2,HALL-B,24.97,25.0,27.58,1791.0,1790.0,178.2,312.4,20.3,25.58,849.0,35.4,81.6,0.0,14.7,86.5,21.19,0,0
2026-09-25T13:00:00Z,CDU-B2,HALL-B,25.11,25.37,27.76,1801.0,1785.0,180.2,318.3,20.0,25.76,794.0,33.1,82.0,0.0,14.8,86.5,21.53,0,0
2026-09-25T14:00:00Z,CDU-B2,HALL-B,24.87,25.03,27.67,1790.0,1781.0,178.0,334.3,19.9,25.66,831.0,34.6,81.5,0.0,14.6,86.5,21.15,0,0
2026-09-25T15:00:00Z,CDU-B2,HALL-B,24.83,24.85,27.66,1787.0,1777.0,177.4,338.3,19.8,25.66,828.0,34.5,81.4,0.0,14.6,86.5,21.05,0,0
2026-09-25T16:00:00Z,CDU-B2,HALL-B,24.94,24.95,27.77,1801.0,1794.0,180.2,341.0,20.0,25.77,847.0,35.3,82.0,0.0,14.9,86.5,21.53,0,0
2026-09-25T17:00:00Z,CDU-B2,HALL-B,24.91,24.93,27.49,1808.0,1802.0,181.5,311.8,20.1,25.49,829.0,34.6,82.4,0.0,15.0,86.5,21.79,0,0
2026-09-25T18:00:00Z,CDU-B2,HALL-B,24.92,25.24,27.35,1802.0,1791.0,180.4,292.6,19.9,25.34,769.0,32.0,82.1,0.0,14.9,86.5,21.57,0,0
2026-09-25T19:00:00Z,CDU-B2,HALL-B,24.88,25.11,27.36,1822.0,1818.0,184.4,302.1,20.0,25.36,808.0,33.6,83.0,0.0,15.2,86.5,22.28,0,0
2026-09-25T20:00:00Z,CDU-B2,HALL-B,24.74,24.95,27.65,1812.0,1803.0,182.4,352.3,20.1,25.65,911.0,38.0,82.5,0.0,15.1,86.5,21.92,0,0
2026-09-25T21:00:00Z,CDU-B2,HALL-B,24.95,25.09,27.89,1797.0,1793.0,179.4,353.5,20.0,25.89,860.0,35.9,31.4,50.5,14.8,86.5,21.39,0,0
2026-09-25T22:00:00Z,CDU-B2,HALL-B,25.03,25.38,27.83,1799.0,1779.0,179.8,336.0,20.0,25.83,828.0,34.5,0.0,81.9,14.9,86.5,21.46,0,0
2026-09-25T23:00:00Z,CDU-B2,HALL-B,25.46,25.5,27.93,1823.0,1816.0,184.6,301.1,20.0,25.93,728.0,30.4,0.0,83.0,15.3,86.5,22.32,0,0
2026-09-26T00:00:00Z,CDU-B2,HALL-B,25.21,25.26,27.93,1812.0,1805.0,182.4,329.6,19.9,25.93,784.0,32.7,0.0,82.5,15.1,86.5,21.92,0,0
2026-09-26T01:00:00Z,CDU-B2,HALL-B,25.16,25.2,28.01,1789.0,1777.0,177.8,340.4,20.0,26.01,813.0,33.9,0.0,81.5,14.7,86.6,21.12,0,0
2026-09-26T02:00:00Z,CDU-B2,HALL-B,25.26,25.37,27.92,1801.0,1795.0,180.2,319.6,19.9,25.92,762.0,31.7,0.0,82.1,14.9,86.5,21.53,0,0
2026-09-26T03:00:00Z,CDU-B2,HALL-B,24.96,25.1,27.53,1795.0,1788.0,179.0,308.3,20.3,25.52,844.0,35.2,0.0,81.8,14.8,86.5,21.31,0,0
2026-09-26T04:00:00Z,CDU-B2,HALL-B,25.08,25.1,27.49,1802.0,1798.0,180.4,290.7,20.0,25.5,759.0,31.6,0.0,82.1,14.9,86.6,21.57,0,0
2026-09-26T05:00:00Z,CDU-B2,HALL-B,25.39,25.46,27.62,1773.0,1771.0,174.7,264.5,20.0,25.62,675.0,28.1,0.0,80.8,14.4,86.5,20.57,0,0
2026-09-26T06:00:00Z,CDU-B2,HALL-B,24.98,25.13,27.68,1816.0,1783.0,183.2,327.3,19.9,25.68,813.0,33.9,0.0,82.7,15.1,86.5,22.08,0,0
2026-09-26T07:00:00Z,CDU-B2,HALL-B,24.97,25.06,27.71,1790.0,1787.0,178.0,328.2,19.8,25.72,797.0,33.2,0.0,81.6,14.7,86.5,21.16,0,0
2026-09-26T08:00:00Z,CDU-B2,HALL-B,24.96,25.01,27.72,1808.0,1805.0,181.7,333.8,20.2,25.73,868.0,36.1,0.0,82.4,15.0,86.5,21.78,0,0
2026-09-26T09:00:00Z,CDU-B2,HALL-B,24.89,24.95,27.78,1801.0,1779.0,180.3,347.4,20.3,25.78,911.0,38.0,0.0,82.1,14.9,86.5,21.53,0,0
2026-09-26T10:00:00Z,CDU-B2,HALL-B,24.94,24.96,27.71,1800.0,1790.0,180.1,333.2,20.1,25.71,852.0,35.5,0.0,82.0,14.9,86.5,21.5,0,0
2026-09-26T11:00:00Z,CDU-B2,HALL-B,24.8,25.3,27.94,1782.0,1767.0,176.4,374.1,20.0,25.94,905.0,37.7,0.0,81.2,14.6,86.5,20.87,0,0
2026-09-26T12:00:00Z,CDU-B2,HALL-B,24.4,24.46,27.84,1804.0,1784.0,180.8,415.0,20.1,25.84,1036.0,43.2,0.0,82.2,15.0,86.5,21.64,0,0
2026-09-26T13:00:00Z,CDU-B2,HALL-B,24.32,24.34,27.69,1814.0,1788.0,182.8,408.9,20.0,25.69,1031.0,43.0,0.0,82.6,15.1,86.5,21.99,0,0
2026-09-26T14:00:00Z,CDU-B2,HALL-B,24.39,24.46,27.83,1796.0,1788.0,179.1,412.4,19.9,25.83,999.0,41.6,0.0,81.8,14.8,86.5,21.35,0,0
2026-09-26T15:00:00Z,CDU-B2,HALL-B,24.33,24.42,27.65,1804.0,1799.0,180.8,399.6,19.8,25.65,982.0,40.9,0.0,82.2,15.0,86.5,21.64,0,0
2026-09-26T16:00:00Z,CDU-B2,HALL-B,24.38,24.43,27.72,1796.0,1793.0,179.2,401.2,19.9,25.72,988.0,41.1,0.0,81.8,14.8,86.5,21.37,0,0
2026-09-26T17:00:00Z,CDU-B2,HALL-B,24.48,24.55,27.7,1802.0,1793.0,180.5,387.6,19.9,25.7,959.0,40.0,0.0,82.0,14.9,86.5,21.58,0,0
2026-09-26T18:00:00Z,CDU-B2,HALL-B,24.71,24.82,27.77,1783.0,1779.0,176.6,364.1,20.2,25.76,937.0,39.0,0.0,81.2,14.6,86.5,20.91,0,0
2026-09-26T19:00:00Z,CDU-B2,HALL-B,24.85,24.91,27.65,1814.0,1790.0,182.9,338.9,19.9,25.64,846.0,35.2,0.0,82.6,15.1,86.5,22.01,0,0
2026-09-26T20:00:00Z,CDU-B2,HALL-B,24.7,24.77,27.43,1797.0,1797.0,179.4,327.9,20.0,25.43,866.0,36.0,0.0,81.9,14.8,86.5,21.39,0,0
2026-09-26T21:00:00Z,CDU-B2,HALL-B,24.93,25.08,27.74,1796.0,1761.0,179.1,336.7,20.1,25.73,856.0,35.6,0.0,81.8,14.9,86.5,21.37,0,0
2026-09-26T22:00:00Z,CDU-B2,HALL-B,24.85,24.9,27.75,1791.0,1781.0,178.2,347.1,20.0,25.75,866.0,36.0,0.0,81.6,14.8,86.5,21.18,0,0
2026-09-26T23:00:00Z,CDU-B2,HALL-B,25.15,25.23,27.6,1794.0,1770.0,178.8,293.4,19.8,25.6,726.0,30.3,0.0,81.7,14.8,86.5,21.28,0,0
2026-09-27T00:00:00Z,CDU-B2,HALL-B,25.05,25.07,27.61,1786.0,1782.0,177.2,305.1,19.8,25.61,755.0,31.5,0.0,81.4,14.7,86.5,21.02,0,0
2026-09-27T01:00:00Z,CDU-B2,HALL-B,24.75,24.96,27.5,1789.0,1781.0,177.8,329.0,20.1,25.5,875.0,36.5,0.0,81.5,14.8,86.5,21.12,0,0
2026-09-27T02:00:00Z,CDU-B2,HALL-B,24.98,25.03,27.65,1799.0,1776.0,179.8,320.9,19.8,25.66,788.0,32.9,0.0,81.9,14.9,86.5,21.46,0,0
2026-09-27T03:00:00Z,CDU-B2,HALL-B,24.93,25.33,27.64,1790.0,1780.0,178.0,324.3,19.9,25.64,811.0,33.8,0.0,81.5,14.8,86.5,21.15,0,0
2026-09-27T04:00:00Z,CDU-B2,HALL-B,24.93,25.11,27.82,1806.0,1793.0,181.2,349.3,20.3,25.83,908.0,37.8,0.0,82.3,15.1,86.5,21.71,0,0
2026-09-27T05:00:00Z,CDU-B2,HALL-B,24.67,24.85,27.76,1786.0,1776.0,177.2,368.6,19.8,25.75,887.0,37.0,0.0,81.4,14.7,86.5,21.01,0,0
2026-09-27T06:00:00Z,CDU-B2,HALL-B,24.59,24.67,27.66,1806.0,1802.0,181.2,370.0,20.0,25.66,939.0,39.1,0.0,82.3,15.0,86.5,21.72,0,0
2026-09-27T07:00:00Z,CDU-B2,HALL-B,25.02,25.27,27.86,1801.0,1788.0,180.2,342.0,19.8,25.86,811.0,33.9,0.0,82.0,14.9,86.5,21.54,0,0
2026-09-27T08:00:00Z,CDU-B2,HALL-B,25.01,25.02,27.81,1805.0,1796.0,181.0,337.3,19.9,25.81,819.0,34.1,0.0,82.2,15.0,86.5,21.68,0,0
2026-09-27T09:00:00Z,CDU-B2,HALL-B,25.04,25.09,27.93,1806.0,1790.0,181.3,348.6,20.1,25.94,860.0,35.8,0.0,82.3,15.0,86.5,21.72,0,0
2026-09-27T10:00:00Z,CDU-B2,HALL-B,25.21,25.43,27.81,1819.0,1809.0,183.8,315.6,20.1,25.81,794.0,33.0,0.0,82.9,15.2,86.5,22.18,0,0
2026-09-27T11:00:00Z,CDU-B2,HALL-B,24.98,25.07,27.52,1796.0,1785.0,179.1,304.9,20.0,25.52,792.0,33.0,0.0,81.8,14.9,86.5,21.37,0,0
2026-09-27T12:00:00Z,CDU-B2,HALL-B,25.1,25.12,27.84,1774.0,1754.0,174.8,324.7,19.9,25.84,784.0,32.7,0.0,80.8,14.5,86.5,20.6,0,0
2026-09-27T13:00:00Z,CDU-B2,HALL-B,24.95,25.0,28.0,1798.0,1796.0,179.6,365.9,20.1,26.0,891.0,37.1,0.0,81.9,14.9,86.5,21.44,0,0
2026-09-27T14:00:00Z,CDU-B2,HALL-B,24.96,25.03,28.13,1820.0,1818.0,184.0,385.6,19.9,26.14,889.0,37.0,0.0,82.9,15.3,86.5,22.21,0,0
2026-09-27T15:00:00Z,CDU-B2,HALL-B,24.89,25.06,28.15,1813.0,1794.0,182.6,395.2,20.0,26.16,922.0,38.4,0.0,82.6,15.2,86.5,21.96,0,0
2026-09-27T16:00:00Z,CDU-B2,HALL-B,24.86,25.01,27.79,1786.0,1774.0,177.2,349.9,19.9,25.79,852.0,35.5,0.0,81.4,14.7,86.5,21.01,0,0
2026-09-27T17:00:00Z,CDU-B2,HALL-B,24.66,24.75,27.63,1808.0,1791.0,181.6,358.8,20.1,25.63,931.0,38.9,0.0,82.4,15.1,86.5,21.78,0,0
2026-09-27T18:00:00Z,CDU-B2,HALL-B,24.86,24.97,27.72,1780.0,1772.0,176.1,340.3,19.9,25.72,839.0,35.0,0.0,81.1,14.6,86.5,20.81,0,0
2026-09-27T19:00:00Z,CDU-B2,HALL-B,25.13,25.18,27.56,1789.0,1779.0,177.8,290.7,20.1,25.56,763.0,31.7,0.0,81.5,14.8,86.5,21.11,0,0
2026-09-27T20:00:00Z,CDU-B2,HALL-B,25.29,25.8,27.51,1813.0,1798.0,182.6,268.6,19.9,25.51,688.0,28.7,0.0,82.6,15.2,86.5,21.97,0,0
2026-09-27T21:00:00Z,CDU-B2,HALL-B,25.21,25.33,27.45,1801.0,1777.0,180.2,269.1,20.0,25.46,711.0,29.7,0.0,82.0,15.0,86.5,21.54,0,0
2026-09-27T22:00:00Z,CDU-B2,HALL-B,25.31,25.46,27.56,1816.0,1811.0,183.3,273.1,20.4,25.56,760.0,31.7,0.0,82.7,15.2,86.5,22.06,0,0
2026-09-27T23:00:00Z,CDU-B2,HALL-B,25.33,25.38,27.55,1784.0,1780.0,176.8,264.4,20.1,25.55,697.0,29.0,0.0,81.3,14.7,86.5,20.94,0,0
2026-08-31T00:00:00Z,CDU-B3,HALL-B,25.12,25.28,24.84,1797.0,1786.0,179.4,-33.3,19.8,19.8,300.0,12.6,0.0,81.8,19.3,93.0,21.4,0,0
2026-08-31T01:00:00Z,CDU-B3,HALL-B,25.2,25.24,25.02,1797.0,1788.0,179.4,-21.3,20.1,20.1,300.0,12.5,0.0,81.9,19.3,93.0,21.39,0,0
2026-08-31T02:00:00Z,CDU-B3,HALL-B,25.4,25.43,25.0,1802.0,1793.0,180.4,-47.6,20.2,20.2,300.0,12.5,0.0,82.1,19.5,93.0,21.58,0,0
2026-08-31T03:00:00Z,CDU-B3,HALL-B,25.5,25.61,25.02,1811.0,1803.0,182.2,-57.7,19.9,19.9,300.0,12.6,0.0,82.5,19.6,93.0,21.89,0,0
2026-08-31T04:00:00Z,CDU-B3,HALL-B,25.28,25.43,25.02,1796.0,1781.0,179.2,-31.3,20.0,20.0,300.0,12.6,0.0,81.8,19.3,93.0,21.37,0,0
2026-08-31T05:00:00Z,CDU-B3,HALL-B,25.25,25.29,25.13,1808.0,1780.0,181.6,-14.4,20.1,20.1,300.0,12.5,0.0,82.4,19.6,93.0,21.78,0,0
2026-08-31T06:00:00Z,CDU-B3,HALL-B,25.25,25.48,25.0,1805.0,1789.0,181.0,-29.9,20.1,20.1,300.0,12.6,0.0,82.2,19.5,93.0,21.68,0,0
2026-08-31T07:00:00Z,CDU-B3,HALL-B,25.59,26.01,24.95,1799.0,1790.0,179.8,-77.2,20.2,20.2,300.0,12.5,0.0,82.0,19.4,93.0,21.46,0,0
2026-08-31T08:00:00Z,CDU-B3,HALL-B,25.06,25.42,24.86,1777.0,1768.0,175.4,-23.4,20.4,20.4,300.0,12.5,0.0,80.9,18.9,93.0,20.7,0,0
2026-08-31T09:00:00Z,CDU-B3,HALL-B,24.9,25.07,24.72,1806.0,1801.0,181.2,-22.3,20.1,20.1,300.0,12.4,0.0,82.3,19.5,93.0,21.71,0,0
2026-08-31T10:00:00Z,CDU-B3,HALL-B,24.71,25.04,24.8,1783.0,1763.0,176.6,10.7,19.9,20.64,300.0,12.5,0.0,81.2,19.1,93.0,20.91,0,0
2026-08-31T11:00:00Z,CDU-B3,HALL-B,24.88,25.07,24.93,1797.0,1796.0,179.4,6.2,20.1,20.48,300.0,12.5,0.0,81.8,19.4,93.0,21.39,0,0
2026-08-31T12:00:00Z,CDU-B3,HALL-B,24.78,24.89,24.93,1793.0,1777.0,178.6,17.5,19.9,20.75,300.0,12.5,0.0,81.7,19.3,93.0,21.26,0,0
2026-08-31T13:00:00Z,CDU-B3,HALL-B,24.62,24.75,24.9,1790.0,1774.0,178.0,33.3,20.0,21.56,300.0,12.5,0.0,81.6,19.2,93.0,21.15,0,0
2026-08-31T14:00:00Z,CDU-B3,HALL-B,24.69,24.84,24.79,1779.0,1775.0,175.9,12.3,20.1,20.7,300.0,12.4,0.0,81.1,19.0,93.0,20.77,0,0
2026-08-31T15:00:00Z,CDU-B3,HALL-B,24.34,24.55,24.64,1809.0,1799.0,181.8,36.7,20.0,21.73,300.0,12.6,0.0,82.4,19.6,93.0,21.83,0,0
2026-08-31T16:00:00Z,CDU-B3,HALL-B,24.1,24.2,24.34,1792.0,1792.0,178.3,28.2,20.0,21.35,300.0,12.5,0.0,81.6,19.2,93.0,21.22,0,0
2026-08-31T17:00:00Z,CDU-B3,HALL-B,24.47,24.76,24.57,1811.0,1805.0,182.2,12.2,20.0,20.61,300.0,12.5,0.0,82.5,19.7,93.0,21.89,0,0
2026-08-31T18:00:00Z,CDU-B3,HALL-B,24.56,24.88,24.68,1809.0,1799.0,181.9,14.0,19.8,20.56,300.0,12.5,0.0,82.4,19.6,93.0,21.82,0,0
2026-08-31T19:00:00Z,CDU-B3,HALL-B,24.53,24.66,24.74,1789.0,1774.0,177.8,25.7,20.2,21.43,300.0,12.4,0.0,81.5,19.2,93.0,21.11,0,0
2026-08-31T20:00:00Z,CDU-B3,HALL-B,24.81,24.93,24.81,1796.0,1787.0,179.2,-0.1,19.9,20.0,300.0,12.5,0.0,81.8,19.3,93.0,21.37,0,0
2026-08-31T21:00:00Z,CDU-B3,HALL-B,24.72,24.93,24.88,1815.0,1808.0,183.0,20.0,20.0,20.97,300.0,12.5,0.0,82.7,19.8,93.0,22.04,0,0
2026-08-31T22:00:00Z,CDU-B3,HALL-B,24.62,24.69,24.78,1790.0,1776.0,178.0,18.9,20.1,20.98,300.0,12.5,0.0,81.5,19.2,93.0,21.15,0,0
2026-08-31T23:00:00Z,CDU-B3,HALL-B,24.76,24.81,24.87,1810.0,1796.0,182.1,12.8,20.1,20.72,300.0,12.5,0.0,82.5,19.7,93.0,21.86,0,0
2026-09-01T00:00:00Z,CDU-B3,HALL-B,24.78,24.85,24.83,1773.0,1749.0,174.6,6.4,19.8,20.1,300.0,12.5,0.0,80.8,18.9,93.0,20.57,0,0
2026-09-01T01:00:00Z,CDU-B3,HALL-B,24.93,24.96,24.96,1806.0,1785.0,181.2,3.3,20.1,20.24,300.0,12.5,0.0,82.3,19.6,93.0,21.73,0,0
2026-09-01T02:00:00Z,CDU-B3,HALL-B,25.39,25.56,25.03,1795.0,1785.0,179.0,-43.4,20.1,20.1,300.0,12.5,0.0,81.7,19.4,93.0,21.32,0,0
2026-09-01T03:00:00Z,CDU-B3,HALL-B,25.4,25.53,25.09,1793.0,1787.0,178.6,-37.0,20.1,20.1,300.0,12.5,0.0,81.7,19.3,93.0,21.24,0,0
2026-09-01T04:00:00Z,CDU-B3,HALL-B,25.55,25.57,25.05,1807.0,1802.0,181.5,-59.8,19.9,19.9,300.0,12.5,0.0,82.3,19.6,93.0,21.75,0,0
2026-09-01T05:00:00Z,CDU-B3,HALL-B,25.03,25.11,24.96,1803.0,1796.0,180.7,-8.0,20.1,20.1,300.0,12.5,0.0,82.2,19.6,93.0,21.61,0,0
2026-09-01T06:00:00Z,CDU-B3,HALL-B,25.35,25.45,25.0,1799.0,1785.0,179.8,-41.5,19.8,19.8,300.0,12.5,0.0,82.0,19.4,93.0,21.46,0,0
2026-09-01T07:00:00Z,CDU-B3,HALL-B,25.14,25.22,24.98,1803.0,1800.0,180.6,-19.6,20.1,20.1,300.0,12.5,0.0,82.1,19.5,93.0,21.6,0,0
2026-09-01T08:00:00Z,CDU-B3,HALL-B,25.06,25.42,24.95,1803.0,1794.0,180.6,-13.3,19.8,19.81,300.0,12.5,0.0,82.1,19.5,93.0,21.61,0,0
2026-09-01T09:00:00Z,CDU-B3,HALL-B,25.08,25.09,25.07,1795.0,1763.0,179.0,-1.8,20.0,20.05,300.0,12.5,0.0,81.7,19.4,93.0,21.33,0,0
2026-09-01T10:00:00Z,CDU-B3,HALL-B,24.78,25.05,25.19,1804.0,1783.0,180.9,49.2,20.0,22.3,304.0,12.6,0.0,82.2,19.6,93.0,21.64,0,0
2026-09-01T11:00:00Z,CDU-B3,HALL-B,24.94,25.05,25.16,1794.0,1786.0,178.8,26.2,19.9,21.19,300.0,12.5,0.0,81.7,19.3,93.0,21.3,0,0
2026-09-01T12:00:00Z,CDU-B3,HALL-B,24.91,25.22,25.08,1793.0,1770.0,178.6,20.1,20.0,21.01,300.0,12.5,0.0,81.7,19.3,93.0,21.26,0,0
2026-09-01T13:00:00Z,CDU-B3,HALL-B,24.64,24.68,25.09,1796.0,1792.0,179.2,53.5,20.0,22.54,300.0,12.5,0.0,81.8,19.4,93.0,21.35,0,0
2026-09-01T14:00:00Z,CDU-B3,HALL-B,24.91,24.99,25.17,1807.0,1796.0,181.4,31.6,19.9,21.41,300.0,12.4,0.0,82.3,19.6,93.0,21.76,0,0
2026-09-01T15:00:00Z,CDU-B3,HALL-B,24.57,24.64,25.15,1795.0,1793.0,178.9,69.5,19.9,23.12,310.0,12.9,0.0,81.8,19.4,93.0,21.32,0,0
2026-09-01T16:00:00Z,CDU-B3,HALL-B,24.47,24.63,25.11,1797.0,1794.0,179.4,77.2,19.8,23.01,341.0,14.2,0.0,81.9,19.4,93.0,21.39,0,0
2026-09-01T17:00:00Z,CDU-B3,HALL-B,24.61,24.69,25.07,1793.0,1792.0,178.6,55.7,19.9,22.57,300.0,12.5,0.0,81.6,19.3,93.0,21.25,0,0
2026-09-01T18:00:00Z,CDU-B3,HALL-B,24.43,24.45,25.2,1795.0,1776.0,179.1,92.9,20.0,23.19,411.0,17.1,0.0,81.8,19.4,93.0,21.33,0,0
2026-09-01T19:00:00Z,CDU-B3,HALL-B,24.49,24.78,25.05,1822.0,1809.0,184.5,67.6,20.0,22.76,347.0,14.5,0.0,83.0,20.0,93.0,22.29,0,0
2026-09-01T20:00:00Z,CDU-B3,HALL-B,24.95,24.96,25.09,1818.0,1806.0,183.6,17.4,19.9,20.68,300.0,12.6,0.0,82.8,19.9,93.0,22.15,0,0
2026-09-01T21:00:00Z,CDU-B3,HALL-B,25.24,25.43,25.18,1800.0,1780.0,180.0,-7.4,19.7,19.72,300.0,12.5,0.0,82.1,19.5,93.0,21.51,0,0
2026-09-01T22:00:00Z,CDU-B3,HALL-B,25.09,25.12,24.92,1805.0,1783.0,181.0,-20.0,19.7,19.7,300.0,12.6,0.0,82.2,19.6,93.0,21.68,0,0
2026-09-01T23:00:00Z,CDU-B3,HALL-B,24.98,25.24,24.97,1813.0,1802.0,182.6,-0.8,20.1,20.33,300.0,12.5,0.0,82.6,19.8,93.0,21.97,0,0
2026-09-02T00:00:00Z,CDU-B3,HALL-B,25.14,25.21,25.16,1799.0,1793.0,179.8,2.3,19.9,20.05,300.0,12.4,0.0,81.9,19.5,93.0,21.47,0,0
2026-09-02T01:00:00Z,CDU-B3,HALL-B,25.29,25.42,25.08,1820.0,1814.0,184.0,-25.6,19.8,19.8,300.0,12.5,0.0,82.9,20.0,93.0,22.22,0,0
2026-09-02T02:00:00Z,CDU-B3,HALL-B,25.19,25.41,24.87,1791.0,1790.0,178.2,-37.9,20.0,20.0,300.0,12.4,0.0,81.6,19.3,93.0,21.19,0,0
2026-09-02T03:00:00Z,CDU-B3,HALL-B,25.05,25.09,25.04,1801.0,1777.0,180.2,-1.0,20.2,20.3,300.0,12.5,0.0,82.0,19.5,93.0,21.54,0,0
2026-09-02T04:00:00Z,CDU-B3,HALL-B,25.3,25.48,25.07,1795.0,1790.0,179.0,-27.1,19.8,19.8,300.0,12.4,0.0,81.8,19.4,93.0,21.32,0,0
2026-09-02T05:00:00Z,CDU-B3,HALL-B,25.14,25.2,25.02,1797.0,1792.0,179.4,-13.9,20.0,20.0,300.0,12.4,0.0,81.9,19.4,93.0,21.39,0,0
2026-09-02T06:00:00Z,CDU-B3,HALL-B,24.78,24.8,24.97,1790.0,1773.0,177.9,23.2,20.1,21.25,300.0,12.5,0.0,81.5,19.3,93.0,21.15,0,0
2026-09-02T07:00:00Z,CDU-B3,HALL-B,24.73,24.78,24.94,1811.0,1808.0,182.2,25.7,20.1,21.31,300.0,12.4,0.0,82.5,19.7,93.0,21.89,0,0
2026-09-02T08:00:00Z,CDU-B3,HALL-B,24.9,25.12,24.93,1796.0,1764.0,179.2,3.7,19.9,20.23,300.0,12.6,0.0,81.8,19.4,93.0,21.36,0,0
2026-09-02T09:00:00Z,CDU-B3,HALL-B,24.62,24.68,24.84,1782.0,1777.0,176.5,26.4,20.1,21.36,300.0,12.5,0.0,81.2,19.1,93.0,20.88,0,0
2026-09-02T10:00:00Z,CDU-B3,HALL-B,24.85,24.98,24.9,1792.0,1788.0,178.4,6.5,20.0,20.32,300.0,12.6,0.0,81.6,19.4,93.0,21.22,0,0
2026-09-02T11:00:00Z,CDU-B3,HALL-B,24.92,24.95,24.86,1782.0,1780.0,176.4,-7.5,20.0,20.0,300.0,12.5,0.0,81.2,19.1,93.0,20.87,0,0
2026-09-02T12:00:00Z,CDU-B3,HALL-B,24.63,24.71,24.76,1794.0,1764.0,178.8,15.4,20.0,20.75,300.0,12.5,0.0,81.7,19.4,93.0,21.3,0,0
2026-09-02T13:00:00Z,CDU-B3,HALL-B,24.54,24.68,24.86,1806.0,1781.0,181.2,38.9,19.9,21.78,300.0,12.5,0.0,82.3,19.7,93.0,21.72,0,0
2026-09-02T14:00:00Z,CDU-B3,HALL-B,24.6,24.87,24.98,1794.0,1791.0,178.9,45.7,19.9,22.04,300.0,12.5,0.0,81.7,19.4,93.0,21.29,0,0
2026-09-02T15:00:00Z,CDU-B3,HALL-B,24.8,24.91,25.14,1800.0,1791.0,180.0,41.0,19.8,21.76,300.0,12.6,0.0,82.0,19.5,93.0,21.5,0,0
2026-09-02T16:00:00Z,CDU-B3,HALL-B,25.0,25.03,25.15,1806.0,1796.0,181.2,18.5,20.2,21.09,300.0,12.5,0.0,82.3,19.7,93.0,21.71,0,0
2026-09-02T17:00:00Z,CDU-B3,HALL-B,24.72,24.83,25.02,1793.0,1782.0,178.6,36.0,20.3,22.01,300.0,12.4,0.0,81.7,19.4,93.0,21.25,0,0
2026-09-02T18:00:00Z,CDU-B3,HALL-B,25.05,25.08,25.07,1797.0,1762.0,179.4,1.8,20.0,20.1,300.0,12.5,0.0,81.8,19.5,93.0,21.4,0,0
2026-09-02T19:00:00Z,CDU-B3,HALL-B,24.77,24.94,25.12,1798.0,1794.0,179.6,42.2,19.9,21.93,300.0,12.5,0.0,81.9,19.5,93.0,21.43,0,0
2026-09-02T20:00:00Z,CDU-B3,HALL-B,24.65,24.87,25.16,1787.0,1767.0,177.4,60.8,19.8,22.65,306.0,12.7,0.0,81.4,19.3,93.0,21.04,0,0
2026-09-02T21:00:00Z,CDU-B3,HALL-B,24.9,24.94,25.04,1801.0,1799.0,180.2,17.0,20.2,21.01,300.0,12.5,0.0,82.0,19.6,93.0,21.55,0,0
2026-09-02T22:00:00Z,CDU-B3,HALL-B,24.71,24.76,24.95,1805.0,1789.0,181.0,28.3,20.0,21.36,300.0,12.5,0.0,82.2,19.7,93.0,21.68,0,0
2026-09-02T23:00:00Z,CDU-B3,HALL-B,24.86,24.91,25.04,1782.0,1780.0,176.4,21.4,19.8,20.82,300.0,12.5,0.0,81.2,19.2,93.0,20.87,0,0
2026-09-03T00:00:00Z,CDU-B3,HALL-B,24.84,24.95,25.09,1787.0,1779.0,177.4,29.7,20.1,21.54,300.0,12.5,0.0,81.4,19.3,93.0,21.05,0,0
2026-09-03T01:00:00Z,CDU-B3,HALL-B,24.99,25.23,25.11,1798.0,1779.0,179.6,14.5,19.9,20.56,300.0,12.6,0.0,81.9,19.5,93.0,21.43,0,0
2026-09-03T02:00:00Z,CDU-B3,HALL-B,25.0,25.1,25.2,1796.0,1773.0,179.2,23.9,20.1,21.22,300.0,12.6,0.0,81.8,19.5,93.0,21.36,0,0
2026-09-03T03:00:00Z,CDU-B3,HALL-B,25.15,25.27,25.23,1812.0,1806.0,182.4,9.8,19.9,20.41,300.0,12.5,0.0,82.5,19.8,93.0,21.93,0,0
2026-09-03T04:00:00Z,CDU-B3,HALL-B,25.12,25.17,25.21,1809.0,1807.0,181.9,11.0,20.1,20.56,300.0,12.5,0.0,82.4,19.8,93.0,21.83,0,0
2026-09-03T05:00:00Z,CDU-B3,HALL-B,25.16,25.31,25.27,1791.0,1775.0,178.3,12.7,20.1,20.72,300.0,12.4,0.0,81.6,19.4,93.0,21.2,0,0
2026-09-03T06:00:00Z,CDU-B3,HALL-B,24.97,25.11,25.18,1815.0,1808.0,183.0,26.1,20.0,21.27,300.0,12.6,0.0,82.7,19.9,93.0,22.04,0,0
2026-09-03T07:00:00Z,CDU-B3,HALL-B,25.19,25.31,25.32,1792.0,1785.0,178.4,15.8,20.0,20.72,300.0,12.5,0.0,81.6,19.4,93.0,21.22,0,0
2026-09-03T08:00:00Z,CDU-B3,HALL-B,25.39,25.53,25.32,1800.0,1793.0,180.0,-8.3,20.2,20.24,300.0,12.5,0.0,82.0,19.6,93.0,21.51,0,0
2026-09-03T09:00:00Z,CDU-B3,HALL-B,25.54,25.55,25.3,1802.0,1800.0,180.5,-28.6,20.0,20.0,300.0,12.5,0.0,82.1,19.6,93.0,21.57,0,0
2026-09-03T10:00:00Z,CDU-B3,HALL-B,25.49,25.59,25.07,1810.0,1802.0,182.0,-51.0,20.1,20.1,300.0,12.5,0.0,82.5,19.8,93.0,21.85,0,0
2026-09-03T11:00:00Z,CDU-B3,HALL-B,25.61,25.78,24.94,1812.0,1785.0,182.4,-81.4,20.0,20.0,300.0,12.5,0.0,82.5,19.8,93.0,21.93,0,0
2026-09-03T12:00:00Z,CDU-B3,HALL-B,25.66,25.67,24.84,1785.0,1764.0,177.0,-97.6,20.2,20.2,300.0,12.5,0.0,81.3,19.3,93.0,20.98,0,0
2026-09-03T13:00:00Z,CDU-B3,HALL-B,25.18,25.41,24.64,1799.0,1792.0,179.8,-64.5,19.9,19.9,300.0,12.5,0.0,82.0,19.6,93.0,21.46,0,0
2026-09-03T14:00:00Z,CDU-B3,HALL-B,24.79,24.97,24.49,1792.0,1777.0,178.4,-35.6,19.9,19.9,300.0,12.4,0.0,81.7,19.4,93.0,21.22,0,0
2026-09-03T15:00:00Z,CDU-B3,HALL-B,24.96,25.01,24.57,1794.0,1776.0,178.8,-46.6,19.8,19.8,300.0,12.5,0.0,81.7,19.5,93.0,21.3,0,0
2026-09-03T16:00:00Z,CDU-B3,HALL-B,24.93,25.14,24.55,1790.0,1768.0,178.1,-45.5,19.9,19.9,300.0,12.5,0.0,81.6,19.4,93.0,21.16,0,0
2026-09-03T17:00:00Z,CDU-B3,HALL-B,24.71,24.8,24.62,1813.0,1798.0,182.7,-10.4,19.9,19.9,300.0,12.5,0.0,82.6,19.9,93.0,21.96,0,0
2026-09-03T18:00:00Z,CDU-B3,HALL-B,24.81,25.09,24.57,1808.0,1804.0,181.5,-28.8,20.2,20.2,300.0,12.5,0.0,82.3,19.8,93.0,21.78,0,0
2026-09-03T19:00:00Z,CDU-B3,HALL-B,24.88,25.05,24.6,1810.0,1806.0,182.0,-34.1,20.3,20.3,300.0,12.5,0.0,82.5,19.9,93.0,21.86,0,0
2026-09-03T20:00:00Z,CDU-B3,HALL-B,24.92,24.94,24.75,1814.0,1792.0,182.8,-21.1,20.0,20.0,300.0,12.6,0.0,82.6,19.9,93.0,21.99,0,0
2026-09-03T21:00:00Z,CDU-B3,HALL-B,24.71,24.88,24.52,1805.0,1801.0,181.0,-22.4,19.7,19.7,300.0,12.5,0.0,82.2,19.7,93.0,21.67,0,0
2026-09-03T22:00:00Z,CDU-B3,HALL-B,24.36,24.47,24.37,1801.0,1792.0,180.3,1.3,20.0,20.12,300.0,12.5,0.0,82.0,19.6,93.0,21.54,0,0
2026-09-03T23:00:00Z,CDU-B3,HALL-B,24.39,24.53,24.52,1790.0,1775.0,178.0,16.1,20.0,20.77,300.0,12.6,0.0,81.6,19.4,93.0,21.15,0,0
2026-09-04T00:00:00Z,CDU-B3,HALL-B,25.04,25.21,24.71,1800.0,1788.0,180.0,-40.0,20.2,20.2,300.0,12.5,0.0,82.0,19.6,93.0,21.5,0,0
2026-09-04T01:00:00Z,CDU-B3,HALL-B,24.98,25.27,24.8,1785.0,1766.0,177.0,-21.8,19.9,19.9,300.0,12.5,0.0,81.3,19.3,93.0,20.97,0,0
2026-09-04T02:00:00Z,CDU-B3,HALL-B,25.05,25.2,24.97,1798.0,1777.0,179.6,-9.4,19.8,19.8,300.0,12.6,0.0,81.9,19.6,93.0,21.43,0,0
2026-09-04T03:00:00Z,CDU-B3,HALL-B,25.11,25.14,25.03,1784.0,1777.0,176.9,-9.8,19.9,19.9,300.0,12.5,0.0,81.3,19.3,93.0,20.95,0,0
2026-09-04T04:00:00Z,CDU-B3,HALL-B,25.34,25.5,25.12,1790.0,1769.0,178.0,-26.6,19.9,19.9,300.0,12.5,0.0,81.5,19.4,93.0,21.14,0,0
2026-09-04T05:00:00Z,CDU-B3,HALL-B,25.01,25.4,25.1,1805.0,1783.0,180.9,10.9,19.9,20.65,300.0,12.5,0.0,82.2,19.7,93.0,21.68,0,0
2026-09-04T06:00:00Z,CDU-B3,HALL-B,24.8,24.86,25.11,1800.0,1787.0,180.0,37.5,20.0,21.81,300.0,12.5,0.0,82.0,19.6,93.0,21.5,0,0
2026-09-04T07:00:00Z,CDU-B3,HALL-B,24.72,24.85,25.04,1787.0,1777.0,177.5,37.7,19.8,21.67,300.0,12.5,0.0,81.4,19.4,93.0,21.05,0,0
2026-09-04T08:00:00Z,CDU-B3,HALL-B,25.09,25.31,25.0,1808.0,1800.0,181.5,-11.3,20.2,20.33,300.0,12.5,0.0,82.4,19.8,93.0,21.78,0,0
2026-09-04T09:00:00Z,CDU-B3,HALL-B,25.0,25.2,24.93,1784.0,1773.0,176.8,-7.8,20.2,20.25,300.0,12.5,0.0,81.2,19.3,93.0,20.94,0,0
2026-09-04T10:00:00Z,CDU-B3,HALL-B,24.95,25.04,24.8,1786.0,1779.0,177.2,-18.0,19.9,19.9,300.0,12.5,0.0,81.4,19.3,93.0,21.0,0,0
2026-09-04T11:00:00Z,CDU-B3,HALL-B,24.88,25.07,24.77,1798.0,1770.0,179.6,-12.8,19.9,19.92,300.0,12.5,0.0,81.9,19.6,93.0,21.43,0,0
2026-09-04T12:00:00Z,CDU-B3,HALL-B,25.1,25.3,24.75,1800.0,1773.0,180.1,-42.5,19.7,19.7,300.0,12.5,0.0,82.0,19.6,93.0,21.5,0,0
2026-09-04T13:00:00Z,CDU-B3,HALL-B,24.99,25.12,24.82,1800.0,1790.0,179.9,-20.5,19.7,19.7,300.0,12.5,0.0,82.0,19.7,93.0,21.5,0,0
2026-09-04T14:00:00Z,CDU-B3,HALL-B,24.68,24.78,24.79,1778.0,1768.0,175.6,12.5,19.8,20.42,300.0,12.5,0.0,81.0,19.2,93.0,20.74,0,0
2026-09-04T15:00:00Z,CDU-B3,HALL-B,24.87,24.89,24.9,1804.0,1804.0,180.8,3.3,20.0,20.17,300.0,12.5,0.0,82.1,19.7,93.0,21.64,0,0
2026-09-04T16:00:00Z,CDU-B3,HALL-B,24.95,24.95,24.91,1788.0,1756.0,177.7,-5.0,19.9,19.92,300.0,12.5,0.0,81.4,19.4,93.0,21.08,0,0
2026-09-04T17:00:00Z,CDU-B3,HALL-B,24.71,24.73,25.15,1789.0,1769.0,177.8,52.7,19.9,22.42,300.0,12.5,0.0,81.5,19.4,93.0,21.12,0,0
2026-09-04T18:00:00Z,CDU-B3,HALL-B,24.68,24.85,25.09,1795.0,1776.0,179.0,48.8,19.8,22.1,300.0,12.6,0.0,81.8,19.5,93.0,21.33,0,0
2026-09-04T19:00:00Z,CDU-B3,HALL-B,24.97,25.04,25.07,1809.0,1807.0,181.8,12.6,19.9,20.5,300.0,12.5,72.8,9.6,17.7,93.0,21.81,0,0
2026-09-04T20:00:00Z,CDU-B3,HALL-B,24.87,24.96,25.07,1809.0,1800.0,181.8,24.7,19.6,20.78,300.0,12.5,82.4,0.0,14.1,93.0,21.81,0,0
2026-09-04T21:00:00Z,CDU-B3,HALL-B,24.76,24.94,25.13,1800.0,1789.0,179.9,44.0,20.1,22.2,300.0,12.5,82.0,0.0,14.0,93.0,21.5,0,0
2026-09-04T22:00:00Z,CDU-B3,HALL-B,24.54,24.78,24.99,1812.0,1803.0,182.4,54.8,19.8,22.4,301.0,12.6,82.5,0.0,14.2,93.0,21.93,0,0
2026-09-04T23:00:00Z,CDU-B3,HALL-B,24.96,25.23,25.07,1801.0,1780.0,180.2,13.0,20.1,20.81,300.0,12.5,82.1,0.0,14.0,93.0,21.54,0,0
2026-09-05T00:00:00Z,CDU-B3,HALL-B,25.12,25.2,25.14,1776.0,1764.0,175.2,2.9,19.7,19.89,300.0,12.5,80.9,0.0,13.6,93.0,20.66,0,0
2026-09-05T01:00:00Z,CDU-B3,HALL-B,25.47,25.51,25.28,1811.0,1799.0,182.2,-22.5,20.1,20.1,300.0,12.5,82.5,0.0,14.2,93.0,21.89,0,0
2026-09-05T02:00:00Z,CDU-B3,HALL-B,25.18,25.24,25.29,1800.0,1794.0,180.0,13.7,20.1,20.8,300.0,12.5,82.0,0.0,14.0,93.0,21.51,0,0
2026-09-05T03:00:00Z,CDU-B3,HALL-B,25.35,25.57,25.21,1810.0,1805.0,182.1,-17.1,19.9,19.9,300.0,12.5,82.5,0.0,14.2,93.0,21.85,0,0
2026-09-05T04:00:00Z,CDU-B3,HALL-B,25.23,25.43,25.32,1814.0,1812.0,182.8,10.9,20.0,20.55,300.0,12.5,82.7,0.0,14.3,93.0,21.99,0,0
2026-09-05T05:00:00Z,CDU-B3,HALL-B,24.87,25.27,25.15,1804.0,1804.0,180.8,34.0,19.7,21.33,300.0,12.5,82.2,0.0,14.1,93.0,21.64,0,0
2026-09-05T06:00:00Z,CDU-B3,HALL-B,25.06,25.13,25.24,1786.0,1779.0,177.2,21.0,20.0,21.0,300.0,12.5,81.3,0.0,13.8,93.0,21.01,0,0
2026-09-05T07:00:00Z,CDU-B3,HALL-B,25.45,25.75,25.23,1798.0,1778.0,179.6,-26.6,19.8,19.89,300.0,12.5,81.9,0.0,14.0,93.0,21.43,0,0
2026-09-05T08:00:00Z,CDU-B3,HALL-B,25.41,25.6,25.26,1797.0,1793.0,179.5,-18.2,19.9,19.9,300.0,12.5,81.9,0.0,14.0,93.0,21.4,0,0
2026-09-05T09:00:00Z,CDU-B3,HALL-B,25.33,25.5,25.17,1787.0,1775.0,177.5,-18.9,20.2,20.2,300.0,12.6,81.4,0.0,13.8,93.0,21.05,0,0
2026-09-05T10:00:00Z,CDU-B3,HALL-B,25.5,25.75,25.03,1805.0,1803.0,181.0,-56.2,19.9,19.9,300.0,12.4,82.3,0.0,14.1,93.0,21.68,0,0
2026-09-05T11:00:00Z,CDU-B3,HALL-B,25.45,25.66,25.15,1804.0,1782.0,180.8,-36.4,20.1,20.1,300.0,12.4,82.2,0.0,14.1,93.0,21.64,0,0
2026-09-05T12:00:00Z,CDU-B3,HALL-B,25.16,25.44,25.25,1803.0,1797.0,180.6,10.6,20.1,20.7,300.0,12.5,82.2,0.0,14.1,93.0,21.61,0,0
2026-09-05T13:00:00Z,CDU-B3,HALL-B,25.31,25.33,25.33,1800.0,1792.0,180.0,1.9,20.3,20.42,300.0,12.5,82.0,0.0,14.0,93.0,21.51,0,0
2026-09-05T14:00:00Z,CDU-B3,HALL-B,24.96,25.15,25.4,1800.0,1782.0,179.9,52.4,19.8,22.3,300.0,12.5,82.0,0.0,14.0,93.0,21.49,0,0
2026-09-05T15:00:00Z,CDU-B3,HALL-B,25.15,25.23,25.41,1790.0,1770.0,178.0,31.6,20.0,21.51,300.0,12.5,81.5,0.0,13.9,93.0,21.15,0,0
2026-09-05T16:00:00Z,CDU-B3,HALL-B,25.18,25.31,25.31,1797.0,1771.0,179.5,15.4,20.0,20.73,300.0,12.5,81.9,0.0,14.0,93.0,21.4,0,0
2026-09-05T17:00:00Z,CDU-B3,HALL-B,25.21,25.37,25.47,1784.0,1778.0,176.8,31.5,20.0,21.46,300.0,12.4,81.3,0.0,13.8,93.0,20.94,0,0
2026-09-05T18:00:00Z,CDU-B3,HALL-B,25.1,25.16,25.51,1795.0,1789.0,179.0,49.5,19.9,22.26,300.0,12.4,81.8,0.0,14.0,93.0,21.32,0,0
2026-09-05T19:00:00Z,CDU-B3,HALL-B,25.16,25.2,25.6,1793.0,1783.0,178.7,53.1,20.1,22.68,300.0,12.5,81.7,0.0,13.9,93.0,21.25,0,0
2026-09-05T20:00:00Z,CDU-B3,HALL-B,25.12,25.36,25.59,1800.0,1775.0,180.0,56.1,20.1,22.77,301.0,12.6,82.0,0.0,14.1,93.0,21.51,0,0
2026-09-05T21:00:00Z,CDU-B3,HALL-B,25.02,25.04,25.63,1808.0,1804.0,181.6,73.7,20.3,23.59,322.0,13.4,82.4,0.0,14.2,93.0,21.78,0,0
2026-09-05T22:00:00Z,CDU-B3,HALL-B,24.69,24.85,25.71,1789.0,1781.0,177.9,121.8,20.0,23.7,470.0,19.6,81.5,0.0,13.9,93.0,21.11,0,0
2026-09-05T23:00:00Z,CDU-B3,HALL-B,24.8,24.95,25.64,1840.0,1824.0,188.1,103.6,20.1,23.65,421.0,17.5,83.8,0.0,14.7,93.0,22.94,0,0
2026-09-06T00:00:00Z,CDU-B3,HALL-B,24.88,24.94,25.44,1810.0,1808.0,182.0,67.6,20.0,23.05,314.0,13.0,82.5,0.0,14.2,93.0,21.86,0,0
2026-09-06T01:00:00Z,CDU-B3,HALL-B,24.87,24.9,25.12,1793.0,1778.0,178.6,29.7,19.8,21.23,300.0,12.5,81.7,0.0,14.0,93.0,21.26,0,0
2026-09-06T02:00:00Z,CDU-B3,HALL-B,24.91,25.13,25.21,1800.0,1591.0,180.0,36.0,19.9,21.65,300.0,12.5,80.6,1.4,14.1,93.0,21.53,0,8
2026-09-06T03:00:00Z,CDU-B3,HALL-B,24.76,24.83,25.07,1796.0,1783.0,179.2,36.6,19.9,21.62,300.0,12.5,81.8,0.0,14.0,93.0,21.36,0,60
2026-09-06T04:00:00Z,CDU-B3,HALL-B,24.88,24.88,25.13,1811.0,1802.0,182.3,30.8,19.9,21.38,300.0,12.5,82.5,0.0,14.3,93.0,21.88,0,60
2026-09-06T05:00:00Z,CDU-B3,HALL-B,24.81,24.98,25.17,1797.0,1763.0,179.4,43.3,20.0,22.05,300.0,12.5,81.9,0.0,14.0,93.0,21.4,0,60
2026-09-06T06:00:00Z,CDU-B3,HALL-B,24.89,25.0,25.24,1794.0,1781.0,178.8,42.4,20.0,22.02,301.0,12.6,81.7,0.0,14.0,93.0,21.29,0,60
2026-09-06T07:00:00Z,CDU-B3,HALL-B,24.76,24.81,25.4,1802.0,1797.0,180.3,77.3,20.1,23.35,340.0,14.2,82.1,0.0,14.1,93.0,21.57,0,60
2026-09-06T08:00:00Z,CDU-B3,HALL-B,24.62,24.81,25.34,1811.0,1785.0,182.3,87.5,19.9,23.34,364.0,15.2,82.5,12.0,14.3,93.0,22.42,0,31
2026-09-06T09:00:00Z,CDU-B3,HALL-B,25.0,25.16,25.36,1811.0,1811.0,182.2,43.7,19.9,21.97,302.0,12.6,82.5,0.0,14.3,93.0,21.89,0,0
2026-09-06T10:00:00Z,CDU-B3,HALL-B,24.96,25.28,25.28,1819.0,1796.0,183.8,38.9,19.9,21.76,300.0,12.6,82.9,0.0,14.4,93.0,22.18,0,0
2026-09-06T11:00:00Z,CDU-B3,HALL-B,24.99,25.18,25.05,1792.0,1790.0,178.4,7.5,19.9,20.31,300.0,12.5,81.7,0.0,14.0,93.0,21.22,0,0
2026-09-06T12:00:00Z,CDU-B3,HALL-B,24.98,25.0,25.09,1821.0,1796.0,184.2,13.0,20.0,20.64,300.0,12.5,82.9,0.0,14.4,93.0,22.25,0,0
2026-09-06T13:00:00Z,CDU-B3,HALL-B,24.82,25.1,25.27,1791.0,1788.0,178.2,53.3,20.1,22.57,305.0,12.7,81.6,0.0,14.0,93.0,21.18,0,0
2026-09-06T14:00:00Z,CDU-B3,HALL-B,24.84,24.9,25.33,1797.0,1793.0,179.4,58.3,20.0,22.75,300.0,12.4,81.9,0.0,14.0,93.0,21.39,0,0
2026-09-06T15:00:00Z,CDU-B3,HALL-B,25.02,25.16,25.28,1804.0,1789.0,180.9,30.8,19.9,21.35,300.0,12.5,82.2,0.0,14.2,93.0,21.64,0,0
2026-09-06T16:00:00Z,CDU-B3,HALL-B,24.98,25.06,25.15,1810.0,1797.0,181.9,20.9,20.0,20.98,300.0,12.6,82.5,0.0,14.3,93.0,21.85,0,0
2026-09-06T17:00:00Z,CDU-B3,HALL-B,25.21,25.38,25.36,1815.0,1801.0,183.0,17.8,19.9,20.8,300.0,12.5,82.7,0.0,14.4,93.0,22.04,0,0
2026-09-06T18:00:00Z,CDU-B3,HALL-B,25.1,25.1,25.56,1791.0,1773.0,178.3,55.0,20.4,23.01,300.0,12.6,81.6,0.0,14.0,93.0,21.19,0,0
2026-09-06T19:00:00Z,CDU-B3,HALL-B,25.08,25.18,25.68,1796.0,1781.0,179.2,72.2,19.9,23.32,302.0,12.6,81.8,0.0,14.0,93.0,21.37,0,0
2026-09-06T20:00:00Z,CDU-B3,HALL-B,24.76,24.93,25.61,1828.0,1821.0,185.6,103.7,19.9,23.61,402.0,16.7,83.2,0.0,14.6,93.0,22.5,0,0
2026-09-06T21:00:00Z,CDU-B3,HALL-B,24.75,25.06,25.64,1809.0,1787.0,181.9,107.9,20.1,23.64,438.0,18.3,82.4,0.0,14.3,93.0,21.83,0,0
2026-09-06T22:00:00Z,CDU-B3,HALL-B,25.09,25.46,25.99,1800.0,1797.0,179.9,108.5,20.2,23.99,413.0,17.2,82.0,0.0,14.1,93.0,21.5,0,0
2026-09-06T23:00:00Z,CDU-B3,HALL-B,25.13,25.25,25.98,1795.0,1794.0,179.0,102.3,19.8,23.98,351.0,14.6,81.8,0.0,14.0,93.0,21.32,0,0
2026-09-07T00:00:00Z,CDU-B3,HALL-B,25.06,25.15,26.13,1790.0,1781.0,178.0,128.1,20.0,24.13,446.0,18.6,81.6,0.0,14.0,93.0,21.15,0,0
2026-09-07T01:00:00Z,CDU-B3,HALL-B,24.78,24.93,25.82,1801.0,1779.0,180.2,124.9,19.7,23.82,433.0,18.1,82.1,0.0,14.1,93.0,21.53,0,0
2026-09-07T02:00:00Z,CDU-B3,HALL-B,25.0,25.12,25.66,1798.0,1794.0,179.6,79.1,20.2,23.62,334.0,13.9,81.9,0.0,14.1,93.0,21.43,0,0
2026-09-07T03:00:00Z,CDU-B3,HALL-B,25.02,25.1,25.8,1798.0,1790.0,179.6,94.0,20.0,23.8,352.0,14.7,81.9,0.0,14.1,93.0,21.43,0,0
2026-09-07T04:00:00Z,CDU-B3,HALL-B,24.91,24.98,25.8,1806.0,1793.0,181.2,106.9,20.0,23.8,404.0,16.8,82.3,0.0,14.2,93.0,21.72,0,0
2026-09-07T05:00:00Z,CDU-B3,HALL-B,24.9,25.0,25.78,1800.0,1772.0,180.0,106.3,19.8,23.78,383.0,15.9,82.0,0.0,14.1,93.0,21.49,0,0
2026-09-07T06:00:00Z,CDU-B3,HALL-B,24.88,25.04,25.58,1802.0,1797.0,180.4,84.8,19.8,23.39,336.0,14.0,82.1,0.0,14.2,93.0,21.57,0,0
2026-09-07T07:00:00Z,CDU-B3,HALL-B,25.01,25.03,25.5,1787.0,1783.0,177.4,58.3,20.0,22.77,300.0,12.5,81.4,0.0,13.9,93.0,21.05,0,0
2026-09-07T08:00:00Z,CDU-B3,HALL-B,24.89,25.04,25.67,1807.0,1805.0,181.4,94.6,20.0,23.67,367.0,15.2,82.3,0.0,14.3,93.0,21.75,0,0
2026-09-07T09:00:00Z,CDU-B3,HALL-B,24.85,24.91,25.79,1784.0,1774.0,176.8,112.6,19.8,23.79,403.0,16.8,81.3,0.0,13.9,93.0,20.94,0,0
2026-09-07T10:00:00Z,CDU-B3,HALL-B,24.95,24.98,25.69,1796.0,1786.0,179.2,88.6,20.1,23.68,353.0,14.7,81.8,0.0,14.1,93.0,21.36,0,0
2026-09-07T11:00:00Z,CDU-B3,HALL-B,25.41,25.6,25.7,1812.0,1810.0,182.5,34.5,19.9,21.53,300.0,12.4,82.6,0.0,14.4,93.0,21.93,0,0
2026-09-07T12:00:00Z,CDU-B3,HALL-B,25.61,25.69,25.6,1813.0,1804.0,182.6,-1.4,20.0,20.14,300.0,12.6,82.6,0.0,14.4,93.0,21.96,0,0
2026-09-07T13:00:00Z,CDU-B3,HALL-B,25.68,25.83,25.56,1801.0,1768.0,180.2,-14.0,20.2,20.23,300.0,12.5,82.0,0.0,14.2,93.0,21.54,0,0
2026-09-07T14:00:00Z,CDU-B3,HALL-B,25.65,25.84,25.72,1804.0,1800.0,180.8,8.4,20.3,20.76,300.0,12.5,82.2,0.0,14.3,93.0,21.64,0,0
2026-09-07T15:00:00Z,CDU-B3,HALL-B,25.27,25.4,25.67,1803.0,1794.0,180.6,47.8,20.1,22.38,300.0,12.5,82.1,0.0,14.2,93.0,21.61,0,0
2026-09-07T16:00:00Z,CDU-B3,HALL-B,25.18,25.25,25.57,1789.0,1767.0,177.8,47.0,19.7,21.94,300.0,12.5,81.5,0.0,14.0,93.0,21.11,0,0
2026-09-07T17:00:00Z,CDU-B3,HALL-B,24.93,25.03,25.36,1797.0,1785.0,179.3,52.0,19.8,22.26,301.0,12.6,81.9,0.0,14.1,93.0,21.4,0,0
2026-09-07T18:00:00Z,CDU-B3,HALL-B,24.52,24.73,25.36,1815.0,1813.0,183.0,101.6,20.1,23.36,449.0,18.7,82.7,0.0,14.4,93.0,22.03,0,0
2026-09-07T19:00:00Z,CDU-B3,HALL-B,24.75,24.75,25.46,1802.0,1799.0,180.4,85.4,20.1,23.45,363.0,15.1,82.1,0.0,14.2,93.0,21.56,0,0
2026-09-07T20:00:00Z,CDU-B3,HALL-B,24.89,25.05,25.66,1791.0,1784.0,178.3,92.3,19.9,23.64,351.0,14.6,81.6,0.0,14.0,93.0,21.17,0,0
2026-09-07T21:00:00Z,CDU-B3,HALL-B,24.86,24.91,25.61,1801.0,1779.0,180.2,89.7,20.0,23.59,357.0,14.8,82.0,0.0,14.2,93.0,21.54,0,0
2026-09-07T22:00:00Z,CDU-B3,HALL-B,24.78,24.86,25.41,1804.0,1798.0,180.8,75.5,19.8,23.25,313.0,13.1,82.1,0.0,14.2,93.0,21.64,0,0
2026-09-07T23:00:00Z,CDU-B3,HALL-B,24.83,24.99,25.67,1825.0,1820.0,185.0,102.0,20.2,23.66,421.0,17.6,83.2,0.0,14.6,93.0,22.39,0,0
2026-09-08T00:00:00Z,CDU-B3,HALL-B,24.5,24.52,25.71,1786.0,1782.0,177.2,144.9,19.8,23.71,530.0,22.0,81.4,0.0,14.0,93.0,21.01,0,0
2026-09-08T01:00:00Z,CDU-B3,HALL-B,24.35,24.41,25.63,1790.0,1763.0,178.0,153.0,19.9,23.63,589.0,24.6,81.5,0.0,14.0,93.0,21.16,0,0
2026-09-08T02:00:00Z,CDU-B3,HALL-B,24.78,24.84,25.74,1802.0,1775.0,180.5,115.8,19.8,23.75,423.0,17.6,82.1,0.0,14.2,93.0,21.58,0,0
2026-09-08T03:00:00Z,CDU-B3,HALL-B,24.98,25.0,25.62,1803.0,1794.0,180.6,77.7,19.8,23.42,308.0,12.8,82.2,0.0,14.2,93.0,21.61,0,0
2026-09-08T04:00:00Z,CDU-B3,HALL-B,25.05,25.14,25.81,1814.0,1789.0,182.8,92.4,20.1,23.81,357.0,14.8,82.6,0.0,14.4,93.0,22.01,0,0
2026-09-08T05:00:00Z,CDU-B3,HALL-B,24.77,24.77,25.73,1788.0,1784.0,177.6,115.1,19.9,23.73,429.0,17.8,81.5,0.0,14.0,93.0,21.08,0,0
2026-09-08T06:00:00Z,CDU-B3,HALL-B,24.7,24.91,25.63,1814.0,1795.0,182.8,113.1,20.1,23.63,459.0,19.1,82.6,0.0,14.4,93.0,22.0,0,0
2026-09-08T07:00:00Z,CDU-B3,HALL-B,24.74,24.79,25.54,1800.0,1771.0,180.0,95.6,19.9,23.51,380.0,15.9,82.0,0.0,14.2,93.0,21.49,0,0
2026-09-08T08:00:00Z,CDU-B3,HALL-B,25.13,25.24,25.53,1820.0,1814.0,184.0,48.7,19.8,22.15,300.0,12.5,82.9,0.0,14.5,93.0,22.22,0,0
2026-09-08T09:00:00Z,CDU-B3,HALL-B,25.12,25.18,25.69,1785.0,1785.0,177.0,68.2,20.0,23.24,301.0,12.5,81.3,0.0,14.0,93.0,20.97,0,0
2026-09-08T10:00:00Z,CDU-B3,HALL-B,25.18,25.25,25.81,1803.0,1790.0,180.6,75.3,19.9,23.46,300.0,12.4,82.1,0.0,14.3,93.0,21.61,0,0
2026-09-08T11:00:00Z,CDU-B3,HALL-B,25.15,25.32,25.78,1786.0,1783.0,177.2,75.2,20.1,23.61,309.0,12.9,81.4,0.0,14.0,93.0,21.01,0,0
2026-09-08T12:00:00Z,CDU-B3,HALL-B,25.32,25.33,25.77,1804.0,1779.0,180.8,54.0,19.9,22.47,300.0,12.5,82.2,0.0,14.3,93.0,21.66,0,0
2026-09-08T13:00:00Z,CDU-B3,HALL-B,24.71,24.82,25.65,1793.0,1782.0,178.6,112.3,19.9,23.65,430.0,17.9,81.7,0.0,14.1,93.0,21.27,0,0
2026-09-08T14:00:00Z,CDU-B3,HALL-B,24.72,24.77,25.79,1803.0,1784.0,180.6,128.8,20.2,23.79,513.0,21.5,82.1,0.0,14.3,93.0,21.61,0,0
2026-09-08T15:00:00Z,CDU-B3,HALL-B,24.77,24.88,25.91,1799.0,1778.0,179.8,137.0,19.8,23.9,477.0,19.8,82.0,0.0,14.2,93.0,21.47,0,0
2026-09-08T16:00:00Z,CDU-B3,HALL-B,24.55,24.62,25.88,1808.0,1805.0,181.6,160.2,20.0,23.88,595.0,24.8,82.4,0.0,14.4,93.0,21.79,0,0
2026-09-08T17:00:00Z,CDU-B3,HALL-B,24.59,24.64,25.82,1797.0,1793.0,179.4,147.3,20.1,23.82,568.0,23.7,81.9,0.0,14.2,93.0,21.4,0,0
2026-09-08T18:00:00Z,CDU-B3,HALL-B,24.61,24.65,25.61,1824.0,1817.0,184.8,122.0,20.1,23.61,499.0,20.8,83.1,0.0,14.6,93.0,22.36,0,0
2026-09-08T19:00:00Z,CDU-B3,HALL-B,25.2,25.31,25.94,1808.0,1806.0,181.6,89.2,19.9,23.92,318.0,13.2,82.4,0.0,14.4,93.0,21.79,0,0
2026-09-08T20:00:00Z,CDU-B3,HALL-B,25.29,25.35,25.93,1802.0,1789.0,180.4,76.5,19.8,23.45,300.0,12.5,82.1,0.0,14.3,93.0,21.57,0,0
2026-09-08T21:00:00Z,CDU-B3,HALL-B,25.34,25.42,25.74,1795.0,1791.0,178.9,48.5,20.2,22.47,300.0,12.5,81.8,0.0,14.2,93.0,21.32,0,0
2026-09-08T22:00:00Z,CDU-B3,HALL-B,25.28,25.73,25.55,1779.0,1765.0,175.8,31.9,20.2,21.76,300.0,12.5,81.0,0.0,13.9,93.0,20.77,0,0
2026-09-08T23:00:00Z,CDU-B3,HALL-B,25.03,25.06,25.42,1794.0,1785.0,178.8,47.2,20.1,22.32,300.0,12.5,81.8,0.0,14.1,93.0,21.29,0,0
2026-09-09T00:00:00Z,CDU-B3,HALL-B,25.26,25.3,25.66,1811.0,1794.0,182.2,48.6,20.2,22.51,300.0,12.5,82.5,0.0,14.4,93.0,21.89,0,0
2026-09-09T01:00:00Z,CDU-B3,HALL-B,25.37,25.51,25.7,1796.0,1788.0,179.2,40.0,19.9,21.83,300.0,12.5,81.8,0.0,14.2,93.0,21.37,0,0
2026-09-09T02:00:00Z,CDU-B3,HALL-B,25.14,25.19,25.67,1789.0,1777.0,177.8,63.1,20.1,23.09,300.0,12.5,81.5,0.0,14.1,93.0,21.11,0,0
2026-09-09T03:00:00Z,CDU-B3,HALL-B,25.08,25.22,25.54,1808.0,1794.0,181.6,55.1,20.2,22.8,302.0,12.5,82.4,0.0,14.4,93.0,21.79,0,0
2026-09-09T04:00:00Z,CDU-B3,HALL-B,24.98,25.09,25.54,1795.0,1792.0,179.0,66.7,20.1,23.22,310.0,12.9,81.8,0.0,14.2,93.0,21.33,0,0
2026-09-09T05:00:00Z,CDU-B3,HALL-B,25.13,25.13,25.7,1807.0,1793.0,181.4,68.5,19.9,23.15,305.0,12.7,82.3,0.0,14.4,93.0,21.75,0,0
2026-09-09T06:00:00Z,CDU-B3,HALL-B,25.11,25.18,25.97,1784.0,1769.0,176.9,103.0,20.1,23.97,380.0,15.8,81.3,0.0,14.0,93.0,20.94,0,0
2026-09-09T07:00:00Z,CDU-B3,HALL-B,25.35,25.67,25.8,1800.0,1799.0,179.9,54.7,19.8,22.39,300.0,12.5,82.0,0.0,14.3,93.0,21.5,0,0
2026-09-09T08:00:00Z,CDU-B3,HALL-B,25.06,25.1,25.69,1796.0,1786.0,179.2,75.6,19.9,23.44,308.0,12.8,81.8,0.0,14.2,93.0,21.35,0,0
2026-09-09T09:00:00Z,CDU-B3,HALL-B,24.98,25.17,25.43,1819.0,1814.0,183.9,54.4,19.7,22.27,300.0,12.5,82.9,0.0,14.6,93.0,22.18,0,0
2026-09-09T10:00:00Z,CDU-B3,HALL-B,24.97,25.03,25.76,1788.0,1779.0,177.6,94.1,19.9,23.73,350.0,14.6,81.5,0.0,14.1,93.0,21.09,0,0
2026-09-09T11:00:00Z,CDU-B3,HALL-B,24.94,24.97,25.82,1791.0,1790.0,178.1,105.2,19.9,23.82,384.0,16.0,81.6,0.0,14.1,93.0,21.19,0,0
2026-09-09T12:00:00Z,CDU-B3,HALL-B,24.94,24.96,25.69,1795.0,1787.0,179.0,89.7,20.1,23.69,360.0,15.0,81.8,0.0,14.2,93.0,21.33,0,0
2026-09-09T13:00:00Z,CDU-B3,HALL-B,24.77,24.85,25.56,1807.0,1806.0,181.4,95.1,20.0,23.55,382.0,16.0,82.3,0.0,14.4,93.0,21.75,0,0
2026-09-09T14:00:00Z,CDU-B3,HALL-B,24.88,25.0,25.5,1807.0,1797.0,181.4,74.5,20.0,23.35,318.0,13.2,82.3,0.0,14.4,93.0,21.75,0,0
2026-09-09T15:00:00Z,CDU-B3,HALL-B,24.75,24.83,25.68,1810.0,1805.0,182.0,113.0,19.9,23.68,425.0,17.7,82.5,0.0,14.4,93.0,21.85,0,0
2026-09-09T16:00:00Z,CDU-B3,HALL-B,24.73,24.82,25.88,1800.0,1793.0,180.1,138.3,19.8,23.89,489.0,20.3,82.0,0.0,14.3,93.0,21.49,0,0
2026-09-09T17:00:00Z,CDU-B3,HALL-B,24.99,25.07,25.87,1799.0,1793.0,179.8,106.3,20.0,23.88,395.0,16.5,82.0,0.0,14.3,93.0,21.47,0,0
2026-09-09T18:00:00Z,CDU-B3,HALL-B,24.84,24.85,25.67,1807.0,1806.0,181.5,99.9,19.8,23.66,370.0,15.4,82.3,0.0,14.4,93.0,21.75,0,0
2026-09-09T19:00:00Z,CDU-B3,HALL-B,24.82,25.0,25.58,1776.0,1770.0,175.3,89.8,20.0,23.55,361.0,15.1,80.9,0.0,13.9,93.0,20.66,0,0
2026-09-09T20:00:00Z,CDU-B3,HALL-B,24.88,25.18,25.83,1788.0,1787.0,177.5,113.1,20.0,23.83,424.0,17.7,81.4,0.0,14.1,93.0,21.08,0,0
2026-09-09T21:00:00Z,CDU-B3,HALL-B,25.23,25.25,26.32,1809.0,1806.0,181.8,131.4,20.0,24.32,436.0,18.2,82.4,0.0,14.5,93.0,21.81,0,0
2026-09-09T22:00:00Z,CDU-B3,HALL-B,25.37,25.58,26.27,1801.0,1779.0,180.2,108.5,20.0,24.24,365.0,15.2,82.1,0.0,14.3,93.0,21.53,0,0
2026-09-09T23:00:00Z,CDU-B3,HALL-B,25.19,25.2,26.02,1811.0,1803.0,182.2,100.4,20.1,24.02,366.0,15.3,82.5,0.0,14.5,93.0,21.89,0,0
2026-09-10T00:00:00Z,CDU-B3,HALL-B,25.22,25.33,25.87,1809.0,1799.0,181.8,79.0,20.3,23.8,324.0,13.5,82.4,0.0,14.5,93.0,21.82,0,0
2026-09-10T01:00:00Z,CDU-B3,HALL-B,24.98,25.18,25.91,1796.0,1791.0,179.1,112.1,20.2,23.92,436.0,18.2,81.8,0.0,14.2,93.0,21.36,0,0
2026-09-10T02:00:00Z,CDU-B3,HALL-B,25.29,25.51,26.2,1802.0,1800.0,180.4,109.1,20.3,24.2,402.0,16.8,82.1,0.0,14.4,93.0,21.56,0,0
2026-09-10T03:00:00Z,CDU-B3,HALL-B,24.92,25.02,26.04,1808.0,1791.0,181.6,135.5,20.2,24.04,505.0,21.0,82.4,0.0,14.4,93.0,21.78,0,0
2026-09-10T04:00:00Z,CDU-B3,HALL-B,24.99,25.06,25.82,1796.0,1783.0,179.3,99.8,19.9,23.82,363.0,15.2,81.8,0.0,14.2,93.0,21.37,0,0
2026-09-10T05:00:00Z,CDU-B3,HALL-B,25.09,25.09,25.94,1803.0,1798.0,180.6,101.9,20.1,23.94,381.0,15.9,82.2,0.0,14.3,93.0,21.6,0,0
2026-09-10T06:00:00Z,CDU-B3,HALL-B,24.74,24.87,25.77,1818.0,1814.0,183.7,125.4,20.1,23.77,489.0,20.4,82.8,0.0,14.6,93.0,22.15,0,0
2026-09-10T07:00:00Z,CDU-B3,HALL-B,24.71,24.74,25.93,1812.0,1799.0,182.5,148.2,20.2,23.94,570.0,23.7,82.6,0.0,14.5,93.0,21.93,0,0
2026-09-10T08:00:00Z,CDU-B3,HALL-B,24.41,24.51,25.86,1799.0,1771.0,179.8,174.0,19.6,23.85,584.0,24.3,82.0,0.0,14.3,93.0,21.47,0,0
2026-09-10T09:00:00Z,CDU-B3,HALL-B,24.9,24.95,25.8,1813.0,1793.0,182.6,109.3,20.0,23.8,413.0,17.2,82.6,0.0,14.6,93.0,21.97,0,0
2026-09-10T10:00:00Z,CDU-B3,HALL-B,24.93,25.01,25.81,1803.0,1800.0,180.6,105.5,20.2,23.81,420.0,17.5,82.1,0.0,14.4,93.0,21.61,0,0
2026-09-10T11:00:00Z,CDU-B3,HALL-B,25.07,25.34,26.09,1803.0,1783.0,180.7,123.5,20.0,24.1,433.0,18.1,82.2,0.0,14.4,93.0,21.61,0,0
2026-09-10T12:00:00Z,CDU-B3,HALL-B,24.98,25.12,26.07,1796.0,1795.0,179.1,130.2,20.0,24.06,459.0,19.1,81.8,0.0,14.3,93.0,21.37,0,0
2026-09-10T13:00:00Z,CDU-B3,HALL-B,25.17,25.32,26.02,1795.0,1783.0,179.0,102.3,19.9,24.02,356.0,14.8,81.8,0.0,14.3,93.0,21.32,0,0
2026-09-10T14:00:00Z,CDU-B3,HALL-B,25.34,25.59,25.84,1799.0,1791.0,179.7,60.2,20.0,22.89,300.0,12.6,82.0,0.0,14.3,93.0,21.47,0,0
2026-09-10T15:00:00Z,CDU-B3,HALL-B,25.54,25.71,25.97,1797.0,1787.0,179.4,51.2,20.0,22.47,300.0,12.5,81.9,0.0,14.3,93.0,21.4,0,0
2026-09-10T16:00:00Z,CDU-B3,HALL-B,25.64,25.73,26.01,1810.0,1799.0,182.0,45.0,20.0,22.16,300.0,12.5,82.5,0.0,14.5,93.0,21.85,0,0
2026-09-10T17:00:00Z,CDU-B3,HALL-B,25.48,25.52,26.2,1807.0,1806.0,181.3,86.4,19.9,23.95,304.0,12.7,82.3,0.0,14.5,93.0,21.74,0,0
2026-09-10T18:00:00Z,CDU-B3,HALL-B,25.39,25.54,25.92,1793.0,1791.0,178.6,63.2,20.0,23.05,300.0,12.4,81.7,0.0,14.2,93.0,21.27,0,0
2026-09-10T19:00:00Z,CDU-B3,HALL-B,25.19,25.29,25.77,1811.0,1810.0,182.2,69.9,20.3,23.53,309.0,12.9,82.5,0.0,14.5,93.0,21.89,0,0
2026-09-10T20:00:00Z,CDU-B3,HALL-B,25.32,25.56,25.85,1792.0,1778.0,178.4,63.9,20.0,23.06,300.0,12.5,81.6,0.0,14.2,93.0,21.23,0,0
2026-09-10T21:00:00Z,CDU-B3,HALL-B,25.26,25.38,25.94,1794.0,1780.0,178.8,80.9,19.9,23.66,303.0,12.7,81.8,0.0,14.3,93.0,21.3,0,0
2026-09-10T22:00:00Z,CDU-B3,HALL-B,25.24,25.38,26.06,1806.0,1774.0,181.3,98.5,19.9,23.99,345.0,14.4,24.7,57.6,14.5,93.0,21.72,0,0
2026-09-10T23:00:00Z,CDU-B3,HALL-B,25.0,25.04,26.18,1789.0,1789.0,177.8,141.4,20.2,24.18,510.0,21.2,0.0,81.5,14.2,93.0,21.12,0,0
2026-09-11T00:00:00Z,CDU-B3,HALL-B,25.2,25.3,26.06,1802.0,1779.0,180.4,104.0,20.3,24.05,395.0,16.4,0.0,82.1,14.4,93.0,21.57,0,0
2026-09-11T01:00:00Z,CDU-B3,HALL-B,25.27,25.28,26.05,1801.0,1798.0,180.2,94.1,20.1,24.04,341.0,14.2,0.0,82.1,14.4,93.0,21.54,0,0
2026-09-11T02:00:00Z,CDU-B3,HALL-B,25.15,25.25,26.04,1811.0,1785.0,182.2,107.1,20.3,24.04,412.0,17.2,0.0,82.5,14.6,93.0,21.9,0,0
2026-09-11T03:00:00Z,CDU-B3,HALL-B,25.53,25.56,26.26,1793.0,1777.0,178.6,86.9,19.9,24.05,300.0,12.5,0.0,81.7,14.3,93.0,21.26,0,0
2026-09-11T04:00:00Z,CDU-B3,HALL-B,25.51,25.73,26.19,1807.0,1794.0,181.4,82.6,20.2,24.03,311.0,13.0,0.0,82.3,14.5,93.0,21.74,0,0
2026-09-11T05:00:00Z,CDU-B3,HALL-B,25.13,25.25,25.85,1793.0,1786.0,178.6,86.4,20.1,23.84,329.0,13.7,0.0,81.7,14.3,93.0,21.25,0,0
2026-09-11T06:00:00Z,CDU-B3,HALL-B,24.92,25.33,25.8,1802.0,1797.0,180.4,106.2,20.0,23.69,407.0,17.0,0.0,82.1,14.4,93.0,21.57,0,0
2026-09-11T07:00:00Z,CDU-B3,HALL-B,24.87,25.13,25.89,1811.0,1808.0,182.2,123.3,20.1,23.89,469.0,19.6,0.0,82.5,14.6,93.0,21.89,0,0
2026-09-11T08:00:00Z,CDU-B3,HALL-B,24.94,25.41,26.01,1815.0,1792.0,183.0,129.8,20.1,24.0,474.0,19.7,0.0,82.7,14.7,93.0,22.04,0,0
2026-09-11T09:00:00Z,CDU-B3,HALL-B,24.72,24.89,25.95,1811.0,1785.0,182.2,148.8,19.8,23.95,513.0,21.4,0.0,82.5,14.6,93.0,21.88,0,0
2026-09-11T10:00:00Z,CDU-B3,HALL-B,24.93,24.98,25.91,1804.0,1782.0,180.8,118.3,19.9,23.91,421.0,17.6,0.0,82.2,14.5,93.0,21.64,0,0
2026-09-11T11:00:00Z,CDU-B3,HALL-B,25.07,25.09,26.01,1794.0,1787.0,178.8,112.6,20.0,24.0,400.0,16.7,0.0,81.8,14.3,93.0,21.29,0,0
2026-09-11T12:00:00Z,CDU-B3,HALL-B,25.07,25.09,25.98,1786.0,1783.0,177.1,108.9,20.0,23.99,395.0,16.5,0.0,81.4,14.2,93.0,21.01,0,0
2026-09-11T13:00:00Z,CDU-B3,HALL-B,25.22,25.3,26.24,1800.0,1791.0,180.0,123.1,19.9,24.24,407.0,17.0,0.0,82.0,14.4,93.0,21.5,0,0
2026-09-11T14:00:00Z,CDU-B3,HALL-B,24.84,25.21,26.04,1802.0,1798.0,180.4,144.5,20.1,24.04,527.0,22.0,0.0,82.1,14.4,93.0,21.58,0,0
2026-09-11T15:00:00Z,CDU-B3,HALL-B,24.72,24.72,25.96,1794.0,1785.0,178.8,148.5,20.1,23.96,553.0,23.0,0.0,81.7,14.3,93.0,21.29,0,0
2026-09-11T16:00:00Z,CDU-B3,HALL-B,24.81,25.05,25.97,1789.0,1763.0,177.9,138.7,20.1,23.97,515.0,21.5,0.0,81.5,14.2,93.0,21.12,0,0
2026-09-11T17:00:00Z,CDU-B3,HALL-B,24.79,24.88,26.11,1792.0,1781.0,178.4,157.5,19.9,24.1,536.0,22.3,0.0,81.6,14.3,93.0,21.23,0,0
2026-09-11T18:00:00Z,CDU-B3,HALL-B,25.06,25.17,26.32,1801.0,1797.0,180.2,151.4,20.1,24.32,515.0,21.4,0.0,82.1,14.4,93.0,21.54,0,0
2026-09-11T19:00:00Z,CDU-B3,HALL-B,25.28,25.52,26.24,1804.0,1793.0,180.8,116.2,20.1,24.22,403.0,16.8,0.0,82.2,14.5,93.0,21.64,0,0
2026-09-11T20:00:00Z,CDU-B3,HALL-B,25.24,25.38,26.15,1796.0,1786.0,179.2,108.8,20.0,24.15,378.0,15.6,0.0,81.8,14.3,93.0,21.35,0,0
2026-09-11T21:00:00Z,CDU-B3,HALL-B,25.5,25.72,26.16,1799.0,1777.0,179.8,79.7,20.1,23.79,311.0,12.9,0.0,81.9,14.4,93.0,21.47,0,0
2026-09-11T22:00:00Z,CDU-B3,HALL-B,25.3,25.68,26.01,1791.0,1790.0,178.1,85.4,20.0,23.59,339.0,14.1,0.0,81.6,14.3,93.0,21.19,0,0
2026-09-11T23:00:00Z,CDU-B3,HALL-B,25.08,25.41,26.19,1788.0,1780.0,177.6,132.7,20.0,24.19,455.0,19.0,0.0,81.5,14.2,93.0,21.08,0,0
2026-09-12T00:00:00Z,CDU-B3,HALL-B,25.48,25.6,26.47,1796.0,1795.0,179.2,118.3,19.8,24.47,364.0,15.2,0.0,81.8,14.4,93.0,21.36,0,0
2026-09-12T01:00:00Z,CDU-B3,HALL-B,25.15,25.15,26.35,1796.0,1790.0,179.2,143.5,20.0,24.34,472.0,19.6,0.0,81.8,14.4,93.0,21.36,0,0
2026-09-12T02:00:00Z,CDU-B3,HALL-B,25.19,25.49,26.2,1786.0,1783.0,177.2,120.7,20.0,24.19,409.0,17.1,0.0,81.4,14.2,93.0,21.02,0,0
2026-09-12T03:00:00Z,CDU-B3,HALL-B,24.88,25.04,26.07,1797.0,1795.0,179.4,142.6,19.8,24.06,479.0,20.0,0.0,81.9,14.4,93.0,21.39,0,0
2026-09-12T04:00:00Z,CDU-B3,HALL-B,25.03,25.16,26.24,1798.0,1792.0,179.7,144.8,20.2,24.24,515.0,21.5,0.0,81.9,14.4,93.0,21.42,0,0
2026-09-12T05:00:00Z,CDU-B3,HALL-B,24.97,25.05,26.12,1789.0,1772.0,177.9,136.9,20.2,24.12,503.0,21.0,0.0,81.5,14.3,93.0,21.12,0,0
2026-09-12T06:00:00Z,CDU-B3,HALL-B,25.32,25.33,26.22,1801.0,1791.0,180.1,107.7,19.7,24.21,344.0,14.4,0.0,82.0,14.5,93.0,21.54,0,0
2026-09-12T07:00:00Z,CDU-B3,HALL-B,25.21,25.35,26.27,1804.0,1783.0,180.8,127.8,19.8,24.27,409.0,17.0,0.0,82.2,14.5,93.0,21.65,0,0
2026-09-12T08:00:00Z,CDU-B3,HALL-B,25.13,25.27,26.27,1800.0,1793.0,180.0,137.2,20.0,24.27,462.0,19.2,0.0,82.0,14.5,93.0,21.5,0,0
2026-09-12T09:00:00Z,CDU-B3,HALL-B,25.26,25.35,26.39,1789.0,1761.0,177.8,134.9,20.0,24.39,441.0,18.4,0.0,81.5,14.3,93.0,21.12,0,0
2026-09-12T10:00:00Z,CDU-B3,HALL-B,25.13,25.15,26.34,1796.0,1779.0,179.2,145.3,20.0,24.34,479.0,20.0,0.0,81.8,14.4,93.0,21.35,0,0
2026-09-12T11:00:00Z,CDU-B3,HALL-B,25.03,25.1,26.18,1799.0,1798.0,179.8,137.7,20.2,24.18,498.0,20.7,0.0,82.0,14.5,93.0,21.46,0,0
2026-09-12T12:00:00Z,CDU-B3,HALL-B,25.22,25.34,26.26,1807.0,1789.0,181.4,126.1,20.1,24.26,433.0,18.1,0.0,82.3,14.6,93.0,21.76,0,0
2026-09-12T13:00:00Z,CDU-B3,HALL-B,25.12,25.24,26.24,1802.0,1781.0,180.4,134.5,19.9,24.23,444.0,18.5,0.0,82.1,14.5,93.0,21.58,0,0
2026-09-12T14:00:00Z,CDU-B3,HALL-B,24.91,24.95,26.12,1792.0,1784.0,178.4,144.8,20.1,24.12,517.0,21.5,0.0,81.7,14.3,93.0,21.22,0,0
2026-09-12T15:00:00Z,CDU-B3,HALL-B,25.01,25.11,26.34,1807.0,1793.0,181.3,160.2,19.9,24.35,520.0,21.7,0.0,82.3,14.6,93.0,21.75,0,0
2026-09-12T16:00:00Z,CDU-B3,HALL-B,24.68,24.71,26.1,1799.0,1782.0,179.8,170.5,20.2,24.09,626.0,26.1,0.0,81.9,14.4,93.0,21.47,0,0
2026-09-12T17:00:00Z,CDU-B3,HALL-B,24.64,24.76,26.03,1788.0,1778.0,177.7,165.7,20.2,24.02,621.0,25.9,0.0,81.5,14.3,93.0,21.08,0,0
2026-09-12T18:00:00Z,CDU-B3,HALL-B,24.91,25.08,26.08,1820.0,1812.0,184.0,142.2,19.8,24.07,476.0,19.9,0.0,82.9,14.8,93.0,22.21,0,0
2026-09-12T19:00:00Z,CDU-B3,HALL-B,24.68,24.99,25.96,1785.0,1775.0,177.0,152.4,20.0,23.96,555.0,23.1,0.0,81.3,14.2,93.0,20.98,0,0
2026-09-12T20:00:00Z,CDU-B3,HALL-B,24.66,24.94,25.82,1796.0,1790.0,179.2,139.1,20.2,23.82,552.0,23.0,0.0,81.8,14.4,93.0,21.36,0,0
2026-09-12T21:00:00Z,CDU-B3,HALL-B,24.2,24.21,25.59,1796.0,1769.0,179.2,166.8,20.0,23.59,666.0,27.7,0.0,81.8,14.4,93.0,21.36,0,0
2026-09-12T22:00:00Z,CDU-B3,HALL-B,24.2,24.21,25.59,1804.0,1802.0,180.8,167.3,19.9,23.58,649.0,27.0,0.0,82.2,14.6,93.0,21.63,0,0
2026-09-12T23:00:00Z,CDU-B3,HALL-B,24.32,24.43,25.73,1806.0,1784.0,181.2,169.8,19.9,23.72,636.0,26.5,0.0,82.3,14.6,93.0,21.72,0,0
2026-09-13T00:00:00Z,CDU-B3,HALL-B,24.08,24.35,25.85,1798.0,1797.0,179.5,212.8,20.0,23.85,793.0,33.0,0.0,81.9,14.5,93.0,21.43,0,0
2026-09-13T01:00:00Z,CDU-B3,HALL-B,24.08,24.27,25.78,1794.0,1784.0,178.8,204.2,19.8,23.78,734.0,30.6,0.0,81.7,14.4,93.0,21.29,0,0
2026-09-13T02:00:00Z,CDU-B3,HALL-B,24.27,24.4,25.91,1804.0,1803.0,180.8,197.4,20.0,23.91,726.0,30.3,0.0,82.2,14.6,93.0,21.65,0,0
2026-09-13T03:00:00Z,CDU-B3,HALL-B,24.59,24.93,26.06,1798.0,1772.0,179.5,176.1,20.0,24.05,623.0,26.0,0.0,81.9,14.5,93.0,21.42,0,0
2026-09-13T04:00:00Z,CDU-B3,HALL-B,24.63,24.79,26.03,1805.0,1804.0,181.0,169.2,20.1,24.03,618.0,25.7,0.0,82.2,14.6,93.0,21.68,0,0
2026-09-13T05:00:00Z,CDU-B3,HALL-B,25.11,25.18,26.22,1807.0,1801.0,181.4,134.0,20.1,24.22,466.0,19.4,0.0,82.3,14.6,93.0,21.75,0,0
2026-09-13T06:00:00Z,CDU-B3,HALL-B,24.94,24.95,26.23,1800.0,1799.0,180.0,155.7,20.1,24.23,539.0,22.4,0.0,82.0,14.5,93.0,21.49,0,0
2026-09-13T07:00:00Z,CDU-B3,HALL-B,24.75,25.02,26.26,1793.0,1782.0,178.6,180.5,20.3,24.25,653.0,27.1,0.0,81.7,14.4,93.0,21.25,0,0
2026-09-13T08:00:00Z,CDU-B3,HALL-B,24.65,24.81,26.25,1788.0,1774.0,177.7,190.8,20.0,24.25,645.0,26.8,0.0,81.5,14.3,93.0,21.09,0,0
2026-09-13T09:00:00Z,CDU-B3,HALL-B,24.36,24.39,26.24,1806.0,1773.0,181.2,227.2,20.0,24.25,768.0,32.0,0.0,82.3,14.6,93.0,21.72,0,0
2026-09-13T10:00:00Z,CDU-B3,HALL-B,24.22,24.35,26.38,1787.0,1779.0,177.4,258.0,19.9,24.38,825.0,34.3,0.0,81.4,14.3,93.0,21.04,0,0
2026-09-13T11:00:00Z,CDU-B3,HALL-B,24.49,24.56,26.28,1809.0,1787.0,181.9,215.8,20.0,24.28,726.0,30.2,0.0,82.4,14.7,93.0,21.82,0,0
2026-09-13T12:00:00Z,CDU-B3,HALL-B,24.41,24.42,26.27,1800.0,1795.0,180.0,224.1,20.0,24.28,755.0,31.4,0.0,82.0,14.5,93.0,21.5,0,0
2026-09-13T13:00:00Z,CDU-B3,HALL-B,24.42,24.53,26.12,1812.0,1793.0,182.4,205.2,20.2,24.11,752.0,31.3,0.0,82.6,14.7,93.0,21.93,0,0
2026-09-13T14:00:00Z,CDU-B3,HALL-B,24.45,24.48,26.04,1803.0,1800.0,180.6,191.0,20.0,24.03,678.0,28.3,0.0,82.2,14.6,93.0,21.63,0,0
2026-09-13T15:00:00Z,CDU-B3,HALL-B,24.68,24.79,26.2,1806.0,1800.0,181.2,183.3,20.1,24.2,642.0,26.8,0.0,82.3,14.6,93.0,21.71,0,0
2026-09-13T16:00:00Z,CDU-B3,HALL-B,24.88,25.01,26.38,1800.0,1788.0,180.0,180.8,20.2,24.39,621.0,25.9,0.0,82.0,14.5,93.0,21.5,0,0
2026-09-13T17:00:00Z,CDU-B3,HALL-B,24.94,25.18,26.45,1811.0,1806.0,182.2,182.8,20.0,24.45,590.0,24.6,0.0,82.5,14.7,93.0,21.89,0,0
2026-09-13T18:00:00Z,CDU-B3,HALL-B,25.21,25.37,26.42,1806.0,1791.0,181.3,146.2,20.2,24.42,497.0,20.7,0.0,82.3,14.6,93.0,21.72,0,0
2026-09-13T19:00:00Z,CDU-B3,HALL-B,25.19,25.26,26.24,1799.0,1793.0,179.8,125.7,20.2,24.23,444.0,18.5,0.0,82.0,14.5,93.0,21.47,0,0
2026-09-13T20:00:00Z,CDU-B3,HALL-B,25.57,25.77,26.68,1800.0,1793.0,180.0,133.3,19.8,24.68,392.0,16.4,0.0,82.0,14.5,93.0,21.5,0,0
2026-09-13T21:00:00Z,CDU-B3,HALL-B,25.12,25.18,26.55,1791.0,1776.0,178.2,170.6,20.0,24.55,539.0,22.5,0.0,81.6,14.4,93.0,21.18,0,0
2026-09-13T22:00:00Z,CDU-B3,HALL-B,25.08,25.34,26.54,1798.0,1797.0,179.7,175.1,19.9,24.54,543.0,22.6,0.0,81.9,14.5,93.0,21.44,0,0
2026-09-13T23:00:00Z,CDU-B3,HALL-B,25.24,25.49,26.65,1797.0,1773.0,179.4,169.0,20.1,24.64,532.0,22.2,0.0,81.9,14.5,93.0,21.39,0,0
2026-09-14T00:00:00Z,CDU-B3,HALL-B,25.32,25.46,26.52,1802.0,1777.0,180.4,144.2,20.1,24.51,466.0,19.4,0.0,82.1,14.6,93.0,21.57,0,0
2026-09-14T01:00:00Z,CDU-B3,HALL-B,25.41,25.46,26.76,1789.0,1783.0,177.9,161.5,19.9,24.76,477.0,19.9,0.0,81.5,14.4,93.0,21.12,0,0
2026-09-14T02:00:00Z,CDU-B3,HALL-B,25.08,25.1,26.67,1800.0,1800.0,180.0,191.6,19.9,24.68,576.0,24.0,0.0,82.0,14.6,93.0,21.51,0,0
2026-09-14T03:00:00Z,CDU-B3,HALL-B,24.97,24.98,26.61,1808.0,1797.0,181.6,198.1,20.2,24.61,644.0,26.8,0.0,82.4,14.7,93.0,21.79,0,0
2026-09-14T04:00:00Z,CDU-B3,HALL-B,25.05,25.14,26.71,1800.0,1792.0,180.1,199.3,20.0,24.7,607.0,25.3,0.0,82.0,14.5,93.0,21.5,0,0
2026-09-14T05:00:00Z,CDU-B3,HALL-B,25.19,25.25,26.53,1784.0,1766.0,176.8,160.1,19.9,24.54,496.0,20.7,0.0,81.3,14.3,93.0,20.95,0,0
2026-09-14T06:00:00Z,CDU-B3,HALL-B,25.17,25.23,26.84,1808.0,1799.0,181.6,201.5,20.0,24.83,596.0,24.9,0.0,82.4,14.7,93.0,21.79,0,0
2026-09-14T07:00:00Z,CDU-B3,HALL-B,24.7,24.74,26.61,1793.0,1770.0,178.6,228.7,20.0,24.61,712.0,29.6,0.0,81.7,14.4,93.0,21.25,0,0
2026-09-14T08:00:00Z,CDU-B3,HALL-B,24.74,24.79,26.58,1810.0,1785.0,182.0,222.0,19.9,24.57,680.0,28.3,0.0,82.4,14.7,93.0,21.86,0,0
2026-09-14T09:00:00Z,CDU-B3,HALL-B,24.62,24.68,26.59,1798.0,1777.0,179.7,237.1,20.0,24.59,740.0,30.9,0.0,81.9,14.5,93.0,21.44,0,0
2026-09-14T10:00:00Z,CDU-B3,HALL-B,24.6,24.61,26.23,1798.0,1771.0,179.6,195.4,20.0,24.22,662.0,27.6,0.0,81.9,14.6,93.0,21.43,0,0
2026-09-14T11:00:00Z,CDU-B3,HALL-B,24.73,24.74,26.43,1801.0,1800.0,180.3,205.2,19.8,24.43,634.0,26.4,0.0,82.0,14.6,93.0,21.54,0,0
2026-09-14T12:00:00Z,CDU-B3,HALL-B,25.17,25.2,26.45,1806.0,1795.0,181.2,154.1,20.2,24.45,521.0,21.7,0.0,82.2,14.7,93.0,21.73,0,0
2026-09-14T13:00:00Z,CDU-B3,HALL-B,24.81,24.83,26.37,1792.0,1763.0,178.4,186.3,20.4,24.36,673.0,28.1,0.0,81.6,14.4,93.0,21.23,0,0
2026-09-14T14:00:00Z,CDU-B3,HALL-B,25.05,25.23,26.54,1809.0,1799.0,181.9,180.4,19.9,24.54,557.0,23.2,0.0,82.4,14.7,93.0,21.82,0,0
2026-09-14T15:00:00Z,CDU-B3,HALL-B,25.06,25.14,26.49,1790.0,1783.0,178.1,170.9,20.2,24.49,573.0,23.9,0.0,81.6,14.4,93.0,21.15,0,0
2026-09-14T16:00:00Z,CDU-B3,HALL-B,25.2,25.5,26.61,1800.0,1791.0,180.0,170.1,19.8,24.61,506.0,21.1,0.0,82.0,14.6,93.0,21.5,0,0
2026-09-14T17:00:00Z,CDU-B3,HALL-B,24.98,25.15,26.6,1805.0,1775.0,181.0,194.8,20.0,24.6,608.0,25.3,0.0,82.2,14.7,93.0,21.69,0,0
2026-09-14T18:00:00Z,CDU-B3,HALL-B,25.26,25.32,26.73,1795.0,1787.0,179.1,176.7,20.0,24.73,536.0,22.3,0.0,81.8,14.5,93.0,21.31,0,0
2026-09-14T19:00:00Z,CDU-B3,HALL-B,25.41,25.46,26.78,1808.0,1791.0,181.6,165.5,20.2,24.78,518.0,21.6,0.0,82.4,14.7,93.0,21.79,0,0
2026-09-14T20:00:00Z,CDU-B3,HALL-B,24.83,24.94,26.4,1806.0,1798.0,181.3,188.9,19.7,24.39,575.0,24.0,0.0,82.3,14.7,93.0,21.71,0,0
2026-09-14T21:00:00Z,CDU-B3,HALL-B,24.84,25.09,26.71,1810.0,1804.0,182.0,225.6,20.1,24.71,704.0,29.3,0.0,82.5,14.8,93.0,21.86,0,0
2026-09-14T22:00:00Z,CDU-B3,HALL-B,24.86,25.03,26.54,1784.0,1764.0,176.8,200.7,19.9,24.55,621.0,25.9,0.0,81.3,14.3,93.0,20.95,0,0
2026-09-14T23:00:00Z,CDU-B3,HALL-B,24.69,24.91,26.45,1806.0,1788.0,181.2,212.8,20.0,24.44,684.0,28.6,0.0,82.3,14.7,93.0,21.71,0,0
2026-09-15T00:00:00Z,CDU-B3,HALL-B,24.83,24.84,26.41,1808.0,1805.0,181.6,190.7,20.1,24.41,635.0,26.4,0.0,82.4,14.8,93.0,21.78,0,0
2026-09-15T01:00:00Z,CDU-B3,HALL-B,24.95,25.16,26.32,1793.0,1788.0,178.6,163.9,19.8,24.32,522.0,21.8,0.0,81.7,14.5,93.0,21.25,0,0
2026-09-15T02:00:00Z,CDU-B3,HALL-B,24.99,25.05,26.35,1812.0,1794.0,182.5,165.1,19.8,24.35,518.0,21.6,0.0,82.5,14.8,93.0,21.93,0,0
2026-09-15T03:00:00Z,CDU-B3,HALL-B,25.23,25.47,26.5,1800.0,1764.0,180.0,152.6,20.1,24.5,496.0,20.7,0.0,82.0,14.6,93.0,21.51,0,0
2026-09-15T04:00:00Z,CDU-B3,HALL-B,25.06,25.12,26.75,1797.0,1764.0,179.4,202.4,19.9,24.75,600.0,25.0,0.0,81.9,14.6,93.0,21.4,0,0
2026-09-15T05:00:00Z,CDU-B3,HALL-B,25.05,25.13,26.77,1790.0,1756.0,178.0,205.5,19.8,24.77,595.0,24.8,0.0,81.5,14.5,93.0,21.15,0,0
2026-09-15T06:00:00Z,CDU-B3,HALL-B,25.11,25.29,26.63,1794.0,1775.0,178.8,182.6,20.0,24.64,567.0,23.6,0.0,81.8,14.5,93.0,21.29,0,0
2026-09-15T07:00:00Z,CDU-B3,HALL-B,24.68,24.82,26.45,1814.0,1793.0,182.8,214.0,20.1,24.45,708.0,29.5,0.0,82.6,14.9,93.0,22.01,0,0
2026-09-15T08:00:00Z,CDU-B3,HALL-B,24.73,24.76,26.34,1792.0,1761.0,178.4,192.9,20.0,24.34,638.0,26.6,0.0,81.6,14.5,93.0,21.22,0,0
2026-09-15T09:00:00Z,CDU-B3,HALL-B,24.78,24.91,26.44,1782.0,1771.0,176.3,197.4,19.9,24.44,623.0,25.9,0.0,81.2,14.3,93.0,20.87,0,0
2026-09-15T10:00:00Z,CDU-B3,HALL-B,24.9,25.08,26.64,1802.0,1786.0,180.4,210.0,20.0,24.65,650.0,27.1,0.0,82.1,14.7,93.0,21.58,0,0
2026-09-15T11:00:00Z,CDU-B3,HALL-B,24.93,24.95,26.74,1805.0,1779.0,181.0,217.8,19.9,24.74,648.0,27.0,0.0,82.2,14.7,93.0,21.68,0,0
2026-09-15T12:00:00Z,CDU-B3,HALL-B,25.07,25.17,26.68,1804.0,1798.0,180.8,193.9,19.8,24.68,570.0,23.8,0.0,82.2,14.7,93.0,21.64,0,0
2026-09-15T13:00:00Z,CDU-B3,HALL-B,25.17,25.26,26.74,1790.0,1786.0,178.0,187.6,19.9,24.74,557.0,23.3,0.0,81.6,14.5,93.0,21.14,0,0
2026-09-15T14:00:00Z,CDU-B3,HALL-B,24.84,24.91,26.88,1811.0,1785.0,182.2,247.3,20.0,24.88,725.0,30.2,0.0,82.5,14.9,93.0,21.89,0,0
2026-09-15T15:00:00Z,CDU-B3,HALL-B,24.9,24.97,26.85,1810.0,1798.0,181.9,236.1,20.4,24.85,761.0,31.7,0.0,82.5,14.8,93.0,21.85,0,0
2026-09-15T16:00:00Z,CDU-B3,HALL-B,24.58,24.74,26.74,1798.0,1780.0,179.6,258.9,20.0,24.74,786.0,32.8,0.0,81.9,14.6,93.0,21.43,0,0
2026-09-15T17:00:00Z,CDU-B3,HALL-B,24.89,24.96,26.74,1783.0,1760.0,176.6,220.1,20.1,24.73,679.0,28.3,0.0,81.2,14.4,93.0,20.91,0,0
2026-09-15T18:00:00Z,CDU-B3,HALL-B,24.88,25.07,26.7,1816.0,1797.0,183.2,220.4,20.1,24.7,688.0,28.7,0.0,82.7,14.9,93.0,22.07,0,0
2026-09-15T19:00:00Z,CDU-B3,HALL-B,24.84,24.93,26.92,1803.0,1788.0,180.7,250.0,20.1,24.91,744.0,31.1,0.0,82.1,14.7,93.0,21.6,0,0
2026-09-15T20:00:00Z,CDU-B3,HALL-B,24.99,25.1,26.86,1788.0,1767.0,177.6,223.6,19.9,24.86,645.0,26.9,0.0,81.5,14.5,93.0,21.09,0,0
2026-09-15T21:00:00Z,CDU-B3,HALL-B,25.12,25.29,26.76,1789.0,1783.0,177.8,196.0,19.8,24.77,568.0,23.6,0.0,81.5,14.5,93.0,21.11,0,0
2026-09-15T22:00:00Z,CDU-B3,HALL-B,25.18,25.34,26.88,1777.0,1769.0,175.4,201.3,20.3,24.87,631.0,26.3,0.0,81.0,14.3,93.0,20.71,0,0
2026-09-15T23:00:00Z,CDU-B3,HALL-B,25.39,25.49,26.74,1810.0,1798.0,182.0,163.3,19.9,24.74,483.0,20.1,0.0,82.4,14.8,93.0,21.85,0,0
2026-09-16T00:00:00Z,CDU-B3,HALL-B,25.39,25.5,26.93,1784.0,1773.0,176.8,183.9,20.0,24.93,534.0,22.2,0.0,81.3,14.4,93.0,20.94,0,0
2026-09-16T01:00:00Z,CDU-B3,HALL-B,25.46,25.65,27.05,1798.0,1774.0,179.6,190.6,20.2,25.04,564.0,23.5,0.0,81.9,14.6,93.0,21.43,0,0
2026-09-16T02:00:00Z,CDU-B3,HALL-B,25.41,25.7,26.94,1783.0,1773.0,176.6,182.2,20.0,24.94,529.0,22.0,0.0,81.3,14.4,93.0,20.91,0,0
2026-09-16T03:00:00Z,CDU-B3,HALL-B,25.29,25.52,26.85,1800.0,1786.0,180.0,188.0,19.8,24.85,534.0,22.3,0.0,82.0,14.7,93.0,21.5,0,0
2026-09-16T04:00:00Z,CDU-B3,HALL-B,25.31,25.34,26.54,1812.0,1806.0,182.4,148.9,20.2,24.54,491.0,20.5,0.0,82.5,14.9,93.0,21.92,0,0
2026-09-16T05:00:00Z,CDU-B3,HALL-B,25.38,25.45,26.65,1797.0,1779.0,179.4,152.5,20.0,24.65,469.0,19.5,0.0,81.9,14.6,93.0,21.4,0,0
2026-09-16T06:00:00Z,CDU-B3,HALL-B,25.4,25.53,26.9,1809.0,1797.0,181.9,181.3,20.0,24.9,530.0,22.2,0.0,82.4,14.8,93.0,21.83,0,0
2026-09-16T07:00:00Z,CDU-B3,HALL-B,25.43,25.52,26.99,1799.0,1779.0,179.8,187.7,20.0,24.99,539.0,22.4,0.0,82.0,14.7,93.0,21.47,0,0
2026-09-16T08:00:00Z,CDU-B3,HALL-B,25.26,25.46,26.9,1800.0,1797.0,180.0,197.7,19.8,24.9,556.0,23.1,0.0,82.0,14.7,93.0,21.49,0,0
2026-09-16T09:00:00Z,CDU-B3,HALL-B,25.45,25.6,27.0,1790.0,1783.0,178.1,185.1,20.2,24.99,552.0,23.0,0.0,81.6,14.5,93.0,21.15,0,0
2026-09-16T10:00:00Z,CDU-B3,HALL-B,25.25,25.41,27.06,1792.0,1787.0,178.4,216.6,20.1,25.06,627.0,26.2,0.0,81.6,14.6,93.0,21.22,0,0
2026-09-16T11:00:00Z,CDU-B3,HALL-B,25.36,25.37,26.97,1806.0,1794.0,181.2,194.7,20.0,24.97,560.0,23.3,0.0,82.2,14.8,93.0,21.71,0,0
2026-09-16T12:00:00Z,CDU-B3,HALL-B,25.45,25.49,26.85,1793.0,1787.0,178.6,167.4,20.0,24.85,495.0,20.6,0.0,81.7,14.6,93.0,21.25,0,0
2026-09-16T13:00:00Z,CDU-B3,HALL-B,25.46,25.59,26.79,1821.0,1796.0,184.2,162.3,20.2,24.79,507.0,21.1,0.0,83.0,15.0,93.0,22.26,0,0
2026-09-16T14:00:00Z,CDU-B3,HALL-B,25.65,25.65,26.86,1791.0,1789.0,178.2,144.5,20.1,24.86,435.0,18.1,0.0,81.6,14.6,93.0,21.19,0,0
2026-09-16T15:00:00Z,CDU-B3,HALL-B,25.68,25.72,27.01,1797.0,1791.0,179.4,160.0,19.8,25.02,441.0,18.4,0.0,81.9,14.7,93.0,21.4,0,0
2026-09-16T16:00:00Z,CDU-B3,HALL-B,25.42,25.55,27.0,1794.0,1776.0,178.8,188.9,19.9,24.99,531.0,22.1,0.0,81.7,14.6,93.0,21.29,0,0
2026-09-16T17:00:00Z,CDU-B3,HALL-B,25.63,25.84,26.76,1814.0,1806.0,182.8,136.4,20.1,24.76,422.0,17.6,0.0,82.7,15.0,93.0,22.0,0,0
2026-09-16T18:00:00Z,CDU-B3,HALL-B,25.49,25.56,26.78,1810.0,1806.0,182.0,155.6,20.1,24.77,477.0,19.8,0.0,82.5,14.9,93.0,21.86,0,0
2026-09-16T19:00:00Z,CDU-B3,HALL-B,25.26,25.43,26.76,1807.0,1802.0,181.4,181.5,19.9,24.77,536.0,22.3,0.0,82.3,14.8,93.0,21.75,0,0
2026-09-16T20:00:00Z,CDU-B3,HALL-B,25.33,25.43,26.97,1801.0,1795.0,180.3,197.8,19.9,24.98,560.0,23.4,0.0,82.1,14.7,93.0,21.54,0,0
2026-09-16T21:00:00Z,CDU-B3,HALL-B,25.02,25.05,27.12,1806.0,1780.0,181.2,253.5,20.2,25.12,739.0,30.8,0.0,82.2,14.8,93.0,21.71,0,0
2026-09-16T22:00:00Z,CDU-B3,HALL-B,24.85,24.89,26.95,1806.0,1798.0,181.2,253.3,20.2,24.96,766.0,31.9,0.0,82.3,14.8,93.0,21.71,0,0
2026-09-16T23:00:00Z,CDU-B3,HALL-B,25.02,25.14,27.08,1801.0,1800.0,180.2,247.8,19.8,25.08,673.0,28.1,0.0,82.0,14.8,93.0,21.53,0,0
2026-09-17T00:00:00Z,CDU-B3,HALL-B,25.19,25.21,26.94,1804.0,1794.0,180.8,211.3,20.1,24.95,626.0,26.1,0.0,82.2,14.8,93.0,21.65,0,0
2026-09-17T01:00:00Z,CDU-B3,HALL-B,25.11,25.15,27.24,1804.0,1802.0,180.8,256.5,19.9,25.24,690.0,28.7,0.0,82.2,14.8,93.0,21.64,0,0
2026-09-17T02:00:00Z,CDU-B3,HALL-B,24.83,24.89,27.09,1824.0,1822.0,184.8,275.3,20.0,25.08,774.0,32.3,0.0,83.1,15.1,93.0,22.36,0,0
2026-09-17T03:00:00Z,CDU-B3,HALL-B,24.55,24.68,26.63,1800.0,1770.0,180.0,249.7,20.1,24.63,791.0,33.0,0.0,82.0,14.7,93.0,21.51,0,0
2026-09-17T04:00:00Z,CDU-B3,HALL-B,24.59,24.82,26.62,1802.0,1794.0,180.4,244.7,19.9,24.62,744.0,31.0,0.0,82.1,14.8,93.0,21.57,0,0
2026-09-17T05:00:00Z,CDU-B3,HALL-B,24.23,24.32,26.52,1787.0,1774.0,177.4,273.9,20.1,24.52,888.0,37.0,0.0,81.4,14.5,93.0,21.05,0,0
2026-09-17T06:00:00Z,CDU-B3,HALL-B,24.56,24.72,27.15,1804.0,1787.0,180.8,312.7,20.0,25.15,870.0,36.2,0.0,82.2,14.8,93.0,21.64,0,0
2026-09-17T07:00:00Z,CDU-B3,HALL-B,24.56,24.63,27.3,1785.0,1769.0,177.0,327.0,19.7,25.31,838.0,34.9,0.0,81.3,14.5,93.0,20.97,0,0
2026-09-17T08:00:00Z,CDU-B3,HALL-B,24.7,24.75,27.08,1788.0,1775.0,177.6,284.4,20.1,25.08,820.0,34.2,0.0,81.5,14.6,93.0,21.08,0,0
2026-09-17T09:00:00Z,CDU-B3,HALL-B,24.53,24.67,27.13,1804.0,1782.0,180.8,313.5,20.1,25.13,894.0,37.2,0.0,82.2,14.8,93.0,21.65,0,0
2026-09-17T10:00:00Z,CDU-B3,HALL-B,24.45,24.6,26.91,1798.0,1796.0,179.6,295.5,20.0,24.91,864.0,35.9,0.0,81.9,14.7,93.0,21.43,0,0
2026-09-17T11:00:00Z,CDU-B3,HALL-B,24.29,24.5,27.04,1790.0,1777.0,178.1,328.6,20.1,25.04,955.0,39.8,0.0,81.5,14.6,93.0,21.15,0,0
2026-09-17T12:00:00Z,CDU-B3,HALL-B,24.41,24.6,27.22,1794.0,1791.0,178.8,336.4,20.1,25.21,943.0,39.3,0.0,81.7,14.7,93.0,21.29,0,0
2026-09-17T13:00:00Z,CDU-B3,HALL-B,24.18,24.3,26.97,1802.0,1792.0,180.4,335.6,20.0,24.97,969.0,40.4,0.0,82.1,14.8,93.0,21.58,0,0
2026-09-17T14:00:00Z,CDU-B3,HALL-B,24.38,24.42,26.95,1805.0,1772.0,181.0,309.6,19.9,24.95,879.0,36.7,0.0,82.2,14.9,93.0,21.68,0,0
2026-09-17T15:00:00Z,CDU-B3,HALL-B,24.66,24.69,26.58,1789.0,1767.0,177.9,230.0,19.8,24.58,690.0,28.7,0.0,81.5,14.6,93.0,21.13,0,0
2026-09-17T16:00:00Z,CDU-B3,HALL-B,24.63,24.88,26.94,1793.0,1776.0,178.6,276.5,20.1,24.94,820.0,34.1,0.0,81.7,14.6,93.0,21.26,0,0
2026-09-17T17:00:00Z,CDU-B3,HALL-B,24.78,24.98,26.99,1813.0,1804.0,182.6,267.7,20.1,24.99,786.0,32.7,0.0,82.6,15.0,93.0,21.96,0,0
2026-09-17T18:00:00Z,CDU-B3,HALL-B,24.69,24.7,26.64,1784.0,1775.0,176.8,232.2,20.0,24.64,718.0,29.9,0.0,81.2,14.5,93.0,20.95,0,0
2026-09-17T19:00:00Z,CDU-B3,HALL-B,24.54,24.74,26.86,1805.0,1786.0,180.9,280.3,19.9,24.87,811.0,33.9,0.0,82.2,14.9,93.0,21.67,0,0
2026-09-17T20:00:00Z,CDU-B3,HALL-B,24.26,24.28,26.69,1798.0,1784.0,179.6,292.2,20.1,24.69,913.0,38.1,0.0,81.9,14.7,93.0,21.44,0,0
2026-09-17T21:00:00Z,CDU-B3,HALL-B,24.2,24.33,26.81,1806.0,1798.0,181.2,315.1,20.3,24.81,1002.0,41.8,0.0,82.3,14.9,93.0,21.71,0,0
2026-09-17T22:00:00Z,CDU-B3,HALL-B,24.32,24.36,26.9,1780.0,1774.0,176.0,307.3,20.1,24.9,917.0,38.3,56.8,24.3,14.5,93.0,20.81,0,0
2026-09-17T23:00:00Z,CDU-B3,HALL-B,24.41,24.53,26.77,1792.0,1787.0,178.4,283.0,20.0,24.78,851.0,35.4,81.6,0.0,14.7,93.0,21.22,0,0
2026-09-18T00:00:00Z,CDU-B3,HALL-B,24.19,24.38,26.65,1805.0,1802.0,181.0,297.1,20.0,24.65,916.0,38.1,82.3,0.0,14.9,93.0,21.68,0,0
2026-09-18T01:00:00Z,CDU-B3,HALL-B,24.11,24.16,26.49,1793.0,1772.0,178.5,285.0,20.3,24.49,976.0,40.6,81.7,0.0,14.7,93.0,21.25,0,0
2026-09-18T02:00:00Z,CDU-B3,HALL-B,24.5,24.68,26.78,1790.0,1786.0,178.0,272.5,20.0,24.78,820.0,34.2,81.5,0.0,14.7,93.0,21.16,0,0
2026-09-18T03:00:00Z,CDU-B3,HALL-B,24.16,24.29,26.73,1806.0,1796.0,181.1,310.6,20.0,24.72,940.0,39.2,82.3,0.0,14.9,93.0,21.71,0,0
2026-09-18T04:00:00Z,CDU-B3,HALL-B,24.21,24.28,26.66,1814.0,1805.0,182.8,296.8,19.9,24.66,895.0,37.4,82.6,0.0,15.1,93.0,22.01,0,0
2026-09-18T05:00:00Z,CDU-B3,HALL-B,24.38,24.43,26.56,1794.0,1793.0,178.8,260.8,19.9,24.55,802.0,33.4,81.7,0.0,14.7,93.0,21.29,0,0
2026-09-18T06:00:00Z,CDU-B3,HALL-B,24.79,24.9,26.46,1798.0,1779.0,179.6,200.9,20.1,24.46,660.0,27.5,81.9,0.0,14.8,93.0,21.44,0,0
2026-09-18T07:00:00Z,CDU-B3,HALL-B,24.89,24.95,26.64,1809.0,1801.0,181.8,210.9,20.0,24.64,654.0,27.2,82.4,0.0,15.0,93.0,21.81,0,0
2026-09-18T08:00:00Z,CDU-B3,HALL-B,24.57,24.58,26.74,1787.0,1784.0,177.4,258.8,19.9,24.74,768.0,32.0,81.4,0.0,14.6,93.0,21.04,0,0
2026-09-18T09:00:00Z,CDU-B3,HALL-B,24.72,24.77,26.87,1787.0,1777.0,177.5,256.1,20.1,24.86,770.0,32.1,81.4,0.0,14.6,93.0,21.05,0,0
2026-09-18T10:00:00Z,CDU-B3,HALL-B,24.51,24.62,26.52,1825.0,1801.0,185.1,245.6,19.8,24.53,746.0,31.1,83.1,0.0,15.2,93.0,22.39,0,0
2026-09-18T11:00:00Z,CDU-B3,HALL-B,24.71,24.8,26.39,1805.0,1799.0,181.0,202.0,19.9,24.39,646.0,27.0,82.2,0.0,14.9,93.0,21.68,0,0
2026-09-18T12:00:00Z,CDU-B3,HALL-B,24.6,24.73,26.63,1799.0,1779.0,179.8,243.8,20.1,24.63,773.0,32.2,82.0,0.0,14.8,93.0,21.46,0,0
2026-09-18T13:00:00Z,CDU-B3,HALL-B,24.49,24.5,26.72,1799.0,1780.0,179.8,268.2,20.2,24.72,850.0,35.5,82.0,0.0,14.8,93.0,21.47,0,0
2026-09-18T14:00:00Z,CDU-B3,HALL-B,24.5,24.51,26.7,1806.0,1797.0,181.3,266.0,20.2,24.7,847.0,35.3,82.3,0.0,14.9,93.0,21.71,0,0
2026-09-18T15:00:00Z,CDU-B3,HALL-B,24.5,24.62,26.64,1800.0,1793.0,180.0,257.0,20.1,24.64,813.0,33.9,82.0,0.0,14.8,93.0,21.5,0,0
2026-09-18T16:00:00Z,CDU-B3,HALL-B,24.65,24.71,26.52,1780.0,1769.0,176.0,222.4,20.0,24.53,707.0,29.4,81.1,0.0,14.5,93.0,20.81,0,0
2026-09-18T17:00:00Z,CDU-B3,HALL-B,24.73,24.77,26.87,1802.0,1783.0,180.4,258.1,20.1,24.87,775.0,32.3,82.1,0.0,14.8,93.0,21.58,0,0
2026-09-18T18:00:00Z,CDU-B3,HALL-B,24.78,24.81,27.09,1796.0,1795.0,179.2,277.1,20.1,25.08,796.0,33.1,81.8,0.0,14.7,93.0,21.36,0,0
2026-09-18T19:00:00Z,CDU-B3,HALL-B,25.03,25.1,26.99,1808.0,1800.0,181.6,237.3,19.9,25.0,669.0,27.9,82.4,0.0,15.0,93.0,21.78,0,0
2026-09-18T20:00:00Z,CDU-B3,HALL-B,25.07,25.3,26.87,1789.0,1779.0,177.8,215.4,20.0,24.87,635.0,26.5,81.5,0.0,14.7,93.0,21.11,0,0
2026-09-18T21:00:00Z,CDU-B3,HALL-B,24.85,24.96,26.54,1797.0,1772.0,179.4,202.5,19.9,24.53,625.0,26.0,81.9,0.0,14.8,93.0,21.4,0,0
2026-09-18T22:00:00Z,CDU-B3,HALL-B,24.87,24.88,26.68,1818.0,1814.0,183.7,219.8,20.1,24.68,689.0,28.7,82.8,0.0,15.1,93.0,22.14,0,0
2026-09-18T23:00:00Z,CDU-B3,HALL-B,24.64,24.66,26.82,1800.0,1798.0,180.0,262.7,19.9,24.82,765.0,31.9,82.0,0.0,14.8,93.0,21.5,0,0
2026-09-19T00:00:00Z,CDU-B3,HALL-B,24.67,24.95,26.82,1785.0,1758.0,177.1,256.5,20.1,24.82,779.0,32.4,81.3,0.0,14.6,93.0,20.97,0,0
2026-09-19T01:00:00Z,CDU-B3,HALL-B,24.58,24.66,26.9,1810.0,1788.0,182.0,281.0,20.2,24.9,857.0,35.7,82.5,0.0,15.0,93.0,21.86,0,0
2026-09-19T02:00:00Z,CDU-B3,HALL-B,24.62,24.99,26.96,1807.0,1802.0,181.4,282.8,19.8,24.96,786.0,32.7,82.3,0.0,15.0,93.0,21.75,0,0
2026-09-19T03:00:00Z,CDU-B3,HALL-B,24.7,24.7,26.82,1796.0,1778.0,179.2,254.6,20.2,24.82,790.0,33.0,81.8,0.0,14.8,93.0,21.36,0,0
2026-09-19T04:00:00Z,CDU-B3,HALL-B,25.0,25.01,26.99,1807.0,1804.0,181.4,240.5,20.2,24.99,719.0,29.9,82.3,0.0,15.0,93.0,21.75,0,0
2026-09-19T05:00:00Z,CDU-B3,HALL-B,24.84,24.84,26.85,1788.0,1780.0,177.6,239.9,20.0,24.85,710.0,29.6,81.5,0.0,14.7,93.0,21.08,0,0
2026-09-19T06:00:00Z,CDU-B3,HALL-B,24.89,24.92,27.0,1785.0,1778.0,177.1,251.7,19.8,25.0,694.0,28.9,81.3,0.0,14.6,93.0,20.97,0,0
2026-09-19T07:00:00Z,CDU-B3,HALL-B,24.55,24.72,26.96,1802.0,1798.0,180.4,289.6,20.0,24.96,839.0,34.9,82.1,0.0,14.9,93.0,21.57,0,0
2026-09-19T08:00:00Z,CDU-B3,HALL-B,24.53,24.65,27.16,1792.0,1785.0,178.4,315.3,20.0,25.16,876.0,36.6,81.6,0.0,14.8,93.0,21.22,0,0
2026-09-19T09:00:00Z,CDU-B3,HALL-B,24.79,24.94,27.26,1795.0,1763.0,179.0,296.4,20.0,25.27,809.0,33.7,81.8,0.0,14.8,93.0,21.34,0,0
2026-09-19T10:00:00Z,CDU-B3,HALL-B,24.71,24.87,27.27,1791.0,1787.0,178.1,306.8,20.0,25.28,835.0,34.8,81.6,0.0,14.8,93.0,21.18,0,0
2026-09-19T11:00:00Z,CDU-B3,HALL-B,24.74,24.74,27.33,1818.0,1808.0,183.6,314.5,19.9,25.33,831.0,34.6,82.8,0.0,15.2,93.0,22.14,0,0
2026-09-19T12:00:00Z,CDU-B3,HALL-B,24.97,25.11,27.32,1811.0,1801.0,182.2,284.4,20.1,25.32,782.0,32.6,82.5,0.0,15.1,93.0,21.89,0,0
2026-09-19T13:00:00Z,CDU-B3,HALL-B,24.53,24.65,27.16,1784.0,1770.0,176.8,313.4,20.0,25.16,872.0,36.3,81.3,0.0,14.6,93.0,20.95,0,0
2026-09-19T14:00:00Z,CDU-B3,HALL-B,24.7,24.78,27.11,1801.0,1794.0,180.2,290.3,19.9,25.12,801.0,33.4,82.1,0.0,14.9,93.0,21.54,0,0
2026-09-19T15:00:00Z,CDU-B3,HALL-B,24.69,24.73,27.24,1795.0,1789.0,179.0,305.8,20.1,25.24,853.0,35.6,81.8,0.0,14.8,93.0,21.32,0,0
2026-09-19T16:00:00Z,CDU-B3,HALL-B,24.9,24.96,27.51,1809.0,1808.0,181.8,315.0,20.1,25.5,834.0,34.8,82.4,0.0,15.0,93.0,21.82,0,0
2026-09-19T17:00:00Z,CDU-B3,HALL-B,25.3,25.34,27.51,1791.0,1770.0,178.2,264.2,20.2,25.51,715.0,29.7,81.6,0.0,14.7,93.0,21.18,0,0
2026-09-19T18:00:00Z,CDU-B3,HALL-B,25.04,25.37,27.31,1800.0,1787.0,180.0,273.4,19.9,25.31,725.0,30.2,82.0,0.0,14.9,93.0,21.49,0,0
2026-09-19T19:00:00Z,CDU-B3,HALL-B,25.16,25.44,27.36,1784.0,1776.0,176.8,262.7,19.9,25.37,690.0,28.8,81.2,0.0,14.6,93.0,20.94,0,0
2026-09-19T20:00:00Z,CDU-B3,HALL-B,25.05,25.18,27.27,1791.0,1775.0,178.2,265.6,20.0,25.26,722.0,30.1,81.6,0.0,14.7,93.0,21.19,0,0
2026-09-19T21:00:00Z,CDU-B3,HALL-B,25.31,25.37,27.37,1813.0,1803.0,182.6,250.0,19.7,25.37,632.0,26.4,82.5,0.0,15.1,93.0,21.96,0,0
2026-09-19T22:00:00Z,CDU-B3,HALL-B,25.04,25.23,27.27,1798.0,1794.0,179.6,268.3,20.0,25.27,730.0,30.4,81.9,0.0,14.9,93.0,21.43,0,0
2026-09-19T23:00:00Z,CDU-B3,HALL-B,24.81,24.83,27.17,1797.0,1793.0,179.4,283.2,20.1,25.16,800.0,33.3,81.9,0.0,14.9,93.0,21.4,0,0
2026-09-20T00:00:00Z,CDU-B3,HALL-B,24.83,25.02,27.33,1808.0,1783.0,181.6,302.3,19.8,25.34,784.0,32.7,82.4,0.0,15.0,93.0,21.79,0,0
2026-09-20T01:00:00Z,CDU-B3,HALL-B,24.93,25.11,27.43,1808.0,1791.0,181.6,301.5,19.9,25.43,783.0,32.6,82.4,0.0,15.1,93.0,21.78,0,0
2026-09-20T02:00:00Z,CDU-B3,HALL-B,24.87,24.94,27.6,1797.0,1790.0,179.4,327.4,19.8,25.6,811.0,33.8,81.9,0.0,14.9,93.0,21.4,0,0
2026-09-20T03:00:00Z,CDU-B3,HALL-B,25.02,25.15,27.76,1786.0,1770.0,177.1,326.7,20.1,25.75,828.0,34.5,81.4,0.0,14.7,93.0,21.01,0,0
2026-09-20T04:00:00Z,CDU-B3,HALL-B,25.01,25.01,27.69,1804.0,1757.0,180.8,322.5,19.6,25.69,761.0,31.7,82.2,0.0,15.0,93.0,21.65,0,0
2026-09-20T05:00:00Z,CDU-B3,HALL-B,24.73,24.78,27.25,1797.0,1786.0,179.4,302.8,19.8,25.26,798.0,33.2,81.9,0.0,14.9,93.0,21.4,0,0
2026-09-20T06:00:00Z,CDU-B3,HALL-B,24.55,24.65,27.56,1790.0,1754.0,178.1,360.2,19.9,25.56,912.0,38.1,81.5,0.0,14.8,93.0,21.17,0,0
2026-09-20T07:00:00Z,CDU-B3,HALL-B,24.95,25.03,27.71,1799.0,1797.0,179.8,332.3,20.2,25.71,865.0,36.0,82.0,0.0,14.9,93.0,21.47,0,0
2026-09-20T08:00:00Z,CDU-B3,HALL-B,24.92,24.96,27.56,1787.0,1779.0,177.3,315.4,19.9,25.55,798.0,33.3,81.4,0.0,14.7,93.0,21.05,0,0
2026-09-20T09:00:00Z,CDU-B3,HALL-B,25.01,25.1,27.61,1801.0,1787.0,180.2,312.9,20.1,25.6,814.0,34.0,82.1,0.0,14.9,93.0,21.54,0,0
2026-09-20T10:00:00Z,CDU-B3,HALL-B,25.01,25.17,27.62,1804.0,1793.0,180.8,314.1,20.2,25.62,833.0,34.7,82.1,0.0,15.0,93.0,21.63,0,0
2026-09-20T11:00:00Z,CDU-B3,HALL-B,25.05,25.34,27.59,1781.0,1766.0,176.2,302.8,19.9,25.59,764.0,31.8,81.1,0.0,14.6,93.0,20.84,0,0
2026-09-20T12:00:00Z,CDU-B3,HALL-B,25.3,25.35,27.66,1792.0,1777.0,178.4,283.0,19.8,25.66,692.0,28.8,81.6,0.0,14.8,93.0,21.21,0,0
2026-09-20T13:00:00Z,CDU-B3,HALL-B,25.52,25.66,27.58,1785.0,1769.0,177.0,246.0,20.0,25.58,632.0,26.4,81.3,0.0,14.7,93.0,20.98,0,0
2026-09-20T14:00:00Z,CDU-B3,HALL-B,25.57,25.63,27.54,1816.0,1807.0,183.2,238.7,19.9,25.54,607.0,25.3,82.7,0.0,15.2,93.0,22.07,0,0
2026-09-20T15:00:00Z,CDU-B3,HALL-B,25.19,25.41,27.2,1814.0,1811.0,182.8,243.5,19.9,25.19,659.0,27.4,82.7,0.0,15.2,93.0,21.99,0,0
2026-09-20T16:00:00Z,CDU-B3,HALL-B,24.93,24.93,27.15,1809.0,1802.0,181.8,268.1,20.2,25.15,777.0,32.3,82.4,0.0,15.1,93.0,21.82,0,0
2026-09-20T17:00:00Z,CDU-B3,HALL-B,25.0,25.11,27.3,1812.0,1806.0,182.4,278.9,20.0,25.31,756.0,31.5,82.6,0.0,15.2,93.0,21.92,0,0
2026-09-20T18:00:00Z,CDU-B3,HALL-B,25.09,25.39,27.37,1792.0,1788.0,178.4,273.5,20.0,25.37,730.0,30.4,81.7,0.0,14.8,93.0,21.22,0,0
2026-09-20T19:00:00Z,CDU-B3,HALL-B,25.23,25.38,27.21,1800.0,1767.0,180.0,238.3,20.2,25.22,683.0,28.4,82.0,0.0,15.0,93.0,21.5,0,0
2026-09-20T20:00:00Z,CDU-B3,HALL-B,24.77,24.82,27.0,1775.0,1772.0,175.0,264.3,19.9,25.0,745.0,31.1,80.9,0.0,14.6,93.0,20.64,0,0
2026-09-20T21:00:00Z,CDU-B3,HALL-B,25.04,25.27,27.19,1789.0,1787.0,177.8,257.5,20.0,25.2,712.0,29.7,81.5,0.0,14.8,93.0,21.12,0,0
2026-09-20T22:00:00Z,CDU-B3,HALL-B,24.97,24.99,27.22,1805.0,1796.0,181.0,271.2,20.2,25.21,774.0,32.2,82.2,0.0,15.1,93.0,21.67,0,0
2026-09-20T23:00:00Z,CDU-B3,HALL-B,25.13,25.34,27.19,1819.0,1798.0,183.8,250.6,20.1,25.19,707.0,29.5,82.9,0.0,15.3,93.0,22.18,0,0
2026-09-21T00:00:00Z,CDU-B3,HALL-B,24.82,24.85,27.05,1800.0,1783.0,180.0,268.7,20.2,25.06,795.0,33.1,82.0,0.0,15.0,93.0,21.49,0,0
2026-09-21T01:00:00Z,CDU-B3,HALL-B,24.67,24.9,27.01,1768.0,1764.0,173.7,276.1,19.9,25.01,776.0,32.3,80.5,0.0,14.4,93.0,20.4,0,0
2026-09-21T02:00:00Z,CDU-B3,HALL-B,24.75,24.75,27.07,1796.0,1772.0,179.2,278.3,20.0,25.07,788.0,32.8,81.9,0.0,14.9,93.0,21.36,0,0
2026-09-21T03:00:00Z,CDU-B3,HALL-B,25.07,25.13,27.36,1800.0,1787.0,180.0,274.9,20.3,25.36,782.0,32.6,82.0,0.0,15.0,93.0,21.5,0,0
2026-09-21T04:00:00Z,CDU-B3,HALL-B,25.0,25.15,27.42,1793.0,1791.0,178.7,290.0,20.0,25.42,767.0,32.0,81.7,0.0,14.8,93.0,21.26,0,0
2026-09-21T05:00:00Z,CDU-B3,HALL-B,25.39,25.63,27.37,1793.0,1784.0,178.6,237.1,19.8,25.37,611.0,25.5,81.7,0.0,14.9,93.0,21.26,0,0
2026-09-21T06:00:00Z,CDU-B3,HALL-B,25.36,25.4,27.37,1800.0,1797.0,180.0,242.0,19.9,25.38,636.0,26.5,82.0,0.0,15.0,93.0,21.5,0,0
2026-09-21T07:00:00Z,CDU-B3,HALL-B,25.56,25.63,27.47,1799.0,1789.0,179.8,229.9,19.9,25.47,591.0,24.6,81.9,0.0,15.0,93.0,21.47,0,0
2026-09-21T08:00:00Z,CDU-B3,HALL-B,25.33,25.67,27.6,1807.0,1794.0,181.4,274.1,19.9,25.61,691.0,28.8,82.3,0.0,15.1,93.0,21.75,0,0
2026-09-21T09:00:00Z,CDU-B3,HALL-B,25.32,25.72,27.61,1800.0,1789.0,180.0,275.1,20.1,25.61,717.0,29.8,82.0,0.0,15.0,93.0,21.5,0,0
2026-09-21T10:00:00Z,CDU-B3,HALL-B,25.54,25.56,27.61,1796.0,1770.0,179.2,248.2,20.1,25.61,647.0,26.9,81.8,0.0,15.0,93.0,21.37,0,0
2026-09-21T11:00:00Z,CDU-B3,HALL-B,25.2,25.44,27.66,1796.0,1786.0,179.2,295.0,19.9,25.66,735.0,30.7,81.8,0.0,14.9,93.0,21.36,0,0
2026-09-21T12:00:00Z,CDU-B3,HALL-B,25.1,25.15,27.58,1790.0,1772.0,178.1,297.1,20.0,25.58,763.0,31.8,81.5,0.0,14.8,93.0,21.16,0,0
2026-09-21T13:00:00Z,CDU-B3,HALL-B,25.22,25.25,27.45,1796.0,1777.0,179.2,268.0,20.0,25.45,704.0,29.3,81.8,0.0,14.9,93.0,21.37,0,0
2026-09-21T14:00:00Z,CDU-B3,HALL-B,25.19,25.34,27.55,1795.0,1790.0,179.0,283.2,20.0,25.55,731.0,30.5,81.8,0.0,14.9,93.0,21.32,0,0
2026-09-21T15:00:00Z,CDU-B3,HALL-B,25.18,25.29,27.41,1804.0,1785.0,180.8,268.3,20.1,25.41,726.0,30.2,82.2,0.0,15.1,93.0,21.64,0,0
2026-09-21T16:00:00Z,CDU-B3,HALL-B,25.47,25.53,27.45,1813.0,1798.0,182.6,239.6,19.9,25.45,620.0,25.9,82.6,0.0,15.2,93.0,21.95,0,0
2026-09-21T17:00:00Z,CDU-B3,HALL-B,25.5,25.53,27.38,1795.0,1794.0,179.0,225.5,19.9,25.37,589.0,24.5,81.8,0.0,14.9,93.0,21.32,0,0
2026-09-21T18:00:00Z,CDU-B3,HALL-B,25.42,25.67,27.45,1800.0,1790.0,180.0,244.4,20.2,25.46,668.0,27.9,82.0,0.0,15.0,93.0,21.5,0,0
2026-09-21T19:00:00Z,CDU-B3,HALL-B,25.36,25.49,27.52,1805.0,1803.0,181.0,260.1,20.0,25.52,676.0,28.2,82.2,0.0,15.1,93.0,21.69,0,0
2026-09-21T20:00:00Z,CDU-B3,HALL-B,25.56,25.59,27.58,1805.0,1778.0,181.0,243.6,19.9,25.58,614.0,25.6,82.2,0.0,15.1,93.0,21.68,0,0
2026-09-21T21:00:00Z,CDU-B3,HALL-B,25.3,25.31,27.69,1792.0,1787.0,178.4,286.0,20.1,25.69,735.0,30.6,81.6,0.0,14.9,93.0,21.23,0,0
2026-09-21T22:00:00Z,CDU-B3,HALL-B,25.39,25.42,27.82,1798.0,1783.0,179.6,292.1,19.9,25.82,708.0,29.4,81.9,0.0,15.0,93.0,21.44,0,0
2026-09-21T23:00:00Z,CDU-B3,HALL-B,24.97,25.13,27.67,1798.0,1779.0,179.6,323.9,20.0,25.67,821.0,34.1,81.9,0.0,15.0,93.0,21.44,0,0
2026-09-22T00:00:00Z,CDU-B3,HALL-B,25.08,25.2,27.65,1796.0,1782.0,179.2,308.1,19.9,25.65,769.0,32.0,81.8,0.0,14.9,93.0,21.36,0,0
2026-09-22T01:00:00Z,CDU-B3,HALL-B,25.13,25.21,27.47,1793.0,1788.0,178.6,280.3,20.1,25.47,749.0,31.2,81.7,0.0,14.9,93.0,21.25,0,0
2026-09-22T02:00:00Z,CDU-B3,HALL-B,25.41,25.53,27.61,1789.0,1771.0,177.8,262.6,19.7,25.6,636.0,26.4,81.5,0.0,14.8,93.0,21.11,0,0
2026-09-22T03:00:00Z,CDU-B3,HALL-B,25.46,25.46,27.83,1804.0,1789.0,180.8,285.2,20.1,25.83,715.0,29.8,82.2,0.0,15.1,93.0,21.64,0,0
2026-09-22T04:00:00Z,CDU-B3,HALL-B,25.13,25.24,27.65,1799.0,1786.0,179.8,302.9,20.0,25.65,769.0,32.0,81.9,0.0,15.0,93.0,21.46,0,0
2026-09-22T05:00:00Z,CDU-B3,HALL-B,25.53,25.59,27.74,1814.0,1814.0,182.8,267.2,20.2,25.74,695.0,28.9,82.6,0.0,15.3,93.0,22.0,0,0
2026-09-22T06:00:00Z,CDU-B3,HALL-B,25.54,25.54,27.74,1808.0,1803.0,181.6,265.8,19.8,25.74,641.0,26.7,82.3,0.0,15.2,93.0,21.79,0,0
2026-09-22T07:00:00Z,CDU-B3,HALL-B,25.1,25.37,27.49,1792.0,1784.0,178.4,286.7,20.0,25.49,748.0,31.1,81.6,0.0,14.9,93.0,21.22,0,0
2026-09-22T08:00:00Z,CDU-B3,HALL-B,24.98,25.07,27.51,1803.0,1789.0,180.6,304.3,19.9,25.51,780.0,32.5,82.1,0.0,15.1,93.0,21.62,0,0
2026-09-22T09:00:00Z,CDU-B3,HALL-B,24.82,24.85,27.66,1813.0,1800.0,182.5,344.4,20.1,25.66,887.0,37.0,82.6,0.0,15.3,93.0,21.97,0,0
2026-09-22T10:00:00Z,CDU-B3,HALL-B,25.07,25.11,27.63,1806.0,1802.0,181.2,308.9,19.8,25.63,760.0,31.7,82.3,0.0,15.1,93.0,21.71,0,0
2026-09-22T11:00:00Z,CDU-B3,HALL-B,25.28,25.44,27.73,1806.0,1786.0,181.2,295.2,19.9,25.73,727.0,30.3,82.3,0.0,15.1,93.0,21.71,0,0
2026-09-22T12:00:00Z,CDU-B3,HALL-B,25.2,25.21,27.59,1793.0,1793.0,178.6,286.7,19.9,25.6,723.0,30.2,81.7,0.0,15.0,93.0,21.25,0,0
2026-09-22T13:00:00Z,CDU-B3,HALL-B,25.01,25.02,27.52,1791.0,1789.0,178.2,300.7,19.9,25.52,767.0,32.0,81.6,0.0,14.9,93.0,21.18,0,0
2026-09-22T14:00:00Z,CDU-B3,HALL-B,24.69,24.85,27.41,1808.0,1801.0,181.5,328.7,19.8,25.41,840.0,35.0,82.4,0.0,15.2,93.0,21.79,0,0
2026-09-22T15:00:00Z,CDU-B3,HALL-B,24.55,24.58,27.48,1783.0,1776.0,176.6,348.5,20.1,25.47,930.0,38.7,81.2,0.0,14.8,93.0,20.9,0,0
2026-09-22T16:00:00Z,CDU-B3,HALL-B,24.1,24.28,27.32,1802.0,1781.0,180.4,387.5,20.2,25.32,1086.0,45.3,82.1,0.0,15.1,93.0,21.56,0,0
2026-09-22T17:00:00Z,CDU-B3,HALL-B,24.38,24.57,27.49,1812.0,1786.0,182.4,376.1,20.2,25.49,1021.0,42.6,82.6,0.0,15.3,93.0,21.93,0,0
2026-09-22T18:00:00Z,CDU-B3,HALL-B,24.16,24.25,27.58,1795.0,1789.0,179.0,409.8,20.0,25.58,1055.0,43.9,81.8,0.0,15.0,93.0,21.33,0,0
2026-09-22T19:00:00Z,CDU-B3,HALL-B,24.11,24.25,27.65,1801.0,1754.0,180.3,426.4,19.9,25.66,1064.0,44.3,82.0,0.0,15.1,93.0,21.54,0,0
2026-09-22T20:00:00Z,CDU-B3,HALL-B,24.43,24.51,27.8,1815.0,1792.0,183.0,409.0,20.2,25.8,1048.0,43.6,82.7,0.0,15.3,93.0,22.04,0,0
2026-09-22T21:00:00Z,CDU-B3,HALL-B,24.64,24.88,27.41,1808.0,1802.0,181.6,334.8,19.9,25.42,873.0,36.3,82.4,0.0,15.2,93.0,21.78,0,0
2026-09-22T22:00:00Z,CDU-B3,HALL-B,24.65,24.71,27.55,1801.0,1796.0,180.2,348.5,19.8,25.54,870.0,36.2,82.0,0.0,15.1,93.0,21.54,0,0
2026-09-22T23:00:00Z,CDU-B3,HALL-B,24.55,24.76,27.75,1804.0,1784.0,180.8,386.2,19.9,25.75,947.0,39.5,82.2,0.0,15.1,93.0,21.65,0,0
2026-09-23T00:00:00Z,CDU-B3,HALL-B,25.01,25.29,27.67,1783.0,1782.0,176.6,316.5,20.1,25.66,814.0,33.9,81.2,0.0,14.8,93.0,20.9,0,0
2026-09-23T01:00:00Z,CDU-B3,HALL-B,25.12,25.32,27.87,1797.0,1781.0,179.4,329.6,20.0,25.86,807.0,33.7,81.9,0.0,15.0,93.0,21.4,0,0
2026-09-23T02:00:00Z,CDU-B3,HALL-B,25.23,25.5,27.73,1806.0,1802.0,181.3,301.3,19.8,25.74,731.0,30.5,82.2,0.0,15.2,93.0,21.71,0,0
2026-09-23T03:00:00Z,CDU-B3,HALL-B,25.16,25.33,27.7,1810.0,1808.0,182.0,307.5,19.9,25.7,761.0,31.7,82.5,0.0,15.3,93.0,21.85,0,0
2026-09-23T04:00:00Z,CDU-B3,HALL-B,25.14,25.14,27.76,1794.0,1766.0,178.8,313.9,20.0,25.75,781.0,32.6,81.7,0.0,15.0,93.0,21.28,0,0
2026-09-23T05:00:00Z,CDU-B3,HALL-B,24.94,24.96,27.61,1801.0,1761.0,180.2,321.5,19.9,25.61,807.0,33.6,82.0,0.0,15.1,93.0,21.54,0,0
2026-09-23T06:00:00Z,CDU-B3,HALL-B,24.96,24.97,27.59,1774.0,1767.0,174.9,311.5,20.0,25.59,800.0,33.3,80.8,0.0,14.7,93.0,20.59,0,0
2026-09-23T07:00:00Z,CDU-B3,HALL-B,24.99,25.0,27.31,1801.0,1800.0,180.2,278.8,20.1,25.31,768.0,32.0,82.0,0.0,15.1,93.0,21.53,0,0
2026-09-23T08:00:00Z,CDU-B3,HALL-B,24.89,25.15,27.5,1787.0,1776.0,177.4,311.2,20.0,25.49,812.0,33.9,81.4,0.0,14.9,93.0,21.05,0,0
2026-09-23T09:00:00Z,CDU-B3,HALL-B,24.71,24.77,27.44,1805.0,1775.0,181.0,329.0,20.1,25.44,885.0,36.9,82.2,0.0,15.2,93.0,21.68,0,0
2026-09-23T10:00:00Z,CDU-B3,HALL-B,24.82,25.01,27.51,1806.0,1799.0,181.2,324.7,20.1,25.51,862.0,35.9,82.3,0.0,15.2,93.0,21.71,0,0
2026-09-23T11:00:00Z,CDU-B3,HALL-B,24.99,25.11,27.5,1797.0,1786.0,179.4,300.8,19.9,25.5,773.0,32.3,81.8,0.0,15.1,93.0,21.4,0,0
2026-09-23T12:00:00Z,CDU-B3,HALL-B,25.17,25.45,27.25,1801.0,1797.0,180.2,250.2,19.9,25.26,674.0,28.1,82.1,0.0,15.1,93.0,21.54,0,0
2026-09-23T13:00:00Z,CDU-B3,HALL-B,25.0,25.07,27.28,1794.0,1766.0,178.9,273.8,20.2,25.29,773.0,32.2,81.7,0.0,15.0,93.0,21.29,0,0
2026-09-23T14:00:00Z,CDU-B3,HALL-B,25.34,25.39,27.6,1802.0,1802.0,180.4,272.3,20.5,25.6,766.0,31.9,82.1,0.0,15.1,93.0,21.58,0,0
2026-09-23T15:00:00Z,CDU-B3,HALL-B,25.62,25.84,27.76,1808.0,1797.0,181.7,258.3,20.0,25.76,644.0,26.9,82.4,0.0,15.3,93.0,21.78,0,0
2026-09-23T16:00:00Z,CDU-B3,HALL-B,25.04,25.41,27.49,1817.0,1795.0,183.4,296.9,20.1,25.49,792.0,33.0,82.8,0.0,15.4,93.0,22.1,0,0
2026-09-23T17:00:00Z,CDU-B3,HALL-B,25.26,25.32,27.34,1784.0,1770.0,176.9,248.2,19.8,25.34,643.0,26.8,81.2,0.0,14.9,93.0,20.94,0,0
2026-09-23T18:00:00Z,CDU-B3,HALL-B,25.07,25.14,27.48,1806.0,1799.0,181.2,291.0,19.9,25.48,747.0,31.1,82.3,0.0,15.2,93.0,21.71,0,0
2026-09-23T19:00:00Z,CDU-B3,HALL-B,24.78,24.93,27.71,1796.0,1786.0,179.2,351.9,20.3,25.71,933.0,38.8,81.8,0.0,15.0,93.0,21.36,0,0
2026-09-23T20:00:00Z,CDU-B3,HALL-B,24.65,24.83,27.62,1808.0,1806.0,181.6,358.3,19.8,25.62,885.0,36.9,82.4,0.0,15.3,93.0,21.78,0,0
2026-09-23T21:00:00Z,CDU-B3,HALL-B,24.7,24.92,27.82,1802.0,1790.0,180.4,375.8,20.1,25.82,943.0,39.3,82.1,0.0,15.2,93.0,21.57,0,0
2026-09-23T22:00:00Z,CDU-B3,HALL-B,24.72,24.74,27.58,1806.0,1777.0,181.2,344.7,20.1,25.58,903.0,37.6,82.3,0.0,15.2,93.0,21.71,0,0
2026-09-23T23:00:00Z,CDU-B3,HALL-B,24.5,24.53,27.62,1799.0,1780.0,179.8,375.2,20.0,25.62,958.0,39.9,82.0,0.0,15.1,93.0,21.47,0,0
2026-09-24T00:00:00Z,CDU-B3,HALL-B,24.51,24.6,27.64,1798.0,1787.0,179.6,375.6,20.2,25.64,992.0,41.3,81.9,0.0,15.1,93.0,21.43,0,0
2026-09-24T01:00:00Z,CDU-B3,HALL-B,24.76,24.92,27.41,1806.0,1802.0,181.2,319.6,20.1,25.41,864.0,36.0,82.3,0.0,15.3,93.0,21.72,0,0
2026-09-24T02:00:00Z,CDU-B3,HALL-B,25.06,25.18,27.65,1798.0,1793.0,179.6,310.6,20.3,25.65,834.0,34.8,81.9,0.0,15.1,93.0,21.43,0,0
2026-09-24T03:00:00Z,CDU-B3,HALL-B,24.92,25.14,27.53,1791.0,1786.0,178.2,311.8,19.9,25.53,796.0,33.2,81.6,0.0,15.0,93.0,21.18,0,0
2026-09-24T04:00:00Z,CDU-B3,HALL-B,24.63,24.68,27.65,1813.0,1801.0,182.5,365.3,20.0,25.65,929.0,38.7,82.6,0.0,15.4,93.0,21.97,0,0
2026-09-24T05:00:00Z,CDU-B3,HALL-B,24.77,24.86,27.89,1792.0,1753.0,178.4,374.0,20.1,25.89,926.0,38.5,81.6,0.0,15.0,93.0,21.22,0,0
2026-09-24T06:00:00Z,CDU-B3,HALL-B,24.7,24.73,27.78,1794.0,1793.0,178.8,369.1,19.7,25.78,871.0,36.4,81.7,0.0,15.1,93.0,21.29,0,0
2026-09-24T07:00:00Z,CDU-B3,HALL-B,24.77,24.8,27.79,1792.0,1786.0,178.4,361.8,20.1,25.79,912.0,38.0,81.7,0.0,15.0,93.0,21.22,0,0
2026-09-24T08:00:00Z,CDU-B3,HALL-B,24.69,24.75,27.6,1806.0,1802.0,181.2,350.5,19.9,25.59,883.0,36.8,82.3,0.0,15.3,93.0,21.71,0,0
2026-09-24T09:00:00Z,CDU-B3,HALL-B,24.78,24.79,27.63,1792.0,1791.0,178.4,341.5,20.3,25.63,918.0,38.3,81.6,0.0,15.0,93.0,21.22,0,0
2026-09-24T10:00:00Z,CDU-B3,HALL-B,24.64,24.88,27.74,1801.0,1795.0,180.2,372.5,19.8,25.75,902.0,37.6,82.0,0.0,15.2,93.0,21.54,0,0
2026-09-24T11:00:00Z,CDU-B3,HALL-B,24.48,24.6,27.68,1787.0,1776.0,177.4,382.5,19.9,25.68,949.0,39.5,81.4,0.0,15.0,93.0,21.05,0,0
2026-09-24T12:00:00Z,CDU-B3,HALL-B,25.08,25.1,27.74,1802.0,1781.0,180.5,320.6,20.0,25.75,802.0,33.4,82.1,0.0,15.2,93.0,21.58,0,0
2026-09-24T13:00:00Z,CDU-B3,HALL-B,25.2,25.31,27.67,1815.0,1796.0,183.0,299.7,20.1,25.68,773.0,32.2,82.7,0.0,15.4,93.0,22.04,0,0
2026-09-24T14:00:00Z,CDU-B3,HALL-B,25.31,25.39,27.56,1800.0,1799.0,180.0,270.5,19.8,25.56,674.0,28.1,82.0,0.0,15.2,93.0,21.5,0,0
2026-09-24T15:00:00Z,CDU-B3,HALL-B,25.13,25.15,27.97,1811.0,1780.0,182.2,343.0,19.8,25.96,798.0,33.2,82.5,0.0,15.4,93.0,21.89,0,0
2026-09-24T16:00:00Z,CDU-B3,HALL-B,24.79,25.06,27.77,1791.0,1762.0,178.2,356.4,20.0,25.76,887.0,36.9,81.6,0.0,15.1,93.0,21.18,0,0
2026-09-24T17:00:00Z,CDU-B3,HALL-B,24.99,25.0,27.93,1817.0,1794.0,183.4,356.3,20.1,25.93,878.0,36.6,82.8,0.0,15.5,93.0,22.11,0,0
2026-09-24T18:00:00Z,CDU-B3,HALL-B,24.98,25.06,27.64,1809.0,1806.0,181.8,321.0,20.1,25.64,832.0,34.6,82.4,0.0,15.4,93.0,21.83,0,0
2026-09-24T19:00:00Z,CDU-B3,HALL-B,24.65,24.65,27.28,1787.0,1771.0,177.4,313.8,19.7,25.28,807.0,33.7,81.4,0.0,15.0,93.0,21.04,0,0
2026-09-24T20:00:00Z,CDU-B3,HALL-B,24.53,24.66,27.34,1799.0,1798.0,179.8,337.4,20.2,25.34,944.0,39.3,81.9,0.0,15.2,93.0,21.46,0,0
2026-09-24T21:00:00Z,CDU-B3,HALL-B,24.89,24.93,27.45,1808.0,1802.0,181.6,309.3,20.1,25.45,829.0,34.5,82.3,0.0,15.3,93.0,21.79,0,0
2026-09-24T22:00:00Z,CDU-B3,HALL-B,24.69,24.84,27.4,1817.0,1814.0,183.4,328.9,20.2,25.4,907.0,37.8,24.8,57.9,15.5,93.0,22.11,0,0
2026-09-24T23:00:00Z,CDU-B3,HALL-B,24.69,24.76,27.33,1799.0,1789.0,179.8,317.7,20.1,25.33,871.0,36.3,0.0,82.0,15.2,93.0,21.46,0,0
2026-09-25T00:00:00Z,CDU-B3,HALL-B,24.88,24.95,27.59,1814.0,1795.0,182.8,328.9,19.8,25.6,815.0,34.0,0.0,82.6,15.5,93.0,22.0,0,0
2026-09-25T01:00:00Z,CDU-B3,HALL-B,24.67,24.73,27.76,1800.0,1793.0,180.0,371.6,20.1,25.76,942.0,39.2,0.0,82.0,15.2,93.0,21.49,0,0
2026-09-25T02:00:00Z,CDU-B3,HALL-B,25.08,25.21,27.83,1812.0,1799.0,182.4,332.5,20.0,25.82,817.0,34.0,0.0,82.6,15.4,93.0,21.92,0,0
2026-09-25T03:00:00Z,CDU-B3,HALL-B,24.9,25.12,27.66,1798.0,1775.0,179.6,332.1,19.9,25.67,828.0,34.5,0.0,81.9,15.2,93.0,21.43,0,0
2026-09-25T04:00:00Z,CDU-B3,HALL-B,24.78,24.95,27.67,1809.0,1804.0,181.8,349.1,20.1,25.67,900.0,37.5,0.0,82.4,15.4,93.0,21.81,0,0
2026-09-25T05:00:00Z,CDU-B3,HALL-B,24.77,24.86,27.84,1802.0,1796.0,180.4,369.1,20.0,25.83,907.0,37.8,0.0,82.1,15.3,93.0,21.57,0,0
2026-09-25T06:00:00Z,CDU-B3,HALL-B,24.84,24.94,27.95,1784.0,1779.0,176.8,370.9,20.0,25.95,895.0,37.2,0.0,81.3,15.0,93.0,20.93,0,0
2026-09-25T07:00:00Z,CDU-B3,HALL-B,25.04,25.14,27.67,1794.0,1785.0,178.9,314.8,20.0,25.67,796.0,33.1,0.0,81.7,15.1,93.0,21.29,0,0
2026-09-25T08:00:00Z,CDU-B3,HALL-B,24.6,24.64,27.4,1795.0,1784.0,179.0,335.6,19.8,25.4,860.0,35.9,0.0,81.7,15.1,93.0,21.32,0,0
2026-09-25T09:00:00Z,CDU-B3,HALL-B,24.72,24.9,27.31,1797.0,1777.0,179.4,311.1,19.8,25.32,811.0,33.8,0.0,81.9,15.2,93.0,21.4,0,0
2026-09-25T10:00:00Z,CDU-B3,HALL-B,24.73,25.02,27.45,1797.0,1767.0,179.4,326.2,19.9,25.45,845.0,35.2,0.0,81.9,15.2,93.0,21.4,0,0
2026-09-25T11:00:00Z,CDU-B3,HALL-B,24.69,24.97,27.33,1801.0,1798.0,180.2,318.1,19.8,25.33,825.0,34.3,0.0,82.1,15.3,93.0,21.53,0,0
2026-09-25T12:00:00Z,CDU-B3,HALL-B,24.73,24.87,27.58,1798.0,1765.0,179.7,342.4,20.3,25.58,931.0,38.8,0.0,81.9,15.2,93.0,21.44,0,0
2026-09-25T13:00:00Z,CDU-B3,HALL-B,25.15,25.17,27.76,1800.0,1794.0,180.0,313.7,20.0,25.76,781.0,32.5,0.0,82.0,15.3,93.0,21.5,0,0
2026-09-25T14:00:00Z,CDU-B3,HALL-B,24.97,25.03,27.66,1782.0,1763.0,176.4,320.5,19.9,25.66,798.0,33.3,0.0,81.2,15.0,93.0,20.88,0,0
2026-09-25T15:00:00Z,CDU-B3,HALL-B,24.96,25.14,27.67,1796.0,1780.0,179.2,324.6,19.8,25.66,794.0,33.1,0.0,81.8,15.2,93.0,21.36,0,0
2026-09-25T16:00:00Z,CDU-B3,HALL-B,25.08,25.34,27.77,1788.0,1784.0,177.6,321.4,20.0,25.77,800.0,33.4,0.0,81.5,15.0,93.0,21.08,0,0
2026-09-25T17:00:00Z,CDU-B3,HALL-B,24.82,24.96,27.49,1789.0,1788.0,177.8,319.4,20.1,25.49,849.0,35.3,0.0,81.5,15.1,93.0,21.12,0,0
2026-09-25T18:00:00Z,CDU-B3,HALL-B,24.55,24.7,27.34,1815.0,1814.0,183.0,338.6,19.9,25.34,893.0,37.2,0.0,82.7,15.5,93.0,22.04,0,0
2026-09-25T19:00:00Z,CDU-B3,HALL-B,24.46,24.58,27.35,1798.0,1793.0,179.7,346.8,20.0,25.36,932.0,38.9,0.0,81.9,15.2,93.0,21.43,0,0
2026-09-25T20:00:00Z,CDU-B3,HALL-B,24.69,24.77,27.66,1794.0,1771.0,178.8,355.6,20.1,25.65,918.0,38.2,0.0,81.7,15.2,93.0,21.3,0,0
2026-09-25T21:00:00Z,CDU-B3,HALL-B,25.04,25.04,27.89,1806.0,1798.0,181.3,343.4,20.0,25.89,838.0,34.9,0.0,82.3,15.3,93.0,21.72,0,0
2026-09-25T22:00:00Z,CDU-B3,HALL-B,25.32,25.35,27.82,1804.0,1801.0,180.8,301.9,20.0,25.83,744.0,31.0,0.0,82.1,15.3,93.0,21.64,0,0
2026-09-25T23:00:00Z,CDU-B3,HALL-B,25.41,25.5,27.94,1791.0,1782.0,178.2,302.2,20.0,25.93,730.0,30.5,0.0,81.6,15.1,93.0,21.18,0,0
2026-09-26T00:00:00Z,CDU-B3,HALL-B,25.4,25.45,27.94,1791.0,1788.0,178.3,303.3,19.9,25.93,721.0,30.0,0.0,81.6,15.1,93.0,21.19,0,0
2026-09-26T01:00:00Z,CDU-B3,HALL-B,25.21,25.25,28.01,1801.0,1789.0,180.2,336.7,20.0,26.01,805.0,33.5,0.0,82.0,15.3,93.0,21.54,0,0
2026-09-26T02:00:00Z,CDU-B3,HALL-B,25.2,25.37,27.92,1798.0,1793.0,179.6,326.7,19.9,25.92,778.0,32.4,0.0,81.9,15.3,93.0,21.43,0,0
2026-09-26T03:00:00Z,CDU-B3,HALL-B,25.1,25.23,27.52,1800.0,1795.0,180.0,290.9,20.3,25.52,800.0,33.3,0.0,82.0,15.3,93.0,21.5,0,0
2026-09-26T04:00:00Z,CDU-B3,HALL-B,25.02,25.08,27.49,1778.0,1773.0,175.6,294.0,20.0,25.5,767.0,32.0,0.0,81.0,14.9,93.0,20.74,0,0
2026-09-26T05:00:00Z,CDU-B3,HALL-B,24.88,25.11,27.62,1789.0,1778.0,177.8,327.9,20.0,25.62,837.0,34.8,0.0,81.5,15.1,93.0,21.11,0,0
2026-09-26T06:00:00Z,CDU-B3,HALL-B,25.12,25.14,27.67,1790.0,1774.0,178.0,305.0,19.9,25.68,759.0,31.7,0.0,81.6,15.2,93.0,21.15,0,0
2026-09-26T07:00:00Z,CDU-B3,HALL-B,25.16,25.32,27.72,1791.0,1787.0,178.2,306.8,19.8,25.72,743.0,31.0,0.0,81.6,15.1,93.0,21.18,0,0
2026-09-26T08:00:00Z,CDU-B3,HALL-B,24.97,25.21,27.73,1779.0,1763.0,175.9,328.0,20.2,25.73,852.0,35.5,0.0,81.1,14.9,93.0,20.78,0,0
2026-09-26T09:00:00Z,CDU-B3,HALL-B,24.91,24.96,27.79,1805.0,1803.0,181.0,346.7,20.3,25.78,907.0,37.8,0.0,82.2,15.4,93.0,21.66,0,0
2026-09-26T10:00:00Z,CDU-B3,HALL-B,24.88,25.27,27.71,1775.0,1758.0,175.1,335.6,20.1,25.71,859.0,35.8,0.0,80.9,14.9,93.0,20.63,0,0
2026-09-26T11:00:00Z,CDU-B3,HALL-B,25.09,25.22,27.94,1806.0,1776.0,181.2,344.3,20.0,25.94,831.0,34.6,0.0,82.3,15.4,93.0,21.71,0,0
2026-09-26T12:00:00Z,CDU-B3,HALL-B,25.3,25.47,27.84,1808.0,1801.0,181.6,306.8,20.1,25.84,767.0,32.0,0.0,82.3,15.5,93.0,21.79,0,0
2026-09-26T13:00:00Z,CDU-B3,HALL-B,25.07,25.25,27.69,1808.0,1802.0,181.6,316.1,20.0,25.69,799.0,33.3,0.0,82.4,15.4,93.0,21.79,0,0
2026-09-26T14:00:00Z,CDU-B3,HALL-B,24.99,25.01,27.83,1795.0,1794.0,179.0,340.6,19.9,25.83,824.0,34.3,0.0,81.8,15.2,93.0,21.32,0,0
2026-09-26T15:00:00Z,CDU-B3,HALL-B,24.71,24.86,27.66,1797.0,1793.0,179.4,353.8,19.8,25.65,866.0,36.2,0.0,81.9,15.3,93.0,21.4,0,0
2026-09-26T16:00:00Z,CDU-B3,HALL-B,24.74,24.76,27.72,1802.0,1772.0,180.5,358.5,19.9,25.72,885.0,36.8,0.0,82.1,15.3,93.0,21.57,0,0
2026-09-26T17:00:00Z,CDU-B3,HALL-B,24.96,25.3,27.7,1800.0,1782.0,180.0,329.2,19.9,25.7,814.0,33.9,0.0,82.0,15.3,93.0,21.5,0,0
2026-09-26T18:00:00Z,CDU-B3,HALL-B,25.16,25.25,27.76,1821.0,1818.0,184.2,316.5,20.2,25.76,816.0,34.0,0.0,83.0,15.7,93.0,22.25,0,0
2026-09-26T19:00:00Z,CDU-B3,HALL-B,25.35,25.39,27.65,1810.0,1799.0,182.0,277.7,19.9,25.64,693.0,28.9,0.0,82.5,15.5,93.0,21.86,0,0
2026-09-26T20:00:00Z,CDU-B3,HALL-B,25.25,25.46,27.42,1809.0,1809.0,181.8,262.8,20.0,25.43,696.0,29.0,0.0,82.5,15.5,93.0,21.82,0,0
2026-09-26T21:00:00Z,CDU-B3,HALL-B,24.97,25.07,27.74,1786.0,1774.0,177.2,330.1,20.1,25.73,839.0,35.0,0.0,81.4,15.1,93.0,21.01,0,0
2026-09-26T22:00:00Z,CDU-B3,HALL-B,24.73,24.82,27.74,1822.0,1814.0,184.4,366.7,20.0,25.75,917.0,38.2,0.0,83.0,15.7,93.0,22.29,0,0
2026-09-26T23:00:00Z,CDU-B3,HALL-B,24.64,24.75,27.6,1809.0,1805.0,181.8,358.2,19.8,25.6,885.0,36.8,0.0,82.4,15.5,93.0,21.83,0,0
2026-09-27T00:00:00Z,CDU-B3,HALL-B,24.75,24.82,27.61,1809.0,1785.0,181.8,345.6,19.8,25.61,854.0,35.5,0.0,82.4,15.5,93.0,21.83,0,0
2026-09-27T01:00:00Z,CDU-B3,HALL-B,24.98,25.17,27.51,1804.0,1803.0,180.8,305.3,20.1,25.5,808.0,33.7,0.0,82.2,15.4,93.0,21.65,0,0
2026-09-27T02:00:00Z,CDU-B3,HALL-B,24.89,25.1,27.66,1808.0,1800.0,181.6,334.1,19.8,25.66,818.0,34.1,0.0,82.3,15.5,93.0,21.79,0,0
2026-09-27T03:00:00Z,CDU-B3,HALL-B,24.61,24.71,27.64,1797.0,1781.0,179.4,363.3,19.9,25.64,910.0,37.9,0.0,81.9,15.3,93.0,21.41,0,0
2026-09-27T04:00:00Z,CDU-B3,HALL-B,25.18,25.34,27.83,1787.0,1779.0,177.4,316.0,20.3,25.83,820.0,34.2,0.0,81.4,15.1,93.0,21.04,0,0
2026-09-27T05:00:00Z,CDU-B3,HALL-B,25.34,25.35,27.76,1791.0,1759.0,178.2,289.1,19.8,25.75,696.0,29.0,0.0,81.6,15.2,93.0,21.2,0,0
2026-09-27T06:00:00Z,CDU-B3,HALL-B,25.35,25.44,27.65,1798.0,1776.0,179.6,276.7,20.0,25.66,703.0,29.3,0.0,81.9,15.3,93.0,21.43,0,0
2026-09-27T07:00:00Z,CDU-B3,HALL-B,25.35,25.44,27.86,1804.0,1803.0,180.9,302.9,19.8,25.86,717.0,29.9,0.0,82.2,15.4,93.0,21.65,0,0
2026-09-27T08:00:00Z,CDU-B3,HALL-B,25.22,25.28,27.8,1793.0,1792.0,178.6,308.6,19.9,25.81,753.0,31.3,0.0,81.7,15.2,93.0,21.25,0,0
2026-09-27T09:00:00Z,CDU-B3,HALL-B,25.28,25.57,27.94,1806.0,1790.0,181.2,320.5,20.1,25.94,788.0,32.9,0.0,82.3,15.5,93.0,21.73,0,0
2026-09-27T10:00:00Z,CDU-B3,HALL-B,25.14,25.17,27.8,1812.0,1799.0,182.5,322.5,20.1,25.81,812.0,33.8,0.0,82.6,15.6,93.0,21.92,0,0
2026-09-27T11:00:00Z,CDU-B3,HALL-B,25.19,25.57,27.52,1803.0,1798.0,180.6,281.1,20.0,25.52,732.0,30.5,0.0,82.1,15.4,93.0,21.6,0,0
2026-09-27T12:00:00Z,CDU-B3,HALL-B,25.25,25.36,27.83,1815.0,1793.0,183.0,313.4,19.9,25.84,758.0,31.6,0.0,82.7,15.6,93.0,22.03,0,0
2026-09-27T13:00:00Z,CDU-B3,HALL-B,25.01,25.1,28.0,1807.0,1781.0,181.4,360.4,20.1,26.0,877.0,36.5,0.0,82.3,15.5,93.0,21.75,0,0
2026-09-27T14:00:00Z,CDU-B3,HALL-B,25.16,25.3,28.14,1820.0,1796.0,184.0,362.4,19.9,26.14,833.0,34.7,0.0,82.9,15.7,93.0,22.21,0,0
2026-09-27T15:00:00Z,CDU-B3,HALL-B,25.44,25.47,28.16,1800.0,1780.0,179.9,326.6,20.0,26.16,761.0,31.7,0.0,82.0,15.4,93.0,21.5,0,0
2026-09-27T16:00:00Z,CDU-B3,HALL-B,24.99,25.08,27.79,1804.0,1797.0,180.8,337.0,19.9,25.79,822.0,34.2,0.0,82.2,15.4,93.0,21.65,0,0
2026-09-27T17:00:00Z,CDU-B3,HALL-B,24.75,24.93,27.63,1794.0,1783.0,178.8,344.9,20.1,25.63,896.0,37.3,0.0,81.7,15.3,93.0,21.28,0,0
2026-09-27T18:00:00Z,CDU-B3,HALL-B,24.99,25.0,27.72,1793.0,1791.0,178.6,326.9,19.9,25.72,807.0,33.6,0.0,81.7,15.3,93.0,21.26,0,0
2026-09-27T19:00:00Z,CDU-B3,HALL-B,24.8,24.82,27.56,1789.0,1757.0,177.8,329.5,20.1,25.56,867.0,36.1,0.0,81.5,15.2,93.0,21.12,0,0
2026-09-27T20:00:00Z,CDU-B3,HALL-B,24.5,24.5,27.51,1800.0,1795.0,180.0,361.7,19.9,25.51,926.0,38.6,0.0,82.0,15.4,93.0,21.51,0,0
2026-09-27T21:00:00Z,CDU-B3,HALL-B,24.72,24.9,27.44,1811.0,1802.0,182.2,329.7,20.0,25.46,870.0,36.3,0.0,82.5,15.6,93.0,21.89,0,0
2026-09-27T22:00:00Z,CDU-B3,HALL-B,25.02,25.02,27.56,1794.0,1779.0,178.8,304.9,20.4,25.56,847.0,35.3,0.0,81.7,15.3,93.0,21.3,0,0
2026-09-27T23:00:00Z,CDU-B3,HALL-B,25.01,25.17,27.54,1791.0,1781.0,178.2,303.2,20.1,25.55,801.0,33.4,0.0,81.6,15.2,93.0,21.18,0,0
2026-08-31T00:00:00Z,CDU-B4,HALL-B,24.65,24.8,24.84,1780.0,1777.0,176.0,22.5,19.8,20.88,300.0,12.5,0.0,81.1,18.6,88.6,20.8,0,0
2026-08-31T01:00:00Z,CDU-B4,HALL-B,24.92,25.09,25.01,1805.0,1796.0,181.0,11.4,20.1,20.71,300.0,12.6,0.0,82.2,19.1,88.6,21.69,0,0
2026-08-31T02:00:00Z,CDU-B4,HALL-B,24.83,24.87,25.01,1814.0,1800.0,182.8,22.2,20.2,21.24,300.0,12.6,0.0,82.7,19.3,88.6,22.0,0,0
2026-08-31T03:00:00Z,CDU-B4,HALL-B,24.91,24.93,25.02,1791.0,1776.0,178.1,13.0,19.9,20.54,300.0,12.5,0.0,81.6,18.8,88.6,21.18,0,0
2026-08-31T04:00:00Z,CDU-B4,HALL-B,24.89,25.0,25.03,1802.0,1778.0,180.4,16.4,20.0,20.8,300.0,12.5,0.0,82.1,19.1,88.6,21.58,0,0
2026-08-31T05:00:00Z,CDU-B4,HALL-B,24.92,25.11,25.12,1818.0,1810.0,183.6,24.7,20.1,21.3,300.0,12.5,0.0,82.8,19.4,88.6,22.15,0,0
2026-08-31T06:00:00Z,CDU-B4,HALL-B,24.73,24.83,25.0,1798.0,1786.0,179.6,32.3,20.1,21.64,300.0,12.5,0.0,81.9,19.0,88.6,21.43,0,0
2026-08-31T07:00:00Z,CDU-B4,HALL-B,24.77,24.97,24.94,1783.0,1780.0,176.7,20.7,20.2,21.22,300.0,12.5,0.0,81.2,18.7,88.6,20.9,0,0
2026-08-31T08:00:00Z,CDU-B4,HALL-B,24.92,25.19,24.86,1786.0,1772.0,177.2,-6.9,20.4,20.62,300.0,12.5,0.0,81.4,18.7,88.6,21.01,0,0
2026-08-31T09:00:00Z,CDU-B4,HALL-B,24.59,24.64,24.71,1794.0,1786.0,178.8,14.4,20.1,20.8,300.0,12.5,0.0,81.8,18.9,88.6,21.29,0,0
2026-08-31T10:00:00Z,CDU-B4,HALL-B,24.68,24.76,24.81,1803.0,1800.0,180.6,15.5,19.9,20.61,300.0,12.5,0.0,82.1,19.1,88.6,21.61,0,0
2026-08-31T11:00:00Z,CDU-B4,HALL-B,24.87,24.93,24.94,1793.0,1789.0,178.6,8.7,20.1,20.5,300.0,12.5,0.0,81.7,18.9,88.6,21.27,0,0
2026-08-31T12:00:00Z,CDU-B4,HALL-B,24.79,24.88,24.93,1800.0,1791.0,180.0,16.9,19.9,20.71,300.0,12.5,0.0,82.0,19.0,88.6,21.5,0,0
2026-08-31T13:00:00Z,CDU-B4,HALL-B,24.96,25.44,24.9,1801.0,1798.0,180.2,-7.7,20.0,20.24,300.0,12.5,0.0,82.0,19.0,88.6,21.53,0,0
2026-08-31T14:00:00Z,CDU-B4,HALL-B,24.75,25.03,24.79,1790.0,1783.0,178.0,4.5,20.1,20.48,300.0,12.5,0.0,81.6,18.8,88.6,21.16,0,0
2026-08-31T15:00:00Z,CDU-B4,HALL-B,24.76,24.95,24.64,1801.0,1797.0,180.3,-14.9,20.0,20.01,300.0,12.6,0.0,82.0,19.1,88.6,21.55,0,0
2026-08-31T16:00:00Z,CDU-B4,HALL-B,24.72,24.87,24.34,1793.0,1783.0,178.6,-45.9,20.0,20.0,300.0,12.5,0.0,81.7,18.9,88.6,21.26,0,0
2026-08-31T17:00:00Z,CDU-B4,HALL-B,25.1,25.22,24.57,1795.0,1788.0,179.0,-63.8,20.0,20.0,300.0,12.6,0.0,81.8,19.0,88.6,21.33,0,0
2026-08-31T18:00:00Z,CDU-B4,HALL-B,25.07,25.24,24.68,1806.0,1789.0,181.2,-46.6,19.8,19.8,300.0,12.5,0.0,82.3,19.2,88.6,21.72,0,0
2026-08-31T19:00:00Z,CDU-B4,HALL-B,24.93,25.19,24.74,1797.0,1792.0,179.4,-22.3,20.2,20.2,300.0,12.5,0.0,81.9,19.0,88.6,21.4,0,0
2026-08-31T20:00:00Z,CDU-B4,HALL-B,25.09,25.13,24.81,1809.0,1783.0,181.8,-34.0,19.9,19.9,300.0,12.5,0.0,82.4,19.2,88.6,21.83,0,0
2026-08-31T21:00:00Z,CDU-B4,HALL-B,25.04,25.13,24.89,1817.0,1814.0,183.5,-18.5,20.0,20.0,300.0,12.5,0.0,82.8,19.4,88.6,22.11,0,0
2026-08-31T22:00:00Z,CDU-B4,HALL-B,25.04,25.27,24.77,1802.0,1802.0,180.4,-31.9,20.1,20.1,300.0,12.5,0.0,82.1,19.1,88.6,21.58,0,0
2026-08-31T23:00:00Z,CDU-B4,HALL-B,25.0,25.09,24.87,1807.0,1788.0,181.5,-16.2,20.1,20.1,300.0,12.5,0.0,82.3,19.2,88.6,21.75,0,0
2026-09-01T00:00:00Z,CDU-B4,HALL-B,24.77,24.88,24.84,1789.0,1786.0,177.7,7.9,19.8,20.16,300.0,12.5,0.0,81.5,18.8,88.6,21.11,0,0
2026-09-01T01:00:00Z,CDU-B4,HALL-B,24.86,24.94,24.95,1817.0,1810.0,183.4,11.2,20.1,20.64,300.0,12.4,0.0,82.8,19.5,88.6,22.1,0,0
2026-09-01T02:00:00Z,CDU-B4,HALL-B,25.01,25.03,25.03,1811.0,1811.0,182.2,2.1,20.1,20.25,300.0,12.5,0.0,82.5,19.3,88.6,21.9,0,0
2026-09-01T03:00:00Z,CDU-B4,HALL-B,24.98,25.19,25.1,1788.0,1771.0,177.6,14.3,20.1,20.77,300.0,12.5,0.0,81.5,18.8,88.6,21.08,0,0
2026-09-01T04:00:00Z,CDU-B4,HALL-B,25.01,25.13,25.05,1815.0,1815.0,182.9,4.3,19.9,20.15,300.0,12.5,0.0,82.7,19.4,88.6,22.03,0,0
2026-09-01T05:00:00Z,CDU-B4,HALL-B,25.06,25.24,24.96,1791.0,1788.0,178.2,-11.6,20.1,20.16,300.0,12.5,0.0,81.6,18.9,88.6,21.18,0,0
2026-09-01T06:00:00Z,CDU-B4,HALL-B,24.9,24.94,25.0,1791.0,1785.0,178.2,12.5,19.8,20.41,300.0,12.5,0.0,81.6,18.9,88.6,21.18,0,0
2026-09-01T07:00:00Z,CDU-B4,HALL-B,24.73,24.8,24.99,1818.0,1797.0,183.6,31.0,20.1,21.55,300.0,12.5,0.0,82.8,19.5,88.6,22.14,0,0
2026-09-01T08:00:00Z,CDU-B4,HALL-B,24.86,25.0,24.95,1805.0,1786.0,181.0,10.6,19.8,20.31,300.0,12.6,0.0,82.2,19.2,88.6,21.67,0,0
2026-09-01T09:00:00Z,CDU-B4,HALL-B,24.99,25.13,25.07,1805.0,1767.0,181.0,9.9,20.0,20.44,300.0,12.5,0.0,82.2,19.2,88.6,21.68,0,0
2026-09-01T10:00:00Z,CDU-B4,HALL-B,25.36,25.58,25.19,1771.0,1770.0,174.2,-20.1,20.0,20.01,300.0,12.5,0.0,80.7,18.5,88.6,20.49,0,0
2026-09-01T11:00:00Z,CDU-B4,HALL-B,25.23,25.52,25.16,1795.0,1795.0,179.0,-8.4,19.9,19.99,300.0,12.6,0.0,81.8,19.0,88.6,21.32,0,0
2026-09-01T12:00:00Z,CDU-B4,HALL-B,24.99,25.01,25.09,1782.0,1773.0,176.4,11.4,20.0,20.54,300.0,12.5,0.0,81.2,18.7,88.6,20.87,0,0
2026-09-01T13:00:00Z,CDU-B4,HALL-B,25.12,25.12,25.08,1806.0,1803.0,181.2,-4.3,20.0,20.0,300.0,12.5,0.0,82.3,19.3,88.6,21.73,0,0
2026-09-01T14:00:00Z,CDU-B4,HALL-B,25.49,25.89,25.17,1798.0,1770.0,179.6,-38.3,19.9,19.9,300.0,12.5,0.0,81.9,19.0,88.6,21.45,0,0
2026-09-01T15:00:00Z,CDU-B4,HALL-B,25.35,25.38,25.15,1783.0,1771.0,176.6,-24.3,19.9,19.9,300.0,12.5,0.0,81.2,18.8,88.6,20.92,0,0
2026-09-01T16:00:00Z,CDU-B4,HALL-B,25.41,25.55,25.11,1807.0,1802.0,181.4,-36.0,19.8,19.8,300.0,12.5,0.0,82.3,19.2,88.6,21.75,0,0
2026-09-01T17:00:00Z,CDU-B4,HALL-B,25.18,25.26,25.08,1787.0,1786.0,177.4,-12.2,19.9,19.9,300.0,12.5,0.0,81.4,18.8,88.6,21.04,0,0
2026-09-01T18:00:00Z,CDU-B4,HALL-B,25.51,25.64,25.19,1801.0,1769.0,180.1,-38.2,20.0,20.0,300.0,12.5,0.0,82.0,19.1,88.6,21.54,0,0
2026-09-01T19:00:00Z,CDU-B4,HALL-B,25.04,25.26,25.05,1807.0,1797.0,181.4,1.2,20.0,20.2,300.0,12.5,0.0,82.3,19.3,88.6,21.75,0,0
2026-09-01T20:00:00Z,CDU-B4,HALL-B,25.28,25.33,25.09,1790.0,1785.0,178.0,-23.1,19.9,19.9,300.0,12.5,0.0,81.5,18.9,88.6,21.16,0,0
2026-09-01T21:00:00Z,CDU-B4,HALL-B,25.48,25.52,25.18,1807.0,1804.0,181.4,-36.8,19.7,19.7,300.0,12.5,0.0,82.3,19.3,88.6,21.75,0,0
2026-09-01T22:00:00Z,CDU-B4,HALL-B,25.09,25.29,24.93,1798.0,1798.0,179.7,-19.2,19.7,19.7,300.0,12.5,0.0,81.9,19.1,88.6,21.42,0,0
2026-09-01T23:00:00Z,CDU-B4,HALL-B,25.28,25.43,24.99,1790.0,1777.0,178.0,-35.3,20.1,20.1,300.0,12.5,0.0,81.5,18.9,88.6,21.15,0,0
2026-09-02T00:00:00Z,CDU-B4,HALL-B,25.77,25.99,25.15,1798.0,1797.0,179.6,-74.2,19.9,19.9,300.0,12.5,0.0,81.9,19.1,88.6,21.42,0,0
2026-09-02T01:00:00Z,CDU-B4,HALL-B,25.21,25.43,25.08,1799.0,1797.0,179.8,-15.7,19.8,19.8,300.0,12.6,0.0,82.0,19.1,88.6,21.46,0,0
2026-09-02T02:00:00Z,CDU-B4,HALL-B,25.17,25.25,24.88,1795.0,1792.0,178.9,-35.3,20.0,20.0,300.0,12.5,0.0,81.7,19.0,88.6,21.32,0,0
2026-09-02T03:00:00Z,CDU-B4,HALL-B,25.18,25.19,25.04,1796.0,1792.0,179.2,-16.7,20.2,20.2,300.0,12.5,0.0,81.8,19.1,88.6,21.37,0,0
2026-09-02T04:00:00Z,CDU-B4,HALL-B,25.12,25.17,25.07,1785.0,1778.0,177.0,-5.5,19.8,19.8,300.0,12.5,0.0,81.3,18.8,88.6,20.97,0,0
2026-09-02T05:00:00Z,CDU-B4,HALL-B,24.9,25.07,25.03,1801.0,1778.0,180.2,15.1,20.0,20.74,300.0,12.5,0.0,82.1,19.1,88.6,21.54,0,0
2026-09-02T06:00:00Z,CDU-B4,HALL-B,25.13,25.15,24.98,1810.0,1781.0,182.0,-18.1,20.1,20.1,300.0,12.5,0.0,82.4,19.4,88.6,21.86,0,0
2026-09-02T07:00:00Z,CDU-B4,HALL-B,24.94,25.2,24.94,1812.0,1794.0,182.5,-0.6,20.1,20.32,300.0,12.5,0.0,82.5,19.4,88.6,21.93,0,0
2026-09-02T08:00:00Z,CDU-B4,HALL-B,24.69,24.83,24.93,1800.0,1782.0,180.0,28.7,19.9,21.3,300.0,12.5,0.0,82.1,19.2,88.6,21.5,0,0
2026-09-02T09:00:00Z,CDU-B4,HALL-B,24.64,24.81,24.84,1791.0,1781.0,178.2,24.2,20.1,21.25,300.0,12.5,0.0,81.6,19.0,88.6,21.19,0,0
2026-09-02T10:00:00Z,CDU-B4,HALL-B,24.8,24.92,24.91,1789.0,1765.0,177.9,12.6,20.0,20.57,300.0,12.5,0.0,81.5,18.9,88.6,21.12,0,0
2026-09-02T11:00:00Z,CDU-B4,HALL-B,24.69,24.74,24.86,1798.0,1792.0,179.6,19.9,20.0,20.95,300.0,12.4,0.0,81.9,19.1,88.6,21.43,0,0
2026-09-02T12:00:00Z,CDU-B4,HALL-B,24.92,25.3,24.76,1791.0,1787.0,178.3,-19.4,20.0,20.12,300.0,12.5,0.0,81.6,19.0,88.6,21.19,0,0
2026-09-02T13:00:00Z,CDU-B4,HALL-B,25.17,25.31,24.87,1797.0,1787.0,179.5,-36.4,19.9,19.9,300.0,12.5,0.0,81.9,19.1,88.6,21.4,0,0
2026-09-02T14:00:00Z,CDU-B4,HALL-B,24.96,25.17,24.97,1793.0,1792.0,178.7,1.5,19.9,20.19,300.0,12.5,0.0,81.7,19.0,88.6,21.26,0,0
2026-09-02T15:00:00Z,CDU-B4,HALL-B,24.93,24.96,25.14,1793.0,1789.0,178.6,25.6,19.8,21.0,300.0,12.6,0.0,81.7,19.0,88.6,21.25,0,0
2026-09-02T16:00:00Z,CDU-B4,HALL-B,24.89,24.93,25.16,1809.0,1803.0,181.8,32.1,20.2,21.73,300.0,12.5,0.0,82.4,19.4,88.6,21.81,0,0
2026-09-02T17:00:00Z,CDU-B4,HALL-B,24.81,24.93,25.02,1803.0,1783.0,180.6,24.9,20.3,21.5,300.0,12.5,0.0,82.1,19.2,88.6,21.6,0,0
2026-09-02T18:00:00Z,CDU-B4,HALL-B,24.49,24.5,25.06,1798.0,1779.0,179.6,68.8,20.0,23.06,323.0,13.4,0.0,81.9,19.1,88.6,21.43,0,0
2026-09-02T19:00:00Z,CDU-B4,HALL-B,24.62,24.79,25.12,1796.0,1783.0,179.2,60.2,19.9,22.73,305.0,12.7,0.0,81.8,19.1,88.6,21.36,0,0
2026-09-02T20:00:00Z,CDU-B4,HALL-B,24.99,25.01,25.16,1796.0,1783.0,179.2,20.8,19.8,20.78,300.0,12.5,0.0,81.8,19.1,88.6,21.36,0,0
2026-09-02T21:00:00Z,CDU-B4,HALL-B,24.96,25.12,25.04,1803.0,1795.0,180.6,9.4,20.2,20.67,300.0,12.5,0.0,82.1,19.3,88.6,21.61,0,0
2026-09-02T22:00:00Z,CDU-B4,HALL-B,24.58,24.73,24.94,1783.0,1781.0,176.6,43.4,20.0,22.08,300.0,12.5,0.0,81.2,18.8,88.6,20.9,0,0
2026-09-02T23:00:00Z,CDU-B4,HALL-B,24.36,24.4,25.03,1800.0,1792.0,180.1,80.8,19.8,23.04,362.0,15.1,0.0,82.0,19.2,88.6,21.5,0,0
2026-09-03T00:00:00Z,CDU-B4,HALL-B,24.79,24.81,25.1,1807.0,1794.0,181.4,37.6,20.1,21.85,300.0,12.5,0.0,82.3,19.4,88.6,21.74,0,0
2026-09-03T01:00:00Z,CDU-B4,HALL-B,24.99,25.03,25.1,1799.0,1792.0,179.8,13.6,19.9,20.54,300.0,12.5,0.0,82.0,19.2,88.6,21.47,0,0
2026-09-03T02:00:00Z,CDU-B4,HALL-B,25.21,25.24,25.2,1790.0,1787.0,178.0,-1.4,20.1,20.12,300.0,12.5,0.0,81.5,19.0,88.6,21.15,0,0
2026-09-03T03:00:00Z,CDU-B4,HALL-B,25.06,25.29,25.23,1780.0,1775.0,176.0,19.7,19.9,20.87,300.0,12.5,0.0,81.1,18.8,88.6,20.8,0,0
2026-09-03T04:00:00Z,CDU-B4,HALL-B,24.98,25.23,25.2,1796.0,1790.0,179.2,26.6,20.1,21.36,300.0,12.5,0.0,81.8,19.1,88.6,21.36,0,0
2026-09-03T05:00:00Z,CDU-B4,HALL-B,25.11,25.18,25.27,1791.0,1774.0,178.2,19.4,20.1,21.01,300.0,12.5,0.0,81.6,19.0,88.6,21.18,0,0
2026-09-03T06:00:00Z,CDU-B4,HALL-B,24.86,24.97,25.19,1806.0,1768.0,181.2,39.6,20.0,21.9,300.0,12.5,0.0,82.3,19.3,88.6,21.73,0,0
2026-09-03T07:00:00Z,CDU-B4,HALL-B,24.93,25.15,25.31,1802.0,1787.0,180.3,46.2,20.0,22.19,303.0,12.7,0.0,82.1,19.2,88.6,21.57,0,0
2026-09-03T08:00:00Z,CDU-B4,HALL-B,24.96,25.12,25.31,1802.0,1784.0,180.4,42.3,20.2,22.25,300.0,12.5,0.0,82.1,19.3,88.6,21.58,0,0
2026-09-03T09:00:00Z,CDU-B4,HALL-B,24.93,24.96,25.31,1807.0,1799.0,181.4,45.6,20.0,22.17,300.0,12.5,0.0,82.3,19.4,88.6,21.75,0,0
2026-09-03T10:00:00Z,CDU-B4,HALL-B,24.35,24.48,25.06,1798.0,1782.0,179.7,85.6,20.1,23.07,416.0,17.3,0.0,81.9,19.2,88.6,21.42,0,0
2026-09-03T11:00:00Z,CDU-B4,HALL-B,23.87,23.91,24.94,1806.0,1788.0,181.2,128.6,20.0,22.94,630.0,26.3,0.0,82.3,19.3,88.6,21.72,0,0
2026-09-03T12:00:00Z,CDU-B4,HALL-B,23.85,24.32,24.84,1811.0,1801.0,182.2,119.6,20.2,22.84,652.0,27.2,0.0,82.5,19.5,88.6,21.89,0,0
2026-09-03T13:00:00Z,CDU-B4,HALL-B,23.82,23.91,24.64,1790.0,1787.0,178.1,98.6,19.9,22.64,516.0,21.5,0.0,81.5,19.0,88.6,21.15,0,0
2026-09-03T14:00:00Z,CDU-B4,HALL-B,23.8,23.82,24.5,1785.0,1778.0,177.1,83.2,19.9,22.5,459.0,19.1,0.0,81.3,18.9,88.6,20.98,0,0
2026-09-03T15:00:00Z,CDU-B4,HALL-B,23.8,23.88,24.58,1804.0,1785.0,180.8,93.9,19.8,22.57,482.0,20.1,0.0,82.2,19.3,88.6,21.64,0,0
2026-09-03T16:00:00Z,CDU-B4,HALL-B,23.81,24.07,24.55,1799.0,1797.0,179.8,88.9,19.9,22.55,482.0,20.1,0.0,82.0,19.2,88.6,21.47,0,0
2026-09-03T17:00:00Z,CDU-B4,HALL-B,24.11,24.13,24.62,1794.0,1786.0,178.8,61.1,19.9,22.62,323.0,13.4,0.0,81.7,19.1,88.6,21.29,0,0
2026-09-03T18:00:00Z,CDU-B4,HALL-B,23.86,23.88,24.57,1804.0,1795.0,180.8,85.1,20.2,22.57,517.0,21.5,0.0,82.2,19.3,88.6,21.65,0,0
2026-09-03T19:00:00Z,CDU-B4,HALL-B,24.06,24.1,24.6,1796.0,1783.0,179.2,64.7,20.3,22.6,402.0,16.7,0.0,81.8,19.2,88.6,21.36,0,0
2026-09-03T20:00:00Z,CDU-B4,HALL-B,24.39,24.5,24.75,1795.0,1787.0,179.1,43.1,20.0,21.99,302.0,12.6,0.0,81.8,19.1,88.6,21.33,0,0
2026-09-03T21:00:00Z,CDU-B4,HALL-B,24.27,24.39,24.53,1789.0,1786.0,177.8,30.9,19.7,21.16,300.0,12.5,0.0,81.5,19.0,88.6,21.11,0,0
2026-09-03T22:00:00Z,CDU-B4,HALL-B,24.44,24.59,24.37,1799.0,1786.0,179.8,-7.9,20.0,20.03,300.0,12.5,0.0,82.0,19.2,88.6,21.47,0,0
2026-09-03T23:00:00Z,CDU-B4,HALL-B,24.46,24.56,24.52,1793.0,1765.0,178.6,7.1,20.0,20.37,300.0,12.5,0.0,81.7,19.1,88.6,21.26,0,0
2026-09-04T00:00:00Z,CDU-B4,HALL-B,24.74,25.15,24.7,1807.0,1804.0,181.4,-4.5,20.2,20.39,300.0,12.5,0.0,82.4,19.4,88.6,21.76,0,0
2026-09-04T01:00:00Z,CDU-B4,HALL-B,24.97,25.11,24.81,1789.0,1776.0,177.9,-19.6,19.9,19.9,300.0,12.5,0.0,81.5,19.0,88.6,21.12,0,0
2026-09-04T02:00:00Z,CDU-B4,HALL-B,25.02,25.06,24.97,1791.0,1771.0,178.2,-5.5,19.8,19.82,300.0,12.5,0.0,81.6,19.1,88.6,21.19,0,0
2026-09-04T03:00:00Z,CDU-B4,HALL-B,25.05,25.1,25.03,1789.0,1778.0,177.8,-2.3,19.9,19.97,300.0,12.5,0.0,81.5,19.0,88.6,21.12,0,0
2026-09-04T04:00:00Z,CDU-B4,HALL-B,25.04,25.29,25.12,1807.0,1798.0,181.5,9.4,19.9,20.42,300.0,12.5,0.0,82.3,19.4,88.6,21.74,0,0
2026-09-04T05:00:00Z,CDU-B4,HALL-B,25.0,25.11,25.1,1794.0,1789.0,178.8,12.3,19.9,20.54,300.0,12.5,0.0,81.7,19.1,88.6,21.29,0,0
2026-09-04T06:00:00Z,CDU-B4,HALL-B,25.4,25.43,25.11,1807.0,1802.0,181.4,-35.0,20.0,20.0,300.0,12.5,0.0,82.3,19.4,88.6,21.75,0,0
2026-09-04T07:00:00Z,CDU-B4,HALL-B,25.13,25.24,25.05,1791.0,1786.0,178.2,-9.4,19.8,19.8,300.0,12.5,0.0,81.6,19.1,88.6,21.18,0,0
2026-09-04T08:00:00Z,CDU-B4,HALL-B,24.83,24.84,24.99,1800.0,1798.0,180.0,19.4,20.2,21.17,300.0,12.5,0.0,82.0,19.2,88.6,21.5,0,0
2026-09-04T09:00:00Z,CDU-B4,HALL-B,24.97,25.08,24.93,1813.0,1802.0,182.6,-4.4,20.2,20.23,300.0,12.5,0.0,82.5,19.6,88.6,21.96,0,0
2026-09-04T10:00:00Z,CDU-B4,HALL-B,24.75,25.07,24.8,1808.0,1779.0,181.6,6.6,19.9,20.42,300.0,12.5,0.0,82.4,19.5,88.6,21.79,0,0
2026-09-04T11:00:00Z,CDU-B4,HALL-B,25.14,25.21,24.78,1808.0,1805.0,181.6,-44.0,19.9,19.9,300.0,12.5,0.0,82.4,19.4,88.6,21.78,0,0
2026-09-04T12:00:00Z,CDU-B4,HALL-B,24.84,25.09,24.74,1801.0,1776.0,180.2,-12.6,19.7,19.8,300.0,12.5,0.0,82.0,19.3,88.6,21.54,0,0
2026-09-04T13:00:00Z,CDU-B4,HALL-B,25.1,25.18,24.82,1799.0,1794.0,179.8,-33.6,19.7,19.7,300.0,12.6,0.0,82.0,19.2,88.6,21.47,0,0
2026-09-04T14:00:00Z,CDU-B4,HALL-B,25.04,25.06,24.78,1803.0,1779.0,180.7,-31.3,19.8,19.8,300.0,12.6,0.0,82.1,19.4,88.6,21.61,0,0
2026-09-04T15:00:00Z,CDU-B4,HALL-B,25.14,25.23,24.9,1805.0,1801.0,180.9,-29.0,20.0,20.0,300.0,12.5,0.0,82.3,19.4,88.6,21.68,0,0
2026-09-04T16:00:00Z,CDU-B4,HALL-B,24.98,25.01,24.91,1794.0,1784.0,178.8,-9.0,19.9,19.9,300.0,12.5,0.0,81.7,19.2,88.6,21.3,0,0
2026-09-04T17:00:00Z,CDU-B4,HALL-B,25.45,25.5,25.14,1801.0,1796.0,180.1,-36.7,19.9,19.9,300.0,12.5,0.0,82.0,19.3,88.6,21.54,0,0
2026-09-04T18:00:00Z,CDU-B4,HALL-B,25.49,25.72,25.09,1812.0,1802.0,182.4,-48.7,19.8,19.8,300.0,12.5,0.0,82.6,19.5,88.6,21.93,0,0
2026-09-04T19:00:00Z,CDU-B4,HALL-B,25.28,25.32,25.07,1802.0,1796.0,180.4,-24.8,19.9,19.9,300.0,12.5,0.0,82.1,19.4,88.6,21.57,0,0
2026-09-04T20:00:00Z,CDU-B4,HALL-B,25.36,25.81,25.07,1801.0,1792.0,180.2,-34.9,19.6,19.6,300.0,12.5,0.0,82.0,19.3,88.6,21.52,0,0
2026-09-04T21:00:00Z,CDU-B4,HALL-B,25.47,25.62,25.12,1806.0,1800.0,181.2,-42.0,20.1,20.1,300.0,12.5,0.0,82.3,19.4,88.6,21.71,0,0
2026-09-04T22:00:00Z,CDU-B4,HALL-B,25.41,25.58,24.98,1805.0,1787.0,181.0,-51.5,19.8,19.8,300.0,12.5,8.2,74.1,19.4,88.6,21.68,0,0
2026-09-04T23:00:00Z,CDU-B4,HALL-B,25.3,25.56,25.07,1796.0,1785.0,179.2,-27.8,20.1,20.1,300.0,12.5,81.8,0.0,19.2,88.6,21.37,0,0
2026-09-05T00:00:00Z,CDU-B4,HALL-B,25.23,25.31,25.15,1823.0,1810.0,184.6,-9.3,19.7,19.7,300.0,12.5,83.0,0.0,19.8,88.6,22.32,0,0
2026-09-05T01:00:00Z,CDU-B4,HALL-B,25.24,25.24,25.29,1803.0,1790.0,180.6,6.1,20.1,20.46,300.0,12.4,82.1,0.0,19.4,88.6,21.61,0,0
2026-09-05T02:00:00Z,CDU-B4,HALL-B,25.34,25.37,25.3,1793.0,1793.0,178.6,-5.0,20.1,20.12,300.0,12.5,81.7,0.0,19.2,88.6,21.26,0,0
2026-09-05T03:00:00Z,CDU-B4,HALL-B,25.3,25.45,25.2,1812.0,1793.0,182.4,-11.8,19.9,19.9,300.0,12.5,82.5,0.0,19.6,88.6,21.93,0,0
2026-09-05T04:00:00Z,CDU-B4,HALL-B,25.36,25.53,25.32,1805.0,1798.0,181.0,-4.6,20.0,20.04,300.0,12.5,82.2,0.0,19.4,88.6,21.68,0,0
2026-09-05T05:00:00Z,CDU-B4,HALL-B,25.46,25.57,25.15,1812.0,1805.0,182.4,-37.2,19.7,19.7,300.0,12.5,82.5,0.0,19.6,88.6,21.93,0,0
2026-09-05T06:00:00Z,CDU-B4,HALL-B,25.46,25.67,25.24,1780.0,1747.0,176.0,-26.3,20.0,20.01,300.0,12.4,81.1,0.0,18.9,88.6,20.8,0,0
2026-09-05T07:00:00Z,CDU-B4,HALL-B,25.05,25.07,25.24,1793.0,1790.0,178.6,22.6,19.8,20.83,300.0,12.5,81.7,0.0,19.2,88.6,21.26,0,0
2026-09-05T08:00:00Z,CDU-B4,HALL-B,25.07,25.14,25.26,1793.0,1776.0,178.6,23.1,19.9,20.99,300.0,12.5,81.7,0.0,19.2,88.6,21.26,0,0
2026-09-05T09:00:00Z,CDU-B4,HALL-B,24.84,25.14,25.18,1799.0,1776.0,179.8,40.6,20.2,22.09,303.0,12.5,82.0,0.0,19.3,88.6,21.46,0,0
2026-09-05T10:00:00Z,CDU-B4,HALL-B,24.69,24.71,25.04,1807.0,1806.0,181.5,41.7,19.9,21.86,300.0,12.5,82.3,0.0,19.5,88.6,21.75,0,0
2026-09-05T11:00:00Z,CDU-B4,HALL-B,24.89,24.98,25.15,1794.0,1782.0,178.8,31.0,20.1,21.57,300.0,12.6,81.7,0.0,19.2,88.6,21.29,0,0
2026-09-05T12:00:00Z,CDU-B4,HALL-B,24.88,24.96,25.25,1781.0,1764.0,176.2,44.3,20.1,22.21,300.0,12.5,81.1,0.0,18.9,88.6,20.84,0,0
2026-09-05T13:00:00Z,CDU-B4,HALL-B,25.07,25.14,25.32,1817.0,1809.0,183.4,30.4,20.3,21.77,300.0,12.5,82.8,0.0,19.7,88.6,22.1,0,0
2026-09-05T14:00:00Z,CDU-B4,HALL-B,25.25,25.39,25.39,1797.0,1785.0,179.4,16.7,19.8,20.63,300.0,12.5,81.8,0.0,19.3,88.6,21.4,0,0
2026-09-05T15:00:00Z,CDU-B4,HALL-B,25.1,25.18,25.4,1771.0,1765.0,174.3,35.7,20.0,21.78,300.0,12.6,80.7,0.0,18.7,88.6,20.5,0,0
2026-09-05T16:00:00Z,CDU-B4,HALL-B,25.08,25.11,25.31,1799.0,1787.0,179.8,27.3,20.0,21.31,300.0,12.5,82.0,0.0,19.3,88.6,21.47,0,0
2026-09-05T17:00:00Z,CDU-B4,HALL-B,25.1,25.16,25.47,1804.0,1768.0,180.8,44.1,20.0,22.11,300.0,12.5,82.2,0.0,19.4,88.6,21.64,0,0
2026-09-05T18:00:00Z,CDU-B4,HALL-B,25.18,25.33,25.5,1810.0,1799.0,182.0,39.3,19.9,21.81,300.0,12.5,82.4,0.0,19.6,88.6,21.85,0,0
2026-09-05T19:00:00Z,CDU-B4,HALL-B,25.59,25.81,25.6,1798.0,1794.0,179.6,1.3,20.1,20.38,300.0,12.5,81.9,0.0,19.3,88.6,21.42,0,0
2026-09-05T20:00:00Z,CDU-B4,HALL-B,25.71,25.75,25.59,1802.0,1767.0,180.4,-14.8,20.1,20.11,300.0,12.5,82.1,0.0,19.4,88.6,21.58,0,0
2026-09-05T21:00:00Z,CDU-B4,HALL-B,25.35,25.75,25.63,1804.0,1798.0,180.8,33.7,20.3,21.93,301.0,12.5,82.2,0.0,19.4,88.6,21.64,0,0
2026-09-05T22:00:00Z,CDU-B4,HALL-B,25.29,25.43,25.7,1794.0,1774.0,178.8,49.1,20.0,22.38,300.0,12.5,81.7,0.0,19.2,88.6,21.29,0,0
2026-09-05T23:00:00Z,CDU-B4,HALL-B,25.16,25.18,25.64,1813.0,1791.0,182.6,58.6,20.1,22.92,300.0,12.6,82.6,0.0,19.6,88.6,21.96,0,0
2026-09-06T00:00:00Z,CDU-B4,HALL-B,25.06,25.25,25.43,1786.0,1772.0,177.2,44.4,20.0,22.14,300.0,12.5,81.4,0.0,19.0,88.6,21.01,0,0
2026-09-06T01:00:00Z,CDU-B4,HALL-B,25.09,25.26,25.11,1796.0,1791.0,179.2,2.9,19.8,20.19,300.0,12.5,81.8,0.0,19.3,88.6,21.36,0,0
2026-09-06T02:00:00Z,CDU-B4,HALL-B,24.98,24.98,25.21,1798.0,1793.0,179.6,27.6,19.9,21.25,300.0,12.5,81.9,0.0,19.3,88.6,21.43,0,0
2026-09-06T03:00:00Z,CDU-B4,HALL-B,24.72,24.84,25.05,1805.0,1787.0,181.0,40.2,19.9,21.86,300.0,12.6,82.2,0.0,19.5,88.6,21.68,0,0
2026-09-06T04:00:00Z,CDU-B4,HALL-B,24.94,25.04,25.14,1814.0,1801.0,182.8,24.2,19.9,21.04,300.0,12.5,82.7,0.0,19.7,88.6,22.01,0,0
2026-09-06T05:00:00Z,CDU-B4,HALL-B,25.03,25.2,25.16,1811.0,1794.0,182.2,16.1,20.0,20.8,300.0,12.5,82.5,0.0,19.6,88.6,21.88,0,0
2026-09-06T06:00:00Z,CDU-B4,HALL-B,25.28,25.39,25.25,1807.0,1805.0,181.4,-3.3,20.0,20.09,300.0,12.5,82.3,0.0,19.5,88.6,21.74,0,0
2026-09-06T07:00:00Z,CDU-B4,HALL-B,25.31,25.41,25.4,1790.0,1774.0,178.0,11.0,20.1,20.64,300.0,12.5,81.5,0.0,19.2,88.6,21.15,0,0
2026-09-06T08:00:00Z,CDU-B4,HALL-B,25.2,25.63,25.34,1802.0,1794.0,180.4,16.7,19.9,20.79,300.0,12.5,82.1,0.0,19.4,88.6,21.58,0,0
2026-09-06T09:00:00Z,CDU-B4,HALL-B,25.17,25.37,25.37,1786.0,1771.0,177.2,23.6,19.9,21.0,300.0,12.4,81.4,0.0,19.1,88.6,21.01,0,0
2026-09-06T10:00:00Z,CDU-B4,HALL-B,24.93,25.11,25.28,1808.0,1784.0,181.6,42.3,19.9,21.93,300.0,12.5,82.4,0.0,19.6,88.6,21.79,0,0
2026-09-06T11:00:00Z,CDU-B4,HALL-B,24.64,24.72,25.04,1800.0,1787.0,180.1,48.4,19.9,22.24,300.0,12.5,82.0,0.0,19.4,88.6,21.51,0,0
2026-09-06T12:00:00Z,CDU-B4,HALL-B,24.62,24.8,25.1,1784.0,1776.0,176.8,56.9,20.0,22.63,303.0,12.6,81.3,0.0,19.0,88.6,20.94,0,0
2026-09-06T13:00:00Z,CDU-B4,HALL-B,24.69,24.9,25.26,1796.0,1789.0,179.3,68.2,20.1,23.13,324.0,13.5,81.8,0.0,19.3,88.6,21.36,0,0
2026-09-06T14:00:00Z,CDU-B4,HALL-B,24.57,24.75,25.32,1798.0,1776.0,179.6,89.5,20.0,23.32,389.0,16.1,81.9,0.0,19.4,88.6,21.44,0,0
2026-09-06T15:00:00Z,CDU-B4,HALL-B,24.6,24.65,25.28,1796.0,1775.0,179.3,81.2,19.9,23.26,343.0,14.3,81.8,0.0,19.3,88.6,21.36,0,0
2026-09-06T16:00:00Z,CDU-B4,HALL-B,24.59,24.77,25.15,1789.0,1771.0,177.8,66.6,20.0,23.03,316.0,13.1,81.5,0.0,19.2,88.6,21.12,0,0
2026-09-06T17:00:00Z,CDU-B4,HALL-B,24.47,24.56,25.35,1810.0,1794.0,182.0,106.7,19.9,23.36,445.0,18.6,82.5,0.0,19.6,88.6,21.85,0,0
2026-09-06T18:00:00Z,CDU-B4,HALL-B,24.82,24.95,25.55,1793.0,1782.0,178.6,87.9,20.4,23.56,402.0,16.8,81.7,0.0,19.3,88.6,21.26,0,0
2026-09-06T19:00:00Z,CDU-B4,HALL-B,25.15,25.44,25.68,1806.0,1793.0,181.2,64.0,19.9,22.9,306.0,12.8,82.2,0.0,19.5,88.6,21.72,0,0
2026-09-06T20:00:00Z,CDU-B4,HALL-B,24.94,25.18,25.61,1795.0,1795.0,178.9,80.7,19.9,23.41,326.0,13.6,81.8,0.0,19.3,88.6,21.32,0,0
2026-09-06T21:00:00Z,CDU-B4,HALL-B,25.18,25.54,25.65,1795.0,1764.0,179.0,55.8,20.1,22.73,303.0,12.6,81.8,0.0,19.3,88.6,21.34,0,0
2026-09-06T22:00:00Z,CDU-B4,HALL-B,25.45,25.58,25.99,1793.0,1782.0,178.6,65.3,20.2,23.26,303.0,12.6,81.7,0.0,19.3,88.6,21.25,0,0
2026-09-06T23:00:00Z,CDU-B4,HALL-B,25.09,25.23,25.98,1803.0,1779.0,180.7,107.2,19.8,23.98,369.0,15.4,82.1,0.0,19.5,88.6,21.61,0,0
2026-09-07T00:00:00Z,CDU-B4,HALL-B,25.33,25.43,26.14,1792.0,1770.0,178.4,96.6,20.0,24.13,334.0,13.9,81.6,0.0,19.2,88.6,21.22,0,0
2026-09-07T01:00:00Z,CDU-B4,HALL-B,25.18,25.26,25.82,1794.0,1786.0,178.8,77.0,19.7,23.29,305.0,12.7,81.8,0.0,19.3,88.6,21.29,0,0
2026-09-07T02:00:00Z,CDU-B4,HALL-B,25.16,25.29,25.66,1780.0,1766.0,176.0,59.3,20.2,23.04,302.0,12.6,81.1,0.0,19.0,88.6,20.8,0,0
2026-09-07T03:00:00Z,CDU-B4,HALL-B,25.05,25.07,25.8,1783.0,1778.0,176.6,89.0,20.0,23.8,336.0,13.9,81.2,0.0,19.1,88.6,20.9,0,0
2026-09-07T04:00:00Z,CDU-B4,HALL-B,24.97,25.16,25.8,1802.0,1768.0,180.4,100.1,20.0,23.79,377.0,15.8,82.1,0.0,19.5,88.6,21.57,0,0
2026-09-07T05:00:00Z,CDU-B4,HALL-B,24.93,24.94,25.79,1808.0,1806.0,181.6,103.6,19.8,23.78,371.0,15.5,82.3,0.0,19.6,88.6,21.79,0,0
2026-09-07T06:00:00Z,CDU-B4,HALL-B,24.74,24.87,25.58,1805.0,1771.0,181.0,101.2,19.8,23.55,388.0,16.2,82.2,0.0,19.6,88.6,21.68,0,0
2026-09-07T07:00:00Z,CDU-B4,HALL-B,25.13,25.21,25.49,1805.0,1796.0,181.1,43.4,20.0,22.11,300.0,12.5,82.2,0.0,19.5,88.6,21.68,0,0
2026-09-07T08:00:00Z,CDU-B4,HALL-B,24.95,24.97,25.66,1803.0,1798.0,180.6,86.1,20.0,23.66,337.0,14.0,82.1,0.0,19.5,88.6,21.61,0,0
2026-09-07T09:00:00Z,CDU-B4,HALL-B,25.27,25.39,25.79,1808.0,1794.0,181.6,62.6,19.8,22.81,300.0,12.6,82.4,0.0,19.6,88.6,21.78,0,0
2026-09-07T10:00:00Z,CDU-B4,HALL-B,25.3,25.4,25.68,1796.0,1794.0,179.2,46.1,20.1,22.31,300.0,12.6,81.8,0.0,19.4,88.6,21.36,0,0
2026-09-07T11:00:00Z,CDU-B4,HALL-B,25.26,25.59,25.69,1807.0,1777.0,181.4,52.1,19.9,22.32,306.0,12.7,82.3,0.0,19.6,88.6,21.76,0,0
2026-09-07T12:00:00Z,CDU-B4,HALL-B,25.4,25.63,25.61,1795.0,1794.0,178.9,24.7,20.0,21.17,300.0,12.5,81.8,0.0,19.3,88.6,21.32,0,0
2026-09-07T13:00:00Z,CDU-B4,HALL-B,24.86,24.91,25.55,1784.0,1783.0,176.8,82.2,20.2,23.56,355.0,14.7,81.3,0.0,19.1,88.6,20.94,0,0
2026-09-07T14:00:00Z,CDU-B4,HALL-B,24.89,25.15,25.72,1795.0,1787.0,179.0,100.0,20.3,23.72,420.0,17.5,81.8,0.0,19.4,88.6,21.34,0,0
2026-09-07T15:00:00Z,CDU-B4,HALL-B,24.88,25.07,25.66,1783.0,1765.0,176.6,93.1,20.1,23.66,378.0,15.8,81.2,0.0,19.1,88.6,20.91,0,0
2026-09-07T16:00:00Z,CDU-B4,HALL-B,25.04,25.19,25.57,1807.0,1781.0,181.4,64.0,19.7,22.66,309.0,12.9,82.3,0.0,19.6,88.6,21.75,0,0
2026-09-07T17:00:00Z,CDU-B4,HALL-B,25.01,25.23,25.37,1795.0,1775.0,179.0,42.7,19.8,21.81,300.0,12.5,81.8,0.0,19.4,88.6,21.33,0,0
2026-09-07T18:00:00Z,CDU-B4,HALL-B,24.86,24.89,25.36,1786.0,1763.0,177.2,59.2,20.1,22.94,300.0,12.4,81.3,0.0,19.2,88.6,21.01,0,0
2026-09-07T19:00:00Z,CDU-B4,HALL-B,24.91,25.15,25.46,1788.0,1770.0,177.6,65.2,20.1,23.1,310.0,12.9,81.4,0.0,19.2,88.6,21.08,0,0
2026-09-07T20:00:00Z,CDU-B4,HALL-B,24.81,24.96,25.66,1809.0,1797.0,181.8,103.0,19.9,23.66,390.0,16.3,82.4,0.0,19.7,88.6,21.81,0,0
2026-09-07T21:00:00Z,CDU-B4,HALL-B,24.93,25.01,25.6,1818.0,1805.0,183.6,81.3,20.0,23.49,335.0,14.0,82.8,0.0,19.9,88.6,22.14,0,0
2026-09-07T22:00:00Z,CDU-B4,HALL-B,24.82,25.04,25.4,1800.0,1777.0,180.0,69.8,19.8,23.1,306.0,12.8,82.0,0.0,19.5,88.6,21.51,0,0
2026-09-07T23:00:00Z,CDU-B4,HALL-B,25.0,25.05,25.67,1795.0,1781.0,179.0,79.9,20.2,23.65,331.0,13.8,81.8,0.0,19.4,88.6,21.32,0,0
2026-09-08T00:00:00Z,CDU-B4,HALL-B,25.43,25.53,25.71,1800.0,1780.0,180.0,33.8,19.8,21.4,300.0,12.5,82.0,0.0,19.5,88.6,21.5,0,0
2026-09-08T01:00:00Z,CDU-B4,HALL-B,25.24,25.51,25.63,1797.0,1785.0,179.4,46.4,19.9,22.14,300.0,12.5,81.9,0.0,19.4,88.6,21.4,0,0
2026-09-08T02:00:00Z,CDU-B4,HALL-B,25.5,25.57,25.75,1818.0,1798.0,183.6,29.8,19.8,21.24,300.0,12.6,82.8,0.0,19.9,88.6,22.14,0,0
2026-09-08T03:00:00Z,CDU-B4,HALL-B,25.42,25.65,25.63,1808.0,1803.0,181.6,25.2,19.8,20.99,300.0,12.5,82.4,0.0,19.7,88.6,21.78,0,0
2026-09-08T04:00:00Z,CDU-B4,HALL-B,25.33,25.51,25.81,1805.0,1801.0,181.0,57.9,20.1,22.88,300.0,12.5,82.2,0.0,19.6,88.6,21.67,0,0
2026-09-08T05:00:00Z,CDU-B4,HALL-B,25.24,25.27,25.73,1795.0,1785.0,179.0,58.4,19.9,22.7,300.0,12.5,81.8,0.0,19.4,88.6,21.33,0,0
2026-09-08T06:00:00Z,CDU-B4,HALL-B,24.88,24.96,25.63,1777.0,1765.0,175.5,89.2,20.1,23.63,363.0,15.1,80.9,0.0,19.0,88.6,20.69,0,0
2026-09-08T07:00:00Z,CDU-B4,HALL-B,24.85,25.0,25.53,1803.0,1793.0,180.6,82.2,19.9,23.34,343.0,14.3,82.2,0.0,19.6,88.6,21.61,0,0
2026-09-08T08:00:00Z,CDU-B4,HALL-B,25.04,25.07,25.54,1810.0,1775.0,181.9,60.0,19.8,22.65,300.0,12.4,82.4,0.0,19.7,88.6,21.86,0,0
2026-09-08T09:00:00Z,CDU-B4,HALL-B,25.01,25.02,25.69,1804.0,1800.0,180.8,81.5,20.0,23.65,322.0,13.4,82.2,0.0,19.6,88.6,21.64,0,0
2026-09-08T10:00:00Z,CDU-B4,HALL-B,25.34,25.43,25.8,1796.0,1784.0,179.2,55.0,19.9,22.53,300.0,12.5,81.8,0.0,19.4,88.6,21.36,0,0
2026-09-08T11:00:00Z,CDU-B4,HALL-B,25.26,25.27,25.79,1806.0,1777.0,181.2,64.1,20.1,23.13,300.0,12.5,82.3,0.0,19.7,88.6,21.71,0,0
2026-09-08T12:00:00Z,CDU-B4,HALL-B,25.45,25.47,25.76,1799.0,1773.0,179.8,37.8,19.9,21.72,300.0,12.5,81.9,0.0,19.5,88.6,21.47,0,0
2026-09-08T13:00:00Z,CDU-B4,HALL-B,25.77,25.93,25.65,1786.0,1764.0,177.3,-14.7,19.9,19.9,300.0,12.5,81.3,0.0,19.2,88.6,21.0,0,0
2026-09-08T14:00:00Z,CDU-B4,HALL-B,25.8,25.83,25.78,1785.0,1766.0,177.0,-2.0,20.2,20.41,300.0,12.5,81.3,0.0,13.8,88.6,20.98,0,0
2026-09-08T15:00:00Z,CDU-B4,HALL-B,25.68,25.99,25.9,1814.0,1804.0,182.8,26.9,19.8,21.11,300.0,12.5,82.6,0.0,14.2,88.6,22.01,0,0
2026-09-08T16:00:00Z,CDU-B4,HALL-B,25.5,25.6,25.88,1803.0,1799.0,180.6,46.3,20.0,22.2,300.0,12.5,82.2,0.0,14.1,88.6,21.6,0,0
2026-09-08T17:00:00Z,CDU-B4,HALL-B,25.45,25.49,25.82,1801.0,1782.0,180.2,44.4,20.1,22.22,300.0,12.5,82.0,0.0,14.0,88.6,21.54,0,0
2026-09-08T18:00:00Z,CDU-B4,HALL-B,24.93,25.01,25.61,1788.0,1784.0,177.5,81.8,20.1,23.59,335.0,14.0,81.4,0.0,13.8,88.6,21.07,0,0
2026-09-08T19:00:00Z,CDU-B4,HALL-B,25.19,25.34,25.94,1797.0,1773.0,179.5,90.0,19.9,23.87,324.0,13.6,81.9,0.0,14.0,88.6,21.4,0,0
2026-09-08T20:00:00Z,CDU-B4,HALL-B,25.08,25.13,25.93,1791.0,1786.0,178.2,101.8,19.8,23.92,352.0,14.6,81.6,0.0,13.9,88.6,21.19,0,0
2026-09-08T21:00:00Z,CDU-B4,HALL-B,25.04,25.23,25.74,1789.0,1776.0,177.8,83.6,20.2,23.71,341.0,14.2,81.5,0.0,13.8,88.6,21.12,0,0
2026-09-08T22:00:00Z,CDU-B4,HALL-B,24.78,24.97,25.56,1800.0,1788.0,180.0,93.7,20.2,23.53,400.0,16.7,82.0,0.0,14.0,88.6,21.5,0,0
2026-09-08T23:00:00Z,CDU-B4,HALL-B,24.84,25.0,25.41,1786.0,1772.0,177.2,68.4,20.1,23.26,312.0,13.0,81.3,0.0,13.8,88.6,21.01,0,0
2026-09-09T00:00:00Z,CDU-B4,HALL-B,24.92,25.14,25.66,1786.0,1783.0,177.3,88.7,20.2,23.58,372.0,15.5,81.4,0.0,13.8,88.6,21.01,0,0
2026-09-09T01:00:00Z,CDU-B4,HALL-B,24.78,24.94,25.71,1797.0,1784.0,179.4,111.5,19.9,23.71,419.0,17.4,81.9,0.0,14.0,88.6,21.39,0,0
2026-09-09T02:00:00Z,CDU-B4,HALL-B,24.81,24.9,25.66,1806.0,1797.0,181.3,103.1,20.1,23.66,415.0,17.2,82.3,0.0,14.1,88.6,21.71,0,0
2026-09-09T03:00:00Z,CDU-B4,HALL-B,24.72,24.82,25.53,1790.0,1772.0,178.0,97.1,20.2,23.53,418.0,17.4,81.6,0.0,13.9,88.6,21.14,0,0
2026-09-09T04:00:00Z,CDU-B4,HALL-B,24.6,24.77,25.55,1799.0,1775.0,179.8,113.8,20.1,23.55,473.0,19.8,81.9,0.0,14.0,88.6,21.47,0,0
2026-09-09T05:00:00Z,CDU-B4,HALL-B,24.83,24.99,25.7,1815.0,1813.0,182.9,105.0,19.9,23.7,400.0,16.6,82.7,0.0,14.3,88.6,22.03,0,0
2026-09-09T06:00:00Z,CDU-B4,HALL-B,25.07,25.18,25.96,1810.0,1809.0,182.0,108.2,20.1,23.97,404.0,16.8,82.5,0.0,14.2,88.6,21.85,0,0
2026-09-09T07:00:00Z,CDU-B4,HALL-B,24.9,25.11,25.8,1804.0,1795.0,180.8,108.7,19.8,23.79,389.0,16.3,82.2,0.0,14.1,88.6,21.65,0,0
2026-09-09T08:00:00Z,CDU-B4,HALL-B,25.02,25.18,25.7,1781.0,1771.0,176.2,81.0,19.9,23.48,320.0,13.4,81.1,0.0,13.7,88.6,20.84,0,0
2026-09-09T09:00:00Z,CDU-B4,HALL-B,24.77,25.01,25.42,1773.0,1768.0,174.7,77.5,19.7,23.15,319.0,13.3,80.8,0.0,13.6,88.6,20.56,0,0
2026-09-09T10:00:00Z,CDU-B4,HALL-B,24.78,25.01,25.76,1795.0,1777.0,179.0,117.9,19.9,23.75,435.0,18.1,81.8,0.0,14.0,88.6,21.33,0,0
2026-09-09T11:00:00Z,CDU-B4,HALL-B,24.81,25.04,25.82,1797.0,1788.0,179.5,120.8,19.9,23.82,443.0,18.5,81.9,0.0,14.0,88.6,21.39,0,0
2026-09-09T12:00:00Z,CDU-B4,HALL-B,24.73,24.83,25.69,1790.0,1749.0,178.0,115.2,20.1,23.69,459.0,19.1,81.5,0.0,13.9,88.6,21.16,0,0
2026-09-09T13:00:00Z,CDU-B4,HALL-B,24.91,25.03,25.55,1801.0,1788.0,180.2,76.6,20.0,23.41,325.0,13.5,82.0,0.0,14.1,88.6,21.54,0,0
2026-09-09T14:00:00Z,CDU-B4,HALL-B,24.98,25.36,25.5,1822.0,1799.0,184.4,62.8,20.0,22.94,307.0,12.8,83.0,0.0,14.4,88.6,22.29,0,0
2026-09-09T15:00:00Z,CDU-B4,HALL-B,25.11,25.24,25.68,1798.0,1785.0,179.6,68.7,19.9,23.16,300.0,12.5,81.9,0.0,14.0,88.6,21.44,0,0
2026-09-09T16:00:00Z,CDU-B4,HALL-B,25.44,25.69,25.89,1805.0,1796.0,181.0,53.9,19.8,22.38,300.0,12.4,82.2,0.0,14.1,88.6,21.68,0,0
2026-09-09T17:00:00Z,CDU-B4,HALL-B,25.2,25.39,25.88,1781.0,1761.0,176.2,81.1,20.0,23.65,317.0,13.3,81.1,0.0,13.8,88.6,20.84,0,0
2026-09-09T18:00:00Z,CDU-B4,HALL-B,25.38,25.42,25.66,1785.0,1780.0,177.0,33.9,19.8,21.43,300.0,12.5,81.3,0.0,13.8,88.6,20.99,0,0
2026-09-09T19:00:00Z,CDU-B4,HALL-B,25.4,25.48,25.57,1808.0,1786.0,181.7,20.4,20.0,21.0,300.0,12.5,82.4,0.0,14.2,88.6,21.78,0,0
2026-09-09T20:00:00Z,CDU-B4,HALL-B,25.43,25.58,25.83,1784.0,1768.0,176.8,47.3,20.0,22.26,300.0,12.5,81.3,0.0,13.8,88.6,20.93,0,0
2026-09-09T21:00:00Z,CDU-B4,HALL-B,25.34,25.56,26.31,1792.0,1787.0,178.4,116.7,20.0,24.28,391.0,16.3,81.6,0.0,14.0,88.6,21.23,0,0
2026-09-09T22:00:00Z,CDU-B4,HALL-B,25.18,25.32,26.26,1806.0,1791.0,181.2,130.8,20.0,24.27,442.0,18.4,82.3,0.0,14.2,88.6,21.71,0,0
2026-09-09T23:00:00Z,CDU-B4,HALL-B,25.06,25.15,26.02,1791.0,1762.0,178.3,114.7,20.1,24.02,419.0,17.5,81.6,0.0,14.0,88.6,21.19,0,0
2026-09-10T00:00:00Z,CDU-B4,HALL-B,25.16,25.31,25.88,1773.0,1743.0,174.7,84.8,20.3,23.86,341.0,14.2,80.8,0.0,13.7,88.6,20.56,0,0
2026-09-10T01:00:00Z,CDU-B4,HALL-B,25.12,25.2,25.92,1805.0,1801.0,181.0,96.0,20.2,23.92,372.0,15.5,82.2,0.0,14.2,88.6,21.69,0,0
2026-09-10T02:00:00Z,CDU-B4,HALL-B,25.16,25.42,26.19,1806.0,1783.0,181.2,124.3,20.3,24.2,461.0,19.3,82.3,0.0,14.2,88.6,21.72,0,0
2026-09-10T03:00:00Z,CDU-B4,HALL-B,25.31,25.32,26.04,1820.0,1785.0,184.0,88.8,20.2,23.99,334.0,13.9,82.9,0.0,14.4,88.6,22.22,0,0
2026-09-10T04:00:00Z,CDU-B4,HALL-B,25.05,25.23,25.81,1786.0,1779.0,177.2,91.2,19.9,23.8,336.0,14.0,81.4,0.0,13.9,88.6,21.01,0,0
2026-09-10T05:00:00Z,CDU-B4,HALL-B,25.22,25.22,25.94,1807.0,1785.0,181.4,86.7,20.1,23.87,329.0,13.6,82.3,0.0,14.2,88.6,21.75,0,0
2026-09-10T06:00:00Z,CDU-B4,HALL-B,25.21,25.33,25.78,1795.0,1779.0,179.0,67.8,20.1,23.25,305.0,12.7,81.8,0.0,14.0,88.6,21.33,0,0
2026-09-10T07:00:00Z,CDU-B4,HALL-B,25.41,25.66,25.93,1815.0,1806.0,183.0,63.7,20.2,23.11,312.0,13.1,82.7,0.0,14.3,88.6,22.03,0,0
2026-09-10T08:00:00Z,CDU-B4,HALL-B,25.28,25.33,25.86,1774.0,1749.0,174.8,68.3,19.6,22.84,300.0,12.6,80.8,0.0,13.7,88.6,20.6,0,0
2026-09-10T09:00:00Z,CDU-B4,HALL-B,25.27,25.48,25.8,1788.0,1750.0,177.6,63.6,20.0,23.04,302.0,12.5,81.4,0.0,13.9,88.6,21.09,0,0
2026-09-10T10:00:00Z,CDU-B4,HALL-B,25.26,25.63,25.8,1789.0,1780.0,177.8,64.6,20.2,23.18,312.0,13.0,81.5,0.0,13.9,88.6,21.12,0,0
2026-09-10T11:00:00Z,CDU-B4,HALL-B,25.4,25.52,26.1,1800.0,1752.0,180.0,83.9,20.0,23.87,310.0,12.9,82.0,0.0,14.1,88.6,21.53,0,0
2026-09-10T12:00:00Z,CDU-B4,HALL-B,25.02,25.23,26.07,1789.0,1775.0,177.8,125.6,20.0,24.06,441.0,18.4,81.5,0.0,13.9,88.6,21.12,0,0
2026-09-10T13:00:00Z,CDU-B4,HALL-B,25.08,25.3,26.02,1812.0,1799.0,182.4,113.6,19.9,24.01,398.0,16.6,82.6,0.0,14.3,88.6,21.92,0,0
2026-09-10T14:00:00Z,CDU-B4,HALL-B,25.28,25.39,25.84,1799.0,1781.0,179.9,67.3,20.0,23.24,300.0,12.5,82.0,0.0,14.1,88.6,21.47,0,0
2026-09-10T15:00:00Z,CDU-B4,HALL-B,25.43,25.44,25.97,1793.0,1786.0,178.7,64.6,20.0,23.06,302.0,12.6,81.7,0.0,14.0,88.6,21.25,0,0
2026-09-10T16:00:00Z,CDU-B4,HALL-B,25.29,25.32,26.01,1797.0,1781.0,179.4,87.0,20.0,23.99,312.0,13.0,81.8,0.0,14.1,88.6,21.41,0,0
2026-09-10T17:00:00Z,CDU-B4,HALL-B,25.43,25.67,26.19,1800.0,1785.0,180.0,91.2,19.9,24.03,319.0,13.2,82.0,0.0,14.1,88.6,21.5,0,0
2026-09-10T18:00:00Z,CDU-B4,HALL-B,25.21,25.5,25.92,1795.0,1793.0,179.0,84.8,20.0,23.78,325.0,13.5,81.8,0.0,14.1,88.6,21.33,0,0
2026-09-10T19:00:00Z,CDU-B4,HALL-B,24.79,24.89,25.77,1791.0,1781.0,178.3,116.9,20.3,23.77,484.0,20.1,81.6,0.0,14.0,88.6,21.18,0,0
2026-09-10T20:00:00Z,CDU-B4,HALL-B,24.84,24.91,25.85,1802.0,1796.0,180.4,121.8,20.0,23.86,453.0,18.8,82.1,0.0,14.2,88.6,21.57,0,0
2026-09-10T21:00:00Z,CDU-B4,HALL-B,24.86,24.89,25.92,1799.0,1766.0,179.8,127.8,19.9,23.92,456.0,19.0,81.9,0.0,14.1,88.6,21.46,0,0
2026-09-10T22:00:00Z,CDU-B4,HALL-B,24.75,24.87,26.06,1803.0,1799.0,180.5,157.4,19.9,24.06,543.0,22.6,82.1,0.0,14.2,88.6,21.61,0,0
2026-09-10T23:00:00Z,CDU-B4,HALL-B,25.0,25.21,26.18,1797.0,1776.0,179.3,141.9,20.2,24.18,512.0,21.3,81.9,0.0,14.1,88.6,21.4,0,0
2026-09-11T00:00:00Z,CDU-B4,HALL-B,24.97,25.1,26.07,1801.0,1790.0,180.2,131.9,20.3,24.06,500.0,20.9,82.0,0.0,14.2,88.6,21.53,0,0
2026-09-11T01:00:00Z,CDU-B4,HALL-B,25.0,25.39,26.05,1797.0,1790.0,179.3,126.6,20.1,24.05,458.0,19.1,81.9,0.0,14.1,88.6,21.39,0,0
2026-09-11T02:00:00Z,CDU-B4,HALL-B,24.79,24.84,26.03,1795.0,1788.0,178.9,148.9,20.3,24.04,574.0,23.9,81.8,0.0,14.1,88.6,21.33,0,0
2026-09-11T03:00:00Z,CDU-B4,HALL-B,24.69,24.75,26.26,1807.0,1787.0,181.4,189.1,19.9,24.25,622.0,25.9,82.4,0.0,14.3,88.6,21.75,0,0
2026-09-11T04:00:00Z,CDU-B4,HALL-B,24.48,24.84,26.19,1809.0,1790.0,181.8,207.2,20.2,24.2,748.0,31.2,82.4,0.0,14.3,88.6,21.82,0,0
2026-09-11T05:00:00Z,CDU-B4,HALL-B,24.16,24.23,25.85,1796.0,1794.0,179.2,202.3,20.1,23.85,775.0,32.3,81.8,0.0,14.1,88.6,21.36,0,0
2026-09-11T06:00:00Z,CDU-B4,HALL-B,24.11,24.29,25.8,1799.0,1791.0,179.8,203.0,20.0,23.8,767.0,31.9,82.0,0.0,14.1,88.6,21.46,0,0
2026-09-11T07:00:00Z,CDU-B4,HALL-B,24.32,24.56,25.9,1794.0,1790.0,178.7,189.0,20.1,23.89,713.0,29.7,81.7,0.0,14.1,88.6,21.29,0,0
2026-09-11T08:00:00Z,CDU-B4,HALL-B,24.52,24.67,26.0,1798.0,1779.0,179.7,177.6,20.1,24.0,655.0,27.3,81.9,0.0,14.1,88.6,21.44,0,0
2026-09-11T09:00:00Z,CDU-B4,HALL-B,24.87,24.98,25.95,1800.0,1790.0,180.0,129.6,19.8,23.95,448.0,18.7,82.0,0.0,14.2,88.6,21.51,0,0
2026-09-11T10:00:00Z,CDU-B4,HALL-B,25.08,25.24,25.91,1795.0,1771.0,179.0,99.6,19.9,23.89,356.0,14.8,81.8,0.0,14.1,88.6,21.32,0,0
2026-09-11T11:00:00Z,CDU-B4,HALL-B,25.12,25.43,26.0,1826.0,1825.0,185.3,107.4,20.0,23.99,386.0,16.0,83.2,0.0,14.6,88.6,22.43,0,0
2026-09-11T12:00:00Z,CDU-B4,HALL-B,25.0,25.17,25.99,1822.0,1821.0,184.5,120.8,20.0,23.99,434.0,18.1,83.0,0.0,14.5,88.6,22.28,0,0
2026-09-11T13:00:00Z,CDU-B4,HALL-B,25.23,25.25,26.25,1802.0,1800.0,180.4,122.7,19.9,24.24,403.0,16.8,82.1,0.0,14.2,88.6,21.57,0,0
2026-09-11T14:00:00Z,CDU-B4,HALL-B,25.1,25.12,26.03,1821.0,1817.0,184.3,113.1,20.1,24.04,415.0,17.3,83.0,0.0,14.5,88.6,22.24,0,0
2026-09-11T15:00:00Z,CDU-B4,HALL-B,25.2,25.23,25.96,1800.0,1776.0,179.9,92.0,20.1,23.96,340.0,14.1,82.0,0.0,14.2,88.6,21.5,0,0
2026-09-11T16:00:00Z,CDU-B4,HALL-B,25.06,25.43,25.98,1804.0,1786.0,180.8,110.3,20.1,23.81,417.0,17.3,82.2,0.0,14.3,88.6,21.64,0,0
2026-09-11T17:00:00Z,CDU-B4,HALL-B,24.78,24.97,26.1,1817.0,1805.0,183.3,159.7,19.9,24.1,548.0,22.8,82.8,0.0,14.5,88.6,22.11,0,0
2026-09-11T18:00:00Z,CDU-B4,HALL-B,24.92,24.93,26.32,1793.0,1780.0,178.6,167.7,20.1,24.32,570.0,23.7,81.7,0.0,14.1,88.6,21.25,0,0
2026-09-11T19:00:00Z,CDU-B4,HALL-B,24.73,24.82,26.24,1787.0,1780.0,177.4,180.7,20.1,24.24,625.0,26.0,81.4,0.0,14.0,88.6,21.05,0,0
2026-09-11T20:00:00Z,CDU-B4,HALL-B,24.84,24.85,26.15,1801.0,1783.0,180.2,157.6,20.0,24.15,545.0,22.7,82.0,0.0,14.2,88.6,21.54,0,0
2026-09-11T21:00:00Z,CDU-B4,HALL-B,24.99,25.01,26.17,1816.0,1815.0,183.2,142.8,20.1,24.17,504.0,21.0,82.7,0.0,14.5,88.6,22.06,0,0
2026-09-11T22:00:00Z,CDU-B4,HALL-B,24.97,25.03,26.03,1791.0,1783.0,178.3,126.3,20.0,24.02,448.0,18.6,73.5,8.2,14.1,88.6,21.18,0,0
2026-09-11T23:00:00Z,CDU-B4,HALL-B,24.94,25.15,26.18,1803.0,1799.0,180.6,149.8,20.0,24.19,516.0,21.5,0.0,82.1,14.2,88.6,21.6,0,0
2026-09-12T00:00:00Z,CDU-B4,HALL-B,24.98,25.06,26.47,1795.0,1772.0,179.1,179.2,19.8,24.47,548.0,22.8,0.0,81.8,14.1,88.6,21.32,0,0
2026-09-12T01:00:00Z,CDU-B4,HALL-B,24.91,25.11,26.34,1795.0,1792.0,179.1,171.3,20.0,24.34,567.0,23.6,0.0,81.8,14.1,88.6,21.33,0,0
2026-09-12T02:00:00Z,CDU-B4,HALL-B,25.01,25.11,26.19,1804.0,1764.0,180.8,142.6,20.0,24.19,487.0,20.3,0.0,82.2,14.3,88.6,21.64,0,0
2026-09-12T03:00:00Z,CDU-B4,HALL-B,24.61,24.75,26.07,1815.0,1813.0,183.0,176.5,19.8,24.06,594.0,24.8,0.0,82.7,14.4,88.6,22.03,0,0
2026-09-12T04:00:00Z,CDU-B4,HALL-B,24.73,24.77,26.24,1794.0,1773.0,178.8,181.0,20.2,24.24,642.0,26.7,0.0,81.7,14.2,88.6,21.28,0,0
2026-09-12T05:00:00Z,CDU-B4,HALL-B,24.84,24.95,26.12,1802.0,1784.0,180.4,153.7,20.2,24.12,564.0,23.5,0.0,82.1,14.2,88.6,21.58,0,0
2026-09-12T06:00:00Z,CDU-B4,HALL-B,24.57,24.94,26.22,1803.0,1801.0,180.7,198.8,19.7,24.22,631.0,26.3,0.0,82.1,14.3,88.6,21.6,0,0
2026-09-12T07:00:00Z,CDU-B4,HALL-B,24.73,24.81,26.26,1807.0,1796.0,181.4,184.9,19.8,24.27,596.0,24.9,0.0,82.3,14.3,88.6,21.75,0,0
2026-09-12T08:00:00Z,CDU-B4,HALL-B,25.03,25.3,26.27,1821.0,1816.0,184.2,150.8,20.0,24.27,508.0,21.1,0.0,83.0,14.6,88.6,22.25,0,0
2026-09-12T09:00:00Z,CDU-B4,HALL-B,25.27,25.36,26.39,1803.0,1775.0,180.6,135.0,20.0,24.39,441.0,18.2,0.0,82.1,14.3,88.6,21.61,0,0
2026-09-12T10:00:00Z,CDU-B4,HALL-B,25.49,25.62,26.34,1792.0,1792.0,178.4,102.1,20.0,24.19,346.0,14.5,0.0,81.6,14.1,88.6,21.21,0,0
2026-09-12T11:00:00Z,CDU-B4,HALL-B,25.54,25.54,26.18,1803.0,1798.0,180.6,77.4,20.2,23.85,303.0,12.6,0.0,82.1,14.3,88.6,21.6,0,0
2026-09-12T12:00:00Z,CDU-B4,HALL-B,25.27,25.42,26.26,1800.0,1790.0,180.0,119.3,20.1,24.26,410.0,17.1,0.0,82.0,14.2,88.6,21.5,0,0
2026-09-12T13:00:00Z,CDU-B4,HALL-B,25.02,25.17,26.24,1810.0,1794.0,182.0,147.2,19.9,24.23,486.0,20.2,0.0,82.5,14.4,88.6,21.85,0,0
2026-09-12T14:00:00Z,CDU-B4,HALL-B,24.78,24.86,26.12,1782.0,1781.0,176.4,159.8,20.1,24.12,569.0,23.7,0.0,81.2,13.9,88.6,20.88,0,0
2026-09-12T15:00:00Z,CDU-B4,HALL-B,25.12,25.25,26.34,1818.0,1803.0,183.7,148.5,19.9,24.35,480.0,20.1,0.0,82.8,14.6,88.6,22.15,0,0
2026-09-12T16:00:00Z,CDU-B4,HALL-B,24.72,24.87,26.1,1794.0,1792.0,178.8,165.1,20.2,24.09,607.0,25.3,0.0,81.8,14.1,88.6,21.29,0,0
2026-09-12T17:00:00Z,CDU-B4,HALL-B,24.94,25.17,26.03,1814.0,1813.0,182.8,131.9,20.2,24.02,494.0,20.6,0.0,82.6,14.5,88.6,22.0,0,0
2026-09-12T18:00:00Z,CDU-B4,HALL-B,24.67,24.69,26.07,1797.0,1795.0,179.4,168.7,19.8,24.07,566.0,23.6,0.0,81.8,14.2,88.6,21.4,0,0
2026-09-12T19:00:00Z,CDU-B4,HALL-B,24.34,24.41,25.96,1807.0,1796.0,181.4,195.1,20.0,23.96,709.0,29.4,0.0,82.3,14.4,88.6,21.74,0,0
2026-09-12T20:00:00Z,CDU-B4,HALL-B,24.37,24.41,25.82,1815.0,1803.0,183.0,175.8,20.2,23.82,695.0,28.9,0.0,82.7,14.5,88.6,22.04,0,0
2026-09-12T21:00:00Z,CDU-B4,HALL-B,24.13,24.26,25.58,1799.0,1796.0,179.8,174.7,20.0,23.59,700.0,29.2,0.0,82.0,14.2,88.6,21.46,0,0
2026-09-12T22:00:00Z,CDU-B4,HALL-B,24.31,24.32,25.58,1803.0,1803.0,180.6,152.5,19.9,23.58,597.0,25.0,0.0,82.1,14.3,88.6,21.61,0,0
2026-09-12T23:00:00Z,CDU-B4,HALL-B,24.54,24.65,25.72,1807.0,1804.0,181.4,142.4,19.9,23.72,536.0,22.3,0.0,82.3,14.4,88.6,21.75,0,0
2026-09-13T00:00:00Z,CDU-B4,HALL-B,24.91,24.95,25.85,1787.0,1767.0,177.4,112.6,20.0,23.85,418.0,17.4,0.0,81.4,14.0,88.6,21.05,0,0
2026-09-13T01:00:00Z,CDU-B4,HALL-B,24.92,25.24,25.78,1804.0,1788.0,180.8,103.6,19.8,23.76,374.0,15.6,0.0,82.2,14.3,88.6,21.65,0,0
2026-09-13T02:00:00Z,CDU-B4,HALL-B,25.08,25.13,25.92,1787.0,1781.0,177.5,100.3,20.0,23.91,364.0,15.2,0.0,81.4,14.1,88.6,21.05,0,0
2026-09-13T03:00:00Z,CDU-B4,HALL-B,25.2,25.25,26.05,1801.0,1795.0,180.2,102.3,20.0,24.03,363.0,15.1,0.0,82.0,14.3,88.6,21.54,0,0
2026-09-13T04:00:00Z,CDU-B4,HALL-B,25.1,25.18,26.03,1799.0,1794.0,179.7,112.3,20.1,24.03,410.0,17.1,0.0,82.0,14.2,88.6,21.46,0,0
2026-09-13T05:00:00Z,CDU-B4,HALL-B,24.92,24.93,26.23,1801.0,1796.0,180.2,157.3,20.1,24.22,544.0,22.6,0.0,82.1,14.3,88.6,21.52,0,0
2026-09-13T06:00:00Z,CDU-B4,HALL-B,24.85,25.08,26.24,1787.0,1757.0,177.4,165.4,20.1,24.23,573.0,23.8,0.0,81.4,14.1,88.6,21.05,0,0
2026-09-13T07:00:00Z,CDU-B4,HALL-B,24.97,25.16,26.25,1801.0,1793.0,180.3,154.4,20.3,24.25,560.0,23.4,0.0,82.0,14.3,88.6,21.54,0,0
2026-09-13T08:00:00Z,CDU-B4,HALL-B,24.87,25.12,26.25,1796.0,1769.0,179.2,165.6,20.0,24.25,558.0,23.3,0.0,81.8,14.2,88.6,21.37,0,0
2026-09-13T09:00:00Z,CDU-B4,HALL-B,24.83,24.97,26.25,1804.0,1802.0,180.8,171.0,20.0,24.25,576.0,23.9,0.0,82.2,14.4,88.6,21.64,0,0
2026-09-13T10:00:00Z,CDU-B4,HALL-B,24.69,24.84,26.38,1797.0,1785.0,179.4,203.4,19.9,24.38,650.0,27.1,0.0,81.9,14.2,88.6,21.39,0,0
2026-09-13T11:00:00Z,CDU-B4,HALL-B,24.49,24.59,26.28,1807.0,1799.0,181.4,216.0,20.0,24.28,725.0,30.2,0.0,82.3,14.4,88.6,21.75,0,0
2026-09-13T12:00:00Z,CDU-B4,HALL-B,24.78,24.86,26.28,1800.0,1791.0,179.9,180.2,20.0,24.28,605.0,25.3,0.0,82.0,14.3,88.6,21.5,0,0
2026-09-13T13:00:00Z,CDU-B4,HALL-B,24.71,24.72,26.11,1796.0,1782.0,179.2,168.5,20.2,24.11,617.0,25.7,0.0,81.8,14.2,88.6,21.36,0,0
2026-09-13T14:00:00Z,CDU-B4,HALL-B,24.71,24.73,26.03,1815.0,1796.0,183.1,160.7,20.0,24.03,570.0,23.8,0.0,82.7,14.5,88.6,22.04,0,0
2026-09-13T15:00:00Z,CDU-B4,HALL-B,24.6,24.77,26.2,1801.0,1789.0,180.3,192.5,20.1,24.2,674.0,28.1,0.0,82.0,14.3,88.6,21.54,0,0
2026-09-13T16:00:00Z,CDU-B4,HALL-B,24.72,24.98,26.39,1805.0,1804.0,181.0,201.6,20.2,24.39,690.0,28.7,0.0,82.2,14.4,88.6,21.68,0,0
2026-09-13T17:00:00Z,CDU-B4,HALL-B,24.48,24.59,26.45,1795.0,1777.0,178.9,236.5,20.0,24.45,762.0,31.7,0.0,81.8,14.2,88.6,21.32,0,0
2026-09-13T18:00:00Z,CDU-B4,HALL-B,24.29,24.33,26.42,1817.0,1804.0,183.4,258.7,20.2,24.42,880.0,36.7,0.0,82.8,14.6,88.6,22.11,0,0
2026-09-13T19:00:00Z,CDU-B4,HALL-B,24.55,24.77,26.23,1822.0,1813.0,184.4,204.7,20.2,24.23,729.0,30.4,0.0,83.0,14.7,88.6,22.28,0,0
2026-09-13T20:00:00Z,CDU-B4,HALL-B,24.87,24.93,26.67,1799.0,1796.0,179.9,216.6,19.8,24.68,639.0,26.6,0.0,82.0,14.3,88.6,21.47,0,0
2026-09-13T21:00:00Z,CDU-B4,HALL-B,24.93,25.07,26.56,1786.0,1754.0,177.3,194.2,20.0,24.55,609.0,25.4,0.0,81.4,14.1,88.6,21.02,0,0
2026-09-13T22:00:00Z,CDU-B4,HALL-B,24.96,25.0,26.55,1797.0,1794.0,179.4,190.3,19.9,24.54,587.0,24.5,0.0,81.8,14.3,88.6,21.41,0,0
2026-09-13T23:00:00Z,CDU-B4,HALL-B,24.86,24.94,26.64,1783.0,1761.0,176.7,212.2,20.1,24.64,671.0,28.1,0.0,81.2,14.1,88.6,20.91,0,0
2026-09-14T00:00:00Z,CDU-B4,HALL-B,24.64,24.79,26.51,1803.0,1793.0,180.5,225.4,20.1,24.51,733.0,30.6,0.0,82.1,14.4,88.6,21.61,0,0
2026-09-14T01:00:00Z,CDU-B4,HALL-B,24.89,25.01,26.77,1787.0,1787.0,177.4,224.0,19.9,24.76,660.0,27.4,0.0,81.4,14.1,88.6,21.04,0,0
2026-09-14T02:00:00Z,CDU-B4,HALL-B,24.89,25.09,26.68,1784.0,1778.0,176.8,213.9,19.9,24.68,639.0,26.7,0.0,81.3,14.1,88.6,20.93,0,0
2026-09-14T03:00:00Z,CDU-B4,HALL-B,25.09,25.22,26.61,1804.0,1797.0,180.8,183.1,20.2,24.61,596.0,24.8,0.0,82.2,14.4,88.6,21.65,0,0
2026-09-14T04:00:00Z,CDU-B4,HALL-B,25.21,25.46,26.71,1820.0,1819.0,184.0,182.7,20.0,24.7,554.0,23.1,0.0,82.9,14.7,88.6,22.21,0,0
2026-09-14T05:00:00Z,CDU-B4,HALL-B,24.86,24.94,26.54,1796.0,1776.0,179.2,202.1,19.9,24.54,622.0,25.9,0.0,81.8,14.3,88.6,21.36,0,0
2026-09-14T06:00:00Z,CDU-B4,HALL-B,25.05,25.15,26.83,1790.0,1789.0,178.0,213.5,20.0,24.83,632.0,26.4,0.0,81.5,14.2,88.6,21.15,0,0
2026-09-14T07:00:00Z,CDU-B4,HALL-B,25.24,25.32,26.61,1799.0,1793.0,179.8,165.2,20.0,24.61,513.0,21.3,0.0,82.0,14.3,88.6,21.47,0,0
2026-09-14T08:00:00Z,CDU-B4,HALL-B,24.87,24.96,26.57,1790.0,1781.0,178.0,203.9,19.9,24.57,625.0,26.0,0.0,81.5,14.2,88.6,21.16,0,0
2026-09-14T09:00:00Z,CDU-B4,HALL-B,25.37,25.4,26.59,1800.0,1780.0,180.0,146.5,20.0,24.59,459.0,19.1,0.0,82.1,14.3,88.6,21.5,0,0
2026-09-14T10:00:00Z,CDU-B4,HALL-B,25.03,25.03,26.22,1796.0,1782.0,179.2,143.2,20.0,24.22,485.0,20.2,0.0,81.8,14.3,88.6,21.36,0,0
2026-09-14T11:00:00Z,CDU-B4,HALL-B,25.05,25.05,26.44,1809.0,1802.0,181.9,167.6,19.8,24.43,517.0,21.5,0.0,82.4,14.5,88.6,21.82,0,0
2026-09-14T12:00:00Z,CDU-B4,HALL-B,24.84,25.0,26.45,1809.0,1796.0,181.8,194.0,20.2,24.45,657.0,27.4,0.0,82.4,14.5,88.6,21.82,0,0
2026-09-14T13:00:00Z,CDU-B4,HALL-B,24.88,24.91,26.36,1786.0,1763.0,177.2,177.1,20.4,24.36,641.0,26.7,0.0,81.4,14.1,88.6,21.01,0,0
2026-09-14T14:00:00Z,CDU-B4,HALL-B,24.75,24.84,26.54,1800.0,1796.0,180.0,214.8,19.9,24.54,665.0,27.7,0.0,82.0,14.4,88.6,21.5,0,0
2026-09-14T15:00:00Z,CDU-B4,HALL-B,25.01,25.13,26.5,1801.0,1789.0,180.2,178.9,20.2,24.49,597.0,24.9,0.0,82.1,14.4,88.6,21.53,0,0
2026-09-14T16:00:00Z,CDU-B4,HALL-B,24.99,25.04,26.61,1804.0,1788.0,180.8,194.8,19.8,24.61,582.0,24.3,0.0,82.2,14.4,88.6,21.63,0,0
2026-09-14T17:00:00Z,CDU-B4,HALL-B,25.29,25.42,26.59,1805.0,1801.0,181.0,156.8,20.0,24.6,492.0,20.5,0.0,82.2,14.5,88.6,21.69,0,0
2026-09-14T18:00:00Z,CDU-B4,HALL-B,24.97,25.0,26.73,1794.0,1791.0,178.9,211.5,20.0,24.73,641.0,26.7,0.0,81.7,14.3,88.6,21.29,0,0
2026-09-14T19:00:00Z,CDU-B4,HALL-B,25.12,25.31,26.78,1815.0,1805.0,183.1,201.0,20.2,24.78,630.0,26.2,0.0,82.7,14.6,88.6,22.03,0,0
2026-09-14T20:00:00Z,CDU-B4,HALL-B,25.14,25.35,26.39,1797.0,1790.0,179.5,149.8,19.7,24.39,459.0,19.1,0.0,81.8,14.3,88.6,21.39,0,0
2026-09-14T21:00:00Z,CDU-B4,HALL-B,25.31,25.34,26.71,1802.0,1758.0,180.4,168.5,20.1,24.71,524.0,21.8,0.0,82.1,14.4,88.6,21.58,0,0
2026-09-14T22:00:00Z,CDU-B4,HALL-B,25.0,25.02,26.55,1775.0,1775.0,175.0,183.5,19.9,24.55,566.0,23.6,0.0,80.8,14.0,88.6,20.64,0,0
2026-09-14T23:00:00Z,CDU-B4,HALL-B,24.69,24.84,26.44,1804.0,1798.0,180.8,210.7,20.0,24.44,683.0,28.5,0.0,82.2,14.4,88.6,21.65,0,0
2026-09-15T00:00:00Z,CDU-B4,HALL-B,24.64,24.85,26.4,1805.0,1785.0,181.0,212.7,20.1,24.41,710.0,29.6,0.0,82.2,14.5,88.6,21.68,0,0
2026-09-15T01:00:00Z,CDU-B4,HALL-B,24.48,24.56,26.32,1787.0,1752.0,177.5,219.7,19.8,24.32,698.0,29.1,0.0,81.4,14.2,88.6,21.04,0,0
2026-09-15T02:00:00Z,CDU-B4,HALL-B,24.54,24.74,26.35,1794.0,1776.0,178.8,216.6,19.8,24.35,683.0,28.5,0.0,81.8,14.3,88.6,21.29,0,0
2026-09-15T03:00:00Z,CDU-B4,HALL-B,24.8,25.0,26.49,1794.0,1790.0,178.8,203.1,20.1,24.5,664.0,27.7,0.0,81.7,14.3,88.6,21.28,0,0
2026-09-15T04:00:00Z,CDU-B4,HALL-B,25.06,25.1,26.76,1799.0,1798.0,179.8,203.9,19.9,24.75,601.0,25.1,0.0,81.9,14.4,88.6,21.48,0,0
2026-09-15T05:00:00Z,CDU-B4,HALL-B,24.79,24.81,26.77,1782.0,1781.0,176.5,235.4,19.8,24.77,681.0,28.4,0.0,81.1,14.1,88.6,20.86,0,0
2026-09-15T06:00:00Z,CDU-B4,HALL-B,24.39,24.61,26.63,1801.0,1795.0,180.2,270.0,20.0,24.64,837.0,34.9,0.0,82.1,14.4,88.6,21.54,0,0
2026-09-15T07:00:00Z,CDU-B4,HALL-B,24.26,24.35,26.45,1788.0,1770.0,177.6,261.2,20.1,24.45,863.0,36.0,0.0,81.4,14.2,88.6,21.08,0,0
2026-09-15T08:00:00Z,CDU-B4,HALL-B,24.24,24.29,26.35,1799.0,1785.0,179.8,253.7,20.0,24.34,835.0,34.7,0.0,81.9,14.4,88.6,21.47,0,0
2026-09-15T09:00:00Z,CDU-B4,HALL-B,24.58,24.79,26.44,1788.0,1779.0,177.7,221.8,19.9,24.44,702.0,29.2,0.0,81.4,14.2,88.6,21.08,0,0
2026-09-15T10:00:00Z,CDU-B4,HALL-B,24.94,25.05,26.65,1790.0,1782.0,178.0,204.1,20.0,24.65,631.0,26.3,0.0,81.5,14.2,88.6,21.15,0,0
2026-09-15T11:00:00Z,CDU-B4,HALL-B,25.24,25.36,26.74,1777.0,1764.0,175.4,178.3,19.9,24.74,529.0,22.1,0.0,80.9,14.0,88.6,20.69,0,0
2026-09-15T12:00:00Z,CDU-B4,HALL-B,25.27,25.67,26.68,1815.0,1791.0,183.1,170.9,19.8,24.68,503.0,21.0,0.0,82.7,14.7,88.6,22.04,0,0
2026-09-15T13:00:00Z,CDU-B4,HALL-B,25.15,25.21,26.74,1789.0,1778.0,177.8,189.8,19.9,24.74,564.0,23.5,0.0,81.5,14.3,88.6,21.12,0,0
2026-09-15T14:00:00Z,CDU-B4,HALL-B,25.21,25.24,26.88,1823.0,1820.0,184.6,203.2,20.0,24.88,597.0,24.9,0.0,83.0,14.8,88.6,22.33,0,0
2026-09-15T15:00:00Z,CDU-B4,HALL-B,25.01,25.18,26.85,1794.0,1782.0,178.8,220.5,20.4,24.85,713.0,29.7,0.0,81.7,14.3,88.6,21.29,0,0
2026-09-15T16:00:00Z,CDU-B4,HALL-B,25.02,25.13,26.74,1785.0,1770.0,177.0,205.6,20.0,24.74,621.0,25.9,0.0,81.3,14.2,88.6,20.98,0,0
2026-09-15T17:00:00Z,CDU-B4,HALL-B,25.01,25.17,26.74,1798.0,1797.0,179.6,207.4,20.1,24.73,641.0,26.7,0.0,81.9,14.4,88.6,21.44,0,0
2026-09-15T18:00:00Z,CDU-B4,HALL-B,24.96,25.18,26.7,1806.0,1801.0,181.2,209.7,20.1,24.7,653.0,27.2,0.0,82.3,14.5,88.6,21.71,0,0
2026-09-15T19:00:00Z,CDU-B4,HALL-B,24.91,25.07,26.9,1801.0,1789.0,180.2,239.9,20.1,24.91,718.0,29.9,0.0,82.0,14.4,88.6,21.52,0,0
2026-09-15T20:00:00Z,CDU-B4,HALL-B,24.82,24.9,26.85,1824.0,1808.0,184.8,247.3,19.9,24.86,718.0,29.9,0.0,83.1,14.8,88.6,22.36,0,0
2026-09-15T21:00:00Z,CDU-B4,HALL-B,24.99,25.17,26.77,1794.0,1790.0,178.9,212.8,19.8,24.77,615.0,25.6,0.0,81.7,14.3,88.6,21.29,0,0
2026-09-15T22:00:00Z,CDU-B4,HALL-B,25.14,25.2,26.87,1793.0,1784.0,178.7,207.8,20.3,24.87,651.0,27.2,0.0,81.7,14.3,88.6,21.25,0,0
2026-09-15T23:00:00Z,CDU-B4,HALL-B,25.22,25.28,26.74,1830.0,1824.0,186.1,185.4,19.9,24.74,550.0,22.9,0.0,83.4,14.9,88.6,22.57,0,0
2026-09-16T00:00:00Z,CDU-B4,HALL-B,25.14,25.35,26.93,1807.0,1788.0,181.4,216.6,20.0,24.93,628.0,26.2,0.0,82.3,14.6,88.6,21.75,0,0
2026-09-16T01:00:00Z,CDU-B4,HALL-B,25.08,25.24,27.04,1795.0,1779.0,179.0,235.5,20.2,25.04,698.0,29.1,0.0,81.8,14.4,88.6,21.32,0,0
2026-09-16T02:00:00Z,CDU-B4,HALL-B,25.27,25.38,26.94,1811.0,1794.0,182.2,202.3,20.0,24.94,586.0,24.4,0.0,82.5,14.6,88.6,21.89,0,0
2026-09-16T03:00:00Z,CDU-B4,HALL-B,24.99,25.12,26.86,1804.0,1801.0,180.8,225.1,19.8,24.85,638.0,26.6,0.0,82.2,14.5,88.6,21.64,0,0
2026-09-16T04:00:00Z,CDU-B4,HALL-B,24.77,24.78,26.54,1802.0,1797.0,180.4,213.2,20.2,24.54,704.0,29.3,0.0,82.1,14.5,88.6,21.57,0,0
2026-09-16T05:00:00Z,CDU-B4,HALL-B,24.75,24.83,26.66,1793.0,1781.0,178.6,228.2,20.0,24.65,702.0,29.3,0.0,81.7,14.4,88.6,21.25,0,0
2026-09-16T06:00:00Z,CDU-B4,HALL-B,25.03,25.03,26.9,1814.0,1812.0,182.8,226.2,20.0,24.9,663.0,27.6,0.0,82.6,14.7,88.6,22.0,0,0
2026-09-16T07:00:00Z,CDU-B4,HALL-B,24.98,25.32,26.98,1788.0,1779.0,177.7,239.2,20.0,24.99,691.0,28.7,0.0,81.4,14.3,88.6,21.08,0,0
2026-09-16T08:00:00Z,CDU-B4,HALL-B,24.98,25.29,26.9,1796.0,1794.0,179.3,230.8,19.8,24.9,649.0,27.0,0.0,81.8,14.4,88.6,21.36,0,0
2026-09-16T09:00:00Z,CDU-B4,HALL-B,25.2,25.35,26.99,1791.0,1775.0,178.2,214.6,20.2,24.99,642.0,26.7,0.0,81.6,14.3,88.6,21.18,0,0
2026-09-16T10:00:00Z,CDU-B4,HALL-B,25.23,25.39,27.06,1817.0,1811.0,183.4,222.6,20.1,25.06,643.0,26.8,0.0,82.8,14.7,88.6,22.11,0,0
2026-09-16T11:00:00Z,CDU-B4,HALL-B,25.08,25.25,26.97,1784.0,1746.0,176.9,224.9,20.0,24.97,650.0,27.0,0.0,81.3,14.2,88.6,20.95,0,0
2026-09-16T12:00:00Z,CDU-B4,HALL-B,24.88,25.12,26.85,1802.0,1785.0,180.4,237.5,20.0,24.85,701.0,29.2,0.0,82.1,14.5,88.6,21.57,0,0
2026-09-16T13:00:00Z,CDU-B4,HALL-B,25.21,25.38,26.8,1784.0,1758.0,176.9,189.3,20.2,24.79,590.0,24.7,0.0,81.3,14.3,88.6,20.95,0,0
2026-09-16T14:00:00Z,CDU-B4,HALL-B,25.45,25.6,26.85,1789.0,1789.0,177.8,167.8,20.1,24.86,507.0,21.2,0.0,81.5,14.3,88.6,21.12,0,0
2026-09-16T15:00:00Z,CDU-B4,HALL-B,25.35,25.44,27.02,1798.0,1778.0,179.6,201.0,19.8,25.02,551.0,23.0,0.0,81.9,14.5,88.6,21.43,0,0
2026-09-16T16:00:00Z,CDU-B4,HALL-B,25.08,25.16,27.0,1783.0,1770.0,176.6,228.4,19.9,24.99,643.0,26.8,0.0,81.3,14.2,88.6,20.91,0,0
2026-09-16T17:00:00Z,CDU-B4,HALL-B,24.89,24.94,26.76,1776.0,1765.0,175.2,221.7,20.1,24.76,684.0,28.4,0.0,80.9,14.1,88.6,20.67,0,0
2026-09-16T18:00:00Z,CDU-B4,HALL-B,25.32,25.36,26.77,1799.0,1798.0,179.8,174.9,20.1,24.77,536.0,22.4,0.0,81.9,14.5,88.6,21.46,0,0
2026-09-16T19:00:00Z,CDU-B4,HALL-B,25.37,25.59,26.77,1794.0,1764.0,178.8,168.2,19.9,24.77,493.0,20.5,0.0,81.7,14.4,88.6,21.3,0,0
2026-09-16T20:00:00Z,CDU-B4,HALL-B,25.38,25.4,26.97,1809.0,1808.0,181.8,192.3,19.9,24.98,545.0,22.7,0.0,82.4,14.6,88.6,21.82,0,0
2026-09-16T21:00:00Z,CDU-B4,HALL-B,25.59,25.77,27.12,1788.0,1785.0,177.7,182.8,20.2,25.12,534.0,22.3,0.0,81.4,14.3,88.6,21.08,0,0
2026-09-16T22:00:00Z,CDU-B4,HALL-B,25.13,25.18,26.95,1792.0,1771.0,178.4,218.1,20.2,24.96,659.0,27.5,0.0,81.6,14.4,88.6,21.22,0,0
2026-09-16T23:00:00Z,CDU-B4,HALL-B,25.17,25.27,27.08,1795.0,1782.0,179.0,228.9,19.8,25.08,622.0,25.8,0.0,81.7,14.4,88.6,21.33,0,0
2026-09-17T00:00:00Z,CDU-B4,HALL-B,25.47,25.67,26.95,1815.0,1809.0,183.0,179.1,20.1,24.95,530.0,22.0,0.0,82.7,14.8,88.6,22.03,0,0
2026-09-17T01:00:00Z,CDU-B4,HALL-B,25.81,25.81,27.24,1794.0,1777.0,178.8,171.9,19.9,25.24,460.0,19.3,0.0,81.7,14.4,88.6,21.29,0,0
2026-09-17T02:00:00Z,CDU-B4,HALL-B,25.76,25.77,27.08,1794.0,1781.0,178.8,158.3,20.0,25.08,446.0,18.6,0.0,81.7,14.4,88.6,21.29,0,0
2026-09-17T03:00:00Z,CDU-B4,HALL-B,25.71,25.76,26.63,1806.0,1798.0,181.2,110.6,20.1,24.63,349.0,14.6,0.0,82.3,14.6,88.6,21.72,0,0
2026-09-17T04:00:00Z,CDU-B4,HALL-B,25.26,25.34,26.61,1808.0,1807.0,181.6,163.7,19.9,24.62,499.0,20.8,0.0,82.3,14.6,88.6,21.79,0,0
2026-09-17T05:00:00Z,CDU-B4,HALL-B,24.98,25.06,26.52,1809.0,1797.0,181.8,186.0,20.1,24.52,605.0,25.2,0.0,82.4,14.7,88.6,21.82,0,0
2026-09-17T06:00:00Z,CDU-B4,HALL-B,25.18,25.45,27.15,1817.0,1802.0,183.4,239.7,20.0,25.15,666.0,27.7,0.0,82.7,14.8,88.6,22.11,0,0
2026-09-17T07:00:00Z,CDU-B4,HALL-B,25.51,25.67,27.3,1815.0,1806.0,183.0,216.9,19.7,25.31,557.0,23.3,0.0,82.7,14.8,88.6,22.04,0,0
2026-09-17T08:00:00Z,CDU-B4,HALL-B,25.2,25.26,27.09,1825.0,1817.0,185.1,230.1,20.1,25.08,661.0,27.6,0.0,83.1,14.9,88.6,22.4,0,0
2026-09-17T09:00:00Z,CDU-B4,HALL-B,25.34,25.49,27.13,1794.0,1786.0,178.7,214.4,20.1,25.13,612.0,25.6,0.0,81.7,14.5,88.6,21.29,0,0
2026-09-17T10:00:00Z,CDU-B4,HALL-B,25.45,25.54,26.91,1798.0,1786.0,179.6,175.8,20.0,24.91,512.0,21.3,0.0,81.9,14.5,88.6,21.43,0,0
2026-09-17T11:00:00Z,CDU-B4,HALL-B,25.19,25.42,27.05,1802.0,1794.0,180.4,223.4,20.1,25.04,647.0,27.0,0.0,82.1,14.6,88.6,21.58,0,0
2026-09-17T12:00:00Z,CDU-B4,HALL-B,25.18,25.19,27.22,1797.0,1787.0,179.4,245.3,20.1,25.21,685.0,28.5,0.0,81.9,14.5,88.6,21.4,0,0
2026-09-17T13:00:00Z,CDU-B4,HALL-B,25.05,25.27,26.97,1787.0,1783.0,177.4,228.8,20.0,24.97,661.0,27.6,0.0,81.5,14.3,88.6,21.04,0,0
2026-09-17T14:00:00Z,CDU-B4,HALL-B,25.02,25.35,26.95,1782.0,1773.0,176.4,229.3,19.9,24.95,652.0,27.1,0.0,81.2,14.2,88.6,20.88,0,0
2026-09-17T15:00:00Z,CDU-B4,HALL-B,24.89,25.18,26.58,1782.0,1772.0,176.4,201.2,19.8,24.58,605.0,25.1,0.0,81.2,14.3,88.6,20.88,0,0
2026-09-17T16:00:00Z,CDU-B4,HALL-B,24.96,25.04,26.94,1806.0,1799.0,181.2,238.8,20.1,24.94,707.0,29.5,0.0,82.3,14.7,88.6,21.71,0,0
2026-09-17T17:00:00Z,CDU-B4,HALL-B,24.69,24.8,26.99,1788.0,1764.0,177.6,275.2,20.1,24.99,807.0,33.6,0.0,81.4,14.3,88.6,21.09,0,0
2026-09-17T18:00:00Z,CDU-B4,HALL-B,24.53,24.64,26.64,1802.0,1795.0,180.4,254.2,20.0,24.64,785.0,32.7,0.0,82.1,14.6,88.6,21.57,0,0
2026-09-17T19:00:00Z,CDU-B4,HALL-B,24.84,24.91,26.87,1807.0,1776.0,181.4,244.5,19.9,24.87,707.0,29.4,0.0,82.3,14.7,88.6,21.76,0,0
2026-09-17T20:00:00Z,CDU-B4,HALL-B,24.71,24.79,26.68,1815.0,1812.0,183.0,239.2,20.1,24.69,751.0,31.3,0.0,82.7,14.8,88.6,22.03,0,0
2026-09-17T21:00:00Z,CDU-B4,HALL-B,24.76,24.79,26.81,1808.0,1799.0,181.6,247.5,20.3,24.81,788.0,32.9,0.0,82.3,14.7,88.6,21.79,0,0
2026-09-17T22:00:00Z,CDU-B4,HALL-B,24.94,25.11,26.89,1805.0,1789.0,181.0,235.5,20.1,24.9,706.0,29.4,0.0,82.2,14.6,88.6,21.68,0,0
2026-09-17T23:00:00Z,CDU-B4,HALL-B,24.89,25.08,26.77,1804.0,1798.0,180.8,226.7,20.0,24.78,683.0,28.5,0.0,82.2,14.6,88.6,21.64,0,0
2026-09-18T00:00:00Z,CDU-B4,HALL-B,25.02,25.09,26.66,1802.0,1791.0,180.4,197.0,20.0,24.65,605.0,25.2,0.0,82.1,14.6,88.6,21.57,0,0
2026-09-18T01:00:00Z,CDU-B4,HALL-B,25.23,25.31,26.48,1812.0,1808.0,182.4,151.6,20.3,24.49,520.0,21.6,0.0,82.5,14.8,88.6,21.92,0,0
2026-09-18T02:00:00Z,CDU-B4,HALL-B,25.29,25.69,26.78,1789.0,1754.0,177.9,177.7,20.0,24.78,534.0,22.3,0.0,81.5,14.4,88.6,21.12,0,0
2026-09-18T03:00:00Z,CDU-B4,HALL-B,25.3,25.41,26.73,1801.0,1783.0,180.2,171.8,20.0,24.72,521.0,21.7,0.0,82.0,14.6,88.6,21.54,0,0
2026-09-18T04:00:00Z,CDU-B4,HALL-B,25.31,25.47,26.66,1804.0,1789.0,180.8,163.1,19.9,24.66,490.0,20.5,0.0,82.2,14.6,88.6,21.64,0,0
2026-09-18T05:00:00Z,CDU-B4,HALL-B,25.01,25.24,26.55,1800.0,1794.0,180.0,185.3,19.9,24.55,572.0,23.8,0.0,82.0,14.6,88.6,21.5,0,0
2026-09-18T06:00:00Z,CDU-B4,HALL-B,24.86,25.0,26.46,1803.0,1790.0,180.6,192.6,20.1,24.46,634.0,26.4,0.0,82.1,14.6,88.6,21.61,0,0
2026-09-18T07:00:00Z,CDU-B4,HALL-B,24.83,24.92,26.64,1802.0,1795.0,180.3,217.8,20.0,24.64,674.0,28.1,0.0,82.1,14.6,88.6,21.57,0,0
2026-09-18T08:00:00Z,CDU-B4,HALL-B,24.73,24.81,26.74,1810.0,1806.0,182.0,243.2,19.9,24.74,720.0,30.0,0.0,82.5,14.8,88.6,21.85,0,0
2026-09-18T09:00:00Z,CDU-B4,HALL-B,24.88,25.23,26.86,1794.0,1785.0,178.8,236.9,20.1,24.86,716.0,29.7,0.0,81.7,14.5,88.6,21.29,0,0
2026-09-18T10:00:00Z,CDU-B4,HALL-B,24.82,24.87,26.53,1790.0,1787.0,178.0,204.1,19.8,24.53,619.0,25.8,0.0,81.6,14.4,88.6,21.16,0,0
2026-09-18T11:00:00Z,CDU-B4,HALL-B,24.84,24.89,26.39,1782.0,1760.0,176.5,184.6,19.9,24.39,589.0,24.5,0.0,81.2,14.3,88.6,20.88,0,0
2026-09-18T12:00:00Z,CDU-B4,HALL-B,24.81,24.9,26.63,1793.0,1770.0,178.5,218.5,20.1,24.63,691.0,28.7,0.0,81.7,14.5,88.6,21.25,0,0
2026-09-18T13:00:00Z,CDU-B4,HALL-B,24.83,24.92,26.71,1799.0,1781.0,179.8,226.3,20.2,24.72,720.0,30.0,0.0,82.0,14.6,88.6,21.47,0,0
2026-09-18T14:00:00Z,CDU-B4,HALL-B,24.77,24.97,26.7,1802.0,1785.0,180.4,232.2,20.2,24.7,742.0,30.9,0.0,82.1,14.6,88.6,21.58,0,0
2026-09-18T15:00:00Z,CDU-B4,HALL-B,24.61,24.7,26.64,1812.0,1788.0,182.4,246.1,20.1,24.64,776.0,32.3,0.0,82.5,14.8,88.6,21.93,0,0
2026-09-18T16:00:00Z,CDU-B4,HALL-B,24.39,24.57,26.53,1785.0,1772.0,177.1,255.8,20.0,24.53,807.0,33.6,0.0,81.3,14.4,88.6,20.98,0,0
2026-09-18T17:00:00Z,CDU-B4,HALL-B,24.43,24.44,26.87,1800.0,1797.0,179.9,293.8,20.1,24.87,883.0,36.8,0.0,82.0,14.6,88.6,21.5,0,0
2026-09-18T18:00:00Z,CDU-B4,HALL-B,24.69,24.72,27.08,1792.0,1785.0,178.4,286.5,20.1,25.08,825.0,34.4,0.0,81.7,14.5,88.6,21.22,0,0
2026-09-18T19:00:00Z,CDU-B4,HALL-B,25.2,25.22,27.0,1792.0,1785.0,178.4,215.8,19.9,25.0,605.0,25.2,0.0,81.6,14.5,88.6,21.21,0,0
2026-09-18T20:00:00Z,CDU-B4,HALL-B,25.04,25.38,26.88,1808.0,1804.0,181.6,222.6,20.0,24.87,652.0,27.1,0.0,82.3,14.7,88.6,21.78,0,0
2026-09-18T21:00:00Z,CDU-B4,HALL-B,25.18,25.23,26.53,1788.0,1774.0,177.6,161.7,19.9,24.53,500.0,20.9,0.0,81.5,14.4,88.6,21.07,0,0
2026-09-18T22:00:00Z,CDU-B4,HALL-B,25.01,25.16,26.68,1816.0,1805.0,183.2,202.6,20.1,24.68,635.0,26.5,8.3,74.5,14.9,88.6,22.07,0,0
2026-09-18T23:00:00Z,CDU-B4,HALL-B,25.16,25.41,26.83,1807.0,1806.0,181.4,201.3,19.9,24.82,586.0,24.4,82.3,0.0,14.8,88.6,21.76,0,0
2026-09-19T00:00:00Z,CDU-B4,HALL-B,25.16,25.23,26.81,1803.0,1793.0,180.6,199.2,20.1,24.82,607.0,25.3,82.1,0.0,14.7,88.6,21.61,0,0
2026-09-19T01:00:00Z,CDU-B4,HALL-B,24.99,25.07,26.91,1785.0,1780.0,177.0,228.9,20.2,24.9,696.0,29.0,81.3,0.0,14.4,88.6,20.98,0,0
2026-09-19T02:00:00Z,CDU-B4,HALL-B,25.51,25.73,26.96,1803.0,1801.0,180.6,175.2,19.8,24.96,486.0,20.3,82.1,0.0,14.7,88.6,21.61,0,0
2026-09-19T03:00:00Z,CDU-B4,HALL-B,25.17,25.35,26.82,1799.0,1783.0,179.7,198.8,20.2,24.82,617.0,25.7,81.9,0.0,14.6,88.6,21.47,0,0
2026-09-19T04:00:00Z,CDU-B4,HALL-B,25.47,25.49,26.99,1812.0,1772.0,182.4,183.7,20.2,24.99,550.0,22.9,82.5,0.0,14.8,88.6,21.93,0,0
2026-09-19T05:00:00Z,CDU-B4,HALL-B,25.81,25.89,26.85,1784.0,1768.0,176.8,124.2,20.0,24.85,366.0,15.2,81.3,0.0,14.4,88.6,20.95,0,0
2026-09-19T06:00:00Z,CDU-B4,HALL-B,25.53,25.63,27.0,1796.0,1793.0,179.2,176.7,19.8,25.0,486.0,20.2,81.8,0.0,14.6,88.6,21.37,0,0
2026-09-19T07:00:00Z,CDU-B4,HALL-B,25.63,25.66,26.96,1795.0,1792.0,179.0,159.6,20.0,24.96,461.0,19.3,81.8,0.0,14.6,88.6,21.32,0,0
2026-09-19T08:00:00Z,CDU-B4,HALL-B,25.69,25.92,27.16,1793.0,1782.0,178.7,176.0,20.0,25.16,491.0,20.5,81.7,0.0,14.5,88.6,21.25,0,0
2026-09-19T09:00:00Z,CDU-B4,HALL-B,25.18,25.18,27.27,1807.0,1793.0,181.4,252.0,20.0,25.27,686.0,28.6,82.3,0.0,14.8,88.6,21.75,0,0
2026-09-19T10:00:00Z,CDU-B4,HALL-B,25.39,25.48,27.28,1792.0,1785.0,178.5,226.5,20.0,25.28,615.0,25.6,81.7,0.0,14.5,88.6,21.22,0,0
2026-09-19T11:00:00Z,CDU-B4,HALL-B,25.3,25.42,27.33,1806.0,1794.0,181.2,245.0,19.9,25.33,647.0,27.0,82.3,0.0,14.7,88.6,21.71,0,0
2026-09-19T12:00:00Z,CDU-B4,HALL-B,25.35,25.51,27.32,1804.0,1804.0,180.8,237.9,20.1,25.32,653.0,27.2,82.2,0.0,14.7,88.6,21.65,0,0
2026-09-19T13:00:00Z,CDU-B4,HALL-B,25.34,25.46,27.16,1800.0,1782.0,180.0,218.3,20.0,25.16,609.0,25.4,82.0,0.0,14.7,88.6,21.5,0,0
2026-09-19T14:00:00Z,CDU-B4,HALL-B,24.86,24.89,27.12,1803.0,1764.0,180.6,272.6,19.9,25.12,749.0,31.2,82.1,0.0,14.7,88.6,21.61,0,0
2026-09-19T15:00:00Z,CDU-B4,HALL-B,24.95,25.06,27.24,1802.0,1792.0,180.4,276.0,20.1,25.24,769.0,32.0,82.1,0.0,14.7,88.6,21.57,0,0
2026-09-19T16:00:00Z,CDU-B4,HALL-B,25.21,25.24,27.5,1791.0,1786.0,178.2,274.1,20.1,25.5,727.0,30.4,81.6,0.0,14.5,88.6,21.19,0,0
2026-09-19T17:00:00Z,CDU-B4,HALL-B,25.32,25.32,27.52,1798.0,1792.0,179.6,263.8,20.2,25.51,711.0,29.6,81.9,0.0,14.7,88.6,21.43,0,0
2026-09-19T18:00:00Z,CDU-B4,HALL-B,25.34,25.51,27.32,1809.0,1806.0,181.8,238.9,19.9,25.31,632.0,26.4,82.4,0.0,14.8,88.6,21.81,0,0
2026-09-19T19:00:00Z,CDU-B4,HALL-B,25.42,25.75,27.37,1813.0,1810.0,182.6,236.3,19.9,25.37,620.0,25.8,82.6,0.0,14.9,88.6,21.97,0,0
2026-09-19T20:00:00Z,CDU-B4,HALL-B,25.21,25.32,27.26,1803.0,1780.0,180.6,246.8,20.0,25.26,674.0,28.1,82.1,0.0,14.7,88.6,21.61,0,0
2026-09-19T21:00:00Z,CDU-B4,HALL-B,25.35,25.46,27.37,1790.0,1783.0,177.9,242.0,19.7,25.37,612.0,25.5,81.5,0.0,14.5,88.6,21.14,0,0
2026-09-19T22:00:00Z,CDU-B4,HALL-B,25.55,25.73,27.27,1816.0,1802.0,183.2,208.7,20.0,25.27,569.0,23.8,82.7,0.0,15.0,88.6,22.07,0,0
2026-09-19T23:00:00Z,CDU-B4,HALL-B,25.21,25.37,27.16,1803.0,1795.0,180.6,234.8,20.1,25.16,666.0,27.8,82.1,0.0,14.7,88.6,21.6,0,0
2026-09-20T00:00:00Z,CDU-B4,HALL-B,25.1,25.22,27.34,1816.0,1808.0,183.3,271.9,19.8,25.34,703.0,29.3,82.7,0.0,15.0,88.6,22.07,0,0
2026-09-20T01:00:00Z,CDU-B4,HALL-B,25.03,25.07,27.43,1786.0,1772.0,177.3,286.1,19.9,25.43,743.0,30.9,81.4,0.0,14.5,88.6,21.01,0,0
2026-09-20T02:00:00Z,CDU-B4,HALL-B,25.04,25.04,27.6,1806.0,1794.0,181.1,309.4,19.8,25.6,765.0,31.9,82.3,0.0,14.8,88.6,21.71,0,0
2026-09-20T03:00:00Z,CDU-B4,HALL-B,25.29,25.45,27.75,1798.0,1768.0,179.6,296.1,20.1,25.75,752.0,31.3,81.9,0.0,14.7,88.6,21.43,0,0
2026-09-20T04:00:00Z,CDU-B4,HALL-B,25.31,25.4,27.68,1798.0,1790.0,179.5,285.1,19.6,25.69,674.0,28.1,81.9,0.0,14.7,88.6,21.43,0,0
2026-09-20T05:00:00Z,CDU-B4,HALL-B,25.13,25.32,27.26,1806.0,1796.0,181.2,256.8,19.8,25.26,675.0,28.1,82.3,0.0,14.8,88.6,21.71,0,0
2026-09-20T06:00:00Z,CDU-B4,HALL-B,25.44,25.5,27.56,1820.0,1816.0,184.0,257.8,19.9,25.56,653.0,27.2,82.9,0.0,15.0,88.6,22.21,0,0
2026-09-20T07:00:00Z,CDU-B4,HALL-B,25.14,25.24,27.71,1794.0,1762.0,178.8,308.6,20.2,25.71,803.0,33.5,81.8,0.0,14.6,88.6,21.3,0,0
2026-09-20T08:00:00Z,CDU-B4,HALL-B,25.26,25.28,27.55,1795.0,1781.0,179.1,274.8,19.9,25.55,698.0,29.1,81.8,0.0,14.6,88.6,21.32,0,0
2026-09-20T09:00:00Z,CDU-B4,HALL-B,25.22,25.24,27.61,1799.0,1786.0,179.8,287.2,20.1,25.6,747.0,31.2,82.0,0.0,14.7,88.6,21.46,0,0
2026-09-20T10:00:00Z,CDU-B4,HALL-B,25.35,25.43,27.61,1808.0,1804.0,181.6,273.4,20.2,25.62,725.0,30.3,82.4,0.0,14.8,88.6,21.79,0,0
2026-09-20T11:00:00Z,CDU-B4,HALL-B,25.49,25.56,27.59,1790.0,1763.0,178.0,251.2,19.9,25.59,634.0,26.4,81.5,0.0,14.5,88.6,21.15,0,0
2026-09-20T12:00:00Z,CDU-B4,HALL-B,25.36,25.45,27.66,1787.0,1771.0,177.4,274.2,19.8,25.66,672.0,28.0,81.4,0.0,14.5,88.6,21.05,0,0
2026-09-20T13:00:00Z,CDU-B4,HALL-B,25.18,25.23,27.58,1797.0,1794.0,179.4,288.3,20.0,25.58,741.0,30.9,81.8,0.0,14.7,88.6,21.39,0,0
2026-09-20T14:00:00Z,CDU-B4,HALL-B,25.21,25.6,27.53,1788.0,1781.0,177.6,277.0,19.9,25.54,707.0,29.5,81.5,0.0,14.5,88.6,21.08,0,0
2026-09-20T15:00:00Z,CDU-B4,HALL-B,25.44,25.58,27.2,1793.0,1782.0,178.6,210.2,19.9,25.19,569.0,23.8,81.7,0.0,14.6,88.6,21.26,0,0
2026-09-20T16:00:00Z,CDU-B4,HALL-B,25.39,25.46,27.15,1787.0,1760.0,177.5,209.7,20.2,25.15,608.0,25.3,81.4,0.0,14.5,88.6,21.05,0,0
2026-09-20T17:00:00Z,CDU-B4,HALL-B,25.39,25.59,27.31,1797.0,1795.0,179.4,230.9,20.0,25.31,623.0,26.0,81.9,0.0,14.7,88.6,21.39,0,0
2026-09-20T18:00:00Z,CDU-B4,HALL-B,25.1,25.12,27.37,1800.0,1782.0,180.0,273.0,20.0,25.37,729.0,30.4,82.0,0.0,14.7,88.6,21.5,0,0
2026-09-20T19:00:00Z,CDU-B4,HALL-B,24.96,24.97,27.22,1798.0,1784.0,179.6,270.9,20.2,25.22,774.0,32.3,81.9,0.0,14.7,88.6,21.44,0,0
2026-09-20T20:00:00Z,CDU-B4,HALL-B,25.06,25.18,27.0,1797.0,1782.0,179.3,232.6,19.9,25.0,656.0,27.3,81.9,0.0,14.7,88.6,21.4,0,0
2026-09-20T21:00:00Z,CDU-B4,HALL-B,24.95,24.95,27.2,1784.0,1780.0,176.9,267.8,20.0,25.2,740.0,30.9,81.3,0.0,14.5,88.6,20.95,0,0
2026-09-20T22:00:00Z,CDU-B4,HALL-B,24.94,24.95,27.21,1783.0,1759.0,176.6,270.9,20.2,25.21,775.0,32.2,81.2,0.0,14.4,88.6,20.91,0,0
2026-09-20T23:00:00Z,CDU-B4,HALL-B,24.6,24.96,27.19,1776.0,1765.0,175.2,307.6,20.1,25.19,867.0,36.1,80.9,0.0,14.3,88.6,20.66,0,0
2026-09-21T00:00:00Z,CDU-B4,HALL-B,24.96,25.04,27.06,1791.0,1778.0,178.3,251.1,20.2,25.06,742.0,30.9,81.6,0.0,14.6,88.6,21.19,0,0
2026-09-21T01:00:00Z,CDU-B4,HALL-B,25.09,25.17,27.0,1798.0,1796.0,179.6,230.0,19.9,25.01,647.0,26.9,81.9,0.0,14.7,88.6,21.43,0,0
2026-09-21T02:00:00Z,CDU-B4,HALL-B,25.01,25.06,27.07,1803.0,1786.0,180.6,247.7,20.0,25.07,702.0,29.2,82.2,0.0,14.8,88.6,21.61,0,0
2026-09-21T03:00:00Z,CDU-B4,HALL-B,25.1,25.17,27.37,1779.0,1774.0,175.9,269.3,20.3,25.36,762.0,31.8,81.0,0.0,14.4,88.6,20.77,0,0
2026-09-21T04:00:00Z,CDU-B4,HALL-B,25.3,25.51,27.41,1798.0,1794.0,179.6,253.7,20.0,25.42,674.0,28.1,81.9,0.0,14.7,88.6,21.44,0,0
2026-09-21T05:00:00Z,CDU-B4,HALL-B,25.09,25.31,27.36,1790.0,1763.0,178.0,271.9,19.8,25.37,702.0,29.3,81.5,0.0,14.6,88.6,21.16,0,0
2026-09-21T06:00:00Z,CDU-B4,HALL-B,25.06,25.23,27.38,1798.0,1771.0,179.6,278.6,19.9,25.38,730.0,30.4,81.9,0.0,14.8,88.6,21.43,0,0
2026-09-21T07:00:00Z,CDU-B4,HALL-B,25.29,25.48,27.47,1815.0,1805.0,183.0,264.3,19.9,25.47,681.0,28.4,82.7,0.0,15.0,88.6,22.03,0,0
2026-09-21T08:00:00Z,CDU-B4,HALL-B,25.37,25.39,27.61,1806.0,1803.0,181.2,270.4,19.9,25.61,679.0,28.3,82.3,0.0,14.9,88.6,21.71,0,0
2026-09-21T09:00:00Z,CDU-B4,HALL-B,25.17,25.27,27.61,1803.0,1802.0,180.6,294.2,20.1,25.61,765.0,31.9,82.1,0.0,14.8,88.6,21.61,0,0
2026-09-21T10:00:00Z,CDU-B4,HALL-B,25.13,25.22,27.61,1800.0,1786.0,180.0,297.8,20.1,25.61,777.0,32.4,82.0,0.0,14.8,88.6,21.5,0,0
2026-09-21T11:00:00Z,CDU-B4,HALL-B,25.44,25.67,27.66,1791.0,1785.0,178.1,265.4,19.9,25.66,662.0,27.5,81.6,0.0,14.6,88.6,21.18,0,0
2026-09-21T12:00:00Z,CDU-B4,HALL-B,25.22,25.45,27.59,1822.0,1821.0,184.4,287.9,20.0,25.58,739.0,30.9,83.0,0.0,15.1,88.6,22.29,0,0
2026-09-21T13:00:00Z,CDU-B4,HALL-B,25.42,25.58,27.45,1802.0,1782.0,180.4,244.2,20.0,25.45,643.0,26.8,82.1,0.0,14.8,88.6,21.57,0,0
2026-09-21T14:00:00Z,CDU-B4,HALL-B,25.66,25.82,27.55,1803.0,1783.0,180.6,227.7,20.0,25.55,588.0,24.5,82.1,0.0,14.8,88.6,21.61,0,0
2026-09-21T15:00:00Z,CDU-B4,HALL-B,25.58,25.62,27.4,1804.0,1798.0,180.8,219.4,20.1,25.41,595.0,24.8,82.2,0.0,14.8,88.6,21.65,0,0
2026-09-21T16:00:00Z,CDU-B4,HALL-B,25.34,25.37,27.45,1808.0,1799.0,181.6,255.4,19.9,25.45,659.0,27.4,82.3,0.0,14.9,88.6,21.78,0,0
2026-09-21T17:00:00Z,CDU-B4,HALL-B,25.5,25.68,27.37,1784.0,1771.0,176.8,223.1,19.9,25.37,585.0,24.4,81.2,0.0,14.5,88.6,20.95,0,0
2026-09-21T18:00:00Z,CDU-B4,HALL-B,25.61,25.76,27.45,1814.0,1777.0,182.8,223.2,20.2,25.46,611.0,25.4,82.6,0.0,15.0,88.6,21.99,0,0
2026-09-21T19:00:00Z,CDU-B4,HALL-B,25.68,25.78,27.52,1817.0,1814.0,183.4,222.9,20.0,25.52,580.0,24.2,82.8,0.0,15.1,88.7,22.11,0,0
2026-09-21T20:00:00Z,CDU-B4,HALL-B,25.77,25.93,27.57,1805.0,1778.0,181.0,217.1,19.9,25.58,550.0,22.8,82.2,0.0,14.9,88.6,21.68,0,0
2026-09-21T21:00:00Z,CDU-B4,HALL-B,25.69,25.76,27.68,1831.0,1813.0,186.2,243.9,20.1,25.69,628.0,26.2,83.4,0.0,15.3,88.6,22.61,0,0
2026-09-21T22:00:00Z,CDU-B4,HALL-B,25.56,26.0,27.82,1785.0,1778.0,177.0,269.2,19.9,25.82,654.0,27.2,81.3,0.0,14.6,88.6,20.98,0,0
2026-09-21T23:00:00Z,CDU-B4,HALL-B,25.56,25.72,27.67,1806.0,1799.0,181.3,254.3,20.0,25.67,644.0,26.8,82.3,0.0,14.9,88.6,21.71,0,0
2026-09-22T00:00:00Z,CDU-B4,HALL-B,25.36,25.46,27.65,1803.0,1801.0,180.7,275.5,19.9,25.65,688.0,28.7,82.1,0.0,14.9,88.6,21.61,0,0
2026-09-22T01:00:00Z,CDU-B4,HALL-B,25.18,25.49,27.47,1803.0,1791.0,180.6,275.7,20.1,25.47,737.0,30.7,82.1,0.0,14.9,88.6,21.6,0,0
2026-09-22T02:00:00Z,CDU-B4,HALL-B,25.35,25.53,27.6,1780.0,1750.0,176.0,267.4,19.7,25.6,650.0,27.1,81.1,0.0,14.5,88.6,20.8,0,0
2026-09-22T03:00:00Z,CDU-B4,HALL-B,25.53,26.05,27.82,1793.0,1791.0,178.7,274.8,20.1,25.83,691.0,28.7,81.7,0.0,14.7,88.6,21.25,0,0
2026-09-22T04:00:00Z,CDU-B4,HALL-B,25.23,25.25,27.66,1795.0,1784.0,178.9,290.8,20.0,25.65,737.0,30.7,81.8,0.0,14.7,88.6,21.33,0,0
2026-09-22T05:00:00Z,CDU-B4,HALL-B,25.33,25.42,27.75,1804.0,1795.0,180.8,291.1,20.2,25.74,753.0,31.4,82.2,0.0,14.9,88.6,21.65,0,0
2026-09-22T06:00:00Z,CDU-B4,HALL-B,25.5,25.95,27.73,1808.0,1802.0,181.6,269.7,19.8,25.74,654.0,27.3,82.4,0.0,14.9,88.6,21.78,0,0
2026-09-22T07:00:00Z,CDU-B4,HALL-B,25.26,25.42,27.48,1794.0,1752.0,178.9,266.7,20.0,25.49,699.0,29.1,81.7,0.0,14.7,88.6,21.3,0,0
2026-09-22T08:00:00Z,CDU-B4,HALL-B,25.39,25.7,27.52,1787.0,1767.0,177.4,254.2,19.9,25.51,649.0,27.1,81.4,0.0,14.6,88.6,21.05,0,0
2026-09-22T09:00:00Z,CDU-B4,HALL-B,25.35,25.38,27.66,1781.0,1768.0,176.2,274.8,20.1,25.66,709.0,29.4,81.1,0.0,14.5,88.6,20.85,0,0
2026-09-22T10:00:00Z,CDU-B4,HALL-B,25.61,25.78,27.63,1813.0,1799.0,182.6,245.0,19.8,25.63,603.0,25.1,82.6,0.0,15.0,88.6,21.96,0,0
2026-09-22T11:00:00Z,CDU-B4,HALL-B,25.54,25.55,27.73,1784.0,1768.0,176.9,260.8,19.9,25.73,642.0,26.8,81.3,0.0,14.6,88.6,20.94,0,0
2026-09-22T12:00:00Z,CDU-B4,HALL-B,25.39,25.4,27.6,1791.0,1788.0,178.2,264.4,19.9,25.6,665.0,27.8,81.6,0.0,14.7,88.6,21.18,0,0
2026-09-22T13:00:00Z,CDU-B4,HALL-B,25.47,25.48,27.51,1798.0,1781.0,179.6,245.6,19.9,25.52,629.0,26.2,81.9,0.0,14.8,88.6,21.43,0,0
2026-09-22T14:00:00Z,CDU-B4,HALL-B,25.32,25.41,27.41,1800.0,1799.0,180.0,251.5,19.8,25.41,643.0,26.7,82.0,0.0,14.8,88.6,21.49,0,0
2026-09-22T15:00:00Z,CDU-B4,HALL-B,25.17,25.26,27.47,1799.0,1798.0,179.8,276.7,20.1,25.47,739.0,30.8,82.0,0.0,14.8,88.6,21.47,0,0
2026-09-22T16:00:00Z,CDU-B4,HALL-B,25.07,25.25,27.32,1795.0,1783.0,179.0,269.6,20.2,25.32,756.0,31.5,81.8,0.0,14.8,88.6,21.32,0,0
2026-09-22T17:00:00Z,CDU-B4,HALL-B,24.76,24.81,27.48,1798.0,1784.0,179.5,327.1,20.2,25.49,890.0,37.1,81.9,0.0,14.8,88.6,21.43,0,0
2026-09-22T18:00:00Z,CDU-B4,HALL-B,24.87,24.87,27.58,1809.0,1796.0,181.8,327.9,20.0,25.58,842.0,35.1,82.4,0.0,15.0,88.6,21.82,0,0
2026-09-22T19:00:00Z,CDU-B4,HALL-B,24.64,24.71,27.65,1803.0,1799.0,180.6,363.1,19.9,25.66,906.0,37.8,82.2,0.0,14.9,88.6,21.61,0,0
2026-09-22T20:00:00Z,CDU-B4,HALL-B,24.77,24.81,27.8,1797.0,1790.0,179.3,364.1,20.2,25.8,933.0,38.9,81.9,0.0,14.8,88.6,21.39,0,0
2026-09-22T21:00:00Z,CDU-B4,HALL-B,24.82,24.84,27.41,1795.0,1786.0,179.0,311.0,19.9,25.42,810.0,33.7,81.8,0.0,14.8,88.6,21.33,0,0
2026-09-22T22:00:00Z,CDU-B4,HALL-B,24.91,25.12,27.55,1808.0,1799.0,181.6,318.8,19.8,25.54,795.0,33.1,82.4,0.0,15.0,88.6,21.8,0,0
2026-09-22T23:00:00Z,CDU-B4,HALL-B,24.87,25.08,27.76,1808.0,1793.0,181.5,349.1,19.9,25.75,854.0,35.6,82.4,0.0,15.0,88.6,21.79,0,0
2026-09-23T00:00:00Z,CDU-B4,HALL-B,24.68,24.68,27.67,1807.0,1806.0,181.4,360.8,20.1,25.66,928.0,38.7,82.3,0.0,15.0,88.6,21.75,0,0
2026-09-23T01:00:00Z,CDU-B4,HALL-B,25.06,25.08,27.86,1798.0,1784.0,179.6,336.7,20.0,25.86,824.0,34.3,81.9,0.0,14.8,88.6,21.43,0,0
2026-09-23T02:00:00Z,CDU-B4,HALL-B,25.12,25.34,27.73,1802.0,1788.0,180.4,314.8,19.8,25.74,761.0,31.6,82.1,0.0,14.9,88.6,21.58,0,0
2026-09-23T03:00:00Z,CDU-B4,HALL-B,25.14,25.24,27.7,1796.0,1795.0,179.2,307.2,19.9,25.7,761.0,31.7,81.8,0.0,14.8,88.6,21.36,0,0
2026-09-23T04:00:00Z,CDU-B4,HALL-B,25.08,25.31,27.75,1801.0,1773.0,180.2,321.5,20.0,25.75,802.0,33.5,82.0,0.0,14.9,88.6,21.53,0,0
2026-09-23T05:00:00Z,CDU-B4,HALL-B,24.82,24.88,27.62,1796.0,1786.0,179.2,335.6,19.9,25.61,841.0,35.1,81.8,0.0,14.8,88.6,21.36,0,0
2026-09-23T06:00:00Z,CDU-B4,HALL-B,25.03,25.05,27.59,1816.0,1815.0,183.2,310.4,20.0,25.59,797.0,33.2,82.7,0.0,15.1,88.6,22.07,0,0
2026-09-23T07:00:00Z,CDU-B4,HALL-B,24.97,25.0,27.31,1786.0,1773.0,177.2,279.5,20.1,25.31,769.0,32.1,81.4,0.0,14.7,88.6,21.0,0,0
2026-09-23T08:00:00Z,CDU-B4,HALL-B,24.98,25.2,27.5,1801.0,1782.0,180.2,302.8,20.0,25.49,790.0,32.8,82.0,0.0,14.9,88.6,21.53,0,0
2026-09-23T09:00:00Z,CDU-B4,HALL-B,24.42,24.61,27.44,1808.0,1801.0,181.6,365.1,20.1,25.44,981.0,40.9,82.4,0.0,15.0,88.6,21.78,0,0
2026-09-23T10:00:00Z,CDU-B4,HALL-B,24.4,24.69,27.51,1795.0,1764.0,179.1,373.4,20.1,25.51,990.0,41.3,81.8,0.0,14.8,88.6,21.33,0,0
2026-09-23T11:00:00Z,CDU-B4,HALL-B,24.42,24.75,27.5,1795.0,1793.0,179.0,369.7,19.9,25.5,946.0,39.4,81.8,0.0,14.8,88.6,21.33,0,0
2026-09-23T12:00:00Z,CDU-B4,HALL-B,24.32,24.35,27.26,1804.0,1788.0,180.8,354.4,19.9,25.26,948.0,39.5,82.2,0.0,14.9,88.6,21.64,0,0
2026-09-23T13:00:00Z,CDU-B4,HALL-B,24.47,24.47,27.28,1790.0,1786.0,178.0,336.1,20.2,25.29,950.0,39.5,81.5,0.0,14.7,88.6,21.16,0,0
2026-09-23T14:00:00Z,CDU-B4,HALL-B,24.67,24.84,27.6,1790.0,1779.0,178.1,350.7,20.5,25.6,986.0,41.1,81.5,0.0,14.8,88.6,21.15,0,0
2026-09-23T15:00:00Z,CDU-B4,HALL-B,24.82,25.0,27.76,1805.0,1797.0,180.9,354.7,20.0,25.76,883.0,36.8,82.3,0.0,15.0,88.6,21.68,0,0
2026-09-23T16:00:00Z,CDU-B4,HALL-B,24.76,24.82,27.49,1811.0,1808.0,182.2,330.5,20.1,25.49,880.0,36.7,82.5,0.0,15.1,88.6,21.88,0,0
2026-09-23T17:00:00Z,CDU-B4,HALL-B,24.84,24.96,27.33,1820.0,1806.0,184.0,303.3,19.8,25.34,788.0,32.9,82.9,0.0,15.3,88.6,22.2,0,0
2026-09-23T18:00:00Z,CDU-B4,HALL-B,24.74,24.93,27.48,1805.0,1804.0,181.0,330.0,19.9,25.48,849.0,35.4,82.2,0.0,15.0,88.6,21.67,0,0
2026-09-23T19:00:00Z,CDU-B4,HALL-B,25.16,25.26,27.71,1788.0,1787.0,177.7,304.9,20.3,25.71,809.0,33.7,81.5,0.0,14.7,88.6,21.08,0,0
2026-09-23T20:00:00Z,CDU-B4,HALL-B,25.29,25.32,27.62,1797.0,1787.0,179.4,279.4,19.8,25.62,690.0,28.7,81.9,0.0,14.9,88.6,21.4,0,0
2026-09-23T21:00:00Z,CDU-B4,HALL-B,25.32,25.47,27.82,1828.0,1823.0,185.6,305.7,20.1,25.82,766.0,32.0,83.3,0.0,15.4,88.6,22.5,0,0
2026-09-23T22:00:00Z,CDU-B4,HALL-B,25.42,25.63,27.58,1796.0,1788.0,179.1,258.8,20.1,25.58,678.0,28.3,81.8,0.0,14.9,88.6,21.35,0,0
2026-09-23T23:00:00Z,CDU-B4,HALL-B,25.22,25.4,27.62,1802.0,1767.0,180.4,289.5,20.0,25.62,738.0,30.7,82.1,0.0,14.9,88.6,21.58,0,0
2026-09-24T00:00:00Z,CDU-B4,HALL-B,25.31,25.47,27.64,1806.0,1795.0,181.1,281.5,20.2,25.64,742.0,30.9,82.3,0.0,15.0,88.6,21.71,0,0
2026-09-24T01:00:00Z,CDU-B4,HALL-B,25.18,25.19,27.41,1792.0,1791.0,178.4,267.4,20.1,25.41,722.0,30.1,81.7,0.0,14.8,88.6,21.22,0,0
2026-09-24T02:00:00Z,CDU-B4,HALL-B,25.1,25.23,27.64,1802.0,1798.0,180.4,306.3,20.3,25.65,823.0,34.2,82.1,0.0,15.0,88.6,21.58,0,0
2026-09-24T03:00:00Z,CDU-B4,HALL-B,25.1,25.19,27.54,1791.0,1784.0,178.2,291.5,19.9,25.53,740.0,30.9,81.6,0.0,14.8,88.6,21.18,0,0
2026-09-24T04:00:00Z,CDU-B4,HALL-B,25.06,25.11,27.65,1812.0,1804.0,182.4,313.4,20.0,25.65,796.0,33.2,82.6,0.0,15.1,88.6,21.93,0,0
2026-09-24T05:00:00Z,CDU-B4,HALL-B,25.08,25.19,27.89,1787.0,1770.0,177.4,336.0,20.1,25.89,832.0,34.7,81.4,0.0,14.7,88.6,21.05,0,0
2026-09-24T06:00:00Z,CDU-B4,HALL-B,24.89,24.98,27.79,1789.0,1765.0,177.8,346.0,19.7,25.78,815.0,34.0,81.5,0.0,14.8,88.6,21.13,0,0
2026-09-24T07:00:00Z,CDU-B4,HALL-B,24.89,24.93,27.79,1809.0,1791.0,181.8,350.7,20.1,25.79,884.0,36.8,82.4,0.0,15.1,88.6,21.82,0,0
2026-09-24T08:00:00Z,CDU-B4,HALL-B,25.17,25.21,27.59,1791.0,1790.0,178.2,290.2,19.9,25.59,731.0,30.5,81.6,0.0,14.8,88.6,21.19,0,0
2026-09-24T09:00:00Z,CDU-B4,HALL-B,24.91,25.04,27.63,1792.0,1789.0,178.4,325.4,20.3,25.63,877.0,36.6,81.6,0.0,14.8,88.6,21.22,0,0
2026-09-24T10:00:00Z,CDU-B4,HALL-B,25.45,25.61,27.75,1812.0,1804.0,182.4,278.3,19.8,25.75,671.0,27.9,82.5,0.0,15.2,88.6,21.93,0,0
2026-09-24T11:00:00Z,CDU-B4,HALL-B,25.36,25.41,27.68,1795.0,1781.0,179.0,278.3,19.9,25.68,691.0,28.8,81.8,0.0,14.9,88.6,21.33,0,0
2026-09-24T12:00:00Z,CDU-B4,HALL-B,25.46,25.58,27.74,1783.0,1769.0,176.6,272.1,20.0,25.75,680.0,28.3,81.2,0.0,14.7,88.6,20.91,0,0
2026-09-24T13:00:00Z,CDU-B4,HALL-B,25.14,25.22,27.67,1807.0,1804.0,181.4,305.6,20.1,25.68,788.0,32.9,82.3,0.0,15.0,88.6,21.75,0,0
2026-09-24T14:00:00Z,CDU-B4,HALL-B,24.68,24.7,27.56,1789.0,1765.0,177.8,343.9,19.8,25.56,858.0,35.7,81.5,0.0,14.8,88.6,21.11,0,0
2026-09-24T15:00:00Z,CDU-B4,HALL-B,25.15,25.28,27.96,1795.0,1790.0,179.0,336.9,19.8,25.96,785.0,32.7,81.8,0.0,14.9,88.6,21.32,0,0
2026-09-24T16:00:00Z,CDU-B4,HALL-B,25.1,25.23,27.76,1808.0,1800.0,181.6,321.5,20.0,25.76,801.0,33.4,82.4,0.0,15.1,88.6,21.78,0,0
2026-09-24T17:00:00Z,CDU-B4,HALL-B,25.0,25.06,27.93,1806.0,1788.0,181.2,352.9,20.1,25.93,870.0,36.2,82.3,0.0,15.1,88.6,21.72,0,0
2026-09-24T18:00:00Z,CDU-B4,HALL-B,24.97,25.14,27.65,1801.0,1786.0,180.2,321.9,20.1,25.64,832.0,34.7,82.1,0.0,15.0,88.6,21.54,0,0
2026-09-24T19:00:00Z,CDU-B4,HALL-B,24.59,24.85,27.28,1794.0,1788.0,178.8,322.0,19.7,25.28,828.0,34.5,81.7,0.0,14.9,88.6,21.29,0,0
2026-09-24T20:00:00Z,CDU-B4,HALL-B,24.69,24.95,27.34,1815.0,1807.0,183.0,321.5,20.2,25.34,898.0,37.4,82.7,0.0,15.2,88.6,22.04,0,0
2026-09-24T21:00:00Z,CDU-B4,HALL-B,24.54,24.55,27.45,1804.0,1774.0,180.8,350.5,20.1,25.45,941.0,39.2,82.2,0.0,15.1,88.6,21.64,0,0
2026-09-24T22:00:00Z,CDU-B4,HALL-B,24.61,24.81,27.39,1776.0,1774.0,175.2,330.1,20.2,25.4,913.0,38.0,80.9,0.0,14.6,88.6,20.67,0,0
2026-09-24T23:00:00Z,CDU-B4,HALL-B,24.73,24.77,27.33,1790.0,1780.0,178.0,311.2,20.1,25.33,854.0,35.6,81.6,0.0,14.8,88.6,21.15,0,0
2026-09-25T00:00:00Z,CDU-B4,HALL-B,24.74,24.91,27.6,1800.0,1789.0,180.0,344.0,19.8,25.6,851.0,35.4,82.0,0.0,15.0,88.6,21.5,0,0
2026-09-25T01:00:00Z,CDU-B4,HALL-B,24.98,25.25,27.75,1815.0,1807.0,183.1,336.0,20.1,25.76,854.0,35.6,82.7,0.0,15.2,88.6,22.03,0,0
2026-09-25T02:00:00Z,CDU-B4,HALL-B,25.2,25.29,27.82,1815.0,1808.0,183.0,317.7,20.0,25.82,783.0,32.6,82.7,0.0,15.2,88.6,22.03,0,0
2026-09-25T03:00:00Z,CDU-B4,HALL-B,25.18,25.19,27.67,1796.0,1768.0,179.2,298.8,19.9,25.67,743.0,31.0,81.8,0.0,14.9,88.6,21.36,0,0
2026-09-25T04:00:00Z,CDU-B4,HALL-B,25.09,25.29,27.67,1803.0,1795.0,180.6,310.8,20.1,25.67,801.0,33.3,82.1,0.0,15.0,88.6,21.61,0,0
2026-09-25T05:00:00Z,CDU-B4,HALL-B,25.47,25.56,27.83,1806.0,1806.0,181.2,285.1,20.0,25.83,701.0,29.1,82.3,0.0,15.1,88.6,21.71,0,0
2026-09-25T06:00:00Z,CDU-B4,HALL-B,25.27,25.34,27.96,1804.0,1803.0,180.8,324.2,20.0,25.95,780.0,32.5,82.2,0.0,15.1,88.6,21.65,0,0
2026-09-25T07:00:00Z,CDU-B4,HALL-B,24.9,25.06,27.67,1786.0,1785.0,177.2,330.2,20.0,25.67,835.0,34.8,81.4,0.0,14.8,88.6,21.01,0,0
2026-09-25T08:00:00Z,CDU-B4,HALL-B,25.17,25.3,27.4,1798.0,1796.0,179.5,268.3,19.8,25.4,686.0,28.6,81.9,0.0,14.9,88.6,21.43,0,0
2026-09-25T09:00:00Z,CDU-B4,HALL-B,24.95,24.96,27.32,1810.0,1800.0,182.0,287.0,19.8,25.32,745.0,31.0,82.5,0.0,15.2,88.6,21.86,0,0
2026-09-25T10:00:00Z,CDU-B4,HALL-B,24.87,24.97,27.46,1781.0,1768.0,176.3,308.0,19.9,25.45,794.0,33.1,81.2,0.0,14.7,88.6,20.84,0,0
2026-09-25T11:00:00Z,CDU-B4,HALL-B,24.46,24.61,27.34,1808.0,1802.0,181.6,347.5,19.8,25.33,900.0,37.5,82.3,0.0,15.2,88.6,21.78,0,0
2026-09-25T12:00:00Z,CDU-B4,HALL-B,24.88,25.0,27.59,1798.0,1771.0,179.6,325.0,20.3,25.58,881.0,36.7,81.9,0.0,15.0,88.6,21.44,0,0
2026-09-25T13:00:00Z,CDU-B4,HALL-B,24.84,25.09,27.76,1802.0,1796.0,180.4,351.9,20.0,25.76,876.0,36.5,82.1,0.0,15.1,88.6,21.58,0,0
2026-09-25T14:00:00Z,CDU-B4,HALL-B,24.79,24.82,27.66,1824.0,1818.0,184.8,349.4,19.9,25.66,871.0,36.3,83.1,0.0,15.4,88.6,22.36,0,0
2026-09-25T15:00:00Z,CDU-B4,HALL-B,24.78,24.79,27.66,1815.0,1807.0,183.0,349.0,19.8,25.66,856.0,35.6,82.7,0.0,15.3,88.6,22.03,0,0
2026-09-25T16:00:00Z,CDU-B4,HALL-B,25.05,25.08,27.77,1802.0,1787.0,180.5,327.4,20.0,25.77,814.0,33.8,82.1,0.0,15.0,88.6,21.56,0,0
2026-09-25T17:00:00Z,CDU-B4,HALL-B,25.01,25.05,27.49,1810.0,1796.0,182.1,300.1,20.1,25.49,798.0,33.3,82.4,0.0,15.2,88.6,21.85,0,0
2026-09-25T18:00:00Z,CDU-B4,HALL-B,25.06,25.18,27.34,1799.0,1781.0,179.8,274.6,19.9,25.34,723.0,30.1,82.0,0.0,15.0,88.6,21.47,0,0
2026-09-25T19:00:00Z,CDU-B4,HALL-B,25.01,25.02,27.35,1805.0,1792.0,181.0,282.7,20.0,25.36,758.0,31.6,82.2,0.0,15.1,88.6,21.68,0,0
2026-09-25T20:00:00Z,CDU-B4,HALL-B,25.24,25.52,27.66,1791.0,1784.0,178.3,289.7,20.1,25.65,747.0,31.1,81.6,0.0,14.9,88.6,21.18,0,0
2026-09-25T21:00:00Z,CDU-B4,HALL-B,25.41,25.56,27.89,1806.0,1803.0,181.2,299.3,20.0,25.89,729.0,30.4,82.3,0.0,15.1,88.6,21.71,0,0
2026-09-25T22:00:00Z,CDU-B4,HALL-B,25.37,25.5,27.82,1797.0,1786.0,179.4,294.7,20.0,25.83,727.0,30.3,73.7,8.2,15.0,88.6,21.41,0,0
2026-09-25T23:00:00Z,CDU-B4,HALL-B,25.1,25.32,27.93,1803.0,1790.0,180.6,340.7,20.0,25.93,825.0,34.5,0.0,82.2,15.1,88.6,21.6,0,0
2026-09-26T00:00:00Z,CDU-B4,HALL-B,25.03,25.25,27.93,1799.0,1791.0,179.8,348.1,19.9,25.93,830.0,34.6,0.0,82.0,15.0,88.6,21.47,0,0
2026-09-26T01:00:00Z,CDU-B4,HALL-B,25.18,25.28,28.01,1806.0,1802.0,181.1,341.6,20.0,26.01,815.0,34.0,0.0,82.3,15.2,88.6,21.7,0,0
2026-09-26T02:00:00Z,CDU-B4,HALL-B,24.97,25.16,27.92,1795.0,1781.0,179.1,353.4,19.9,25.92,843.0,35.1,0.0,81.8,15.0,88.6,21.32,0,0
2026-09-26T03:00:00Z,CDU-B4,HALL-B,24.77,24.85,27.52,1814.0,1791.0,182.8,333.0,20.3,25.52,916.0,38.2,0.0,82.6,15.3,88.6,22.0,0,0
2026-09-26T04:00:00Z,CDU-B4,HALL-B,24.7,24.82,27.5,1798.0,1794.0,179.6,336.1,20.0,25.5,877.0,36.5,0.0,81.9,15.0,88.6,21.43,0,0
2026-09-26T05:00:00Z,CDU-B4,HALL-B,24.78,24.78,27.62,1797.0,1772.0,179.5,340.7,20.0,25.62,871.0,36.3,0.0,81.9,15.0,88.6,21.4,0,0
2026-09-26T06:00:00Z,CDU-B4,HALL-B,25.06,25.21,27.67,1805.0,1795.0,181.0,315.2,19.9,25.68,784.0,32.7,0.0,82.3,15.2,88.6,21.68,0,0
2026-09-26T07:00:00Z,CDU-B4,HALL-B,24.95,25.05,27.72,1813.0,1788.0,182.7,335.9,19.8,25.72,813.0,34.0,0.0,82.6,15.3,88.6,21.97,0,0
2026-09-26T08:00:00Z,CDU-B4,HALL-B,24.91,25.01,27.73,1795.0,1773.0,179.0,338.3,20.2,25.73,877.0,36.5,0.0,81.8,15.0,88.6,21.32,0,0
2026-09-26T09:00:00Z,CDU-B4,HALL-B,25.0,25.19,27.77,1795.0,1794.0,179.0,332.7,20.3,25.78,873.0,36.5,0.0,81.8,15.0,88.6,21.32,0,0
2026-09-26T10:00:00Z,CDU-B4,HALL-B,24.96,25.08,27.71,1798.0,1779.0,179.6,330.0,20.1,25.71,845.0,35.2,0.0,81.9,15.1,88.6,21.44,0,0
2026-09-26T11:00:00Z,CDU-B4,HALL-B,25.04,25.05,27.94,1793.0,1792.0,178.6,347.7,20.0,25.94,839.0,34.9,0.0,81.7,15.0,88.6,21.25,0,0
2026-09-26T12:00:00Z,CDU-B4,HALL-B,24.94,24.99,27.84,1815.0,1805.0,183.0,351.5,20.1,25.84,879.0,36.6,0.0,82.7,15.3,88.6,22.04,0,0
2026-09-26T13:00:00Z,CDU-B4,HALL-B,24.89,24.96,27.69,1794.0,1782.0,178.8,336.1,20.0,25.69,847.0,35.3,0.0,81.7,15.0,88.6,21.3,0,0
2026-09-26T14:00:00Z,CDU-B4,HALL-B,25.48,25.51,27.83,1802.0,1781.0,180.4,282.5,19.9,25.83,685.0,28.5,0.0,82.1,15.1,88.6,21.58,0,0
2026-09-26T15:00:00Z,CDU-B4,HALL-B,25.75,25.79,27.65,1797.0,1788.0,179.4,228.0,19.8,25.65,559.0,23.3,0.0,81.8,15.0,88.6,21.39,0,0
2026-09-26T16:00:00Z,CDU-B4,HALL-B,25.67,25.68,27.72,1804.0,1798.0,180.8,247.2,19.9,25.72,609.0,25.4,0.0,82.2,15.2,88.6,21.65,0,0
2026-09-26T17:00:00Z,CDU-B4,HALL-B,25.47,25.62,27.71,1801.0,1800.0,180.2,269.2,19.9,25.7,664.0,27.6,0.0,82.0,15.1,88.6,21.54,0,0
2026-09-26T18:00:00Z,CDU-B4,HALL-B,25.32,25.44,27.75,1790.0,1789.0,178.0,291.0,20.2,25.76,753.0,31.4,0.0,81.5,14.9,88.6,21.15,0,0
2026-09-26T19:00:00Z,CDU-B4,HALL-B,25.46,25.66,27.64,1796.0,1794.0,179.2,261.6,19.9,25.64,655.0,27.2,0.0,81.8,15.0,88.6,21.37,0,0
2026-09-26T20:00:00Z,CDU-B4,HALL-B,25.4,25.46,27.42,1796.0,1776.0,179.2,242.2,20.0,25.43,643.0,26.8,0.0,81.8,15.0,88.6,21.36,0,0
2026-09-26T21:00:00Z,CDU-B4,HALL-B,25.56,25.57,27.74,1800.0,1779.0,180.1,261.8,20.1,25.73,665.0,27.7,0.0,82.0,15.1,88.6,21.5,0,0
2026-09-26T22:00:00Z,CDU-B4,HALL-B,25.28,25.49,27.75,1808.0,1802.0,181.6,298.1,20.0,25.75,744.0,31.0,0.0,82.4,15.2,88.6,21.79,0,0
2026-09-26T23:00:00Z,CDU-B4,HALL-B,25.06,25.36,27.6,1790.0,1780.0,178.0,303.7,19.8,25.6,751.0,31.3,0.0,81.5,14.9,88.6,21.15,0,0
2026-09-27T00:00:00Z,CDU-B4,HALL-B,25.42,25.5,27.61,1774.0,1763.0,174.8,259.7,19.8,25.61,641.0,26.7,0.0,80.8,14.7,88.6,20.59,0,0
2026-09-27T01:00:00Z,CDU-B4,HALL-B,25.36,25.4,27.5,1801.0,1800.0,180.2,257.6,20.1,25.5,685.0,28.6,0.0,82.1,15.1,88.6,21.54,0,0
2026-09-27T02:00:00Z,CDU-B4,HALL-B,25.1,25.2,27.66,1782.0,1777.0,176.4,304.7,19.8,25.66,745.0,31.0,0.0,81.2,14.8,88.6,20.87,0,0
2026-09-27T03:00:00Z,CDU-B4,HALL-B,25.07,25.11,27.64,1813.0,1812.0,182.6,311.6,19.9,25.64,779.0,32.4,0.0,82.6,15.3,88.6,21.97,0,0
2026-09-27T04:00:00Z,CDU-B4,HALL-B,25.09,25.19,27.82,1794.0,1778.0,178.8,327.4,20.3,25.83,852.0,35.5,0.0,81.7,15.0,88.6,21.28,0,0
2026-09-27T05:00:00Z,CDU-B4,HALL-B,24.97,25.14,27.75,1812.0,1788.0,182.4,337.1,19.8,25.75,812.0,33.8,0.0,82.6,15.3,88.6,21.93,0,0
2026-09-27T06:00:00Z,CDU-B4,HALL-B,24.99,25.2,27.66,1785.0,1766.0,177.1,318.3,20.0,25.66,807.0,33.6,0.0,81.3,14.9,88.6,20.99,0,0
2026-09-27T07:00:00Z,CDU-B4,HALL-B,24.87,24.95,27.87,1795.0,1789.0,179.0,359.6,19.8,25.86,850.0,35.4,0.0,81.8,15.1,88.6,21.32,0,0
2026-09-27T08:00:00Z,CDU-B4,HALL-B,24.59,24.71,27.81,1812.0,1804.0,182.4,389.4,19.9,25.81,946.0,39.4,0.0,82.5,15.3,88.6,21.93,0,0
2026-09-27T09:00:00Z,CDU-B4,HALL-B,25.1,25.14,27.93,1815.0,1814.0,183.0,343.1,20.1,25.94,846.0,35.3,0.0,82.7,15.4,88.6,22.03,0,0
2026-09-27T10:00:00Z,CDU-B4,HALL-B,25.01,25.12,27.81,1804.0,1781.0,180.8,336.9,20.1,25.81,848.0,35.3,0.0,82.1,15.2,88.6,21.64,0,0
2026-09-27T11:00:00Z,CDU-B4,HALL-B,24.81,25.03,27.53,1785.0,1775.0,177.0,324.5,20.0,25.52,842.0,35.1,0.0,81.3,14.9,88.6,20.98,0,0
2026-09-27T12:00:00Z,CDU-B4,HALL-B,25.18,25.2,27.84,1792.0,1788.0,178.4,318.2,19.9,25.84,769.0,32.0,0.0,81.6,15.0,88.6,21.22,0,0
2026-09-27T13:00:00Z,CDU-B4,HALL-B,25.51,25.55,28.0,1794.0,1791.0,178.8,298.5,20.1,26.0,725.0,30.2,0.0,81.8,15.1,88.6,21.29,0,0
2026-09-27T14:00:00Z,CDU-B4,HALL-B,25.27,25.28,28.14,1813.0,1800.0,182.6,348.0,19.9,26.14,799.0,33.3,0.0,82.6,15.4,88.6,21.96,0,0
2026-09-27T15:00:00Z,CDU-B4,HALL-B,25.4,25.64,28.16,1794.0,1791.0,178.8,330.6,20.0,26.16,770.0,32.0,0.0,81.7,15.0,88.6,21.29,0,0
2026-09-27T16:00:00Z,CDU-B4,HALL-B,25.18,25.48,27.79,1800.0,1799.0,180.0,313.8,19.9,25.79,765.0,31.9,0.0,82.0,15.2,88.6,21.5,0,0
2026-09-27T17:00:00Z,CDU-B4,HALL-B,25.24,25.29,27.63,1799.0,1769.0,179.8,287.6,20.1,25.63,745.0,31.1,0.0,81.9,15.1,88.6,21.47,0,0
2026-09-27T18:00:00Z,CDU-B4,HALL-B,25.15,25.22,27.72,1802.0,1798.0,180.5,309.6,19.9,25.72,763.0,31.8,0.0,82.1,15.2,88.6,21.57,0,0
2026-09-27T19:00:00Z,CDU-B4,HALL-B,25.12,25.32,27.56,1798.0,1782.0,179.6,293.0,20.1,25.56,770.0,32.1,0.0,81.9,15.1,88.6,21.43,0,0
2026-09-27T20:00:00Z,CDU-B4,HALL-B,25.41,25.45,27.5,1820.0,1809.0,184.0,254.6,19.9,25.51,652.0,27.2,0.0,82.9,15.5,88.6,22.21,0,0
2026-09-27T21:00:00Z,CDU-B4,HALL-B,25.72,25.82,27.46,1786.0,1782.0,177.2,207.0,20.0,25.46,545.0,22.7,0.0,81.4,14.9,88.6,21.01,0,0
2026-09-27T22:00:00Z,CDU-B4,HALL-B,25.44,25.62,27.56,1803.0,1785.0,180.5,255.8,20.4,25.56,711.0,29.7,0.0,82.1,15.2,88.6,21.6,0,0
2026-09-27T23:00:00Z,CDU-B4,HALL-B,25.26,25.26,27.55,1808.0,1785.0,181.6,276.8,20.1,25.55,729.0,30.3,0.0,82.4,15.3,88.6,21.78,0,0
