hour,generator,run_min,kwh,kw_max,pct_max,coolant_max_c,fuel_pct,hours
2026-08-31T00:00:00Z,GEN-1,0,0.0,0.0,0.0,38.3,87.1,540.3
2026-08-31T01:00:00Z,GEN-1,0,0.0,0.0,0.0,38.3,87.1,540.3
2026-08-31T02:00:00Z,GEN-1,0,0.0,0.0,0.0,38.3,87.1,540.3
2026-08-31T03:00:00Z,GEN-1,0,0.0,0.0,0.0,38.3,87.1,540.3
2026-08-31T04:00:00Z,GEN-1,0,0.0,0.0,0.0,38.3,87.1,540.3
2026-08-31T05:00:00Z,GEN-1,0,0.0,0.0,0.0,38.3,87.1,540.3
2026-08-31T06:00:00Z,GEN-1,0,0.0,0.0,0.0,38.3,87.1,540.3
2026-08-31T07:00:00Z,GEN-1,0,0.0,0.0,0.0,38.3,87.1,540.3
2026-08-31T08:00:00Z,GEN-1,0,0.0,0.0,0.0,38.3,87.1,540.3
2026-08-31T09:00:00Z,GEN-1,0,0.0,0.0,0.0,38.3,87.1,540.3
2026-08-31T10:00:00Z,GEN-1,0,0.0,0.0,0.0,38.3,87.1,540.3
2026-08-31T11:00:00Z,GEN-1,0,0.0,0.0,0.0,38.3,87.1,540.3
2026-08-31T12:00:00Z,GEN-1,0,0.0,0.0,0.0,38.3,87.1,540.3
2026-08-31T13:00:00Z,GEN-1,0,0.0,0.0,0.0,38.3,87.1,540.3
2026-08-31T14:00:00Z,GEN-1,0,0.0,0.0,0.0,38.3,87.1,540.3
2026-08-31T15:00:00Z,GEN-1,0,0.0,0.0,0.0,38.3,87.1,540.3
2026-08-31T16:00:00Z,GEN-1,0,0.0,0.0,0.0,38.3,87.1,540.3
2026-08-31T17:00:00Z,GEN-1,0,0.0,0.0,0.0,38.3,87.1,540.3
2026-08-31T18:00:00Z,GEN-1,0,0.0,0.0,0.0,38.3,87.1,540.3
2026-08-31T19:00:00Z,GEN-1,0,0.0,0.0,0.0,38.3,87.1,540.3
2026-08-31T20:00:00Z,GEN-1,0,0.0,0.0,0.0,38.3,87.1,540.3
2026-08-31T21:00:00Z,GEN-1,0,0.0,0.0,0.0,38.3,87.1,540.3
2026-08-31T22:00:00Z,GEN-1,0,0.0,0.0,0.0,38.3,87.1,540.3
2026-08-31T23:00:00Z,GEN-1,0,0.0,0.0,0.0,38.3,87.1,540.3
2026-09-01T00:00:00Z,GEN-1,0,0.0,0.0,0.0,38.3,87.1,540.3
2026-09-01T01:00:00Z,GEN-1,0,0.0,0.0,0.0,38.3,87.1,540.3
2026-09-01T02:00:00Z,GEN-1,0,0.0,0.0,0.0,38.3,87.1,540.3
2026-09-01T03:00:00Z,GEN-1,0,0.0,0.0,0.0,38.3,87.1,540.3
2026-09-01T04:00:00Z,GEN-1,0,0.0,0.0,0.0,38.3,87.1,540.3
2026-09-01T05:00:00Z,GEN-1,0,0.0,0.0,0.0,38.3,87.1,540.3
2026-09-01T06:00:00Z,GEN-1,0,0.0,0.0,0.0,38.3,87.1,540.3
2026-09-01T07:00:00Z,GEN-1,0,0.0,0.0,0.0,38.3,87.1,540.3
2026-09-01T08:00:00Z,GEN-1,0,0.0,0.0,0.0,38.3,87.1,540.3
2026-09-01T09:00:00Z,GEN-1,0,0.0,0.0,0.0,38.3,87.1,540.3
2026-09-01T10:00:00Z,GEN-1,0,0.0,0.0,0.0,38.3,87.1,540.3
2026-09-01T11:00:00Z,GEN-1,0,0.0,0.0,0.0,38.3,87.1,540.3
2026-09-01T12:00:00Z,GEN-1,0,0.0,0.0,0.0,38.3,87.1,540.3
2026-09-01T13:00:00Z,GEN-1,0,0.0,0.0,0.0,38.3,87.1,540.3
2026-09-01T14:00:00Z,GEN-1,31,841.08,1682.3,56.1,81.6,86.4,540.81
2026-09-01T15:00:00Z,GEN-1,10,135.8,1679.6,56.0,81.8,86.3,540.98
2026-09-01T16:00:00Z,GEN-1,0,0.0,0.0,0.0,57.3,86.3,540.98
2026-09-01T17:00:00Z,GEN-1,0,0.0,0.0,0.0,48.1,86.3,540.98
2026-09-01T18:00:00Z,GEN-1,0,0.0,0.0,0.0,43.3,86.3,540.98
2026-09-01T19:00:00Z,GEN-1,0,0.0,0.0,0.0,40.9,86.3,540.98
2026-09-01T20:00:00Z,GEN-1,0,0.0,0.0,0.0,39.6,86.3,540.98
2026-09-01T21:00:00Z,GEN-1,0,0.0,0.0,0.0,39.0,86.3,540.98
2026-09-01T22:00:00Z,GEN-1,0,0.0,0.0,0.0,38.7,86.3,540.98
2026-09-01T23:00:00Z,GEN-1,0,0.0,0.0,0.0,38.5,86.3,540.98
2026-09-02T00:00:00Z,GEN-1,0,0.0,0.0,0.0,38.4,86.3,540.98
2026-09-02T01:00:00Z,GEN-1,0,0.0,0.0,0.0,38.4,86.3,540.98
2026-09-02T02:00:00Z,GEN-1,0,0.0,0.0,0.0,38.3,86.3,540.98
2026-09-02T03:00:00Z,GEN-1,0,0.0,0.0,0.0,38.3,86.3,540.98
2026-09-02T04:00:00Z,GEN-1,0,0.0,0.0,0.0,38.3,86.3,540.98
2026-09-02T05:00:00Z,GEN-1,0,0.0,0.0,0.0,38.3,86.3,540.98
2026-09-02T06:00:00Z,GEN-1,0,0.0,0.0,0.0,38.3,86.3,540.98
2026-09-02T07:00:00Z,GEN-1,0,0.0,0.0,0.0,38.3,86.3,540.98
2026-09-02T08:00:00Z,GEN-1,0,0.0,0.0,0.0,38.3,86.3,540.98
2026-09-02T09:00:00Z,GEN-1,0,0.0,0.0,0.0,38.3,86.3,540.98
2026-09-02T10:00:00Z,GEN-1,0,0.0,0.0,0.0,38.3,86.3,540.98
2026-09-02T11:00:00Z,GEN-1,0,0.0,0.0,0.0,38.3,86.3,540.98
2026-09-02T12:00:00Z,GEN-1,0,0.0,0.0,0.0,38.3,86.3,540.98
2026-09-02T13:00:00Z,GEN-1,0,0.0,0.0,0.0,38.3,86.3,540.98
2026-09-02T14:00:00Z,GEN-1,0,0.0,0.0,0.0,38.3,86.3,540.98
2026-09-02T15:00:00Z,GEN-1,0,0.0,0.0,0.0,38.3,86.3,540.98
2026-09-02T16:00:00Z,GEN-1,0,0.0,0.0,0.0,38.3,86.3,540.98
2026-09-02T17:00:00Z,GEN-1,0,0.0,0.0,0.0,38.3,86.3,540.98
2026-09-02T18:00:00Z,GEN-1,0,0.0,0.0,0.0,38.3,86.3,540.98
2026-09-02T19:00:00Z,GEN-1,0,0.0,0.0,0.0,38.3,86.3,540.98
2026-09-02T20:00:00Z,GEN-1,0,0.0,0.0,0.0,38.3,86.3,540.98
2026-09-02T21:00:00Z,GEN-1,0,0.0,0.0,0.0,38.3,86.3,540.98
2026-09-02T22:00:00Z,GEN-1,0,0.0,0.0,0.0,38.3,86.3,540.98
2026-09-02T23:00:00Z,GEN-1,0,0.0,0.0,0.0,38.3,86.3,540.98
2026-09-03T00:00:00Z,GEN-1,0,0.0,0.0,0.0,38.3,86.3,540.98
2026-09-03T01:00:00Z,GEN-1,0,0.0,0.0,0.0,38.3,86.3,540.98
2026-09-03T02:00:00Z,GEN-1,0,0.0,0.0,0.0,38.3,86.3,540.98
2026-09-03T03:00:00Z,GEN-1,0,0.0,0.0,0.0,38.3,86.3,540.98
2026-09-03T04:00:00Z,GEN-1,0,0.0,0.0,0.0,38.3,86.3,540.98
2026-09-03T05:00:00Z,GEN-1,0,0.0,0.0,0.0,38.3,86.3,540.98
2026-09-03T06:00:00Z,GEN-1,0,0.0,0.0,0.0,38.3,86.3,540.98
2026-09-03T07:00:00Z,GEN-1,0,0.0,0.0,0.0,38.3,86.3,540.98
2026-09-03T08:00:00Z,GEN-1,0,0.0,0.0,0.0,38.3,86.3,540.98
2026-09-03T09:00:00Z,GEN-1,0,0.0,0.0,0.0,38.3,86.3,540.98
2026-09-03T10:00:00Z,GEN-1,0,0.0,0.0,0.0,38.3,86.3,540.98
2026-09-03T11:00:00Z,GEN-1,0,0.0,0.0,0.0,38.3,86.3,540.98
2026-09-03T12:00:00Z,GEN-1,0,0.0,0.0,0.0,38.3,86.3,540.98
2026-09-03T13:00:00Z,GEN-1,0,0.0,0.0,0.0,38.3,86.3,540.98
2026-09-03T14:00:00Z,GEN-1,0,0.0,0.0,0.0,38.3,86.3,540.98
2026-09-03T15:00:00Z,GEN-1,0,0.0,0.0,0.0,38.3,86.3,540.98
2026-09-03T16:00:00Z,GEN-1,0,0.0,0.0,0.0,38.3,86.3,540.98
2026-09-03T17:00:00Z,GEN-1,0,0.0,0.0,0.0,38.3,86.3,540.98
2026-09-03T18:00:00Z,GEN-1,0,0.0,0.0,0.0,38.3,86.3,540.98
2026-09-03T19:00:00Z,GEN-1,0,0.0,0.0,0.0,38.3,86.3,540.98
2026-09-03T20:00:00Z,GEN-1,0,0.0,0.0,0.0,38.3,86.3,540.98
2026-09-03T21:00:00Z,GEN-1,0,0.0,0.0,0.0,38.3,86.3,540.98
2026-09-03T22:00:00Z,GEN-1,0,0.0,0.0,0.0,38.3,86.3,540.98
2026-09-03T23:00:00Z,GEN-1,0,0.0,0.0,0.0,38.3,86.3,540.98
2026-09-04T00:00:00Z,GEN-1,0,0.0,0.0,0.0,38.3,86.3,540.98
2026-09-04T01:00:00Z,GEN-1,0,0.0,0.0,0.0,38.3,86.3,540.98
2026-09-04T02:00:00Z,GEN-1,0,0.0,0.0,0.0,38.3,86.3,540.98
2026-09-04T03:00:00Z,GEN-1,0,0.0,0.0,0.0,38.3,86.3,540.98
2026-09-04T04:00:00Z,GEN-1,0,0.0,0.0,0.0,38.3,86.3,540.98
2026-09-04T05:00:00Z,GEN-1,0,0.0,0.0,0.0,38.3,86.3,540.98
2026-09-04T06:00:00Z,GEN-1,0,0.0,0.0,0.0,38.3,86.3,540.98
2026-09-04T07:00:00Z,GEN-1,0,0.0,0.0,0.0,38.3,86.3,540.98
2026-09-04T08:00:00Z,GEN-1,0,0.0,0.0,0.0,38.3,86.3,540.98
2026-09-04T09:00:00Z,GEN-1,0,0.0,0.0,0.0,38.3,86.3,540.98
2026-09-04T10:00:00Z,GEN-1,0,0.0,0.0,0.0,38.3,86.3,540.98
2026-09-04T11:00:00Z,GEN-1,0,0.0,0.0,0.0,38.3,86.3,540.98
2026-09-04T12:00:00Z,GEN-1,0,0.0,0.0,0.0,38.3,86.3,540.98
2026-09-04T13:00:00Z,GEN-1,0,0.0,0.0,0.0,38.3,86.3,540.98
2026-09-04T14:00:00Z,GEN-1,0,0.0,0.0,0.0,38.3,86.3,540.98
2026-09-04T15:00:00Z,GEN-1,0,0.0,0.0,0.0,38.3,86.3,540.98
2026-09-04T16:00:00Z,GEN-1,0,0.0,0.0,0.0,38.3,86.3,540.98
2026-09-04T17:00:00Z,GEN-1,0,0.0,0.0,0.0,38.3,86.3,540.98
2026-09-04T18:00:00Z,GEN-1,0,0.0,0.0,0.0,38.3,86.3,540.98
2026-09-04T19:00:00Z,GEN-1,0,0.0,0.0,0.0,38.3,86.3,540.98
2026-09-04T20:00:00Z,GEN-1,0,0.0,0.0,0.0,38.3,86.3,540.98
2026-09-04T21:00:00Z,GEN-1,0,0.0,0.0,0.0,38.3,86.3,540.98
2026-09-04T22:00:00Z,GEN-1,0,0.0,0.0,0.0,38.3,86.3,540.98
2026-09-04T23:00:00Z,GEN-1,0,0.0,0.0,0.0,38.3,86.3,540.98
2026-09-05T00:00:00Z,GEN-1,0,0.0,0.0,0.0,38.3,86.3,540.98
2026-09-05T01:00:00Z,GEN-1,0,0.0,0.0,0.0,38.3,86.3,540.98
2026-09-05T02:00:00Z,GEN-1,0,0.0,0.0,0.0,38.3,86.3,540.98
2026-09-05T03:00:00Z,GEN-1,0,0.0,0.0,0.0,38.3,86.3,540.98
2026-09-05T04:00:00Z,GEN-1,0,0.0,0.0,0.0,38.3,86.3,540.98
2026-09-05T05:00:00Z,GEN-1,0,0.0,0.0,0.0,38.3,86.3,540.98
2026-09-05T06:00:00Z,GEN-1,0,0.0,0.0,0.0,38.3,86.3,540.98
2026-09-05T07:00:00Z,GEN-1,0,0.0,0.0,0.0,38.3,86.3,540.98
2026-09-05T08:00:00Z,GEN-1,0,0.0,0.0,0.0,38.3,86.3,540.98
2026-09-05T09:00:00Z,GEN-1,0,0.0,0.0,0.0,38.3,86.3,540.98
2026-09-05T10:00:00Z,GEN-1,0,0.0,0.0,0.0,38.3,86.3,540.98
2026-09-05T11:00:00Z,GEN-1,0,0.0,0.0,0.0,38.3,86.3,540.98
2026-09-05T12:00:00Z,GEN-1,0,0.0,0.0,0.0,38.3,86.3,540.98
2026-09-05T13:00:00Z,GEN-1,0,0.0,0.0,0.0,38.3,86.3,540.98
2026-09-05T14:00:00Z,GEN-1,0,0.0,0.0,0.0,38.3,86.3,540.98
2026-09-05T15:00:00Z,GEN-1,0,0.0,0.0,0.0,38.3,86.3,540.98
2026-09-05T16:00:00Z,GEN-1,0,0.0,0.0,0.0,38.3,86.3,540.98
2026-09-05T17:00:00Z,GEN-1,0,0.0,0.0,0.0,38.3,86.3,540.98
2026-09-05T18:00:00Z,GEN-1,0,0.0,0.0,0.0,38.3,86.3,540.98
2026-09-05T19:00:00Z,GEN-1,0,0.0,0.0,0.0,38.3,86.3,540.98
2026-09-05T20:00:00Z,GEN-1,0,0.0,0.0,0.0,38.3,86.3,540.98
2026-09-05T21:00:00Z,GEN-1,0,0.0,0.0,0.0,38.3,86.3,540.98
2026-09-05T22:00:00Z,GEN-1,0,0.0,0.0,0.0,38.3,86.3,540.98
2026-09-05T23:00:00Z,GEN-1,0,0.0,0.0,0.0,38.3,86.3,540.98
2026-09-06T00:00:00Z,GEN-1,0,0.0,0.0,0.0,38.3,86.3,540.98
2026-09-06T01:00:00Z,GEN-1,0,0.0,0.0,0.0,38.3,86.3,540.98
2026-09-06T02:00:00Z,GEN-1,0,0.0,0.0,0.0,38.3,86.3,540.98
2026-09-06T03:00:00Z,GEN-1,0,0.0,0.0,0.0,38.3,86.3,540.98
2026-09-06T04:00:00Z,GEN-1,0,0.0,0.0,0.0,38.3,86.3,540.98
2026-09-06T05:00:00Z,GEN-1,0,0.0,0.0,0.0,38.3,86.3,540.98
2026-09-06T06:00:00Z,GEN-1,0,0.0,0.0,0.0,38.3,86.3,540.98
2026-09-06T07:00:00Z,GEN-1,0,0.0,0.0,0.0,38.3,86.3,540.98
2026-09-06T08:00:00Z,GEN-1,0,0.0,0.0,0.0,38.3,86.3,540.98
2026-09-06T09:00:00Z,GEN-1,0,0.0,0.0,0.0,38.3,86.3,540.98
2026-09-06T10:00:00Z,GEN-1,0,0.0,0.0,0.0,38.3,86.3,540.98
2026-09-06T11:00:00Z,GEN-1,0,0.0,0.0,0.0,38.3,86.3,540.98
2026-09-06T12:00:00Z,GEN-1,0,0.0,0.0,0.0,38.3,86.3,540.98
2026-09-06T13:00:00Z,GEN-1,0,0.0,0.0,0.0,38.3,86.3,540.98
2026-09-06T14:00:00Z,GEN-1,0,0.0,0.0,0.0,38.3,86.3,540.98
2026-09-06T15:00:00Z,GEN-1,0,0.0,0.0,0.0,38.3,86.3,540.98
2026-09-06T16:00:00Z,GEN-1,0,0.0,0.0,0.0,38.3,86.3,540.98
2026-09-06T17:00:00Z,GEN-1,0,0.0,0.0,0.0,38.3,86.3,540.98
2026-09-06T18:00:00Z,GEN-1,0,0.0,0.0,0.0,38.3,86.3,540.98
2026-09-06T19:00:00Z,GEN-1,0,0.0,0.0,0.0,38.3,86.3,540.98
2026-09-06T20:00:00Z,GEN-1,0,0.0,0.0,0.0,38.3,86.3,540.98
2026-09-06T21:00:00Z,GEN-1,0,0.0,0.0,0.0,38.3,86.3,540.98
2026-09-06T22:00:00Z,GEN-1,0,0.0,0.0,0.0,38.3,86.3,540.98
2026-09-06T23:00:00Z,GEN-1,0,0.0,0.0,0.0,38.3,86.3,540.98
2026-09-07T00:00:00Z,GEN-1,0,0.0,0.0,0.0,38.3,86.3,540.98
2026-09-07T01:00:00Z,GEN-1,0,0.0,0.0,0.0,38.3,86.3,540.98
2026-09-07T02:00:00Z,GEN-1,0,0.0,0.0,0.0,38.3,86.3,540.98
2026-09-07T03:00:00Z,GEN-1,0,0.0,0.0,0.0,38.3,86.3,540.98
2026-09-07T04:00:00Z,GEN-1,0,0.0,0.0,0.0,38.3,86.3,540.98
2026-09-07T05:00:00Z,GEN-1,0,0.0,0.0,0.0,38.3,86.3,540.98
2026-09-07T06:00:00Z,GEN-1,0,0.0,0.0,0.0,38.3,86.3,540.98
2026-09-07T07:00:00Z,GEN-1,0,0.0,0.0,0.0,38.3,86.3,540.98
2026-09-07T08:00:00Z,GEN-1,0,0.0,0.0,0.0,38.3,86.3,540.98
2026-09-07T09:00:00Z,GEN-1,0,0.0,0.0,0.0,38.3,86.3,540.98
2026-09-07T10:00:00Z,GEN-1,0,0.0,0.0,0.0,38.3,86.3,540.98
2026-09-07T11:00:00Z,GEN-1,0,0.0,0.0,0.0,38.3,86.3,540.98
2026-09-07T12:00:00Z,GEN-1,0,0.0,0.0,0.0,38.3,86.3,540.98
2026-09-07T13:00:00Z,GEN-1,0,0.0,0.0,0.0,38.3,86.3,540.98
2026-09-07T14:00:00Z,GEN-1,0,0.0,0.0,0.0,38.3,86.3,540.98
2026-09-07T15:00:00Z,GEN-1,0,0.0,0.0,0.0,38.3,86.3,540.98
2026-09-07T16:00:00Z,GEN-1,0,0.0,0.0,0.0,38.3,86.3,540.98
2026-09-07T17:00:00Z,GEN-1,0,0.0,0.0,0.0,38.3,86.3,540.98
2026-09-07T18:00:00Z,GEN-1,0,0.0,0.0,0.0,38.3,86.3,540.98
2026-09-07T19:00:00Z,GEN-1,0,0.0,0.0,0.0,38.3,86.3,540.98
2026-09-07T20:00:00Z,GEN-1,0,0.0,0.0,0.0,38.3,86.3,540.98
2026-09-07T21:00:00Z,GEN-1,0,0.0,0.0,0.0,38.3,86.3,540.98
2026-09-07T22:00:00Z,GEN-1,0,0.0,0.0,0.0,38.3,86.3,540.98
2026-09-07T23:00:00Z,GEN-1,0,0.0,0.0,0.0,38.3,86.3,540.98
2026-09-08T00:00:00Z,GEN-1,0,0.0,0.0,0.0,38.3,86.3,540.98
2026-09-08T01:00:00Z,GEN-1,0,0.0,0.0,0.0,38.3,86.3,540.98
2026-09-08T02:00:00Z,GEN-1,0,0.0,0.0,0.0,38.3,86.3,540.98
2026-09-08T03:00:00Z,GEN-1,0,0.0,0.0,0.0,38.3,86.3,540.98
2026-09-08T04:00:00Z,GEN-1,0,0.0,0.0,0.0,38.3,86.3,540.98
2026-09-08T05:00:00Z,GEN-1,0,0.0,0.0,0.0,38.3,86.3,540.98
2026-09-08T06:00:00Z,GEN-1,0,0.0,0.0,0.0,38.3,86.3,540.98
2026-09-08T07:00:00Z,GEN-1,0,0.0,0.0,0.0,38.3,86.3,540.98
2026-09-08T08:00:00Z,GEN-1,0,0.0,0.0,0.0,38.3,86.3,540.98
2026-09-08T09:00:00Z,GEN-1,0,0.0,0.0,0.0,38.3,86.3,540.98
2026-09-08T10:00:00Z,GEN-1,0,0.0,0.0,0.0,38.3,86.3,540.98
2026-09-08T11:00:00Z,GEN-1,0,0.0,0.0,0.0,38.3,86.3,540.98
2026-09-08T12:00:00Z,GEN-1,0,0.0,0.0,0.0,38.3,86.3,540.98
2026-09-08T13:00:00Z,GEN-1,0,0.0,0.0,0.0,38.3,86.3,540.98
2026-09-08T14:00:00Z,GEN-1,0,0.0,0.0,0.0,38.3,86.3,540.98
2026-09-08T15:00:00Z,GEN-1,0,0.0,0.0,0.0,38.3,86.3,540.98
2026-09-08T16:00:00Z,GEN-1,0,0.0,0.0,0.0,38.3,86.3,540.98
2026-09-08T17:00:00Z,GEN-1,0,0.0,0.0,0.0,38.3,86.3,540.98
2026-09-08T18:00:00Z,GEN-1,0,0.0,0.0,0.0,38.3,86.3,540.98
2026-09-08T19:00:00Z,GEN-1,0,0.0,0.0,0.0,38.3,86.3,540.98
2026-09-08T20:00:00Z,GEN-1,0,0.0,0.0,0.0,38.3,86.3,540.98
2026-09-08T21:00:00Z,GEN-1,0,0.0,0.0,0.0,38.3,86.3,540.98
2026-09-08T22:00:00Z,GEN-1,0,0.0,0.0,0.0,38.3,86.3,540.98
2026-09-08T23:00:00Z,GEN-1,0,0.0,0.0,0.0,38.3,86.3,540.98
2026-09-09T00:00:00Z,GEN-1,0,0.0,0.0,0.0,38.3,86.3,540.98
2026-09-09T01:00:00Z,GEN-1,0,0.0,0.0,0.0,38.3,86.3,540.98
2026-09-09T02:00:00Z,GEN-1,0,0.0,0.0,0.0,38.3,86.3,540.98
2026-09-09T03:00:00Z,GEN-1,0,0.0,0.0,0.0,38.3,86.3,540.98
2026-09-09T04:00:00Z,GEN-1,0,0.0,0.0,0.0,38.3,86.3,540.98
2026-09-09T05:00:00Z,GEN-1,0,0.0,0.0,0.0,38.3,86.3,540.98
2026-09-09T06:00:00Z,GEN-1,0,0.0,0.0,0.0,38.3,86.3,540.98
2026-09-09T07:00:00Z,GEN-1,0,0.0,0.0,0.0,38.3,86.3,540.98
2026-09-09T08:00:00Z,GEN-1,0,0.0,0.0,0.0,38.3,86.3,540.98
2026-09-09T09:00:00Z,GEN-1,0,0.0,0.0,0.0,38.3,86.3,540.98
2026-09-09T10:00:00Z,GEN-1,0,0.0,0.0,0.0,38.3,86.3,540.98
2026-09-09T11:00:00Z,GEN-1,0,0.0,0.0,0.0,38.3,86.3,540.98
2026-09-09T12:00:00Z,GEN-1,0,0.0,0.0,0.0,38.3,86.3,540.98
2026-09-09T13:00:00Z,GEN-1,0,0.0,0.0,0.0,38.3,86.3,540.98
2026-09-09T14:00:00Z,GEN-1,0,0.0,0.0,0.0,38.3,86.3,540.98
2026-09-09T15:00:00Z,GEN-1,0,0.0,0.0,0.0,38.3,86.3,540.98
2026-09-09T16:00:00Z,GEN-1,0,0.0,0.0,0.0,38.3,86.3,540.98
2026-09-09T17:00:00Z,GEN-1,0,0.0,0.0,0.0,38.3,86.3,540.98
2026-09-09T18:00:00Z,GEN-1,0,0.0,0.0,0.0,38.3,86.3,540.98
2026-09-09T19:00:00Z,GEN-1,0,0.0,0.0,0.0,38.3,86.3,540.98
2026-09-09T20:00:00Z,GEN-1,0,0.0,0.0,0.0,38.3,86.3,540.98
2026-09-09T21:00:00Z,GEN-1,0,0.0,0.0,0.0,38.3,86.3,540.98
2026-09-09T22:00:00Z,GEN-1,0,0.0,0.0,0.0,38.3,86.3,540.98
2026-09-09T23:00:00Z,GEN-1,0,0.0,0.0,0.0,38.3,86.3,540.98
2026-09-10T00:00:00Z,GEN-1,0,0.0,0.0,0.0,38.3,86.3,540.98
2026-09-10T01:00:00Z,GEN-1,0,0.0,0.0,0.0,38.3,86.3,540.98
2026-09-10T02:00:00Z,GEN-1,0,0.0,0.0,0.0,38.3,86.3,540.98
2026-09-10T03:00:00Z,GEN-1,0,0.0,0.0,0.0,38.3,86.3,540.98
2026-09-10T04:00:00Z,GEN-1,0,0.0,0.0,0.0,38.3,86.3,540.98
2026-09-10T05:00:00Z,GEN-1,0,0.0,0.0,0.0,38.3,86.3,540.98
2026-09-10T06:00:00Z,GEN-1,0,0.0,0.0,0.0,38.3,86.3,540.98
2026-09-10T07:00:00Z,GEN-1,0,0.0,0.0,0.0,38.3,86.3,540.98
2026-09-10T08:00:00Z,GEN-1,0,0.0,0.0,0.0,38.3,86.3,540.98
2026-09-10T09:00:00Z,GEN-1,0,0.0,0.0,0.0,38.3,86.3,540.98
2026-09-10T10:00:00Z,GEN-1,0,0.0,0.0,0.0,38.3,86.3,540.98
2026-09-10T11:00:00Z,GEN-1,0,0.0,0.0,0.0,38.3,86.3,540.98
2026-09-10T12:00:00Z,GEN-1,0,0.0,0.0,0.0,38.3,86.3,540.98
2026-09-10T13:00:00Z,GEN-1,0,0.0,0.0,0.0,38.3,86.3,540.98
2026-09-10T14:00:00Z,GEN-1,0,0.0,0.0,0.0,38.3,86.3,540.98
2026-09-10T15:00:00Z,GEN-1,0,0.0,0.0,0.0,38.3,86.3,540.98
2026-09-10T16:00:00Z,GEN-1,0,0.0,0.0,0.0,38.3,86.3,540.98
2026-09-10T17:00:00Z,GEN-1,0,0.0,0.0,0.0,38.3,86.3,540.98
2026-09-10T18:00:00Z,GEN-1,0,0.0,0.0,0.0,38.3,86.3,540.98
2026-09-10T19:00:00Z,GEN-1,0,0.0,0.0,0.0,38.3,86.3,540.98
2026-09-10T20:00:00Z,GEN-1,0,0.0,0.0,0.0,38.3,86.3,540.98
2026-09-10T21:00:00Z,GEN-1,0,0.0,0.0,0.0,38.3,86.3,540.98
2026-09-10T22:00:00Z,GEN-1,0,0.0,0.0,0.0,38.3,86.3,540.98
2026-09-10T23:00:00Z,GEN-1,0,0.0,0.0,0.0,38.3,86.3,540.98
2026-09-11T00:00:00Z,GEN-1,0,0.0,0.0,0.0,38.3,86.3,540.98
2026-09-11T01:00:00Z,GEN-1,0,0.0,0.0,0.0,38.3,86.3,540.98
2026-09-11T02:00:00Z,GEN-1,0,0.0,0.0,0.0,38.3,86.3,540.98
2026-09-11T03:00:00Z,GEN-1,0,0.0,0.0,0.0,38.3,86.3,540.98
2026-09-11T04:00:00Z,GEN-1,0,0.0,0.0,0.0,38.3,86.3,540.98
2026-09-11T05:00:00Z,GEN-1,0,0.0,0.0,0.0,38.3,86.3,540.98
2026-09-11T06:00:00Z,GEN-1,0,0.0,0.0,0.0,38.3,86.3,540.98
2026-09-11T07:00:00Z,GEN-1,0,0.0,0.0,0.0,38.3,86.3,540.98
2026-09-11T08:00:00Z,GEN-1,0,0.0,0.0,0.0,38.3,86.3,540.98
2026-09-11T09:00:00Z,GEN-1,0,0.0,0.0,0.0,38.3,86.3,540.98
2026-09-11T10:00:00Z,GEN-1,0,0.0,0.0,0.0,38.3,86.3,540.98
2026-09-11T11:00:00Z,GEN-1,0,0.0,0.0,0.0,38.3,86.3,540.98
2026-09-11T12:00:00Z,GEN-1,0,0.0,0.0,0.0,38.3,86.3,540.98
2026-09-11T13:00:00Z,GEN-1,0,0.0,0.0,0.0,38.3,86.3,540.98
2026-09-11T14:00:00Z,GEN-1,0,0.0,0.0,0.0,38.3,86.3,540.98
2026-09-11T15:00:00Z,GEN-1,0,0.0,0.0,0.0,38.3,86.3,540.98
2026-09-11T16:00:00Z,GEN-1,0,0.0,0.0,0.0,38.3,86.3,540.98
2026-09-11T17:00:00Z,GEN-1,0,0.0,0.0,0.0,38.3,86.3,540.98
2026-09-11T18:00:00Z,GEN-1,0,0.0,0.0,0.0,38.3,86.3,540.98
2026-09-11T19:00:00Z,GEN-1,0,0.0,0.0,0.0,38.3,86.3,540.98
2026-09-11T20:00:00Z,GEN-1,0,0.0,0.0,0.0,38.3,86.3,540.98
2026-09-11T21:00:00Z,GEN-1,0,0.0,0.0,0.0,38.3,86.3,540.98
2026-09-11T22:00:00Z,GEN-1,0,0.0,0.0,0.0,38.3,86.3,540.98
2026-09-11T23:00:00Z,GEN-1,0,0.0,0.0,0.0,38.3,86.3,540.98
2026-09-12T00:00:00Z,GEN-1,0,0.0,0.0,0.0,38.3,86.3,540.98
2026-09-12T01:00:00Z,GEN-1,0,0.0,0.0,0.0,38.3,86.3,540.98
2026-09-12T02:00:00Z,GEN-1,0,0.0,0.0,0.0,38.3,86.3,540.98
2026-09-12T03:00:00Z,GEN-1,0,0.0,0.0,0.0,38.3,86.3,540.98
2026-09-12T04:00:00Z,GEN-1,0,0.0,0.0,0.0,38.3,86.3,540.98
2026-09-12T05:00:00Z,GEN-1,0,0.0,0.0,0.0,38.3,86.3,540.98
2026-09-12T06:00:00Z,GEN-1,0,0.0,0.0,0.0,38.3,86.3,540.98
2026-09-12T07:00:00Z,GEN-1,0,0.0,0.0,0.0,38.3,86.3,540.98
2026-09-12T08:00:00Z,GEN-1,0,0.0,0.0,0.0,38.3,86.3,540.98
2026-09-12T09:00:00Z,GEN-1,0,0.0,0.0,0.0,38.3,86.3,540.98
2026-09-12T10:00:00Z,GEN-1,0,0.0,0.0,0.0,38.3,86.3,540.98
2026-09-12T11:00:00Z,GEN-1,0,0.0,0.0,0.0,38.3,86.3,540.98
2026-09-12T12:00:00Z,GEN-1,0,0.0,0.0,0.0,38.3,86.3,540.98
2026-09-12T13:00:00Z,GEN-1,0,0.0,0.0,0.0,38.3,86.3,540.98
2026-09-12T14:00:00Z,GEN-1,0,0.0,0.0,0.0,38.3,86.3,540.98
2026-09-12T15:00:00Z,GEN-1,0,0.0,0.0,0.0,38.3,86.3,540.98
2026-09-12T16:00:00Z,GEN-1,0,0.0,0.0,0.0,38.3,86.3,540.98
2026-09-12T17:00:00Z,GEN-1,0,0.0,0.0,0.0,38.3,86.3,540.98
2026-09-12T18:00:00Z,GEN-1,0,0.0,0.0,0.0,38.3,86.3,540.98
2026-09-12T19:00:00Z,GEN-1,0,0.0,0.0,0.0,38.3,86.3,540.98
2026-09-12T20:00:00Z,GEN-1,0,0.0,0.0,0.0,38.3,86.3,540.98
2026-09-12T21:00:00Z,GEN-1,0,0.0,0.0,0.0,38.3,86.3,540.98
2026-09-12T22:00:00Z,GEN-1,0,0.0,0.0,0.0,38.3,86.3,540.98
2026-09-12T23:00:00Z,GEN-1,0,0.0,0.0,0.0,38.3,86.3,540.98
2026-09-13T00:00:00Z,GEN-1,0,0.0,0.0,0.0,38.3,86.3,540.98
2026-09-13T01:00:00Z,GEN-1,0,0.0,0.0,0.0,38.3,86.3,540.98
2026-09-13T02:00:00Z,GEN-1,0,0.0,0.0,0.0,38.3,86.3,540.98
2026-09-13T03:00:00Z,GEN-1,0,0.0,0.0,0.0,38.3,86.3,540.98
2026-09-13T04:00:00Z,GEN-1,0,0.0,0.0,0.0,38.3,86.3,540.98
2026-09-13T05:00:00Z,GEN-1,0,0.0,0.0,0.0,38.3,86.3,540.98
2026-09-13T06:00:00Z,GEN-1,0,0.0,0.0,0.0,38.3,86.3,540.98
2026-09-13T07:00:00Z,GEN-1,0,0.0,0.0,0.0,38.3,86.3,540.98
2026-09-13T08:00:00Z,GEN-1,0,0.0,0.0,0.0,38.3,86.3,540.98
2026-09-13T09:00:00Z,GEN-1,0,0.0,0.0,0.0,38.3,86.3,540.98
2026-09-13T10:00:00Z,GEN-1,0,0.0,0.0,0.0,38.3,86.3,540.98
2026-09-13T11:00:00Z,GEN-1,0,0.0,0.0,0.0,38.3,86.3,540.98
2026-09-13T12:00:00Z,GEN-1,0,0.0,0.0,0.0,38.3,86.3,540.98
2026-09-13T13:00:00Z,GEN-1,0,0.0,0.0,0.0,38.3,86.3,540.98
2026-09-13T14:00:00Z,GEN-1,0,0.0,0.0,0.0,38.3,86.3,540.98
2026-09-13T15:00:00Z,GEN-1,0,0.0,0.0,0.0,38.3,86.3,540.98
2026-09-13T16:00:00Z,GEN-1,0,0.0,0.0,0.0,38.3,86.3,540.98
2026-09-13T17:00:00Z,GEN-1,0,0.0,0.0,0.0,38.3,86.3,540.98
2026-09-13T18:00:00Z,GEN-1,0,0.0,0.0,0.0,38.3,86.3,540.98
2026-09-13T19:00:00Z,GEN-1,0,0.0,0.0,0.0,38.3,86.3,540.98
2026-09-13T20:00:00Z,GEN-1,0,0.0,0.0,0.0,38.3,86.3,540.98
2026-09-13T21:00:00Z,GEN-1,0,0.0,0.0,0.0,38.3,86.3,540.98
2026-09-13T22:00:00Z,GEN-1,0,0.0,0.0,0.0,38.3,86.3,540.98
2026-09-13T23:00:00Z,GEN-1,0,0.0,0.0,0.0,38.3,86.3,540.98
2026-09-14T00:00:00Z,GEN-1,0,0.0,0.0,0.0,38.3,86.3,540.98
2026-09-14T01:00:00Z,GEN-1,0,0.0,0.0,0.0,38.3,86.3,540.98
2026-09-14T02:00:00Z,GEN-1,0,0.0,0.0,0.0,38.3,86.3,540.98
2026-09-14T03:00:00Z,GEN-1,0,0.0,0.0,0.0,38.3,86.3,540.98
2026-09-14T04:00:00Z,GEN-1,0,0.0,0.0,0.0,38.3,86.3,540.98
2026-09-14T05:00:00Z,GEN-1,0,0.0,0.0,0.0,38.3,86.3,540.98
2026-09-14T06:00:00Z,GEN-1,0,0.0,0.0,0.0,38.3,86.3,540.98
2026-09-14T07:00:00Z,GEN-1,0,0.0,0.0,0.0,38.3,86.3,540.98
2026-09-14T08:00:00Z,GEN-1,0,0.0,0.0,0.0,38.3,86.3,540.98
2026-09-14T09:00:00Z,GEN-1,0,0.0,0.0,0.0,38.3,86.3,540.98
2026-09-14T10:00:00Z,GEN-1,0,0.0,0.0,0.0,38.3,86.3,540.98
2026-09-14T11:00:00Z,GEN-1,0,0.0,0.0,0.0,38.3,86.3,540.98
2026-09-14T12:00:00Z,GEN-1,0,0.0,0.0,0.0,38.3,86.3,540.98
2026-09-14T13:00:00Z,GEN-1,0,0.0,0.0,0.0,38.3,86.3,540.98
2026-09-14T14:00:00Z,GEN-1,0,0.0,0.0,0.0,38.3,86.3,540.98
2026-09-14T15:00:00Z,GEN-1,0,0.0,0.0,0.0,38.3,86.3,540.98
2026-09-14T16:00:00Z,GEN-1,0,0.0,0.0,0.0,38.3,86.3,540.98
2026-09-14T17:00:00Z,GEN-1,0,0.0,0.0,0.0,38.3,86.3,540.98
2026-09-14T18:00:00Z,GEN-1,0,0.0,0.0,0.0,38.3,86.3,540.98
2026-09-14T19:00:00Z,GEN-1,0,0.0,0.0,0.0,38.3,86.3,540.98
2026-09-14T20:00:00Z,GEN-1,0,0.0,0.0,0.0,38.3,86.3,540.98
2026-09-14T21:00:00Z,GEN-1,0,0.0,0.0,0.0,38.3,86.3,540.98
2026-09-14T22:00:00Z,GEN-1,0,0.0,0.0,0.0,38.3,86.3,540.98
2026-09-14T23:00:00Z,GEN-1,0,0.0,0.0,0.0,38.3,86.3,540.98
2026-09-15T00:00:00Z,GEN-1,0,0.0,0.0,0.0,38.3,86.3,540.98
2026-09-15T01:00:00Z,GEN-1,0,0.0,0.0,0.0,38.3,86.3,540.98
2026-09-15T02:00:00Z,GEN-1,0,0.0,0.0,0.0,38.3,86.3,540.98
2026-09-15T03:00:00Z,GEN-1,0,0.0,0.0,0.0,38.3,86.3,540.98
2026-09-15T04:00:00Z,GEN-1,0,0.0,0.0,0.0,38.3,86.3,540.98
2026-09-15T05:00:00Z,GEN-1,0,0.0,0.0,0.0,38.3,86.3,540.98
2026-09-15T06:00:00Z,GEN-1,0,0.0,0.0,0.0,38.3,86.3,540.98
2026-09-15T07:00:00Z,GEN-1,0,0.0,0.0,0.0,38.3,86.3,540.98
2026-09-15T08:00:00Z,GEN-1,0,0.0,0.0,0.0,38.3,86.3,540.98
2026-09-15T09:00:00Z,GEN-1,0,0.0,0.0,0.0,38.3,86.3,540.98
2026-09-15T10:00:00Z,GEN-1,0,0.0,0.0,0.0,38.3,86.3,540.98
2026-09-15T11:00:00Z,GEN-1,0,0.0,0.0,0.0,38.3,86.3,540.98
2026-09-15T12:00:00Z,GEN-1,0,0.0,0.0,0.0,38.3,86.3,540.98
2026-09-15T13:00:00Z,GEN-1,0,0.0,0.0,0.0,38.3,86.3,540.98
2026-09-15T14:00:00Z,GEN-1,0,0.0,0.0,0.0,38.3,86.3,540.98
2026-09-15T15:00:00Z,GEN-1,0,0.0,0.0,0.0,38.3,86.3,540.98
2026-09-15T16:00:00Z,GEN-1,0,0.0,0.0,0.0,38.3,86.3,540.98
2026-09-15T17:00:00Z,GEN-1,0,0.0,0.0,0.0,38.3,86.3,540.98
2026-09-15T18:00:00Z,GEN-1,0,0.0,0.0,0.0,38.3,86.3,540.98
2026-09-15T19:00:00Z,GEN-1,0,0.0,0.0,0.0,38.3,86.3,540.98
2026-09-15T20:00:00Z,GEN-1,0,0.0,0.0,0.0,38.3,86.3,540.98
2026-09-15T21:00:00Z,GEN-1,0,0.0,0.0,0.0,38.3,86.3,540.98
2026-09-15T22:00:00Z,GEN-1,0,0.0,0.0,0.0,38.3,86.3,540.98
2026-09-15T23:00:00Z,GEN-1,0,0.0,0.0,0.0,38.3,86.3,540.98
2026-09-16T00:00:00Z,GEN-1,0,0.0,0.0,0.0,38.3,86.3,540.98
2026-09-16T01:00:00Z,GEN-1,0,0.0,0.0,0.0,38.3,86.3,540.98
2026-09-16T02:00:00Z,GEN-1,0,0.0,0.0,0.0,38.3,86.3,540.98
2026-09-16T03:00:00Z,GEN-1,0,0.0,0.0,0.0,38.3,86.3,540.98
2026-09-16T04:00:00Z,GEN-1,0,0.0,0.0,0.0,38.3,86.3,540.98
2026-09-16T05:00:00Z,GEN-1,0,0.0,0.0,0.0,38.3,86.3,540.98
2026-09-16T06:00:00Z,GEN-1,0,0.0,0.0,0.0,38.3,86.3,540.98
2026-09-16T07:00:00Z,GEN-1,0,0.0,0.0,0.0,38.3,86.3,540.98
2026-09-16T08:00:00Z,GEN-1,0,0.0,0.0,0.0,38.3,86.3,540.98
2026-09-16T09:00:00Z,GEN-1,0,0.0,0.0,0.0,38.3,86.3,540.98
2026-09-16T10:00:00Z,GEN-1,0,0.0,0.0,0.0,38.3,86.3,540.98
2026-09-16T11:00:00Z,GEN-1,0,0.0,0.0,0.0,38.3,86.3,540.98
2026-09-16T12:00:00Z,GEN-1,0,0.0,0.0,0.0,38.3,86.3,540.98
2026-09-16T13:00:00Z,GEN-1,0,0.0,0.0,0.0,38.3,86.3,540.98
2026-09-16T14:00:00Z,GEN-1,0,0.0,0.0,0.0,38.3,86.3,540.98
2026-09-16T15:00:00Z,GEN-1,0,0.0,0.0,0.0,38.3,86.3,540.98
2026-09-16T16:00:00Z,GEN-1,0,0.0,0.0,0.0,38.3,86.3,540.98
2026-09-16T17:00:00Z,GEN-1,0,0.0,0.0,0.0,38.3,86.3,540.98
2026-09-16T18:00:00Z,GEN-1,0,0.0,0.0,0.0,38.3,86.3,540.98
2026-09-16T19:00:00Z,GEN-1,0,0.0,0.0,0.0,38.3,86.3,540.98
2026-09-16T20:00:00Z,GEN-1,0,0.0,0.0,0.0,38.3,86.3,540.98
2026-09-16T21:00:00Z,GEN-1,0,0.0,0.0,0.0,38.3,86.3,540.98
2026-09-16T22:00:00Z,GEN-1,0,0.0,0.0,0.0,38.3,86.3,540.98
2026-09-16T23:00:00Z,GEN-1,0,0.0,0.0,0.0,38.3,86.3,540.98
2026-09-17T00:00:00Z,GEN-1,0,0.0,0.0,0.0,38.3,86.3,540.98
2026-09-17T01:00:00Z,GEN-1,0,0.0,0.0,0.0,38.3,86.3,540.98
2026-09-17T02:00:00Z,GEN-1,0,0.0,0.0,0.0,38.3,86.3,540.98
2026-09-17T03:00:00Z,GEN-1,0,0.0,0.0,0.0,38.3,86.3,540.98
2026-09-17T04:00:00Z,GEN-1,0,0.0,0.0,0.0,38.3,86.3,540.98
2026-09-17T05:00:00Z,GEN-1,0,0.0,0.0,0.0,38.3,86.3,540.98
2026-09-17T06:00:00Z,GEN-1,0,0.0,0.0,0.0,38.3,86.3,540.98
2026-09-17T07:00:00Z,GEN-1,0,0.0,0.0,0.0,38.3,86.3,540.98
2026-09-17T08:00:00Z,GEN-1,0,0.0,0.0,0.0,38.3,86.3,540.98
2026-09-17T09:00:00Z,GEN-1,0,0.0,0.0,0.0,38.3,86.3,540.98
2026-09-17T10:00:00Z,GEN-1,0,0.0,0.0,0.0,38.3,86.3,540.98
2026-09-17T11:00:00Z,GEN-1,0,0.0,0.0,0.0,38.3,86.3,540.98
2026-09-17T12:00:00Z,GEN-1,0,0.0,0.0,0.0,38.3,86.3,540.98
2026-09-17T13:00:00Z,GEN-1,0,0.0,0.0,0.0,38.3,86.3,540.98
2026-09-17T14:00:00Z,GEN-1,0,0.0,0.0,0.0,38.3,86.3,540.98
2026-09-17T15:00:00Z,GEN-1,0,0.0,0.0,0.0,38.3,86.3,540.98
2026-09-17T16:00:00Z,GEN-1,0,0.0,0.0,0.0,38.3,86.3,540.98
2026-09-17T17:00:00Z,GEN-1,0,0.0,0.0,0.0,38.3,86.3,540.98
2026-09-17T18:00:00Z,GEN-1,0,0.0,0.0,0.0,38.3,86.3,540.98
2026-09-17T19:00:00Z,GEN-1,0,0.0,0.0,0.0,38.3,86.3,540.98
2026-09-17T20:00:00Z,GEN-1,0,0.0,0.0,0.0,38.3,86.3,540.98
2026-09-17T21:00:00Z,GEN-1,0,0.0,0.0,0.0,38.3,86.3,540.98
2026-09-17T22:00:00Z,GEN-1,0,0.0,0.0,0.0,38.3,86.3,540.98
2026-09-17T23:00:00Z,GEN-1,0,0.0,0.0,0.0,38.3,86.3,540.98
2026-09-18T00:00:00Z,GEN-1,0,0.0,0.0,0.0,38.3,86.3,540.98
2026-09-18T01:00:00Z,GEN-1,0,0.0,0.0,0.0,38.3,86.3,540.98
2026-09-18T02:00:00Z,GEN-1,0,0.0,0.0,0.0,38.3,86.3,540.98
2026-09-18T03:00:00Z,GEN-1,0,0.0,0.0,0.0,38.3,86.3,540.98
2026-09-18T04:00:00Z,GEN-1,0,0.0,0.0,0.0,38.3,86.3,540.98
2026-09-18T05:00:00Z,GEN-1,0,0.0,0.0,0.0,38.3,86.3,540.98
2026-09-18T06:00:00Z,GEN-1,0,0.0,0.0,0.0,38.3,86.3,540.98
2026-09-18T07:00:00Z,GEN-1,0,0.0,0.0,0.0,38.3,86.3,540.98
2026-09-18T08:00:00Z,GEN-1,0,0.0,0.0,0.0,38.3,86.3,540.98
2026-09-18T09:00:00Z,GEN-1,0,0.0,0.0,0.0,38.3,86.3,540.98
2026-09-18T10:00:00Z,GEN-1,0,0.0,0.0,0.0,38.3,86.3,540.98
2026-09-18T11:00:00Z,GEN-1,0,0.0,0.0,0.0,38.3,86.3,540.98
2026-09-18T12:00:00Z,GEN-1,0,0.0,0.0,0.0,38.3,86.3,540.98
2026-09-18T13:00:00Z,GEN-1,0,0.0,0.0,0.0,38.3,86.3,540.98
2026-09-18T14:00:00Z,GEN-1,0,0.0,0.0,0.0,38.3,86.3,540.98
2026-09-18T15:00:00Z,GEN-1,0,0.0,0.0,0.0,38.3,86.3,540.98
2026-09-18T16:00:00Z,GEN-1,0,0.0,0.0,0.0,38.3,86.3,540.98
2026-09-18T17:00:00Z,GEN-1,0,0.0,0.0,0.0,38.3,86.3,540.98
2026-09-18T18:00:00Z,GEN-1,0,0.0,0.0,0.0,38.3,86.3,540.98
2026-09-18T19:00:00Z,GEN-1,0,0.0,0.0,0.0,38.3,86.3,540.98
2026-09-18T20:00:00Z,GEN-1,0,0.0,0.0,0.0,38.3,86.3,540.98
2026-09-18T21:00:00Z,GEN-1,0,0.0,0.0,0.0,38.3,86.3,540.98
2026-09-18T22:00:00Z,GEN-1,0,0.0,0.0,0.0,38.3,86.3,540.98
2026-09-18T23:00:00Z,GEN-1,0,0.0,0.0,0.0,38.3,86.3,540.98
2026-09-19T00:00:00Z,GEN-1,0,0.0,0.0,0.0,38.3,86.3,540.98
2026-09-19T01:00:00Z,GEN-1,0,0.0,0.0,0.0,38.3,86.3,540.98
2026-09-19T02:00:00Z,GEN-1,0,0.0,0.0,0.0,38.3,86.3,540.98
2026-09-19T03:00:00Z,GEN-1,0,0.0,0.0,0.0,38.3,86.3,540.98
2026-09-19T04:00:00Z,GEN-1,0,0.0,0.0,0.0,38.3,86.3,540.98
2026-09-19T05:00:00Z,GEN-1,0,0.0,0.0,0.0,38.3,86.3,540.98
2026-09-19T06:00:00Z,GEN-1,0,0.0,0.0,0.0,38.3,86.3,540.98
2026-09-19T07:00:00Z,GEN-1,0,0.0,0.0,0.0,38.3,86.3,540.98
2026-09-19T08:00:00Z,GEN-1,0,0.0,0.0,0.0,38.3,86.3,540.98
2026-09-19T09:00:00Z,GEN-1,0,0.0,0.0,0.0,38.3,86.3,540.98
2026-09-19T10:00:00Z,GEN-1,0,0.0,0.0,0.0,38.3,86.3,540.98
2026-09-19T11:00:00Z,GEN-1,0,0.0,0.0,0.0,38.3,86.3,540.98
2026-09-19T12:00:00Z,GEN-1,0,0.0,0.0,0.0,38.3,86.3,540.98
2026-09-19T13:00:00Z,GEN-1,0,0.0,0.0,0.0,38.3,86.3,540.98
2026-09-19T14:00:00Z,GEN-1,0,0.0,0.0,0.0,38.3,86.3,540.98
2026-09-19T15:00:00Z,GEN-1,0,0.0,0.0,0.0,38.3,86.3,540.98
2026-09-19T16:00:00Z,GEN-1,0,0.0,0.0,0.0,38.3,86.3,540.98
2026-09-19T17:00:00Z,GEN-1,0,0.0,0.0,0.0,38.3,86.3,540.98
2026-09-19T18:00:00Z,GEN-1,0,0.0,0.0,0.0,38.3,86.3,540.98
2026-09-19T19:00:00Z,GEN-1,0,0.0,0.0,0.0,38.3,86.3,540.98
2026-09-19T20:00:00Z,GEN-1,0,0.0,0.0,0.0,38.3,86.3,540.98
2026-09-19T21:00:00Z,GEN-1,0,0.0,0.0,0.0,38.3,86.3,540.98
2026-09-19T22:00:00Z,GEN-1,0,0.0,0.0,0.0,38.3,86.3,540.98
2026-09-19T23:00:00Z,GEN-1,0,0.0,0.0,0.0,38.3,86.3,540.98
2026-09-20T00:00:00Z,GEN-1,0,0.0,0.0,0.0,38.3,86.3,540.98
2026-09-20T01:00:00Z,GEN-1,0,0.0,0.0,0.0,38.3,86.3,540.98
2026-09-20T02:00:00Z,GEN-1,0,0.0,0.0,0.0,38.3,86.3,540.98
2026-09-20T03:00:00Z,GEN-1,0,0.0,0.0,0.0,38.3,86.3,540.98
2026-09-20T04:00:00Z,GEN-1,0,0.0,0.0,0.0,38.3,86.3,540.98
2026-09-20T05:00:00Z,GEN-1,0,0.0,0.0,0.0,38.3,86.3,540.98
2026-09-20T06:00:00Z,GEN-1,0,0.0,0.0,0.0,38.3,86.3,540.98
2026-09-20T07:00:00Z,GEN-1,0,0.0,0.0,0.0,38.3,86.3,540.98
2026-09-20T08:00:00Z,GEN-1,0,0.0,0.0,0.0,38.3,86.3,540.98
2026-09-20T09:00:00Z,GEN-1,0,0.0,0.0,0.0,38.3,86.3,540.98
2026-09-20T10:00:00Z,GEN-1,0,0.0,0.0,0.0,38.3,86.3,540.98
2026-09-20T11:00:00Z,GEN-1,0,0.0,0.0,0.0,38.3,86.3,540.98
2026-09-20T12:00:00Z,GEN-1,0,0.0,0.0,0.0,38.3,86.3,540.98
2026-09-20T13:00:00Z,GEN-1,0,0.0,0.0,0.0,38.3,86.3,540.98
2026-09-20T14:00:00Z,GEN-1,0,0.0,0.0,0.0,38.3,86.3,540.98
2026-09-20T15:00:00Z,GEN-1,0,0.0,0.0,0.0,38.3,86.3,540.98
2026-09-20T16:00:00Z,GEN-1,0,0.0,0.0,0.0,38.3,86.3,540.98
2026-09-20T17:00:00Z,GEN-1,0,0.0,0.0,0.0,38.3,86.3,540.98
2026-09-20T18:00:00Z,GEN-1,0,0.0,0.0,0.0,38.3,86.3,540.98
2026-09-20T19:00:00Z,GEN-1,0,0.0,0.0,0.0,38.3,86.3,540.98
2026-09-20T20:00:00Z,GEN-1,0,0.0,0.0,0.0,38.3,86.3,540.98
2026-09-20T21:00:00Z,GEN-1,0,0.0,0.0,0.0,38.3,86.3,540.98
2026-09-20T22:00:00Z,GEN-1,0,0.0,0.0,0.0,38.3,86.3,540.98
2026-09-20T23:00:00Z,GEN-1,0,0.0,0.0,0.0,38.3,86.3,540.98
2026-09-21T00:00:00Z,GEN-1,0,0.0,0.0,0.0,38.3,86.3,540.98
2026-09-21T01:00:00Z,GEN-1,0,0.0,0.0,0.0,38.3,86.3,540.98
2026-09-21T02:00:00Z,GEN-1,0,0.0,0.0,0.0,38.3,86.3,540.98
2026-09-21T03:00:00Z,GEN-1,0,0.0,0.0,0.0,38.3,86.3,540.98
2026-09-21T04:00:00Z,GEN-1,0,0.0,0.0,0.0,38.3,86.3,540.98
2026-09-21T05:00:00Z,GEN-1,0,0.0,0.0,0.0,38.3,86.3,540.98
2026-09-21T06:00:00Z,GEN-1,0,0.0,0.0,0.0,38.3,86.3,540.98
2026-09-21T07:00:00Z,GEN-1,0,0.0,0.0,0.0,38.3,86.3,540.98
2026-09-21T08:00:00Z,GEN-1,0,0.0,0.0,0.0,38.3,86.3,540.98
2026-09-21T09:00:00Z,GEN-1,0,0.0,0.0,0.0,38.3,86.3,540.98
2026-09-21T10:00:00Z,GEN-1,0,0.0,0.0,0.0,38.3,86.3,540.98
2026-09-21T11:00:00Z,GEN-1,0,0.0,0.0,0.0,38.3,86.3,540.98
2026-09-21T12:00:00Z,GEN-1,0,0.0,0.0,0.0,38.3,86.3,540.98
2026-09-21T13:00:00Z,GEN-1,0,0.0,0.0,0.0,38.3,86.3,540.98
2026-09-21T14:00:00Z,GEN-1,0,0.0,0.0,0.0,38.3,86.3,540.98
2026-09-21T15:00:00Z,GEN-1,0,0.0,0.0,0.0,38.3,86.3,540.98
2026-09-21T16:00:00Z,GEN-1,0,0.0,0.0,0.0,38.3,86.3,540.98
2026-09-21T17:00:00Z,GEN-1,0,0.0,0.0,0.0,38.3,86.3,540.98
2026-09-21T18:00:00Z,GEN-1,0,0.0,0.0,0.0,38.3,86.3,540.98
2026-09-21T19:00:00Z,GEN-1,0,0.0,0.0,0.0,38.3,86.3,540.98
2026-09-21T20:00:00Z,GEN-1,0,0.0,0.0,0.0,38.3,86.3,540.98
2026-09-21T21:00:00Z,GEN-1,0,0.0,0.0,0.0,38.3,86.3,540.98
2026-09-21T22:00:00Z,GEN-1,0,0.0,0.0,0.0,38.3,86.3,540.98
2026-09-21T23:00:00Z,GEN-1,0,0.0,0.0,0.0,38.3,86.3,540.98
2026-09-22T00:00:00Z,GEN-1,0,0.0,0.0,0.0,38.3,86.3,540.98
2026-09-22T01:00:00Z,GEN-1,0,0.0,0.0,0.0,38.3,86.3,540.98
2026-09-22T02:00:00Z,GEN-1,0,0.0,0.0,0.0,38.3,86.3,540.98
2026-09-22T03:00:00Z,GEN-1,0,0.0,0.0,0.0,38.3,86.3,540.98
2026-09-22T04:00:00Z,GEN-1,0,0.0,0.0,0.0,38.3,86.3,540.98
2026-09-22T05:00:00Z,GEN-1,0,0.0,0.0,0.0,38.3,86.3,540.98
2026-09-22T06:00:00Z,GEN-1,0,0.0,0.0,0.0,38.3,86.3,540.98
2026-09-22T07:00:00Z,GEN-1,0,0.0,0.0,0.0,38.3,86.3,540.98
2026-09-22T08:00:00Z,GEN-1,0,0.0,0.0,0.0,38.3,86.3,540.98
2026-09-22T09:00:00Z,GEN-1,0,0.0,0.0,0.0,38.3,86.3,540.98
2026-09-22T10:00:00Z,GEN-1,0,0.0,0.0,0.0,38.3,86.3,540.98
2026-09-22T11:00:00Z,GEN-1,0,0.0,0.0,0.0,38.3,86.3,540.98
2026-09-22T12:00:00Z,GEN-1,0,0.0,0.0,0.0,38.3,86.3,540.98
2026-09-22T13:00:00Z,GEN-1,0,0.0,0.0,0.0,38.3,86.3,540.98
2026-09-22T14:00:00Z,GEN-1,0,0.0,0.0,0.0,38.3,86.3,540.98
2026-09-22T15:00:00Z,GEN-1,0,0.0,0.0,0.0,38.3,86.3,540.98
2026-09-22T16:00:00Z,GEN-1,0,0.0,0.0,0.0,38.3,86.3,540.98
2026-09-22T17:00:00Z,GEN-1,0,0.0,0.0,0.0,38.3,86.3,540.98
2026-09-22T18:00:00Z,GEN-1,0,0.0,0.0,0.0,38.3,86.3,540.98
2026-09-22T19:00:00Z,GEN-1,0,0.0,0.0,0.0,38.3,86.3,540.98
2026-09-22T20:00:00Z,GEN-1,0,0.0,0.0,0.0,38.3,86.3,540.98
2026-09-22T21:00:00Z,GEN-1,0,0.0,0.0,0.0,38.3,86.3,540.98
2026-09-22T22:00:00Z,GEN-1,0,0.0,0.0,0.0,38.3,86.3,540.98
2026-09-22T23:00:00Z,GEN-1,0,0.0,0.0,0.0,38.3,86.3,540.98
2026-09-23T00:00:00Z,GEN-1,0,0.0,0.0,0.0,38.3,86.3,540.98
2026-09-23T01:00:00Z,GEN-1,0,0.0,0.0,0.0,38.3,86.3,540.98
2026-09-23T02:00:00Z,GEN-1,0,0.0,0.0,0.0,38.3,86.3,540.98
2026-09-23T03:00:00Z,GEN-1,0,0.0,0.0,0.0,38.3,86.3,540.98
2026-09-23T04:00:00Z,GEN-1,0,0.0,0.0,0.0,38.3,86.3,540.98
2026-09-23T05:00:00Z,GEN-1,0,0.0,0.0,0.0,38.3,86.3,540.98
2026-09-23T06:00:00Z,GEN-1,0,0.0,0.0,0.0,38.3,86.3,540.98
2026-09-23T07:00:00Z,GEN-1,0,0.0,0.0,0.0,38.3,86.3,540.98
2026-09-23T08:00:00Z,GEN-1,0,0.0,0.0,0.0,38.3,86.3,540.98
2026-09-23T09:00:00Z,GEN-1,0,0.0,0.0,0.0,38.3,86.3,540.98
2026-09-23T10:00:00Z,GEN-1,0,0.0,0.0,0.0,38.3,86.3,540.98
2026-09-23T11:00:00Z,GEN-1,0,0.0,0.0,0.0,38.3,86.3,540.98
2026-09-23T12:00:00Z,GEN-1,0,0.0,0.0,0.0,38.3,86.3,540.98
2026-09-23T13:00:00Z,GEN-1,0,0.0,0.0,0.0,38.3,86.3,540.98
2026-09-23T14:00:00Z,GEN-1,0,0.0,0.0,0.0,38.3,86.3,540.98
2026-09-23T15:00:00Z,GEN-1,0,0.0,0.0,0.0,38.3,86.3,540.98
2026-09-23T16:00:00Z,GEN-1,0,0.0,0.0,0.0,38.3,86.3,540.98
2026-09-23T17:00:00Z,GEN-1,0,0.0,0.0,0.0,38.3,86.3,540.98
2026-09-23T18:00:00Z,GEN-1,0,0.0,0.0,0.0,38.3,86.3,540.98
2026-09-23T19:00:00Z,GEN-1,0,0.0,0.0,0.0,38.3,86.3,540.98
2026-09-23T20:00:00Z,GEN-1,0,0.0,0.0,0.0,38.3,86.3,540.98
2026-09-23T21:00:00Z,GEN-1,0,0.0,0.0,0.0,38.3,86.3,540.98
2026-09-23T22:00:00Z,GEN-1,0,0.0,0.0,0.0,38.3,86.3,540.98
2026-09-23T23:00:00Z,GEN-1,0,0.0,0.0,0.0,38.3,86.3,540.98
2026-09-24T00:00:00Z,GEN-1,0,0.0,0.0,0.0,38.3,86.3,540.98
2026-09-24T01:00:00Z,GEN-1,0,0.0,0.0,0.0,38.3,86.3,540.98
2026-09-24T02:00:00Z,GEN-1,0,0.0,0.0,0.0,38.3,86.3,540.98
2026-09-24T03:00:00Z,GEN-1,0,0.0,0.0,0.0,38.3,86.3,540.98
2026-09-24T04:00:00Z,GEN-1,0,0.0,0.0,0.0,38.3,86.3,540.98
2026-09-24T05:00:00Z,GEN-1,0,0.0,0.0,0.0,38.3,86.3,540.98
2026-09-24T06:00:00Z,GEN-1,0,0.0,0.0,0.0,38.3,86.3,540.98
2026-09-24T07:00:00Z,GEN-1,0,0.0,0.0,0.0,38.3,86.3,540.98
2026-09-24T08:00:00Z,GEN-1,0,0.0,0.0,0.0,38.3,86.3,540.98
2026-09-24T09:00:00Z,GEN-1,0,0.0,0.0,0.0,38.3,86.3,540.98
2026-09-24T10:00:00Z,GEN-1,0,0.0,0.0,0.0,38.3,86.3,540.98
2026-09-24T11:00:00Z,GEN-1,0,0.0,0.0,0.0,38.3,86.3,540.98
2026-09-24T12:00:00Z,GEN-1,0,0.0,0.0,0.0,38.3,86.3,540.98
2026-09-24T13:00:00Z,GEN-1,0,0.0,0.0,0.0,38.3,86.3,540.98
2026-09-24T14:00:00Z,GEN-1,0,0.0,0.0,0.0,38.3,86.3,540.98
2026-09-24T15:00:00Z,GEN-1,0,0.0,0.0,0.0,38.3,86.3,540.98
2026-09-24T16:00:00Z,GEN-1,0,0.0,0.0,0.0,38.3,86.3,540.98
2026-09-24T17:00:00Z,GEN-1,0,0.0,0.0,0.0,38.3,86.3,540.98
2026-09-24T18:00:00Z,GEN-1,0,0.0,0.0,0.0,38.3,86.3,540.98
2026-09-24T19:00:00Z,GEN-1,0,0.0,0.0,0.0,38.3,86.3,540.98
2026-09-24T20:00:00Z,GEN-1,0,0.0,0.0,0.0,38.3,86.3,540.98
2026-09-24T21:00:00Z,GEN-1,45,665.8,1076.1,35.9,76.4,85.8,541.73
2026-09-24T22:00:00Z,GEN-1,1,0.0,0.0,0.0,69.3,85.8,541.75
2026-09-24T23:00:00Z,GEN-1,0,0.0,0.0,0.0,54.2,85.8,541.75
2026-09-25T00:00:00Z,GEN-1,0,0.0,0.0,0.0,46.5,85.8,541.75
2026-09-25T01:00:00Z,GEN-1,0,0.0,0.0,0.0,42.5,85.8,541.75
2026-09-25T02:00:00Z,GEN-1,0,0.0,0.0,0.0,40.5,85.8,541.75
2026-09-25T03:00:00Z,GEN-1,0,0.0,0.0,0.0,39.4,85.8,541.75
2026-09-25T04:00:00Z,GEN-1,0,0.0,0.0,0.0,38.9,85.8,541.75
2026-09-25T05:00:00Z,GEN-1,0,0.0,0.0,0.0,38.6,85.8,541.75
2026-09-25T06:00:00Z,GEN-1,0,0.0,0.0,0.0,38.5,85.8,541.75
2026-09-25T07:00:00Z,GEN-1,0,0.0,0.0,0.0,38.4,85.8,541.75
2026-09-25T08:00:00Z,GEN-1,0,0.0,0.0,0.0,38.4,85.8,541.75
2026-09-25T09:00:00Z,GEN-1,0,0.0,0.0,0.0,38.3,85.8,541.75
2026-09-25T10:00:00Z,GEN-1,0,0.0,0.0,0.0,38.3,85.8,541.75
2026-09-25T11:00:00Z,GEN-1,0,0.0,0.0,0.0,38.3,85.8,541.75
2026-09-25T12:00:00Z,GEN-1,0,0.0,0.0,0.0,38.3,85.8,541.75
2026-09-25T13:00:00Z,GEN-1,0,0.0,0.0,0.0,38.3,85.8,541.75
2026-09-25T14:00:00Z,GEN-1,0,0.0,0.0,0.0,38.3,85.8,541.75
2026-09-25T15:00:00Z,GEN-1,0,0.0,0.0,0.0,38.3,85.8,541.75
2026-09-25T16:00:00Z,GEN-1,0,0.0,0.0,0.0,38.3,85.8,541.75
2026-09-25T17:00:00Z,GEN-1,0,0.0,0.0,0.0,38.3,85.8,541.75
2026-09-25T18:00:00Z,GEN-1,0,0.0,0.0,0.0,38.3,85.8,541.75
2026-09-25T19:00:00Z,GEN-1,0,0.0,0.0,0.0,38.3,85.8,541.75
2026-09-25T20:00:00Z,GEN-1,0,0.0,0.0,0.0,38.3,85.8,541.75
2026-09-25T21:00:00Z,GEN-1,0,0.0,0.0,0.0,38.3,85.8,541.75
2026-09-25T22:00:00Z,GEN-1,0,0.0,0.0,0.0,38.3,85.8,541.75
2026-09-25T23:00:00Z,GEN-1,0,0.0,0.0,0.0,38.3,85.8,541.75
2026-09-26T00:00:00Z,GEN-1,0,0.0,0.0,0.0,38.3,85.8,541.75
2026-09-26T01:00:00Z,GEN-1,0,0.0,0.0,0.0,38.3,85.8,541.75
2026-09-26T02:00:00Z,GEN-1,0,0.0,0.0,0.0,38.3,85.8,541.75
2026-09-26T03:00:00Z,GEN-1,0,0.0,0.0,0.0,38.3,85.8,541.75
2026-09-26T04:00:00Z,GEN-1,0,0.0,0.0,0.0,38.3,85.8,541.75
2026-09-26T05:00:00Z,GEN-1,0,0.0,0.0,0.0,38.3,85.8,541.75
2026-09-26T06:00:00Z,GEN-1,0,0.0,0.0,0.0,38.3,85.8,541.75
2026-09-26T07:00:00Z,GEN-1,0,0.0,0.0,0.0,38.3,85.8,541.75
2026-09-26T08:00:00Z,GEN-1,0,0.0,0.0,0.0,38.3,85.8,541.75
2026-09-26T09:00:00Z,GEN-1,0,0.0,0.0,0.0,38.3,85.8,541.75
2026-09-26T10:00:00Z,GEN-1,0,0.0,0.0,0.0,38.3,85.8,541.75
2026-09-26T11:00:00Z,GEN-1,0,0.0,0.0,0.0,38.3,85.8,541.75
2026-09-26T12:00:00Z,GEN-1,0,0.0,0.0,0.0,38.3,85.8,541.75
2026-09-26T13:00:00Z,GEN-1,0,0.0,0.0,0.0,38.3,85.8,541.75
2026-09-26T14:00:00Z,GEN-1,0,0.0,0.0,0.0,38.3,85.8,541.75
2026-09-26T15:00:00Z,GEN-1,0,0.0,0.0,0.0,38.3,85.8,541.75
2026-09-26T16:00:00Z,GEN-1,0,0.0,0.0,0.0,38.3,85.8,541.75
2026-09-26T17:00:00Z,GEN-1,0,0.0,0.0,0.0,38.3,85.8,541.75
2026-09-26T18:00:00Z,GEN-1,0,0.0,0.0,0.0,38.3,85.8,541.75
2026-09-26T19:00:00Z,GEN-1,0,0.0,0.0,0.0,38.3,85.8,541.75
2026-09-26T20:00:00Z,GEN-1,0,0.0,0.0,0.0,38.3,85.8,541.75
2026-09-26T21:00:00Z,GEN-1,0,0.0,0.0,0.0,38.3,85.8,541.75
2026-09-26T22:00:00Z,GEN-1,0,0.0,0.0,0.0,38.3,85.8,541.75
2026-09-26T23:00:00Z,GEN-1,0,0.0,0.0,0.0,38.3,85.8,541.75
2026-09-27T00:00:00Z,GEN-1,0,0.0,0.0,0.0,38.3,85.8,541.75
2026-09-27T01:00:00Z,GEN-1,0,0.0,0.0,0.0,38.3,85.8,541.75
2026-09-27T02:00:00Z,GEN-1,0,0.0,0.0,0.0,38.3,85.8,541.75
2026-09-27T03:00:00Z,GEN-1,0,0.0,0.0,0.0,38.3,85.8,541.75
2026-09-27T04:00:00Z,GEN-1,0,0.0,0.0,0.0,38.3,85.8,541.75
2026-09-27T05:00:00Z,GEN-1,0,0.0,0.0,0.0,38.3,85.8,541.75
2026-09-27T06:00:00Z,GEN-1,0,0.0,0.0,0.0,38.3,85.8,541.75
2026-09-27T07:00:00Z,GEN-1,0,0.0,0.0,0.0,38.3,85.8,541.75
2026-09-27T08:00:00Z,GEN-1,0,0.0,0.0,0.0,38.3,85.8,541.75
2026-09-27T09:00:00Z,GEN-1,0,0.0,0.0,0.0,38.3,85.8,541.75
2026-09-27T10:00:00Z,GEN-1,0,0.0,0.0,0.0,38.3,85.8,541.75
2026-09-27T11:00:00Z,GEN-1,0,0.0,0.0,0.0,38.3,85.8,541.75
2026-09-27T12:00:00Z,GEN-1,0,0.0,0.0,0.0,38.3,85.8,541.75
2026-09-27T13:00:00Z,GEN-1,0,0.0,0.0,0.0,38.3,85.8,541.75
2026-09-27T14:00:00Z,GEN-1,0,0.0,0.0,0.0,38.3,85.8,541.75
2026-09-27T15:00:00Z,GEN-1,0,0.0,0.0,0.0,38.3,85.8,541.75
2026-09-27T16:00:00Z,GEN-1,0,0.0,0.0,0.0,38.3,85.8,541.75
2026-09-27T17:00:00Z,GEN-1,0,0.0,0.0,0.0,38.3,85.8,541.75
2026-09-27T18:00:00Z,GEN-1,0,0.0,0.0,0.0,38.3,85.8,541.75
2026-09-27T19:00:00Z,GEN-1,0,0.0,0.0,0.0,38.3,85.8,541.75
2026-09-27T20:00:00Z,GEN-1,0,0.0,0.0,0.0,38.3,85.8,541.75
2026-09-27T21:00:00Z,GEN-1,0,0.0,0.0,0.0,38.3,85.8,541.75
2026-09-27T22:00:00Z,GEN-1,0,0.0,0.0,0.0,38.3,85.8,541.75
2026-09-27T23:00:00Z,GEN-1,0,0.0,0.0,0.0,38.3,85.8,541.75
2026-08-31T00:00:00Z,GEN-2,0,0.0,0.0,0.0,38.8,89.8,674.53
2026-08-31T01:00:00Z,GEN-2,0,0.0,0.0,0.0,38.8,89.8,674.53
2026-08-31T02:00:00Z,GEN-2,0,0.0,0.0,0.0,38.8,89.8,674.53
2026-08-31T03:00:00Z,GEN-2,0,0.0,0.0,0.0,38.8,89.8,674.53
2026-08-31T04:00:00Z,GEN-2,0,0.0,0.0,0.0,38.8,89.8,674.53
2026-08-31T05:00:00Z,GEN-2,0,0.0,0.0,0.0,38.8,89.8,674.53
2026-08-31T06:00:00Z,GEN-2,0,0.0,0.0,0.0,38.8,89.8,674.53
2026-08-31T07:00:00Z,GEN-2,0,0.0,0.0,0.0,38.8,89.8,674.53
2026-08-31T08:00:00Z,GEN-2,0,0.0,0.0,0.0,38.8,89.8,674.53
2026-08-31T09:00:00Z,GEN-2,0,0.0,0.0,0.0,38.8,89.8,674.53
2026-08-31T10:00:00Z,GEN-2,0,0.0,0.0,0.0,38.8,89.8,674.53
2026-08-31T11:00:00Z,GEN-2,0,0.0,0.0,0.0,38.8,89.8,674.53
2026-08-31T12:00:00Z,GEN-2,0,0.0,0.0,0.0,38.8,89.8,674.53
2026-08-31T13:00:00Z,GEN-2,0,0.0,0.0,0.0,38.8,89.8,674.53
2026-08-31T14:00:00Z,GEN-2,0,0.0,0.0,0.0,38.8,89.8,674.53
2026-08-31T15:00:00Z,GEN-2,0,0.0,0.0,0.0,38.8,89.8,674.53
2026-08-31T16:00:00Z,GEN-2,0,0.0,0.0,0.0,38.8,89.8,674.53
2026-08-31T17:00:00Z,GEN-2,0,0.0,0.0,0.0,38.8,89.8,674.53
2026-08-31T18:00:00Z,GEN-2,0,0.0,0.0,0.0,38.8,89.8,674.53
2026-08-31T19:00:00Z,GEN-2,0,0.0,0.0,0.0,38.8,89.8,674.53
2026-08-31T20:00:00Z,GEN-2,0,0.0,0.0,0.0,38.8,89.8,674.53
2026-08-31T21:00:00Z,GEN-2,0,0.0,0.0,0.0,38.8,89.8,674.53
2026-08-31T22:00:00Z,GEN-2,0,0.0,0.0,0.0,38.8,89.8,674.53
2026-08-31T23:00:00Z,GEN-2,0,0.0,0.0,0.0,38.8,89.8,674.53
2026-09-01T00:00:00Z,GEN-2,0,0.0,0.0,0.0,38.8,89.8,674.53
2026-09-01T01:00:00Z,GEN-2,0,0.0,0.0,0.0,38.8,89.8,674.53
2026-09-01T02:00:00Z,GEN-2,0,0.0,0.0,0.0,38.8,89.8,674.53
2026-09-01T03:00:00Z,GEN-2,0,0.0,0.0,0.0,38.8,89.8,674.53
2026-09-01T04:00:00Z,GEN-2,0,0.0,0.0,0.0,38.8,89.8,674.53
2026-09-01T05:00:00Z,GEN-2,0,0.0,0.0,0.0,38.8,89.8,674.53
2026-09-01T06:00:00Z,GEN-2,0,0.0,0.0,0.0,38.8,89.8,674.53
2026-09-01T07:00:00Z,GEN-2,0,0.0,0.0,0.0,38.8,89.8,674.53
2026-09-01T08:00:00Z,GEN-2,0,0.0,0.0,0.0,38.8,89.8,674.53
2026-09-01T09:00:00Z,GEN-2,0,0.0,0.0,0.0,38.8,89.8,674.53
2026-09-01T10:00:00Z,GEN-2,0,0.0,0.0,0.0,38.8,89.8,674.53
2026-09-01T11:00:00Z,GEN-2,0,0.0,0.0,0.0,38.8,89.8,674.53
2026-09-01T12:00:00Z,GEN-2,0,0.0,0.0,0.0,38.8,89.8,674.53
2026-09-01T13:00:00Z,GEN-2,0,0.0,0.0,0.0,38.8,89.8,674.53
2026-09-01T14:00:00Z,GEN-2,0,0.0,0.0,0.0,38.8,89.8,674.53
2026-09-01T15:00:00Z,GEN-2,0,0.0,0.0,0.0,38.8,89.8,674.53
2026-09-01T16:00:00Z,GEN-2,0,0.0,0.0,0.0,38.8,89.8,674.53
2026-09-01T17:00:00Z,GEN-2,0,0.0,0.0,0.0,38.8,89.8,674.53
2026-09-01T18:00:00Z,GEN-2,0,0.0,0.0,0.0,38.8,89.8,674.53
2026-09-01T19:00:00Z,GEN-2,0,0.0,0.0,0.0,38.8,89.8,674.53
2026-09-01T20:00:00Z,GEN-2,0,0.0,0.0,0.0,38.8,89.8,674.53
2026-09-01T21:00:00Z,GEN-2,0,0.0,0.0,0.0,38.8,89.8,674.53
2026-09-01T22:00:00Z,GEN-2,0,0.0,0.0,0.0,38.8,89.8,674.53
2026-09-01T23:00:00Z,GEN-2,0,0.0,0.0,0.0,38.8,89.8,674.53
2026-09-02T00:00:00Z,GEN-2,0,0.0,0.0,0.0,38.8,89.8,674.53
2026-09-02T01:00:00Z,GEN-2,0,0.0,0.0,0.0,38.8,89.8,674.53
2026-09-02T02:00:00Z,GEN-2,0,0.0,0.0,0.0,38.8,89.8,674.53
2026-09-02T03:00:00Z,GEN-2,0,0.0,0.0,0.0,38.8,89.8,674.53
2026-09-02T04:00:00Z,GEN-2,0,0.0,0.0,0.0,38.8,89.8,674.53
2026-09-02T05:00:00Z,GEN-2,0,0.0,0.0,0.0,38.8,89.8,674.53
2026-09-02T06:00:00Z,GEN-2,0,0.0,0.0,0.0,38.8,89.8,674.53
2026-09-02T07:00:00Z,GEN-2,0,0.0,0.0,0.0,38.8,89.8,674.53
2026-09-02T08:00:00Z,GEN-2,0,0.0,0.0,0.0,38.8,89.8,674.53
2026-09-02T09:00:00Z,GEN-2,0,0.0,0.0,0.0,38.8,89.8,674.53
2026-09-02T10:00:00Z,GEN-2,0,0.0,0.0,0.0,38.8,89.8,674.53
2026-09-02T11:00:00Z,GEN-2,0,0.0,0.0,0.0,38.8,89.8,674.53
2026-09-02T12:00:00Z,GEN-2,0,0.0,0.0,0.0,38.8,89.8,674.53
2026-09-02T13:00:00Z,GEN-2,0,0.0,0.0,0.0,38.8,89.8,674.53
2026-09-02T14:00:00Z,GEN-2,0,0.0,0.0,0.0,38.8,89.8,674.53
2026-09-02T15:00:00Z,GEN-2,0,0.0,0.0,0.0,38.8,89.8,674.53
2026-09-02T16:00:00Z,GEN-2,0,0.0,0.0,0.0,38.8,89.8,674.53
2026-09-02T17:00:00Z,GEN-2,0,0.0,0.0,0.0,38.8,89.8,674.53
2026-09-02T18:00:00Z,GEN-2,0,0.0,0.0,0.0,38.8,89.8,674.53
2026-09-02T19:00:00Z,GEN-2,0,0.0,0.0,0.0,38.8,89.8,674.53
2026-09-02T20:00:00Z,GEN-2,0,0.0,0.0,0.0,38.8,89.8,674.53
2026-09-02T21:00:00Z,GEN-2,0,0.0,0.0,0.0,38.8,89.8,674.53
2026-09-02T22:00:00Z,GEN-2,0,0.0,0.0,0.0,38.8,89.8,674.53
2026-09-02T23:00:00Z,GEN-2,0,0.0,0.0,0.0,38.8,89.8,674.53
2026-09-03T00:00:00Z,GEN-2,0,0.0,0.0,0.0,38.8,89.8,674.53
2026-09-03T01:00:00Z,GEN-2,0,0.0,0.0,0.0,38.8,89.8,674.53
2026-09-03T02:00:00Z,GEN-2,0,0.0,0.0,0.0,38.8,89.8,674.53
2026-09-03T03:00:00Z,GEN-2,0,0.0,0.0,0.0,38.8,89.8,674.53
2026-09-03T04:00:00Z,GEN-2,0,0.0,0.0,0.0,38.8,89.8,674.53
2026-09-03T05:00:00Z,GEN-2,0,0.0,0.0,0.0,38.8,89.8,674.53
2026-09-03T06:00:00Z,GEN-2,0,0.0,0.0,0.0,38.8,89.8,674.53
2026-09-03T07:00:00Z,GEN-2,0,0.0,0.0,0.0,38.8,89.8,674.53
2026-09-03T08:00:00Z,GEN-2,0,0.0,0.0,0.0,38.8,89.8,674.53
2026-09-03T09:00:00Z,GEN-2,0,0.0,0.0,0.0,38.8,89.8,674.53
2026-09-03T10:00:00Z,GEN-2,0,0.0,0.0,0.0,38.8,89.8,674.53
2026-09-03T11:00:00Z,GEN-2,0,0.0,0.0,0.0,38.8,89.8,674.53
2026-09-03T12:00:00Z,GEN-2,0,0.0,0.0,0.0,38.8,89.8,674.53
2026-09-03T13:00:00Z,GEN-2,0,0.0,0.0,0.0,38.8,89.8,674.53
2026-09-03T14:00:00Z,GEN-2,0,0.0,0.0,0.0,38.8,89.8,674.53
2026-09-03T15:00:00Z,GEN-2,0,0.0,0.0,0.0,38.8,89.8,674.53
2026-09-03T16:00:00Z,GEN-2,0,0.0,0.0,0.0,38.8,89.8,674.53
2026-09-03T17:00:00Z,GEN-2,0,0.0,0.0,0.0,38.8,89.8,674.53
2026-09-03T18:00:00Z,GEN-2,0,0.0,0.0,0.0,38.8,89.8,674.53
2026-09-03T19:00:00Z,GEN-2,0,0.0,0.0,0.0,38.8,89.8,674.53
2026-09-03T20:00:00Z,GEN-2,0,0.0,0.0,0.0,38.8,89.8,674.53
2026-09-03T21:00:00Z,GEN-2,0,0.0,0.0,0.0,38.8,89.8,674.53
2026-09-03T22:00:00Z,GEN-2,0,0.0,0.0,0.0,38.8,89.8,674.53
2026-09-03T23:00:00Z,GEN-2,0,0.0,0.0,0.0,38.8,89.8,674.53
2026-09-04T00:00:00Z,GEN-2,0,0.0,0.0,0.0,38.8,89.8,674.53
2026-09-04T01:00:00Z,GEN-2,0,0.0,0.0,0.0,38.8,89.8,674.53
2026-09-04T02:00:00Z,GEN-2,0,0.0,0.0,0.0,38.8,89.8,674.53
2026-09-04T03:00:00Z,GEN-2,0,0.0,0.0,0.0,38.8,89.8,674.53
2026-09-04T04:00:00Z,GEN-2,0,0.0,0.0,0.0,38.8,89.8,674.53
2026-09-04T05:00:00Z,GEN-2,0,0.0,0.0,0.0,38.8,89.8,674.53
2026-09-04T06:00:00Z,GEN-2,0,0.0,0.0,0.0,38.8,89.8,674.53
2026-09-04T07:00:00Z,GEN-2,0,0.0,0.0,0.0,38.8,89.8,674.53
2026-09-04T08:00:00Z,GEN-2,0,0.0,0.0,0.0,38.8,89.8,674.53
2026-09-04T09:00:00Z,GEN-2,0,0.0,0.0,0.0,38.8,89.8,674.53
2026-09-04T10:00:00Z,GEN-2,0,0.0,0.0,0.0,38.8,89.8,674.53
2026-09-04T11:00:00Z,GEN-2,0,0.0,0.0,0.0,38.8,89.8,674.53
2026-09-04T12:00:00Z,GEN-2,0,0.0,0.0,0.0,38.8,89.8,674.53
2026-09-04T13:00:00Z,GEN-2,0,0.0,0.0,0.0,38.8,89.8,674.53
2026-09-04T14:00:00Z,GEN-2,0,0.0,0.0,0.0,38.8,89.8,674.53
2026-09-04T15:00:00Z,GEN-2,0,0.0,0.0,0.0,38.8,89.8,674.53
2026-09-04T16:00:00Z,GEN-2,4,88.77,1377.0,45.9,57.4,89.8,674.6
2026-09-04T17:00:00Z,GEN-2,36,711.69,1382.7,46.1,81.4,89.2,675.2
2026-09-04T18:00:00Z,GEN-2,0,0.0,0.0,0.0,64.8,89.2,675.2
2026-09-04T19:00:00Z,GEN-2,0,0.0,0.0,0.0,52.2,89.2,675.2
2026-09-04T20:00:00Z,GEN-2,0,0.0,0.0,0.0,45.7,89.2,675.2
2026-09-04T21:00:00Z,GEN-2,0,0.0,0.0,0.0,42.4,89.2,675.2
2026-09-04T22:00:00Z,GEN-2,0,0.0,0.0,0.0,40.6,89.2,675.2
2026-09-04T23:00:00Z,GEN-2,0,0.0,0.0,0.0,39.8,89.2,675.2
2026-09-05T00:00:00Z,GEN-2,0,0.0,0.0,0.0,39.3,89.2,675.2
2026-09-05T01:00:00Z,GEN-2,0,0.0,0.0,0.0,39.1,89.2,675.2
2026-09-05T02:00:00Z,GEN-2,0,0.0,0.0,0.0,39.0,89.2,675.2
2026-09-05T03:00:00Z,GEN-2,0,0.0,0.0,0.0,38.9,89.2,675.2
2026-09-05T04:00:00Z,GEN-2,0,0.0,0.0,0.0,38.9,89.2,675.2
2026-09-05T05:00:00Z,GEN-2,0,0.0,0.0,0.0,38.9,89.2,675.2
2026-09-05T06:00:00Z,GEN-2,0,0.0,0.0,0.0,38.8,89.2,675.2
2026-09-05T07:00:00Z,GEN-2,0,0.0,0.0,0.0,38.8,89.2,675.2
2026-09-05T08:00:00Z,GEN-2,0,0.0,0.0,0.0,38.8,89.2,675.2
2026-09-05T09:00:00Z,GEN-2,0,0.0,0.0,0.0,38.8,89.2,675.2
2026-09-05T10:00:00Z,GEN-2,0,0.0,0.0,0.0,38.8,89.2,675.2
2026-09-05T11:00:00Z,GEN-2,0,0.0,0.0,0.0,38.8,89.2,675.2
2026-09-05T12:00:00Z,GEN-2,0,0.0,0.0,0.0,38.8,89.2,675.2
2026-09-05T13:00:00Z,GEN-2,0,0.0,0.0,0.0,38.8,89.2,675.2
2026-09-05T14:00:00Z,GEN-2,0,0.0,0.0,0.0,38.8,89.2,675.2
2026-09-05T15:00:00Z,GEN-2,0,0.0,0.0,0.0,38.8,89.2,675.2
2026-09-05T16:00:00Z,GEN-2,0,0.0,0.0,0.0,38.8,89.2,675.2
2026-09-05T17:00:00Z,GEN-2,0,0.0,0.0,0.0,38.8,89.2,675.2
2026-09-05T18:00:00Z,GEN-2,0,0.0,0.0,0.0,38.8,89.2,675.2
2026-09-05T19:00:00Z,GEN-2,0,0.0,0.0,0.0,38.8,89.2,675.2
2026-09-05T20:00:00Z,GEN-2,0,0.0,0.0,0.0,38.8,89.2,675.2
2026-09-05T21:00:00Z,GEN-2,0,0.0,0.0,0.0,38.8,89.2,675.2
2026-09-05T22:00:00Z,GEN-2,0,0.0,0.0,0.0,38.8,89.2,675.2
2026-09-05T23:00:00Z,GEN-2,0,0.0,0.0,0.0,38.8,89.2,675.2
2026-09-06T00:00:00Z,GEN-2,0,0.0,0.0,0.0,38.8,89.2,675.2
2026-09-06T01:00:00Z,GEN-2,0,0.0,0.0,0.0,38.8,89.2,675.2
2026-09-06T02:00:00Z,GEN-2,0,0.0,0.0,0.0,38.8,89.2,675.2
2026-09-06T03:00:00Z,GEN-2,0,0.0,0.0,0.0,38.8,89.2,675.2
2026-09-06T04:00:00Z,GEN-2,0,0.0,0.0,0.0,38.8,89.2,675.2
2026-09-06T05:00:00Z,GEN-2,0,0.0,0.0,0.0,38.8,89.2,675.2
2026-09-06T06:00:00Z,GEN-2,0,0.0,0.0,0.0,38.8,89.2,675.2
2026-09-06T07:00:00Z,GEN-2,0,0.0,0.0,0.0,38.8,89.2,675.2
2026-09-06T08:00:00Z,GEN-2,0,0.0,0.0,0.0,38.8,89.2,675.2
2026-09-06T09:00:00Z,GEN-2,0,0.0,0.0,0.0,38.8,89.2,675.2
2026-09-06T10:00:00Z,GEN-2,0,0.0,0.0,0.0,38.8,89.2,675.2
2026-09-06T11:00:00Z,GEN-2,0,0.0,0.0,0.0,38.8,89.2,675.2
2026-09-06T12:00:00Z,GEN-2,0,0.0,0.0,0.0,38.8,89.2,675.2
2026-09-06T13:00:00Z,GEN-2,0,0.0,0.0,0.0,38.8,89.2,675.2
2026-09-06T14:00:00Z,GEN-2,0,0.0,0.0,0.0,38.8,89.2,675.2
2026-09-06T15:00:00Z,GEN-2,0,0.0,0.0,0.0,38.8,89.2,675.2
2026-09-06T16:00:00Z,GEN-2,0,0.0,0.0,0.0,38.8,89.2,675.2
2026-09-06T17:00:00Z,GEN-2,0,0.0,0.0,0.0,38.8,89.2,675.2
2026-09-06T18:00:00Z,GEN-2,0,0.0,0.0,0.0,38.8,89.2,675.2
2026-09-06T19:00:00Z,GEN-2,0,0.0,0.0,0.0,38.8,89.2,675.2
2026-09-06T20:00:00Z,GEN-2,0,0.0,0.0,0.0,38.8,89.2,675.2
2026-09-06T21:00:00Z,GEN-2,0,0.0,0.0,0.0,38.8,89.2,675.2
2026-09-06T22:00:00Z,GEN-2,0,0.0,0.0,0.0,38.8,89.2,675.2
2026-09-06T23:00:00Z,GEN-2,0,0.0,0.0,0.0,38.8,89.2,675.2
2026-09-07T00:00:00Z,GEN-2,0,0.0,0.0,0.0,38.8,89.2,675.2
2026-09-07T01:00:00Z,GEN-2,0,0.0,0.0,0.0,38.8,89.2,675.2
2026-09-07T02:00:00Z,GEN-2,0,0.0,0.0,0.0,38.8,89.2,675.2
2026-09-07T03:00:00Z,GEN-2,0,0.0,0.0,0.0,38.8,89.2,675.2
2026-09-07T04:00:00Z,GEN-2,0,0.0,0.0,0.0,38.8,89.2,675.2
2026-09-07T05:00:00Z,GEN-2,0,0.0,0.0,0.0,38.8,89.2,675.2
2026-09-07T06:00:00Z,GEN-2,0,0.0,0.0,0.0,38.8,89.2,675.2
2026-09-07T07:00:00Z,GEN-2,0,0.0,0.0,0.0,38.8,89.2,675.2
2026-09-07T08:00:00Z,GEN-2,0,0.0,0.0,0.0,38.8,89.2,675.2
2026-09-07T09:00:00Z,GEN-2,0,0.0,0.0,0.0,38.8,89.2,675.2
2026-09-07T10:00:00Z,GEN-2,0,0.0,0.0,0.0,38.8,89.2,675.2
2026-09-07T11:00:00Z,GEN-2,0,0.0,0.0,0.0,38.8,89.2,675.2
2026-09-07T12:00:00Z,GEN-2,0,0.0,0.0,0.0,38.8,89.2,675.2
2026-09-07T13:00:00Z,GEN-2,0,0.0,0.0,0.0,38.8,89.2,675.2
2026-09-07T14:00:00Z,GEN-2,0,0.0,0.0,0.0,38.8,89.2,675.2
2026-09-07T15:00:00Z,GEN-2,0,0.0,0.0,0.0,38.8,89.2,675.2
2026-09-07T16:00:00Z,GEN-2,0,0.0,0.0,0.0,38.8,89.2,675.2
2026-09-07T17:00:00Z,GEN-2,0,0.0,0.0,0.0,38.8,89.2,675.2
2026-09-07T18:00:00Z,GEN-2,0,0.0,0.0,0.0,38.8,89.2,675.2
2026-09-07T19:00:00Z,GEN-2,0,0.0,0.0,0.0,38.8,89.2,675.2
2026-09-07T20:00:00Z,GEN-2,0,0.0,0.0,0.0,38.8,89.2,675.2
2026-09-07T21:00:00Z,GEN-2,0,0.0,0.0,0.0,38.8,89.2,675.2
2026-09-07T22:00:00Z,GEN-2,0,0.0,0.0,0.0,38.8,89.2,675.2
2026-09-07T23:00:00Z,GEN-2,0,0.0,0.0,0.0,38.8,89.2,675.2
2026-09-08T00:00:00Z,GEN-2,0,0.0,0.0,0.0,38.8,89.2,675.2
2026-09-08T01:00:00Z,GEN-2,0,0.0,0.0,0.0,38.8,89.2,675.2
2026-09-08T02:00:00Z,GEN-2,0,0.0,0.0,0.0,38.8,89.2,675.2
2026-09-08T03:00:00Z,GEN-2,0,0.0,0.0,0.0,38.8,89.2,675.2
2026-09-08T04:00:00Z,GEN-2,0,0.0,0.0,0.0,38.8,89.2,675.2
2026-09-08T05:00:00Z,GEN-2,0,0.0,0.0,0.0,38.8,89.2,675.2
2026-09-08T06:00:00Z,GEN-2,0,0.0,0.0,0.0,38.8,89.2,675.2
2026-09-08T07:00:00Z,GEN-2,0,0.0,0.0,0.0,38.8,89.2,675.2
2026-09-08T08:00:00Z,GEN-2,0,0.0,0.0,0.0,38.8,89.2,675.2
2026-09-08T09:00:00Z,GEN-2,0,0.0,0.0,0.0,38.8,89.2,675.2
2026-09-08T10:00:00Z,GEN-2,0,0.0,0.0,0.0,38.8,89.2,675.2
2026-09-08T11:00:00Z,GEN-2,0,0.0,0.0,0.0,38.8,89.2,675.2
2026-09-08T12:00:00Z,GEN-2,0,0.0,0.0,0.0,38.8,89.2,675.2
2026-09-08T13:00:00Z,GEN-2,0,0.0,0.0,0.0,38.8,89.2,675.2
2026-09-08T14:00:00Z,GEN-2,0,0.0,0.0,0.0,38.8,89.2,675.2
2026-09-08T15:00:00Z,GEN-2,0,0.0,0.0,0.0,38.8,89.2,675.2
2026-09-08T16:00:00Z,GEN-2,0,0.0,0.0,0.0,38.8,89.2,675.2
2026-09-08T17:00:00Z,GEN-2,0,0.0,0.0,0.0,38.8,89.2,675.2
2026-09-08T18:00:00Z,GEN-2,0,0.0,0.0,0.0,38.8,89.2,675.2
2026-09-08T19:00:00Z,GEN-2,0,0.0,0.0,0.0,38.8,89.2,675.2
2026-09-08T20:00:00Z,GEN-2,0,0.0,0.0,0.0,38.8,89.2,675.2
2026-09-08T21:00:00Z,GEN-2,0,0.0,0.0,0.0,38.8,89.2,675.2
2026-09-08T22:00:00Z,GEN-2,0,0.0,0.0,0.0,38.8,89.2,675.2
2026-09-08T23:00:00Z,GEN-2,0,0.0,0.0,0.0,38.8,89.2,675.2
2026-09-09T00:00:00Z,GEN-2,0,0.0,0.0,0.0,38.8,89.2,675.2
2026-09-09T01:00:00Z,GEN-2,0,0.0,0.0,0.0,38.8,89.2,675.2
2026-09-09T02:00:00Z,GEN-2,0,0.0,0.0,0.0,38.8,89.2,675.2
2026-09-09T03:00:00Z,GEN-2,0,0.0,0.0,0.0,38.8,89.2,675.2
2026-09-09T04:00:00Z,GEN-2,0,0.0,0.0,0.0,38.8,89.2,675.2
2026-09-09T05:00:00Z,GEN-2,0,0.0,0.0,0.0,38.8,89.2,675.2
2026-09-09T06:00:00Z,GEN-2,0,0.0,0.0,0.0,38.8,89.2,675.2
2026-09-09T07:00:00Z,GEN-2,0,0.0,0.0,0.0,38.8,89.2,675.2
2026-09-09T08:00:00Z,GEN-2,0,0.0,0.0,0.0,38.8,89.2,675.2
2026-09-09T09:00:00Z,GEN-2,0,0.0,0.0,0.0,38.8,89.2,675.2
2026-09-09T10:00:00Z,GEN-2,0,0.0,0.0,0.0,38.8,89.2,675.2
2026-09-09T11:00:00Z,GEN-2,0,0.0,0.0,0.0,38.8,89.2,675.2
2026-09-09T12:00:00Z,GEN-2,0,0.0,0.0,0.0,38.8,89.2,675.2
2026-09-09T13:00:00Z,GEN-2,0,0.0,0.0,0.0,38.8,89.2,675.2
2026-09-09T14:00:00Z,GEN-2,0,0.0,0.0,0.0,38.8,89.2,675.2
2026-09-09T15:00:00Z,GEN-2,0,0.0,0.0,0.0,38.8,89.2,675.2
2026-09-09T16:00:00Z,GEN-2,0,0.0,0.0,0.0,38.8,89.2,675.2
2026-09-09T17:00:00Z,GEN-2,0,0.0,0.0,0.0,38.8,89.2,675.2
2026-09-09T18:00:00Z,GEN-2,0,0.0,0.0,0.0,38.8,89.2,675.2
2026-09-09T19:00:00Z,GEN-2,0,0.0,0.0,0.0,38.8,89.2,675.2
2026-09-09T20:00:00Z,GEN-2,0,0.0,0.0,0.0,38.8,89.2,675.2
2026-09-09T21:00:00Z,GEN-2,0,0.0,0.0,0.0,38.8,89.2,675.2
2026-09-09T22:00:00Z,GEN-2,0,0.0,0.0,0.0,38.8,89.2,675.2
2026-09-09T23:00:00Z,GEN-2,0,0.0,0.0,0.0,38.8,89.2,675.2
2026-09-10T00:00:00Z,GEN-2,0,0.0,0.0,0.0,38.8,89.2,675.2
2026-09-10T01:00:00Z,GEN-2,0,0.0,0.0,0.0,38.8,89.2,675.2
2026-09-10T02:00:00Z,GEN-2,0,0.0,0.0,0.0,38.8,89.2,675.2
2026-09-10T03:00:00Z,GEN-2,0,0.0,0.0,0.0,38.8,89.2,675.2
2026-09-10T04:00:00Z,GEN-2,0,0.0,0.0,0.0,38.8,89.2,675.2
2026-09-10T05:00:00Z,GEN-2,0,0.0,0.0,0.0,38.8,89.2,675.2
2026-09-10T06:00:00Z,GEN-2,0,0.0,0.0,0.0,38.8,89.2,675.2
2026-09-10T07:00:00Z,GEN-2,0,0.0,0.0,0.0,38.8,89.2,675.2
2026-09-10T08:00:00Z,GEN-2,0,0.0,0.0,0.0,38.8,89.2,675.2
2026-09-10T09:00:00Z,GEN-2,0,0.0,0.0,0.0,38.8,89.2,675.2
2026-09-10T10:00:00Z,GEN-2,0,0.0,0.0,0.0,38.8,89.2,675.2
2026-09-10T11:00:00Z,GEN-2,0,0.0,0.0,0.0,38.8,89.2,675.2
2026-09-10T12:00:00Z,GEN-2,0,0.0,0.0,0.0,38.8,89.2,675.2
2026-09-10T13:00:00Z,GEN-2,0,0.0,0.0,0.0,38.8,89.2,675.2
2026-09-10T14:00:00Z,GEN-2,0,0.0,0.0,0.0,38.8,89.2,675.2
2026-09-10T15:00:00Z,GEN-2,0,0.0,0.0,0.0,38.8,89.2,675.2
2026-09-10T16:00:00Z,GEN-2,0,0.0,0.0,0.0,38.8,89.2,675.2
2026-09-10T17:00:00Z,GEN-2,0,0.0,0.0,0.0,38.8,89.2,675.2
2026-09-10T18:00:00Z,GEN-2,0,0.0,0.0,0.0,38.8,89.2,675.2
2026-09-10T19:00:00Z,GEN-2,0,0.0,0.0,0.0,38.8,89.2,675.2
2026-09-10T20:00:00Z,GEN-2,0,0.0,0.0,0.0,38.8,89.2,675.2
2026-09-10T21:00:00Z,GEN-2,0,0.0,0.0,0.0,38.8,89.2,675.2
2026-09-10T22:00:00Z,GEN-2,0,0.0,0.0,0.0,38.8,89.2,675.2
2026-09-10T23:00:00Z,GEN-2,0,0.0,0.0,0.0,38.8,89.2,675.2
2026-09-11T00:00:00Z,GEN-2,0,0.0,0.0,0.0,38.8,89.2,675.2
2026-09-11T01:00:00Z,GEN-2,0,0.0,0.0,0.0,38.8,89.2,675.2
2026-09-11T02:00:00Z,GEN-2,0,0.0,0.0,0.0,38.8,89.2,675.2
2026-09-11T03:00:00Z,GEN-2,0,0.0,0.0,0.0,38.8,89.2,675.2
2026-09-11T04:00:00Z,GEN-2,0,0.0,0.0,0.0,38.8,89.2,675.2
2026-09-11T05:00:00Z,GEN-2,0,0.0,0.0,0.0,38.8,89.2,675.2
2026-09-11T06:00:00Z,GEN-2,0,0.0,0.0,0.0,38.8,89.2,675.2
2026-09-11T07:00:00Z,GEN-2,0,0.0,0.0,0.0,38.8,89.2,675.2
2026-09-11T08:00:00Z,GEN-2,0,0.0,0.0,0.0,38.8,89.2,675.2
2026-09-11T09:00:00Z,GEN-2,0,0.0,0.0,0.0,38.8,89.2,675.2
2026-09-11T10:00:00Z,GEN-2,0,0.0,0.0,0.0,38.8,89.2,675.2
2026-09-11T11:00:00Z,GEN-2,0,0.0,0.0,0.0,38.8,89.2,675.2
2026-09-11T12:00:00Z,GEN-2,0,0.0,0.0,0.0,38.8,89.2,675.2
2026-09-11T13:00:00Z,GEN-2,0,0.0,0.0,0.0,38.8,89.2,675.2
2026-09-11T14:00:00Z,GEN-2,0,0.0,0.0,0.0,38.8,89.2,675.2
2026-09-11T15:00:00Z,GEN-2,0,0.0,0.0,0.0,38.8,89.2,675.2
2026-09-11T16:00:00Z,GEN-2,0,0.0,0.0,0.0,38.8,89.2,675.2
2026-09-11T17:00:00Z,GEN-2,0,0.0,0.0,0.0,38.8,89.2,675.2
2026-09-11T18:00:00Z,GEN-2,0,0.0,0.0,0.0,38.8,89.2,675.2
2026-09-11T19:00:00Z,GEN-2,0,0.0,0.0,0.0,38.8,89.2,675.2
2026-09-11T20:00:00Z,GEN-2,0,0.0,0.0,0.0,38.8,89.2,675.2
2026-09-11T21:00:00Z,GEN-2,0,0.0,0.0,0.0,38.8,89.2,675.2
2026-09-11T22:00:00Z,GEN-2,0,0.0,0.0,0.0,38.8,89.2,675.2
2026-09-11T23:00:00Z,GEN-2,0,0.0,0.0,0.0,38.8,89.2,675.2
2026-09-12T00:00:00Z,GEN-2,0,0.0,0.0,0.0,38.8,89.2,675.2
2026-09-12T01:00:00Z,GEN-2,0,0.0,0.0,0.0,38.8,89.2,675.2
2026-09-12T02:00:00Z,GEN-2,0,0.0,0.0,0.0,38.8,89.2,675.2
2026-09-12T03:00:00Z,GEN-2,0,0.0,0.0,0.0,38.8,89.2,675.2
2026-09-12T04:00:00Z,GEN-2,0,0.0,0.0,0.0,38.8,89.2,675.2
2026-09-12T05:00:00Z,GEN-2,0,0.0,0.0,0.0,38.8,89.2,675.2
2026-09-12T06:00:00Z,GEN-2,0,0.0,0.0,0.0,38.8,89.2,675.2
2026-09-12T07:00:00Z,GEN-2,0,0.0,0.0,0.0,38.8,89.2,675.2
2026-09-12T08:00:00Z,GEN-2,0,0.0,0.0,0.0,38.8,89.2,675.2
2026-09-12T09:00:00Z,GEN-2,0,0.0,0.0,0.0,38.8,89.2,675.2
2026-09-12T10:00:00Z,GEN-2,0,0.0,0.0,0.0,38.8,89.2,675.2
2026-09-12T11:00:00Z,GEN-2,0,0.0,0.0,0.0,38.8,89.2,675.2
2026-09-12T12:00:00Z,GEN-2,0,0.0,0.0,0.0,38.8,89.2,675.2
2026-09-12T13:00:00Z,GEN-2,0,0.0,0.0,0.0,38.8,89.2,675.2
2026-09-12T14:00:00Z,GEN-2,0,0.0,0.0,0.0,38.8,89.2,675.2
2026-09-12T15:00:00Z,GEN-2,0,0.0,0.0,0.0,38.8,89.2,675.2
2026-09-12T16:00:00Z,GEN-2,0,0.0,0.0,0.0,38.8,89.2,675.2
2026-09-12T17:00:00Z,GEN-2,0,0.0,0.0,0.0,38.8,89.2,675.2
2026-09-12T18:00:00Z,GEN-2,0,0.0,0.0,0.0,38.8,89.2,675.2
2026-09-12T19:00:00Z,GEN-2,0,0.0,0.0,0.0,38.8,89.2,675.2
2026-09-12T20:00:00Z,GEN-2,0,0.0,0.0,0.0,38.8,89.2,675.2
2026-09-12T21:00:00Z,GEN-2,0,0.0,0.0,0.0,38.8,89.2,675.2
2026-09-12T22:00:00Z,GEN-2,0,0.0,0.0,0.0,38.8,89.2,675.2
2026-09-12T23:00:00Z,GEN-2,0,0.0,0.0,0.0,38.8,89.2,675.2
2026-09-13T00:00:00Z,GEN-2,0,0.0,0.0,0.0,38.8,89.2,675.2
2026-09-13T01:00:00Z,GEN-2,0,0.0,0.0,0.0,38.8,89.2,675.2
2026-09-13T02:00:00Z,GEN-2,0,0.0,0.0,0.0,38.8,89.2,675.2
2026-09-13T03:00:00Z,GEN-2,0,0.0,0.0,0.0,38.8,89.2,675.2
2026-09-13T04:00:00Z,GEN-2,0,0.0,0.0,0.0,38.8,89.2,675.2
2026-09-13T05:00:00Z,GEN-2,0,0.0,0.0,0.0,38.8,89.2,675.2
2026-09-13T06:00:00Z,GEN-2,0,0.0,0.0,0.0,38.8,89.2,675.2
2026-09-13T07:00:00Z,GEN-2,0,0.0,0.0,0.0,38.8,89.2,675.2
2026-09-13T08:00:00Z,GEN-2,0,0.0,0.0,0.0,38.8,89.2,675.2
2026-09-13T09:00:00Z,GEN-2,0,0.0,0.0,0.0,38.8,89.2,675.2
2026-09-13T10:00:00Z,GEN-2,0,0.0,0.0,0.0,38.8,89.2,675.2
2026-09-13T11:00:00Z,GEN-2,0,0.0,0.0,0.0,38.8,89.2,675.2
2026-09-13T12:00:00Z,GEN-2,0,0.0,0.0,0.0,38.8,89.2,675.2
2026-09-13T13:00:00Z,GEN-2,0,0.0,0.0,0.0,38.8,89.2,675.2
2026-09-13T14:00:00Z,GEN-2,0,0.0,0.0,0.0,38.8,89.2,675.2
2026-09-13T15:00:00Z,GEN-2,0,0.0,0.0,0.0,38.8,89.2,675.2
2026-09-13T16:00:00Z,GEN-2,0,0.0,0.0,0.0,38.8,89.2,675.2
2026-09-13T17:00:00Z,GEN-2,0,0.0,0.0,0.0,38.8,89.2,675.2
2026-09-13T18:00:00Z,GEN-2,0,0.0,0.0,0.0,38.8,89.2,675.2
2026-09-13T19:00:00Z,GEN-2,0,0.0,0.0,0.0,38.8,89.2,675.2
2026-09-13T20:00:00Z,GEN-2,0,0.0,0.0,0.0,38.8,89.2,675.2
2026-09-13T21:00:00Z,GEN-2,0,0.0,0.0,0.0,38.8,89.2,675.2
2026-09-13T22:00:00Z,GEN-2,0,0.0,0.0,0.0,38.8,89.2,675.2
2026-09-13T23:00:00Z,GEN-2,0,0.0,0.0,0.0,38.8,89.2,675.2
2026-09-14T00:00:00Z,GEN-2,0,0.0,0.0,0.0,38.8,89.2,675.2
2026-09-14T01:00:00Z,GEN-2,0,0.0,0.0,0.0,38.8,89.2,675.2
2026-09-14T02:00:00Z,GEN-2,0,0.0,0.0,0.0,38.8,89.2,675.2
2026-09-14T03:00:00Z,GEN-2,0,0.0,0.0,0.0,38.8,89.2,675.2
2026-09-14T04:00:00Z,GEN-2,0,0.0,0.0,0.0,38.8,89.2,675.2
2026-09-14T05:00:00Z,GEN-2,0,0.0,0.0,0.0,38.8,89.2,675.2
2026-09-14T06:00:00Z,GEN-2,0,0.0,0.0,0.0,38.8,89.2,675.2
2026-09-14T07:00:00Z,GEN-2,0,0.0,0.0,0.0,38.8,89.2,675.2
2026-09-14T08:00:00Z,GEN-2,0,0.0,0.0,0.0,38.8,89.2,675.2
2026-09-14T09:00:00Z,GEN-2,0,0.0,0.0,0.0,38.8,89.2,675.2
2026-09-14T10:00:00Z,GEN-2,0,0.0,0.0,0.0,38.8,89.2,675.2
2026-09-14T11:00:00Z,GEN-2,0,0.0,0.0,0.0,38.8,89.2,675.2
2026-09-14T12:00:00Z,GEN-2,0,0.0,0.0,0.0,38.8,89.2,675.2
2026-09-14T13:00:00Z,GEN-2,0,0.0,0.0,0.0,38.8,89.2,675.2
2026-09-14T14:00:00Z,GEN-2,0,0.0,0.0,0.0,38.8,89.2,675.2
2026-09-14T15:00:00Z,GEN-2,0,0.0,0.0,0.0,38.8,89.2,675.2
2026-09-14T16:00:00Z,GEN-2,0,0.0,0.0,0.0,38.8,89.2,675.2
2026-09-14T17:00:00Z,GEN-2,0,0.0,0.0,0.0,38.8,89.2,675.2
2026-09-14T18:00:00Z,GEN-2,0,0.0,0.0,0.0,38.8,89.2,675.2
2026-09-14T19:00:00Z,GEN-2,0,0.0,0.0,0.0,38.8,89.2,675.2
2026-09-14T20:00:00Z,GEN-2,0,0.0,0.0,0.0,38.8,89.2,675.2
2026-09-14T21:00:00Z,GEN-2,0,0.0,0.0,0.0,38.8,89.2,675.2
2026-09-14T22:00:00Z,GEN-2,0,0.0,0.0,0.0,38.8,89.2,675.2
2026-09-14T23:00:00Z,GEN-2,0,0.0,0.0,0.0,38.8,89.2,675.2
2026-09-15T00:00:00Z,GEN-2,0,0.0,0.0,0.0,38.8,89.2,675.2
2026-09-15T01:00:00Z,GEN-2,0,0.0,0.0,0.0,38.8,89.2,675.2
2026-09-15T02:00:00Z,GEN-2,0,0.0,0.0,0.0,38.8,89.2,675.2
2026-09-15T03:00:00Z,GEN-2,0,0.0,0.0,0.0,38.8,89.2,675.2
2026-09-15T04:00:00Z,GEN-2,0,0.0,0.0,0.0,38.8,89.2,675.2
2026-09-15T05:00:00Z,GEN-2,0,0.0,0.0,0.0,38.8,89.2,675.2
2026-09-15T06:00:00Z,GEN-2,0,0.0,0.0,0.0,38.8,89.2,675.2
2026-09-15T07:00:00Z,GEN-2,0,0.0,0.0,0.0,38.8,89.2,675.2
2026-09-15T08:00:00Z,GEN-2,0,0.0,0.0,0.0,38.8,89.2,675.2
2026-09-15T09:00:00Z,GEN-2,0,0.0,0.0,0.0,38.8,89.2,675.2
2026-09-15T10:00:00Z,GEN-2,0,0.0,0.0,0.0,38.8,89.2,675.2
2026-09-15T11:00:00Z,GEN-2,0,0.0,0.0,0.0,38.8,89.2,675.2
2026-09-15T12:00:00Z,GEN-2,0,0.0,0.0,0.0,38.8,89.2,675.2
2026-09-15T13:00:00Z,GEN-2,0,0.0,0.0,0.0,38.8,89.2,675.2
2026-09-15T14:00:00Z,GEN-2,0,0.0,0.0,0.0,38.8,89.2,675.2
2026-09-15T15:00:00Z,GEN-2,0,0.0,0.0,0.0,38.8,89.2,675.2
2026-09-15T16:00:00Z,GEN-2,0,0.0,0.0,0.0,38.8,89.2,675.2
2026-09-15T17:00:00Z,GEN-2,0,0.0,0.0,0.0,38.8,89.2,675.2
2026-09-15T18:00:00Z,GEN-2,0,0.0,0.0,0.0,38.8,89.2,675.2
2026-09-15T19:00:00Z,GEN-2,0,0.0,0.0,0.0,38.8,89.2,675.2
2026-09-15T20:00:00Z,GEN-2,0,0.0,0.0,0.0,38.8,89.2,675.2
2026-09-15T21:00:00Z,GEN-2,0,0.0,0.0,0.0,38.8,89.2,675.2
2026-09-15T22:00:00Z,GEN-2,0,0.0,0.0,0.0,38.8,89.2,675.2
2026-09-15T23:00:00Z,GEN-2,0,0.0,0.0,0.0,38.8,89.2,675.2
2026-09-16T00:00:00Z,GEN-2,0,0.0,0.0,0.0,38.8,89.2,675.2
2026-09-16T01:00:00Z,GEN-2,0,0.0,0.0,0.0,38.8,89.2,675.2
2026-09-16T02:00:00Z,GEN-2,0,0.0,0.0,0.0,38.8,89.2,675.2
2026-09-16T03:00:00Z,GEN-2,0,0.0,0.0,0.0,38.8,89.2,675.2
2026-09-16T04:00:00Z,GEN-2,0,0.0,0.0,0.0,38.8,89.2,675.2
2026-09-16T05:00:00Z,GEN-2,0,0.0,0.0,0.0,38.8,89.2,675.2
2026-09-16T06:00:00Z,GEN-2,0,0.0,0.0,0.0,38.8,89.2,675.2
2026-09-16T07:00:00Z,GEN-2,0,0.0,0.0,0.0,38.8,89.2,675.2
2026-09-16T08:00:00Z,GEN-2,0,0.0,0.0,0.0,38.8,89.2,675.2
2026-09-16T09:00:00Z,GEN-2,0,0.0,0.0,0.0,38.8,89.2,675.2
2026-09-16T10:00:00Z,GEN-2,0,0.0,0.0,0.0,38.8,89.2,675.2
2026-09-16T11:00:00Z,GEN-2,0,0.0,0.0,0.0,38.8,89.2,675.2
2026-09-16T12:00:00Z,GEN-2,0,0.0,0.0,0.0,38.8,89.2,675.2
2026-09-16T13:00:00Z,GEN-2,0,0.0,0.0,0.0,38.8,89.2,675.2
2026-09-16T14:00:00Z,GEN-2,0,0.0,0.0,0.0,38.8,89.2,675.2
2026-09-16T15:00:00Z,GEN-2,0,0.0,0.0,0.0,38.8,89.2,675.2
2026-09-16T16:00:00Z,GEN-2,0,0.0,0.0,0.0,38.8,89.2,675.2
2026-09-16T17:00:00Z,GEN-2,0,0.0,0.0,0.0,38.8,89.2,675.2
2026-09-16T18:00:00Z,GEN-2,0,0.0,0.0,0.0,38.8,89.2,675.2
2026-09-16T19:00:00Z,GEN-2,0,0.0,0.0,0.0,38.8,89.2,675.2
2026-09-16T20:00:00Z,GEN-2,0,0.0,0.0,0.0,38.8,89.2,675.2
2026-09-16T21:00:00Z,GEN-2,0,0.0,0.0,0.0,38.8,89.2,675.2
2026-09-16T22:00:00Z,GEN-2,0,0.0,0.0,0.0,38.8,89.2,675.2
2026-09-16T23:00:00Z,GEN-2,0,0.0,0.0,0.0,38.8,89.2,675.2
2026-09-17T00:00:00Z,GEN-2,0,0.0,0.0,0.0,38.8,89.2,675.2
2026-09-17T01:00:00Z,GEN-2,0,0.0,0.0,0.0,38.8,89.2,675.2
2026-09-17T02:00:00Z,GEN-2,0,0.0,0.0,0.0,38.8,89.2,675.2
2026-09-17T03:00:00Z,GEN-2,0,0.0,0.0,0.0,38.8,89.2,675.2
2026-09-17T04:00:00Z,GEN-2,0,0.0,0.0,0.0,38.8,89.2,675.2
2026-09-17T05:00:00Z,GEN-2,0,0.0,0.0,0.0,38.8,89.2,675.2
2026-09-17T06:00:00Z,GEN-2,0,0.0,0.0,0.0,38.8,89.2,675.2
2026-09-17T07:00:00Z,GEN-2,0,0.0,0.0,0.0,38.8,89.2,675.2
2026-09-17T08:00:00Z,GEN-2,0,0.0,0.0,0.0,38.8,89.2,675.2
2026-09-17T09:00:00Z,GEN-2,0,0.0,0.0,0.0,38.8,89.2,675.2
2026-09-17T10:00:00Z,GEN-2,0,0.0,0.0,0.0,38.8,89.2,675.2
2026-09-17T11:00:00Z,GEN-2,0,0.0,0.0,0.0,38.8,89.2,675.2
2026-09-17T12:00:00Z,GEN-2,0,0.0,0.0,0.0,38.8,89.2,675.2
2026-09-17T13:00:00Z,GEN-2,0,0.0,0.0,0.0,38.8,89.2,675.2
2026-09-17T14:00:00Z,GEN-2,0,0.0,0.0,0.0,38.8,89.2,675.2
2026-09-17T15:00:00Z,GEN-2,0,0.0,0.0,0.0,38.8,89.2,675.2
2026-09-17T16:00:00Z,GEN-2,0,0.0,0.0,0.0,38.8,89.2,675.2
2026-09-17T17:00:00Z,GEN-2,0,0.0,0.0,0.0,38.8,89.2,675.2
2026-09-17T18:00:00Z,GEN-2,0,0.0,0.0,0.0,38.8,89.2,675.2
2026-09-17T19:00:00Z,GEN-2,0,0.0,0.0,0.0,38.8,89.2,675.2
2026-09-17T20:00:00Z,GEN-2,0,0.0,0.0,0.0,38.8,89.2,675.2
2026-09-17T21:00:00Z,GEN-2,0,0.0,0.0,0.0,38.8,89.2,675.2
2026-09-17T22:00:00Z,GEN-2,0,0.0,0.0,0.0,38.8,89.2,675.2
2026-09-17T23:00:00Z,GEN-2,0,0.0,0.0,0.0,38.8,89.2,675.2
2026-09-18T00:00:00Z,GEN-2,0,0.0,0.0,0.0,38.8,89.2,675.2
2026-09-18T01:00:00Z,GEN-2,0,0.0,0.0,0.0,38.8,89.2,675.2
2026-09-18T02:00:00Z,GEN-2,0,0.0,0.0,0.0,38.8,89.2,675.2
2026-09-18T03:00:00Z,GEN-2,0,0.0,0.0,0.0,38.8,89.2,675.2
2026-09-18T04:00:00Z,GEN-2,0,0.0,0.0,0.0,38.8,89.2,675.2
2026-09-18T05:00:00Z,GEN-2,0,0.0,0.0,0.0,38.8,89.2,675.2
2026-09-18T06:00:00Z,GEN-2,0,0.0,0.0,0.0,38.8,89.2,675.2
2026-09-18T07:00:00Z,GEN-2,0,0.0,0.0,0.0,38.8,89.2,675.2
2026-09-18T08:00:00Z,GEN-2,0,0.0,0.0,0.0,38.8,89.2,675.2
2026-09-18T09:00:00Z,GEN-2,0,0.0,0.0,0.0,38.8,89.2,675.2
2026-09-18T10:00:00Z,GEN-2,0,0.0,0.0,0.0,38.8,89.2,675.2
2026-09-18T11:00:00Z,GEN-2,0,0.0,0.0,0.0,38.8,89.2,675.2
2026-09-18T12:00:00Z,GEN-2,0,0.0,0.0,0.0,38.8,89.2,675.2
2026-09-18T13:00:00Z,GEN-2,0,0.0,0.0,0.0,38.8,89.2,675.2
2026-09-18T14:00:00Z,GEN-2,0,0.0,0.0,0.0,38.8,89.2,675.2
2026-09-18T15:00:00Z,GEN-2,0,0.0,0.0,0.0,38.8,89.2,675.2
2026-09-18T16:00:00Z,GEN-2,0,0.0,0.0,0.0,38.8,89.2,675.2
2026-09-18T17:00:00Z,GEN-2,0,0.0,0.0,0.0,38.8,89.2,675.2
2026-09-18T18:00:00Z,GEN-2,0,0.0,0.0,0.0,38.8,89.2,675.2
2026-09-18T19:00:00Z,GEN-2,0,0.0,0.0,0.0,38.8,89.2,675.2
2026-09-18T20:00:00Z,GEN-2,0,0.0,0.0,0.0,38.8,89.2,675.2
2026-09-18T21:00:00Z,GEN-2,0,0.0,0.0,0.0,38.8,89.2,675.2
2026-09-18T22:00:00Z,GEN-2,0,0.0,0.0,0.0,38.8,89.2,675.2
2026-09-18T23:00:00Z,GEN-2,0,0.0,0.0,0.0,38.8,89.2,675.2
2026-09-19T00:00:00Z,GEN-2,0,0.0,0.0,0.0,38.8,89.2,675.2
2026-09-19T01:00:00Z,GEN-2,0,0.0,0.0,0.0,38.8,89.2,675.2
2026-09-19T02:00:00Z,GEN-2,0,0.0,0.0,0.0,38.8,89.2,675.2
2026-09-19T03:00:00Z,GEN-2,0,0.0,0.0,0.0,38.8,89.2,675.2
2026-09-19T04:00:00Z,GEN-2,0,0.0,0.0,0.0,38.8,89.2,675.2
2026-09-19T05:00:00Z,GEN-2,0,0.0,0.0,0.0,38.8,89.2,675.2
2026-09-19T06:00:00Z,GEN-2,0,0.0,0.0,0.0,38.8,89.2,675.2
2026-09-19T07:00:00Z,GEN-2,0,0.0,0.0,0.0,38.8,89.2,675.2
2026-09-19T08:00:00Z,GEN-2,0,0.0,0.0,0.0,38.8,89.2,675.2
2026-09-19T09:00:00Z,GEN-2,0,0.0,0.0,0.0,38.8,89.2,675.2
2026-09-19T10:00:00Z,GEN-2,0,0.0,0.0,0.0,38.8,89.2,675.2
2026-09-19T11:00:00Z,GEN-2,0,0.0,0.0,0.0,38.8,89.2,675.2
2026-09-19T12:00:00Z,GEN-2,0,0.0,0.0,0.0,38.8,89.2,675.2
2026-09-19T13:00:00Z,GEN-2,0,0.0,0.0,0.0,38.8,89.2,675.2
2026-09-19T14:00:00Z,GEN-2,0,0.0,0.0,0.0,38.8,89.2,675.2
2026-09-19T15:00:00Z,GEN-2,0,0.0,0.0,0.0,38.8,89.2,675.2
2026-09-19T16:00:00Z,GEN-2,0,0.0,0.0,0.0,38.8,89.2,675.2
2026-09-19T17:00:00Z,GEN-2,0,0.0,0.0,0.0,38.8,89.2,675.2
2026-09-19T18:00:00Z,GEN-2,0,0.0,0.0,0.0,38.8,89.2,675.2
2026-09-19T19:00:00Z,GEN-2,0,0.0,0.0,0.0,38.8,89.2,675.2
2026-09-19T20:00:00Z,GEN-2,0,0.0,0.0,0.0,38.8,89.2,675.2
2026-09-19T21:00:00Z,GEN-2,0,0.0,0.0,0.0,38.8,89.2,675.2
2026-09-19T22:00:00Z,GEN-2,0,0.0,0.0,0.0,38.8,89.2,675.2
2026-09-19T23:00:00Z,GEN-2,0,0.0,0.0,0.0,38.8,89.2,675.2
2026-09-20T00:00:00Z,GEN-2,0,0.0,0.0,0.0,38.8,89.2,675.2
2026-09-20T01:00:00Z,GEN-2,0,0.0,0.0,0.0,38.8,89.2,675.2
2026-09-20T02:00:00Z,GEN-2,0,0.0,0.0,0.0,38.8,89.2,675.2
2026-09-20T03:00:00Z,GEN-2,0,0.0,0.0,0.0,38.8,89.2,675.2
2026-09-20T04:00:00Z,GEN-2,0,0.0,0.0,0.0,38.8,89.2,675.2
2026-09-20T05:00:00Z,GEN-2,0,0.0,0.0,0.0,38.8,89.2,675.2
2026-09-20T06:00:00Z,GEN-2,0,0.0,0.0,0.0,38.8,89.2,675.2
2026-09-20T07:00:00Z,GEN-2,0,0.0,0.0,0.0,38.8,89.2,675.2
2026-09-20T08:00:00Z,GEN-2,0,0.0,0.0,0.0,38.8,89.2,675.2
2026-09-20T09:00:00Z,GEN-2,0,0.0,0.0,0.0,38.8,89.2,675.2
2026-09-20T10:00:00Z,GEN-2,0,0.0,0.0,0.0,38.8,89.2,675.2
2026-09-20T11:00:00Z,GEN-2,0,0.0,0.0,0.0,38.8,89.2,675.2
2026-09-20T12:00:00Z,GEN-2,0,0.0,0.0,0.0,38.8,89.2,675.2
2026-09-20T13:00:00Z,GEN-2,0,0.0,0.0,0.0,38.8,89.2,675.2
2026-09-20T14:00:00Z,GEN-2,0,0.0,0.0,0.0,38.8,89.2,675.2
2026-09-20T15:00:00Z,GEN-2,0,0.0,0.0,0.0,38.8,89.2,675.2
2026-09-20T16:00:00Z,GEN-2,0,0.0,0.0,0.0,38.8,89.2,675.2
2026-09-20T17:00:00Z,GEN-2,0,0.0,0.0,0.0,38.8,89.2,675.2
2026-09-20T18:00:00Z,GEN-2,0,0.0,0.0,0.0,38.8,89.2,675.2
2026-09-20T19:00:00Z,GEN-2,0,0.0,0.0,0.0,38.8,89.2,675.2
2026-09-20T20:00:00Z,GEN-2,0,0.0,0.0,0.0,38.8,89.2,675.2
2026-09-20T21:00:00Z,GEN-2,0,0.0,0.0,0.0,38.8,89.2,675.2
2026-09-20T22:00:00Z,GEN-2,0,0.0,0.0,0.0,38.8,89.2,675.2
2026-09-20T23:00:00Z,GEN-2,0,0.0,0.0,0.0,38.8,89.2,675.2
2026-09-21T00:00:00Z,GEN-2,0,0.0,0.0,0.0,38.8,89.2,675.2
2026-09-21T01:00:00Z,GEN-2,0,0.0,0.0,0.0,38.8,89.2,675.2
2026-09-21T02:00:00Z,GEN-2,0,0.0,0.0,0.0,38.8,89.2,675.2
2026-09-21T03:00:00Z,GEN-2,0,0.0,0.0,0.0,38.8,89.2,675.2
2026-09-21T04:00:00Z,GEN-2,0,0.0,0.0,0.0,38.8,89.2,675.2
2026-09-21T05:00:00Z,GEN-2,0,0.0,0.0,0.0,38.8,89.2,675.2
2026-09-21T06:00:00Z,GEN-2,0,0.0,0.0,0.0,38.8,89.2,675.2
2026-09-21T07:00:00Z,GEN-2,0,0.0,0.0,0.0,38.8,89.2,675.2
2026-09-21T08:00:00Z,GEN-2,0,0.0,0.0,0.0,38.8,89.2,675.2
2026-09-21T09:00:00Z,GEN-2,0,0.0,0.0,0.0,38.8,89.2,675.2
2026-09-21T10:00:00Z,GEN-2,0,0.0,0.0,0.0,38.8,89.2,675.2
2026-09-21T11:00:00Z,GEN-2,0,0.0,0.0,0.0,38.8,89.2,675.2
2026-09-21T12:00:00Z,GEN-2,0,0.0,0.0,0.0,38.8,89.2,675.2
2026-09-21T13:00:00Z,GEN-2,0,0.0,0.0,0.0,38.8,89.2,675.2
2026-09-21T14:00:00Z,GEN-2,0,0.0,0.0,0.0,38.8,89.2,675.2
2026-09-21T15:00:00Z,GEN-2,0,0.0,0.0,0.0,38.8,89.2,675.2
2026-09-21T16:00:00Z,GEN-2,0,0.0,0.0,0.0,38.8,89.2,675.2
2026-09-21T17:00:00Z,GEN-2,0,0.0,0.0,0.0,38.8,89.2,675.2
2026-09-21T18:00:00Z,GEN-2,0,0.0,0.0,0.0,38.8,89.2,675.2
2026-09-21T19:00:00Z,GEN-2,0,0.0,0.0,0.0,38.8,89.2,675.2
2026-09-21T20:00:00Z,GEN-2,0,0.0,0.0,0.0,38.8,89.2,675.2
2026-09-21T21:00:00Z,GEN-2,0,0.0,0.0,0.0,38.8,89.2,675.2
2026-09-21T22:00:00Z,GEN-2,0,0.0,0.0,0.0,38.8,89.2,675.2
2026-09-21T23:00:00Z,GEN-2,0,0.0,0.0,0.0,38.8,89.2,675.2
2026-09-22T00:00:00Z,GEN-2,0,0.0,0.0,0.0,38.8,89.2,675.2
2026-09-22T01:00:00Z,GEN-2,0,0.0,0.0,0.0,38.8,89.2,675.2
2026-09-22T02:00:00Z,GEN-2,0,0.0,0.0,0.0,38.8,89.2,675.2
2026-09-22T03:00:00Z,GEN-2,0,0.0,0.0,0.0,38.8,89.2,675.2
2026-09-22T04:00:00Z,GEN-2,0,0.0,0.0,0.0,38.8,89.2,675.2
2026-09-22T05:00:00Z,GEN-2,0,0.0,0.0,0.0,38.8,89.2,675.2
2026-09-22T06:00:00Z,GEN-2,0,0.0,0.0,0.0,38.8,89.2,675.2
2026-09-22T07:00:00Z,GEN-2,0,0.0,0.0,0.0,38.8,89.2,675.2
2026-09-22T08:00:00Z,GEN-2,0,0.0,0.0,0.0,38.8,89.2,675.2
2026-09-22T09:00:00Z,GEN-2,0,0.0,0.0,0.0,38.8,89.2,675.2
2026-09-22T10:00:00Z,GEN-2,0,0.0,0.0,0.0,38.8,89.2,675.2
2026-09-22T11:00:00Z,GEN-2,0,0.0,0.0,0.0,38.8,89.2,675.2
2026-09-22T12:00:00Z,GEN-2,0,0.0,0.0,0.0,38.8,89.2,675.2
2026-09-22T13:00:00Z,GEN-2,0,0.0,0.0,0.0,38.8,89.2,675.2
2026-09-22T14:00:00Z,GEN-2,0,0.0,0.0,0.0,38.8,89.2,675.2
2026-09-22T15:00:00Z,GEN-2,0,0.0,0.0,0.0,38.8,89.2,675.2
2026-09-22T16:00:00Z,GEN-2,0,0.0,0.0,0.0,38.8,89.2,675.2
2026-09-22T17:00:00Z,GEN-2,0,0.0,0.0,0.0,38.8,89.2,675.2
2026-09-22T18:00:00Z,GEN-2,0,0.0,0.0,0.0,38.8,89.2,675.2
2026-09-22T19:00:00Z,GEN-2,0,0.0,0.0,0.0,38.8,89.2,675.2
2026-09-22T20:00:00Z,GEN-2,0,0.0,0.0,0.0,38.8,89.2,675.2
2026-09-22T21:00:00Z,GEN-2,0,0.0,0.0,0.0,38.8,89.2,675.2
2026-09-22T22:00:00Z,GEN-2,0,0.0,0.0,0.0,38.8,89.2,675.2
2026-09-22T23:00:00Z,GEN-2,0,0.0,0.0,0.0,38.8,89.2,675.2
2026-09-23T00:00:00Z,GEN-2,0,0.0,0.0,0.0,38.8,89.2,675.2
2026-09-23T01:00:00Z,GEN-2,0,0.0,0.0,0.0,38.8,89.2,675.2
2026-09-23T02:00:00Z,GEN-2,0,0.0,0.0,0.0,38.8,89.2,675.2
2026-09-23T03:00:00Z,GEN-2,0,0.0,0.0,0.0,38.8,89.2,675.2
2026-09-23T04:00:00Z,GEN-2,0,0.0,0.0,0.0,38.8,89.2,675.2
2026-09-23T05:00:00Z,GEN-2,0,0.0,0.0,0.0,38.8,89.2,675.2
2026-09-23T06:00:00Z,GEN-2,0,0.0,0.0,0.0,38.8,89.2,675.2
2026-09-23T07:00:00Z,GEN-2,0,0.0,0.0,0.0,38.8,89.2,675.2
2026-09-23T08:00:00Z,GEN-2,0,0.0,0.0,0.0,38.8,89.2,675.2
2026-09-23T09:00:00Z,GEN-2,0,0.0,0.0,0.0,38.8,89.2,675.2
2026-09-23T10:00:00Z,GEN-2,0,0.0,0.0,0.0,38.8,89.2,675.2
2026-09-23T11:00:00Z,GEN-2,0,0.0,0.0,0.0,38.8,89.2,675.2
2026-09-23T12:00:00Z,GEN-2,0,0.0,0.0,0.0,38.8,89.2,675.2
2026-09-23T13:00:00Z,GEN-2,0,0.0,0.0,0.0,38.8,89.2,675.2
2026-09-23T14:00:00Z,GEN-2,0,0.0,0.0,0.0,38.8,89.2,675.2
2026-09-23T15:00:00Z,GEN-2,0,0.0,0.0,0.0,38.8,89.2,675.2
2026-09-23T16:00:00Z,GEN-2,0,0.0,0.0,0.0,38.8,89.2,675.2
2026-09-23T17:00:00Z,GEN-2,0,0.0,0.0,0.0,38.8,89.2,675.2
2026-09-23T18:00:00Z,GEN-2,0,0.0,0.0,0.0,38.8,89.2,675.2
2026-09-23T19:00:00Z,GEN-2,0,0.0,0.0,0.0,38.8,89.2,675.2
2026-09-23T20:00:00Z,GEN-2,0,0.0,0.0,0.0,38.8,89.2,675.2
2026-09-23T21:00:00Z,GEN-2,0,0.0,0.0,0.0,38.8,89.2,675.2
2026-09-23T22:00:00Z,GEN-2,0,0.0,0.0,0.0,38.8,89.2,675.2
2026-09-23T23:00:00Z,GEN-2,0,0.0,0.0,0.0,38.8,89.2,675.2
2026-09-24T00:00:00Z,GEN-2,0,0.0,0.0,0.0,38.8,89.2,675.2
2026-09-24T01:00:00Z,GEN-2,0,0.0,0.0,0.0,38.8,89.2,675.2
2026-09-24T02:00:00Z,GEN-2,0,0.0,0.0,0.0,38.8,89.2,675.2
2026-09-24T03:00:00Z,GEN-2,0,0.0,0.0,0.0,38.8,89.2,675.2
2026-09-24T04:00:00Z,GEN-2,0,0.0,0.0,0.0,38.8,89.2,675.2
2026-09-24T05:00:00Z,GEN-2,0,0.0,0.0,0.0,38.8,89.2,675.2
2026-09-24T06:00:00Z,GEN-2,0,0.0,0.0,0.0,38.8,89.2,675.2
2026-09-24T07:00:00Z,GEN-2,0,0.0,0.0,0.0,38.8,89.2,675.2
2026-09-24T08:00:00Z,GEN-2,0,0.0,0.0,0.0,38.8,89.2,675.2
2026-09-24T09:00:00Z,GEN-2,0,0.0,0.0,0.0,38.8,89.2,675.2
2026-09-24T10:00:00Z,GEN-2,0,0.0,0.0,0.0,38.8,89.2,675.2
2026-09-24T11:00:00Z,GEN-2,0,0.0,0.0,0.0,38.8,89.2,675.2
2026-09-24T12:00:00Z,GEN-2,0,0.0,0.0,0.0,38.8,89.2,675.2
2026-09-24T13:00:00Z,GEN-2,0,0.0,0.0,0.0,38.8,89.2,675.2
2026-09-24T14:00:00Z,GEN-2,0,0.0,0.0,0.0,38.8,89.2,675.2
2026-09-24T15:00:00Z,GEN-2,0,0.0,0.0,0.0,38.8,89.2,675.2
2026-09-24T16:00:00Z,GEN-2,0,0.0,0.0,0.0,38.8,89.2,675.2
2026-09-24T17:00:00Z,GEN-2,0,0.0,0.0,0.0,38.8,89.2,675.2
2026-09-24T18:00:00Z,GEN-2,0,0.0,0.0,0.0,38.8,89.2,675.2
2026-09-24T19:00:00Z,GEN-2,0,0.0,0.0,0.0,38.8,89.2,675.2
2026-09-24T20:00:00Z,GEN-2,0,0.0,0.0,0.0,38.8,89.2,675.2
2026-09-24T21:00:00Z,GEN-2,45,665.62,1064.1,35.5,76.4,88.7,675.95
2026-09-24T22:00:00Z,GEN-2,1,0.0,0.0,0.0,69.4,88.7,675.97
2026-09-24T23:00:00Z,GEN-2,0,0.0,0.0,0.0,54.5,88.7,675.97
2026-09-25T00:00:00Z,GEN-2,0,0.0,0.0,0.0,46.9,88.7,675.97
2026-09-25T01:00:00Z,GEN-2,0,0.0,0.0,0.0,43.0,88.7,675.97
2026-09-25T02:00:00Z,GEN-2,0,0.0,0.0,0.0,41.0,88.7,675.97
2026-09-25T03:00:00Z,GEN-2,0,0.0,0.0,0.0,39.9,88.7,675.97
2026-09-25T04:00:00Z,GEN-2,0,0.0,0.0,0.0,39.4,88.7,675.97
2026-09-25T05:00:00Z,GEN-2,0,0.0,0.0,0.0,39.1,88.7,675.97
2026-09-25T06:00:00Z,GEN-2,0,0.0,0.0,0.0,39.0,88.7,675.97
2026-09-25T07:00:00Z,GEN-2,0,0.0,0.0,0.0,38.9,88.7,675.97
2026-09-25T08:00:00Z,GEN-2,0,0.0,0.0,0.0,38.9,88.7,675.97
2026-09-25T09:00:00Z,GEN-2,0,0.0,0.0,0.0,38.9,88.7,675.97
2026-09-25T10:00:00Z,GEN-2,0,0.0,0.0,0.0,38.8,88.7,675.97
2026-09-25T11:00:00Z,GEN-2,0,0.0,0.0,0.0,38.8,88.7,675.97
2026-09-25T12:00:00Z,GEN-2,0,0.0,0.0,0.0,38.8,88.7,675.97
2026-09-25T13:00:00Z,GEN-2,0,0.0,0.0,0.0,38.8,88.7,675.97
2026-09-25T14:00:00Z,GEN-2,0,0.0,0.0,0.0,38.8,88.7,675.97
2026-09-25T15:00:00Z,GEN-2,0,0.0,0.0,0.0,38.8,88.7,675.97
2026-09-25T16:00:00Z,GEN-2,0,0.0,0.0,0.0,38.8,88.7,675.97
2026-09-25T17:00:00Z,GEN-2,0,0.0,0.0,0.0,38.8,88.7,675.97
2026-09-25T18:00:00Z,GEN-2,0,0.0,0.0,0.0,38.8,88.7,675.97
2026-09-25T19:00:00Z,GEN-2,0,0.0,0.0,0.0,38.8,88.7,675.97
2026-09-25T20:00:00Z,GEN-2,0,0.0,0.0,0.0,38.8,88.7,675.97
2026-09-25T21:00:00Z,GEN-2,0,0.0,0.0,0.0,38.8,88.7,675.97
2026-09-25T22:00:00Z,GEN-2,0,0.0,0.0,0.0,38.8,88.7,675.97
2026-09-25T23:00:00Z,GEN-2,0,0.0,0.0,0.0,38.8,88.7,675.97
2026-09-26T00:00:00Z,GEN-2,0,0.0,0.0,0.0,38.8,88.7,675.97
2026-09-26T01:00:00Z,GEN-2,0,0.0,0.0,0.0,38.8,88.7,675.97
2026-09-26T02:00:00Z,GEN-2,0,0.0,0.0,0.0,38.8,88.7,675.97
2026-09-26T03:00:00Z,GEN-2,0,0.0,0.0,0.0,38.8,88.7,675.97
2026-09-26T04:00:00Z,GEN-2,0,0.0,0.0,0.0,38.8,88.7,675.97
2026-09-26T05:00:00Z,GEN-2,0,0.0,0.0,0.0,38.8,88.7,675.97
2026-09-26T06:00:00Z,GEN-2,0,0.0,0.0,0.0,38.8,88.7,675.97
2026-09-26T07:00:00Z,GEN-2,0,0.0,0.0,0.0,38.8,88.7,675.97
2026-09-26T08:00:00Z,GEN-2,0,0.0,0.0,0.0,38.8,88.7,675.97
2026-09-26T09:00:00Z,GEN-2,0,0.0,0.0,0.0,38.8,88.7,675.97
2026-09-26T10:00:00Z,GEN-2,0,0.0,0.0,0.0,38.8,88.7,675.97
2026-09-26T11:00:00Z,GEN-2,0,0.0,0.0,0.0,38.8,88.7,675.97
2026-09-26T12:00:00Z,GEN-2,0,0.0,0.0,0.0,38.8,88.7,675.97
2026-09-26T13:00:00Z,GEN-2,0,0.0,0.0,0.0,38.8,88.7,675.97
2026-09-26T14:00:00Z,GEN-2,0,0.0,0.0,0.0,38.8,88.7,675.97
2026-09-26T15:00:00Z,GEN-2,0,0.0,0.0,0.0,38.8,88.7,675.97
2026-09-26T16:00:00Z,GEN-2,0,0.0,0.0,0.0,38.8,88.7,675.97
2026-09-26T17:00:00Z,GEN-2,0,0.0,0.0,0.0,38.8,88.7,675.97
2026-09-26T18:00:00Z,GEN-2,0,0.0,0.0,0.0,38.8,88.7,675.97
2026-09-26T19:00:00Z,GEN-2,0,0.0,0.0,0.0,38.8,88.7,675.97
2026-09-26T20:00:00Z,GEN-2,0,0.0,0.0,0.0,38.8,88.7,675.97
2026-09-26T21:00:00Z,GEN-2,0,0.0,0.0,0.0,38.8,88.7,675.97
2026-09-26T22:00:00Z,GEN-2,0,0.0,0.0,0.0,38.8,88.7,675.97
2026-09-26T23:00:00Z,GEN-2,0,0.0,0.0,0.0,38.8,88.7,675.97
2026-09-27T00:00:00Z,GEN-2,0,0.0,0.0,0.0,38.8,88.7,675.97
2026-09-27T01:00:00Z,GEN-2,0,0.0,0.0,0.0,38.8,88.7,675.97
2026-09-27T02:00:00Z,GEN-2,0,0.0,0.0,0.0,38.8,88.7,675.97
2026-09-27T03:00:00Z,GEN-2,0,0.0,0.0,0.0,38.8,88.7,675.97
2026-09-27T04:00:00Z,GEN-2,0,0.0,0.0,0.0,38.8,88.7,675.97
2026-09-27T05:00:00Z,GEN-2,0,0.0,0.0,0.0,38.8,88.7,675.97
2026-09-27T06:00:00Z,GEN-2,0,0.0,0.0,0.0,38.8,88.7,675.97
2026-09-27T07:00:00Z,GEN-2,0,0.0,0.0,0.0,38.8,88.7,675.97
2026-09-27T08:00:00Z,GEN-2,0,0.0,0.0,0.0,38.8,88.7,675.97
2026-09-27T09:00:00Z,GEN-2,0,0.0,0.0,0.0,38.8,88.7,675.97
2026-09-27T10:00:00Z,GEN-2,0,0.0,0.0,0.0,38.8,88.7,675.97
2026-09-27T11:00:00Z,GEN-2,0,0.0,0.0,0.0,38.8,88.7,675.97
2026-09-27T12:00:00Z,GEN-2,0,0.0,0.0,0.0,38.8,88.7,675.97
2026-09-27T13:00:00Z,GEN-2,0,0.0,0.0,0.0,38.8,88.7,675.97
2026-09-27T14:00:00Z,GEN-2,0,0.0,0.0,0.0,38.8,88.7,675.97
2026-09-27T15:00:00Z,GEN-2,0,0.0,0.0,0.0,38.8,88.7,675.97
2026-09-27T16:00:00Z,GEN-2,0,0.0,0.0,0.0,38.8,88.7,675.97
2026-09-27T17:00:00Z,GEN-2,0,0.0,0.0,0.0,38.8,88.7,675.97
2026-09-27T18:00:00Z,GEN-2,0,0.0,0.0,0.0,38.8,88.7,675.97
2026-09-27T19:00:00Z,GEN-2,0,0.0,0.0,0.0,38.8,88.7,675.97
2026-09-27T20:00:00Z,GEN-2,0,0.0,0.0,0.0,38.8,88.7,675.97
2026-09-27T21:00:00Z,GEN-2,0,0.0,0.0,0.0,38.8,88.7,675.97
2026-09-27T22:00:00Z,GEN-2,0,0.0,0.0,0.0,38.8,88.7,675.97
2026-09-27T23:00:00Z,GEN-2,0,0.0,0.0,0.0,38.8,88.7,675.97
2026-08-31T00:00:00Z,GEN-3,0,0.0,0.0,0.0,40.0,93.7,547.24
2026-08-31T01:00:00Z,GEN-3,0,0.0,0.0,0.0,40.0,93.7,547.24
2026-08-31T02:00:00Z,GEN-3,0,0.0,0.0,0.0,40.0,93.7,547.24
2026-08-31T03:00:00Z,GEN-3,0,0.0,0.0,0.0,40.0,93.7,547.24
2026-08-31T04:00:00Z,GEN-3,0,0.0,0.0,0.0,40.0,93.7,547.24
2026-08-31T05:00:00Z,GEN-3,0,0.0,0.0,0.0,40.0,93.7,547.24
2026-08-31T06:00:00Z,GEN-3,0,0.0,0.0,0.0,40.0,93.7,547.24
2026-08-31T07:00:00Z,GEN-3,0,0.0,0.0,0.0,40.0,93.7,547.24
2026-08-31T08:00:00Z,GEN-3,0,0.0,0.0,0.0,40.0,93.7,547.24
2026-08-31T09:00:00Z,GEN-3,0,0.0,0.0,0.0,40.0,93.7,547.24
2026-08-31T10:00:00Z,GEN-3,0,0.0,0.0,0.0,40.0,93.7,547.24
2026-08-31T11:00:00Z,GEN-3,0,0.0,0.0,0.0,40.0,93.7,547.24
2026-08-31T12:00:00Z,GEN-3,0,0.0,0.0,0.0,40.0,93.7,547.24
2026-08-31T13:00:00Z,GEN-3,0,0.0,0.0,0.0,40.0,93.7,547.24
2026-08-31T14:00:00Z,GEN-3,0,0.0,0.0,0.0,40.0,93.7,547.24
2026-08-31T15:00:00Z,GEN-3,0,0.0,0.0,0.0,40.0,93.7,547.24
2026-08-31T16:00:00Z,GEN-3,0,0.0,0.0,0.0,40.0,93.7,547.24
2026-08-31T17:00:00Z,GEN-3,0,0.0,0.0,0.0,40.0,93.7,547.24
2026-08-31T18:00:00Z,GEN-3,0,0.0,0.0,0.0,40.0,93.7,547.24
2026-08-31T19:00:00Z,GEN-3,0,0.0,0.0,0.0,40.0,93.7,547.24
2026-08-31T20:00:00Z,GEN-3,0,0.0,0.0,0.0,40.0,93.7,547.24
2026-08-31T21:00:00Z,GEN-3,0,0.0,0.0,0.0,40.0,93.7,547.24
2026-08-31T22:00:00Z,GEN-3,0,0.0,0.0,0.0,40.0,93.7,547.24
2026-08-31T23:00:00Z,GEN-3,0,0.0,0.0,0.0,40.0,93.7,547.24
2026-09-01T00:00:00Z,GEN-3,0,0.0,0.0,0.0,40.0,93.7,547.24
2026-09-01T01:00:00Z,GEN-3,0,0.0,0.0,0.0,40.0,93.7,547.24
2026-09-01T02:00:00Z,GEN-3,0,0.0,0.0,0.0,40.0,93.7,547.24
2026-09-01T03:00:00Z,GEN-3,0,0.0,0.0,0.0,40.0,93.7,547.24
2026-09-01T04:00:00Z,GEN-3,0,0.0,0.0,0.0,40.0,93.7,547.24
2026-09-01T05:00:00Z,GEN-3,0,0.0,0.0,0.0,40.0,93.7,547.24
2026-09-01T06:00:00Z,GEN-3,0,0.0,0.0,0.0,40.0,93.7,547.24
2026-09-01T07:00:00Z,GEN-3,0,0.0,0.0,0.0,40.0,93.7,547.24
2026-09-01T08:00:00Z,GEN-3,0,0.0,0.0,0.0,40.0,93.7,547.24
2026-09-01T09:00:00Z,GEN-3,0,0.0,0.0,0.0,40.0,93.7,547.24
2026-09-01T10:00:00Z,GEN-3,0,0.0,0.0,0.0,40.0,93.7,547.24
2026-09-01T11:00:00Z,GEN-3,0,0.0,0.0,0.0,40.0,93.7,547.24
2026-09-01T12:00:00Z,GEN-3,0,0.0,0.0,0.0,40.0,93.7,547.24
2026-09-01T13:00:00Z,GEN-3,0,0.0,0.0,0.0,40.0,93.7,547.24
2026-09-01T14:00:00Z,GEN-3,0,0.0,0.0,0.0,40.0,93.7,547.24
2026-09-01T15:00:00Z,GEN-3,0,0.0,0.0,0.0,40.0,93.7,547.24
2026-09-01T16:00:00Z,GEN-3,0,0.0,0.0,0.0,40.0,93.7,547.24
2026-09-01T17:00:00Z,GEN-3,0,0.0,0.0,0.0,40.0,93.7,547.24
2026-09-01T18:00:00Z,GEN-3,0,0.0,0.0,0.0,40.0,93.7,547.24
2026-09-01T19:00:00Z,GEN-3,0,0.0,0.0,0.0,40.0,93.7,547.24
2026-09-01T20:00:00Z,GEN-3,0,0.0,0.0,0.0,40.0,93.7,547.24
2026-09-01T21:00:00Z,GEN-3,0,0.0,0.0,0.0,40.0,93.7,547.24
2026-09-01T22:00:00Z,GEN-3,0,0.0,0.0,0.0,40.0,93.7,547.24
2026-09-01T23:00:00Z,GEN-3,0,0.0,0.0,0.0,40.0,93.7,547.24
2026-09-02T00:00:00Z,GEN-3,0,0.0,0.0,0.0,40.0,93.7,547.24
2026-09-02T01:00:00Z,GEN-3,0,0.0,0.0,0.0,40.0,93.7,547.24
2026-09-02T02:00:00Z,GEN-3,0,0.0,0.0,0.0,40.0,93.7,547.24
2026-09-02T03:00:00Z,GEN-3,0,0.0,0.0,0.0,40.0,93.7,547.24
2026-09-02T04:00:00Z,GEN-3,0,0.0,0.0,0.0,40.0,93.7,547.24
2026-09-02T05:00:00Z,GEN-3,0,0.0,0.0,0.0,40.0,93.7,547.24
2026-09-02T06:00:00Z,GEN-3,0,0.0,0.0,0.0,40.0,93.7,547.24
2026-09-02T07:00:00Z,GEN-3,0,0.0,0.0,0.0,40.0,93.7,547.24
2026-09-02T08:00:00Z,GEN-3,0,0.0,0.0,0.0,40.0,93.7,547.24
2026-09-02T09:00:00Z,GEN-3,0,0.0,0.0,0.0,40.0,93.7,547.24
2026-09-02T10:00:00Z,GEN-3,0,0.0,0.0,0.0,40.0,93.7,547.24
2026-09-02T11:00:00Z,GEN-3,0,0.0,0.0,0.0,40.0,93.7,547.24
2026-09-02T12:00:00Z,GEN-3,0,0.0,0.0,0.0,40.0,93.7,547.24
2026-09-02T13:00:00Z,GEN-3,0,0.0,0.0,0.0,40.0,93.7,547.24
2026-09-02T14:00:00Z,GEN-3,0,0.0,0.0,0.0,40.0,93.7,547.24
2026-09-02T15:00:00Z,GEN-3,0,0.0,0.0,0.0,40.0,93.7,547.24
2026-09-02T16:00:00Z,GEN-3,0,0.0,0.0,0.0,40.0,93.7,547.24
2026-09-02T17:00:00Z,GEN-3,0,0.0,0.0,0.0,40.0,93.7,547.24
2026-09-02T18:00:00Z,GEN-3,0,0.0,0.0,0.0,40.0,93.7,547.24
2026-09-02T19:00:00Z,GEN-3,0,0.0,0.0,0.0,40.0,93.7,547.24
2026-09-02T20:00:00Z,GEN-3,0,0.0,0.0,0.0,40.0,93.7,547.24
2026-09-02T21:00:00Z,GEN-3,0,0.0,0.0,0.0,40.0,93.7,547.24
2026-09-02T22:00:00Z,GEN-3,0,0.0,0.0,0.0,40.0,93.7,547.24
2026-09-02T23:00:00Z,GEN-3,0,0.0,0.0,0.0,40.0,93.7,547.24
2026-09-03T00:00:00Z,GEN-3,0,0.0,0.0,0.0,40.0,93.7,547.24
2026-09-03T01:00:00Z,GEN-3,0,0.0,0.0,0.0,40.0,93.7,547.24
2026-09-03T02:00:00Z,GEN-3,0,0.0,0.0,0.0,40.0,93.7,547.24
2026-09-03T03:00:00Z,GEN-3,0,0.0,0.0,0.0,40.0,93.7,547.24
2026-09-03T04:00:00Z,GEN-3,0,0.0,0.0,0.0,40.0,93.7,547.24
2026-09-03T05:00:00Z,GEN-3,0,0.0,0.0,0.0,40.0,93.7,547.24
2026-09-03T06:00:00Z,GEN-3,0,0.0,0.0,0.0,40.0,93.7,547.24
2026-09-03T07:00:00Z,GEN-3,0,0.0,0.0,0.0,40.0,93.7,547.24
2026-09-03T08:00:00Z,GEN-3,0,0.0,0.0,0.0,40.0,93.7,547.24
2026-09-03T09:00:00Z,GEN-3,0,0.0,0.0,0.0,40.0,93.7,547.24
2026-09-03T10:00:00Z,GEN-3,0,0.0,0.0,0.0,40.0,93.7,547.24
2026-09-03T11:00:00Z,GEN-3,0,0.0,0.0,0.0,40.0,93.7,547.24
2026-09-03T12:00:00Z,GEN-3,0,0.0,0.0,0.0,40.0,93.7,547.24
2026-09-03T13:00:00Z,GEN-3,0,0.0,0.0,0.0,40.0,93.7,547.24
2026-09-03T14:00:00Z,GEN-3,0,0.0,0.0,0.0,40.0,93.7,547.24
2026-09-03T15:00:00Z,GEN-3,0,0.0,0.0,0.0,40.0,93.7,547.24
2026-09-03T16:00:00Z,GEN-3,0,0.0,0.0,0.0,40.0,93.7,547.24
2026-09-03T17:00:00Z,GEN-3,0,0.0,0.0,0.0,40.0,93.7,547.24
2026-09-03T18:00:00Z,GEN-3,0,0.0,0.0,0.0,40.0,93.7,547.24
2026-09-03T19:00:00Z,GEN-3,0,0.0,0.0,0.0,40.0,93.7,547.24
2026-09-03T20:00:00Z,GEN-3,0,0.0,0.0,0.0,40.0,93.7,547.24
2026-09-03T21:00:00Z,GEN-3,0,0.0,0.0,0.0,40.0,93.7,547.24
2026-09-03T22:00:00Z,GEN-3,0,0.0,0.0,0.0,40.0,93.7,547.24
2026-09-03T23:00:00Z,GEN-3,0,0.0,0.0,0.0,40.0,93.7,547.24
2026-09-04T00:00:00Z,GEN-3,0,0.0,0.0,0.0,40.0,93.7,547.24
2026-09-04T01:00:00Z,GEN-3,0,0.0,0.0,0.0,40.0,93.7,547.24
2026-09-04T02:00:00Z,GEN-3,0,0.0,0.0,0.0,40.0,93.7,547.24
2026-09-04T03:00:00Z,GEN-3,0,0.0,0.0,0.0,40.0,93.7,547.24
2026-09-04T04:00:00Z,GEN-3,0,0.0,0.0,0.0,40.0,93.7,547.24
2026-09-04T05:00:00Z,GEN-3,0,0.0,0.0,0.0,40.0,93.7,547.24
2026-09-04T06:00:00Z,GEN-3,0,0.0,0.0,0.0,40.0,93.7,547.24
2026-09-04T07:00:00Z,GEN-3,0,0.0,0.0,0.0,40.0,93.7,547.24
2026-09-04T08:00:00Z,GEN-3,0,0.0,0.0,0.0,40.0,93.7,547.24
2026-09-04T09:00:00Z,GEN-3,0,0.0,0.0,0.0,40.0,93.7,547.24
2026-09-04T10:00:00Z,GEN-3,0,0.0,0.0,0.0,40.0,93.7,547.24
2026-09-04T11:00:00Z,GEN-3,0,0.0,0.0,0.0,40.0,93.7,547.24
2026-09-04T12:00:00Z,GEN-3,0,0.0,0.0,0.0,40.0,93.7,547.24
2026-09-04T13:00:00Z,GEN-3,0,0.0,0.0,0.0,40.0,93.7,547.24
2026-09-04T14:00:00Z,GEN-3,0,0.0,0.0,0.0,40.0,93.7,547.24
2026-09-04T15:00:00Z,GEN-3,0,0.0,0.0,0.0,40.0,93.7,547.24
2026-09-04T16:00:00Z,GEN-3,0,0.0,0.0,0.0,40.0,93.7,547.24
2026-09-04T17:00:00Z,GEN-3,0,0.0,0.0,0.0,40.0,93.7,547.24
2026-09-04T18:00:00Z,GEN-3,0,0.0,0.0,0.0,40.0,93.7,547.24
2026-09-04T19:00:00Z,GEN-3,0,0.0,0.0,0.0,40.0,93.7,547.24
2026-09-04T20:00:00Z,GEN-3,0,0.0,0.0,0.0,40.0,93.7,547.24
2026-09-04T21:00:00Z,GEN-3,0,0.0,0.0,0.0,40.0,93.7,547.24
2026-09-04T22:00:00Z,GEN-3,0,0.0,0.0,0.0,40.0,93.7,547.24
2026-09-04T23:00:00Z,GEN-3,0,0.0,0.0,0.0,40.0,93.7,547.24
2026-09-05T00:00:00Z,GEN-3,0,0.0,0.0,0.0,40.0,93.7,547.24
2026-09-05T01:00:00Z,GEN-3,0,0.0,0.0,0.0,40.0,93.7,547.24
2026-09-05T02:00:00Z,GEN-3,0,0.0,0.0,0.0,40.0,93.7,547.24
2026-09-05T03:00:00Z,GEN-3,0,0.0,0.0,0.0,40.0,93.7,547.24
2026-09-05T04:00:00Z,GEN-3,0,0.0,0.0,0.0,40.0,93.7,547.24
2026-09-05T05:00:00Z,GEN-3,0,0.0,0.0,0.0,40.0,93.7,547.24
2026-09-05T06:00:00Z,GEN-3,0,0.0,0.0,0.0,40.0,93.7,547.24
2026-09-05T07:00:00Z,GEN-3,0,0.0,0.0,0.0,40.0,93.7,547.24
2026-09-05T08:00:00Z,GEN-3,0,0.0,0.0,0.0,40.0,93.7,547.24
2026-09-05T09:00:00Z,GEN-3,0,0.0,0.0,0.0,40.0,93.7,547.24
2026-09-05T10:00:00Z,GEN-3,0,0.0,0.0,0.0,40.0,93.7,547.24
2026-09-05T11:00:00Z,GEN-3,0,0.0,0.0,0.0,40.0,93.7,547.24
2026-09-05T12:00:00Z,GEN-3,0,0.0,0.0,0.0,40.0,93.7,547.24
2026-09-05T13:00:00Z,GEN-3,0,0.0,0.0,0.0,40.0,93.7,547.24
2026-09-05T14:00:00Z,GEN-3,0,0.0,0.0,0.0,40.0,93.7,547.24
2026-09-05T15:00:00Z,GEN-3,0,0.0,0.0,0.0,40.0,93.7,547.24
2026-09-05T16:00:00Z,GEN-3,0,0.0,0.0,0.0,40.0,93.7,547.24
2026-09-05T17:00:00Z,GEN-3,0,0.0,0.0,0.0,40.0,93.7,547.24
2026-09-05T18:00:00Z,GEN-3,0,0.0,0.0,0.0,40.0,93.7,547.24
2026-09-05T19:00:00Z,GEN-3,0,0.0,0.0,0.0,40.0,93.7,547.24
2026-09-05T20:00:00Z,GEN-3,0,0.0,0.0,0.0,40.0,93.7,547.24
2026-09-05T21:00:00Z,GEN-3,0,0.0,0.0,0.0,40.0,93.7,547.24
2026-09-05T22:00:00Z,GEN-3,0,0.0,0.0,0.0,40.0,93.7,547.24
2026-09-05T23:00:00Z,GEN-3,0,0.0,0.0,0.0,40.0,93.7,547.24
2026-09-06T00:00:00Z,GEN-3,0,0.0,0.0,0.0,40.0,93.7,547.24
2026-09-06T01:00:00Z,GEN-3,0,0.0,0.0,0.0,40.0,93.7,547.24
2026-09-06T02:00:00Z,GEN-3,0,0.0,0.0,0.0,40.0,93.7,547.24
2026-09-06T03:00:00Z,GEN-3,0,0.0,0.0,0.0,40.0,93.7,547.24
2026-09-06T04:00:00Z,GEN-3,0,0.0,0.0,0.0,40.0,93.7,547.24
2026-09-06T05:00:00Z,GEN-3,0,0.0,0.0,0.0,40.0,93.7,547.24
2026-09-06T06:00:00Z,GEN-3,0,0.0,0.0,0.0,40.0,93.7,547.24
2026-09-06T07:00:00Z,GEN-3,0,0.0,0.0,0.0,40.0,93.7,547.24
2026-09-06T08:00:00Z,GEN-3,0,0.0,0.0,0.0,40.0,93.7,547.24
2026-09-06T09:00:00Z,GEN-3,0,0.0,0.0,0.0,40.0,93.7,547.24
2026-09-06T10:00:00Z,GEN-3,0,0.0,0.0,0.0,40.0,93.7,547.24
2026-09-06T11:00:00Z,GEN-3,0,0.0,0.0,0.0,40.0,93.7,547.24
2026-09-06T12:00:00Z,GEN-3,0,0.0,0.0,0.0,40.0,93.7,547.24
2026-09-06T13:00:00Z,GEN-3,0,0.0,0.0,0.0,40.0,93.7,547.24
2026-09-06T14:00:00Z,GEN-3,0,0.0,0.0,0.0,40.0,93.7,547.24
2026-09-06T15:00:00Z,GEN-3,0,0.0,0.0,0.0,40.0,93.7,547.24
2026-09-06T16:00:00Z,GEN-3,0,0.0,0.0,0.0,40.0,93.7,547.24
2026-09-06T17:00:00Z,GEN-3,0,0.0,0.0,0.0,40.0,93.7,547.24
2026-09-06T18:00:00Z,GEN-3,0,0.0,0.0,0.0,40.0,93.7,547.24
2026-09-06T19:00:00Z,GEN-3,0,0.0,0.0,0.0,40.0,93.7,547.24
2026-09-06T20:00:00Z,GEN-3,0,0.0,0.0,0.0,40.0,93.7,547.24
2026-09-06T21:00:00Z,GEN-3,0,0.0,0.0,0.0,40.0,93.7,547.24
2026-09-06T22:00:00Z,GEN-3,0,0.0,0.0,0.0,40.0,93.7,547.24
2026-09-06T23:00:00Z,GEN-3,0,0.0,0.0,0.0,40.0,93.7,547.24
2026-09-07T00:00:00Z,GEN-3,0,0.0,0.0,0.0,40.0,93.7,547.24
2026-09-07T01:00:00Z,GEN-3,0,0.0,0.0,0.0,40.0,93.7,547.24
2026-09-07T02:00:00Z,GEN-3,0,0.0,0.0,0.0,40.0,93.7,547.24
2026-09-07T03:00:00Z,GEN-3,0,0.0,0.0,0.0,40.0,93.7,547.24
2026-09-07T04:00:00Z,GEN-3,0,0.0,0.0,0.0,40.0,93.7,547.24
2026-09-07T05:00:00Z,GEN-3,0,0.0,0.0,0.0,40.0,93.7,547.24
2026-09-07T06:00:00Z,GEN-3,0,0.0,0.0,0.0,40.0,93.7,547.24
2026-09-07T07:00:00Z,GEN-3,0,0.0,0.0,0.0,40.0,93.7,547.24
2026-09-07T08:00:00Z,GEN-3,0,0.0,0.0,0.0,40.0,93.7,547.24
2026-09-07T09:00:00Z,GEN-3,0,0.0,0.0,0.0,40.0,93.7,547.24
2026-09-07T10:00:00Z,GEN-3,0,0.0,0.0,0.0,40.0,93.7,547.24
2026-09-07T11:00:00Z,GEN-3,0,0.0,0.0,0.0,40.0,93.7,547.24
2026-09-07T12:00:00Z,GEN-3,0,0.0,0.0,0.0,40.0,93.7,547.24
2026-09-07T13:00:00Z,GEN-3,0,0.0,0.0,0.0,40.0,93.7,547.24
2026-09-07T14:00:00Z,GEN-3,0,0.0,0.0,0.0,40.0,93.7,547.24
2026-09-07T15:00:00Z,GEN-3,0,0.0,0.0,0.0,40.0,93.7,547.24
2026-09-07T16:00:00Z,GEN-3,0,0.0,0.0,0.0,40.0,93.7,547.24
2026-09-07T17:00:00Z,GEN-3,0,0.0,0.0,0.0,40.0,93.7,547.24
2026-09-07T18:00:00Z,GEN-3,0,0.0,0.0,0.0,40.0,93.7,547.24
2026-09-07T19:00:00Z,GEN-3,0,0.0,0.0,0.0,40.0,93.7,547.24
2026-09-07T20:00:00Z,GEN-3,0,0.0,0.0,0.0,40.0,93.7,547.24
2026-09-07T21:00:00Z,GEN-3,0,0.0,0.0,0.0,40.0,93.7,547.24
2026-09-07T22:00:00Z,GEN-3,0,0.0,0.0,0.0,40.0,93.7,547.24
2026-09-07T23:00:00Z,GEN-3,0,0.0,0.0,0.0,40.0,93.7,547.24
2026-09-08T00:00:00Z,GEN-3,0,0.0,0.0,0.0,40.0,93.7,547.24
2026-09-08T01:00:00Z,GEN-3,0,0.0,0.0,0.0,40.0,93.7,547.24
2026-09-08T02:00:00Z,GEN-3,0,0.0,0.0,0.0,40.0,93.7,547.24
2026-09-08T03:00:00Z,GEN-3,0,0.0,0.0,0.0,40.0,93.7,547.24
2026-09-08T04:00:00Z,GEN-3,0,0.0,0.0,0.0,40.0,93.7,547.24
2026-09-08T05:00:00Z,GEN-3,0,0.0,0.0,0.0,40.0,93.7,547.24
2026-09-08T06:00:00Z,GEN-3,0,0.0,0.0,0.0,40.0,93.7,547.24
2026-09-08T07:00:00Z,GEN-3,0,0.0,0.0,0.0,40.0,93.7,547.24
2026-09-08T08:00:00Z,GEN-3,0,0.0,0.0,0.0,40.0,93.7,547.24
2026-09-08T09:00:00Z,GEN-3,0,0.0,0.0,0.0,40.0,93.7,547.24
2026-09-08T10:00:00Z,GEN-3,0,0.0,0.0,0.0,40.0,93.7,547.24
2026-09-08T11:00:00Z,GEN-3,0,0.0,0.0,0.0,40.0,93.7,547.24
2026-09-08T12:00:00Z,GEN-3,0,0.0,0.0,0.0,40.0,93.7,547.24
2026-09-08T13:00:00Z,GEN-3,0,0.0,0.0,0.0,40.0,93.7,547.24
2026-09-08T14:00:00Z,GEN-3,0,0.0,0.0,0.0,40.0,93.7,547.24
2026-09-08T15:00:00Z,GEN-3,33,762.48,1446.3,48.2,81.7,93.1,547.79
2026-09-08T16:00:00Z,GEN-3,11,140.9,1421.6,47.4,82.0,93.0,547.97
2026-09-08T17:00:00Z,GEN-3,0,0.0,0.0,0.0,58.5,93.0,547.97
2026-09-08T18:00:00Z,GEN-3,0,0.0,0.0,0.0,49.5,93.0,547.97
2026-09-08T19:00:00Z,GEN-3,0,0.0,0.0,0.0,44.8,93.0,547.97
2026-09-08T20:00:00Z,GEN-3,0,0.0,0.0,0.0,42.5,93.0,547.97
2026-09-08T21:00:00Z,GEN-3,0,0.0,0.0,0.0,41.2,93.0,547.97
2026-09-08T22:00:00Z,GEN-3,0,0.0,0.0,0.0,40.6,93.0,547.97
2026-09-08T23:00:00Z,GEN-3,0,0.0,0.0,0.0,40.3,93.0,547.97
2026-09-09T00:00:00Z,GEN-3,0,0.0,0.0,0.0,40.1,93.0,547.97
2026-09-09T01:00:00Z,GEN-3,0,0.0,0.0,0.0,40.0,93.0,547.97
2026-09-09T02:00:00Z,GEN-3,0,0.0,0.0,0.0,40.0,93.0,547.97
2026-09-09T03:00:00Z,GEN-3,0,0.0,0.0,0.0,40.0,93.0,547.97
2026-09-09T04:00:00Z,GEN-3,0,0.0,0.0,0.0,40.0,93.0,547.97
2026-09-09T05:00:00Z,GEN-3,0,0.0,0.0,0.0,40.0,93.0,547.97
2026-09-09T06:00:00Z,GEN-3,0,0.0,0.0,0.0,40.0,93.0,547.97
2026-09-09T07:00:00Z,GEN-3,0,0.0,0.0,0.0,40.0,93.0,547.97
2026-09-09T08:00:00Z,GEN-3,0,0.0,0.0,0.0,40.0,93.0,547.97
2026-09-09T09:00:00Z,GEN-3,0,0.0,0.0,0.0,40.0,93.0,547.97
2026-09-09T10:00:00Z,GEN-3,0,0.0,0.0,0.0,40.0,93.0,547.97
2026-09-09T11:00:00Z,GEN-3,0,0.0,0.0,0.0,40.0,93.0,547.97
2026-09-09T12:00:00Z,GEN-3,0,0.0,0.0,0.0,40.0,93.0,547.97
2026-09-09T13:00:00Z,GEN-3,0,0.0,0.0,0.0,40.0,93.0,547.97
2026-09-09T14:00:00Z,GEN-3,0,0.0,0.0,0.0,40.0,93.0,547.97
2026-09-09T15:00:00Z,GEN-3,0,0.0,0.0,0.0,40.0,93.0,547.97
2026-09-09T16:00:00Z,GEN-3,0,0.0,0.0,0.0,40.0,93.0,547.97
2026-09-09T17:00:00Z,GEN-3,0,0.0,0.0,0.0,40.0,93.0,547.97
2026-09-09T18:00:00Z,GEN-3,0,0.0,0.0,0.0,40.0,93.0,547.97
2026-09-09T19:00:00Z,GEN-3,0,0.0,0.0,0.0,40.0,93.0,547.97
2026-09-09T20:00:00Z,GEN-3,0,0.0,0.0,0.0,40.0,93.0,547.97
2026-09-09T21:00:00Z,GEN-3,0,0.0,0.0,0.0,40.0,93.0,547.97
2026-09-09T22:00:00Z,GEN-3,0,0.0,0.0,0.0,40.0,93.0,547.97
2026-09-09T23:00:00Z,GEN-3,0,0.0,0.0,0.0,40.0,93.0,547.97
2026-09-10T00:00:00Z,GEN-3,0,0.0,0.0,0.0,40.0,93.0,547.97
2026-09-10T01:00:00Z,GEN-3,0,0.0,0.0,0.0,40.0,93.0,547.97
2026-09-10T02:00:00Z,GEN-3,0,0.0,0.0,0.0,40.0,93.0,547.97
2026-09-10T03:00:00Z,GEN-3,0,0.0,0.0,0.0,40.0,93.0,547.97
2026-09-10T04:00:00Z,GEN-3,0,0.0,0.0,0.0,40.0,93.0,547.97
2026-09-10T05:00:00Z,GEN-3,0,0.0,0.0,0.0,40.0,93.0,547.97
2026-09-10T06:00:00Z,GEN-3,0,0.0,0.0,0.0,40.0,93.0,547.97
2026-09-10T07:00:00Z,GEN-3,0,0.0,0.0,0.0,40.0,93.0,547.97
2026-09-10T08:00:00Z,GEN-3,0,0.0,0.0,0.0,40.0,93.0,547.97
2026-09-10T09:00:00Z,GEN-3,0,0.0,0.0,0.0,40.0,93.0,547.97
2026-09-10T10:00:00Z,GEN-3,0,0.0,0.0,0.0,40.0,93.0,547.97
2026-09-10T11:00:00Z,GEN-3,0,0.0,0.0,0.0,40.0,93.0,547.97
2026-09-10T12:00:00Z,GEN-3,0,0.0,0.0,0.0,40.0,93.0,547.97
2026-09-10T13:00:00Z,GEN-3,0,0.0,0.0,0.0,40.0,93.0,547.97
2026-09-10T14:00:00Z,GEN-3,0,0.0,0.0,0.0,40.0,93.0,547.97
2026-09-10T15:00:00Z,GEN-3,0,0.0,0.0,0.0,40.0,93.0,547.97
2026-09-10T16:00:00Z,GEN-3,0,0.0,0.0,0.0,40.0,93.0,547.97
2026-09-10T17:00:00Z,GEN-3,0,0.0,0.0,0.0,40.0,93.0,547.97
2026-09-10T18:00:00Z,GEN-3,0,0.0,0.0,0.0,40.0,93.0,547.97
2026-09-10T19:00:00Z,GEN-3,0,0.0,0.0,0.0,40.0,93.0,547.97
2026-09-10T20:00:00Z,GEN-3,0,0.0,0.0,0.0,40.0,93.0,547.97
2026-09-10T21:00:00Z,GEN-3,0,0.0,0.0,0.0,40.0,93.0,547.97
2026-09-10T22:00:00Z,GEN-3,0,0.0,0.0,0.0,40.0,93.0,547.97
2026-09-10T23:00:00Z,GEN-3,0,0.0,0.0,0.0,40.0,93.0,547.97
2026-09-11T00:00:00Z,GEN-3,0,0.0,0.0,0.0,40.0,93.0,547.97
2026-09-11T01:00:00Z,GEN-3,0,0.0,0.0,0.0,40.0,93.0,547.97
2026-09-11T02:00:00Z,GEN-3,0,0.0,0.0,0.0,40.0,93.0,547.97
2026-09-11T03:00:00Z,GEN-3,0,0.0,0.0,0.0,40.0,93.0,547.97
2026-09-11T04:00:00Z,GEN-3,0,0.0,0.0,0.0,40.0,93.0,547.97
2026-09-11T05:00:00Z,GEN-3,0,0.0,0.0,0.0,40.0,93.0,547.97
2026-09-11T06:00:00Z,GEN-3,0,0.0,0.0,0.0,40.0,93.0,547.97
2026-09-11T07:00:00Z,GEN-3,0,0.0,0.0,0.0,40.0,93.0,547.97
2026-09-11T08:00:00Z,GEN-3,0,0.0,0.0,0.0,40.0,93.0,547.97
2026-09-11T09:00:00Z,GEN-3,0,0.0,0.0,0.0,40.0,93.0,547.97
2026-09-11T10:00:00Z,GEN-3,0,0.0,0.0,0.0,40.0,93.0,547.97
2026-09-11T11:00:00Z,GEN-3,0,0.0,0.0,0.0,40.0,93.0,547.97
2026-09-11T12:00:00Z,GEN-3,0,0.0,0.0,0.0,40.0,93.0,547.97
2026-09-11T13:00:00Z,GEN-3,0,0.0,0.0,0.0,40.0,93.0,547.97
2026-09-11T14:00:00Z,GEN-3,0,0.0,0.0,0.0,40.0,93.0,547.97
2026-09-11T15:00:00Z,GEN-3,0,0.0,0.0,0.0,40.0,93.0,547.97
2026-09-11T16:00:00Z,GEN-3,0,0.0,0.0,0.0,40.0,93.0,547.97
2026-09-11T17:00:00Z,GEN-3,0,0.0,0.0,0.0,40.0,93.0,547.97
2026-09-11T18:00:00Z,GEN-3,0,0.0,0.0,0.0,40.0,93.0,547.97
2026-09-11T19:00:00Z,GEN-3,0,0.0,0.0,0.0,40.0,93.0,547.97
2026-09-11T20:00:00Z,GEN-3,0,0.0,0.0,0.0,40.0,93.0,547.97
2026-09-11T21:00:00Z,GEN-3,0,0.0,0.0,0.0,40.0,93.0,547.97
2026-09-11T22:00:00Z,GEN-3,0,0.0,0.0,0.0,40.0,93.0,547.97
2026-09-11T23:00:00Z,GEN-3,0,0.0,0.0,0.0,40.0,93.0,547.97
2026-09-12T00:00:00Z,GEN-3,0,0.0,0.0,0.0,40.0,93.0,547.97
2026-09-12T01:00:00Z,GEN-3,0,0.0,0.0,0.0,40.0,93.0,547.97
2026-09-12T02:00:00Z,GEN-3,0,0.0,0.0,0.0,40.0,93.0,547.97
2026-09-12T03:00:00Z,GEN-3,0,0.0,0.0,0.0,40.0,93.0,547.97
2026-09-12T04:00:00Z,GEN-3,0,0.0,0.0,0.0,40.0,93.0,547.97
2026-09-12T05:00:00Z,GEN-3,0,0.0,0.0,0.0,40.0,93.0,547.97
2026-09-12T06:00:00Z,GEN-3,0,0.0,0.0,0.0,40.0,93.0,547.97
2026-09-12T07:00:00Z,GEN-3,0,0.0,0.0,0.0,40.0,93.0,547.97
2026-09-12T08:00:00Z,GEN-3,0,0.0,0.0,0.0,40.0,93.0,547.97
2026-09-12T09:00:00Z,GEN-3,0,0.0,0.0,0.0,40.0,93.0,547.97
2026-09-12T10:00:00Z,GEN-3,0,0.0,0.0,0.0,40.0,93.0,547.97
2026-09-12T11:00:00Z,GEN-3,0,0.0,0.0,0.0,40.0,93.0,547.97
2026-09-12T12:00:00Z,GEN-3,0,0.0,0.0,0.0,40.0,93.0,547.97
2026-09-12T13:00:00Z,GEN-3,0,0.0,0.0,0.0,40.0,93.0,547.97
2026-09-12T14:00:00Z,GEN-3,0,0.0,0.0,0.0,40.0,93.0,547.97
2026-09-12T15:00:00Z,GEN-3,0,0.0,0.0,0.0,40.0,93.0,547.97
2026-09-12T16:00:00Z,GEN-3,0,0.0,0.0,0.0,40.0,93.0,547.97
2026-09-12T17:00:00Z,GEN-3,0,0.0,0.0,0.0,40.0,93.0,547.97
2026-09-12T18:00:00Z,GEN-3,0,0.0,0.0,0.0,40.0,93.0,547.97
2026-09-12T19:00:00Z,GEN-3,0,0.0,0.0,0.0,40.0,93.0,547.97
2026-09-12T20:00:00Z,GEN-3,0,0.0,0.0,0.0,40.0,93.0,547.97
2026-09-12T21:00:00Z,GEN-3,0,0.0,0.0,0.0,40.0,93.0,547.97
2026-09-12T22:00:00Z,GEN-3,0,0.0,0.0,0.0,40.0,93.0,547.97
2026-09-12T23:00:00Z,GEN-3,0,0.0,0.0,0.0,40.0,93.0,547.97
2026-09-13T00:00:00Z,GEN-3,0,0.0,0.0,0.0,40.0,93.0,547.97
2026-09-13T01:00:00Z,GEN-3,0,0.0,0.0,0.0,40.0,93.0,547.97
2026-09-13T02:00:00Z,GEN-3,0,0.0,0.0,0.0,40.0,93.0,547.97
2026-09-13T03:00:00Z,GEN-3,0,0.0,0.0,0.0,40.0,93.0,547.97
2026-09-13T04:00:00Z,GEN-3,0,0.0,0.0,0.0,40.0,93.0,547.97
2026-09-13T05:00:00Z,GEN-3,0,0.0,0.0,0.0,40.0,93.0,547.97
2026-09-13T06:00:00Z,GEN-3,0,0.0,0.0,0.0,40.0,93.0,547.97
2026-09-13T07:00:00Z,GEN-3,0,0.0,0.0,0.0,40.0,93.0,547.97
2026-09-13T08:00:00Z,GEN-3,0,0.0,0.0,0.0,40.0,93.0,547.97
2026-09-13T09:00:00Z,GEN-3,0,0.0,0.0,0.0,40.0,93.0,547.97
2026-09-13T10:00:00Z,GEN-3,0,0.0,0.0,0.0,40.0,93.0,547.97
2026-09-13T11:00:00Z,GEN-3,0,0.0,0.0,0.0,40.0,93.0,547.97
2026-09-13T12:00:00Z,GEN-3,0,0.0,0.0,0.0,40.0,93.0,547.97
2026-09-13T13:00:00Z,GEN-3,0,0.0,0.0,0.0,40.0,93.0,547.97
2026-09-13T14:00:00Z,GEN-3,0,0.0,0.0,0.0,40.0,93.0,547.97
2026-09-13T15:00:00Z,GEN-3,0,0.0,0.0,0.0,40.0,93.0,547.97
2026-09-13T16:00:00Z,GEN-3,0,0.0,0.0,0.0,40.0,93.0,547.97
2026-09-13T17:00:00Z,GEN-3,0,0.0,0.0,0.0,40.0,93.0,547.97
2026-09-13T18:00:00Z,GEN-3,0,0.0,0.0,0.0,40.0,93.0,547.97
2026-09-13T19:00:00Z,GEN-3,0,0.0,0.0,0.0,40.0,93.0,547.97
2026-09-13T20:00:00Z,GEN-3,0,0.0,0.0,0.0,40.0,93.0,547.97
2026-09-13T21:00:00Z,GEN-3,0,0.0,0.0,0.0,40.0,93.0,547.97
2026-09-13T22:00:00Z,GEN-3,0,0.0,0.0,0.0,40.0,93.0,547.97
2026-09-13T23:00:00Z,GEN-3,0,0.0,0.0,0.0,40.0,93.0,547.97
2026-09-14T00:00:00Z,GEN-3,0,0.0,0.0,0.0,40.0,93.0,547.97
2026-09-14T01:00:00Z,GEN-3,0,0.0,0.0,0.0,40.0,93.0,547.97
2026-09-14T02:00:00Z,GEN-3,0,0.0,0.0,0.0,40.0,93.0,547.97
2026-09-14T03:00:00Z,GEN-3,0,0.0,0.0,0.0,40.0,93.0,547.97
2026-09-14T04:00:00Z,GEN-3,0,0.0,0.0,0.0,40.0,93.0,547.97
2026-09-14T05:00:00Z,GEN-3,0,0.0,0.0,0.0,40.0,93.0,547.97
2026-09-14T06:00:00Z,GEN-3,0,0.0,0.0,0.0,40.0,93.0,547.97
2026-09-14T07:00:00Z,GEN-3,0,0.0,0.0,0.0,40.0,93.0,547.97
2026-09-14T08:00:00Z,GEN-3,0,0.0,0.0,0.0,40.0,93.0,547.97
2026-09-14T09:00:00Z,GEN-3,0,0.0,0.0,0.0,40.0,93.0,547.97
2026-09-14T10:00:00Z,GEN-3,0,0.0,0.0,0.0,40.0,93.0,547.97
2026-09-14T11:00:00Z,GEN-3,0,0.0,0.0,0.0,40.0,93.0,547.97
2026-09-14T12:00:00Z,GEN-3,0,0.0,0.0,0.0,40.0,93.0,547.97
2026-09-14T13:00:00Z,GEN-3,0,0.0,0.0,0.0,40.0,93.0,547.97
2026-09-14T14:00:00Z,GEN-3,0,0.0,0.0,0.0,40.0,93.0,547.97
2026-09-14T15:00:00Z,GEN-3,0,0.0,0.0,0.0,40.0,93.0,547.97
2026-09-14T16:00:00Z,GEN-3,0,0.0,0.0,0.0,40.0,93.0,547.97
2026-09-14T17:00:00Z,GEN-3,0,0.0,0.0,0.0,40.0,93.0,547.97
2026-09-14T18:00:00Z,GEN-3,0,0.0,0.0,0.0,40.0,93.0,547.97
2026-09-14T19:00:00Z,GEN-3,0,0.0,0.0,0.0,40.0,93.0,547.97
2026-09-14T20:00:00Z,GEN-3,0,0.0,0.0,0.0,40.0,93.0,547.97
2026-09-14T21:00:00Z,GEN-3,0,0.0,0.0,0.0,40.0,93.0,547.97
2026-09-14T22:00:00Z,GEN-3,0,0.0,0.0,0.0,40.0,93.0,547.97
2026-09-14T23:00:00Z,GEN-3,0,0.0,0.0,0.0,40.0,93.0,547.97
2026-09-15T00:00:00Z,GEN-3,0,0.0,0.0,0.0,40.0,93.0,547.97
2026-09-15T01:00:00Z,GEN-3,0,0.0,0.0,0.0,40.0,93.0,547.97
2026-09-15T02:00:00Z,GEN-3,0,0.0,0.0,0.0,40.0,93.0,547.97
2026-09-15T03:00:00Z,GEN-3,0,0.0,0.0,0.0,40.0,93.0,547.97
2026-09-15T04:00:00Z,GEN-3,0,0.0,0.0,0.0,40.0,93.0,547.97
2026-09-15T05:00:00Z,GEN-3,0,0.0,0.0,0.0,40.0,93.0,547.97
2026-09-15T06:00:00Z,GEN-3,0,0.0,0.0,0.0,40.0,93.0,547.97
2026-09-15T07:00:00Z,GEN-3,0,0.0,0.0,0.0,40.0,93.0,547.97
2026-09-15T08:00:00Z,GEN-3,0,0.0,0.0,0.0,40.0,93.0,547.97
2026-09-15T09:00:00Z,GEN-3,0,0.0,0.0,0.0,40.0,93.0,547.97
2026-09-15T10:00:00Z,GEN-3,0,0.0,0.0,0.0,40.0,93.0,547.97
2026-09-15T11:00:00Z,GEN-3,0,0.0,0.0,0.0,40.0,93.0,547.97
2026-09-15T12:00:00Z,GEN-3,0,0.0,0.0,0.0,40.0,93.0,547.97
2026-09-15T13:00:00Z,GEN-3,0,0.0,0.0,0.0,40.0,93.0,547.97
2026-09-15T14:00:00Z,GEN-3,0,0.0,0.0,0.0,40.0,93.0,547.97
2026-09-15T15:00:00Z,GEN-3,0,0.0,0.0,0.0,40.0,93.0,547.97
2026-09-15T16:00:00Z,GEN-3,0,0.0,0.0,0.0,40.0,93.0,547.97
2026-09-15T17:00:00Z,GEN-3,0,0.0,0.0,0.0,40.0,93.0,547.97
2026-09-15T18:00:00Z,GEN-3,0,0.0,0.0,0.0,40.0,93.0,547.97
2026-09-15T19:00:00Z,GEN-3,0,0.0,0.0,0.0,40.0,93.0,547.97
2026-09-15T20:00:00Z,GEN-3,0,0.0,0.0,0.0,40.0,93.0,547.97
2026-09-15T21:00:00Z,GEN-3,0,0.0,0.0,0.0,40.0,93.0,547.97
2026-09-15T22:00:00Z,GEN-3,0,0.0,0.0,0.0,40.0,93.0,547.97
2026-09-15T23:00:00Z,GEN-3,0,0.0,0.0,0.0,40.0,93.0,547.97
2026-09-16T00:00:00Z,GEN-3,0,0.0,0.0,0.0,40.0,93.0,547.97
2026-09-16T01:00:00Z,GEN-3,0,0.0,0.0,0.0,40.0,93.0,547.97
2026-09-16T02:00:00Z,GEN-3,0,0.0,0.0,0.0,40.0,93.0,547.97
2026-09-16T03:00:00Z,GEN-3,0,0.0,0.0,0.0,40.0,93.0,547.97
2026-09-16T04:00:00Z,GEN-3,0,0.0,0.0,0.0,40.0,93.0,547.97
2026-09-16T05:00:00Z,GEN-3,0,0.0,0.0,0.0,40.0,93.0,547.97
2026-09-16T06:00:00Z,GEN-3,0,0.0,0.0,0.0,40.0,93.0,547.97
2026-09-16T07:00:00Z,GEN-3,0,0.0,0.0,0.0,40.0,93.0,547.97
2026-09-16T08:00:00Z,GEN-3,0,0.0,0.0,0.0,40.0,93.0,547.97
2026-09-16T09:00:00Z,GEN-3,0,0.0,0.0,0.0,40.0,93.0,547.97
2026-09-16T10:00:00Z,GEN-3,0,0.0,0.0,0.0,40.0,93.0,547.97
2026-09-16T11:00:00Z,GEN-3,0,0.0,0.0,0.0,40.0,93.0,547.97
2026-09-16T12:00:00Z,GEN-3,0,0.0,0.0,0.0,40.0,93.0,547.97
2026-09-16T13:00:00Z,GEN-3,0,0.0,0.0,0.0,40.0,93.0,547.97
2026-09-16T14:00:00Z,GEN-3,0,0.0,0.0,0.0,40.0,93.0,547.97
2026-09-16T15:00:00Z,GEN-3,0,0.0,0.0,0.0,40.0,93.0,547.97
2026-09-16T16:00:00Z,GEN-3,0,0.0,0.0,0.0,40.0,93.0,547.97
2026-09-16T17:00:00Z,GEN-3,0,0.0,0.0,0.0,40.0,93.0,547.97
2026-09-16T18:00:00Z,GEN-3,0,0.0,0.0,0.0,40.0,93.0,547.97
2026-09-16T19:00:00Z,GEN-3,0,0.0,0.0,0.0,40.0,93.0,547.97
2026-09-16T20:00:00Z,GEN-3,0,0.0,0.0,0.0,40.0,93.0,547.97
2026-09-16T21:00:00Z,GEN-3,0,0.0,0.0,0.0,40.0,93.0,547.97
2026-09-16T22:00:00Z,GEN-3,0,0.0,0.0,0.0,40.0,93.0,547.97
2026-09-16T23:00:00Z,GEN-3,0,0.0,0.0,0.0,40.0,93.0,547.97
2026-09-17T00:00:00Z,GEN-3,0,0.0,0.0,0.0,40.0,93.0,547.97
2026-09-17T01:00:00Z,GEN-3,0,0.0,0.0,0.0,40.0,93.0,547.97
2026-09-17T02:00:00Z,GEN-3,0,0.0,0.0,0.0,40.0,93.0,547.97
2026-09-17T03:00:00Z,GEN-3,0,0.0,0.0,0.0,40.0,93.0,547.97
2026-09-17T04:00:00Z,GEN-3,0,0.0,0.0,0.0,40.0,93.0,547.97
2026-09-17T05:00:00Z,GEN-3,0,0.0,0.0,0.0,40.0,93.0,547.97
2026-09-17T06:00:00Z,GEN-3,0,0.0,0.0,0.0,40.0,93.0,547.97
2026-09-17T07:00:00Z,GEN-3,0,0.0,0.0,0.0,40.0,93.0,547.97
2026-09-17T08:00:00Z,GEN-3,0,0.0,0.0,0.0,40.0,93.0,547.97
2026-09-17T09:00:00Z,GEN-3,0,0.0,0.0,0.0,40.0,93.0,547.97
2026-09-17T10:00:00Z,GEN-3,0,0.0,0.0,0.0,40.0,93.0,547.97
2026-09-17T11:00:00Z,GEN-3,0,0.0,0.0,0.0,40.0,93.0,547.97
2026-09-17T12:00:00Z,GEN-3,0,0.0,0.0,0.0,40.0,93.0,547.97
2026-09-17T13:00:00Z,GEN-3,0,0.0,0.0,0.0,40.0,93.0,547.97
2026-09-17T14:00:00Z,GEN-3,0,0.0,0.0,0.0,40.0,93.0,547.97
2026-09-17T15:00:00Z,GEN-3,0,0.0,0.0,0.0,40.0,93.0,547.97
2026-09-17T16:00:00Z,GEN-3,0,0.0,0.0,0.0,40.0,93.0,547.97
2026-09-17T17:00:00Z,GEN-3,0,0.0,0.0,0.0,40.0,93.0,547.97
2026-09-17T18:00:00Z,GEN-3,0,0.0,0.0,0.0,40.0,93.0,547.97
2026-09-17T19:00:00Z,GEN-3,0,0.0,0.0,0.0,40.0,93.0,547.97
2026-09-17T20:00:00Z,GEN-3,0,0.0,0.0,0.0,40.0,93.0,547.97
2026-09-17T21:00:00Z,GEN-3,0,0.0,0.0,0.0,40.0,93.0,547.97
2026-09-17T22:00:00Z,GEN-3,0,0.0,0.0,0.0,40.0,93.0,547.97
2026-09-17T23:00:00Z,GEN-3,0,0.0,0.0,0.0,40.0,93.0,547.97
2026-09-18T00:00:00Z,GEN-3,0,0.0,0.0,0.0,40.0,93.0,547.97
2026-09-18T01:00:00Z,GEN-3,0,0.0,0.0,0.0,40.0,93.0,547.97
2026-09-18T02:00:00Z,GEN-3,0,0.0,0.0,0.0,40.0,93.0,547.97
2026-09-18T03:00:00Z,GEN-3,0,0.0,0.0,0.0,40.0,93.0,547.97
2026-09-18T04:00:00Z,GEN-3,0,0.0,0.0,0.0,40.0,93.0,547.97
2026-09-18T05:00:00Z,GEN-3,0,0.0,0.0,0.0,40.0,93.0,547.97
2026-09-18T06:00:00Z,GEN-3,0,0.0,0.0,0.0,40.0,93.0,547.97
2026-09-18T07:00:00Z,GEN-3,0,0.0,0.0,0.0,40.0,93.0,547.97
2026-09-18T08:00:00Z,GEN-3,0,0.0,0.0,0.0,40.0,93.0,547.97
2026-09-18T09:00:00Z,GEN-3,0,0.0,0.0,0.0,40.0,93.0,547.97
2026-09-18T10:00:00Z,GEN-3,0,0.0,0.0,0.0,40.0,93.0,547.97
2026-09-18T11:00:00Z,GEN-3,0,0.0,0.0,0.0,40.0,93.0,547.97
2026-09-18T12:00:00Z,GEN-3,0,0.0,0.0,0.0,40.0,93.0,547.97
2026-09-18T13:00:00Z,GEN-3,0,0.0,0.0,0.0,40.0,93.0,547.97
2026-09-18T14:00:00Z,GEN-3,0,0.0,0.0,0.0,40.0,93.0,547.97
2026-09-18T15:00:00Z,GEN-3,0,0.0,0.0,0.0,40.0,93.0,547.97
2026-09-18T16:00:00Z,GEN-3,0,0.0,0.0,0.0,40.0,93.0,547.97
2026-09-18T17:00:00Z,GEN-3,0,0.0,0.0,0.0,40.0,93.0,547.97
2026-09-18T18:00:00Z,GEN-3,0,0.0,0.0,0.0,40.0,93.0,547.97
2026-09-18T19:00:00Z,GEN-3,0,0.0,0.0,0.0,40.0,93.0,547.97
2026-09-18T20:00:00Z,GEN-3,0,0.0,0.0,0.0,40.0,93.0,547.97
2026-09-18T21:00:00Z,GEN-3,0,0.0,0.0,0.0,40.0,93.0,547.97
2026-09-18T22:00:00Z,GEN-3,0,0.0,0.0,0.0,40.0,93.0,547.97
2026-09-18T23:00:00Z,GEN-3,0,0.0,0.0,0.0,40.0,93.0,547.97
2026-09-19T00:00:00Z,GEN-3,0,0.0,0.0,0.0,40.0,93.0,547.97
2026-09-19T01:00:00Z,GEN-3,0,0.0,0.0,0.0,40.0,93.0,547.97
2026-09-19T02:00:00Z,GEN-3,0,0.0,0.0,0.0,40.0,93.0,547.97
2026-09-19T03:00:00Z,GEN-3,0,0.0,0.0,0.0,40.0,93.0,547.97
2026-09-19T04:00:00Z,GEN-3,0,0.0,0.0,0.0,40.0,93.0,547.97
2026-09-19T05:00:00Z,GEN-3,0,0.0,0.0,0.0,40.0,93.0,547.97
2026-09-19T06:00:00Z,GEN-3,0,0.0,0.0,0.0,40.0,93.0,547.97
2026-09-19T07:00:00Z,GEN-3,0,0.0,0.0,0.0,40.0,93.0,547.97
2026-09-19T08:00:00Z,GEN-3,0,0.0,0.0,0.0,40.0,93.0,547.97
2026-09-19T09:00:00Z,GEN-3,0,0.0,0.0,0.0,40.0,93.0,547.97
2026-09-19T10:00:00Z,GEN-3,0,0.0,0.0,0.0,40.0,93.0,547.97
2026-09-19T11:00:00Z,GEN-3,0,0.0,0.0,0.0,40.0,93.0,547.97
2026-09-19T12:00:00Z,GEN-3,0,0.0,0.0,0.0,40.0,93.0,547.97
2026-09-19T13:00:00Z,GEN-3,0,0.0,0.0,0.0,40.0,93.0,547.97
2026-09-19T14:00:00Z,GEN-3,0,0.0,0.0,0.0,40.0,93.0,547.97
2026-09-19T15:00:00Z,GEN-3,0,0.0,0.0,0.0,40.0,93.0,547.97
2026-09-19T16:00:00Z,GEN-3,0,0.0,0.0,0.0,40.0,93.0,547.97
2026-09-19T17:00:00Z,GEN-3,0,0.0,0.0,0.0,40.0,93.0,547.97
2026-09-19T18:00:00Z,GEN-3,0,0.0,0.0,0.0,40.0,93.0,547.97
2026-09-19T19:00:00Z,GEN-3,0,0.0,0.0,0.0,40.0,93.0,547.97
2026-09-19T20:00:00Z,GEN-3,0,0.0,0.0,0.0,40.0,93.0,547.97
2026-09-19T21:00:00Z,GEN-3,0,0.0,0.0,0.0,40.0,93.0,547.97
2026-09-19T22:00:00Z,GEN-3,0,0.0,0.0,0.0,40.0,93.0,547.97
2026-09-19T23:00:00Z,GEN-3,0,0.0,0.0,0.0,40.0,93.0,547.97
2026-09-20T00:00:00Z,GEN-3,0,0.0,0.0,0.0,40.0,93.0,547.97
2026-09-20T01:00:00Z,GEN-3,0,0.0,0.0,0.0,40.0,93.0,547.97
2026-09-20T02:00:00Z,GEN-3,0,0.0,0.0,0.0,40.0,93.0,547.97
2026-09-20T03:00:00Z,GEN-3,0,0.0,0.0,0.0,40.0,93.0,547.97
2026-09-20T04:00:00Z,GEN-3,0,0.0,0.0,0.0,40.0,93.0,547.97
2026-09-20T05:00:00Z,GEN-3,0,0.0,0.0,0.0,40.0,93.0,547.97
2026-09-20T06:00:00Z,GEN-3,0,0.0,0.0,0.0,40.0,93.0,547.97
2026-09-20T07:00:00Z,GEN-3,0,0.0,0.0,0.0,40.0,93.0,547.97
2026-09-20T08:00:00Z,GEN-3,0,0.0,0.0,0.0,40.0,93.0,547.97
2026-09-20T09:00:00Z,GEN-3,0,0.0,0.0,0.0,40.0,93.0,547.97
2026-09-20T10:00:00Z,GEN-3,0,0.0,0.0,0.0,40.0,93.0,547.97
2026-09-20T11:00:00Z,GEN-3,0,0.0,0.0,0.0,40.0,93.0,547.97
2026-09-20T12:00:00Z,GEN-3,0,0.0,0.0,0.0,40.0,93.0,547.97
2026-09-20T13:00:00Z,GEN-3,0,0.0,0.0,0.0,40.0,93.0,547.97
2026-09-20T14:00:00Z,GEN-3,0,0.0,0.0,0.0,40.0,93.0,547.97
2026-09-20T15:00:00Z,GEN-3,0,0.0,0.0,0.0,40.0,93.0,547.97
2026-09-20T16:00:00Z,GEN-3,0,0.0,0.0,0.0,40.0,93.0,547.97
2026-09-20T17:00:00Z,GEN-3,0,0.0,0.0,0.0,40.0,93.0,547.97
2026-09-20T18:00:00Z,GEN-3,0,0.0,0.0,0.0,40.0,93.0,547.97
2026-09-20T19:00:00Z,GEN-3,0,0.0,0.0,0.0,40.0,93.0,547.97
2026-09-20T20:00:00Z,GEN-3,0,0.0,0.0,0.0,40.0,93.0,547.97
2026-09-20T21:00:00Z,GEN-3,0,0.0,0.0,0.0,40.0,93.0,547.97
2026-09-20T22:00:00Z,GEN-3,0,0.0,0.0,0.0,40.0,93.0,547.97
2026-09-20T23:00:00Z,GEN-3,0,0.0,0.0,0.0,40.0,93.0,547.97
2026-09-21T00:00:00Z,GEN-3,0,0.0,0.0,0.0,40.0,93.0,547.97
2026-09-21T01:00:00Z,GEN-3,0,0.0,0.0,0.0,40.0,93.0,547.97
2026-09-21T02:00:00Z,GEN-3,0,0.0,0.0,0.0,40.0,93.0,547.97
2026-09-21T03:00:00Z,GEN-3,0,0.0,0.0,0.0,40.0,93.0,547.97
2026-09-21T04:00:00Z,GEN-3,0,0.0,0.0,0.0,40.0,93.0,547.97
2026-09-21T05:00:00Z,GEN-3,0,0.0,0.0,0.0,40.0,93.0,547.97
2026-09-21T06:00:00Z,GEN-3,0,0.0,0.0,0.0,40.0,93.0,547.97
2026-09-21T07:00:00Z,GEN-3,0,0.0,0.0,0.0,40.0,93.0,547.97
2026-09-21T08:00:00Z,GEN-3,0,0.0,0.0,0.0,40.0,93.0,547.97
2026-09-21T09:00:00Z,GEN-3,0,0.0,0.0,0.0,40.0,93.0,547.97
2026-09-21T10:00:00Z,GEN-3,0,0.0,0.0,0.0,40.0,93.0,547.97
2026-09-21T11:00:00Z,GEN-3,0,0.0,0.0,0.0,40.0,93.0,547.97
2026-09-21T12:00:00Z,GEN-3,0,0.0,0.0,0.0,40.0,93.0,547.97
2026-09-21T13:00:00Z,GEN-3,0,0.0,0.0,0.0,40.0,93.0,547.97
2026-09-21T14:00:00Z,GEN-3,0,0.0,0.0,0.0,40.0,93.0,547.97
2026-09-21T15:00:00Z,GEN-3,0,0.0,0.0,0.0,40.0,93.0,547.97
2026-09-21T16:00:00Z,GEN-3,0,0.0,0.0,0.0,40.0,93.0,547.97
2026-09-21T17:00:00Z,GEN-3,0,0.0,0.0,0.0,40.0,93.0,547.97
2026-09-21T18:00:00Z,GEN-3,0,0.0,0.0,0.0,40.0,93.0,547.97
2026-09-21T19:00:00Z,GEN-3,0,0.0,0.0,0.0,40.0,93.0,547.97
2026-09-21T20:00:00Z,GEN-3,0,0.0,0.0,0.0,40.0,93.0,547.97
2026-09-21T21:00:00Z,GEN-3,0,0.0,0.0,0.0,40.0,93.0,547.97
2026-09-21T22:00:00Z,GEN-3,0,0.0,0.0,0.0,40.0,93.0,547.97
2026-09-21T23:00:00Z,GEN-3,0,0.0,0.0,0.0,40.0,93.0,547.97
2026-09-22T00:00:00Z,GEN-3,0,0.0,0.0,0.0,40.0,93.0,547.97
2026-09-22T01:00:00Z,GEN-3,0,0.0,0.0,0.0,40.0,93.0,547.97
2026-09-22T02:00:00Z,GEN-3,0,0.0,0.0,0.0,40.0,93.0,547.97
2026-09-22T03:00:00Z,GEN-3,0,0.0,0.0,0.0,40.0,93.0,547.97
2026-09-22T04:00:00Z,GEN-3,0,0.0,0.0,0.0,40.0,93.0,547.97
2026-09-22T05:00:00Z,GEN-3,0,0.0,0.0,0.0,40.0,93.0,547.97
2026-09-22T06:00:00Z,GEN-3,0,0.0,0.0,0.0,40.0,93.0,547.97
2026-09-22T07:00:00Z,GEN-3,0,0.0,0.0,0.0,40.0,93.0,547.97
2026-09-22T08:00:00Z,GEN-3,0,0.0,0.0,0.0,40.0,93.0,547.97
2026-09-22T09:00:00Z,GEN-3,0,0.0,0.0,0.0,40.0,93.0,547.97
2026-09-22T10:00:00Z,GEN-3,0,0.0,0.0,0.0,40.0,93.0,547.97
2026-09-22T11:00:00Z,GEN-3,0,0.0,0.0,0.0,40.0,93.0,547.97
2026-09-22T12:00:00Z,GEN-3,0,0.0,0.0,0.0,40.0,93.0,547.97
2026-09-22T13:00:00Z,GEN-3,0,0.0,0.0,0.0,40.0,93.0,547.97
2026-09-22T14:00:00Z,GEN-3,0,0.0,0.0,0.0,40.0,93.0,547.97
2026-09-22T15:00:00Z,GEN-3,0,0.0,0.0,0.0,40.0,93.0,547.97
2026-09-22T16:00:00Z,GEN-3,0,0.0,0.0,0.0,40.0,93.0,547.97
2026-09-22T17:00:00Z,GEN-3,0,0.0,0.0,0.0,40.0,93.0,547.97
2026-09-22T18:00:00Z,GEN-3,0,0.0,0.0,0.0,40.0,93.0,547.97
2026-09-22T19:00:00Z,GEN-3,0,0.0,0.0,0.0,40.0,93.0,547.97
2026-09-22T20:00:00Z,GEN-3,0,0.0,0.0,0.0,40.0,93.0,547.97
2026-09-22T21:00:00Z,GEN-3,0,0.0,0.0,0.0,40.0,93.0,547.97
2026-09-22T22:00:00Z,GEN-3,0,0.0,0.0,0.0,40.0,93.0,547.97
2026-09-22T23:00:00Z,GEN-3,0,0.0,0.0,0.0,40.0,93.0,547.97
2026-09-23T00:00:00Z,GEN-3,0,0.0,0.0,0.0,40.0,93.0,547.97
2026-09-23T01:00:00Z,GEN-3,0,0.0,0.0,0.0,40.0,93.0,547.97
2026-09-23T02:00:00Z,GEN-3,0,0.0,0.0,0.0,40.0,93.0,547.97
2026-09-23T03:00:00Z,GEN-3,0,0.0,0.0,0.0,40.0,93.0,547.97
2026-09-23T04:00:00Z,GEN-3,0,0.0,0.0,0.0,40.0,93.0,547.97
2026-09-23T05:00:00Z,GEN-3,0,0.0,0.0,0.0,40.0,93.0,547.97
2026-09-23T06:00:00Z,GEN-3,0,0.0,0.0,0.0,40.0,93.0,547.97
2026-09-23T07:00:00Z,GEN-3,0,0.0,0.0,0.0,40.0,93.0,547.97
2026-09-23T08:00:00Z,GEN-3,0,0.0,0.0,0.0,40.0,93.0,547.97
2026-09-23T09:00:00Z,GEN-3,0,0.0,0.0,0.0,40.0,93.0,547.97
2026-09-23T10:00:00Z,GEN-3,0,0.0,0.0,0.0,40.0,93.0,547.97
2026-09-23T11:00:00Z,GEN-3,0,0.0,0.0,0.0,40.0,93.0,547.97
2026-09-23T12:00:00Z,GEN-3,0,0.0,0.0,0.0,40.0,93.0,547.97
2026-09-23T13:00:00Z,GEN-3,0,0.0,0.0,0.0,40.0,93.0,547.97
2026-09-23T14:00:00Z,GEN-3,0,0.0,0.0,0.0,40.0,93.0,547.97
2026-09-23T15:00:00Z,GEN-3,0,0.0,0.0,0.0,40.0,93.0,547.97
2026-09-23T16:00:00Z,GEN-3,0,0.0,0.0,0.0,40.0,93.0,547.97
2026-09-23T17:00:00Z,GEN-3,0,0.0,0.0,0.0,40.0,93.0,547.97
2026-09-23T18:00:00Z,GEN-3,0,0.0,0.0,0.0,40.0,93.0,547.97
2026-09-23T19:00:00Z,GEN-3,0,0.0,0.0,0.0,40.0,93.0,547.97
2026-09-23T20:00:00Z,GEN-3,0,0.0,0.0,0.0,40.0,93.0,547.97
2026-09-23T21:00:00Z,GEN-3,0,0.0,0.0,0.0,40.0,93.0,547.97
2026-09-23T22:00:00Z,GEN-3,0,0.0,0.0,0.0,40.0,93.0,547.97
2026-09-23T23:00:00Z,GEN-3,0,0.0,0.0,0.0,40.0,93.0,547.97
2026-09-24T00:00:00Z,GEN-3,0,0.0,0.0,0.0,40.0,93.0,547.97
2026-09-24T01:00:00Z,GEN-3,0,0.0,0.0,0.0,40.0,93.0,547.97
2026-09-24T02:00:00Z,GEN-3,0,0.0,0.0,0.0,40.0,93.0,547.97
2026-09-24T03:00:00Z,GEN-3,0,0.0,0.0,0.0,40.0,93.0,547.97
2026-09-24T04:00:00Z,GEN-3,0,0.0,0.0,0.0,40.0,93.0,547.97
2026-09-24T05:00:00Z,GEN-3,0,0.0,0.0,0.0,40.0,93.0,547.97
2026-09-24T06:00:00Z,GEN-3,0,0.0,0.0,0.0,40.0,93.0,547.97
2026-09-24T07:00:00Z,GEN-3,0,0.0,0.0,0.0,40.0,93.0,547.97
2026-09-24T08:00:00Z,GEN-3,0,0.0,0.0,0.0,40.0,93.0,547.97
2026-09-24T09:00:00Z,GEN-3,0,0.0,0.0,0.0,40.0,93.0,547.97
2026-09-24T10:00:00Z,GEN-3,0,0.0,0.0,0.0,40.0,93.0,547.97
2026-09-24T11:00:00Z,GEN-3,0,0.0,0.0,0.0,40.0,93.0,547.97
2026-09-24T12:00:00Z,GEN-3,0,0.0,0.0,0.0,40.0,93.0,547.97
2026-09-24T13:00:00Z,GEN-3,0,0.0,0.0,0.0,40.0,93.0,547.97
2026-09-24T14:00:00Z,GEN-3,0,0.0,0.0,0.0,40.0,93.0,547.97
2026-09-24T15:00:00Z,GEN-3,0,0.0,0.0,0.0,40.0,93.0,547.97
2026-09-24T16:00:00Z,GEN-3,0,0.0,0.0,0.0,40.0,93.0,547.97
2026-09-24T17:00:00Z,GEN-3,0,0.0,0.0,0.0,40.0,93.0,547.97
2026-09-24T18:00:00Z,GEN-3,0,0.0,0.0,0.0,40.0,93.0,547.97
2026-09-24T19:00:00Z,GEN-3,0,0.0,0.0,0.0,40.0,93.0,547.97
2026-09-24T20:00:00Z,GEN-3,0,0.0,0.0,0.0,40.0,93.0,547.97
2026-09-24T21:00:00Z,GEN-3,45,665.65,1064.9,35.5,76.5,92.4,548.72
2026-09-24T22:00:00Z,GEN-3,1,0.0,0.0,0.0,69.7,92.4,548.74
2026-09-24T23:00:00Z,GEN-3,0,0.0,0.0,0.0,55.2,92.4,548.74
2026-09-25T00:00:00Z,GEN-3,0,0.0,0.0,0.0,47.8,92.4,548.74
2026-09-25T01:00:00Z,GEN-3,0,0.0,0.0,0.0,44.0,92.4,548.74
2026-09-25T02:00:00Z,GEN-3,0,0.0,0.0,0.0,42.0,92.4,548.74
2026-09-25T03:00:00Z,GEN-3,0,0.0,0.0,0.0,41.0,92.4,548.74
2026-09-25T04:00:00Z,GEN-3,0,0.0,0.0,0.0,40.5,92.4,548.74
2026-09-25T05:00:00Z,GEN-3,0,0.0,0.0,0.0,40.2,92.4,548.74
2026-09-25T06:00:00Z,GEN-3,0,0.0,0.0,0.0,40.1,92.4,548.74
2026-09-25T07:00:00Z,GEN-3,0,0.0,0.0,0.0,40.0,92.4,548.74
2026-09-25T08:00:00Z,GEN-3,0,0.0,0.0,0.0,40.0,92.4,548.74
2026-09-25T09:00:00Z,GEN-3,0,0.0,0.0,0.0,40.0,92.4,548.74
2026-09-25T10:00:00Z,GEN-3,0,0.0,0.0,0.0,40.0,92.4,548.74
2026-09-25T11:00:00Z,GEN-3,0,0.0,0.0,0.0,40.0,92.4,548.74
2026-09-25T12:00:00Z,GEN-3,0,0.0,0.0,0.0,40.0,92.4,548.74
2026-09-25T13:00:00Z,GEN-3,0,0.0,0.0,0.0,40.0,92.4,548.74
2026-09-25T14:00:00Z,GEN-3,0,0.0,0.0,0.0,40.0,92.4,548.74
2026-09-25T15:00:00Z,GEN-3,0,0.0,0.0,0.0,40.0,92.4,548.74
2026-09-25T16:00:00Z,GEN-3,0,0.0,0.0,0.0,40.0,92.4,548.74
2026-09-25T17:00:00Z,GEN-3,0,0.0,0.0,0.0,40.0,92.4,548.74
2026-09-25T18:00:00Z,GEN-3,0,0.0,0.0,0.0,40.0,92.4,548.74
2026-09-25T19:00:00Z,GEN-3,0,0.0,0.0,0.0,40.0,92.4,548.74
2026-09-25T20:00:00Z,GEN-3,0,0.0,0.0,0.0,40.0,92.4,548.74
2026-09-25T21:00:00Z,GEN-3,0,0.0,0.0,0.0,40.0,92.4,548.74
2026-09-25T22:00:00Z,GEN-3,0,0.0,0.0,0.0,40.0,92.4,548.74
2026-09-25T23:00:00Z,GEN-3,0,0.0,0.0,0.0,40.0,92.4,548.74
2026-09-26T00:00:00Z,GEN-3,0,0.0,0.0,0.0,40.0,92.4,548.74
2026-09-26T01:00:00Z,GEN-3,0,0.0,0.0,0.0,40.0,92.4,548.74
2026-09-26T02:00:00Z,GEN-3,0,0.0,0.0,0.0,40.0,92.4,548.74
2026-09-26T03:00:00Z,GEN-3,0,0.0,0.0,0.0,40.0,92.4,548.74
2026-09-26T04:00:00Z,GEN-3,0,0.0,0.0,0.0,40.0,92.4,548.74
2026-09-26T05:00:00Z,GEN-3,0,0.0,0.0,0.0,40.0,92.4,548.74
2026-09-26T06:00:00Z,GEN-3,0,0.0,0.0,0.0,40.0,92.4,548.74
2026-09-26T07:00:00Z,GEN-3,0,0.0,0.0,0.0,40.0,92.4,548.74
2026-09-26T08:00:00Z,GEN-3,0,0.0,0.0,0.0,40.0,92.4,548.74
2026-09-26T09:00:00Z,GEN-3,0,0.0,0.0,0.0,40.0,92.4,548.74
2026-09-26T10:00:00Z,GEN-3,0,0.0,0.0,0.0,40.0,92.4,548.74
2026-09-26T11:00:00Z,GEN-3,0,0.0,0.0,0.0,40.0,92.4,548.74
2026-09-26T12:00:00Z,GEN-3,0,0.0,0.0,0.0,40.0,92.4,548.74
2026-09-26T13:00:00Z,GEN-3,0,0.0,0.0,0.0,40.0,92.4,548.74
2026-09-26T14:00:00Z,GEN-3,0,0.0,0.0,0.0,40.0,92.4,548.74
2026-09-26T15:00:00Z,GEN-3,0,0.0,0.0,0.0,40.0,92.4,548.74
2026-09-26T16:00:00Z,GEN-3,0,0.0,0.0,0.0,40.0,92.4,548.74
2026-09-26T17:00:00Z,GEN-3,0,0.0,0.0,0.0,40.0,92.4,548.74
2026-09-26T18:00:00Z,GEN-3,0,0.0,0.0,0.0,40.0,92.4,548.74
2026-09-26T19:00:00Z,GEN-3,0,0.0,0.0,0.0,40.0,92.4,548.74
2026-09-26T20:00:00Z,GEN-3,0,0.0,0.0,0.0,40.0,92.4,548.74
2026-09-26T21:00:00Z,GEN-3,0,0.0,0.0,0.0,40.0,92.4,548.74
2026-09-26T22:00:00Z,GEN-3,0,0.0,0.0,0.0,40.0,92.4,548.74
2026-09-26T23:00:00Z,GEN-3,0,0.0,0.0,0.0,40.0,92.4,548.74
2026-09-27T00:00:00Z,GEN-3,0,0.0,0.0,0.0,40.0,92.4,548.74
2026-09-27T01:00:00Z,GEN-3,0,0.0,0.0,0.0,40.0,92.4,548.74
2026-09-27T02:00:00Z,GEN-3,0,0.0,0.0,0.0,40.0,92.4,548.74
2026-09-27T03:00:00Z,GEN-3,0,0.0,0.0,0.0,40.0,92.4,548.74
2026-09-27T04:00:00Z,GEN-3,0,0.0,0.0,0.0,40.0,92.4,548.74
2026-09-27T05:00:00Z,GEN-3,0,0.0,0.0,0.0,40.0,92.4,548.74
2026-09-27T06:00:00Z,GEN-3,0,0.0,0.0,0.0,40.0,92.4,548.74
2026-09-27T07:00:00Z,GEN-3,0,0.0,0.0,0.0,40.0,92.4,548.74
2026-09-27T08:00:00Z,GEN-3,0,0.0,0.0,0.0,40.0,92.4,548.74
2026-09-27T09:00:00Z,GEN-3,0,0.0,0.0,0.0,40.0,92.4,548.74
2026-09-27T10:00:00Z,GEN-3,0,0.0,0.0,0.0,40.0,92.4,548.74
2026-09-27T11:00:00Z,GEN-3,0,0.0,0.0,0.0,40.0,92.4,548.74
2026-09-27T12:00:00Z,GEN-3,0,0.0,0.0,0.0,40.0,92.4,548.74
2026-09-27T13:00:00Z,GEN-3,0,0.0,0.0,0.0,40.0,92.4,548.74
2026-09-27T14:00:00Z,GEN-3,0,0.0,0.0,0.0,40.0,92.4,548.74
2026-09-27T15:00:00Z,GEN-3,0,0.0,0.0,0.0,40.0,92.4,548.74
2026-09-27T16:00:00Z,GEN-3,0,0.0,0.0,0.0,40.0,92.4,548.74
2026-09-27T17:00:00Z,GEN-3,0,0.0,0.0,0.0,40.0,92.4,548.74
2026-09-27T18:00:00Z,GEN-3,0,0.0,0.0,0.0,40.0,92.4,548.74
2026-09-27T19:00:00Z,GEN-3,0,0.0,0.0,0.0,40.0,92.4,548.74
2026-09-27T20:00:00Z,GEN-3,0,0.0,0.0,0.0,40.0,92.4,548.74
2026-09-27T21:00:00Z,GEN-3,0,0.0,0.0,0.0,40.0,92.4,548.74
2026-09-27T22:00:00Z,GEN-3,0,0.0,0.0,0.0,40.0,92.4,548.74
2026-09-27T23:00:00Z,GEN-3,0,0.0,0.0,0.0,40.0,92.4,548.74
2026-08-31T00:00:00Z,GEN-4,0,0.0,0.0,0.0,42.7,86.1,632.73
2026-08-31T01:00:00Z,GEN-4,0,0.0,0.0,0.0,42.7,86.1,632.73
2026-08-31T02:00:00Z,GEN-4,0,0.0,0.0,0.0,42.7,86.1,632.73
2026-08-31T03:00:00Z,GEN-4,0,0.0,0.0,0.0,42.7,86.1,632.73
2026-08-31T04:00:00Z,GEN-4,0,0.0,0.0,0.0,42.7,86.1,632.73
2026-08-31T05:00:00Z,GEN-4,0,0.0,0.0,0.0,42.7,86.1,632.73
2026-08-31T06:00:00Z,GEN-4,0,0.0,0.0,0.0,42.7,86.1,632.73
2026-08-31T07:00:00Z,GEN-4,0,0.0,0.0,0.0,42.7,86.1,632.73
2026-08-31T08:00:00Z,GEN-4,0,0.0,0.0,0.0,42.7,86.1,632.73
2026-08-31T09:00:00Z,GEN-4,0,0.0,0.0,0.0,42.7,86.1,632.73
2026-08-31T10:00:00Z,GEN-4,0,0.0,0.0,0.0,42.7,86.1,632.73
2026-08-31T11:00:00Z,GEN-4,0,0.0,0.0,0.0,42.7,86.1,632.73
2026-08-31T12:00:00Z,GEN-4,0,0.0,0.0,0.0,42.7,86.1,632.73
2026-08-31T13:00:00Z,GEN-4,0,0.0,0.0,0.0,42.7,86.1,632.73
2026-08-31T14:00:00Z,GEN-4,0,0.0,0.0,0.0,42.7,86.1,632.73
2026-08-31T15:00:00Z,GEN-4,0,0.0,0.0,0.0,42.7,86.1,632.73
2026-08-31T16:00:00Z,GEN-4,0,0.0,0.0,0.0,42.7,86.1,632.73
2026-08-31T17:00:00Z,GEN-4,0,0.0,0.0,0.0,42.7,86.1,632.73
2026-08-31T18:00:00Z,GEN-4,0,0.0,0.0,0.0,42.7,86.1,632.73
2026-08-31T19:00:00Z,GEN-4,0,0.0,0.0,0.0,42.7,86.1,632.73
2026-08-31T20:00:00Z,GEN-4,0,0.0,0.0,0.0,42.7,86.1,632.73
2026-08-31T21:00:00Z,GEN-4,0,0.0,0.0,0.0,42.7,86.1,632.73
2026-08-31T22:00:00Z,GEN-4,0,0.0,0.0,0.0,42.7,86.1,632.73
2026-08-31T23:00:00Z,GEN-4,0,0.0,0.0,0.0,42.7,86.1,632.73
2026-09-01T00:00:00Z,GEN-4,0,0.0,0.0,0.0,42.7,86.1,632.73
2026-09-01T01:00:00Z,GEN-4,0,0.0,0.0,0.0,42.7,86.1,632.73
2026-09-01T02:00:00Z,GEN-4,0,0.0,0.0,0.0,42.7,86.1,632.73
2026-09-01T03:00:00Z,GEN-4,0,0.0,0.0,0.0,42.7,86.1,632.73
2026-09-01T04:00:00Z,GEN-4,0,0.0,0.0,0.0,42.7,86.1,632.73
2026-09-01T05:00:00Z,GEN-4,0,0.0,0.0,0.0,42.7,86.1,632.73
2026-09-01T06:00:00Z,GEN-4,0,0.0,0.0,0.0,42.7,86.1,632.73
2026-09-01T07:00:00Z,GEN-4,0,0.0,0.0,0.0,42.7,86.1,632.73
2026-09-01T08:00:00Z,GEN-4,0,0.0,0.0,0.0,42.7,86.1,632.73
2026-09-01T09:00:00Z,GEN-4,0,0.0,0.0,0.0,42.7,86.1,632.73
2026-09-01T10:00:00Z,GEN-4,0,0.0,0.0,0.0,42.7,86.1,632.73
2026-09-01T11:00:00Z,GEN-4,0,0.0,0.0,0.0,42.7,86.1,632.73
2026-09-01T12:00:00Z,GEN-4,0,0.0,0.0,0.0,42.7,86.1,632.73
2026-09-01T13:00:00Z,GEN-4,0,0.0,0.0,0.0,42.7,86.1,632.73
2026-09-01T14:00:00Z,GEN-4,0,0.0,0.0,0.0,42.7,86.1,632.73
2026-09-01T15:00:00Z,GEN-4,0,0.0,0.0,0.0,42.7,86.1,632.73
2026-09-01T16:00:00Z,GEN-4,0,0.0,0.0,0.0,42.7,86.1,632.73
2026-09-01T17:00:00Z,GEN-4,0,0.0,0.0,0.0,42.7,86.1,632.73
2026-09-01T18:00:00Z,GEN-4,0,0.0,0.0,0.0,42.7,86.1,632.73
2026-09-01T19:00:00Z,GEN-4,0,0.0,0.0,0.0,42.7,86.1,632.73
2026-09-01T20:00:00Z,GEN-4,0,0.0,0.0,0.0,42.7,86.1,632.73
2026-09-01T21:00:00Z,GEN-4,0,0.0,0.0,0.0,42.7,86.1,632.73
2026-09-01T22:00:00Z,GEN-4,0,0.0,0.0,0.0,42.7,86.1,632.73
2026-09-01T23:00:00Z,GEN-4,0,0.0,0.0,0.0,42.7,86.1,632.73
2026-09-02T00:00:00Z,GEN-4,0,0.0,0.0,0.0,42.7,86.1,632.73
2026-09-02T01:00:00Z,GEN-4,0,0.0,0.0,0.0,42.7,86.1,632.73
2026-09-02T02:00:00Z,GEN-4,0,0.0,0.0,0.0,42.7,86.1,632.73
2026-09-02T03:00:00Z,GEN-4,0,0.0,0.0,0.0,42.7,86.1,632.73
2026-09-02T04:00:00Z,GEN-4,0,0.0,0.0,0.0,42.7,86.1,632.73
2026-09-02T05:00:00Z,GEN-4,0,0.0,0.0,0.0,42.7,86.1,632.73
2026-09-02T06:00:00Z,GEN-4,0,0.0,0.0,0.0,42.7,86.1,632.73
2026-09-02T07:00:00Z,GEN-4,0,0.0,0.0,0.0,42.7,86.1,632.73
2026-09-02T08:00:00Z,GEN-4,0,0.0,0.0,0.0,42.7,86.1,632.73
2026-09-02T09:00:00Z,GEN-4,0,0.0,0.0,0.0,42.7,86.1,632.73
2026-09-02T10:00:00Z,GEN-4,0,0.0,0.0,0.0,42.7,86.1,632.73
2026-09-02T11:00:00Z,GEN-4,0,0.0,0.0,0.0,42.7,86.1,632.73
2026-09-02T12:00:00Z,GEN-4,0,0.0,0.0,0.0,42.7,86.1,632.73
2026-09-02T13:00:00Z,GEN-4,0,0.0,0.0,0.0,42.7,86.1,632.73
2026-09-02T14:00:00Z,GEN-4,0,0.0,0.0,0.0,42.7,86.1,632.73
2026-09-02T15:00:00Z,GEN-4,0,0.0,0.0,0.0,42.7,86.1,632.73
2026-09-02T16:00:00Z,GEN-4,0,0.0,0.0,0.0,42.7,86.1,632.73
2026-09-02T17:00:00Z,GEN-4,0,0.0,0.0,0.0,42.7,86.1,632.73
2026-09-02T18:00:00Z,GEN-4,0,0.0,0.0,0.0,42.7,86.1,632.73
2026-09-02T19:00:00Z,GEN-4,0,0.0,0.0,0.0,42.7,86.1,632.73
2026-09-02T20:00:00Z,GEN-4,0,0.0,0.0,0.0,42.7,86.1,632.73
2026-09-02T21:00:00Z,GEN-4,0,0.0,0.0,0.0,42.7,86.1,632.73
2026-09-02T22:00:00Z,GEN-4,0,0.0,0.0,0.0,42.7,86.1,632.73
2026-09-02T23:00:00Z,GEN-4,0,0.0,0.0,0.0,42.7,86.1,632.73
2026-09-03T00:00:00Z,GEN-4,0,0.0,0.0,0.0,42.7,86.1,632.73
2026-09-03T01:00:00Z,GEN-4,0,0.0,0.0,0.0,42.7,86.1,632.73
2026-09-03T02:00:00Z,GEN-4,0,0.0,0.0,0.0,42.7,86.1,632.73
2026-09-03T03:00:00Z,GEN-4,0,0.0,0.0,0.0,42.7,86.1,632.73
2026-09-03T04:00:00Z,GEN-4,0,0.0,0.0,0.0,42.7,86.1,632.73
2026-09-03T05:00:00Z,GEN-4,0,0.0,0.0,0.0,42.7,86.1,632.73
2026-09-03T06:00:00Z,GEN-4,0,0.0,0.0,0.0,42.7,86.1,632.73
2026-09-03T07:00:00Z,GEN-4,0,0.0,0.0,0.0,42.7,86.1,632.73
2026-09-03T08:00:00Z,GEN-4,0,0.0,0.0,0.0,42.7,86.1,632.73
2026-09-03T09:00:00Z,GEN-4,0,0.0,0.0,0.0,42.7,86.1,632.73
2026-09-03T10:00:00Z,GEN-4,0,0.0,0.0,0.0,42.7,86.1,632.73
2026-09-03T11:00:00Z,GEN-4,0,0.0,0.0,0.0,42.7,86.1,632.73
2026-09-03T12:00:00Z,GEN-4,0,0.0,0.0,0.0,42.7,86.1,632.73
2026-09-03T13:00:00Z,GEN-4,0,0.0,0.0,0.0,42.7,86.1,632.73
2026-09-03T14:00:00Z,GEN-4,0,0.0,0.0,0.0,42.7,86.1,632.73
2026-09-03T15:00:00Z,GEN-4,0,0.0,0.0,0.0,42.7,86.1,632.73
2026-09-03T16:00:00Z,GEN-4,0,0.0,0.0,0.0,42.7,86.1,632.73
2026-09-03T17:00:00Z,GEN-4,0,0.0,0.0,0.0,42.7,86.1,632.73
2026-09-03T18:00:00Z,GEN-4,0,0.0,0.0,0.0,42.7,86.1,632.73
2026-09-03T19:00:00Z,GEN-4,0,0.0,0.0,0.0,42.7,86.1,632.73
2026-09-03T20:00:00Z,GEN-4,0,0.0,0.0,0.0,42.7,86.1,632.73
2026-09-03T21:00:00Z,GEN-4,0,0.0,0.0,0.0,42.7,86.1,632.73
2026-09-03T22:00:00Z,GEN-4,0,0.0,0.0,0.0,42.7,86.1,632.73
2026-09-03T23:00:00Z,GEN-4,0,0.0,0.0,0.0,42.7,86.1,632.73
2026-09-04T00:00:00Z,GEN-4,0,0.0,0.0,0.0,42.7,86.1,632.73
2026-09-04T01:00:00Z,GEN-4,0,0.0,0.0,0.0,42.7,86.1,632.73
2026-09-04T02:00:00Z,GEN-4,0,0.0,0.0,0.0,42.7,86.1,632.73
2026-09-04T03:00:00Z,GEN-4,0,0.0,0.0,0.0,42.7,86.1,632.73
2026-09-04T04:00:00Z,GEN-4,0,0.0,0.0,0.0,42.7,86.1,632.73
2026-09-04T05:00:00Z,GEN-4,0,0.0,0.0,0.0,42.7,86.1,632.73
2026-09-04T06:00:00Z,GEN-4,0,0.0,0.0,0.0,42.7,86.1,632.73
2026-09-04T07:00:00Z,GEN-4,0,0.0,0.0,0.0,42.7,86.1,632.73
2026-09-04T08:00:00Z,GEN-4,0,0.0,0.0,0.0,42.7,86.1,632.73
2026-09-04T09:00:00Z,GEN-4,0,0.0,0.0,0.0,42.7,86.1,632.73
2026-09-04T10:00:00Z,GEN-4,0,0.0,0.0,0.0,42.7,86.1,632.73
2026-09-04T11:00:00Z,GEN-4,0,0.0,0.0,0.0,42.7,86.1,632.73
2026-09-04T12:00:00Z,GEN-4,0,0.0,0.0,0.0,42.7,86.1,632.73
2026-09-04T13:00:00Z,GEN-4,0,0.0,0.0,0.0,42.7,86.1,632.73
2026-09-04T14:00:00Z,GEN-4,0,0.0,0.0,0.0,42.7,86.1,632.73
2026-09-04T15:00:00Z,GEN-4,0,0.0,0.0,0.0,42.7,86.1,632.73
2026-09-04T16:00:00Z,GEN-4,0,0.0,0.0,0.0,42.7,86.1,632.73
2026-09-04T17:00:00Z,GEN-4,0,0.0,0.0,0.0,42.7,86.1,632.73
2026-09-04T18:00:00Z,GEN-4,0,0.0,0.0,0.0,42.7,86.1,632.73
2026-09-04T19:00:00Z,GEN-4,0,0.0,0.0,0.0,42.7,86.1,632.73
2026-09-04T20:00:00Z,GEN-4,0,0.0,0.0,0.0,42.7,86.1,632.73
2026-09-04T21:00:00Z,GEN-4,0,0.0,0.0,0.0,42.7,86.1,632.73
2026-09-04T22:00:00Z,GEN-4,0,0.0,0.0,0.0,42.7,86.1,632.73
2026-09-04T23:00:00Z,GEN-4,0,0.0,0.0,0.0,42.7,86.1,632.73
2026-09-05T00:00:00Z,GEN-4,0,0.0,0.0,0.0,42.7,86.1,632.73
2026-09-05T01:00:00Z,GEN-4,0,0.0,0.0,0.0,42.7,86.1,632.73
2026-09-05T02:00:00Z,GEN-4,0,0.0,0.0,0.0,42.7,86.1,632.73
2026-09-05T03:00:00Z,GEN-4,0,0.0,0.0,0.0,42.7,86.1,632.73
2026-09-05T04:00:00Z,GEN-4,0,0.0,0.0,0.0,42.7,86.1,632.73
2026-09-05T05:00:00Z,GEN-4,0,0.0,0.0,0.0,42.7,86.1,632.73
2026-09-05T06:00:00Z,GEN-4,0,0.0,0.0,0.0,42.7,86.1,632.73
2026-09-05T07:00:00Z,GEN-4,0,0.0,0.0,0.0,42.7,86.1,632.73
2026-09-05T08:00:00Z,GEN-4,0,0.0,0.0,0.0,42.7,86.1,632.73
2026-09-05T09:00:00Z,GEN-4,0,0.0,0.0,0.0,42.7,86.1,632.73
2026-09-05T10:00:00Z,GEN-4,0,0.0,0.0,0.0,42.7,86.1,632.73
2026-09-05T11:00:00Z,GEN-4,0,0.0,0.0,0.0,42.7,86.1,632.73
2026-09-05T12:00:00Z,GEN-4,0,0.0,0.0,0.0,42.7,86.1,632.73
2026-09-05T13:00:00Z,GEN-4,0,0.0,0.0,0.0,42.7,86.1,632.73
2026-09-05T14:00:00Z,GEN-4,0,0.0,0.0,0.0,42.7,86.1,632.73
2026-09-05T15:00:00Z,GEN-4,0,0.0,0.0,0.0,42.7,86.1,632.73
2026-09-05T16:00:00Z,GEN-4,0,0.0,0.0,0.0,42.7,86.1,632.73
2026-09-05T17:00:00Z,GEN-4,0,0.0,0.0,0.0,42.7,86.1,632.73
2026-09-05T18:00:00Z,GEN-4,0,0.0,0.0,0.0,42.7,86.1,632.73
2026-09-05T19:00:00Z,GEN-4,0,0.0,0.0,0.0,42.7,86.1,632.73
2026-09-05T20:00:00Z,GEN-4,0,0.0,0.0,0.0,42.7,86.1,632.73
2026-09-05T21:00:00Z,GEN-4,0,0.0,0.0,0.0,42.7,86.1,632.73
2026-09-05T22:00:00Z,GEN-4,0,0.0,0.0,0.0,42.7,86.1,632.73
2026-09-05T23:00:00Z,GEN-4,0,0.0,0.0,0.0,42.7,86.1,632.73
2026-09-06T00:00:00Z,GEN-4,0,0.0,0.0,0.0,42.7,86.1,632.73
2026-09-06T01:00:00Z,GEN-4,0,0.0,0.0,0.0,42.7,86.1,632.73
2026-09-06T02:00:00Z,GEN-4,0,0.0,0.0,0.0,42.7,86.1,632.73
2026-09-06T03:00:00Z,GEN-4,0,0.0,0.0,0.0,42.7,86.1,632.73
2026-09-06T04:00:00Z,GEN-4,0,0.0,0.0,0.0,42.7,86.1,632.73
2026-09-06T05:00:00Z,GEN-4,0,0.0,0.0,0.0,42.7,86.1,632.73
2026-09-06T06:00:00Z,GEN-4,0,0.0,0.0,0.0,42.7,86.1,632.73
2026-09-06T07:00:00Z,GEN-4,0,0.0,0.0,0.0,42.7,86.1,632.73
2026-09-06T08:00:00Z,GEN-4,0,0.0,0.0,0.0,42.7,86.1,632.73
2026-09-06T09:00:00Z,GEN-4,0,0.0,0.0,0.0,42.7,86.1,632.73
2026-09-06T10:00:00Z,GEN-4,0,0.0,0.0,0.0,42.7,86.1,632.73
2026-09-06T11:00:00Z,GEN-4,0,0.0,0.0,0.0,42.7,86.1,632.73
2026-09-06T12:00:00Z,GEN-4,0,0.0,0.0,0.0,42.7,86.1,632.73
2026-09-06T13:00:00Z,GEN-4,0,0.0,0.0,0.0,42.7,86.1,632.73
2026-09-06T14:00:00Z,GEN-4,0,0.0,0.0,0.0,42.7,86.1,632.73
2026-09-06T15:00:00Z,GEN-4,0,0.0,0.0,0.0,42.7,86.1,632.73
2026-09-06T16:00:00Z,GEN-4,0,0.0,0.0,0.0,42.7,86.1,632.73
2026-09-06T17:00:00Z,GEN-4,0,0.0,0.0,0.0,42.7,86.1,632.73
2026-09-06T18:00:00Z,GEN-4,0,0.0,0.0,0.0,42.7,86.1,632.73
2026-09-06T19:00:00Z,GEN-4,0,0.0,0.0,0.0,42.7,86.1,632.73
2026-09-06T20:00:00Z,GEN-4,0,0.0,0.0,0.0,42.7,86.1,632.73
2026-09-06T21:00:00Z,GEN-4,0,0.0,0.0,0.0,42.7,86.1,632.73
2026-09-06T22:00:00Z,GEN-4,0,0.0,0.0,0.0,42.7,86.1,632.73
2026-09-06T23:00:00Z,GEN-4,0,0.0,0.0,0.0,42.7,86.1,632.73
2026-09-07T00:00:00Z,GEN-4,0,0.0,0.0,0.0,42.7,86.1,632.73
2026-09-07T01:00:00Z,GEN-4,0,0.0,0.0,0.0,42.7,86.1,632.73
2026-09-07T02:00:00Z,GEN-4,0,0.0,0.0,0.0,42.7,86.1,632.73
2026-09-07T03:00:00Z,GEN-4,0,0.0,0.0,0.0,42.7,86.1,632.73
2026-09-07T04:00:00Z,GEN-4,0,0.0,0.0,0.0,42.7,86.1,632.73
2026-09-07T05:00:00Z,GEN-4,0,0.0,0.0,0.0,42.7,86.1,632.73
2026-09-07T06:00:00Z,GEN-4,0,0.0,0.0,0.0,42.7,86.1,632.73
2026-09-07T07:00:00Z,GEN-4,0,0.0,0.0,0.0,42.7,86.1,632.73
2026-09-07T08:00:00Z,GEN-4,0,0.0,0.0,0.0,42.7,86.1,632.73
2026-09-07T09:00:00Z,GEN-4,0,0.0,0.0,0.0,42.7,86.1,632.73
2026-09-07T10:00:00Z,GEN-4,0,0.0,0.0,0.0,42.7,86.1,632.73
2026-09-07T11:00:00Z,GEN-4,0,0.0,0.0,0.0,42.7,86.1,632.73
2026-09-07T12:00:00Z,GEN-4,0,0.0,0.0,0.0,42.7,86.1,632.73
2026-09-07T13:00:00Z,GEN-4,0,0.0,0.0,0.0,42.7,86.1,632.73
2026-09-07T14:00:00Z,GEN-4,0,0.0,0.0,0.0,42.7,86.1,632.73
2026-09-07T15:00:00Z,GEN-4,0,0.0,0.0,0.0,42.7,86.1,632.73
2026-09-07T16:00:00Z,GEN-4,0,0.0,0.0,0.0,42.7,86.1,632.73
2026-09-07T17:00:00Z,GEN-4,0,0.0,0.0,0.0,42.7,86.1,632.73
2026-09-07T18:00:00Z,GEN-4,0,0.0,0.0,0.0,42.7,86.1,632.73
2026-09-07T19:00:00Z,GEN-4,0,0.0,0.0,0.0,42.7,86.1,632.73
2026-09-07T20:00:00Z,GEN-4,0,0.0,0.0,0.0,42.7,86.1,632.73
2026-09-07T21:00:00Z,GEN-4,0,0.0,0.0,0.0,42.7,86.1,632.73
2026-09-07T22:00:00Z,GEN-4,0,0.0,0.0,0.0,42.7,86.1,632.73
2026-09-07T23:00:00Z,GEN-4,0,0.0,0.0,0.0,42.7,86.1,632.73
2026-09-08T00:00:00Z,GEN-4,0,0.0,0.0,0.0,42.7,86.1,632.73
2026-09-08T01:00:00Z,GEN-4,0,0.0,0.0,0.0,42.7,86.1,632.73
2026-09-08T02:00:00Z,GEN-4,0,0.0,0.0,0.0,42.7,86.1,632.73
2026-09-08T03:00:00Z,GEN-4,0,0.0,0.0,0.0,42.7,86.1,632.73
2026-09-08T04:00:00Z,GEN-4,0,0.0,0.0,0.0,42.7,86.1,632.73
2026-09-08T05:00:00Z,GEN-4,0,0.0,0.0,0.0,42.7,86.1,632.73
2026-09-08T06:00:00Z,GEN-4,0,0.0,0.0,0.0,42.7,86.1,632.73
2026-09-08T07:00:00Z,GEN-4,0,0.0,0.0,0.0,42.7,86.1,632.73
2026-09-08T08:00:00Z,GEN-4,0,0.0,0.0,0.0,42.7,86.1,632.73
2026-09-08T09:00:00Z,GEN-4,0,0.0,0.0,0.0,42.7,86.1,632.73
2026-09-08T10:00:00Z,GEN-4,0,0.0,0.0,0.0,42.7,86.1,632.73
2026-09-08T11:00:00Z,GEN-4,0,0.0,0.0,0.0,42.7,86.1,632.73
2026-09-08T12:00:00Z,GEN-4,0,0.0,0.0,0.0,42.7,86.1,632.73
2026-09-08T13:00:00Z,GEN-4,0,0.0,0.0,0.0,42.7,86.1,632.73
2026-09-08T14:00:00Z,GEN-4,0,0.0,0.0,0.0,42.7,86.1,632.73
2026-09-08T15:00:00Z,GEN-4,0,0.0,0.0,0.0,42.7,86.1,632.73
2026-09-08T16:00:00Z,GEN-4,0,0.0,0.0,0.0,42.7,86.1,632.73
2026-09-08T17:00:00Z,GEN-4,0,0.0,0.0,0.0,42.7,86.1,632.73
2026-09-08T18:00:00Z,GEN-4,0,0.0,0.0,0.0,42.7,86.1,632.73
2026-09-08T19:00:00Z,GEN-4,0,0.0,0.0,0.0,42.7,86.1,632.73
2026-09-08T20:00:00Z,GEN-4,0,0.0,0.0,0.0,42.7,86.1,632.73
2026-09-08T21:00:00Z,GEN-4,0,0.0,0.0,0.0,42.7,86.1,632.73
2026-09-08T22:00:00Z,GEN-4,0,0.0,0.0,0.0,42.7,86.1,632.73
2026-09-08T23:00:00Z,GEN-4,0,0.0,0.0,0.0,42.7,86.1,632.73
2026-09-09T00:00:00Z,GEN-4,0,0.0,0.0,0.0,42.7,86.1,632.73
2026-09-09T01:00:00Z,GEN-4,0,0.0,0.0,0.0,42.7,86.1,632.73
2026-09-09T02:00:00Z,GEN-4,0,0.0,0.0,0.0,42.7,86.1,632.73
2026-09-09T03:00:00Z,GEN-4,0,0.0,0.0,0.0,42.7,86.1,632.73
2026-09-09T04:00:00Z,GEN-4,0,0.0,0.0,0.0,42.7,86.1,632.73
2026-09-09T05:00:00Z,GEN-4,0,0.0,0.0,0.0,42.7,86.1,632.73
2026-09-09T06:00:00Z,GEN-4,0,0.0,0.0,0.0,42.7,86.1,632.73
2026-09-09T07:00:00Z,GEN-4,0,0.0,0.0,0.0,42.7,86.1,632.73
2026-09-09T08:00:00Z,GEN-4,0,0.0,0.0,0.0,42.7,86.1,632.73
2026-09-09T09:00:00Z,GEN-4,0,0.0,0.0,0.0,42.7,86.1,632.73
2026-09-09T10:00:00Z,GEN-4,0,0.0,0.0,0.0,42.7,86.1,632.73
2026-09-09T11:00:00Z,GEN-4,0,0.0,0.0,0.0,42.7,86.1,632.73
2026-09-09T12:00:00Z,GEN-4,0,0.0,0.0,0.0,42.7,86.1,632.73
2026-09-09T13:00:00Z,GEN-4,0,0.0,0.0,0.0,42.7,86.1,632.73
2026-09-09T14:00:00Z,GEN-4,0,0.0,0.0,0.0,42.7,86.1,632.73
2026-09-09T15:00:00Z,GEN-4,0,0.0,0.0,0.0,42.7,86.1,632.73
2026-09-09T16:00:00Z,GEN-4,0,0.0,0.0,0.0,42.7,86.1,632.73
2026-09-09T17:00:00Z,GEN-4,0,0.0,0.0,0.0,42.7,86.1,632.73
2026-09-09T18:00:00Z,GEN-4,0,0.0,0.0,0.0,42.7,86.1,632.73
2026-09-09T19:00:00Z,GEN-4,0,0.0,0.0,0.0,42.7,86.1,632.73
2026-09-09T20:00:00Z,GEN-4,0,0.0,0.0,0.0,42.7,86.1,632.73
2026-09-09T21:00:00Z,GEN-4,0,0.0,0.0,0.0,42.7,86.1,632.73
2026-09-09T22:00:00Z,GEN-4,0,0.0,0.0,0.0,42.7,86.1,632.73
2026-09-09T23:00:00Z,GEN-4,0,0.0,0.0,0.0,42.7,86.1,632.73
2026-09-10T00:00:00Z,GEN-4,0,0.0,0.0,0.0,42.7,86.1,632.73
2026-09-10T01:00:00Z,GEN-4,0,0.0,0.0,0.0,42.7,86.1,632.73
2026-09-10T02:00:00Z,GEN-4,0,0.0,0.0,0.0,42.7,86.1,632.73
2026-09-10T03:00:00Z,GEN-4,0,0.0,0.0,0.0,42.7,86.1,632.73
2026-09-10T04:00:00Z,GEN-4,0,0.0,0.0,0.0,42.7,86.1,632.73
2026-09-10T05:00:00Z,GEN-4,0,0.0,0.0,0.0,42.7,86.1,632.73
2026-09-10T06:00:00Z,GEN-4,0,0.0,0.0,0.0,42.7,86.1,632.73
2026-09-10T07:00:00Z,GEN-4,0,0.0,0.0,0.0,42.7,86.1,632.73
2026-09-10T08:00:00Z,GEN-4,0,0.0,0.0,0.0,42.7,86.1,632.73
2026-09-10T09:00:00Z,GEN-4,0,0.0,0.0,0.0,42.7,86.1,632.73
2026-09-10T10:00:00Z,GEN-4,0,0.0,0.0,0.0,42.7,86.1,632.73
2026-09-10T11:00:00Z,GEN-4,0,0.0,0.0,0.0,42.7,86.1,632.73
2026-09-10T12:00:00Z,GEN-4,0,0.0,0.0,0.0,42.7,86.1,632.73
2026-09-10T13:00:00Z,GEN-4,0,0.0,0.0,0.0,42.7,86.1,632.73
2026-09-10T14:00:00Z,GEN-4,0,0.0,0.0,0.0,42.7,86.1,632.73
2026-09-10T15:00:00Z,GEN-4,0,0.0,0.0,0.0,42.7,86.1,632.73
2026-09-10T16:00:00Z,GEN-4,0,0.0,0.0,0.0,42.7,86.1,632.73
2026-09-10T17:00:00Z,GEN-4,0,0.0,0.0,0.0,42.7,86.1,632.73
2026-09-10T18:00:00Z,GEN-4,0,0.0,0.0,0.0,42.7,86.1,632.73
2026-09-10T19:00:00Z,GEN-4,0,0.0,0.0,0.0,42.7,86.1,632.73
2026-09-10T20:00:00Z,GEN-4,0,0.0,0.0,0.0,42.7,86.1,632.73
2026-09-10T21:00:00Z,GEN-4,0,0.0,0.0,0.0,42.7,86.1,632.73
2026-09-10T22:00:00Z,GEN-4,0,0.0,0.0,0.0,42.7,86.1,632.73
2026-09-10T23:00:00Z,GEN-4,0,0.0,0.0,0.0,42.7,86.1,632.73
2026-09-11T00:00:00Z,GEN-4,0,0.0,0.0,0.0,42.7,86.1,632.73
2026-09-11T01:00:00Z,GEN-4,0,0.0,0.0,0.0,42.7,86.1,632.73
2026-09-11T02:00:00Z,GEN-4,0,0.0,0.0,0.0,42.7,86.1,632.73
2026-09-11T03:00:00Z,GEN-4,0,0.0,0.0,0.0,42.7,86.1,632.73
2026-09-11T04:00:00Z,GEN-4,0,0.0,0.0,0.0,42.7,86.1,632.73
2026-09-11T05:00:00Z,GEN-4,0,0.0,0.0,0.0,42.7,86.1,632.73
2026-09-11T06:00:00Z,GEN-4,0,0.0,0.0,0.0,42.7,86.1,632.73
2026-09-11T07:00:00Z,GEN-4,0,0.0,0.0,0.0,42.7,86.1,632.73
2026-09-11T08:00:00Z,GEN-4,0,0.0,0.0,0.0,42.7,86.1,632.73
2026-09-11T09:00:00Z,GEN-4,0,0.0,0.0,0.0,42.7,86.1,632.73
2026-09-11T10:00:00Z,GEN-4,0,0.0,0.0,0.0,42.7,86.1,632.73
2026-09-11T11:00:00Z,GEN-4,0,0.0,0.0,0.0,42.7,86.1,632.73
2026-09-11T12:00:00Z,GEN-4,0,0.0,0.0,0.0,42.7,86.1,632.73
2026-09-11T13:00:00Z,GEN-4,0,0.0,0.0,0.0,42.7,86.1,632.73
2026-09-11T14:00:00Z,GEN-4,0,0.0,0.0,0.0,42.7,86.1,632.73
2026-09-11T15:00:00Z,GEN-4,0,0.0,0.0,0.0,42.7,86.1,632.73
2026-09-11T16:00:00Z,GEN-4,0,0.0,0.0,0.0,42.7,86.1,632.73
2026-09-11T17:00:00Z,GEN-4,0,0.0,0.0,0.0,42.7,86.1,632.73
2026-09-11T18:00:00Z,GEN-4,0,0.0,0.0,0.0,42.7,86.1,632.73
2026-09-11T19:00:00Z,GEN-4,0,0.0,0.0,0.0,42.7,86.1,632.73
2026-09-11T20:00:00Z,GEN-4,0,0.0,0.0,0.0,42.7,86.1,632.73
2026-09-11T21:00:00Z,GEN-4,0,0.0,0.0,0.0,42.7,86.1,632.73
2026-09-11T22:00:00Z,GEN-4,0,0.0,0.0,0.0,42.7,86.1,632.73
2026-09-11T23:00:00Z,GEN-4,0,0.0,0.0,0.0,42.7,86.1,632.73
2026-09-12T00:00:00Z,GEN-4,0,0.0,0.0,0.0,42.7,86.1,632.73
2026-09-12T01:00:00Z,GEN-4,0,0.0,0.0,0.0,42.7,86.1,632.73
2026-09-12T02:00:00Z,GEN-4,0,0.0,0.0,0.0,42.7,86.1,632.73
2026-09-12T03:00:00Z,GEN-4,0,0.0,0.0,0.0,42.7,86.1,632.73
2026-09-12T04:00:00Z,GEN-4,0,0.0,0.0,0.0,42.7,86.1,632.73
2026-09-12T05:00:00Z,GEN-4,0,0.0,0.0,0.0,42.7,86.1,632.73
2026-09-12T06:00:00Z,GEN-4,0,0.0,0.0,0.0,42.7,86.1,632.73
2026-09-12T07:00:00Z,GEN-4,0,0.0,0.0,0.0,42.7,86.1,632.73
2026-09-12T08:00:00Z,GEN-4,0,0.0,0.0,0.0,42.7,86.1,632.73
2026-09-12T09:00:00Z,GEN-4,0,0.0,0.0,0.0,42.7,86.1,632.73
2026-09-12T10:00:00Z,GEN-4,0,0.0,0.0,0.0,42.7,86.1,632.73
2026-09-12T11:00:00Z,GEN-4,0,0.0,0.0,0.0,42.7,86.1,632.73
2026-09-12T12:00:00Z,GEN-4,0,0.0,0.0,0.0,42.7,86.1,632.73
2026-09-12T13:00:00Z,GEN-4,0,0.0,0.0,0.0,42.7,86.1,632.73
2026-09-12T14:00:00Z,GEN-4,0,0.0,0.0,0.0,42.7,86.1,632.73
2026-09-12T15:00:00Z,GEN-4,0,0.0,0.0,0.0,42.7,86.1,632.73
2026-09-12T16:00:00Z,GEN-4,0,0.0,0.0,0.0,42.7,86.1,632.73
2026-09-12T17:00:00Z,GEN-4,35,55.98,99.7,3.3,65.5,86.0,633.32
2026-09-12T18:00:00Z,GEN-4,8,4.75,97.6,3.3,65.5,86.0,633.45
2026-09-12T19:00:00Z,GEN-4,0,0.0,0.0,0.0,55.0,86.0,633.45
2026-09-12T20:00:00Z,GEN-4,0,0.0,0.0,0.0,49.0,86.0,633.45
2026-09-12T21:00:00Z,GEN-4,0,0.0,0.0,0.0,46.0,86.0,633.45
2026-09-12T22:00:00Z,GEN-4,0,0.0,0.0,0.0,44.4,86.0,633.45
2026-09-12T23:00:00Z,GEN-4,0,0.0,0.0,0.0,43.6,86.0,633.45
2026-09-13T00:00:00Z,GEN-4,0,0.0,0.0,0.0,43.2,86.0,633.45
2026-09-13T01:00:00Z,GEN-4,0,0.0,0.0,0.0,42.9,86.0,633.45
2026-09-13T02:00:00Z,GEN-4,0,0.0,0.0,0.0,42.8,86.0,633.45
2026-09-13T03:00:00Z,GEN-4,0,0.0,0.0,0.0,42.8,86.0,633.45
2026-09-13T04:00:00Z,GEN-4,0,0.0,0.0,0.0,42.7,86.0,633.45
2026-09-13T05:00:00Z,GEN-4,0,0.0,0.0,0.0,42.7,86.0,633.45
2026-09-13T06:00:00Z,GEN-4,0,0.0,0.0,0.0,42.7,86.0,633.45
2026-09-13T07:00:00Z,GEN-4,0,0.0,0.0,0.0,42.7,86.0,633.45
2026-09-13T08:00:00Z,GEN-4,0,0.0,0.0,0.0,42.7,86.0,633.45
2026-09-13T09:00:00Z,GEN-4,0,0.0,0.0,0.0,42.7,86.0,633.45
2026-09-13T10:00:00Z,GEN-4,0,0.0,0.0,0.0,42.7,86.0,633.45
2026-09-13T11:00:00Z,GEN-4,0,0.0,0.0,0.0,42.7,86.0,633.45
2026-09-13T12:00:00Z,GEN-4,0,0.0,0.0,0.0,42.7,86.0,633.45
2026-09-13T13:00:00Z,GEN-4,0,0.0,0.0,0.0,42.7,86.0,633.45
2026-09-13T14:00:00Z,GEN-4,0,0.0,0.0,0.0,42.7,86.0,633.45
2026-09-13T15:00:00Z,GEN-4,0,0.0,0.0,0.0,42.7,86.0,633.45
2026-09-13T16:00:00Z,GEN-4,0,0.0,0.0,0.0,42.7,86.0,633.45
2026-09-13T17:00:00Z,GEN-4,0,0.0,0.0,0.0,42.7,86.0,633.45
2026-09-13T18:00:00Z,GEN-4,0,0.0,0.0,0.0,42.7,86.0,633.45
2026-09-13T19:00:00Z,GEN-4,0,0.0,0.0,0.0,42.7,86.0,633.45
2026-09-13T20:00:00Z,GEN-4,0,0.0,0.0,0.0,42.7,86.0,633.45
2026-09-13T21:00:00Z,GEN-4,0,0.0,0.0,0.0,42.7,86.0,633.45
2026-09-13T22:00:00Z,GEN-4,0,0.0,0.0,0.0,42.7,86.0,633.45
2026-09-13T23:00:00Z,GEN-4,0,0.0,0.0,0.0,42.7,86.0,633.45
2026-09-14T00:00:00Z,GEN-4,0,0.0,0.0,0.0,42.7,86.0,633.45
2026-09-14T01:00:00Z,GEN-4,0,0.0,0.0,0.0,42.7,86.0,633.45
2026-09-14T02:00:00Z,GEN-4,0,0.0,0.0,0.0,42.7,86.0,633.45
2026-09-14T03:00:00Z,GEN-4,0,0.0,0.0,0.0,42.7,86.0,633.45
2026-09-14T04:00:00Z,GEN-4,0,0.0,0.0,0.0,42.7,86.0,633.45
2026-09-14T05:00:00Z,GEN-4,0,0.0,0.0,0.0,42.7,86.0,633.45
2026-09-14T06:00:00Z,GEN-4,0,0.0,0.0,0.0,42.7,86.0,633.45
2026-09-14T07:00:00Z,GEN-4,0,0.0,0.0,0.0,42.7,86.0,633.45
2026-09-14T08:00:00Z,GEN-4,0,0.0,0.0,0.0,42.7,86.0,633.45
2026-09-14T09:00:00Z,GEN-4,0,0.0,0.0,0.0,42.7,86.0,633.45
2026-09-14T10:00:00Z,GEN-4,0,0.0,0.0,0.0,42.7,86.0,633.45
2026-09-14T11:00:00Z,GEN-4,0,0.0,0.0,0.0,42.7,86.0,633.45
2026-09-14T12:00:00Z,GEN-4,0,0.0,0.0,0.0,42.7,86.0,633.45
2026-09-14T13:00:00Z,GEN-4,0,0.0,0.0,0.0,42.7,86.0,633.45
2026-09-14T14:00:00Z,GEN-4,0,0.0,0.0,0.0,42.7,86.0,633.45
2026-09-14T15:00:00Z,GEN-4,0,0.0,0.0,0.0,42.7,86.0,633.45
2026-09-14T16:00:00Z,GEN-4,0,0.0,0.0,0.0,42.7,86.0,633.45
2026-09-14T17:00:00Z,GEN-4,0,0.0,0.0,0.0,42.7,86.0,633.45
2026-09-14T18:00:00Z,GEN-4,0,0.0,0.0,0.0,42.7,86.0,633.45
2026-09-14T19:00:00Z,GEN-4,0,0.0,0.0,0.0,42.7,86.0,633.45
2026-09-14T20:00:00Z,GEN-4,0,0.0,0.0,0.0,42.7,86.0,633.45
2026-09-14T21:00:00Z,GEN-4,0,0.0,0.0,0.0,42.7,86.0,633.45
2026-09-14T22:00:00Z,GEN-4,0,0.0,0.0,0.0,42.7,86.0,633.45
2026-09-14T23:00:00Z,GEN-4,0,0.0,0.0,0.0,42.7,86.0,633.45
2026-09-15T00:00:00Z,GEN-4,0,0.0,0.0,0.0,42.7,86.0,633.45
2026-09-15T01:00:00Z,GEN-4,0,0.0,0.0,0.0,42.7,86.0,633.45
2026-09-15T02:00:00Z,GEN-4,0,0.0,0.0,0.0,42.7,86.0,633.45
2026-09-15T03:00:00Z,GEN-4,0,0.0,0.0,0.0,42.7,86.0,633.45
2026-09-15T04:00:00Z,GEN-4,0,0.0,0.0,0.0,42.7,86.0,633.45
2026-09-15T05:00:00Z,GEN-4,0,0.0,0.0,0.0,42.7,86.0,633.45
2026-09-15T06:00:00Z,GEN-4,0,0.0,0.0,0.0,42.7,86.0,633.45
2026-09-15T07:00:00Z,GEN-4,0,0.0,0.0,0.0,42.7,86.0,633.45
2026-09-15T08:00:00Z,GEN-4,0,0.0,0.0,0.0,42.7,86.0,633.45
2026-09-15T09:00:00Z,GEN-4,0,0.0,0.0,0.0,42.7,86.0,633.45
2026-09-15T10:00:00Z,GEN-4,0,0.0,0.0,0.0,42.7,86.0,633.45
2026-09-15T11:00:00Z,GEN-4,0,0.0,0.0,0.0,42.7,86.0,633.45
2026-09-15T12:00:00Z,GEN-4,0,0.0,0.0,0.0,42.7,86.0,633.45
2026-09-15T13:00:00Z,GEN-4,0,0.0,0.0,0.0,42.7,86.0,633.45
2026-09-15T14:00:00Z,GEN-4,0,0.0,0.0,0.0,42.7,86.0,633.45
2026-09-15T15:00:00Z,GEN-4,0,0.0,0.0,0.0,42.7,86.0,633.45
2026-09-15T16:00:00Z,GEN-4,0,0.0,0.0,0.0,42.7,86.0,633.45
2026-09-15T17:00:00Z,GEN-4,0,0.0,0.0,0.0,42.7,86.0,633.45
2026-09-15T18:00:00Z,GEN-4,0,0.0,0.0,0.0,42.7,86.0,633.45
2026-09-15T19:00:00Z,GEN-4,0,0.0,0.0,0.0,42.7,86.0,633.45
2026-09-15T20:00:00Z,GEN-4,0,0.0,0.0,0.0,42.7,86.0,633.45
2026-09-15T21:00:00Z,GEN-4,0,0.0,0.0,0.0,42.7,86.0,633.45
2026-09-15T22:00:00Z,GEN-4,0,0.0,0.0,0.0,42.7,86.0,633.45
2026-09-15T23:00:00Z,GEN-4,0,0.0,0.0,0.0,42.7,86.0,633.45
2026-09-16T00:00:00Z,GEN-4,0,0.0,0.0,0.0,42.7,86.0,633.45
2026-09-16T01:00:00Z,GEN-4,0,0.0,0.0,0.0,42.7,86.0,633.45
2026-09-16T02:00:00Z,GEN-4,0,0.0,0.0,0.0,42.7,86.0,633.45
2026-09-16T03:00:00Z,GEN-4,0,0.0,0.0,0.0,42.7,86.0,633.45
2026-09-16T04:00:00Z,GEN-4,0,0.0,0.0,0.0,42.7,86.0,633.45
2026-09-16T05:00:00Z,GEN-4,0,0.0,0.0,0.0,42.7,86.0,633.45
2026-09-16T06:00:00Z,GEN-4,0,0.0,0.0,0.0,42.7,86.0,633.45
2026-09-16T07:00:00Z,GEN-4,0,0.0,0.0,0.0,42.7,86.0,633.45
2026-09-16T08:00:00Z,GEN-4,0,0.0,0.0,0.0,42.7,86.0,633.45
2026-09-16T09:00:00Z,GEN-4,0,0.0,0.0,0.0,42.7,86.0,633.45
2026-09-16T10:00:00Z,GEN-4,0,0.0,0.0,0.0,42.7,86.0,633.45
2026-09-16T11:00:00Z,GEN-4,0,0.0,0.0,0.0,42.7,86.0,633.45
2026-09-16T12:00:00Z,GEN-4,0,0.0,0.0,0.0,42.7,86.0,633.45
2026-09-16T13:00:00Z,GEN-4,0,0.0,0.0,0.0,42.7,86.0,633.45
2026-09-16T14:00:00Z,GEN-4,0,0.0,0.0,0.0,42.7,86.0,633.45
2026-09-16T15:00:00Z,GEN-4,0,0.0,0.0,0.0,42.7,86.0,633.45
2026-09-16T16:00:00Z,GEN-4,0,0.0,0.0,0.0,42.7,86.0,633.45
2026-09-16T17:00:00Z,GEN-4,0,0.0,0.0,0.0,42.7,86.0,633.45
2026-09-16T18:00:00Z,GEN-4,0,0.0,0.0,0.0,42.7,86.0,633.45
2026-09-16T19:00:00Z,GEN-4,0,0.0,0.0,0.0,42.7,86.0,633.45
2026-09-16T20:00:00Z,GEN-4,0,0.0,0.0,0.0,42.7,86.0,633.45
2026-09-16T21:00:00Z,GEN-4,0,0.0,0.0,0.0,42.7,86.0,633.45
2026-09-16T22:00:00Z,GEN-4,0,0.0,0.0,0.0,42.7,86.0,633.45
2026-09-16T23:00:00Z,GEN-4,0,0.0,0.0,0.0,42.7,86.0,633.45
2026-09-17T00:00:00Z,GEN-4,0,0.0,0.0,0.0,42.7,86.0,633.45
2026-09-17T01:00:00Z,GEN-4,0,0.0,0.0,0.0,42.7,86.0,633.45
2026-09-17T02:00:00Z,GEN-4,0,0.0,0.0,0.0,42.7,86.0,633.45
2026-09-17T03:00:00Z,GEN-4,0,0.0,0.0,0.0,42.7,86.0,633.45
2026-09-17T04:00:00Z,GEN-4,0,0.0,0.0,0.0,42.7,86.0,633.45
2026-09-17T05:00:00Z,GEN-4,0,0.0,0.0,0.0,42.7,86.0,633.45
2026-09-17T06:00:00Z,GEN-4,0,0.0,0.0,0.0,42.7,86.0,633.45
2026-09-17T07:00:00Z,GEN-4,0,0.0,0.0,0.0,42.7,86.0,633.45
2026-09-17T08:00:00Z,GEN-4,0,0.0,0.0,0.0,42.7,86.0,633.45
2026-09-17T09:00:00Z,GEN-4,0,0.0,0.0,0.0,42.7,86.0,633.45
2026-09-17T10:00:00Z,GEN-4,0,0.0,0.0,0.0,42.7,86.0,633.45
2026-09-17T11:00:00Z,GEN-4,0,0.0,0.0,0.0,42.7,86.0,633.45
2026-09-17T12:00:00Z,GEN-4,0,0.0,0.0,0.0,42.7,86.0,633.45
2026-09-17T13:00:00Z,GEN-4,0,0.0,0.0,0.0,42.7,86.0,633.45
2026-09-17T14:00:00Z,GEN-4,0,0.0,0.0,0.0,42.7,86.0,633.45
2026-09-17T15:00:00Z,GEN-4,0,0.0,0.0,0.0,42.7,86.0,633.45
2026-09-17T16:00:00Z,GEN-4,0,0.0,0.0,0.0,42.7,86.0,633.45
2026-09-17T17:00:00Z,GEN-4,0,0.0,0.0,0.0,42.7,86.0,633.45
2026-09-17T18:00:00Z,GEN-4,0,0.0,0.0,0.0,42.7,86.0,633.45
2026-09-17T19:00:00Z,GEN-4,0,0.0,0.0,0.0,42.7,86.0,633.45
2026-09-17T20:00:00Z,GEN-4,0,0.0,0.0,0.0,42.7,86.0,633.45
2026-09-17T21:00:00Z,GEN-4,0,0.0,0.0,0.0,42.7,86.0,633.45
2026-09-17T22:00:00Z,GEN-4,0,0.0,0.0,0.0,42.7,86.0,633.45
2026-09-17T23:00:00Z,GEN-4,0,0.0,0.0,0.0,42.7,86.0,633.45
2026-09-18T00:00:00Z,GEN-4,0,0.0,0.0,0.0,42.7,86.0,633.45
2026-09-18T01:00:00Z,GEN-4,0,0.0,0.0,0.0,42.7,86.0,633.45
2026-09-18T02:00:00Z,GEN-4,0,0.0,0.0,0.0,42.7,86.0,633.45
2026-09-18T03:00:00Z,GEN-4,0,0.0,0.0,0.0,42.7,86.0,633.45
2026-09-18T04:00:00Z,GEN-4,0,0.0,0.0,0.0,42.7,86.0,633.45
2026-09-18T05:00:00Z,GEN-4,0,0.0,0.0,0.0,42.7,86.0,633.45
2026-09-18T06:00:00Z,GEN-4,0,0.0,0.0,0.0,42.7,86.0,633.45
2026-09-18T07:00:00Z,GEN-4,0,0.0,0.0,0.0,42.7,86.0,633.45
2026-09-18T08:00:00Z,GEN-4,0,0.0,0.0,0.0,42.7,86.0,633.45
2026-09-18T09:00:00Z,GEN-4,0,0.0,0.0,0.0,42.7,86.0,633.45
2026-09-18T10:00:00Z,GEN-4,0,0.0,0.0,0.0,42.7,86.0,633.45
2026-09-18T11:00:00Z,GEN-4,0,0.0,0.0,0.0,42.7,86.0,633.45
2026-09-18T12:00:00Z,GEN-4,0,0.0,0.0,0.0,42.7,86.0,633.45
2026-09-18T13:00:00Z,GEN-4,0,0.0,0.0,0.0,42.7,86.0,633.45
2026-09-18T14:00:00Z,GEN-4,0,0.0,0.0,0.0,42.7,86.0,633.45
2026-09-18T15:00:00Z,GEN-4,0,0.0,0.0,0.0,42.7,86.0,633.45
2026-09-18T16:00:00Z,GEN-4,0,0.0,0.0,0.0,42.7,86.0,633.45
2026-09-18T17:00:00Z,GEN-4,0,0.0,0.0,0.0,42.7,86.0,633.45
2026-09-18T18:00:00Z,GEN-4,0,0.0,0.0,0.0,42.7,86.0,633.45
2026-09-18T19:00:00Z,GEN-4,0,0.0,0.0,0.0,42.7,86.0,633.45
2026-09-18T20:00:00Z,GEN-4,0,0.0,0.0,0.0,42.7,86.0,633.45
2026-09-18T21:00:00Z,GEN-4,0,0.0,0.0,0.0,42.7,86.0,633.45
2026-09-18T22:00:00Z,GEN-4,0,0.0,0.0,0.0,42.7,86.0,633.45
2026-09-18T23:00:00Z,GEN-4,0,0.0,0.0,0.0,42.7,86.0,633.45
2026-09-19T00:00:00Z,GEN-4,0,0.0,0.0,0.0,42.7,86.0,633.45
2026-09-19T01:00:00Z,GEN-4,0,0.0,0.0,0.0,42.7,86.0,633.45
2026-09-19T02:00:00Z,GEN-4,0,0.0,0.0,0.0,42.7,86.0,633.45
2026-09-19T03:00:00Z,GEN-4,0,0.0,0.0,0.0,42.7,86.0,633.45
2026-09-19T04:00:00Z,GEN-4,0,0.0,0.0,0.0,42.7,86.0,633.45
2026-09-19T05:00:00Z,GEN-4,0,0.0,0.0,0.0,42.7,86.0,633.45
2026-09-19T06:00:00Z,GEN-4,0,0.0,0.0,0.0,42.7,86.0,633.45
2026-09-19T07:00:00Z,GEN-4,0,0.0,0.0,0.0,42.7,86.0,633.45
2026-09-19T08:00:00Z,GEN-4,0,0.0,0.0,0.0,42.7,86.0,633.45
2026-09-19T09:00:00Z,GEN-4,0,0.0,0.0,0.0,42.7,86.0,633.45
2026-09-19T10:00:00Z,GEN-4,0,0.0,0.0,0.0,42.7,86.0,633.45
2026-09-19T11:00:00Z,GEN-4,0,0.0,0.0,0.0,42.7,86.0,633.45
2026-09-19T12:00:00Z,GEN-4,0,0.0,0.0,0.0,42.7,86.0,633.45
2026-09-19T13:00:00Z,GEN-4,0,0.0,0.0,0.0,42.7,86.0,633.45
2026-09-19T14:00:00Z,GEN-4,0,0.0,0.0,0.0,42.7,86.0,633.45
2026-09-19T15:00:00Z,GEN-4,0,0.0,0.0,0.0,42.7,86.0,633.45
2026-09-19T16:00:00Z,GEN-4,0,0.0,0.0,0.0,42.7,86.0,633.45
2026-09-19T17:00:00Z,GEN-4,0,0.0,0.0,0.0,42.7,86.0,633.45
2026-09-19T18:00:00Z,GEN-4,0,0.0,0.0,0.0,42.7,86.0,633.45
2026-09-19T19:00:00Z,GEN-4,0,0.0,0.0,0.0,42.7,86.0,633.45
2026-09-19T20:00:00Z,GEN-4,0,0.0,0.0,0.0,42.7,86.0,633.45
2026-09-19T21:00:00Z,GEN-4,0,0.0,0.0,0.0,42.7,86.0,633.45
2026-09-19T22:00:00Z,GEN-4,0,0.0,0.0,0.0,42.7,86.0,633.45
2026-09-19T23:00:00Z,GEN-4,0,0.0,0.0,0.0,42.7,86.0,633.45
2026-09-20T00:00:00Z,GEN-4,0,0.0,0.0,0.0,42.7,86.0,633.45
2026-09-20T01:00:00Z,GEN-4,0,0.0,0.0,0.0,42.7,86.0,633.45
2026-09-20T02:00:00Z,GEN-4,0,0.0,0.0,0.0,42.7,86.0,633.45
2026-09-20T03:00:00Z,GEN-4,0,0.0,0.0,0.0,42.7,86.0,633.45
2026-09-20T04:00:00Z,GEN-4,0,0.0,0.0,0.0,42.7,86.0,633.45
2026-09-20T05:00:00Z,GEN-4,0,0.0,0.0,0.0,42.7,86.0,633.45
2026-09-20T06:00:00Z,GEN-4,0,0.0,0.0,0.0,42.7,86.0,633.45
2026-09-20T07:00:00Z,GEN-4,0,0.0,0.0,0.0,42.7,86.0,633.45
2026-09-20T08:00:00Z,GEN-4,0,0.0,0.0,0.0,42.7,86.0,633.45
2026-09-20T09:00:00Z,GEN-4,0,0.0,0.0,0.0,42.7,86.0,633.45
2026-09-20T10:00:00Z,GEN-4,0,0.0,0.0,0.0,42.7,86.0,633.45
2026-09-20T11:00:00Z,GEN-4,0,0.0,0.0,0.0,42.7,86.0,633.45
2026-09-20T12:00:00Z,GEN-4,0,0.0,0.0,0.0,42.7,86.0,633.45
2026-09-20T13:00:00Z,GEN-4,0,0.0,0.0,0.0,42.7,86.0,633.45
2026-09-20T14:00:00Z,GEN-4,0,0.0,0.0,0.0,42.7,86.0,633.45
2026-09-20T15:00:00Z,GEN-4,0,0.0,0.0,0.0,42.7,86.0,633.45
2026-09-20T16:00:00Z,GEN-4,0,0.0,0.0,0.0,42.7,86.0,633.45
2026-09-20T17:00:00Z,GEN-4,0,0.0,0.0,0.0,42.7,86.0,633.45
2026-09-20T18:00:00Z,GEN-4,0,0.0,0.0,0.0,42.7,86.0,633.45
2026-09-20T19:00:00Z,GEN-4,0,0.0,0.0,0.0,42.7,86.0,633.45
2026-09-20T20:00:00Z,GEN-4,0,0.0,0.0,0.0,42.7,86.0,633.45
2026-09-20T21:00:00Z,GEN-4,0,0.0,0.0,0.0,42.7,86.0,633.45
2026-09-20T22:00:00Z,GEN-4,0,0.0,0.0,0.0,42.7,86.0,633.45
2026-09-20T23:00:00Z,GEN-4,0,0.0,0.0,0.0,42.7,86.0,633.45
2026-09-21T00:00:00Z,GEN-4,0,0.0,0.0,0.0,42.7,86.0,633.45
2026-09-21T01:00:00Z,GEN-4,0,0.0,0.0,0.0,42.7,86.0,633.45
2026-09-21T02:00:00Z,GEN-4,0,0.0,0.0,0.0,42.7,86.0,633.45
2026-09-21T03:00:00Z,GEN-4,0,0.0,0.0,0.0,42.7,86.0,633.45
2026-09-21T04:00:00Z,GEN-4,0,0.0,0.0,0.0,42.7,86.0,633.45
2026-09-21T05:00:00Z,GEN-4,0,0.0,0.0,0.0,42.7,86.0,633.45
2026-09-21T06:00:00Z,GEN-4,0,0.0,0.0,0.0,42.7,86.0,633.45
2026-09-21T07:00:00Z,GEN-4,0,0.0,0.0,0.0,42.7,86.0,633.45
2026-09-21T08:00:00Z,GEN-4,0,0.0,0.0,0.0,42.7,86.0,633.45
2026-09-21T09:00:00Z,GEN-4,0,0.0,0.0,0.0,42.7,86.0,633.45
2026-09-21T10:00:00Z,GEN-4,0,0.0,0.0,0.0,42.7,86.0,633.45
2026-09-21T11:00:00Z,GEN-4,0,0.0,0.0,0.0,42.7,86.0,633.45
2026-09-21T12:00:00Z,GEN-4,0,0.0,0.0,0.0,42.7,86.0,633.45
2026-09-21T13:00:00Z,GEN-4,0,0.0,0.0,0.0,42.7,86.0,633.45
2026-09-21T14:00:00Z,GEN-4,0,0.0,0.0,0.0,42.7,86.0,633.45
2026-09-21T15:00:00Z,GEN-4,0,0.0,0.0,0.0,42.7,86.0,633.45
2026-09-21T16:00:00Z,GEN-4,0,0.0,0.0,0.0,42.7,86.0,633.45
2026-09-21T17:00:00Z,GEN-4,0,0.0,0.0,0.0,42.7,86.0,633.45
2026-09-21T18:00:00Z,GEN-4,0,0.0,0.0,0.0,42.7,86.0,633.45
2026-09-21T19:00:00Z,GEN-4,0,0.0,0.0,0.0,42.7,86.0,633.45
2026-09-21T20:00:00Z,GEN-4,0,0.0,0.0,0.0,42.7,86.0,633.45
2026-09-21T21:00:00Z,GEN-4,0,0.0,0.0,0.0,42.7,86.0,633.45
2026-09-21T22:00:00Z,GEN-4,0,0.0,0.0,0.0,42.7,86.0,633.45
2026-09-21T23:00:00Z,GEN-4,0,0.0,0.0,0.0,42.7,86.0,633.45
2026-09-22T00:00:00Z,GEN-4,0,0.0,0.0,0.0,42.7,86.0,633.45
2026-09-22T01:00:00Z,GEN-4,0,0.0,0.0,0.0,42.7,86.0,633.45
2026-09-22T02:00:00Z,GEN-4,0,0.0,0.0,0.0,42.7,86.0,633.45
2026-09-22T03:00:00Z,GEN-4,0,0.0,0.0,0.0,42.7,86.0,633.45
2026-09-22T04:00:00Z,GEN-4,0,0.0,0.0,0.0,42.7,86.0,633.45
2026-09-22T05:00:00Z,GEN-4,0,0.0,0.0,0.0,42.7,86.0,633.45
2026-09-22T06:00:00Z,GEN-4,0,0.0,0.0,0.0,42.7,86.0,633.45
2026-09-22T07:00:00Z,GEN-4,0,0.0,0.0,0.0,42.7,86.0,633.45
2026-09-22T08:00:00Z,GEN-4,0,0.0,0.0,0.0,42.7,86.0,633.45
2026-09-22T09:00:00Z,GEN-4,0,0.0,0.0,0.0,42.7,86.0,633.45
2026-09-22T10:00:00Z,GEN-4,0,0.0,0.0,0.0,42.7,86.0,633.45
2026-09-22T11:00:00Z,GEN-4,0,0.0,0.0,0.0,42.7,86.0,633.45
2026-09-22T12:00:00Z,GEN-4,0,0.0,0.0,0.0,42.7,86.0,633.45
2026-09-22T13:00:00Z,GEN-4,0,0.0,0.0,0.0,42.7,86.0,633.45
2026-09-22T14:00:00Z,GEN-4,0,0.0,0.0,0.0,42.7,86.0,633.45
2026-09-22T15:00:00Z,GEN-4,0,0.0,0.0,0.0,42.7,86.0,633.45
2026-09-22T16:00:00Z,GEN-4,0,0.0,0.0,0.0,42.7,86.0,633.45
2026-09-22T17:00:00Z,GEN-4,0,0.0,0.0,0.0,42.7,86.0,633.45
2026-09-22T18:00:00Z,GEN-4,0,0.0,0.0,0.0,42.7,86.0,633.45
2026-09-22T19:00:00Z,GEN-4,0,0.0,0.0,0.0,42.7,86.0,633.45
2026-09-22T20:00:00Z,GEN-4,0,0.0,0.0,0.0,42.7,86.0,633.45
2026-09-22T21:00:00Z,GEN-4,0,0.0,0.0,0.0,42.7,86.0,633.45
2026-09-22T22:00:00Z,GEN-4,0,0.0,0.0,0.0,42.7,86.0,633.45
2026-09-22T23:00:00Z,GEN-4,0,0.0,0.0,0.0,42.7,86.0,633.45
2026-09-23T00:00:00Z,GEN-4,0,0.0,0.0,0.0,42.7,86.0,633.45
2026-09-23T01:00:00Z,GEN-4,0,0.0,0.0,0.0,42.7,86.0,633.45
2026-09-23T02:00:00Z,GEN-4,0,0.0,0.0,0.0,42.7,86.0,633.45
2026-09-23T03:00:00Z,GEN-4,0,0.0,0.0,0.0,42.7,86.0,633.45
2026-09-23T04:00:00Z,GEN-4,0,0.0,0.0,0.0,42.7,86.0,633.45
2026-09-23T05:00:00Z,GEN-4,0,0.0,0.0,0.0,42.7,86.0,633.45
2026-09-23T06:00:00Z,GEN-4,0,0.0,0.0,0.0,42.7,86.0,633.45
2026-09-23T07:00:00Z,GEN-4,0,0.0,0.0,0.0,42.7,86.0,633.45
2026-09-23T08:00:00Z,GEN-4,0,0.0,0.0,0.0,42.7,86.0,633.45
2026-09-23T09:00:00Z,GEN-4,0,0.0,0.0,0.0,42.7,86.0,633.45
2026-09-23T10:00:00Z,GEN-4,0,0.0,0.0,0.0,42.7,86.0,633.45
2026-09-23T11:00:00Z,GEN-4,0,0.0,0.0,0.0,42.7,86.0,633.45
2026-09-23T12:00:00Z,GEN-4,0,0.0,0.0,0.0,42.7,86.0,633.45
2026-09-23T13:00:00Z,GEN-4,0,0.0,0.0,0.0,42.7,86.0,633.45
2026-09-23T14:00:00Z,GEN-4,0,0.0,0.0,0.0,42.7,86.0,633.45
2026-09-23T15:00:00Z,GEN-4,0,0.0,0.0,0.0,42.7,86.0,633.45
2026-09-23T16:00:00Z,GEN-4,0,0.0,0.0,0.0,42.7,86.0,633.45
2026-09-23T17:00:00Z,GEN-4,0,0.0,0.0,0.0,42.7,86.0,633.45
2026-09-23T18:00:00Z,GEN-4,0,0.0,0.0,0.0,42.7,86.0,633.45
2026-09-23T19:00:00Z,GEN-4,0,0.0,0.0,0.0,42.7,86.0,633.45
2026-09-23T20:00:00Z,GEN-4,0,0.0,0.0,0.0,42.7,86.0,633.45
2026-09-23T21:00:00Z,GEN-4,0,0.0,0.0,0.0,42.7,86.0,633.45
2026-09-23T22:00:00Z,GEN-4,0,0.0,0.0,0.0,42.7,86.0,633.45
2026-09-23T23:00:00Z,GEN-4,0,0.0,0.0,0.0,42.7,86.0,633.45
2026-09-24T00:00:00Z,GEN-4,0,0.0,0.0,0.0,42.7,86.0,633.45
2026-09-24T01:00:00Z,GEN-4,0,0.0,0.0,0.0,42.7,86.0,633.45
2026-09-24T02:00:00Z,GEN-4,0,0.0,0.0,0.0,42.7,86.0,633.45
2026-09-24T03:00:00Z,GEN-4,0,0.0,0.0,0.0,42.7,86.0,633.45
2026-09-24T04:00:00Z,GEN-4,0,0.0,0.0,0.0,42.7,86.0,633.45
2026-09-24T05:00:00Z,GEN-4,0,0.0,0.0,0.0,42.7,86.0,633.45
2026-09-24T06:00:00Z,GEN-4,0,0.0,0.0,0.0,42.7,86.0,633.45
2026-09-24T07:00:00Z,GEN-4,0,0.0,0.0,0.0,42.7,86.0,633.45
2026-09-24T08:00:00Z,GEN-4,0,0.0,0.0,0.0,42.7,86.0,633.45
2026-09-24T09:00:00Z,GEN-4,0,0.0,0.0,0.0,42.7,86.0,633.45
2026-09-24T10:00:00Z,GEN-4,0,0.0,0.0,0.0,42.7,86.0,633.45
2026-09-24T11:00:00Z,GEN-4,0,0.0,0.0,0.0,42.7,86.0,633.45
2026-09-24T12:00:00Z,GEN-4,0,0.0,0.0,0.0,42.7,86.0,633.45
2026-09-24T13:00:00Z,GEN-4,0,0.0,0.0,0.0,42.7,86.0,633.45
2026-09-24T14:00:00Z,GEN-4,0,0.0,0.0,0.0,42.7,86.0,633.45
2026-09-24T15:00:00Z,GEN-4,0,0.0,0.0,0.0,42.7,86.0,633.45
2026-09-24T16:00:00Z,GEN-4,0,0.0,0.0,0.0,42.7,86.0,633.45
2026-09-24T17:00:00Z,GEN-4,0,0.0,0.0,0.0,42.7,86.0,633.45
2026-09-24T18:00:00Z,GEN-4,0,0.0,0.0,0.0,42.7,86.0,633.45
2026-09-24T19:00:00Z,GEN-4,0,0.0,0.0,0.0,42.7,86.0,633.45
2026-09-24T20:00:00Z,GEN-4,0,0.0,0.0,0.0,42.7,86.0,633.45
2026-09-24T21:00:00Z,GEN-4,45,665.43,1062.8,35.4,76.9,85.4,634.2
2026-09-24T22:00:00Z,GEN-4,1,0.0,0.0,0.0,70.5,85.4,634.22
2026-09-24T23:00:00Z,GEN-4,0,0.0,0.0,0.0,57.0,85.4,634.22
2026-09-25T00:00:00Z,GEN-4,0,0.0,0.0,0.0,50.0,85.4,634.22
2026-09-25T01:00:00Z,GEN-4,0,0.0,0.0,0.0,46.5,85.4,634.22
2026-09-25T02:00:00Z,GEN-4,0,0.0,0.0,0.0,44.6,85.4,634.22
2026-09-25T03:00:00Z,GEN-4,0,0.0,0.0,0.0,43.7,85.4,634.22
2026-09-25T04:00:00Z,GEN-4,0,0.0,0.0,0.0,43.2,85.4,634.22
2026-09-25T05:00:00Z,GEN-4,0,0.0,0.0,0.0,43.0,85.4,634.22
2026-09-25T06:00:00Z,GEN-4,0,0.0,0.0,0.0,42.8,85.4,634.22
2026-09-25T07:00:00Z,GEN-4,0,0.0,0.0,0.0,42.8,85.4,634.22
2026-09-25T08:00:00Z,GEN-4,0,0.0,0.0,0.0,42.7,85.4,634.22
2026-09-25T09:00:00Z,GEN-4,0,0.0,0.0,0.0,42.7,85.4,634.22
2026-09-25T10:00:00Z,GEN-4,0,0.0,0.0,0.0,42.7,85.4,634.22
2026-09-25T11:00:00Z,GEN-4,0,0.0,0.0,0.0,42.7,85.4,634.22
2026-09-25T12:00:00Z,GEN-4,0,0.0,0.0,0.0,42.7,85.4,634.22
2026-09-25T13:00:00Z,GEN-4,0,0.0,0.0,0.0,42.7,85.4,634.22
2026-09-25T14:00:00Z,GEN-4,0,0.0,0.0,0.0,42.7,85.4,634.22
2026-09-25T15:00:00Z,GEN-4,0,0.0,0.0,0.0,42.7,85.4,634.22
2026-09-25T16:00:00Z,GEN-4,0,0.0,0.0,0.0,42.7,85.4,634.22
2026-09-25T17:00:00Z,GEN-4,0,0.0,0.0,0.0,42.7,85.4,634.22
2026-09-25T18:00:00Z,GEN-4,0,0.0,0.0,0.0,42.7,85.4,634.22
2026-09-25T19:00:00Z,GEN-4,0,0.0,0.0,0.0,42.7,85.4,634.22
2026-09-25T20:00:00Z,GEN-4,0,0.0,0.0,0.0,42.7,85.4,634.22
2026-09-25T21:00:00Z,GEN-4,0,0.0,0.0,0.0,42.7,85.4,634.22
2026-09-25T22:00:00Z,GEN-4,0,0.0,0.0,0.0,42.7,85.4,634.22
2026-09-25T23:00:00Z,GEN-4,0,0.0,0.0,0.0,42.7,85.4,634.22
2026-09-26T00:00:00Z,GEN-4,0,0.0,0.0,0.0,42.7,85.4,634.22
2026-09-26T01:00:00Z,GEN-4,0,0.0,0.0,0.0,42.7,85.4,634.22
2026-09-26T02:00:00Z,GEN-4,0,0.0,0.0,0.0,42.7,85.4,634.22
2026-09-26T03:00:00Z,GEN-4,0,0.0,0.0,0.0,42.7,85.4,634.22
2026-09-26T04:00:00Z,GEN-4,0,0.0,0.0,0.0,42.7,85.4,634.22
2026-09-26T05:00:00Z,GEN-4,0,0.0,0.0,0.0,42.7,85.4,634.22
2026-09-26T06:00:00Z,GEN-4,0,0.0,0.0,0.0,42.7,85.4,634.22
2026-09-26T07:00:00Z,GEN-4,0,0.0,0.0,0.0,42.7,85.4,634.22
2026-09-26T08:00:00Z,GEN-4,0,0.0,0.0,0.0,42.7,85.4,634.22
2026-09-26T09:00:00Z,GEN-4,0,0.0,0.0,0.0,42.7,85.4,634.22
2026-09-26T10:00:00Z,GEN-4,0,0.0,0.0,0.0,42.7,85.4,634.22
2026-09-26T11:00:00Z,GEN-4,0,0.0,0.0,0.0,42.7,85.4,634.22
2026-09-26T12:00:00Z,GEN-4,0,0.0,0.0,0.0,42.7,85.4,634.22
2026-09-26T13:00:00Z,GEN-4,0,0.0,0.0,0.0,42.7,85.4,634.22
2026-09-26T14:00:00Z,GEN-4,0,0.0,0.0,0.0,42.7,85.4,634.22
2026-09-26T15:00:00Z,GEN-4,0,0.0,0.0,0.0,42.7,85.4,634.22
2026-09-26T16:00:00Z,GEN-4,0,0.0,0.0,0.0,42.7,85.4,634.22
2026-09-26T17:00:00Z,GEN-4,0,0.0,0.0,0.0,42.7,85.4,634.22
2026-09-26T18:00:00Z,GEN-4,0,0.0,0.0,0.0,42.7,85.4,634.22
2026-09-26T19:00:00Z,GEN-4,0,0.0,0.0,0.0,42.7,85.4,634.22
2026-09-26T20:00:00Z,GEN-4,0,0.0,0.0,0.0,42.7,85.4,634.22
2026-09-26T21:00:00Z,GEN-4,0,0.0,0.0,0.0,42.7,85.4,634.22
2026-09-26T22:00:00Z,GEN-4,0,0.0,0.0,0.0,42.7,85.4,634.22
2026-09-26T23:00:00Z,GEN-4,0,0.0,0.0,0.0,42.7,85.4,634.22
2026-09-27T00:00:00Z,GEN-4,0,0.0,0.0,0.0,42.7,85.4,634.22
2026-09-27T01:00:00Z,GEN-4,0,0.0,0.0,0.0,42.7,85.4,634.22
2026-09-27T02:00:00Z,GEN-4,0,0.0,0.0,0.0,42.7,85.4,634.22
2026-09-27T03:00:00Z,GEN-4,0,0.0,0.0,0.0,42.7,85.4,634.22
2026-09-27T04:00:00Z,GEN-4,0,0.0,0.0,0.0,42.7,85.4,634.22
2026-09-27T05:00:00Z,GEN-4,0,0.0,0.0,0.0,42.7,85.4,634.22
2026-09-27T06:00:00Z,GEN-4,0,0.0,0.0,0.0,42.7,85.4,634.22
2026-09-27T07:00:00Z,GEN-4,0,0.0,0.0,0.0,42.7,85.4,634.22
2026-09-27T08:00:00Z,GEN-4,0,0.0,0.0,0.0,42.7,85.4,634.22
2026-09-27T09:00:00Z,GEN-4,0,0.0,0.0,0.0,42.7,85.4,634.22
2026-09-27T10:00:00Z,GEN-4,0,0.0,0.0,0.0,42.7,85.4,634.22
2026-09-27T11:00:00Z,GEN-4,0,0.0,0.0,0.0,42.7,85.4,634.22
2026-09-27T12:00:00Z,GEN-4,0,0.0,0.0,0.0,42.7,85.4,634.22
2026-09-27T13:00:00Z,GEN-4,0,0.0,0.0,0.0,42.7,85.4,634.22
2026-09-27T14:00:00Z,GEN-4,0,0.0,0.0,0.0,42.7,85.4,634.22
2026-09-27T15:00:00Z,GEN-4,0,0.0,0.0,0.0,42.7,85.4,634.22
2026-09-27T16:00:00Z,GEN-4,0,0.0,0.0,0.0,42.7,85.4,634.22
2026-09-27T17:00:00Z,GEN-4,0,0.0,0.0,0.0,42.7,85.4,634.22
2026-09-27T18:00:00Z,GEN-4,0,0.0,0.0,0.0,42.7,85.4,634.22
2026-09-27T19:00:00Z,GEN-4,0,0.0,0.0,0.0,42.7,85.4,634.22
2026-09-27T20:00:00Z,GEN-4,0,0.0,0.0,0.0,42.7,85.4,634.22
2026-09-27T21:00:00Z,GEN-4,0,0.0,0.0,0.0,42.7,85.4,634.22
2026-09-27T22:00:00Z,GEN-4,0,0.0,0.0,0.0,42.7,85.4,634.22
2026-09-27T23:00:00Z,GEN-4,0,0.0,0.0,0.0,42.7,85.4,634.22
2026-08-31T00:00:00Z,GEN-5,0,0.0,0.0,0.0,41.5,92.9,561.75
2026-08-31T01:00:00Z,GEN-5,0,0.0,0.0,0.0,41.5,92.9,561.75
2026-08-31T02:00:00Z,GEN-5,0,0.0,0.0,0.0,41.5,92.9,561.75
2026-08-31T03:00:00Z,GEN-5,0,0.0,0.0,0.0,41.5,92.9,561.75
2026-08-31T04:00:00Z,GEN-5,0,0.0,0.0,0.0,41.5,92.9,561.75
2026-08-31T05:00:00Z,GEN-5,0,0.0,0.0,0.0,41.5,92.9,561.75
2026-08-31T06:00:00Z,GEN-5,0,0.0,0.0,0.0,41.5,92.9,561.75
2026-08-31T07:00:00Z,GEN-5,0,0.0,0.0,0.0,41.5,92.9,561.75
2026-08-31T08:00:00Z,GEN-5,0,0.0,0.0,0.0,41.5,92.9,561.75
2026-08-31T09:00:00Z,GEN-5,0,0.0,0.0,0.0,41.5,92.9,561.75
2026-08-31T10:00:00Z,GEN-5,0,0.0,0.0,0.0,41.5,92.9,561.75
2026-08-31T11:00:00Z,GEN-5,0,0.0,0.0,0.0,41.5,92.9,561.75
2026-08-31T12:00:00Z,GEN-5,0,0.0,0.0,0.0,41.5,92.9,561.75
2026-08-31T13:00:00Z,GEN-5,0,0.0,0.0,0.0,41.5,92.9,561.75
2026-08-31T14:00:00Z,GEN-5,0,0.0,0.0,0.0,41.5,92.9,561.75
2026-08-31T15:00:00Z,GEN-5,0,0.0,0.0,0.0,41.5,92.9,561.75
2026-08-31T16:00:00Z,GEN-5,0,0.0,0.0,0.0,41.5,92.9,561.75
2026-08-31T17:00:00Z,GEN-5,0,0.0,0.0,0.0,41.5,92.9,561.75
2026-08-31T18:00:00Z,GEN-5,0,0.0,0.0,0.0,41.5,92.9,561.75
2026-08-31T19:00:00Z,GEN-5,0,0.0,0.0,0.0,41.5,92.9,561.75
2026-08-31T20:00:00Z,GEN-5,0,0.0,0.0,0.0,41.5,92.9,561.75
2026-08-31T21:00:00Z,GEN-5,0,0.0,0.0,0.0,41.5,92.9,561.75
2026-08-31T22:00:00Z,GEN-5,0,0.0,0.0,0.0,41.5,92.9,561.75
2026-08-31T23:00:00Z,GEN-5,0,0.0,0.0,0.0,41.5,92.9,561.75
2026-09-01T00:00:00Z,GEN-5,0,0.0,0.0,0.0,41.5,92.9,561.75
2026-09-01T01:00:00Z,GEN-5,0,0.0,0.0,0.0,41.5,92.9,561.75
2026-09-01T02:00:00Z,GEN-5,0,0.0,0.0,0.0,41.5,92.9,561.75
2026-09-01T03:00:00Z,GEN-5,0,0.0,0.0,0.0,41.5,92.9,561.75
2026-09-01T04:00:00Z,GEN-5,0,0.0,0.0,0.0,41.5,92.9,561.75
2026-09-01T05:00:00Z,GEN-5,0,0.0,0.0,0.0,41.5,92.9,561.75
2026-09-01T06:00:00Z,GEN-5,0,0.0,0.0,0.0,41.5,92.9,561.75
2026-09-01T07:00:00Z,GEN-5,0,0.0,0.0,0.0,41.5,92.9,561.75
2026-09-01T08:00:00Z,GEN-5,0,0.0,0.0,0.0,41.5,92.9,561.75
2026-09-01T09:00:00Z,GEN-5,0,0.0,0.0,0.0,41.5,92.9,561.75
2026-09-01T10:00:00Z,GEN-5,0,0.0,0.0,0.0,41.5,92.9,561.75
2026-09-01T11:00:00Z,GEN-5,0,0.0,0.0,0.0,41.5,92.9,561.75
2026-09-01T12:00:00Z,GEN-5,0,0.0,0.0,0.0,41.5,92.9,561.75
2026-09-01T13:00:00Z,GEN-5,0,0.0,0.0,0.0,41.5,92.9,561.75
2026-09-01T14:00:00Z,GEN-5,0,0.0,0.0,0.0,41.5,92.9,561.75
2026-09-01T15:00:00Z,GEN-5,0,0.0,0.0,0.0,41.5,92.9,561.75
2026-09-01T16:00:00Z,GEN-5,0,0.0,0.0,0.0,41.5,92.9,561.75
2026-09-01T17:00:00Z,GEN-5,0,0.0,0.0,0.0,41.5,92.9,561.75
2026-09-01T18:00:00Z,GEN-5,0,0.0,0.0,0.0,41.5,92.9,561.75
2026-09-01T19:00:00Z,GEN-5,0,0.0,0.0,0.0,41.5,92.9,561.75
2026-09-01T20:00:00Z,GEN-5,0,0.0,0.0,0.0,41.5,92.9,561.75
2026-09-01T21:00:00Z,GEN-5,0,0.0,0.0,0.0,41.5,92.9,561.75
2026-09-01T22:00:00Z,GEN-5,0,0.0,0.0,0.0,41.5,92.9,561.75
2026-09-01T23:00:00Z,GEN-5,0,0.0,0.0,0.0,41.5,92.9,561.75
2026-09-02T00:00:00Z,GEN-5,0,0.0,0.0,0.0,41.5,92.9,561.75
2026-09-02T01:00:00Z,GEN-5,0,0.0,0.0,0.0,41.5,92.9,561.75
2026-09-02T02:00:00Z,GEN-5,0,0.0,0.0,0.0,41.5,92.9,561.75
2026-09-02T03:00:00Z,GEN-5,0,0.0,0.0,0.0,41.5,92.9,561.75
2026-09-02T04:00:00Z,GEN-5,0,0.0,0.0,0.0,41.5,92.9,561.75
2026-09-02T05:00:00Z,GEN-5,0,0.0,0.0,0.0,41.5,92.9,561.75
2026-09-02T06:00:00Z,GEN-5,0,0.0,0.0,0.0,41.5,92.9,561.75
2026-09-02T07:00:00Z,GEN-5,0,0.0,0.0,0.0,41.5,92.9,561.75
2026-09-02T08:00:00Z,GEN-5,0,0.0,0.0,0.0,41.5,92.9,561.75
2026-09-02T09:00:00Z,GEN-5,0,0.0,0.0,0.0,41.5,92.9,561.75
2026-09-02T10:00:00Z,GEN-5,0,0.0,0.0,0.0,41.5,92.9,561.75
2026-09-02T11:00:00Z,GEN-5,0,0.0,0.0,0.0,41.5,92.9,561.75
2026-09-02T12:00:00Z,GEN-5,0,0.0,0.0,0.0,41.5,92.9,561.75
2026-09-02T13:00:00Z,GEN-5,0,0.0,0.0,0.0,41.5,92.9,561.75
2026-09-02T14:00:00Z,GEN-5,0,0.0,0.0,0.0,41.5,92.9,561.75
2026-09-02T15:00:00Z,GEN-5,0,0.0,0.0,0.0,41.5,92.9,561.75
2026-09-02T16:00:00Z,GEN-5,0,0.0,0.0,0.0,41.5,92.9,561.75
2026-09-02T17:00:00Z,GEN-5,0,0.0,0.0,0.0,41.5,92.9,561.75
2026-09-02T18:00:00Z,GEN-5,0,0.0,0.0,0.0,41.5,92.9,561.75
2026-09-02T19:00:00Z,GEN-5,0,0.0,0.0,0.0,41.5,92.9,561.75
2026-09-02T20:00:00Z,GEN-5,0,0.0,0.0,0.0,41.5,92.9,561.75
2026-09-02T21:00:00Z,GEN-5,0,0.0,0.0,0.0,41.5,92.9,561.75
2026-09-02T22:00:00Z,GEN-5,0,0.0,0.0,0.0,41.5,92.9,561.75
2026-09-02T23:00:00Z,GEN-5,0,0.0,0.0,0.0,41.5,92.9,561.75
2026-09-03T00:00:00Z,GEN-5,0,0.0,0.0,0.0,41.5,92.9,561.75
2026-09-03T01:00:00Z,GEN-5,0,0.0,0.0,0.0,41.5,92.9,561.75
2026-09-03T02:00:00Z,GEN-5,0,0.0,0.0,0.0,41.5,92.9,561.75
2026-09-03T03:00:00Z,GEN-5,0,0.0,0.0,0.0,41.5,92.9,561.75
2026-09-03T04:00:00Z,GEN-5,0,0.0,0.0,0.0,41.5,92.9,561.75
2026-09-03T05:00:00Z,GEN-5,0,0.0,0.0,0.0,41.5,92.9,561.75
2026-09-03T06:00:00Z,GEN-5,0,0.0,0.0,0.0,41.5,92.9,561.75
2026-09-03T07:00:00Z,GEN-5,0,0.0,0.0,0.0,41.5,92.9,561.75
2026-09-03T08:00:00Z,GEN-5,0,0.0,0.0,0.0,41.5,92.9,561.75
2026-09-03T09:00:00Z,GEN-5,0,0.0,0.0,0.0,41.5,92.9,561.75
2026-09-03T10:00:00Z,GEN-5,0,0.0,0.0,0.0,41.5,92.9,561.75
2026-09-03T11:00:00Z,GEN-5,0,0.0,0.0,0.0,41.5,92.9,561.75
2026-09-03T12:00:00Z,GEN-5,0,0.0,0.0,0.0,41.5,92.9,561.75
2026-09-03T13:00:00Z,GEN-5,0,0.0,0.0,0.0,41.5,92.9,561.75
2026-09-03T14:00:00Z,GEN-5,0,0.0,0.0,0.0,41.5,92.9,561.75
2026-09-03T15:00:00Z,GEN-5,0,0.0,0.0,0.0,41.5,92.9,561.75
2026-09-03T16:00:00Z,GEN-5,0,0.0,0.0,0.0,41.5,92.9,561.75
2026-09-03T17:00:00Z,GEN-5,0,0.0,0.0,0.0,41.5,92.9,561.75
2026-09-03T18:00:00Z,GEN-5,0,0.0,0.0,0.0,41.5,92.9,561.75
2026-09-03T19:00:00Z,GEN-5,0,0.0,0.0,0.0,41.5,92.9,561.75
2026-09-03T20:00:00Z,GEN-5,0,0.0,0.0,0.0,41.5,92.9,561.75
2026-09-03T21:00:00Z,GEN-5,0,0.0,0.0,0.0,41.5,92.9,561.75
2026-09-03T22:00:00Z,GEN-5,0,0.0,0.0,0.0,41.5,92.9,561.75
2026-09-03T23:00:00Z,GEN-5,0,0.0,0.0,0.0,41.5,92.9,561.75
2026-09-04T00:00:00Z,GEN-5,0,0.0,0.0,0.0,41.5,92.9,561.75
2026-09-04T01:00:00Z,GEN-5,0,0.0,0.0,0.0,41.5,92.9,561.75
2026-09-04T02:00:00Z,GEN-5,0,0.0,0.0,0.0,41.5,92.9,561.75
2026-09-04T03:00:00Z,GEN-5,0,0.0,0.0,0.0,41.5,92.9,561.75
2026-09-04T04:00:00Z,GEN-5,0,0.0,0.0,0.0,41.5,92.9,561.75
2026-09-04T05:00:00Z,GEN-5,0,0.0,0.0,0.0,41.5,92.9,561.75
2026-09-04T06:00:00Z,GEN-5,0,0.0,0.0,0.0,41.5,92.9,561.75
2026-09-04T07:00:00Z,GEN-5,0,0.0,0.0,0.0,41.5,92.9,561.75
2026-09-04T08:00:00Z,GEN-5,0,0.0,0.0,0.0,41.5,92.9,561.75
2026-09-04T09:00:00Z,GEN-5,0,0.0,0.0,0.0,41.5,92.9,561.75
2026-09-04T10:00:00Z,GEN-5,0,0.0,0.0,0.0,41.5,92.9,561.75
2026-09-04T11:00:00Z,GEN-5,0,0.0,0.0,0.0,41.5,92.9,561.75
2026-09-04T12:00:00Z,GEN-5,0,0.0,0.0,0.0,41.5,92.9,561.75
2026-09-04T13:00:00Z,GEN-5,0,0.0,0.0,0.0,41.5,92.9,561.75
2026-09-04T14:00:00Z,GEN-5,0,0.0,0.0,0.0,41.5,92.9,561.75
2026-09-04T15:00:00Z,GEN-5,0,0.0,0.0,0.0,41.5,92.9,561.75
2026-09-04T16:00:00Z,GEN-5,0,0.0,0.0,0.0,41.5,92.9,561.75
2026-09-04T17:00:00Z,GEN-5,0,0.0,0.0,0.0,41.5,92.9,561.75
2026-09-04T18:00:00Z,GEN-5,0,0.0,0.0,0.0,41.5,92.9,561.75
2026-09-04T19:00:00Z,GEN-5,0,0.0,0.0,0.0,41.5,92.9,561.75
2026-09-04T20:00:00Z,GEN-5,0,0.0,0.0,0.0,41.5,92.9,561.75
2026-09-04T21:00:00Z,GEN-5,0,0.0,0.0,0.0,41.5,92.9,561.75
2026-09-04T22:00:00Z,GEN-5,0,0.0,0.0,0.0,41.5,92.9,561.75
2026-09-04T23:00:00Z,GEN-5,0,0.0,0.0,0.0,41.5,92.9,561.75
2026-09-05T00:00:00Z,GEN-5,0,0.0,0.0,0.0,41.5,92.9,561.75
2026-09-05T01:00:00Z,GEN-5,0,0.0,0.0,0.0,41.5,92.9,561.75
2026-09-05T02:00:00Z,GEN-5,0,0.0,0.0,0.0,41.5,92.9,561.75
2026-09-05T03:00:00Z,GEN-5,0,0.0,0.0,0.0,41.5,92.9,561.75
2026-09-05T04:00:00Z,GEN-5,0,0.0,0.0,0.0,41.5,92.9,561.75
2026-09-05T05:00:00Z,GEN-5,0,0.0,0.0,0.0,41.5,92.9,561.75
2026-09-05T06:00:00Z,GEN-5,0,0.0,0.0,0.0,41.5,92.9,561.75
2026-09-05T07:00:00Z,GEN-5,0,0.0,0.0,0.0,41.5,92.9,561.75
2026-09-05T08:00:00Z,GEN-5,0,0.0,0.0,0.0,41.5,92.9,561.75
2026-09-05T09:00:00Z,GEN-5,0,0.0,0.0,0.0,41.5,92.9,561.75
2026-09-05T10:00:00Z,GEN-5,0,0.0,0.0,0.0,41.5,92.9,561.75
2026-09-05T11:00:00Z,GEN-5,0,0.0,0.0,0.0,41.5,92.9,561.75
2026-09-05T12:00:00Z,GEN-5,0,0.0,0.0,0.0,41.5,92.9,561.75
2026-09-05T13:00:00Z,GEN-5,0,0.0,0.0,0.0,41.5,92.9,561.75
2026-09-05T14:00:00Z,GEN-5,0,0.0,0.0,0.0,41.5,92.9,561.75
2026-09-05T15:00:00Z,GEN-5,0,0.0,0.0,0.0,41.5,92.9,561.75
2026-09-05T16:00:00Z,GEN-5,0,0.0,0.0,0.0,41.5,92.9,561.75
2026-09-05T17:00:00Z,GEN-5,0,0.0,0.0,0.0,41.5,92.9,561.75
2026-09-05T18:00:00Z,GEN-5,0,0.0,0.0,0.0,41.5,92.9,561.75
2026-09-05T19:00:00Z,GEN-5,0,0.0,0.0,0.0,41.5,92.9,561.75
2026-09-05T20:00:00Z,GEN-5,0,0.0,0.0,0.0,41.5,92.9,561.75
2026-09-05T21:00:00Z,GEN-5,0,0.0,0.0,0.0,41.5,92.9,561.75
2026-09-05T22:00:00Z,GEN-5,0,0.0,0.0,0.0,41.5,92.9,561.75
2026-09-05T23:00:00Z,GEN-5,0,0.0,0.0,0.0,41.5,92.9,561.75
2026-09-06T00:00:00Z,GEN-5,0,0.0,0.0,0.0,41.5,92.9,561.75
2026-09-06T01:00:00Z,GEN-5,0,0.0,0.0,0.0,41.5,92.9,561.75
2026-09-06T02:00:00Z,GEN-5,0,0.0,0.0,0.0,41.5,92.9,561.75
2026-09-06T03:00:00Z,GEN-5,0,0.0,0.0,0.0,41.5,92.9,561.75
2026-09-06T04:00:00Z,GEN-5,0,0.0,0.0,0.0,41.5,92.9,561.75
2026-09-06T05:00:00Z,GEN-5,0,0.0,0.0,0.0,41.5,92.9,561.75
2026-09-06T06:00:00Z,GEN-5,0,0.0,0.0,0.0,41.5,92.9,561.75
2026-09-06T07:00:00Z,GEN-5,0,0.0,0.0,0.0,41.5,92.9,561.75
2026-09-06T08:00:00Z,GEN-5,0,0.0,0.0,0.0,41.5,92.9,561.75
2026-09-06T09:00:00Z,GEN-5,0,0.0,0.0,0.0,41.5,92.9,561.75
2026-09-06T10:00:00Z,GEN-5,0,0.0,0.0,0.0,41.5,92.9,561.75
2026-09-06T11:00:00Z,GEN-5,0,0.0,0.0,0.0,41.5,92.9,561.75
2026-09-06T12:00:00Z,GEN-5,0,0.0,0.0,0.0,41.5,92.9,561.75
2026-09-06T13:00:00Z,GEN-5,0,0.0,0.0,0.0,41.5,92.9,561.75
2026-09-06T14:00:00Z,GEN-5,0,0.0,0.0,0.0,41.5,92.9,561.75
2026-09-06T15:00:00Z,GEN-5,0,0.0,0.0,0.0,41.5,92.9,561.75
2026-09-06T16:00:00Z,GEN-5,0,0.0,0.0,0.0,41.5,92.9,561.75
2026-09-06T17:00:00Z,GEN-5,0,0.0,0.0,0.0,41.5,92.9,561.75
2026-09-06T18:00:00Z,GEN-5,0,0.0,0.0,0.0,41.5,92.9,561.75
2026-09-06T19:00:00Z,GEN-5,0,0.0,0.0,0.0,41.5,92.9,561.75
2026-09-06T20:00:00Z,GEN-5,0,0.0,0.0,0.0,41.5,92.9,561.75
2026-09-06T21:00:00Z,GEN-5,0,0.0,0.0,0.0,41.5,92.9,561.75
2026-09-06T22:00:00Z,GEN-5,0,0.0,0.0,0.0,41.5,92.9,561.75
2026-09-06T23:00:00Z,GEN-5,0,0.0,0.0,0.0,41.5,92.9,561.75
2026-09-07T00:00:00Z,GEN-5,0,0.0,0.0,0.0,41.5,92.9,561.75
2026-09-07T01:00:00Z,GEN-5,0,0.0,0.0,0.0,41.5,92.9,561.75
2026-09-07T02:00:00Z,GEN-5,0,0.0,0.0,0.0,41.5,92.9,561.75
2026-09-07T03:00:00Z,GEN-5,0,0.0,0.0,0.0,41.5,92.9,561.75
2026-09-07T04:00:00Z,GEN-5,0,0.0,0.0,0.0,41.5,92.9,561.75
2026-09-07T05:00:00Z,GEN-5,0,0.0,0.0,0.0,41.5,92.9,561.75
2026-09-07T06:00:00Z,GEN-5,0,0.0,0.0,0.0,41.5,92.9,561.75
2026-09-07T07:00:00Z,GEN-5,0,0.0,0.0,0.0,41.5,92.9,561.75
2026-09-07T08:00:00Z,GEN-5,0,0.0,0.0,0.0,41.5,92.9,561.75
2026-09-07T09:00:00Z,GEN-5,0,0.0,0.0,0.0,41.5,92.9,561.75
2026-09-07T10:00:00Z,GEN-5,0,0.0,0.0,0.0,41.5,92.9,561.75
2026-09-07T11:00:00Z,GEN-5,0,0.0,0.0,0.0,41.5,92.9,561.75
2026-09-07T12:00:00Z,GEN-5,0,0.0,0.0,0.0,41.5,92.9,561.75
2026-09-07T13:00:00Z,GEN-5,0,0.0,0.0,0.0,41.5,92.9,561.75
2026-09-07T14:00:00Z,GEN-5,0,0.0,0.0,0.0,41.5,92.9,561.75
2026-09-07T15:00:00Z,GEN-5,0,0.0,0.0,0.0,41.5,92.9,561.75
2026-09-07T16:00:00Z,GEN-5,0,0.0,0.0,0.0,41.5,92.9,561.75
2026-09-07T17:00:00Z,GEN-5,0,0.0,0.0,0.0,41.5,92.9,561.75
2026-09-07T18:00:00Z,GEN-5,0,0.0,0.0,0.0,41.5,92.9,561.75
2026-09-07T19:00:00Z,GEN-5,0,0.0,0.0,0.0,41.5,92.9,561.75
2026-09-07T20:00:00Z,GEN-5,0,0.0,0.0,0.0,41.5,92.9,561.75
2026-09-07T21:00:00Z,GEN-5,0,0.0,0.0,0.0,41.5,92.9,561.75
2026-09-07T22:00:00Z,GEN-5,0,0.0,0.0,0.0,41.5,92.9,561.75
2026-09-07T23:00:00Z,GEN-5,0,0.0,0.0,0.0,41.5,92.9,561.75
2026-09-08T00:00:00Z,GEN-5,0,0.0,0.0,0.0,41.5,92.9,561.75
2026-09-08T01:00:00Z,GEN-5,0,0.0,0.0,0.0,41.5,92.9,561.75
2026-09-08T02:00:00Z,GEN-5,0,0.0,0.0,0.0,41.5,92.9,561.75
2026-09-08T03:00:00Z,GEN-5,0,0.0,0.0,0.0,41.5,92.9,561.75
2026-09-08T04:00:00Z,GEN-5,0,0.0,0.0,0.0,41.5,92.9,561.75
2026-09-08T05:00:00Z,GEN-5,0,0.0,0.0,0.0,41.5,92.9,561.75
2026-09-08T06:00:00Z,GEN-5,0,0.0,0.0,0.0,41.5,92.9,561.75
2026-09-08T07:00:00Z,GEN-5,0,0.0,0.0,0.0,41.5,92.9,561.75
2026-09-08T08:00:00Z,GEN-5,0,0.0,0.0,0.0,41.5,92.9,561.75
2026-09-08T09:00:00Z,GEN-5,0,0.0,0.0,0.0,41.5,92.9,561.75
2026-09-08T10:00:00Z,GEN-5,0,0.0,0.0,0.0,41.5,92.9,561.75
2026-09-08T11:00:00Z,GEN-5,0,0.0,0.0,0.0,41.5,92.9,561.75
2026-09-08T12:00:00Z,GEN-5,0,0.0,0.0,0.0,41.5,92.9,561.75
2026-09-08T13:00:00Z,GEN-5,0,0.0,0.0,0.0,41.5,92.9,561.75
2026-09-08T14:00:00Z,GEN-5,0,0.0,0.0,0.0,41.5,92.9,561.75
2026-09-08T15:00:00Z,GEN-5,0,0.0,0.0,0.0,41.5,92.9,561.75
2026-09-08T16:00:00Z,GEN-5,0,0.0,0.0,0.0,41.5,92.9,561.75
2026-09-08T17:00:00Z,GEN-5,0,0.0,0.0,0.0,41.5,92.9,561.75
2026-09-08T18:00:00Z,GEN-5,0,0.0,0.0,0.0,41.5,92.9,561.75
2026-09-08T19:00:00Z,GEN-5,0,0.0,0.0,0.0,41.5,92.9,561.75
2026-09-08T20:00:00Z,GEN-5,0,0.0,0.0,0.0,41.5,92.9,561.75
2026-09-08T21:00:00Z,GEN-5,0,0.0,0.0,0.0,41.5,92.9,561.75
2026-09-08T22:00:00Z,GEN-5,0,0.0,0.0,0.0,41.5,92.9,561.75
2026-09-08T23:00:00Z,GEN-5,0,0.0,0.0,0.0,41.5,92.9,561.75
2026-09-09T00:00:00Z,GEN-5,0,0.0,0.0,0.0,41.5,92.9,561.75
2026-09-09T01:00:00Z,GEN-5,0,0.0,0.0,0.0,41.5,92.9,561.75
2026-09-09T02:00:00Z,GEN-5,0,0.0,0.0,0.0,41.5,92.9,561.75
2026-09-09T03:00:00Z,GEN-5,0,0.0,0.0,0.0,41.5,92.9,561.75
2026-09-09T04:00:00Z,GEN-5,0,0.0,0.0,0.0,41.5,92.9,561.75
2026-09-09T05:00:00Z,GEN-5,0,0.0,0.0,0.0,41.5,92.9,561.75
2026-09-09T06:00:00Z,GEN-5,0,0.0,0.0,0.0,41.5,92.9,561.75
2026-09-09T07:00:00Z,GEN-5,0,0.0,0.0,0.0,41.5,92.9,561.75
2026-09-09T08:00:00Z,GEN-5,0,0.0,0.0,0.0,41.5,92.9,561.75
2026-09-09T09:00:00Z,GEN-5,0,0.0,0.0,0.0,41.5,92.9,561.75
2026-09-09T10:00:00Z,GEN-5,0,0.0,0.0,0.0,41.5,92.9,561.75
2026-09-09T11:00:00Z,GEN-5,0,0.0,0.0,0.0,41.5,92.9,561.75
2026-09-09T12:00:00Z,GEN-5,0,0.0,0.0,0.0,41.5,92.9,561.75
2026-09-09T13:00:00Z,GEN-5,0,0.0,0.0,0.0,41.5,92.9,561.75
2026-09-09T14:00:00Z,GEN-5,0,0.0,0.0,0.0,41.5,92.9,561.75
2026-09-09T15:00:00Z,GEN-5,0,0.0,0.0,0.0,41.5,92.9,561.75
2026-09-09T16:00:00Z,GEN-5,0,0.0,0.0,0.0,41.5,92.9,561.75
2026-09-09T17:00:00Z,GEN-5,0,0.0,0.0,0.0,41.5,92.9,561.75
2026-09-09T18:00:00Z,GEN-5,0,0.0,0.0,0.0,41.5,92.9,561.75
2026-09-09T19:00:00Z,GEN-5,0,0.0,0.0,0.0,41.5,92.9,561.75
2026-09-09T20:00:00Z,GEN-5,0,0.0,0.0,0.0,41.5,92.9,561.75
2026-09-09T21:00:00Z,GEN-5,0,0.0,0.0,0.0,41.5,92.9,561.75
2026-09-09T22:00:00Z,GEN-5,0,0.0,0.0,0.0,41.5,92.9,561.75
2026-09-09T23:00:00Z,GEN-5,0,0.0,0.0,0.0,41.5,92.9,561.75
2026-09-10T00:00:00Z,GEN-5,0,0.0,0.0,0.0,41.5,92.9,561.75
2026-09-10T01:00:00Z,GEN-5,0,0.0,0.0,0.0,41.5,92.9,561.75
2026-09-10T02:00:00Z,GEN-5,0,0.0,0.0,0.0,41.5,92.9,561.75
2026-09-10T03:00:00Z,GEN-5,0,0.0,0.0,0.0,41.5,92.9,561.75
2026-09-10T04:00:00Z,GEN-5,0,0.0,0.0,0.0,41.5,92.9,561.75
2026-09-10T05:00:00Z,GEN-5,0,0.0,0.0,0.0,41.5,92.9,561.75
2026-09-10T06:00:00Z,GEN-5,0,0.0,0.0,0.0,41.5,92.9,561.75
2026-09-10T07:00:00Z,GEN-5,0,0.0,0.0,0.0,41.5,92.9,561.75
2026-09-10T08:00:00Z,GEN-5,0,0.0,0.0,0.0,41.5,92.9,561.75
2026-09-10T09:00:00Z,GEN-5,0,0.0,0.0,0.0,41.5,92.9,561.75
2026-09-10T10:00:00Z,GEN-5,0,0.0,0.0,0.0,41.5,92.9,561.75
2026-09-10T11:00:00Z,GEN-5,0,0.0,0.0,0.0,41.5,92.9,561.75
2026-09-10T12:00:00Z,GEN-5,0,0.0,0.0,0.0,41.5,92.9,561.75
2026-09-10T13:00:00Z,GEN-5,0,0.0,0.0,0.0,41.5,92.9,561.75
2026-09-10T14:00:00Z,GEN-5,0,0.0,0.0,0.0,41.5,92.9,561.75
2026-09-10T15:00:00Z,GEN-5,0,0.0,0.0,0.0,41.5,92.9,561.75
2026-09-10T16:00:00Z,GEN-5,0,0.0,0.0,0.0,41.5,92.9,561.75
2026-09-10T17:00:00Z,GEN-5,0,0.0,0.0,0.0,41.5,92.9,561.75
2026-09-10T18:00:00Z,GEN-5,0,0.0,0.0,0.0,41.5,92.9,561.75
2026-09-10T19:00:00Z,GEN-5,0,0.0,0.0,0.0,41.5,92.9,561.75
2026-09-10T20:00:00Z,GEN-5,0,0.0,0.0,0.0,41.5,92.9,561.75
2026-09-10T21:00:00Z,GEN-5,0,0.0,0.0,0.0,41.5,92.9,561.75
2026-09-10T22:00:00Z,GEN-5,0,0.0,0.0,0.0,41.5,92.9,561.75
2026-09-10T23:00:00Z,GEN-5,0,0.0,0.0,0.0,41.5,92.9,561.75
2026-09-11T00:00:00Z,GEN-5,0,0.0,0.0,0.0,41.5,92.9,561.75
2026-09-11T01:00:00Z,GEN-5,0,0.0,0.0,0.0,41.5,92.9,561.75
2026-09-11T02:00:00Z,GEN-5,0,0.0,0.0,0.0,41.5,92.9,561.75
2026-09-11T03:00:00Z,GEN-5,0,0.0,0.0,0.0,41.5,92.9,561.75
2026-09-11T04:00:00Z,GEN-5,0,0.0,0.0,0.0,41.5,92.9,561.75
2026-09-11T05:00:00Z,GEN-5,0,0.0,0.0,0.0,41.5,92.9,561.75
2026-09-11T06:00:00Z,GEN-5,0,0.0,0.0,0.0,41.5,92.9,561.75
2026-09-11T07:00:00Z,GEN-5,0,0.0,0.0,0.0,41.5,92.9,561.75
2026-09-11T08:00:00Z,GEN-5,0,0.0,0.0,0.0,41.5,92.9,561.75
2026-09-11T09:00:00Z,GEN-5,0,0.0,0.0,0.0,41.5,92.9,561.75
2026-09-11T10:00:00Z,GEN-5,0,0.0,0.0,0.0,41.5,92.9,561.75
2026-09-11T11:00:00Z,GEN-5,0,0.0,0.0,0.0,41.5,92.9,561.75
2026-09-11T12:00:00Z,GEN-5,0,0.0,0.0,0.0,41.5,92.9,561.75
2026-09-11T13:00:00Z,GEN-5,0,0.0,0.0,0.0,41.5,92.9,561.75
2026-09-11T14:00:00Z,GEN-5,0,0.0,0.0,0.0,41.5,92.9,561.75
2026-09-11T15:00:00Z,GEN-5,0,0.0,0.0,0.0,41.5,92.9,561.75
2026-09-11T16:00:00Z,GEN-5,0,0.0,0.0,0.0,41.5,92.9,561.75
2026-09-11T17:00:00Z,GEN-5,0,0.0,0.0,0.0,41.5,92.9,561.75
2026-09-11T18:00:00Z,GEN-5,0,0.0,0.0,0.0,41.5,92.9,561.75
2026-09-11T19:00:00Z,GEN-5,0,0.0,0.0,0.0,41.5,92.9,561.75
2026-09-11T20:00:00Z,GEN-5,0,0.0,0.0,0.0,41.5,92.9,561.75
2026-09-11T21:00:00Z,GEN-5,0,0.0,0.0,0.0,41.5,92.9,561.75
2026-09-11T22:00:00Z,GEN-5,0,0.0,0.0,0.0,41.5,92.9,561.75
2026-09-11T23:00:00Z,GEN-5,0,0.0,0.0,0.0,41.5,92.9,561.75
2026-09-12T00:00:00Z,GEN-5,0,0.0,0.0,0.0,41.5,92.9,561.75
2026-09-12T01:00:00Z,GEN-5,0,0.0,0.0,0.0,41.5,92.9,561.75
2026-09-12T02:00:00Z,GEN-5,0,0.0,0.0,0.0,41.5,92.9,561.75
2026-09-12T03:00:00Z,GEN-5,0,0.0,0.0,0.0,41.5,92.9,561.75
2026-09-12T04:00:00Z,GEN-5,0,0.0,0.0,0.0,41.5,92.9,561.75
2026-09-12T05:00:00Z,GEN-5,0,0.0,0.0,0.0,41.5,92.9,561.75
2026-09-12T06:00:00Z,GEN-5,0,0.0,0.0,0.0,41.5,92.9,561.75
2026-09-12T07:00:00Z,GEN-5,0,0.0,0.0,0.0,41.5,92.9,561.75
2026-09-12T08:00:00Z,GEN-5,0,0.0,0.0,0.0,41.5,92.9,561.75
2026-09-12T09:00:00Z,GEN-5,0,0.0,0.0,0.0,41.5,92.9,561.75
2026-09-12T10:00:00Z,GEN-5,0,0.0,0.0,0.0,41.5,92.9,561.75
2026-09-12T11:00:00Z,GEN-5,0,0.0,0.0,0.0,41.5,92.9,561.75
2026-09-12T12:00:00Z,GEN-5,0,0.0,0.0,0.0,41.5,92.9,561.75
2026-09-12T13:00:00Z,GEN-5,0,0.0,0.0,0.0,41.5,92.9,561.75
2026-09-12T14:00:00Z,GEN-5,0,0.0,0.0,0.0,41.5,92.9,561.75
2026-09-12T15:00:00Z,GEN-5,0,0.0,0.0,0.0,41.5,92.9,561.75
2026-09-12T16:00:00Z,GEN-5,0,0.0,0.0,0.0,41.5,92.9,561.75
2026-09-12T17:00:00Z,GEN-5,0,0.0,0.0,0.0,41.5,92.9,561.75
2026-09-12T18:00:00Z,GEN-5,0,0.0,0.0,0.0,41.5,92.9,561.75
2026-09-12T19:00:00Z,GEN-5,0,0.0,0.0,0.0,41.5,92.9,561.75
2026-09-12T20:00:00Z,GEN-5,0,0.0,0.0,0.0,41.5,92.9,561.75
2026-09-12T21:00:00Z,GEN-5,0,0.0,0.0,0.0,41.5,92.9,561.75
2026-09-12T22:00:00Z,GEN-5,0,0.0,0.0,0.0,41.5,92.9,561.75
2026-09-12T23:00:00Z,GEN-5,0,0.0,0.0,0.0,41.5,92.9,561.75
2026-09-13T00:00:00Z,GEN-5,0,0.0,0.0,0.0,41.5,92.9,561.75
2026-09-13T01:00:00Z,GEN-5,0,0.0,0.0,0.0,41.5,92.9,561.75
2026-09-13T02:00:00Z,GEN-5,0,0.0,0.0,0.0,41.5,92.9,561.75
2026-09-13T03:00:00Z,GEN-5,0,0.0,0.0,0.0,41.5,92.9,561.75
2026-09-13T04:00:00Z,GEN-5,0,0.0,0.0,0.0,41.5,92.9,561.75
2026-09-13T05:00:00Z,GEN-5,0,0.0,0.0,0.0,41.5,92.9,561.75
2026-09-13T06:00:00Z,GEN-5,0,0.0,0.0,0.0,41.5,92.9,561.75
2026-09-13T07:00:00Z,GEN-5,0,0.0,0.0,0.0,41.5,92.9,561.75
2026-09-13T08:00:00Z,GEN-5,0,0.0,0.0,0.0,41.5,92.9,561.75
2026-09-13T09:00:00Z,GEN-5,0,0.0,0.0,0.0,41.5,92.9,561.75
2026-09-13T10:00:00Z,GEN-5,0,0.0,0.0,0.0,41.5,92.9,561.75
2026-09-13T11:00:00Z,GEN-5,0,0.0,0.0,0.0,41.5,92.9,561.75
2026-09-13T12:00:00Z,GEN-5,0,0.0,0.0,0.0,41.5,92.9,561.75
2026-09-13T13:00:00Z,GEN-5,0,0.0,0.0,0.0,41.5,92.9,561.75
2026-09-13T14:00:00Z,GEN-5,0,0.0,0.0,0.0,41.5,92.9,561.75
2026-09-13T15:00:00Z,GEN-5,0,0.0,0.0,0.0,41.5,92.9,561.75
2026-09-13T16:00:00Z,GEN-5,0,0.0,0.0,0.0,41.5,92.9,561.75
2026-09-13T17:00:00Z,GEN-5,0,0.0,0.0,0.0,41.5,92.9,561.75
2026-09-13T18:00:00Z,GEN-5,0,0.0,0.0,0.0,41.5,92.9,561.75
2026-09-13T19:00:00Z,GEN-5,0,0.0,0.0,0.0,41.5,92.9,561.75
2026-09-13T20:00:00Z,GEN-5,0,0.0,0.0,0.0,41.5,92.9,561.75
2026-09-13T21:00:00Z,GEN-5,0,0.0,0.0,0.0,41.5,92.9,561.75
2026-09-13T22:00:00Z,GEN-5,0,0.0,0.0,0.0,41.5,92.9,561.75
2026-09-13T23:00:00Z,GEN-5,0,0.0,0.0,0.0,41.5,92.9,561.75
2026-09-14T00:00:00Z,GEN-5,0,0.0,0.0,0.0,41.5,92.9,561.75
2026-09-14T01:00:00Z,GEN-5,0,0.0,0.0,0.0,41.5,92.9,561.75
2026-09-14T02:00:00Z,GEN-5,0,0.0,0.0,0.0,41.5,92.9,561.75
2026-09-14T03:00:00Z,GEN-5,0,0.0,0.0,0.0,41.5,92.9,561.75
2026-09-14T04:00:00Z,GEN-5,0,0.0,0.0,0.0,41.5,92.9,561.75
2026-09-14T05:00:00Z,GEN-5,0,0.0,0.0,0.0,41.5,92.9,561.75
2026-09-14T06:00:00Z,GEN-5,0,0.0,0.0,0.0,41.5,92.9,561.75
2026-09-14T07:00:00Z,GEN-5,0,0.0,0.0,0.0,41.5,92.9,561.75
2026-09-14T08:00:00Z,GEN-5,0,0.0,0.0,0.0,41.5,92.9,561.75
2026-09-14T09:00:00Z,GEN-5,0,0.0,0.0,0.0,41.5,92.9,561.75
2026-09-14T10:00:00Z,GEN-5,0,0.0,0.0,0.0,41.5,92.9,561.75
2026-09-14T11:00:00Z,GEN-5,0,0.0,0.0,0.0,41.5,92.9,561.75
2026-09-14T12:00:00Z,GEN-5,0,0.0,0.0,0.0,41.5,92.9,561.75
2026-09-14T13:00:00Z,GEN-5,0,0.0,0.0,0.0,41.5,92.9,561.75
2026-09-14T14:00:00Z,GEN-5,0,0.0,0.0,0.0,41.5,92.9,561.75
2026-09-14T15:00:00Z,GEN-5,0,0.0,0.0,0.0,41.5,92.9,561.75
2026-09-14T16:00:00Z,GEN-5,0,0.0,0.0,0.0,41.5,92.9,561.75
2026-09-14T17:00:00Z,GEN-5,0,0.0,0.0,0.0,41.5,92.9,561.75
2026-09-14T18:00:00Z,GEN-5,0,0.0,0.0,0.0,41.5,92.9,561.75
2026-09-14T19:00:00Z,GEN-5,0,0.0,0.0,0.0,41.5,92.9,561.75
2026-09-14T20:00:00Z,GEN-5,0,0.0,0.0,0.0,41.5,92.9,561.75
2026-09-14T21:00:00Z,GEN-5,0,0.0,0.0,0.0,41.5,92.9,561.75
2026-09-14T22:00:00Z,GEN-5,0,0.0,0.0,0.0,41.5,92.9,561.75
2026-09-14T23:00:00Z,GEN-5,0,0.0,0.0,0.0,41.5,92.9,561.75
2026-09-15T00:00:00Z,GEN-5,0,0.0,0.0,0.0,41.5,92.9,561.75
2026-09-15T01:00:00Z,GEN-5,0,0.0,0.0,0.0,41.5,92.9,561.75
2026-09-15T02:00:00Z,GEN-5,0,0.0,0.0,0.0,41.5,92.9,561.75
2026-09-15T03:00:00Z,GEN-5,0,0.0,0.0,0.0,41.5,92.9,561.75
2026-09-15T04:00:00Z,GEN-5,0,0.0,0.0,0.0,41.5,92.9,561.75
2026-09-15T05:00:00Z,GEN-5,0,0.0,0.0,0.0,41.5,92.9,561.75
2026-09-15T06:00:00Z,GEN-5,0,0.0,0.0,0.0,41.5,92.9,561.75
2026-09-15T07:00:00Z,GEN-5,0,0.0,0.0,0.0,41.5,92.9,561.75
2026-09-15T08:00:00Z,GEN-5,0,0.0,0.0,0.0,41.5,92.9,561.75
2026-09-15T09:00:00Z,GEN-5,0,0.0,0.0,0.0,41.5,92.9,561.75
2026-09-15T10:00:00Z,GEN-5,0,0.0,0.0,0.0,41.5,92.9,561.75
2026-09-15T11:00:00Z,GEN-5,0,0.0,0.0,0.0,41.5,92.9,561.75
2026-09-15T12:00:00Z,GEN-5,0,0.0,0.0,0.0,41.5,92.9,561.75
2026-09-15T13:00:00Z,GEN-5,0,0.0,0.0,0.0,41.5,92.9,561.75
2026-09-15T14:00:00Z,GEN-5,0,0.0,0.0,0.0,41.5,92.9,561.75
2026-09-15T15:00:00Z,GEN-5,0,0.0,0.0,0.0,41.5,92.9,561.75
2026-09-15T16:00:00Z,GEN-5,0,0.0,0.0,0.0,41.5,92.9,561.75
2026-09-15T17:00:00Z,GEN-5,0,0.0,0.0,0.0,41.5,92.9,561.75
2026-09-15T18:00:00Z,GEN-5,36,760.11,1345.4,44.8,81.3,92.3,562.35
2026-09-15T19:00:00Z,GEN-5,4,0.0,0.0,0.0,76.7,92.3,562.42
2026-09-15T20:00:00Z,GEN-5,0,0.0,0.0,0.0,57.8,92.3,562.42
2026-09-15T21:00:00Z,GEN-5,0,0.0,0.0,0.0,49.9,92.3,562.42
2026-09-15T22:00:00Z,GEN-5,0,0.0,0.0,0.0,45.8,92.3,562.42
2026-09-15T23:00:00Z,GEN-5,0,0.0,0.0,0.0,43.7,92.3,562.42
2026-09-16T00:00:00Z,GEN-5,0,0.0,0.0,0.0,42.6,92.3,562.42
2026-09-16T01:00:00Z,GEN-5,0,0.0,0.0,0.0,42.1,92.3,562.42
2026-09-16T02:00:00Z,GEN-5,0,0.0,0.0,0.0,41.8,92.3,562.42
2026-09-16T03:00:00Z,GEN-5,0,0.0,0.0,0.0,41.7,92.3,562.42
2026-09-16T04:00:00Z,GEN-5,0,0.0,0.0,0.0,41.6,92.3,562.42
2026-09-16T05:00:00Z,GEN-5,0,0.0,0.0,0.0,41.5,92.3,562.42
2026-09-16T06:00:00Z,GEN-5,0,0.0,0.0,0.0,41.5,92.3,562.42
2026-09-16T07:00:00Z,GEN-5,0,0.0,0.0,0.0,41.5,92.3,562.42
2026-09-16T08:00:00Z,GEN-5,0,0.0,0.0,0.0,41.5,92.3,562.42
2026-09-16T09:00:00Z,GEN-5,0,0.0,0.0,0.0,41.5,92.3,562.42
2026-09-16T10:00:00Z,GEN-5,0,0.0,0.0,0.0,41.5,92.3,562.42
2026-09-16T11:00:00Z,GEN-5,0,0.0,0.0,0.0,41.5,92.3,562.42
2026-09-16T12:00:00Z,GEN-5,0,0.0,0.0,0.0,41.5,92.3,562.42
2026-09-16T13:00:00Z,GEN-5,0,0.0,0.0,0.0,41.5,92.3,562.42
2026-09-16T14:00:00Z,GEN-5,0,0.0,0.0,0.0,41.5,92.3,562.42
2026-09-16T15:00:00Z,GEN-5,0,0.0,0.0,0.0,41.5,92.3,562.42
2026-09-16T16:00:00Z,GEN-5,0,0.0,0.0,0.0,41.5,92.3,562.42
2026-09-16T17:00:00Z,GEN-5,0,0.0,0.0,0.0,41.5,92.3,562.42
2026-09-16T18:00:00Z,GEN-5,0,0.0,0.0,0.0,41.5,92.3,562.42
2026-09-16T19:00:00Z,GEN-5,0,0.0,0.0,0.0,41.5,92.3,562.42
2026-09-16T20:00:00Z,GEN-5,0,0.0,0.0,0.0,41.5,92.3,562.42
2026-09-16T21:00:00Z,GEN-5,0,0.0,0.0,0.0,41.5,92.3,562.42
2026-09-16T22:00:00Z,GEN-5,0,0.0,0.0,0.0,41.5,92.3,562.42
2026-09-16T23:00:00Z,GEN-5,0,0.0,0.0,0.0,41.5,92.3,562.42
2026-09-17T00:00:00Z,GEN-5,0,0.0,0.0,0.0,41.5,92.3,562.42
2026-09-17T01:00:00Z,GEN-5,0,0.0,0.0,0.0,41.5,92.3,562.42
2026-09-17T02:00:00Z,GEN-5,0,0.0,0.0,0.0,41.5,92.3,562.42
2026-09-17T03:00:00Z,GEN-5,0,0.0,0.0,0.0,41.5,92.3,562.42
2026-09-17T04:00:00Z,GEN-5,0,0.0,0.0,0.0,41.5,92.3,562.42
2026-09-17T05:00:00Z,GEN-5,0,0.0,0.0,0.0,41.5,92.3,562.42
2026-09-17T06:00:00Z,GEN-5,0,0.0,0.0,0.0,41.5,92.3,562.42
2026-09-17T07:00:00Z,GEN-5,0,0.0,0.0,0.0,41.5,92.3,562.42
2026-09-17T08:00:00Z,GEN-5,0,0.0,0.0,0.0,41.5,92.3,562.42
2026-09-17T09:00:00Z,GEN-5,0,0.0,0.0,0.0,41.5,92.3,562.42
2026-09-17T10:00:00Z,GEN-5,0,0.0,0.0,0.0,41.5,92.3,562.42
2026-09-17T11:00:00Z,GEN-5,0,0.0,0.0,0.0,41.5,92.3,562.42
2026-09-17T12:00:00Z,GEN-5,0,0.0,0.0,0.0,41.5,92.3,562.42
2026-09-17T13:00:00Z,GEN-5,0,0.0,0.0,0.0,41.5,92.3,562.42
2026-09-17T14:00:00Z,GEN-5,0,0.0,0.0,0.0,41.5,92.3,562.42
2026-09-17T15:00:00Z,GEN-5,0,0.0,0.0,0.0,41.5,92.3,562.42
2026-09-17T16:00:00Z,GEN-5,0,0.0,0.0,0.0,41.5,92.3,562.42
2026-09-17T17:00:00Z,GEN-5,0,0.0,0.0,0.0,41.5,92.3,562.42
2026-09-17T18:00:00Z,GEN-5,0,0.0,0.0,0.0,41.5,92.3,562.42
2026-09-17T19:00:00Z,GEN-5,0,0.0,0.0,0.0,41.5,92.3,562.42
2026-09-17T20:00:00Z,GEN-5,0,0.0,0.0,0.0,41.5,92.3,562.42
2026-09-17T21:00:00Z,GEN-5,0,0.0,0.0,0.0,41.5,92.3,562.42
2026-09-17T22:00:00Z,GEN-5,0,0.0,0.0,0.0,41.5,92.3,562.42
2026-09-17T23:00:00Z,GEN-5,0,0.0,0.0,0.0,41.5,92.3,562.42
2026-09-18T00:00:00Z,GEN-5,0,0.0,0.0,0.0,41.5,92.3,562.42
2026-09-18T01:00:00Z,GEN-5,0,0.0,0.0,0.0,41.5,92.3,562.42
2026-09-18T02:00:00Z,GEN-5,0,0.0,0.0,0.0,41.5,92.3,562.42
2026-09-18T03:00:00Z,GEN-5,0,0.0,0.0,0.0,41.5,92.3,562.42
2026-09-18T04:00:00Z,GEN-5,0,0.0,0.0,0.0,41.5,92.3,562.42
2026-09-18T05:00:00Z,GEN-5,0,0.0,0.0,0.0,41.5,92.3,562.42
2026-09-18T06:00:00Z,GEN-5,0,0.0,0.0,0.0,41.5,92.3,562.42
2026-09-18T07:00:00Z,GEN-5,0,0.0,0.0,0.0,41.5,92.3,562.42
2026-09-18T08:00:00Z,GEN-5,0,0.0,0.0,0.0,41.5,92.3,562.42
2026-09-18T09:00:00Z,GEN-5,0,0.0,0.0,0.0,41.5,92.3,562.42
2026-09-18T10:00:00Z,GEN-5,0,0.0,0.0,0.0,41.5,92.3,562.42
2026-09-18T11:00:00Z,GEN-5,0,0.0,0.0,0.0,41.5,92.3,562.42
2026-09-18T12:00:00Z,GEN-5,0,0.0,0.0,0.0,41.5,92.3,562.42
2026-09-18T13:00:00Z,GEN-5,0,0.0,0.0,0.0,41.5,92.3,562.42
2026-09-18T14:00:00Z,GEN-5,0,0.0,0.0,0.0,41.5,92.3,562.42
2026-09-18T15:00:00Z,GEN-5,0,0.0,0.0,0.0,41.5,92.3,562.42
2026-09-18T16:00:00Z,GEN-5,0,0.0,0.0,0.0,41.5,92.3,562.42
2026-09-18T17:00:00Z,GEN-5,0,0.0,0.0,0.0,41.5,92.3,562.42
2026-09-18T18:00:00Z,GEN-5,0,0.0,0.0,0.0,41.5,92.3,562.42
2026-09-18T19:00:00Z,GEN-5,0,0.0,0.0,0.0,41.5,92.3,562.42
2026-09-18T20:00:00Z,GEN-5,0,0.0,0.0,0.0,41.5,92.3,562.42
2026-09-18T21:00:00Z,GEN-5,0,0.0,0.0,0.0,41.5,92.3,562.42
2026-09-18T22:00:00Z,GEN-5,0,0.0,0.0,0.0,41.5,92.3,562.42
2026-09-18T23:00:00Z,GEN-5,0,0.0,0.0,0.0,41.5,92.3,562.42
2026-09-19T00:00:00Z,GEN-5,0,0.0,0.0,0.0,41.5,92.3,562.42
2026-09-19T01:00:00Z,GEN-5,0,0.0,0.0,0.0,41.5,92.3,562.42
2026-09-19T02:00:00Z,GEN-5,0,0.0,0.0,0.0,41.5,92.3,562.42
2026-09-19T03:00:00Z,GEN-5,0,0.0,0.0,0.0,41.5,92.3,562.42
2026-09-19T04:00:00Z,GEN-5,0,0.0,0.0,0.0,41.5,92.3,562.42
2026-09-19T05:00:00Z,GEN-5,0,0.0,0.0,0.0,41.5,92.3,562.42
2026-09-19T06:00:00Z,GEN-5,0,0.0,0.0,0.0,41.5,92.3,562.42
2026-09-19T07:00:00Z,GEN-5,0,0.0,0.0,0.0,41.5,92.3,562.42
2026-09-19T08:00:00Z,GEN-5,0,0.0,0.0,0.0,41.5,92.3,562.42
2026-09-19T09:00:00Z,GEN-5,0,0.0,0.0,0.0,41.5,92.3,562.42
2026-09-19T10:00:00Z,GEN-5,0,0.0,0.0,0.0,41.5,92.3,562.42
2026-09-19T11:00:00Z,GEN-5,0,0.0,0.0,0.0,41.5,92.3,562.42
2026-09-19T12:00:00Z,GEN-5,0,0.0,0.0,0.0,41.5,92.3,562.42
2026-09-19T13:00:00Z,GEN-5,0,0.0,0.0,0.0,41.5,92.3,562.42
2026-09-19T14:00:00Z,GEN-5,0,0.0,0.0,0.0,41.5,92.3,562.42
2026-09-19T15:00:00Z,GEN-5,0,0.0,0.0,0.0,41.5,92.3,562.42
2026-09-19T16:00:00Z,GEN-5,0,0.0,0.0,0.0,41.5,92.3,562.42
2026-09-19T17:00:00Z,GEN-5,0,0.0,0.0,0.0,41.5,92.3,562.42
2026-09-19T18:00:00Z,GEN-5,0,0.0,0.0,0.0,41.5,92.3,562.42
2026-09-19T19:00:00Z,GEN-5,0,0.0,0.0,0.0,41.5,92.3,562.42
2026-09-19T20:00:00Z,GEN-5,0,0.0,0.0,0.0,41.5,92.3,562.42
2026-09-19T21:00:00Z,GEN-5,0,0.0,0.0,0.0,41.5,92.3,562.42
2026-09-19T22:00:00Z,GEN-5,0,0.0,0.0,0.0,41.5,92.3,562.42
2026-09-19T23:00:00Z,GEN-5,0,0.0,0.0,0.0,41.5,92.3,562.42
2026-09-20T00:00:00Z,GEN-5,0,0.0,0.0,0.0,41.5,92.3,562.42
2026-09-20T01:00:00Z,GEN-5,0,0.0,0.0,0.0,41.5,92.3,562.42
2026-09-20T02:00:00Z,GEN-5,0,0.0,0.0,0.0,41.5,92.3,562.42
2026-09-20T03:00:00Z,GEN-5,0,0.0,0.0,0.0,41.5,92.3,562.42
2026-09-20T04:00:00Z,GEN-5,0,0.0,0.0,0.0,41.5,92.3,562.42
2026-09-20T05:00:00Z,GEN-5,0,0.0,0.0,0.0,41.5,92.3,562.42
2026-09-20T06:00:00Z,GEN-5,0,0.0,0.0,0.0,41.5,92.3,562.42
2026-09-20T07:00:00Z,GEN-5,0,0.0,0.0,0.0,41.5,92.3,562.42
2026-09-20T08:00:00Z,GEN-5,0,0.0,0.0,0.0,41.5,92.3,562.42
2026-09-20T09:00:00Z,GEN-5,0,0.0,0.0,0.0,41.5,92.3,562.42
2026-09-20T10:00:00Z,GEN-5,0,0.0,0.0,0.0,41.5,92.3,562.42
2026-09-20T11:00:00Z,GEN-5,0,0.0,0.0,0.0,41.5,92.3,562.42
2026-09-20T12:00:00Z,GEN-5,0,0.0,0.0,0.0,41.5,92.3,562.42
2026-09-20T13:00:00Z,GEN-5,0,0.0,0.0,0.0,41.5,92.3,562.42
2026-09-20T14:00:00Z,GEN-5,0,0.0,0.0,0.0,41.5,92.3,562.42
2026-09-20T15:00:00Z,GEN-5,0,0.0,0.0,0.0,41.5,92.3,562.42
2026-09-20T16:00:00Z,GEN-5,0,0.0,0.0,0.0,41.5,92.3,562.42
2026-09-20T17:00:00Z,GEN-5,0,0.0,0.0,0.0,41.5,92.3,562.42
2026-09-20T18:00:00Z,GEN-5,0,0.0,0.0,0.0,41.5,92.3,562.42
2026-09-20T19:00:00Z,GEN-5,0,0.0,0.0,0.0,41.5,92.3,562.42
2026-09-20T20:00:00Z,GEN-5,0,0.0,0.0,0.0,41.5,92.3,562.42
2026-09-20T21:00:00Z,GEN-5,0,0.0,0.0,0.0,41.5,92.3,562.42
2026-09-20T22:00:00Z,GEN-5,0,0.0,0.0,0.0,41.5,92.3,562.42
2026-09-20T23:00:00Z,GEN-5,0,0.0,0.0,0.0,41.5,92.3,562.42
2026-09-21T00:00:00Z,GEN-5,0,0.0,0.0,0.0,41.5,92.3,562.42
2026-09-21T01:00:00Z,GEN-5,0,0.0,0.0,0.0,41.5,92.3,562.42
2026-09-21T02:00:00Z,GEN-5,0,0.0,0.0,0.0,41.5,92.3,562.42
2026-09-21T03:00:00Z,GEN-5,0,0.0,0.0,0.0,41.5,92.3,562.42
2026-09-21T04:00:00Z,GEN-5,0,0.0,0.0,0.0,41.5,92.3,562.42
2026-09-21T05:00:00Z,GEN-5,0,0.0,0.0,0.0,41.5,92.3,562.42
2026-09-21T06:00:00Z,GEN-5,0,0.0,0.0,0.0,41.5,92.3,562.42
2026-09-21T07:00:00Z,GEN-5,0,0.0,0.0,0.0,41.5,92.3,562.42
2026-09-21T08:00:00Z,GEN-5,0,0.0,0.0,0.0,41.5,92.3,562.42
2026-09-21T09:00:00Z,GEN-5,0,0.0,0.0,0.0,41.5,92.3,562.42
2026-09-21T10:00:00Z,GEN-5,0,0.0,0.0,0.0,41.5,92.3,562.42
2026-09-21T11:00:00Z,GEN-5,0,0.0,0.0,0.0,41.5,92.3,562.42
2026-09-21T12:00:00Z,GEN-5,0,0.0,0.0,0.0,41.5,92.3,562.42
2026-09-21T13:00:00Z,GEN-5,0,0.0,0.0,0.0,41.5,92.3,562.42
2026-09-21T14:00:00Z,GEN-5,0,0.0,0.0,0.0,41.5,92.3,562.42
2026-09-21T15:00:00Z,GEN-5,0,0.0,0.0,0.0,41.5,92.3,562.42
2026-09-21T16:00:00Z,GEN-5,0,0.0,0.0,0.0,41.5,92.3,562.42
2026-09-21T17:00:00Z,GEN-5,0,0.0,0.0,0.0,41.5,92.3,562.42
2026-09-21T18:00:00Z,GEN-5,0,0.0,0.0,0.0,41.5,92.3,562.42
2026-09-21T19:00:00Z,GEN-5,0,0.0,0.0,0.0,41.5,92.3,562.42
2026-09-21T20:00:00Z,GEN-5,0,0.0,0.0,0.0,41.5,92.3,562.42
2026-09-21T21:00:00Z,GEN-5,0,0.0,0.0,0.0,41.5,92.3,562.42
2026-09-21T22:00:00Z,GEN-5,0,0.0,0.0,0.0,41.5,92.3,562.42
2026-09-21T23:00:00Z,GEN-5,0,0.0,0.0,0.0,41.5,92.3,562.42
2026-09-22T00:00:00Z,GEN-5,0,0.0,0.0,0.0,41.5,92.3,562.42
2026-09-22T01:00:00Z,GEN-5,0,0.0,0.0,0.0,41.5,92.3,562.42
2026-09-22T02:00:00Z,GEN-5,0,0.0,0.0,0.0,41.5,92.3,562.42
2026-09-22T03:00:00Z,GEN-5,0,0.0,0.0,0.0,41.5,92.3,562.42
2026-09-22T04:00:00Z,GEN-5,0,0.0,0.0,0.0,41.5,92.3,562.42
2026-09-22T05:00:00Z,GEN-5,0,0.0,0.0,0.0,41.5,92.3,562.42
2026-09-22T06:00:00Z,GEN-5,0,0.0,0.0,0.0,41.5,92.3,562.42
2026-09-22T07:00:00Z,GEN-5,0,0.0,0.0,0.0,41.5,92.3,562.42
2026-09-22T08:00:00Z,GEN-5,0,0.0,0.0,0.0,41.5,92.3,562.42
2026-09-22T09:00:00Z,GEN-5,0,0.0,0.0,0.0,41.5,92.3,562.42
2026-09-22T10:00:00Z,GEN-5,0,0.0,0.0,0.0,41.5,92.3,562.42
2026-09-22T11:00:00Z,GEN-5,0,0.0,0.0,0.0,41.5,92.3,562.42
2026-09-22T12:00:00Z,GEN-5,0,0.0,0.0,0.0,41.5,92.3,562.42
2026-09-22T13:00:00Z,GEN-5,0,0.0,0.0,0.0,41.5,92.3,562.42
2026-09-22T14:00:00Z,GEN-5,0,0.0,0.0,0.0,41.5,92.3,562.42
2026-09-22T15:00:00Z,GEN-5,0,0.0,0.0,0.0,41.5,92.3,562.42
2026-09-22T16:00:00Z,GEN-5,0,0.0,0.0,0.0,41.5,92.3,562.42
2026-09-22T17:00:00Z,GEN-5,0,0.0,0.0,0.0,41.5,92.3,562.42
2026-09-22T18:00:00Z,GEN-5,0,0.0,0.0,0.0,41.5,92.3,562.42
2026-09-22T19:00:00Z,GEN-5,0,0.0,0.0,0.0,41.5,92.3,562.42
2026-09-22T20:00:00Z,GEN-5,0,0.0,0.0,0.0,41.5,92.3,562.42
2026-09-22T21:00:00Z,GEN-5,0,0.0,0.0,0.0,41.5,92.3,562.42
2026-09-22T22:00:00Z,GEN-5,0,0.0,0.0,0.0,41.5,92.3,562.42
2026-09-22T23:00:00Z,GEN-5,0,0.0,0.0,0.0,41.5,92.3,562.42
2026-09-23T00:00:00Z,GEN-5,0,0.0,0.0,0.0,41.5,92.3,562.42
2026-09-23T01:00:00Z,GEN-5,0,0.0,0.0,0.0,41.5,92.3,562.42
2026-09-23T02:00:00Z,GEN-5,0,0.0,0.0,0.0,41.5,92.3,562.42
2026-09-23T03:00:00Z,GEN-5,0,0.0,0.0,0.0,41.5,92.3,562.42
2026-09-23T04:00:00Z,GEN-5,0,0.0,0.0,0.0,41.5,92.3,562.42
2026-09-23T05:00:00Z,GEN-5,0,0.0,0.0,0.0,41.5,92.3,562.42
2026-09-23T06:00:00Z,GEN-5,0,0.0,0.0,0.0,41.5,92.3,562.42
2026-09-23T07:00:00Z,GEN-5,0,0.0,0.0,0.0,41.5,92.3,562.42
2026-09-23T08:00:00Z,GEN-5,0,0.0,0.0,0.0,41.5,92.3,562.42
2026-09-23T09:00:00Z,GEN-5,0,0.0,0.0,0.0,41.5,92.3,562.42
2026-09-23T10:00:00Z,GEN-5,0,0.0,0.0,0.0,41.5,92.3,562.42
2026-09-23T11:00:00Z,GEN-5,0,0.0,0.0,0.0,41.5,92.3,562.42
2026-09-23T12:00:00Z,GEN-5,0,0.0,0.0,0.0,41.5,92.3,562.42
2026-09-23T13:00:00Z,GEN-5,0,0.0,0.0,0.0,41.5,92.3,562.42
2026-09-23T14:00:00Z,GEN-5,0,0.0,0.0,0.0,41.5,92.3,562.42
2026-09-23T15:00:00Z,GEN-5,0,0.0,0.0,0.0,41.5,92.3,562.42
2026-09-23T16:00:00Z,GEN-5,0,0.0,0.0,0.0,41.5,92.3,562.42
2026-09-23T17:00:00Z,GEN-5,0,0.0,0.0,0.0,41.5,92.3,562.42
2026-09-23T18:00:00Z,GEN-5,0,0.0,0.0,0.0,41.5,92.3,562.42
2026-09-23T19:00:00Z,GEN-5,0,0.0,0.0,0.0,41.5,92.3,562.42
2026-09-23T20:00:00Z,GEN-5,0,0.0,0.0,0.0,41.5,92.3,562.42
2026-09-23T21:00:00Z,GEN-5,0,0.0,0.0,0.0,41.5,92.3,562.42
2026-09-23T22:00:00Z,GEN-5,0,0.0,0.0,0.0,41.5,92.3,562.42
2026-09-23T23:00:00Z,GEN-5,0,0.0,0.0,0.0,41.5,92.3,562.42
2026-09-24T00:00:00Z,GEN-5,0,0.0,0.0,0.0,41.5,92.3,562.42
2026-09-24T01:00:00Z,GEN-5,0,0.0,0.0,0.0,41.5,92.3,562.42
2026-09-24T02:00:00Z,GEN-5,0,0.0,0.0,0.0,41.5,92.3,562.42
2026-09-24T03:00:00Z,GEN-5,0,0.0,0.0,0.0,41.5,92.3,562.42
2026-09-24T04:00:00Z,GEN-5,0,0.0,0.0,0.0,41.5,92.3,562.42
2026-09-24T05:00:00Z,GEN-5,0,0.0,0.0,0.0,41.5,92.3,562.42
2026-09-24T06:00:00Z,GEN-5,0,0.0,0.0,0.0,41.5,92.3,562.42
2026-09-24T07:00:00Z,GEN-5,0,0.0,0.0,0.0,41.5,92.3,562.42
2026-09-24T08:00:00Z,GEN-5,0,0.0,0.0,0.0,41.5,92.3,562.42
2026-09-24T09:00:00Z,GEN-5,0,0.0,0.0,0.0,41.5,92.3,562.42
2026-09-24T10:00:00Z,GEN-5,0,0.0,0.0,0.0,41.5,92.3,562.42
2026-09-24T11:00:00Z,GEN-5,0,0.0,0.0,0.0,41.5,92.3,562.42
2026-09-24T12:00:00Z,GEN-5,0,0.0,0.0,0.0,41.5,92.3,562.42
2026-09-24T13:00:00Z,GEN-5,0,0.0,0.0,0.0,41.5,92.3,562.42
2026-09-24T14:00:00Z,GEN-5,0,0.0,0.0,0.0,41.5,92.3,562.42
2026-09-24T15:00:00Z,GEN-5,0,0.0,0.0,0.0,41.5,92.3,562.42
2026-09-24T16:00:00Z,GEN-5,0,0.0,0.0,0.0,41.5,92.3,562.42
2026-09-24T17:00:00Z,GEN-5,0,0.0,0.0,0.0,41.5,92.3,562.42
2026-09-24T18:00:00Z,GEN-5,0,0.0,0.0,0.0,41.5,92.3,562.42
2026-09-24T19:00:00Z,GEN-5,0,0.0,0.0,0.0,41.5,92.3,562.42
2026-09-24T20:00:00Z,GEN-5,0,0.0,0.0,0.0,41.5,92.3,562.42
2026-09-24T21:00:00Z,GEN-5,45,665.71,1065.3,35.5,76.7,91.8,563.17
2026-09-24T22:00:00Z,GEN-5,1,0.0,0.0,0.0,70.2,91.8,563.19
2026-09-24T23:00:00Z,GEN-5,0,0.0,0.0,0.0,56.2,91.8,563.19
2026-09-25T00:00:00Z,GEN-5,0,0.0,0.0,0.0,49.1,91.8,563.19
2026-09-25T01:00:00Z,GEN-5,0,0.0,0.0,0.0,45.4,91.8,563.19
2026-09-25T02:00:00Z,GEN-5,0,0.0,0.0,0.0,43.5,91.8,563.19
2026-09-25T03:00:00Z,GEN-5,0,0.0,0.0,0.0,42.5,91.8,563.19
2026-09-25T04:00:00Z,GEN-5,0,0.0,0.0,0.0,42.0,91.8,563.19
2026-09-25T05:00:00Z,GEN-5,0,0.0,0.0,0.0,41.8,91.8,563.19
2026-09-25T06:00:00Z,GEN-5,0,0.0,0.0,0.0,41.6,91.8,563.19
2026-09-25T07:00:00Z,GEN-5,0,0.0,0.0,0.0,41.6,91.8,563.19
2026-09-25T08:00:00Z,GEN-5,0,0.0,0.0,0.0,41.5,91.8,563.19
2026-09-25T09:00:00Z,GEN-5,0,0.0,0.0,0.0,41.5,91.8,563.19
2026-09-25T10:00:00Z,GEN-5,0,0.0,0.0,0.0,41.5,91.8,563.19
2026-09-25T11:00:00Z,GEN-5,0,0.0,0.0,0.0,41.5,91.8,563.19
2026-09-25T12:00:00Z,GEN-5,0,0.0,0.0,0.0,41.5,91.8,563.19
2026-09-25T13:00:00Z,GEN-5,0,0.0,0.0,0.0,41.5,91.8,563.19
2026-09-25T14:00:00Z,GEN-5,0,0.0,0.0,0.0,41.5,91.8,563.19
2026-09-25T15:00:00Z,GEN-5,0,0.0,0.0,0.0,41.5,91.8,563.19
2026-09-25T16:00:00Z,GEN-5,0,0.0,0.0,0.0,41.5,91.8,563.19
2026-09-25T17:00:00Z,GEN-5,0,0.0,0.0,0.0,41.5,91.8,563.19
2026-09-25T18:00:00Z,GEN-5,0,0.0,0.0,0.0,41.5,91.8,563.19
2026-09-25T19:00:00Z,GEN-5,0,0.0,0.0,0.0,41.5,91.8,563.19
2026-09-25T20:00:00Z,GEN-5,0,0.0,0.0,0.0,41.5,91.8,563.19
2026-09-25T21:00:00Z,GEN-5,0,0.0,0.0,0.0,41.5,91.8,563.19
2026-09-25T22:00:00Z,GEN-5,0,0.0,0.0,0.0,41.5,91.8,563.19
2026-09-25T23:00:00Z,GEN-5,0,0.0,0.0,0.0,41.5,91.8,563.19
2026-09-26T00:00:00Z,GEN-5,0,0.0,0.0,0.0,41.5,91.8,563.19
2026-09-26T01:00:00Z,GEN-5,0,0.0,0.0,0.0,41.5,91.8,563.19
2026-09-26T02:00:00Z,GEN-5,0,0.0,0.0,0.0,41.5,91.8,563.19
2026-09-26T03:00:00Z,GEN-5,0,0.0,0.0,0.0,41.5,91.8,563.19
2026-09-26T04:00:00Z,GEN-5,0,0.0,0.0,0.0,41.5,91.8,563.19
2026-09-26T05:00:00Z,GEN-5,0,0.0,0.0,0.0,41.5,91.8,563.19
2026-09-26T06:00:00Z,GEN-5,0,0.0,0.0,0.0,41.5,91.8,563.19
2026-09-26T07:00:00Z,GEN-5,0,0.0,0.0,0.0,41.5,91.8,563.19
2026-09-26T08:00:00Z,GEN-5,0,0.0,0.0,0.0,41.5,91.8,563.19
2026-09-26T09:00:00Z,GEN-5,0,0.0,0.0,0.0,41.5,91.8,563.19
2026-09-26T10:00:00Z,GEN-5,0,0.0,0.0,0.0,41.5,91.8,563.19
2026-09-26T11:00:00Z,GEN-5,0,0.0,0.0,0.0,41.5,91.8,563.19
2026-09-26T12:00:00Z,GEN-5,0,0.0,0.0,0.0,41.5,91.8,563.19
2026-09-26T13:00:00Z,GEN-5,0,0.0,0.0,0.0,41.5,91.8,563.19
2026-09-26T14:00:00Z,GEN-5,0,0.0,0.0,0.0,41.5,91.8,563.19
2026-09-26T15:00:00Z,GEN-5,0,0.0,0.0,0.0,41.5,91.8,563.19
2026-09-26T16:00:00Z,GEN-5,0,0.0,0.0,0.0,41.5,91.8,563.19
2026-09-26T17:00:00Z,GEN-5,0,0.0,0.0,0.0,41.5,91.8,563.19
2026-09-26T18:00:00Z,GEN-5,0,0.0,0.0,0.0,41.5,91.8,563.19
2026-09-26T19:00:00Z,GEN-5,0,0.0,0.0,0.0,41.5,91.8,563.19
2026-09-26T20:00:00Z,GEN-5,0,0.0,0.0,0.0,41.5,91.8,563.19
2026-09-26T21:00:00Z,GEN-5,0,0.0,0.0,0.0,41.5,91.8,563.19
2026-09-26T22:00:00Z,GEN-5,0,0.0,0.0,0.0,41.5,91.8,563.19
2026-09-26T23:00:00Z,GEN-5,0,0.0,0.0,0.0,41.5,91.8,563.19
2026-09-27T00:00:00Z,GEN-5,0,0.0,0.0,0.0,41.5,91.8,563.19
2026-09-27T01:00:00Z,GEN-5,0,0.0,0.0,0.0,41.5,91.8,563.19
2026-09-27T02:00:00Z,GEN-5,0,0.0,0.0,0.0,41.5,91.8,563.19
2026-09-27T03:00:00Z,GEN-5,0,0.0,0.0,0.0,41.5,91.8,563.19
2026-09-27T04:00:00Z,GEN-5,0,0.0,0.0,0.0,41.5,91.8,563.19
2026-09-27T05:00:00Z,GEN-5,0,0.0,0.0,0.0,41.5,91.8,563.19
2026-09-27T06:00:00Z,GEN-5,0,0.0,0.0,0.0,41.5,91.8,563.19
2026-09-27T07:00:00Z,GEN-5,0,0.0,0.0,0.0,41.5,91.8,563.19
2026-09-27T08:00:00Z,GEN-5,0,0.0,0.0,0.0,41.5,91.8,563.19
2026-09-27T09:00:00Z,GEN-5,0,0.0,0.0,0.0,41.5,91.8,563.19
2026-09-27T10:00:00Z,GEN-5,0,0.0,0.0,0.0,41.5,91.8,563.19
2026-09-27T11:00:00Z,GEN-5,0,0.0,0.0,0.0,41.5,91.8,563.19
2026-09-27T12:00:00Z,GEN-5,0,0.0,0.0,0.0,41.5,91.8,563.19
2026-09-27T13:00:00Z,GEN-5,0,0.0,0.0,0.0,41.5,91.8,563.19
2026-09-27T14:00:00Z,GEN-5,0,0.0,0.0,0.0,41.5,91.8,563.19
2026-09-27T15:00:00Z,GEN-5,0,0.0,0.0,0.0,41.5,91.8,563.19
2026-09-27T16:00:00Z,GEN-5,0,0.0,0.0,0.0,41.5,91.8,563.19
2026-09-27T17:00:00Z,GEN-5,0,0.0,0.0,0.0,41.5,91.8,563.19
2026-09-27T18:00:00Z,GEN-5,0,0.0,0.0,0.0,41.5,91.8,563.19
2026-09-27T19:00:00Z,GEN-5,0,0.0,0.0,0.0,41.5,91.8,563.19
2026-09-27T20:00:00Z,GEN-5,0,0.0,0.0,0.0,41.5,91.8,563.19
2026-09-27T21:00:00Z,GEN-5,0,0.0,0.0,0.0,41.5,91.8,563.19
2026-09-27T22:00:00Z,GEN-5,0,0.0,0.0,0.0,41.5,91.8,563.19
2026-09-27T23:00:00Z,GEN-5,0,0.0,0.0,0.0,41.5,91.8,563.19
2026-08-31T00:00:00Z,GEN-6,0,0.0,0.0,0.0,38.8,88.2,607.52
2026-08-31T01:00:00Z,GEN-6,0,0.0,0.0,0.0,38.8,88.2,607.52
2026-08-31T02:00:00Z,GEN-6,0,0.0,0.0,0.0,38.8,88.2,607.52
2026-08-31T03:00:00Z,GEN-6,0,0.0,0.0,0.0,38.8,88.2,607.52
2026-08-31T04:00:00Z,GEN-6,0,0.0,0.0,0.0,38.8,88.2,607.52
2026-08-31T05:00:00Z,GEN-6,0,0.0,0.0,0.0,38.8,88.2,607.52
2026-08-31T06:00:00Z,GEN-6,0,0.0,0.0,0.0,38.8,88.2,607.52
2026-08-31T07:00:00Z,GEN-6,0,0.0,0.0,0.0,38.8,88.2,607.52
2026-08-31T08:00:00Z,GEN-6,0,0.0,0.0,0.0,38.8,88.2,607.52
2026-08-31T09:00:00Z,GEN-6,0,0.0,0.0,0.0,38.8,88.2,607.52
2026-08-31T10:00:00Z,GEN-6,0,0.0,0.0,0.0,38.8,88.2,607.52
2026-08-31T11:00:00Z,GEN-6,0,0.0,0.0,0.0,38.8,88.2,607.52
2026-08-31T12:00:00Z,GEN-6,0,0.0,0.0,0.0,38.8,88.2,607.52
2026-08-31T13:00:00Z,GEN-6,0,0.0,0.0,0.0,38.8,88.2,607.52
2026-08-31T14:00:00Z,GEN-6,0,0.0,0.0,0.0,38.8,88.2,607.52
2026-08-31T15:00:00Z,GEN-6,0,0.0,0.0,0.0,38.8,88.2,607.52
2026-08-31T16:00:00Z,GEN-6,0,0.0,0.0,0.0,38.8,88.2,607.52
2026-08-31T17:00:00Z,GEN-6,0,0.0,0.0,0.0,38.8,88.2,607.52
2026-08-31T18:00:00Z,GEN-6,0,0.0,0.0,0.0,38.8,88.2,607.52
2026-08-31T19:00:00Z,GEN-6,0,0.0,0.0,0.0,38.8,88.2,607.52
2026-08-31T20:00:00Z,GEN-6,0,0.0,0.0,0.0,38.8,88.2,607.52
2026-08-31T21:00:00Z,GEN-6,0,0.0,0.0,0.0,38.8,88.2,607.52
2026-08-31T22:00:00Z,GEN-6,0,0.0,0.0,0.0,38.8,88.2,607.52
2026-08-31T23:00:00Z,GEN-6,0,0.0,0.0,0.0,38.8,88.2,607.52
2026-09-01T00:00:00Z,GEN-6,0,0.0,0.0,0.0,38.8,88.2,607.52
2026-09-01T01:00:00Z,GEN-6,0,0.0,0.0,0.0,38.8,88.2,607.52
2026-09-01T02:00:00Z,GEN-6,0,0.0,0.0,0.0,38.8,88.2,607.52
2026-09-01T03:00:00Z,GEN-6,0,0.0,0.0,0.0,38.8,88.2,607.52
2026-09-01T04:00:00Z,GEN-6,0,0.0,0.0,0.0,38.8,88.2,607.52
2026-09-01T05:00:00Z,GEN-6,0,0.0,0.0,0.0,38.8,88.2,607.52
2026-09-01T06:00:00Z,GEN-6,0,0.0,0.0,0.0,38.8,88.2,607.52
2026-09-01T07:00:00Z,GEN-6,0,0.0,0.0,0.0,38.8,88.2,607.52
2026-09-01T08:00:00Z,GEN-6,0,0.0,0.0,0.0,38.8,88.2,607.52
2026-09-01T09:00:00Z,GEN-6,0,0.0,0.0,0.0,38.8,88.2,607.52
2026-09-01T10:00:00Z,GEN-6,0,0.0,0.0,0.0,38.8,88.2,607.52
2026-09-01T11:00:00Z,GEN-6,0,0.0,0.0,0.0,38.8,88.2,607.52
2026-09-01T12:00:00Z,GEN-6,0,0.0,0.0,0.0,38.8,88.2,607.52
2026-09-01T13:00:00Z,GEN-6,0,0.0,0.0,0.0,38.8,88.2,607.52
2026-09-01T14:00:00Z,GEN-6,0,0.0,0.0,0.0,38.8,88.2,607.52
2026-09-01T15:00:00Z,GEN-6,0,0.0,0.0,0.0,38.8,88.2,607.52
2026-09-01T16:00:00Z,GEN-6,0,0.0,0.0,0.0,38.8,88.2,607.52
2026-09-01T17:00:00Z,GEN-6,0,0.0,0.0,0.0,38.8,88.2,607.52
2026-09-01T18:00:00Z,GEN-6,0,0.0,0.0,0.0,38.8,88.2,607.52
2026-09-01T19:00:00Z,GEN-6,0,0.0,0.0,0.0,38.8,88.2,607.52
2026-09-01T20:00:00Z,GEN-6,0,0.0,0.0,0.0,38.8,88.2,607.52
2026-09-01T21:00:00Z,GEN-6,0,0.0,0.0,0.0,38.8,88.2,607.52
2026-09-01T22:00:00Z,GEN-6,0,0.0,0.0,0.0,38.8,88.2,607.52
2026-09-01T23:00:00Z,GEN-6,0,0.0,0.0,0.0,38.8,88.2,607.52
2026-09-02T00:00:00Z,GEN-6,0,0.0,0.0,0.0,38.8,88.2,607.52
2026-09-02T01:00:00Z,GEN-6,0,0.0,0.0,0.0,38.8,88.2,607.52
2026-09-02T02:00:00Z,GEN-6,0,0.0,0.0,0.0,38.8,88.2,607.52
2026-09-02T03:00:00Z,GEN-6,0,0.0,0.0,0.0,38.8,88.2,607.52
2026-09-02T04:00:00Z,GEN-6,0,0.0,0.0,0.0,38.8,88.2,607.52
2026-09-02T05:00:00Z,GEN-6,0,0.0,0.0,0.0,38.8,88.2,607.52
2026-09-02T06:00:00Z,GEN-6,0,0.0,0.0,0.0,38.8,88.2,607.52
2026-09-02T07:00:00Z,GEN-6,0,0.0,0.0,0.0,38.8,88.2,607.52
2026-09-02T08:00:00Z,GEN-6,0,0.0,0.0,0.0,38.8,88.2,607.52
2026-09-02T09:00:00Z,GEN-6,0,0.0,0.0,0.0,38.8,88.2,607.52
2026-09-02T10:00:00Z,GEN-6,0,0.0,0.0,0.0,38.8,88.2,607.52
2026-09-02T11:00:00Z,GEN-6,0,0.0,0.0,0.0,38.8,88.2,607.52
2026-09-02T12:00:00Z,GEN-6,0,0.0,0.0,0.0,38.8,88.2,607.52
2026-09-02T13:00:00Z,GEN-6,0,0.0,0.0,0.0,38.8,88.2,607.52
2026-09-02T14:00:00Z,GEN-6,0,0.0,0.0,0.0,38.8,88.2,607.52
2026-09-02T15:00:00Z,GEN-6,0,0.0,0.0,0.0,38.8,88.2,607.52
2026-09-02T16:00:00Z,GEN-6,0,0.0,0.0,0.0,38.8,88.2,607.52
2026-09-02T17:00:00Z,GEN-6,0,0.0,0.0,0.0,38.8,88.2,607.52
2026-09-02T18:00:00Z,GEN-6,0,0.0,0.0,0.0,38.8,88.2,607.52
2026-09-02T19:00:00Z,GEN-6,0,0.0,0.0,0.0,38.8,88.2,607.52
2026-09-02T20:00:00Z,GEN-6,0,0.0,0.0,0.0,38.8,88.2,607.52
2026-09-02T21:00:00Z,GEN-6,0,0.0,0.0,0.0,38.8,88.2,607.52
2026-09-02T22:00:00Z,GEN-6,0,0.0,0.0,0.0,38.8,88.2,607.52
2026-09-02T23:00:00Z,GEN-6,0,0.0,0.0,0.0,38.8,88.2,607.52
2026-09-03T00:00:00Z,GEN-6,0,0.0,0.0,0.0,38.8,88.2,607.52
2026-09-03T01:00:00Z,GEN-6,0,0.0,0.0,0.0,38.8,88.2,607.52
2026-09-03T02:00:00Z,GEN-6,0,0.0,0.0,0.0,38.8,88.2,607.52
2026-09-03T03:00:00Z,GEN-6,0,0.0,0.0,0.0,38.8,88.2,607.52
2026-09-03T04:00:00Z,GEN-6,0,0.0,0.0,0.0,38.8,88.2,607.52
2026-09-03T05:00:00Z,GEN-6,0,0.0,0.0,0.0,38.8,88.2,607.52
2026-09-03T06:00:00Z,GEN-6,0,0.0,0.0,0.0,38.8,88.2,607.52
2026-09-03T07:00:00Z,GEN-6,0,0.0,0.0,0.0,38.8,88.2,607.52
2026-09-03T08:00:00Z,GEN-6,0,0.0,0.0,0.0,38.8,88.2,607.52
2026-09-03T09:00:00Z,GEN-6,0,0.0,0.0,0.0,38.8,88.2,607.52
2026-09-03T10:00:00Z,GEN-6,0,0.0,0.0,0.0,38.8,88.2,607.52
2026-09-03T11:00:00Z,GEN-6,0,0.0,0.0,0.0,38.8,88.2,607.52
2026-09-03T12:00:00Z,GEN-6,0,0.0,0.0,0.0,38.8,88.2,607.52
2026-09-03T13:00:00Z,GEN-6,0,0.0,0.0,0.0,38.8,88.2,607.52
2026-09-03T14:00:00Z,GEN-6,0,0.0,0.0,0.0,38.8,88.2,607.52
2026-09-03T15:00:00Z,GEN-6,0,0.0,0.0,0.0,38.8,88.2,607.52
2026-09-03T16:00:00Z,GEN-6,0,0.0,0.0,0.0,38.8,88.2,607.52
2026-09-03T17:00:00Z,GEN-6,0,0.0,0.0,0.0,38.8,88.2,607.52
2026-09-03T18:00:00Z,GEN-6,0,0.0,0.0,0.0,38.8,88.2,607.52
2026-09-03T19:00:00Z,GEN-6,0,0.0,0.0,0.0,38.8,88.2,607.52
2026-09-03T20:00:00Z,GEN-6,0,0.0,0.0,0.0,38.8,88.2,607.52
2026-09-03T21:00:00Z,GEN-6,0,0.0,0.0,0.0,38.8,88.2,607.52
2026-09-03T22:00:00Z,GEN-6,0,0.0,0.0,0.0,38.8,88.2,607.52
2026-09-03T23:00:00Z,GEN-6,0,0.0,0.0,0.0,38.8,88.2,607.52
2026-09-04T00:00:00Z,GEN-6,0,0.0,0.0,0.0,38.8,88.2,607.52
2026-09-04T01:00:00Z,GEN-6,0,0.0,0.0,0.0,38.8,88.2,607.52
2026-09-04T02:00:00Z,GEN-6,0,0.0,0.0,0.0,38.8,88.2,607.52
2026-09-04T03:00:00Z,GEN-6,0,0.0,0.0,0.0,38.8,88.2,607.52
2026-09-04T04:00:00Z,GEN-6,0,0.0,0.0,0.0,38.8,88.2,607.52
2026-09-04T05:00:00Z,GEN-6,0,0.0,0.0,0.0,38.8,88.2,607.52
2026-09-04T06:00:00Z,GEN-6,0,0.0,0.0,0.0,38.8,88.2,607.52
2026-09-04T07:00:00Z,GEN-6,0,0.0,0.0,0.0,38.8,88.2,607.52
2026-09-04T08:00:00Z,GEN-6,0,0.0,0.0,0.0,38.8,88.2,607.52
2026-09-04T09:00:00Z,GEN-6,0,0.0,0.0,0.0,38.8,88.2,607.52
2026-09-04T10:00:00Z,GEN-6,0,0.0,0.0,0.0,38.8,88.2,607.52
2026-09-04T11:00:00Z,GEN-6,0,0.0,0.0,0.0,38.8,88.2,607.52
2026-09-04T12:00:00Z,GEN-6,0,0.0,0.0,0.0,38.8,88.2,607.52
2026-09-04T13:00:00Z,GEN-6,0,0.0,0.0,0.0,38.8,88.2,607.52
2026-09-04T14:00:00Z,GEN-6,0,0.0,0.0,0.0,38.8,88.2,607.52
2026-09-04T15:00:00Z,GEN-6,0,0.0,0.0,0.0,38.8,88.2,607.52
2026-09-04T16:00:00Z,GEN-6,0,0.0,0.0,0.0,38.8,88.2,607.52
2026-09-04T17:00:00Z,GEN-6,0,0.0,0.0,0.0,38.8,88.2,607.52
2026-09-04T18:00:00Z,GEN-6,0,0.0,0.0,0.0,38.8,88.2,607.52
2026-09-04T19:00:00Z,GEN-6,0,0.0,0.0,0.0,38.8,88.2,607.52
2026-09-04T20:00:00Z,GEN-6,0,0.0,0.0,0.0,38.8,88.2,607.52
2026-09-04T21:00:00Z,GEN-6,0,0.0,0.0,0.0,38.8,88.2,607.52
2026-09-04T22:00:00Z,GEN-6,0,0.0,0.0,0.0,38.8,88.2,607.52
2026-09-04T23:00:00Z,GEN-6,0,0.0,0.0,0.0,38.8,88.2,607.52
2026-09-05T00:00:00Z,GEN-6,0,0.0,0.0,0.0,38.8,88.2,607.52
2026-09-05T01:00:00Z,GEN-6,0,0.0,0.0,0.0,38.8,88.2,607.52
2026-09-05T02:00:00Z,GEN-6,0,0.0,0.0,0.0,38.8,88.2,607.52
2026-09-05T03:00:00Z,GEN-6,0,0.0,0.0,0.0,38.8,88.2,607.52
2026-09-05T04:00:00Z,GEN-6,0,0.0,0.0,0.0,38.8,88.2,607.52
2026-09-05T05:00:00Z,GEN-6,0,0.0,0.0,0.0,38.8,88.2,607.52
2026-09-05T06:00:00Z,GEN-6,0,0.0,0.0,0.0,38.8,88.2,607.52
2026-09-05T07:00:00Z,GEN-6,0,0.0,0.0,0.0,38.8,88.2,607.52
2026-09-05T08:00:00Z,GEN-6,0,0.0,0.0,0.0,38.8,88.2,607.52
2026-09-05T09:00:00Z,GEN-6,0,0.0,0.0,0.0,38.8,88.2,607.52
2026-09-05T10:00:00Z,GEN-6,0,0.0,0.0,0.0,38.8,88.2,607.52
2026-09-05T11:00:00Z,GEN-6,0,0.0,0.0,0.0,38.8,88.2,607.52
2026-09-05T12:00:00Z,GEN-6,0,0.0,0.0,0.0,38.8,88.2,607.52
2026-09-05T13:00:00Z,GEN-6,0,0.0,0.0,0.0,38.8,88.2,607.52
2026-09-05T14:00:00Z,GEN-6,0,0.0,0.0,0.0,38.8,88.2,607.52
2026-09-05T15:00:00Z,GEN-6,0,0.0,0.0,0.0,38.8,88.2,607.52
2026-09-05T16:00:00Z,GEN-6,0,0.0,0.0,0.0,38.8,88.2,607.52
2026-09-05T17:00:00Z,GEN-6,0,0.0,0.0,0.0,38.8,88.2,607.52
2026-09-05T18:00:00Z,GEN-6,0,0.0,0.0,0.0,38.8,88.2,607.52
2026-09-05T19:00:00Z,GEN-6,0,0.0,0.0,0.0,38.8,88.2,607.52
2026-09-05T20:00:00Z,GEN-6,0,0.0,0.0,0.0,38.8,88.2,607.52
2026-09-05T21:00:00Z,GEN-6,0,0.0,0.0,0.0,38.8,88.2,607.52
2026-09-05T22:00:00Z,GEN-6,0,0.0,0.0,0.0,38.8,88.2,607.52
2026-09-05T23:00:00Z,GEN-6,0,0.0,0.0,0.0,38.8,88.2,607.52
2026-09-06T00:00:00Z,GEN-6,0,0.0,0.0,0.0,38.8,88.2,607.52
2026-09-06T01:00:00Z,GEN-6,0,0.0,0.0,0.0,38.8,88.2,607.52
2026-09-06T02:00:00Z,GEN-6,0,0.0,0.0,0.0,38.8,88.2,607.52
2026-09-06T03:00:00Z,GEN-6,0,0.0,0.0,0.0,38.8,88.2,607.52
2026-09-06T04:00:00Z,GEN-6,0,0.0,0.0,0.0,38.8,88.2,607.52
2026-09-06T05:00:00Z,GEN-6,0,0.0,0.0,0.0,38.8,88.2,607.52
2026-09-06T06:00:00Z,GEN-6,0,0.0,0.0,0.0,38.8,88.2,607.52
2026-09-06T07:00:00Z,GEN-6,0,0.0,0.0,0.0,38.8,88.2,607.52
2026-09-06T08:00:00Z,GEN-6,0,0.0,0.0,0.0,38.8,88.2,607.52
2026-09-06T09:00:00Z,GEN-6,0,0.0,0.0,0.0,38.8,88.2,607.52
2026-09-06T10:00:00Z,GEN-6,0,0.0,0.0,0.0,38.8,88.2,607.52
2026-09-06T11:00:00Z,GEN-6,0,0.0,0.0,0.0,38.8,88.2,607.52
2026-09-06T12:00:00Z,GEN-6,0,0.0,0.0,0.0,38.8,88.2,607.52
2026-09-06T13:00:00Z,GEN-6,0,0.0,0.0,0.0,38.8,88.2,607.52
2026-09-06T14:00:00Z,GEN-6,0,0.0,0.0,0.0,38.8,88.2,607.52
2026-09-06T15:00:00Z,GEN-6,0,0.0,0.0,0.0,38.8,88.2,607.52
2026-09-06T16:00:00Z,GEN-6,0,0.0,0.0,0.0,38.8,88.2,607.52
2026-09-06T17:00:00Z,GEN-6,0,0.0,0.0,0.0,38.8,88.2,607.52
2026-09-06T18:00:00Z,GEN-6,0,0.0,0.0,0.0,38.8,88.2,607.52
2026-09-06T19:00:00Z,GEN-6,0,0.0,0.0,0.0,38.8,88.2,607.52
2026-09-06T20:00:00Z,GEN-6,0,0.0,0.0,0.0,38.8,88.2,607.52
2026-09-06T21:00:00Z,GEN-6,0,0.0,0.0,0.0,38.8,88.2,607.52
2026-09-06T22:00:00Z,GEN-6,0,0.0,0.0,0.0,38.8,88.2,607.52
2026-09-06T23:00:00Z,GEN-6,0,0.0,0.0,0.0,38.8,88.2,607.52
2026-09-07T00:00:00Z,GEN-6,0,0.0,0.0,0.0,38.8,88.2,607.52
2026-09-07T01:00:00Z,GEN-6,0,0.0,0.0,0.0,38.8,88.2,607.52
2026-09-07T02:00:00Z,GEN-6,0,0.0,0.0,0.0,38.8,88.2,607.52
2026-09-07T03:00:00Z,GEN-6,0,0.0,0.0,0.0,38.8,88.2,607.52
2026-09-07T04:00:00Z,GEN-6,0,0.0,0.0,0.0,38.8,88.2,607.52
2026-09-07T05:00:00Z,GEN-6,0,0.0,0.0,0.0,38.8,88.2,607.52
2026-09-07T06:00:00Z,GEN-6,0,0.0,0.0,0.0,38.8,88.2,607.52
2026-09-07T07:00:00Z,GEN-6,0,0.0,0.0,0.0,38.8,88.2,607.52
2026-09-07T08:00:00Z,GEN-6,0,0.0,0.0,0.0,38.8,88.2,607.52
2026-09-07T09:00:00Z,GEN-6,0,0.0,0.0,0.0,38.8,88.2,607.52
2026-09-07T10:00:00Z,GEN-6,0,0.0,0.0,0.0,38.8,88.2,607.52
2026-09-07T11:00:00Z,GEN-6,0,0.0,0.0,0.0,38.8,88.2,607.52
2026-09-07T12:00:00Z,GEN-6,0,0.0,0.0,0.0,38.8,88.2,607.52
2026-09-07T13:00:00Z,GEN-6,0,0.0,0.0,0.0,38.8,88.2,607.52
2026-09-07T14:00:00Z,GEN-6,0,0.0,0.0,0.0,38.8,88.2,607.52
2026-09-07T15:00:00Z,GEN-6,0,0.0,0.0,0.0,38.8,88.2,607.52
2026-09-07T16:00:00Z,GEN-6,0,0.0,0.0,0.0,38.8,88.2,607.52
2026-09-07T17:00:00Z,GEN-6,0,0.0,0.0,0.0,38.8,88.2,607.52
2026-09-07T18:00:00Z,GEN-6,0,0.0,0.0,0.0,38.8,88.2,607.52
2026-09-07T19:00:00Z,GEN-6,0,0.0,0.0,0.0,38.8,88.2,607.52
2026-09-07T20:00:00Z,GEN-6,0,0.0,0.0,0.0,38.8,88.2,607.52
2026-09-07T21:00:00Z,GEN-6,0,0.0,0.0,0.0,38.8,88.2,607.52
2026-09-07T22:00:00Z,GEN-6,0,0.0,0.0,0.0,38.8,88.2,607.52
2026-09-07T23:00:00Z,GEN-6,0,0.0,0.0,0.0,38.8,88.2,607.52
2026-09-08T00:00:00Z,GEN-6,0,0.0,0.0,0.0,38.8,88.2,607.52
2026-09-08T01:00:00Z,GEN-6,0,0.0,0.0,0.0,38.8,88.2,607.52
2026-09-08T02:00:00Z,GEN-6,0,0.0,0.0,0.0,38.8,88.2,607.52
2026-09-08T03:00:00Z,GEN-6,0,0.0,0.0,0.0,38.8,88.2,607.52
2026-09-08T04:00:00Z,GEN-6,0,0.0,0.0,0.0,38.8,88.2,607.52
2026-09-08T05:00:00Z,GEN-6,0,0.0,0.0,0.0,38.8,88.2,607.52
2026-09-08T06:00:00Z,GEN-6,0,0.0,0.0,0.0,38.8,88.2,607.52
2026-09-08T07:00:00Z,GEN-6,0,0.0,0.0,0.0,38.8,88.2,607.52
2026-09-08T08:00:00Z,GEN-6,0,0.0,0.0,0.0,38.8,88.2,607.52
2026-09-08T09:00:00Z,GEN-6,0,0.0,0.0,0.0,38.8,88.2,607.52
2026-09-08T10:00:00Z,GEN-6,0,0.0,0.0,0.0,38.8,88.2,607.52
2026-09-08T11:00:00Z,GEN-6,0,0.0,0.0,0.0,38.8,88.2,607.52
2026-09-08T12:00:00Z,GEN-6,0,0.0,0.0,0.0,38.8,88.2,607.52
2026-09-08T13:00:00Z,GEN-6,0,0.0,0.0,0.0,38.8,88.2,607.52
2026-09-08T14:00:00Z,GEN-6,0,0.0,0.0,0.0,38.8,88.2,607.52
2026-09-08T15:00:00Z,GEN-6,0,0.0,0.0,0.0,38.8,88.2,607.52
2026-09-08T16:00:00Z,GEN-6,0,0.0,0.0,0.0,38.8,88.2,607.52
2026-09-08T17:00:00Z,GEN-6,0,0.0,0.0,0.0,38.8,88.2,607.52
2026-09-08T18:00:00Z,GEN-6,0,0.0,0.0,0.0,38.8,88.2,607.52
2026-09-08T19:00:00Z,GEN-6,0,0.0,0.0,0.0,38.8,88.2,607.52
2026-09-08T20:00:00Z,GEN-6,0,0.0,0.0,0.0,38.8,88.2,607.52
2026-09-08T21:00:00Z,GEN-6,0,0.0,0.0,0.0,38.8,88.2,607.52
2026-09-08T22:00:00Z,GEN-6,0,0.0,0.0,0.0,38.8,88.2,607.52
2026-09-08T23:00:00Z,GEN-6,0,0.0,0.0,0.0,38.8,88.2,607.52
2026-09-09T00:00:00Z,GEN-6,0,0.0,0.0,0.0,38.8,88.2,607.52
2026-09-09T01:00:00Z,GEN-6,0,0.0,0.0,0.0,38.8,88.2,607.52
2026-09-09T02:00:00Z,GEN-6,0,0.0,0.0,0.0,38.8,88.2,607.52
2026-09-09T03:00:00Z,GEN-6,0,0.0,0.0,0.0,38.8,88.2,607.52
2026-09-09T04:00:00Z,GEN-6,0,0.0,0.0,0.0,38.8,88.2,607.52
2026-09-09T05:00:00Z,GEN-6,0,0.0,0.0,0.0,38.8,88.2,607.52
2026-09-09T06:00:00Z,GEN-6,0,0.0,0.0,0.0,38.8,88.2,607.52
2026-09-09T07:00:00Z,GEN-6,0,0.0,0.0,0.0,38.8,88.2,607.52
2026-09-09T08:00:00Z,GEN-6,0,0.0,0.0,0.0,38.8,88.2,607.52
2026-09-09T09:00:00Z,GEN-6,0,0.0,0.0,0.0,38.8,88.2,607.52
2026-09-09T10:00:00Z,GEN-6,0,0.0,0.0,0.0,38.8,88.2,607.52
2026-09-09T11:00:00Z,GEN-6,0,0.0,0.0,0.0,38.8,88.2,607.52
2026-09-09T12:00:00Z,GEN-6,0,0.0,0.0,0.0,38.8,88.2,607.52
2026-09-09T13:00:00Z,GEN-6,0,0.0,0.0,0.0,38.8,88.2,607.52
2026-09-09T14:00:00Z,GEN-6,0,0.0,0.0,0.0,38.8,88.2,607.52
2026-09-09T15:00:00Z,GEN-6,0,0.0,0.0,0.0,38.8,88.2,607.52
2026-09-09T16:00:00Z,GEN-6,0,0.0,0.0,0.0,38.8,88.2,607.52
2026-09-09T17:00:00Z,GEN-6,0,0.0,0.0,0.0,38.8,88.2,607.52
2026-09-09T18:00:00Z,GEN-6,0,0.0,0.0,0.0,38.8,88.2,607.52
2026-09-09T19:00:00Z,GEN-6,0,0.0,0.0,0.0,38.8,88.2,607.52
2026-09-09T20:00:00Z,GEN-6,0,0.0,0.0,0.0,38.8,88.2,607.52
2026-09-09T21:00:00Z,GEN-6,0,0.0,0.0,0.0,38.8,88.2,607.52
2026-09-09T22:00:00Z,GEN-6,0,0.0,0.0,0.0,38.8,88.2,607.52
2026-09-09T23:00:00Z,GEN-6,0,0.0,0.0,0.0,38.8,88.2,607.52
2026-09-10T00:00:00Z,GEN-6,0,0.0,0.0,0.0,38.8,88.2,607.52
2026-09-10T01:00:00Z,GEN-6,0,0.0,0.0,0.0,38.8,88.2,607.52
2026-09-10T02:00:00Z,GEN-6,0,0.0,0.0,0.0,38.8,88.2,607.52
2026-09-10T03:00:00Z,GEN-6,0,0.0,0.0,0.0,38.8,88.2,607.52
2026-09-10T04:00:00Z,GEN-6,0,0.0,0.0,0.0,38.8,88.2,607.52
2026-09-10T05:00:00Z,GEN-6,0,0.0,0.0,0.0,38.8,88.2,607.52
2026-09-10T06:00:00Z,GEN-6,0,0.0,0.0,0.0,38.8,88.2,607.52
2026-09-10T07:00:00Z,GEN-6,0,0.0,0.0,0.0,38.8,88.2,607.52
2026-09-10T08:00:00Z,GEN-6,0,0.0,0.0,0.0,38.8,88.2,607.52
2026-09-10T09:00:00Z,GEN-6,0,0.0,0.0,0.0,38.8,88.2,607.52
2026-09-10T10:00:00Z,GEN-6,0,0.0,0.0,0.0,38.8,88.2,607.52
2026-09-10T11:00:00Z,GEN-6,0,0.0,0.0,0.0,38.8,88.2,607.52
2026-09-10T12:00:00Z,GEN-6,0,0.0,0.0,0.0,38.8,88.2,607.52
2026-09-10T13:00:00Z,GEN-6,0,0.0,0.0,0.0,38.8,88.2,607.52
2026-09-10T14:00:00Z,GEN-6,0,0.0,0.0,0.0,38.8,88.2,607.52
2026-09-10T15:00:00Z,GEN-6,0,0.0,0.0,0.0,38.8,88.2,607.52
2026-09-10T16:00:00Z,GEN-6,0,0.0,0.0,0.0,38.8,88.2,607.52
2026-09-10T17:00:00Z,GEN-6,0,0.0,0.0,0.0,38.8,88.2,607.52
2026-09-10T18:00:00Z,GEN-6,0,0.0,0.0,0.0,38.8,88.2,607.52
2026-09-10T19:00:00Z,GEN-6,0,0.0,0.0,0.0,38.8,88.2,607.52
2026-09-10T20:00:00Z,GEN-6,0,0.0,0.0,0.0,38.8,88.2,607.52
2026-09-10T21:00:00Z,GEN-6,0,0.0,0.0,0.0,38.8,88.2,607.52
2026-09-10T22:00:00Z,GEN-6,0,0.0,0.0,0.0,38.8,88.2,607.52
2026-09-10T23:00:00Z,GEN-6,0,0.0,0.0,0.0,38.8,88.2,607.52
2026-09-11T00:00:00Z,GEN-6,0,0.0,0.0,0.0,38.8,88.2,607.52
2026-09-11T01:00:00Z,GEN-6,0,0.0,0.0,0.0,38.8,88.2,607.52
2026-09-11T02:00:00Z,GEN-6,0,0.0,0.0,0.0,38.8,88.2,607.52
2026-09-11T03:00:00Z,GEN-6,0,0.0,0.0,0.0,38.8,88.2,607.52
2026-09-11T04:00:00Z,GEN-6,0,0.0,0.0,0.0,38.8,88.2,607.52
2026-09-11T05:00:00Z,GEN-6,0,0.0,0.0,0.0,38.8,88.2,607.52
2026-09-11T06:00:00Z,GEN-6,0,0.0,0.0,0.0,38.8,88.2,607.52
2026-09-11T07:00:00Z,GEN-6,0,0.0,0.0,0.0,38.8,88.2,607.52
2026-09-11T08:00:00Z,GEN-6,0,0.0,0.0,0.0,38.8,88.2,607.52
2026-09-11T09:00:00Z,GEN-6,0,0.0,0.0,0.0,38.8,88.2,607.52
2026-09-11T10:00:00Z,GEN-6,0,0.0,0.0,0.0,38.8,88.2,607.52
2026-09-11T11:00:00Z,GEN-6,0,0.0,0.0,0.0,38.8,88.2,607.52
2026-09-11T12:00:00Z,GEN-6,0,0.0,0.0,0.0,38.8,88.2,607.52
2026-09-11T13:00:00Z,GEN-6,0,0.0,0.0,0.0,38.8,88.2,607.52
2026-09-11T14:00:00Z,GEN-6,0,0.0,0.0,0.0,38.8,88.2,607.52
2026-09-11T15:00:00Z,GEN-6,0,0.0,0.0,0.0,38.8,88.2,607.52
2026-09-11T16:00:00Z,GEN-6,0,0.0,0.0,0.0,38.8,88.2,607.52
2026-09-11T17:00:00Z,GEN-6,0,0.0,0.0,0.0,38.8,88.2,607.52
2026-09-11T18:00:00Z,GEN-6,0,0.0,0.0,0.0,38.8,88.2,607.52
2026-09-11T19:00:00Z,GEN-6,0,0.0,0.0,0.0,38.8,88.2,607.52
2026-09-11T20:00:00Z,GEN-6,0,0.0,0.0,0.0,38.8,88.2,607.52
2026-09-11T21:00:00Z,GEN-6,0,0.0,0.0,0.0,38.8,88.2,607.52
2026-09-11T22:00:00Z,GEN-6,0,0.0,0.0,0.0,38.8,88.2,607.52
2026-09-11T23:00:00Z,GEN-6,0,0.0,0.0,0.0,38.8,88.2,607.52
2026-09-12T00:00:00Z,GEN-6,0,0.0,0.0,0.0,38.8,88.2,607.52
2026-09-12T01:00:00Z,GEN-6,0,0.0,0.0,0.0,38.8,88.2,607.52
2026-09-12T02:00:00Z,GEN-6,0,0.0,0.0,0.0,38.8,88.2,607.52
2026-09-12T03:00:00Z,GEN-6,0,0.0,0.0,0.0,38.8,88.2,607.52
2026-09-12T04:00:00Z,GEN-6,0,0.0,0.0,0.0,38.8,88.2,607.52
2026-09-12T05:00:00Z,GEN-6,0,0.0,0.0,0.0,38.8,88.2,607.52
2026-09-12T06:00:00Z,GEN-6,0,0.0,0.0,0.0,38.8,88.2,607.52
2026-09-12T07:00:00Z,GEN-6,0,0.0,0.0,0.0,38.8,88.2,607.52
2026-09-12T08:00:00Z,GEN-6,0,0.0,0.0,0.0,38.8,88.2,607.52
2026-09-12T09:00:00Z,GEN-6,0,0.0,0.0,0.0,38.8,88.2,607.52
2026-09-12T10:00:00Z,GEN-6,0,0.0,0.0,0.0,38.8,88.2,607.52
2026-09-12T11:00:00Z,GEN-6,0,0.0,0.0,0.0,38.8,88.2,607.52
2026-09-12T12:00:00Z,GEN-6,0,0.0,0.0,0.0,38.8,88.2,607.52
2026-09-12T13:00:00Z,GEN-6,0,0.0,0.0,0.0,38.8,88.2,607.52
2026-09-12T14:00:00Z,GEN-6,0,0.0,0.0,0.0,38.8,88.2,607.52
2026-09-12T15:00:00Z,GEN-6,0,0.0,0.0,0.0,38.8,88.2,607.52
2026-09-12T16:00:00Z,GEN-6,0,0.0,0.0,0.0,38.8,88.2,607.52
2026-09-12T17:00:00Z,GEN-6,0,0.0,0.0,0.0,38.8,88.2,607.52
2026-09-12T18:00:00Z,GEN-6,0,0.0,0.0,0.0,38.8,88.2,607.52
2026-09-12T19:00:00Z,GEN-6,0,0.0,0.0,0.0,38.8,88.2,607.52
2026-09-12T20:00:00Z,GEN-6,0,0.0,0.0,0.0,38.8,88.2,607.52
2026-09-12T21:00:00Z,GEN-6,0,0.0,0.0,0.0,38.8,88.2,607.52
2026-09-12T22:00:00Z,GEN-6,0,0.0,0.0,0.0,38.8,88.2,607.52
2026-09-12T23:00:00Z,GEN-6,0,0.0,0.0,0.0,38.8,88.2,607.52
2026-09-13T00:00:00Z,GEN-6,0,0.0,0.0,0.0,38.8,88.2,607.52
2026-09-13T01:00:00Z,GEN-6,0,0.0,0.0,0.0,38.8,88.2,607.52
2026-09-13T02:00:00Z,GEN-6,0,0.0,0.0,0.0,38.8,88.2,607.52
2026-09-13T03:00:00Z,GEN-6,0,0.0,0.0,0.0,38.8,88.2,607.52
2026-09-13T04:00:00Z,GEN-6,0,0.0,0.0,0.0,38.8,88.2,607.52
2026-09-13T05:00:00Z,GEN-6,0,0.0,0.0,0.0,38.8,88.2,607.52
2026-09-13T06:00:00Z,GEN-6,0,0.0,0.0,0.0,38.8,88.2,607.52
2026-09-13T07:00:00Z,GEN-6,0,0.0,0.0,0.0,38.8,88.2,607.52
2026-09-13T08:00:00Z,GEN-6,0,0.0,0.0,0.0,38.8,88.2,607.52
2026-09-13T09:00:00Z,GEN-6,0,0.0,0.0,0.0,38.8,88.2,607.52
2026-09-13T10:00:00Z,GEN-6,0,0.0,0.0,0.0,38.8,88.2,607.52
2026-09-13T11:00:00Z,GEN-6,0,0.0,0.0,0.0,38.8,88.2,607.52
2026-09-13T12:00:00Z,GEN-6,0,0.0,0.0,0.0,38.8,88.2,607.52
2026-09-13T13:00:00Z,GEN-6,0,0.0,0.0,0.0,38.8,88.2,607.52
2026-09-13T14:00:00Z,GEN-6,0,0.0,0.0,0.0,38.8,88.2,607.52
2026-09-13T15:00:00Z,GEN-6,0,0.0,0.0,0.0,38.8,88.2,607.52
2026-09-13T16:00:00Z,GEN-6,0,0.0,0.0,0.0,38.8,88.2,607.52
2026-09-13T17:00:00Z,GEN-6,0,0.0,0.0,0.0,38.8,88.2,607.52
2026-09-13T18:00:00Z,GEN-6,0,0.0,0.0,0.0,38.8,88.2,607.52
2026-09-13T19:00:00Z,GEN-6,0,0.0,0.0,0.0,38.8,88.2,607.52
2026-09-13T20:00:00Z,GEN-6,0,0.0,0.0,0.0,38.8,88.2,607.52
2026-09-13T21:00:00Z,GEN-6,0,0.0,0.0,0.0,38.8,88.2,607.52
2026-09-13T22:00:00Z,GEN-6,0,0.0,0.0,0.0,38.8,88.2,607.52
2026-09-13T23:00:00Z,GEN-6,0,0.0,0.0,0.0,38.8,88.2,607.52
2026-09-14T00:00:00Z,GEN-6,0,0.0,0.0,0.0,38.8,88.2,607.52
2026-09-14T01:00:00Z,GEN-6,0,0.0,0.0,0.0,38.8,88.2,607.52
2026-09-14T02:00:00Z,GEN-6,0,0.0,0.0,0.0,38.8,88.2,607.52
2026-09-14T03:00:00Z,GEN-6,0,0.0,0.0,0.0,38.8,88.2,607.52
2026-09-14T04:00:00Z,GEN-6,0,0.0,0.0,0.0,38.8,88.2,607.52
2026-09-14T05:00:00Z,GEN-6,0,0.0,0.0,0.0,38.8,88.2,607.52
2026-09-14T06:00:00Z,GEN-6,0,0.0,0.0,0.0,38.8,88.2,607.52
2026-09-14T07:00:00Z,GEN-6,0,0.0,0.0,0.0,38.8,88.2,607.52
2026-09-14T08:00:00Z,GEN-6,0,0.0,0.0,0.0,38.8,88.2,607.52
2026-09-14T09:00:00Z,GEN-6,0,0.0,0.0,0.0,38.8,88.2,607.52
2026-09-14T10:00:00Z,GEN-6,0,0.0,0.0,0.0,38.8,88.2,607.52
2026-09-14T11:00:00Z,GEN-6,0,0.0,0.0,0.0,38.8,88.2,607.52
2026-09-14T12:00:00Z,GEN-6,0,0.0,0.0,0.0,38.8,88.2,607.52
2026-09-14T13:00:00Z,GEN-6,0,0.0,0.0,0.0,38.8,88.2,607.52
2026-09-14T14:00:00Z,GEN-6,0,0.0,0.0,0.0,38.8,88.2,607.52
2026-09-14T15:00:00Z,GEN-6,0,0.0,0.0,0.0,38.8,88.2,607.52
2026-09-14T16:00:00Z,GEN-6,0,0.0,0.0,0.0,38.8,88.2,607.52
2026-09-14T17:00:00Z,GEN-6,0,0.0,0.0,0.0,38.8,88.2,607.52
2026-09-14T18:00:00Z,GEN-6,0,0.0,0.0,0.0,38.8,88.2,607.52
2026-09-14T19:00:00Z,GEN-6,0,0.0,0.0,0.0,38.8,88.2,607.52
2026-09-14T20:00:00Z,GEN-6,0,0.0,0.0,0.0,38.8,88.2,607.52
2026-09-14T21:00:00Z,GEN-6,0,0.0,0.0,0.0,38.8,88.2,607.52
2026-09-14T22:00:00Z,GEN-6,0,0.0,0.0,0.0,38.8,88.2,607.52
2026-09-14T23:00:00Z,GEN-6,0,0.0,0.0,0.0,38.8,88.2,607.52
2026-09-15T00:00:00Z,GEN-6,0,0.0,0.0,0.0,38.8,88.2,607.52
2026-09-15T01:00:00Z,GEN-6,0,0.0,0.0,0.0,38.8,88.2,607.52
2026-09-15T02:00:00Z,GEN-6,0,0.0,0.0,0.0,38.8,88.2,607.52
2026-09-15T03:00:00Z,GEN-6,0,0.0,0.0,0.0,38.8,88.2,607.52
2026-09-15T04:00:00Z,GEN-6,0,0.0,0.0,0.0,38.8,88.2,607.52
2026-09-15T05:00:00Z,GEN-6,0,0.0,0.0,0.0,38.8,88.2,607.52
2026-09-15T06:00:00Z,GEN-6,0,0.0,0.0,0.0,38.8,88.2,607.52
2026-09-15T07:00:00Z,GEN-6,0,0.0,0.0,0.0,38.8,88.2,607.52
2026-09-15T08:00:00Z,GEN-6,0,0.0,0.0,0.0,38.8,88.2,607.52
2026-09-15T09:00:00Z,GEN-6,0,0.0,0.0,0.0,38.8,88.2,607.52
2026-09-15T10:00:00Z,GEN-6,0,0.0,0.0,0.0,38.8,88.2,607.52
2026-09-15T11:00:00Z,GEN-6,0,0.0,0.0,0.0,38.8,88.2,607.52
2026-09-15T12:00:00Z,GEN-6,0,0.0,0.0,0.0,38.8,88.2,607.52
2026-09-15T13:00:00Z,GEN-6,0,0.0,0.0,0.0,38.8,88.2,607.52
2026-09-15T14:00:00Z,GEN-6,0,0.0,0.0,0.0,38.8,88.2,607.52
2026-09-15T15:00:00Z,GEN-6,0,0.0,0.0,0.0,38.8,88.2,607.52
2026-09-15T16:00:00Z,GEN-6,0,0.0,0.0,0.0,38.8,88.2,607.52
2026-09-15T17:00:00Z,GEN-6,0,0.0,0.0,0.0,38.8,88.2,607.52
2026-09-15T18:00:00Z,GEN-6,0,0.0,0.0,0.0,38.8,88.2,607.52
2026-09-15T19:00:00Z,GEN-6,0,0.0,0.0,0.0,38.8,88.2,607.52
2026-09-15T20:00:00Z,GEN-6,0,0.0,0.0,0.0,38.8,88.2,607.52
2026-09-15T21:00:00Z,GEN-6,0,0.0,0.0,0.0,38.8,88.2,607.52
2026-09-15T22:00:00Z,GEN-6,0,0.0,0.0,0.0,38.8,88.2,607.52
2026-09-15T23:00:00Z,GEN-6,0,0.0,0.0,0.0,38.8,88.2,607.52
2026-09-16T00:00:00Z,GEN-6,0,0.0,0.0,0.0,38.8,88.2,607.52
2026-09-16T01:00:00Z,GEN-6,0,0.0,0.0,0.0,38.8,88.2,607.52
2026-09-16T02:00:00Z,GEN-6,0,0.0,0.0,0.0,38.8,88.2,607.52
2026-09-16T03:00:00Z,GEN-6,0,0.0,0.0,0.0,38.8,88.2,607.52
2026-09-16T04:00:00Z,GEN-6,0,0.0,0.0,0.0,38.8,88.2,607.52
2026-09-16T05:00:00Z,GEN-6,0,0.0,0.0,0.0,38.8,88.2,607.52
2026-09-16T06:00:00Z,GEN-6,0,0.0,0.0,0.0,38.8,88.2,607.52
2026-09-16T07:00:00Z,GEN-6,0,0.0,0.0,0.0,38.8,88.2,607.52
2026-09-16T08:00:00Z,GEN-6,0,0.0,0.0,0.0,38.8,88.2,607.52
2026-09-16T09:00:00Z,GEN-6,0,0.0,0.0,0.0,38.8,88.2,607.52
2026-09-16T10:00:00Z,GEN-6,0,0.0,0.0,0.0,38.8,88.2,607.52
2026-09-16T11:00:00Z,GEN-6,0,0.0,0.0,0.0,38.8,88.2,607.52
2026-09-16T12:00:00Z,GEN-6,0,0.0,0.0,0.0,38.8,88.2,607.52
2026-09-16T13:00:00Z,GEN-6,0,0.0,0.0,0.0,38.8,88.2,607.52
2026-09-16T14:00:00Z,GEN-6,0,0.0,0.0,0.0,38.8,88.2,607.52
2026-09-16T15:00:00Z,GEN-6,0,0.0,0.0,0.0,38.8,88.2,607.52
2026-09-16T16:00:00Z,GEN-6,0,0.0,0.0,0.0,38.8,88.2,607.52
2026-09-16T17:00:00Z,GEN-6,0,0.0,0.0,0.0,38.8,88.2,607.52
2026-09-16T18:00:00Z,GEN-6,0,0.0,0.0,0.0,38.8,88.2,607.52
2026-09-16T19:00:00Z,GEN-6,0,0.0,0.0,0.0,38.8,88.2,607.52
2026-09-16T20:00:00Z,GEN-6,0,0.0,0.0,0.0,38.8,88.2,607.52
2026-09-16T21:00:00Z,GEN-6,0,0.0,0.0,0.0,38.8,88.2,607.52
2026-09-16T22:00:00Z,GEN-6,0,0.0,0.0,0.0,38.8,88.2,607.52
2026-09-16T23:00:00Z,GEN-6,0,0.0,0.0,0.0,38.8,88.2,607.52
2026-09-17T00:00:00Z,GEN-6,0,0.0,0.0,0.0,38.8,88.2,607.52
2026-09-17T01:00:00Z,GEN-6,0,0.0,0.0,0.0,38.8,88.2,607.52
2026-09-17T02:00:00Z,GEN-6,0,0.0,0.0,0.0,38.8,88.2,607.52
2026-09-17T03:00:00Z,GEN-6,0,0.0,0.0,0.0,38.8,88.2,607.52
2026-09-17T04:00:00Z,GEN-6,0,0.0,0.0,0.0,38.8,88.2,607.52
2026-09-17T05:00:00Z,GEN-6,0,0.0,0.0,0.0,38.8,88.2,607.52
2026-09-17T06:00:00Z,GEN-6,0,0.0,0.0,0.0,38.8,88.2,607.52
2026-09-17T07:00:00Z,GEN-6,0,0.0,0.0,0.0,38.8,88.2,607.52
2026-09-17T08:00:00Z,GEN-6,0,0.0,0.0,0.0,38.8,88.2,607.52
2026-09-17T09:00:00Z,GEN-6,0,0.0,0.0,0.0,38.8,88.2,607.52
2026-09-17T10:00:00Z,GEN-6,0,0.0,0.0,0.0,38.8,88.2,607.52
2026-09-17T11:00:00Z,GEN-6,0,0.0,0.0,0.0,38.8,88.2,607.52
2026-09-17T12:00:00Z,GEN-6,0,0.0,0.0,0.0,38.8,88.2,607.52
2026-09-17T13:00:00Z,GEN-6,0,0.0,0.0,0.0,38.8,88.2,607.52
2026-09-17T14:00:00Z,GEN-6,0,0.0,0.0,0.0,38.8,88.2,607.52
2026-09-17T15:00:00Z,GEN-6,0,0.0,0.0,0.0,38.8,88.2,607.52
2026-09-17T16:00:00Z,GEN-6,0,0.0,0.0,0.0,38.8,88.2,607.52
2026-09-17T17:00:00Z,GEN-6,0,0.0,0.0,0.0,38.8,88.2,607.52
2026-09-17T18:00:00Z,GEN-6,0,0.0,0.0,0.0,38.8,88.2,607.52
2026-09-17T19:00:00Z,GEN-6,0,0.0,0.0,0.0,38.8,88.2,607.52
2026-09-17T20:00:00Z,GEN-6,0,0.0,0.0,0.0,38.8,88.2,607.52
2026-09-17T21:00:00Z,GEN-6,0,0.0,0.0,0.0,38.8,88.2,607.52
2026-09-17T22:00:00Z,GEN-6,0,0.0,0.0,0.0,38.8,88.2,607.52
2026-09-17T23:00:00Z,GEN-6,0,0.0,0.0,0.0,38.8,88.2,607.52
2026-09-18T00:00:00Z,GEN-6,0,0.0,0.0,0.0,38.8,88.2,607.52
2026-09-18T01:00:00Z,GEN-6,0,0.0,0.0,0.0,38.8,88.2,607.52
2026-09-18T02:00:00Z,GEN-6,0,0.0,0.0,0.0,38.8,88.2,607.52
2026-09-18T03:00:00Z,GEN-6,0,0.0,0.0,0.0,38.8,88.2,607.52
2026-09-18T04:00:00Z,GEN-6,0,0.0,0.0,0.0,38.8,88.2,607.52
2026-09-18T05:00:00Z,GEN-6,0,0.0,0.0,0.0,38.8,88.2,607.52
2026-09-18T06:00:00Z,GEN-6,0,0.0,0.0,0.0,38.8,88.2,607.52
2026-09-18T07:00:00Z,GEN-6,0,0.0,0.0,0.0,38.8,88.2,607.52
2026-09-18T08:00:00Z,GEN-6,0,0.0,0.0,0.0,38.8,88.2,607.52
2026-09-18T09:00:00Z,GEN-6,0,0.0,0.0,0.0,38.8,88.2,607.52
2026-09-18T10:00:00Z,GEN-6,0,0.0,0.0,0.0,38.8,88.2,607.52
2026-09-18T11:00:00Z,GEN-6,0,0.0,0.0,0.0,38.8,88.2,607.52
2026-09-18T12:00:00Z,GEN-6,0,0.0,0.0,0.0,38.8,88.2,607.52
2026-09-18T13:00:00Z,GEN-6,0,0.0,0.0,0.0,38.8,88.2,607.52
2026-09-18T14:00:00Z,GEN-6,0,0.0,0.0,0.0,38.8,88.2,607.52
2026-09-18T15:00:00Z,GEN-6,0,0.0,0.0,0.0,38.8,88.2,607.52
2026-09-18T16:00:00Z,GEN-6,0,0.0,0.0,0.0,38.8,88.2,607.52
2026-09-18T17:00:00Z,GEN-6,0,0.0,0.0,0.0,38.8,88.2,607.52
2026-09-18T18:00:00Z,GEN-6,0,0.0,0.0,0.0,38.8,88.2,607.52
2026-09-18T19:00:00Z,GEN-6,0,0.0,0.0,0.0,38.8,88.2,607.52
2026-09-18T20:00:00Z,GEN-6,0,0.0,0.0,0.0,38.8,88.2,607.52
2026-09-18T21:00:00Z,GEN-6,0,0.0,0.0,0.0,38.8,88.2,607.52
2026-09-18T22:00:00Z,GEN-6,0,0.0,0.0,0.0,38.8,88.2,607.52
2026-09-18T23:00:00Z,GEN-6,0,0.0,0.0,0.0,38.8,88.2,607.52
2026-09-19T00:00:00Z,GEN-6,0,0.0,0.0,0.0,38.8,88.2,607.52
2026-09-19T01:00:00Z,GEN-6,0,0.0,0.0,0.0,38.8,88.2,607.52
2026-09-19T02:00:00Z,GEN-6,0,0.0,0.0,0.0,38.8,88.2,607.52
2026-09-19T03:00:00Z,GEN-6,0,0.0,0.0,0.0,38.8,88.2,607.52
2026-09-19T04:00:00Z,GEN-6,0,0.0,0.0,0.0,38.8,88.2,607.52
2026-09-19T05:00:00Z,GEN-6,0,0.0,0.0,0.0,38.8,88.2,607.52
2026-09-19T06:00:00Z,GEN-6,0,0.0,0.0,0.0,38.8,88.2,607.52
2026-09-19T07:00:00Z,GEN-6,0,0.0,0.0,0.0,38.8,88.2,607.52
2026-09-19T08:00:00Z,GEN-6,0,0.0,0.0,0.0,38.8,88.2,607.52
2026-09-19T09:00:00Z,GEN-6,0,0.0,0.0,0.0,38.8,88.2,607.52
2026-09-19T10:00:00Z,GEN-6,0,0.0,0.0,0.0,38.8,88.2,607.52
2026-09-19T11:00:00Z,GEN-6,0,0.0,0.0,0.0,38.8,88.2,607.52
2026-09-19T12:00:00Z,GEN-6,0,0.0,0.0,0.0,38.8,88.2,607.52
2026-09-19T13:00:00Z,GEN-6,0,0.0,0.0,0.0,38.8,88.2,607.52
2026-09-19T14:00:00Z,GEN-6,0,0.0,0.0,0.0,38.8,88.2,607.52
2026-09-19T15:00:00Z,GEN-6,0,0.0,0.0,0.0,38.8,88.2,607.52
2026-09-19T16:00:00Z,GEN-6,0,0.0,0.0,0.0,38.8,88.2,607.52
2026-09-19T17:00:00Z,GEN-6,39,630.8,1120.8,37.4,78.0,87.7,608.17
2026-09-19T18:00:00Z,GEN-6,0,0.0,0.0,0.0,69.2,87.7,608.17
2026-09-19T19:00:00Z,GEN-6,0,0.0,0.0,0.0,54.4,87.7,608.17
2026-09-19T20:00:00Z,GEN-6,0,0.0,0.0,0.0,46.8,87.7,608.17
2026-09-19T21:00:00Z,GEN-6,0,0.0,0.0,0.0,42.9,87.7,608.17
2026-09-19T22:00:00Z,GEN-6,0,0.0,0.0,0.0,40.9,87.7,608.17
2026-09-19T23:00:00Z,GEN-6,0,0.0,0.0,0.0,39.9,87.7,608.17
2026-09-20T00:00:00Z,GEN-6,0,0.0,0.0,0.0,39.3,87.7,608.17
2026-09-20T01:00:00Z,GEN-6,0,0.0,0.0,0.0,39.1,87.7,608.17
2026-09-20T02:00:00Z,GEN-6,0,0.0,0.0,0.0,38.9,87.7,608.17
2026-09-20T03:00:00Z,GEN-6,0,0.0,0.0,0.0,38.8,87.7,608.17
2026-09-20T04:00:00Z,GEN-6,0,0.0,0.0,0.0,38.8,87.7,608.17
2026-09-20T05:00:00Z,GEN-6,0,0.0,0.0,0.0,38.8,87.7,608.17
2026-09-20T06:00:00Z,GEN-6,0,0.0,0.0,0.0,38.8,87.7,608.17
2026-09-20T07:00:00Z,GEN-6,0,0.0,0.0,0.0,38.8,87.7,608.17
2026-09-20T08:00:00Z,GEN-6,0,0.0,0.0,0.0,38.8,87.7,608.17
2026-09-20T09:00:00Z,GEN-6,0,0.0,0.0,0.0,38.8,87.7,608.17
2026-09-20T10:00:00Z,GEN-6,0,0.0,0.0,0.0,38.8,87.7,608.17
2026-09-20T11:00:00Z,GEN-6,0,0.0,0.0,0.0,38.8,87.7,608.17
2026-09-20T12:00:00Z,GEN-6,0,0.0,0.0,0.0,38.8,87.7,608.17
2026-09-20T13:00:00Z,GEN-6,0,0.0,0.0,0.0,38.8,87.7,608.17
2026-09-20T14:00:00Z,GEN-6,0,0.0,0.0,0.0,38.8,87.7,608.17
2026-09-20T15:00:00Z,GEN-6,0,0.0,0.0,0.0,38.8,87.7,608.17
2026-09-20T16:00:00Z,GEN-6,0,0.0,0.0,0.0,38.8,87.7,608.17
2026-09-20T17:00:00Z,GEN-6,0,0.0,0.0,0.0,38.8,87.7,608.17
2026-09-20T18:00:00Z,GEN-6,0,0.0,0.0,0.0,38.8,87.7,608.17
2026-09-20T19:00:00Z,GEN-6,0,0.0,0.0,0.0,38.8,87.7,608.17
2026-09-20T20:00:00Z,GEN-6,0,0.0,0.0,0.0,38.8,87.7,608.17
2026-09-20T21:00:00Z,GEN-6,0,0.0,0.0,0.0,38.8,87.7,608.17
2026-09-20T22:00:00Z,GEN-6,0,0.0,0.0,0.0,38.8,87.7,608.17
2026-09-20T23:00:00Z,GEN-6,0,0.0,0.0,0.0,38.8,87.7,608.17
2026-09-21T00:00:00Z,GEN-6,0,0.0,0.0,0.0,38.8,87.7,608.17
2026-09-21T01:00:00Z,GEN-6,0,0.0,0.0,0.0,38.8,87.7,608.17
2026-09-21T02:00:00Z,GEN-6,0,0.0,0.0,0.0,38.8,87.7,608.17
2026-09-21T03:00:00Z,GEN-6,0,0.0,0.0,0.0,38.8,87.7,608.17
2026-09-21T04:00:00Z,GEN-6,0,0.0,0.0,0.0,38.8,87.7,608.17
2026-09-21T05:00:00Z,GEN-6,0,0.0,0.0,0.0,38.8,87.7,608.17
2026-09-21T06:00:00Z,GEN-6,0,0.0,0.0,0.0,38.8,87.7,608.17
2026-09-21T07:00:00Z,GEN-6,0,0.0,0.0,0.0,38.8,87.7,608.17
2026-09-21T08:00:00Z,GEN-6,0,0.0,0.0,0.0,38.8,87.7,608.17
2026-09-21T09:00:00Z,GEN-6,0,0.0,0.0,0.0,38.8,87.7,608.17
2026-09-21T10:00:00Z,GEN-6,0,0.0,0.0,0.0,38.8,87.7,608.17
2026-09-21T11:00:00Z,GEN-6,0,0.0,0.0,0.0,38.8,87.7,608.17
2026-09-21T12:00:00Z,GEN-6,0,0.0,0.0,0.0,38.8,87.7,608.17
2026-09-21T13:00:00Z,GEN-6,0,0.0,0.0,0.0,38.8,87.7,608.17
2026-09-21T14:00:00Z,GEN-6,0,0.0,0.0,0.0,38.8,87.7,608.17
2026-09-21T15:00:00Z,GEN-6,0,0.0,0.0,0.0,38.8,87.7,608.17
2026-09-21T16:00:00Z,GEN-6,0,0.0,0.0,0.0,38.8,87.7,608.17
2026-09-21T17:00:00Z,GEN-6,0,0.0,0.0,0.0,38.8,87.7,608.17
2026-09-21T18:00:00Z,GEN-6,0,0.0,0.0,0.0,38.8,87.7,608.17
2026-09-21T19:00:00Z,GEN-6,0,0.0,0.0,0.0,38.8,87.7,608.17
2026-09-21T20:00:00Z,GEN-6,0,0.0,0.0,0.0,38.8,87.7,608.17
2026-09-21T21:00:00Z,GEN-6,0,0.0,0.0,0.0,38.8,87.7,608.17
2026-09-21T22:00:00Z,GEN-6,0,0.0,0.0,0.0,38.8,87.7,608.17
2026-09-21T23:00:00Z,GEN-6,0,0.0,0.0,0.0,38.8,87.7,608.17
2026-09-22T00:00:00Z,GEN-6,0,0.0,0.0,0.0,38.8,87.7,608.17
2026-09-22T01:00:00Z,GEN-6,0,0.0,0.0,0.0,38.8,87.7,608.17
2026-09-22T02:00:00Z,GEN-6,0,0.0,0.0,0.0,38.8,87.7,608.17
2026-09-22T03:00:00Z,GEN-6,0,0.0,0.0,0.0,38.8,87.7,608.17
2026-09-22T04:00:00Z,GEN-6,0,0.0,0.0,0.0,38.8,87.7,608.17
2026-09-22T05:00:00Z,GEN-6,0,0.0,0.0,0.0,38.8,87.7,608.17
2026-09-22T06:00:00Z,GEN-6,0,0.0,0.0,0.0,38.8,87.7,608.17
2026-09-22T07:00:00Z,GEN-6,0,0.0,0.0,0.0,38.8,87.7,608.17
2026-09-22T08:00:00Z,GEN-6,0,0.0,0.0,0.0,38.8,87.7,608.17
2026-09-22T09:00:00Z,GEN-6,0,0.0,0.0,0.0,38.8,87.7,608.17
2026-09-22T10:00:00Z,GEN-6,0,0.0,0.0,0.0,38.8,87.7,608.17
2026-09-22T11:00:00Z,GEN-6,0,0.0,0.0,0.0,38.8,87.7,608.17
2026-09-22T12:00:00Z,GEN-6,0,0.0,0.0,0.0,38.8,87.7,608.17
2026-09-22T13:00:00Z,GEN-6,0,0.0,0.0,0.0,38.8,87.7,608.17
2026-09-22T14:00:00Z,GEN-6,0,0.0,0.0,0.0,38.8,87.7,608.17
2026-09-22T15:00:00Z,GEN-6,0,0.0,0.0,0.0,38.8,87.7,608.17
2026-09-22T16:00:00Z,GEN-6,0,0.0,0.0,0.0,38.8,87.7,608.17
2026-09-22T17:00:00Z,GEN-6,0,0.0,0.0,0.0,38.8,87.7,608.17
2026-09-22T18:00:00Z,GEN-6,0,0.0,0.0,0.0,38.8,87.7,608.17
2026-09-22T19:00:00Z,GEN-6,0,0.0,0.0,0.0,38.8,87.7,608.17
2026-09-22T20:00:00Z,GEN-6,0,0.0,0.0,0.0,38.8,87.7,608.17
2026-09-22T21:00:00Z,GEN-6,0,0.0,0.0,0.0,38.8,87.7,608.17
2026-09-22T22:00:00Z,GEN-6,0,0.0,0.0,0.0,38.8,87.7,608.17
2026-09-22T23:00:00Z,GEN-6,0,0.0,0.0,0.0,38.8,87.7,608.17
2026-09-23T00:00:00Z,GEN-6,0,0.0,0.0,0.0,38.8,87.7,608.17
2026-09-23T01:00:00Z,GEN-6,0,0.0,0.0,0.0,38.8,87.7,608.17
2026-09-23T02:00:00Z,GEN-6,0,0.0,0.0,0.0,38.8,87.7,608.17
2026-09-23T03:00:00Z,GEN-6,0,0.0,0.0,0.0,38.8,87.7,608.17
2026-09-23T04:00:00Z,GEN-6,0,0.0,0.0,0.0,38.8,87.7,608.17
2026-09-23T05:00:00Z,GEN-6,0,0.0,0.0,0.0,38.8,87.7,608.17
2026-09-23T06:00:00Z,GEN-6,0,0.0,0.0,0.0,38.8,87.7,608.17
2026-09-23T07:00:00Z,GEN-6,0,0.0,0.0,0.0,38.8,87.7,608.17
2026-09-23T08:00:00Z,GEN-6,0,0.0,0.0,0.0,38.8,87.7,608.17
2026-09-23T09:00:00Z,GEN-6,0,0.0,0.0,0.0,38.8,87.7,608.17
2026-09-23T10:00:00Z,GEN-6,0,0.0,0.0,0.0,38.8,87.7,608.17
2026-09-23T11:00:00Z,GEN-6,0,0.0,0.0,0.0,38.8,87.7,608.17
2026-09-23T12:00:00Z,GEN-6,0,0.0,0.0,0.0,38.8,87.7,608.17
2026-09-23T13:00:00Z,GEN-6,0,0.0,0.0,0.0,38.8,87.7,608.17
2026-09-23T14:00:00Z,GEN-6,0,0.0,0.0,0.0,38.8,87.7,608.17
2026-09-23T15:00:00Z,GEN-6,0,0.0,0.0,0.0,38.8,87.7,608.17
2026-09-23T16:00:00Z,GEN-6,0,0.0,0.0,0.0,38.8,87.7,608.17
2026-09-23T17:00:00Z,GEN-6,0,0.0,0.0,0.0,38.8,87.7,608.17
2026-09-23T18:00:00Z,GEN-6,0,0.0,0.0,0.0,38.8,87.7,608.17
2026-09-23T19:00:00Z,GEN-6,0,0.0,0.0,0.0,38.8,87.7,608.17
2026-09-23T20:00:00Z,GEN-6,0,0.0,0.0,0.0,38.8,87.7,608.17
2026-09-23T21:00:00Z,GEN-6,0,0.0,0.0,0.0,38.8,87.7,608.17
2026-09-23T22:00:00Z,GEN-6,0,0.0,0.0,0.0,38.8,87.7,608.17
2026-09-23T23:00:00Z,GEN-6,0,0.0,0.0,0.0,38.8,87.7,608.17
2026-09-24T00:00:00Z,GEN-6,0,0.0,0.0,0.0,38.8,87.7,608.17
2026-09-24T01:00:00Z,GEN-6,0,0.0,0.0,0.0,38.8,87.7,608.17
2026-09-24T02:00:00Z,GEN-6,0,0.0,0.0,0.0,38.8,87.7,608.17
2026-09-24T03:00:00Z,GEN-6,0,0.0,0.0,0.0,38.8,87.7,608.17
2026-09-24T04:00:00Z,GEN-6,0,0.0,0.0,0.0,38.8,87.7,608.17
2026-09-24T05:00:00Z,GEN-6,0,0.0,0.0,0.0,38.8,87.7,608.17
2026-09-24T06:00:00Z,GEN-6,0,0.0,0.0,0.0,38.8,87.7,608.17
2026-09-24T07:00:00Z,GEN-6,0,0.0,0.0,0.0,38.8,87.7,608.17
2026-09-24T08:00:00Z,GEN-6,0,0.0,0.0,0.0,38.8,87.7,608.17
2026-09-24T09:00:00Z,GEN-6,0,0.0,0.0,0.0,38.8,87.7,608.17
2026-09-24T10:00:00Z,GEN-6,0,0.0,0.0,0.0,38.8,87.7,608.17
2026-09-24T11:00:00Z,GEN-6,0,0.0,0.0,0.0,38.8,87.7,608.17
2026-09-24T12:00:00Z,GEN-6,0,0.0,0.0,0.0,38.8,87.7,608.17
2026-09-24T13:00:00Z,GEN-6,0,0.0,0.0,0.0,38.8,87.7,608.17
2026-09-24T14:00:00Z,GEN-6,0,0.0,0.0,0.0,38.8,87.7,608.17
2026-09-24T15:00:00Z,GEN-6,0,0.0,0.0,0.0,38.8,87.7,608.17
2026-09-24T16:00:00Z,GEN-6,0,0.0,0.0,0.0,38.8,87.7,608.17
2026-09-24T17:00:00Z,GEN-6,0,0.0,0.0,0.0,38.8,87.7,608.17
2026-09-24T18:00:00Z,GEN-6,0,0.0,0.0,0.0,38.8,87.7,608.17
2026-09-24T19:00:00Z,GEN-6,0,0.0,0.0,0.0,38.8,87.7,608.17
2026-09-24T20:00:00Z,GEN-6,0,0.0,0.0,0.0,38.8,87.7,608.17
2026-09-24T21:00:00Z,GEN-6,45,665.66,1068.0,35.6,76.4,87.2,608.92
2026-09-24T22:00:00Z,GEN-6,1,0.0,0.0,0.0,69.3,87.2,608.93
2026-09-24T23:00:00Z,GEN-6,0,0.0,0.0,0.0,54.5,87.2,608.93
2026-09-25T00:00:00Z,GEN-6,0,0.0,0.0,0.0,46.8,87.2,608.93
2026-09-25T01:00:00Z,GEN-6,0,0.0,0.0,0.0,42.9,87.2,608.93
2026-09-25T02:00:00Z,GEN-6,0,0.0,0.0,0.0,40.9,87.2,608.93
2026-09-25T03:00:00Z,GEN-6,0,0.0,0.0,0.0,39.9,87.2,608.93
2026-09-25T04:00:00Z,GEN-6,0,0.0,0.0,0.0,39.3,87.2,608.93
2026-09-25T05:00:00Z,GEN-6,0,0.0,0.0,0.0,39.1,87.2,608.93
2026-09-25T06:00:00Z,GEN-6,0,0.0,0.0,0.0,38.9,87.2,608.93
2026-09-25T07:00:00Z,GEN-6,0,0.0,0.0,0.0,38.8,87.2,608.93
2026-09-25T08:00:00Z,GEN-6,0,0.0,0.0,0.0,38.8,87.2,608.93
2026-09-25T09:00:00Z,GEN-6,0,0.0,0.0,0.0,38.8,87.2,608.93
2026-09-25T10:00:00Z,GEN-6,0,0.0,0.0,0.0,38.8,87.2,608.93
2026-09-25T11:00:00Z,GEN-6,0,0.0,0.0,0.0,38.8,87.2,608.93
2026-09-25T12:00:00Z,GEN-6,0,0.0,0.0,0.0,38.8,87.2,608.93
2026-09-25T13:00:00Z,GEN-6,0,0.0,0.0,0.0,38.8,87.2,608.93
2026-09-25T14:00:00Z,GEN-6,0,0.0,0.0,0.0,38.8,87.2,608.93
2026-09-25T15:00:00Z,GEN-6,0,0.0,0.0,0.0,38.8,87.2,608.93
2026-09-25T16:00:00Z,GEN-6,0,0.0,0.0,0.0,38.8,87.2,608.93
2026-09-25T17:00:00Z,GEN-6,0,0.0,0.0,0.0,38.8,87.2,608.93
2026-09-25T18:00:00Z,GEN-6,0,0.0,0.0,0.0,38.8,87.2,608.93
2026-09-25T19:00:00Z,GEN-6,0,0.0,0.0,0.0,38.8,87.2,608.93
2026-09-25T20:00:00Z,GEN-6,0,0.0,0.0,0.0,38.8,87.2,608.93
2026-09-25T21:00:00Z,GEN-6,0,0.0,0.0,0.0,38.8,87.2,608.93
2026-09-25T22:00:00Z,GEN-6,0,0.0,0.0,0.0,38.8,87.2,608.93
2026-09-25T23:00:00Z,GEN-6,0,0.0,0.0,0.0,38.8,87.2,608.93
2026-09-26T00:00:00Z,GEN-6,0,0.0,0.0,0.0,38.8,87.2,608.93
2026-09-26T01:00:00Z,GEN-6,0,0.0,0.0,0.0,38.8,87.2,608.93
2026-09-26T02:00:00Z,GEN-6,0,0.0,0.0,0.0,38.8,87.2,608.93
2026-09-26T03:00:00Z,GEN-6,0,0.0,0.0,0.0,38.8,87.2,608.93
2026-09-26T04:00:00Z,GEN-6,0,0.0,0.0,0.0,38.8,87.2,608.93
2026-09-26T05:00:00Z,GEN-6,0,0.0,0.0,0.0,38.8,87.2,608.93
2026-09-26T06:00:00Z,GEN-6,0,0.0,0.0,0.0,38.8,87.2,608.93
2026-09-26T07:00:00Z,GEN-6,0,0.0,0.0,0.0,38.8,87.2,608.93
2026-09-26T08:00:00Z,GEN-6,0,0.0,0.0,0.0,38.8,87.2,608.93
2026-09-26T09:00:00Z,GEN-6,0,0.0,0.0,0.0,38.8,87.2,608.93
2026-09-26T10:00:00Z,GEN-6,0,0.0,0.0,0.0,38.8,87.2,608.93
2026-09-26T11:00:00Z,GEN-6,0,0.0,0.0,0.0,38.8,87.2,608.93
2026-09-26T12:00:00Z,GEN-6,0,0.0,0.0,0.0,38.8,87.2,608.93
2026-09-26T13:00:00Z,GEN-6,0,0.0,0.0,0.0,38.8,87.2,608.93
2026-09-26T14:00:00Z,GEN-6,0,0.0,0.0,0.0,38.8,87.2,608.93
2026-09-26T15:00:00Z,GEN-6,0,0.0,0.0,0.0,38.8,87.2,608.93
2026-09-26T16:00:00Z,GEN-6,0,0.0,0.0,0.0,38.8,87.2,608.93
2026-09-26T17:00:00Z,GEN-6,0,0.0,0.0,0.0,38.8,87.2,608.93
2026-09-26T18:00:00Z,GEN-6,0,0.0,0.0,0.0,38.8,87.2,608.93
2026-09-26T19:00:00Z,GEN-6,0,0.0,0.0,0.0,38.8,87.2,608.93
2026-09-26T20:00:00Z,GEN-6,0,0.0,0.0,0.0,38.8,87.2,608.93
2026-09-26T21:00:00Z,GEN-6,0,0.0,0.0,0.0,38.8,87.2,608.93
2026-09-26T22:00:00Z,GEN-6,0,0.0,0.0,0.0,38.8,87.2,608.93
2026-09-26T23:00:00Z,GEN-6,0,0.0,0.0,0.0,38.8,87.2,608.93
2026-09-27T00:00:00Z,GEN-6,0,0.0,0.0,0.0,38.8,87.2,608.93
2026-09-27T01:00:00Z,GEN-6,0,0.0,0.0,0.0,38.8,87.2,608.93
2026-09-27T02:00:00Z,GEN-6,0,0.0,0.0,0.0,38.8,87.2,608.93
2026-09-27T03:00:00Z,GEN-6,0,0.0,0.0,0.0,38.8,87.2,608.93
2026-09-27T04:00:00Z,GEN-6,0,0.0,0.0,0.0,38.8,87.2,608.93
2026-09-27T05:00:00Z,GEN-6,0,0.0,0.0,0.0,38.8,87.2,608.93
2026-09-27T06:00:00Z,GEN-6,0,0.0,0.0,0.0,38.8,87.2,608.93
2026-09-27T07:00:00Z,GEN-6,0,0.0,0.0,0.0,38.8,87.2,608.93
2026-09-27T08:00:00Z,GEN-6,0,0.0,0.0,0.0,38.8,87.2,608.93
2026-09-27T09:00:00Z,GEN-6,0,0.0,0.0,0.0,38.8,87.2,608.93
2026-09-27T10:00:00Z,GEN-6,0,0.0,0.0,0.0,38.8,87.2,608.93
2026-09-27T11:00:00Z,GEN-6,0,0.0,0.0,0.0,38.8,87.2,608.93
2026-09-27T12:00:00Z,GEN-6,0,0.0,0.0,0.0,38.8,87.2,608.93
2026-09-27T13:00:00Z,GEN-6,0,0.0,0.0,0.0,38.8,87.2,608.93
2026-09-27T14:00:00Z,GEN-6,0,0.0,0.0,0.0,38.8,87.2,608.93
2026-09-27T15:00:00Z,GEN-6,0,0.0,0.0,0.0,38.8,87.2,608.93
2026-09-27T16:00:00Z,GEN-6,0,0.0,0.0,0.0,38.8,87.2,608.93
2026-09-27T17:00:00Z,GEN-6,0,0.0,0.0,0.0,38.8,87.2,608.93
2026-09-27T18:00:00Z,GEN-6,0,0.0,0.0,0.0,38.8,87.2,608.93
2026-09-27T19:00:00Z,GEN-6,0,0.0,0.0,0.0,38.8,87.2,608.93
2026-09-27T20:00:00Z,GEN-6,0,0.0,0.0,0.0,38.8,87.2,608.93
2026-09-27T21:00:00Z,GEN-6,0,0.0,0.0,0.0,38.8,87.2,608.93
2026-09-27T22:00:00Z,GEN-6,0,0.0,0.0,0.0,38.8,87.2,608.93
2026-09-27T23:00:00Z,GEN-6,0,0.0,0.0,0.0,38.8,87.2,608.93
2026-08-31T00:00:00Z,GEN-7,0,0.0,0.0,0.0,38.5,92.5,642.86
2026-08-31T01:00:00Z,GEN-7,0,0.0,0.0,0.0,38.5,92.5,642.86
2026-08-31T02:00:00Z,GEN-7,0,0.0,0.0,0.0,38.5,92.5,642.86
2026-08-31T03:00:00Z,GEN-7,0,0.0,0.0,0.0,38.5,92.5,642.86
2026-08-31T04:00:00Z,GEN-7,0,0.0,0.0,0.0,38.5,92.5,642.86
2026-08-31T05:00:00Z,GEN-7,0,0.0,0.0,0.0,38.5,92.5,642.86
2026-08-31T06:00:00Z,GEN-7,0,0.0,0.0,0.0,38.5,92.5,642.86
2026-08-31T07:00:00Z,GEN-7,0,0.0,0.0,0.0,38.5,92.5,642.86
2026-08-31T08:00:00Z,GEN-7,0,0.0,0.0,0.0,38.5,92.5,642.86
2026-08-31T09:00:00Z,GEN-7,0,0.0,0.0,0.0,38.5,92.5,642.86
2026-08-31T10:00:00Z,GEN-7,0,0.0,0.0,0.0,38.5,92.5,642.86
2026-08-31T11:00:00Z,GEN-7,0,0.0,0.0,0.0,38.5,92.5,642.86
2026-08-31T12:00:00Z,GEN-7,0,0.0,0.0,0.0,38.5,92.5,642.86
2026-08-31T13:00:00Z,GEN-7,0,0.0,0.0,0.0,38.5,92.5,642.86
2026-08-31T14:00:00Z,GEN-7,0,0.0,0.0,0.0,38.5,92.5,642.86
2026-08-31T15:00:00Z,GEN-7,0,0.0,0.0,0.0,38.5,92.5,642.86
2026-08-31T16:00:00Z,GEN-7,0,0.0,0.0,0.0,38.5,92.5,642.86
2026-08-31T17:00:00Z,GEN-7,0,0.0,0.0,0.0,38.5,92.5,642.86
2026-08-31T18:00:00Z,GEN-7,0,0.0,0.0,0.0,38.5,92.5,642.86
2026-08-31T19:00:00Z,GEN-7,0,0.0,0.0,0.0,38.5,92.5,642.86
2026-08-31T20:00:00Z,GEN-7,0,0.0,0.0,0.0,38.5,92.5,642.86
2026-08-31T21:00:00Z,GEN-7,0,0.0,0.0,0.0,38.5,92.5,642.86
2026-08-31T22:00:00Z,GEN-7,0,0.0,0.0,0.0,38.5,92.5,642.86
2026-08-31T23:00:00Z,GEN-7,0,0.0,0.0,0.0,38.5,92.5,642.86
2026-09-01T00:00:00Z,GEN-7,0,0.0,0.0,0.0,38.5,92.5,642.86
2026-09-01T01:00:00Z,GEN-7,0,0.0,0.0,0.0,38.5,92.5,642.86
2026-09-01T02:00:00Z,GEN-7,0,0.0,0.0,0.0,38.5,92.5,642.86
2026-09-01T03:00:00Z,GEN-7,0,0.0,0.0,0.0,38.5,92.5,642.86
2026-09-01T04:00:00Z,GEN-7,0,0.0,0.0,0.0,38.5,92.5,642.86
2026-09-01T05:00:00Z,GEN-7,0,0.0,0.0,0.0,38.5,92.5,642.86
2026-09-01T06:00:00Z,GEN-7,0,0.0,0.0,0.0,38.5,92.5,642.86
2026-09-01T07:00:00Z,GEN-7,0,0.0,0.0,0.0,38.5,92.5,642.86
2026-09-01T08:00:00Z,GEN-7,0,0.0,0.0,0.0,38.5,92.5,642.86
2026-09-01T09:00:00Z,GEN-7,0,0.0,0.0,0.0,38.5,92.5,642.86
2026-09-01T10:00:00Z,GEN-7,0,0.0,0.0,0.0,38.5,92.5,642.86
2026-09-01T11:00:00Z,GEN-7,0,0.0,0.0,0.0,38.5,92.5,642.86
2026-09-01T12:00:00Z,GEN-7,0,0.0,0.0,0.0,38.5,92.5,642.86
2026-09-01T13:00:00Z,GEN-7,0,0.0,0.0,0.0,38.5,92.5,642.86
2026-09-01T14:00:00Z,GEN-7,0,0.0,0.0,0.0,38.5,92.5,642.86
2026-09-01T15:00:00Z,GEN-7,0,0.0,0.0,0.0,38.5,92.5,642.86
2026-09-01T16:00:00Z,GEN-7,0,0.0,0.0,0.0,38.5,92.5,642.86
2026-09-01T17:00:00Z,GEN-7,0,0.0,0.0,0.0,38.5,92.5,642.86
2026-09-01T18:00:00Z,GEN-7,0,0.0,0.0,0.0,38.5,92.5,642.86
2026-09-01T19:00:00Z,GEN-7,0,0.0,0.0,0.0,38.5,92.5,642.86
2026-09-01T20:00:00Z,GEN-7,0,0.0,0.0,0.0,38.5,92.5,642.86
2026-09-01T21:00:00Z,GEN-7,0,0.0,0.0,0.0,38.5,92.5,642.86
2026-09-01T22:00:00Z,GEN-7,0,0.0,0.0,0.0,38.5,92.5,642.86
2026-09-01T23:00:00Z,GEN-7,0,0.0,0.0,0.0,38.5,92.5,642.86
2026-09-02T00:00:00Z,GEN-7,0,0.0,0.0,0.0,38.5,92.5,642.86
2026-09-02T01:00:00Z,GEN-7,0,0.0,0.0,0.0,38.5,92.5,642.86
2026-09-02T02:00:00Z,GEN-7,0,0.0,0.0,0.0,38.5,92.5,642.86
2026-09-02T03:00:00Z,GEN-7,0,0.0,0.0,0.0,38.5,92.5,642.86
2026-09-02T04:00:00Z,GEN-7,0,0.0,0.0,0.0,38.5,92.5,642.86
2026-09-02T05:00:00Z,GEN-7,0,0.0,0.0,0.0,38.5,92.5,642.86
2026-09-02T06:00:00Z,GEN-7,0,0.0,0.0,0.0,38.5,92.5,642.86
2026-09-02T07:00:00Z,GEN-7,0,0.0,0.0,0.0,38.5,92.5,642.86
2026-09-02T08:00:00Z,GEN-7,0,0.0,0.0,0.0,38.5,92.5,642.86
2026-09-02T09:00:00Z,GEN-7,0,0.0,0.0,0.0,38.5,92.5,642.86
2026-09-02T10:00:00Z,GEN-7,0,0.0,0.0,0.0,38.5,92.5,642.86
2026-09-02T11:00:00Z,GEN-7,0,0.0,0.0,0.0,38.5,92.5,642.86
2026-09-02T12:00:00Z,GEN-7,0,0.0,0.0,0.0,38.5,92.5,642.86
2026-09-02T13:00:00Z,GEN-7,0,0.0,0.0,0.0,38.5,92.5,642.86
2026-09-02T14:00:00Z,GEN-7,0,0.0,0.0,0.0,38.5,92.5,642.86
2026-09-02T15:00:00Z,GEN-7,0,0.0,0.0,0.0,38.5,92.5,642.86
2026-09-02T16:00:00Z,GEN-7,0,0.0,0.0,0.0,38.5,92.5,642.86
2026-09-02T17:00:00Z,GEN-7,0,0.0,0.0,0.0,38.5,92.5,642.86
2026-09-02T18:00:00Z,GEN-7,0,0.0,0.0,0.0,38.5,92.5,642.86
2026-09-02T19:00:00Z,GEN-7,0,0.0,0.0,0.0,38.5,92.5,642.86
2026-09-02T20:00:00Z,GEN-7,0,0.0,0.0,0.0,38.5,92.5,642.86
2026-09-02T21:00:00Z,GEN-7,0,0.0,0.0,0.0,38.5,92.5,642.86
2026-09-02T22:00:00Z,GEN-7,0,0.0,0.0,0.0,38.5,92.5,642.86
2026-09-02T23:00:00Z,GEN-7,0,0.0,0.0,0.0,38.5,92.5,642.86
2026-09-03T00:00:00Z,GEN-7,0,0.0,0.0,0.0,38.5,92.5,642.86
2026-09-03T01:00:00Z,GEN-7,0,0.0,0.0,0.0,38.5,92.5,642.86
2026-09-03T02:00:00Z,GEN-7,0,0.0,0.0,0.0,38.5,92.5,642.86
2026-09-03T03:00:00Z,GEN-7,0,0.0,0.0,0.0,38.5,92.5,642.86
2026-09-03T04:00:00Z,GEN-7,0,0.0,0.0,0.0,38.5,92.5,642.86
2026-09-03T05:00:00Z,GEN-7,0,0.0,0.0,0.0,38.5,92.5,642.86
2026-09-03T06:00:00Z,GEN-7,0,0.0,0.0,0.0,38.5,92.5,642.86
2026-09-03T07:00:00Z,GEN-7,0,0.0,0.0,0.0,38.5,92.5,642.86
2026-09-03T08:00:00Z,GEN-7,0,0.0,0.0,0.0,38.5,92.5,642.86
2026-09-03T09:00:00Z,GEN-7,0,0.0,0.0,0.0,38.5,92.5,642.86
2026-09-03T10:00:00Z,GEN-7,0,0.0,0.0,0.0,38.5,92.5,642.86
2026-09-03T11:00:00Z,GEN-7,0,0.0,0.0,0.0,38.5,92.5,642.86
2026-09-03T12:00:00Z,GEN-7,0,0.0,0.0,0.0,38.5,92.5,642.86
2026-09-03T13:00:00Z,GEN-7,0,0.0,0.0,0.0,38.5,92.5,642.86
2026-09-03T14:00:00Z,GEN-7,0,0.0,0.0,0.0,38.5,92.5,642.86
2026-09-03T15:00:00Z,GEN-7,0,0.0,0.0,0.0,38.5,92.5,642.86
2026-09-03T16:00:00Z,GEN-7,0,0.0,0.0,0.0,38.5,92.5,642.86
2026-09-03T17:00:00Z,GEN-7,0,0.0,0.0,0.0,38.5,92.5,642.86
2026-09-03T18:00:00Z,GEN-7,0,0.0,0.0,0.0,38.5,92.5,642.86
2026-09-03T19:00:00Z,GEN-7,0,0.0,0.0,0.0,38.5,92.5,642.86
2026-09-03T20:00:00Z,GEN-7,0,0.0,0.0,0.0,38.5,92.5,642.86
2026-09-03T21:00:00Z,GEN-7,0,0.0,0.0,0.0,38.5,92.5,642.86
2026-09-03T22:00:00Z,GEN-7,0,0.0,0.0,0.0,38.5,92.5,642.86
2026-09-03T23:00:00Z,GEN-7,0,0.0,0.0,0.0,38.5,92.5,642.86
2026-09-04T00:00:00Z,GEN-7,0,0.0,0.0,0.0,38.5,92.5,642.86
2026-09-04T01:00:00Z,GEN-7,0,0.0,0.0,0.0,38.5,92.5,642.86
2026-09-04T02:00:00Z,GEN-7,0,0.0,0.0,0.0,38.5,92.5,642.86
2026-09-04T03:00:00Z,GEN-7,0,0.0,0.0,0.0,38.5,92.5,642.86
2026-09-04T04:00:00Z,GEN-7,0,0.0,0.0,0.0,38.5,92.5,642.86
2026-09-04T05:00:00Z,GEN-7,0,0.0,0.0,0.0,38.5,92.5,642.86
2026-09-04T06:00:00Z,GEN-7,0,0.0,0.0,0.0,38.5,92.5,642.86
2026-09-04T07:00:00Z,GEN-7,0,0.0,0.0,0.0,38.5,92.5,642.86
2026-09-04T08:00:00Z,GEN-7,0,0.0,0.0,0.0,38.5,92.5,642.86
2026-09-04T09:00:00Z,GEN-7,0,0.0,0.0,0.0,38.5,92.5,642.86
2026-09-04T10:00:00Z,GEN-7,0,0.0,0.0,0.0,38.5,92.5,642.86
2026-09-04T11:00:00Z,GEN-7,0,0.0,0.0,0.0,38.5,92.5,642.86
2026-09-04T12:00:00Z,GEN-7,0,0.0,0.0,0.0,38.5,92.5,642.86
2026-09-04T13:00:00Z,GEN-7,0,0.0,0.0,0.0,38.5,92.5,642.86
2026-09-04T14:00:00Z,GEN-7,0,0.0,0.0,0.0,38.5,92.5,642.86
2026-09-04T15:00:00Z,GEN-7,0,0.0,0.0,0.0,38.5,92.5,642.86
2026-09-04T16:00:00Z,GEN-7,0,0.0,0.0,0.0,38.5,92.5,642.86
2026-09-04T17:00:00Z,GEN-7,0,0.0,0.0,0.0,38.5,92.5,642.86
2026-09-04T18:00:00Z,GEN-7,0,0.0,0.0,0.0,38.5,92.5,642.86
2026-09-04T19:00:00Z,GEN-7,0,0.0,0.0,0.0,38.5,92.5,642.86
2026-09-04T20:00:00Z,GEN-7,0,0.0,0.0,0.0,38.5,92.5,642.86
2026-09-04T21:00:00Z,GEN-7,0,0.0,0.0,0.0,38.5,92.5,642.86
2026-09-04T22:00:00Z,GEN-7,0,0.0,0.0,0.0,38.5,92.5,642.86
2026-09-04T23:00:00Z,GEN-7,0,0.0,0.0,0.0,38.5,92.5,642.86
2026-09-05T00:00:00Z,GEN-7,0,0.0,0.0,0.0,38.5,92.5,642.86
2026-09-05T01:00:00Z,GEN-7,0,0.0,0.0,0.0,38.5,92.5,642.86
2026-09-05T02:00:00Z,GEN-7,0,0.0,0.0,0.0,38.5,92.5,642.86
2026-09-05T03:00:00Z,GEN-7,0,0.0,0.0,0.0,38.5,92.5,642.86
2026-09-05T04:00:00Z,GEN-7,0,0.0,0.0,0.0,38.5,92.5,642.86
2026-09-05T05:00:00Z,GEN-7,0,0.0,0.0,0.0,38.5,92.5,642.86
2026-09-05T06:00:00Z,GEN-7,0,0.0,0.0,0.0,38.5,92.5,642.86
2026-09-05T07:00:00Z,GEN-7,0,0.0,0.0,0.0,38.5,92.5,642.86
2026-09-05T08:00:00Z,GEN-7,0,0.0,0.0,0.0,38.5,92.5,642.86
2026-09-05T09:00:00Z,GEN-7,0,0.0,0.0,0.0,38.5,92.5,642.86
2026-09-05T10:00:00Z,GEN-7,0,0.0,0.0,0.0,38.5,92.5,642.86
2026-09-05T11:00:00Z,GEN-7,0,0.0,0.0,0.0,38.5,92.5,642.86
2026-09-05T12:00:00Z,GEN-7,0,0.0,0.0,0.0,38.5,92.5,642.86
2026-09-05T13:00:00Z,GEN-7,0,0.0,0.0,0.0,38.5,92.5,642.86
2026-09-05T14:00:00Z,GEN-7,0,0.0,0.0,0.0,38.5,92.5,642.86
2026-09-05T15:00:00Z,GEN-7,0,0.0,0.0,0.0,38.5,92.5,642.86
2026-09-05T16:00:00Z,GEN-7,0,0.0,0.0,0.0,38.5,92.5,642.86
2026-09-05T17:00:00Z,GEN-7,0,0.0,0.0,0.0,38.5,92.5,642.86
2026-09-05T18:00:00Z,GEN-7,0,0.0,0.0,0.0,38.5,92.5,642.86
2026-09-05T19:00:00Z,GEN-7,0,0.0,0.0,0.0,38.5,92.5,642.86
2026-09-05T20:00:00Z,GEN-7,0,0.0,0.0,0.0,38.5,92.5,642.86
2026-09-05T21:00:00Z,GEN-7,0,0.0,0.0,0.0,38.5,92.5,642.86
2026-09-05T22:00:00Z,GEN-7,0,0.0,0.0,0.0,38.5,92.5,642.86
2026-09-05T23:00:00Z,GEN-7,0,0.0,0.0,0.0,38.5,92.5,642.86
2026-09-06T00:00:00Z,GEN-7,0,0.0,0.0,0.0,38.5,92.5,642.86
2026-09-06T01:00:00Z,GEN-7,0,0.0,0.0,0.0,38.5,92.5,642.86
2026-09-06T02:00:00Z,GEN-7,0,0.0,0.0,0.0,38.5,92.5,642.86
2026-09-06T03:00:00Z,GEN-7,0,0.0,0.0,0.0,38.5,92.5,642.86
2026-09-06T04:00:00Z,GEN-7,0,0.0,0.0,0.0,38.5,92.5,642.86
2026-09-06T05:00:00Z,GEN-7,0,0.0,0.0,0.0,38.5,92.5,642.86
2026-09-06T06:00:00Z,GEN-7,0,0.0,0.0,0.0,38.5,92.5,642.86
2026-09-06T07:00:00Z,GEN-7,0,0.0,0.0,0.0,38.5,92.5,642.86
2026-09-06T08:00:00Z,GEN-7,0,0.0,0.0,0.0,38.5,92.5,642.86
2026-09-06T09:00:00Z,GEN-7,0,0.0,0.0,0.0,38.5,92.5,642.86
2026-09-06T10:00:00Z,GEN-7,0,0.0,0.0,0.0,38.5,92.5,642.86
2026-09-06T11:00:00Z,GEN-7,0,0.0,0.0,0.0,38.5,92.5,642.86
2026-09-06T12:00:00Z,GEN-7,0,0.0,0.0,0.0,38.5,92.5,642.86
2026-09-06T13:00:00Z,GEN-7,0,0.0,0.0,0.0,38.5,92.5,642.86
2026-09-06T14:00:00Z,GEN-7,0,0.0,0.0,0.0,38.5,92.5,642.86
2026-09-06T15:00:00Z,GEN-7,0,0.0,0.0,0.0,38.5,92.5,642.86
2026-09-06T16:00:00Z,GEN-7,0,0.0,0.0,0.0,38.5,92.5,642.86
2026-09-06T17:00:00Z,GEN-7,0,0.0,0.0,0.0,38.5,92.5,642.86
2026-09-06T18:00:00Z,GEN-7,0,0.0,0.0,0.0,38.5,92.5,642.86
2026-09-06T19:00:00Z,GEN-7,0,0.0,0.0,0.0,38.5,92.5,642.86
2026-09-06T20:00:00Z,GEN-7,0,0.0,0.0,0.0,38.5,92.5,642.86
2026-09-06T21:00:00Z,GEN-7,0,0.0,0.0,0.0,38.5,92.5,642.86
2026-09-06T22:00:00Z,GEN-7,0,0.0,0.0,0.0,38.5,92.5,642.86
2026-09-06T23:00:00Z,GEN-7,0,0.0,0.0,0.0,38.5,92.5,642.86
2026-09-07T00:00:00Z,GEN-7,0,0.0,0.0,0.0,38.5,92.5,642.86
2026-09-07T01:00:00Z,GEN-7,0,0.0,0.0,0.0,38.5,92.5,642.86
2026-09-07T02:00:00Z,GEN-7,0,0.0,0.0,0.0,38.5,92.5,642.86
2026-09-07T03:00:00Z,GEN-7,0,0.0,0.0,0.0,38.5,92.5,642.86
2026-09-07T04:00:00Z,GEN-7,0,0.0,0.0,0.0,38.5,92.5,642.86
2026-09-07T05:00:00Z,GEN-7,0,0.0,0.0,0.0,38.5,92.5,642.86
2026-09-07T06:00:00Z,GEN-7,0,0.0,0.0,0.0,38.5,92.5,642.86
2026-09-07T07:00:00Z,GEN-7,0,0.0,0.0,0.0,38.5,92.5,642.86
2026-09-07T08:00:00Z,GEN-7,0,0.0,0.0,0.0,38.5,92.5,642.86
2026-09-07T09:00:00Z,GEN-7,0,0.0,0.0,0.0,38.5,92.5,642.86
2026-09-07T10:00:00Z,GEN-7,0,0.0,0.0,0.0,38.5,92.5,642.86
2026-09-07T11:00:00Z,GEN-7,0,0.0,0.0,0.0,38.5,92.5,642.86
2026-09-07T12:00:00Z,GEN-7,0,0.0,0.0,0.0,38.5,92.5,642.86
2026-09-07T13:00:00Z,GEN-7,0,0.0,0.0,0.0,38.5,92.5,642.86
2026-09-07T14:00:00Z,GEN-7,0,0.0,0.0,0.0,38.5,92.5,642.86
2026-09-07T15:00:00Z,GEN-7,0,0.0,0.0,0.0,38.5,92.5,642.86
2026-09-07T16:00:00Z,GEN-7,0,0.0,0.0,0.0,38.5,92.5,642.86
2026-09-07T17:00:00Z,GEN-7,0,0.0,0.0,0.0,38.5,92.5,642.86
2026-09-07T18:00:00Z,GEN-7,0,0.0,0.0,0.0,38.5,92.5,642.86
2026-09-07T19:00:00Z,GEN-7,0,0.0,0.0,0.0,38.5,92.5,642.86
2026-09-07T20:00:00Z,GEN-7,0,0.0,0.0,0.0,38.5,92.5,642.86
2026-09-07T21:00:00Z,GEN-7,0,0.0,0.0,0.0,38.5,92.5,642.86
2026-09-07T22:00:00Z,GEN-7,0,0.0,0.0,0.0,38.5,92.5,642.86
2026-09-07T23:00:00Z,GEN-7,0,0.0,0.0,0.0,38.5,92.5,642.86
2026-09-08T00:00:00Z,GEN-7,0,0.0,0.0,0.0,38.5,92.5,642.86
2026-09-08T01:00:00Z,GEN-7,0,0.0,0.0,0.0,38.5,92.5,642.86
2026-09-08T02:00:00Z,GEN-7,0,0.0,0.0,0.0,38.5,92.5,642.86
2026-09-08T03:00:00Z,GEN-7,0,0.0,0.0,0.0,38.5,92.5,642.86
2026-09-08T04:00:00Z,GEN-7,0,0.0,0.0,0.0,38.5,92.5,642.86
2026-09-08T05:00:00Z,GEN-7,0,0.0,0.0,0.0,38.5,92.5,642.86
2026-09-08T06:00:00Z,GEN-7,0,0.0,0.0,0.0,38.5,92.5,642.86
2026-09-08T07:00:00Z,GEN-7,0,0.0,0.0,0.0,38.5,92.5,642.86
2026-09-08T08:00:00Z,GEN-7,0,0.0,0.0,0.0,38.5,92.5,642.86
2026-09-08T09:00:00Z,GEN-7,0,0.0,0.0,0.0,38.5,92.5,642.86
2026-09-08T10:00:00Z,GEN-7,0,0.0,0.0,0.0,38.5,92.5,642.86
2026-09-08T11:00:00Z,GEN-7,0,0.0,0.0,0.0,38.5,92.5,642.86
2026-09-08T12:00:00Z,GEN-7,0,0.0,0.0,0.0,38.5,92.5,642.86
2026-09-08T13:00:00Z,GEN-7,0,0.0,0.0,0.0,38.5,92.5,642.86
2026-09-08T14:00:00Z,GEN-7,0,0.0,0.0,0.0,38.5,92.5,642.86
2026-09-08T15:00:00Z,GEN-7,0,0.0,0.0,0.0,38.5,92.5,642.86
2026-09-08T16:00:00Z,GEN-7,0,0.0,0.0,0.0,38.5,92.5,642.86
2026-09-08T17:00:00Z,GEN-7,0,0.0,0.0,0.0,38.5,92.5,642.86
2026-09-08T18:00:00Z,GEN-7,0,0.0,0.0,0.0,38.5,92.5,642.86
2026-09-08T19:00:00Z,GEN-7,0,0.0,0.0,0.0,38.5,92.5,642.86
2026-09-08T20:00:00Z,GEN-7,0,0.0,0.0,0.0,38.5,92.5,642.86
2026-09-08T21:00:00Z,GEN-7,0,0.0,0.0,0.0,38.5,92.5,642.86
2026-09-08T22:00:00Z,GEN-7,0,0.0,0.0,0.0,38.5,92.5,642.86
2026-09-08T23:00:00Z,GEN-7,0,0.0,0.0,0.0,38.5,92.5,642.86
2026-09-09T00:00:00Z,GEN-7,0,0.0,0.0,0.0,38.5,92.5,642.86
2026-09-09T01:00:00Z,GEN-7,0,0.0,0.0,0.0,38.5,92.5,642.86
2026-09-09T02:00:00Z,GEN-7,0,0.0,0.0,0.0,38.5,92.5,642.86
2026-09-09T03:00:00Z,GEN-7,0,0.0,0.0,0.0,38.5,92.5,642.86
2026-09-09T04:00:00Z,GEN-7,0,0.0,0.0,0.0,38.5,92.5,642.86
2026-09-09T05:00:00Z,GEN-7,0,0.0,0.0,0.0,38.5,92.5,642.86
2026-09-09T06:00:00Z,GEN-7,0,0.0,0.0,0.0,38.5,92.5,642.86
2026-09-09T07:00:00Z,GEN-7,0,0.0,0.0,0.0,38.5,92.5,642.86
2026-09-09T08:00:00Z,GEN-7,0,0.0,0.0,0.0,38.5,92.5,642.86
2026-09-09T09:00:00Z,GEN-7,0,0.0,0.0,0.0,38.5,92.5,642.86
2026-09-09T10:00:00Z,GEN-7,0,0.0,0.0,0.0,38.5,92.5,642.86
2026-09-09T11:00:00Z,GEN-7,0,0.0,0.0,0.0,38.5,92.5,642.86
2026-09-09T12:00:00Z,GEN-7,0,0.0,0.0,0.0,38.5,92.5,642.86
2026-09-09T13:00:00Z,GEN-7,0,0.0,0.0,0.0,38.5,92.5,642.86
2026-09-09T14:00:00Z,GEN-7,0,0.0,0.0,0.0,38.5,92.5,642.86
2026-09-09T15:00:00Z,GEN-7,0,0.0,0.0,0.0,38.5,92.5,642.86
2026-09-09T16:00:00Z,GEN-7,0,0.0,0.0,0.0,38.5,92.5,642.86
2026-09-09T17:00:00Z,GEN-7,0,0.0,0.0,0.0,38.5,92.5,642.86
2026-09-09T18:00:00Z,GEN-7,0,0.0,0.0,0.0,38.5,92.5,642.86
2026-09-09T19:00:00Z,GEN-7,0,0.0,0.0,0.0,38.5,92.5,642.86
2026-09-09T20:00:00Z,GEN-7,0,0.0,0.0,0.0,38.5,92.5,642.86
2026-09-09T21:00:00Z,GEN-7,0,0.0,0.0,0.0,38.5,92.5,642.86
2026-09-09T22:00:00Z,GEN-7,0,0.0,0.0,0.0,38.5,92.5,642.86
2026-09-09T23:00:00Z,GEN-7,0,0.0,0.0,0.0,38.5,92.5,642.86
2026-09-10T00:00:00Z,GEN-7,0,0.0,0.0,0.0,38.5,92.5,642.86
2026-09-10T01:00:00Z,GEN-7,0,0.0,0.0,0.0,38.5,92.5,642.86
2026-09-10T02:00:00Z,GEN-7,0,0.0,0.0,0.0,38.5,92.5,642.86
2026-09-10T03:00:00Z,GEN-7,0,0.0,0.0,0.0,38.5,92.5,642.86
2026-09-10T04:00:00Z,GEN-7,0,0.0,0.0,0.0,38.5,92.5,642.86
2026-09-10T05:00:00Z,GEN-7,0,0.0,0.0,0.0,38.5,92.5,642.86
2026-09-10T06:00:00Z,GEN-7,0,0.0,0.0,0.0,38.5,92.5,642.86
2026-09-10T07:00:00Z,GEN-7,0,0.0,0.0,0.0,38.5,92.5,642.86
2026-09-10T08:00:00Z,GEN-7,0,0.0,0.0,0.0,38.5,92.5,642.86
2026-09-10T09:00:00Z,GEN-7,0,0.0,0.0,0.0,38.5,92.5,642.86
2026-09-10T10:00:00Z,GEN-7,0,0.0,0.0,0.0,38.5,92.5,642.86
2026-09-10T11:00:00Z,GEN-7,0,0.0,0.0,0.0,38.5,92.5,642.86
2026-09-10T12:00:00Z,GEN-7,0,0.0,0.0,0.0,38.5,92.5,642.86
2026-09-10T13:00:00Z,GEN-7,0,0.0,0.0,0.0,38.5,92.5,642.86
2026-09-10T14:00:00Z,GEN-7,0,0.0,0.0,0.0,38.5,92.5,642.86
2026-09-10T15:00:00Z,GEN-7,0,0.0,0.0,0.0,38.5,92.5,642.86
2026-09-10T16:00:00Z,GEN-7,0,0.0,0.0,0.0,38.5,92.5,642.86
2026-09-10T17:00:00Z,GEN-7,0,0.0,0.0,0.0,38.5,92.5,642.86
2026-09-10T18:00:00Z,GEN-7,0,0.0,0.0,0.0,38.5,92.5,642.86
2026-09-10T19:00:00Z,GEN-7,0,0.0,0.0,0.0,38.5,92.5,642.86
2026-09-10T20:00:00Z,GEN-7,0,0.0,0.0,0.0,38.5,92.5,642.86
2026-09-10T21:00:00Z,GEN-7,0,0.0,0.0,0.0,38.5,92.5,642.86
2026-09-10T22:00:00Z,GEN-7,0,0.0,0.0,0.0,38.5,92.5,642.86
2026-09-10T23:00:00Z,GEN-7,0,0.0,0.0,0.0,38.5,92.5,642.86
2026-09-11T00:00:00Z,GEN-7,0,0.0,0.0,0.0,38.5,92.5,642.86
2026-09-11T01:00:00Z,GEN-7,0,0.0,0.0,0.0,38.5,92.5,642.86
2026-09-11T02:00:00Z,GEN-7,0,0.0,0.0,0.0,38.5,92.5,642.86
2026-09-11T03:00:00Z,GEN-7,0,0.0,0.0,0.0,38.5,92.5,642.86
2026-09-11T04:00:00Z,GEN-7,0,0.0,0.0,0.0,38.5,92.5,642.86
2026-09-11T05:00:00Z,GEN-7,0,0.0,0.0,0.0,38.5,92.5,642.86
2026-09-11T06:00:00Z,GEN-7,0,0.0,0.0,0.0,38.5,92.5,642.86
2026-09-11T07:00:00Z,GEN-7,0,0.0,0.0,0.0,38.5,92.5,642.86
2026-09-11T08:00:00Z,GEN-7,0,0.0,0.0,0.0,38.5,92.5,642.86
2026-09-11T09:00:00Z,GEN-7,0,0.0,0.0,0.0,38.5,92.5,642.86
2026-09-11T10:00:00Z,GEN-7,0,0.0,0.0,0.0,38.5,92.5,642.86
2026-09-11T11:00:00Z,GEN-7,0,0.0,0.0,0.0,38.5,92.5,642.86
2026-09-11T12:00:00Z,GEN-7,0,0.0,0.0,0.0,38.5,92.5,642.86
2026-09-11T13:00:00Z,GEN-7,0,0.0,0.0,0.0,38.5,92.5,642.86
2026-09-11T14:00:00Z,GEN-7,0,0.0,0.0,0.0,38.5,92.5,642.86
2026-09-11T15:00:00Z,GEN-7,0,0.0,0.0,0.0,38.5,92.5,642.86
2026-09-11T16:00:00Z,GEN-7,0,0.0,0.0,0.0,38.5,92.5,642.86
2026-09-11T17:00:00Z,GEN-7,0,0.0,0.0,0.0,38.5,92.5,642.86
2026-09-11T18:00:00Z,GEN-7,0,0.0,0.0,0.0,38.5,92.5,642.86
2026-09-11T19:00:00Z,GEN-7,0,0.0,0.0,0.0,38.5,92.5,642.86
2026-09-11T20:00:00Z,GEN-7,0,0.0,0.0,0.0,38.5,92.5,642.86
2026-09-11T21:00:00Z,GEN-7,0,0.0,0.0,0.0,38.5,92.5,642.86
2026-09-11T22:00:00Z,GEN-7,0,0.0,0.0,0.0,38.5,92.5,642.86
2026-09-11T23:00:00Z,GEN-7,0,0.0,0.0,0.0,38.5,92.5,642.86
2026-09-12T00:00:00Z,GEN-7,0,0.0,0.0,0.0,38.5,92.5,642.86
2026-09-12T01:00:00Z,GEN-7,0,0.0,0.0,0.0,38.5,92.5,642.86
2026-09-12T02:00:00Z,GEN-7,0,0.0,0.0,0.0,38.5,92.5,642.86
2026-09-12T03:00:00Z,GEN-7,0,0.0,0.0,0.0,38.5,92.5,642.86
2026-09-12T04:00:00Z,GEN-7,0,0.0,0.0,0.0,38.5,92.5,642.86
2026-09-12T05:00:00Z,GEN-7,0,0.0,0.0,0.0,38.5,92.5,642.86
2026-09-12T06:00:00Z,GEN-7,0,0.0,0.0,0.0,38.5,92.5,642.86
2026-09-12T07:00:00Z,GEN-7,0,0.0,0.0,0.0,38.5,92.5,642.86
2026-09-12T08:00:00Z,GEN-7,0,0.0,0.0,0.0,38.5,92.5,642.86
2026-09-12T09:00:00Z,GEN-7,0,0.0,0.0,0.0,38.5,92.5,642.86
2026-09-12T10:00:00Z,GEN-7,0,0.0,0.0,0.0,38.5,92.5,642.86
2026-09-12T11:00:00Z,GEN-7,0,0.0,0.0,0.0,38.5,92.5,642.86
2026-09-12T12:00:00Z,GEN-7,0,0.0,0.0,0.0,38.5,92.5,642.86
2026-09-12T13:00:00Z,GEN-7,0,0.0,0.0,0.0,38.5,92.5,642.86
2026-09-12T14:00:00Z,GEN-7,0,0.0,0.0,0.0,38.5,92.5,642.86
2026-09-12T15:00:00Z,GEN-7,0,0.0,0.0,0.0,38.5,92.5,642.86
2026-09-12T16:00:00Z,GEN-7,0,0.0,0.0,0.0,38.5,92.5,642.86
2026-09-12T17:00:00Z,GEN-7,0,0.0,0.0,0.0,38.5,92.5,642.86
2026-09-12T18:00:00Z,GEN-7,0,0.0,0.0,0.0,38.5,92.5,642.86
2026-09-12T19:00:00Z,GEN-7,0,0.0,0.0,0.0,38.5,92.5,642.86
2026-09-12T20:00:00Z,GEN-7,0,0.0,0.0,0.0,38.5,92.5,642.86
2026-09-12T21:00:00Z,GEN-7,0,0.0,0.0,0.0,38.5,92.5,642.86
2026-09-12T22:00:00Z,GEN-7,0,0.0,0.0,0.0,38.5,92.5,642.86
2026-09-12T23:00:00Z,GEN-7,0,0.0,0.0,0.0,38.5,92.5,642.86
2026-09-13T00:00:00Z,GEN-7,0,0.0,0.0,0.0,38.5,92.5,642.86
2026-09-13T01:00:00Z,GEN-7,0,0.0,0.0,0.0,38.5,92.5,642.86
2026-09-13T02:00:00Z,GEN-7,0,0.0,0.0,0.0,38.5,92.5,642.86
2026-09-13T03:00:00Z,GEN-7,0,0.0,0.0,0.0,38.5,92.5,642.86
2026-09-13T04:00:00Z,GEN-7,0,0.0,0.0,0.0,38.5,92.5,642.86
2026-09-13T05:00:00Z,GEN-7,0,0.0,0.0,0.0,38.5,92.5,642.86
2026-09-13T06:00:00Z,GEN-7,0,0.0,0.0,0.0,38.5,92.5,642.86
2026-09-13T07:00:00Z,GEN-7,0,0.0,0.0,0.0,38.5,92.5,642.86
2026-09-13T08:00:00Z,GEN-7,0,0.0,0.0,0.0,38.5,92.5,642.86
2026-09-13T09:00:00Z,GEN-7,0,0.0,0.0,0.0,38.5,92.5,642.86
2026-09-13T10:00:00Z,GEN-7,0,0.0,0.0,0.0,38.5,92.5,642.86
2026-09-13T11:00:00Z,GEN-7,0,0.0,0.0,0.0,38.5,92.5,642.86
2026-09-13T12:00:00Z,GEN-7,0,0.0,0.0,0.0,38.5,92.5,642.86
2026-09-13T13:00:00Z,GEN-7,0,0.0,0.0,0.0,38.5,92.5,642.86
2026-09-13T14:00:00Z,GEN-7,0,0.0,0.0,0.0,38.5,92.5,642.86
2026-09-13T15:00:00Z,GEN-7,0,0.0,0.0,0.0,38.5,92.5,642.86
2026-09-13T16:00:00Z,GEN-7,0,0.0,0.0,0.0,38.5,92.5,642.86
2026-09-13T17:00:00Z,GEN-7,0,0.0,0.0,0.0,38.5,92.5,642.86
2026-09-13T18:00:00Z,GEN-7,0,0.0,0.0,0.0,38.5,92.5,642.86
2026-09-13T19:00:00Z,GEN-7,0,0.0,0.0,0.0,38.5,92.5,642.86
2026-09-13T20:00:00Z,GEN-7,0,0.0,0.0,0.0,38.5,92.5,642.86
2026-09-13T21:00:00Z,GEN-7,0,0.0,0.0,0.0,38.5,92.5,642.86
2026-09-13T22:00:00Z,GEN-7,0,0.0,0.0,0.0,38.5,92.5,642.86
2026-09-13T23:00:00Z,GEN-7,0,0.0,0.0,0.0,38.5,92.5,642.86
2026-09-14T00:00:00Z,GEN-7,0,0.0,0.0,0.0,38.5,92.5,642.86
2026-09-14T01:00:00Z,GEN-7,0,0.0,0.0,0.0,38.5,92.5,642.86
2026-09-14T02:00:00Z,GEN-7,0,0.0,0.0,0.0,38.5,92.5,642.86
2026-09-14T03:00:00Z,GEN-7,0,0.0,0.0,0.0,38.5,92.5,642.86
2026-09-14T04:00:00Z,GEN-7,0,0.0,0.0,0.0,38.5,92.5,642.86
2026-09-14T05:00:00Z,GEN-7,0,0.0,0.0,0.0,38.5,92.5,642.86
2026-09-14T06:00:00Z,GEN-7,0,0.0,0.0,0.0,38.5,92.5,642.86
2026-09-14T07:00:00Z,GEN-7,0,0.0,0.0,0.0,38.5,92.5,642.86
2026-09-14T08:00:00Z,GEN-7,0,0.0,0.0,0.0,38.5,92.5,642.86
2026-09-14T09:00:00Z,GEN-7,0,0.0,0.0,0.0,38.5,92.5,642.86
2026-09-14T10:00:00Z,GEN-7,0,0.0,0.0,0.0,38.5,92.5,642.86
2026-09-14T11:00:00Z,GEN-7,0,0.0,0.0,0.0,38.5,92.5,642.86
2026-09-14T12:00:00Z,GEN-7,0,0.0,0.0,0.0,38.5,92.5,642.86
2026-09-14T13:00:00Z,GEN-7,0,0.0,0.0,0.0,38.5,92.5,642.86
2026-09-14T14:00:00Z,GEN-7,0,0.0,0.0,0.0,38.5,92.5,642.86
2026-09-14T15:00:00Z,GEN-7,0,0.0,0.0,0.0,38.5,92.5,642.86
2026-09-14T16:00:00Z,GEN-7,0,0.0,0.0,0.0,38.5,92.5,642.86
2026-09-14T17:00:00Z,GEN-7,0,0.0,0.0,0.0,38.5,92.5,642.86
2026-09-14T18:00:00Z,GEN-7,0,0.0,0.0,0.0,38.5,92.5,642.86
2026-09-14T19:00:00Z,GEN-7,0,0.0,0.0,0.0,38.5,92.5,642.86
2026-09-14T20:00:00Z,GEN-7,0,0.0,0.0,0.0,38.5,92.5,642.86
2026-09-14T21:00:00Z,GEN-7,0,0.0,0.0,0.0,38.5,92.5,642.86
2026-09-14T22:00:00Z,GEN-7,0,0.0,0.0,0.0,38.5,92.5,642.86
2026-09-14T23:00:00Z,GEN-7,0,0.0,0.0,0.0,38.5,92.5,642.86
2026-09-15T00:00:00Z,GEN-7,0,0.0,0.0,0.0,38.5,92.5,642.86
2026-09-15T01:00:00Z,GEN-7,0,0.0,0.0,0.0,38.5,92.5,642.86
2026-09-15T02:00:00Z,GEN-7,0,0.0,0.0,0.0,38.5,92.5,642.86
2026-09-15T03:00:00Z,GEN-7,0,0.0,0.0,0.0,38.5,92.5,642.86
2026-09-15T04:00:00Z,GEN-7,0,0.0,0.0,0.0,38.5,92.5,642.86
2026-09-15T05:00:00Z,GEN-7,0,0.0,0.0,0.0,38.5,92.5,642.86
2026-09-15T06:00:00Z,GEN-7,0,0.0,0.0,0.0,38.5,92.5,642.86
2026-09-15T07:00:00Z,GEN-7,0,0.0,0.0,0.0,38.5,92.5,642.86
2026-09-15T08:00:00Z,GEN-7,0,0.0,0.0,0.0,38.5,92.5,642.86
2026-09-15T09:00:00Z,GEN-7,0,0.0,0.0,0.0,38.5,92.5,642.86
2026-09-15T10:00:00Z,GEN-7,0,0.0,0.0,0.0,38.5,92.5,642.86
2026-09-15T11:00:00Z,GEN-7,0,0.0,0.0,0.0,38.5,92.5,642.86
2026-09-15T12:00:00Z,GEN-7,0,0.0,0.0,0.0,38.5,92.5,642.86
2026-09-15T13:00:00Z,GEN-7,0,0.0,0.0,0.0,38.5,92.5,642.86
2026-09-15T14:00:00Z,GEN-7,0,0.0,0.0,0.0,38.5,92.5,642.86
2026-09-15T15:00:00Z,GEN-7,0,0.0,0.0,0.0,38.5,92.5,642.86
2026-09-15T16:00:00Z,GEN-7,0,0.0,0.0,0.0,38.5,92.5,642.86
2026-09-15T17:00:00Z,GEN-7,0,0.0,0.0,0.0,38.5,92.5,642.86
2026-09-15T18:00:00Z,GEN-7,0,0.0,0.0,0.0,38.5,92.5,642.86
2026-09-15T19:00:00Z,GEN-7,0,0.0,0.0,0.0,38.5,92.5,642.86
2026-09-15T20:00:00Z,GEN-7,0,0.0,0.0,0.0,38.5,92.5,642.86
2026-09-15T21:00:00Z,GEN-7,0,0.0,0.0,0.0,38.5,92.5,642.86
2026-09-15T22:00:00Z,GEN-7,0,0.0,0.0,0.0,38.5,92.5,642.86
2026-09-15T23:00:00Z,GEN-7,0,0.0,0.0,0.0,38.5,92.5,642.86
2026-09-16T00:00:00Z,GEN-7,0,0.0,0.0,0.0,38.5,92.5,642.86
2026-09-16T01:00:00Z,GEN-7,0,0.0,0.0,0.0,38.5,92.5,642.86
2026-09-16T02:00:00Z,GEN-7,0,0.0,0.0,0.0,38.5,92.5,642.86
2026-09-16T03:00:00Z,GEN-7,0,0.0,0.0,0.0,38.5,92.5,642.86
2026-09-16T04:00:00Z,GEN-7,0,0.0,0.0,0.0,38.5,92.5,642.86
2026-09-16T05:00:00Z,GEN-7,0,0.0,0.0,0.0,38.5,92.5,642.86
2026-09-16T06:00:00Z,GEN-7,0,0.0,0.0,0.0,38.5,92.5,642.86
2026-09-16T07:00:00Z,GEN-7,0,0.0,0.0,0.0,38.5,92.5,642.86
2026-09-16T08:00:00Z,GEN-7,0,0.0,0.0,0.0,38.5,92.5,642.86
2026-09-16T09:00:00Z,GEN-7,0,0.0,0.0,0.0,38.5,92.5,642.86
2026-09-16T10:00:00Z,GEN-7,0,0.0,0.0,0.0,38.5,92.5,642.86
2026-09-16T11:00:00Z,GEN-7,0,0.0,0.0,0.0,38.5,92.5,642.86
2026-09-16T12:00:00Z,GEN-7,0,0.0,0.0,0.0,38.5,92.5,642.86
2026-09-16T13:00:00Z,GEN-7,0,0.0,0.0,0.0,38.5,92.5,642.86
2026-09-16T14:00:00Z,GEN-7,0,0.0,0.0,0.0,38.5,92.5,642.86
2026-09-16T15:00:00Z,GEN-7,0,0.0,0.0,0.0,38.5,92.5,642.86
2026-09-16T16:00:00Z,GEN-7,0,0.0,0.0,0.0,38.5,92.5,642.86
2026-09-16T17:00:00Z,GEN-7,0,0.0,0.0,0.0,38.5,92.5,642.86
2026-09-16T18:00:00Z,GEN-7,0,0.0,0.0,0.0,38.5,92.5,642.86
2026-09-16T19:00:00Z,GEN-7,0,0.0,0.0,0.0,38.5,92.5,642.86
2026-09-16T20:00:00Z,GEN-7,0,0.0,0.0,0.0,38.5,92.5,642.86
2026-09-16T21:00:00Z,GEN-7,0,0.0,0.0,0.0,38.5,92.5,642.86
2026-09-16T22:00:00Z,GEN-7,0,0.0,0.0,0.0,38.5,92.5,642.86
2026-09-16T23:00:00Z,GEN-7,0,0.0,0.0,0.0,38.5,92.5,642.86
2026-09-17T00:00:00Z,GEN-7,0,0.0,0.0,0.0,38.5,92.5,642.86
2026-09-17T01:00:00Z,GEN-7,0,0.0,0.0,0.0,38.5,92.5,642.86
2026-09-17T02:00:00Z,GEN-7,0,0.0,0.0,0.0,38.5,92.5,642.86
2026-09-17T03:00:00Z,GEN-7,0,0.0,0.0,0.0,38.5,92.5,642.86
2026-09-17T04:00:00Z,GEN-7,0,0.0,0.0,0.0,38.5,92.5,642.86
2026-09-17T05:00:00Z,GEN-7,0,0.0,0.0,0.0,38.5,92.5,642.86
2026-09-17T06:00:00Z,GEN-7,0,0.0,0.0,0.0,38.5,92.5,642.86
2026-09-17T07:00:00Z,GEN-7,0,0.0,0.0,0.0,38.5,92.5,642.86
2026-09-17T08:00:00Z,GEN-7,0,0.0,0.0,0.0,38.5,92.5,642.86
2026-09-17T09:00:00Z,GEN-7,0,0.0,0.0,0.0,38.5,92.5,642.86
2026-09-17T10:00:00Z,GEN-7,0,0.0,0.0,0.0,38.5,92.5,642.86
2026-09-17T11:00:00Z,GEN-7,0,0.0,0.0,0.0,38.5,92.5,642.86
2026-09-17T12:00:00Z,GEN-7,0,0.0,0.0,0.0,38.5,92.5,642.86
2026-09-17T13:00:00Z,GEN-7,0,0.0,0.0,0.0,38.5,92.5,642.86
2026-09-17T14:00:00Z,GEN-7,0,0.0,0.0,0.0,38.5,92.5,642.86
2026-09-17T15:00:00Z,GEN-7,0,0.0,0.0,0.0,38.5,92.5,642.86
2026-09-17T16:00:00Z,GEN-7,0,0.0,0.0,0.0,38.5,92.5,642.86
2026-09-17T17:00:00Z,GEN-7,0,0.0,0.0,0.0,38.5,92.5,642.86
2026-09-17T18:00:00Z,GEN-7,0,0.0,0.0,0.0,38.5,92.5,642.86
2026-09-17T19:00:00Z,GEN-7,0,0.0,0.0,0.0,38.5,92.5,642.86
2026-09-17T20:00:00Z,GEN-7,0,0.0,0.0,0.0,38.5,92.5,642.86
2026-09-17T21:00:00Z,GEN-7,0,0.0,0.0,0.0,38.5,92.5,642.86
2026-09-17T22:00:00Z,GEN-7,0,0.0,0.0,0.0,38.5,92.5,642.86
2026-09-17T23:00:00Z,GEN-7,0,0.0,0.0,0.0,38.5,92.5,642.86
2026-09-18T00:00:00Z,GEN-7,0,0.0,0.0,0.0,38.5,92.5,642.86
2026-09-18T01:00:00Z,GEN-7,0,0.0,0.0,0.0,38.5,92.5,642.86
2026-09-18T02:00:00Z,GEN-7,0,0.0,0.0,0.0,38.5,92.5,642.86
2026-09-18T03:00:00Z,GEN-7,0,0.0,0.0,0.0,38.5,92.5,642.86
2026-09-18T04:00:00Z,GEN-7,0,0.0,0.0,0.0,38.5,92.5,642.86
2026-09-18T05:00:00Z,GEN-7,0,0.0,0.0,0.0,38.5,92.5,642.86
2026-09-18T06:00:00Z,GEN-7,0,0.0,0.0,0.0,38.5,92.5,642.86
2026-09-18T07:00:00Z,GEN-7,0,0.0,0.0,0.0,38.5,92.5,642.86
2026-09-18T08:00:00Z,GEN-7,0,0.0,0.0,0.0,38.5,92.5,642.86
2026-09-18T09:00:00Z,GEN-7,0,0.0,0.0,0.0,38.5,92.5,642.86
2026-09-18T10:00:00Z,GEN-7,0,0.0,0.0,0.0,38.5,92.5,642.86
2026-09-18T11:00:00Z,GEN-7,0,0.0,0.0,0.0,38.5,92.5,642.86
2026-09-18T12:00:00Z,GEN-7,0,0.0,0.0,0.0,38.5,92.5,642.86
2026-09-18T13:00:00Z,GEN-7,0,0.0,0.0,0.0,38.5,92.5,642.86
2026-09-18T14:00:00Z,GEN-7,0,0.0,0.0,0.0,38.5,92.5,642.86
2026-09-18T15:00:00Z,GEN-7,0,0.0,0.0,0.0,38.5,92.5,642.86
2026-09-18T16:00:00Z,GEN-7,0,0.0,0.0,0.0,38.5,92.5,642.86
2026-09-18T17:00:00Z,GEN-7,0,0.0,0.0,0.0,38.5,92.5,642.86
2026-09-18T18:00:00Z,GEN-7,0,0.0,0.0,0.0,38.5,92.5,642.86
2026-09-18T19:00:00Z,GEN-7,0,0.0,0.0,0.0,38.5,92.5,642.86
2026-09-18T20:00:00Z,GEN-7,0,0.0,0.0,0.0,38.5,92.5,642.86
2026-09-18T21:00:00Z,GEN-7,0,0.0,0.0,0.0,38.5,92.5,642.86
2026-09-18T22:00:00Z,GEN-7,0,0.0,0.0,0.0,38.5,92.5,642.86
2026-09-18T23:00:00Z,GEN-7,0,0.0,0.0,0.0,38.5,92.5,642.86
2026-09-19T00:00:00Z,GEN-7,0,0.0,0.0,0.0,38.5,92.5,642.86
2026-09-19T01:00:00Z,GEN-7,0,0.0,0.0,0.0,38.5,92.5,642.86
2026-09-19T02:00:00Z,GEN-7,0,0.0,0.0,0.0,38.5,92.5,642.86
2026-09-19T03:00:00Z,GEN-7,0,0.0,0.0,0.0,38.5,92.5,642.86
2026-09-19T04:00:00Z,GEN-7,0,0.0,0.0,0.0,38.5,92.5,642.86
2026-09-19T05:00:00Z,GEN-7,0,0.0,0.0,0.0,38.5,92.5,642.86
2026-09-19T06:00:00Z,GEN-7,0,0.0,0.0,0.0,38.5,92.5,642.86
2026-09-19T07:00:00Z,GEN-7,0,0.0,0.0,0.0,38.5,92.5,642.86
2026-09-19T08:00:00Z,GEN-7,0,0.0,0.0,0.0,38.5,92.5,642.86
2026-09-19T09:00:00Z,GEN-7,0,0.0,0.0,0.0,38.5,92.5,642.86
2026-09-19T10:00:00Z,GEN-7,0,0.0,0.0,0.0,38.5,92.5,642.86
2026-09-19T11:00:00Z,GEN-7,0,0.0,0.0,0.0,38.5,92.5,642.86
2026-09-19T12:00:00Z,GEN-7,0,0.0,0.0,0.0,38.5,92.5,642.86
2026-09-19T13:00:00Z,GEN-7,0,0.0,0.0,0.0,38.5,92.5,642.86
2026-09-19T14:00:00Z,GEN-7,0,0.0,0.0,0.0,38.5,92.5,642.86
2026-09-19T15:00:00Z,GEN-7,0,0.0,0.0,0.0,38.5,92.5,642.86
2026-09-19T16:00:00Z,GEN-7,0,0.0,0.0,0.0,38.5,92.5,642.86
2026-09-19T17:00:00Z,GEN-7,0,0.0,0.0,0.0,38.5,92.5,642.86
2026-09-19T18:00:00Z,GEN-7,0,0.0,0.0,0.0,38.5,92.5,642.86
2026-09-19T19:00:00Z,GEN-7,0,0.0,0.0,0.0,38.5,92.5,642.86
2026-09-19T20:00:00Z,GEN-7,0,0.0,0.0,0.0,38.5,92.5,642.86
2026-09-19T21:00:00Z,GEN-7,0,0.0,0.0,0.0,38.5,92.5,642.86
2026-09-19T22:00:00Z,GEN-7,0,0.0,0.0,0.0,38.5,92.5,642.86
2026-09-19T23:00:00Z,GEN-7,0,0.0,0.0,0.0,38.5,92.5,642.86
2026-09-20T00:00:00Z,GEN-7,0,0.0,0.0,0.0,38.5,92.5,642.86
2026-09-20T01:00:00Z,GEN-7,0,0.0,0.0,0.0,38.5,92.5,642.86
2026-09-20T02:00:00Z,GEN-7,0,0.0,0.0,0.0,38.5,92.5,642.86
2026-09-20T03:00:00Z,GEN-7,0,0.0,0.0,0.0,38.5,92.5,642.86
2026-09-20T04:00:00Z,GEN-7,0,0.0,0.0,0.0,38.5,92.5,642.86
2026-09-20T05:00:00Z,GEN-7,0,0.0,0.0,0.0,38.5,92.5,642.86
2026-09-20T06:00:00Z,GEN-7,0,0.0,0.0,0.0,38.5,92.5,642.86
2026-09-20T07:00:00Z,GEN-7,0,0.0,0.0,0.0,38.5,92.5,642.86
2026-09-20T08:00:00Z,GEN-7,0,0.0,0.0,0.0,38.5,92.5,642.86
2026-09-20T09:00:00Z,GEN-7,0,0.0,0.0,0.0,38.5,92.5,642.86
2026-09-20T10:00:00Z,GEN-7,0,0.0,0.0,0.0,38.5,92.5,642.86
2026-09-20T11:00:00Z,GEN-7,0,0.0,0.0,0.0,38.5,92.5,642.86
2026-09-20T12:00:00Z,GEN-7,0,0.0,0.0,0.0,38.5,92.5,642.86
2026-09-20T13:00:00Z,GEN-7,0,0.0,0.0,0.0,38.5,92.5,642.86
2026-09-20T14:00:00Z,GEN-7,0,0.0,0.0,0.0,38.5,92.5,642.86
2026-09-20T15:00:00Z,GEN-7,0,0.0,0.0,0.0,38.5,92.5,642.86
2026-09-20T16:00:00Z,GEN-7,0,0.0,0.0,0.0,38.5,92.5,642.86
2026-09-20T17:00:00Z,GEN-7,0,0.0,0.0,0.0,38.5,92.5,642.86
2026-09-20T18:00:00Z,GEN-7,0,0.0,0.0,0.0,38.5,92.5,642.86
2026-09-20T19:00:00Z,GEN-7,0,0.0,0.0,0.0,38.5,92.5,642.86
2026-09-20T20:00:00Z,GEN-7,0,0.0,0.0,0.0,38.5,92.5,642.86
2026-09-20T21:00:00Z,GEN-7,0,0.0,0.0,0.0,38.5,92.5,642.86
2026-09-20T22:00:00Z,GEN-7,0,0.0,0.0,0.0,38.5,92.5,642.86
2026-09-20T23:00:00Z,GEN-7,0,0.0,0.0,0.0,38.5,92.5,642.86
2026-09-21T00:00:00Z,GEN-7,0,0.0,0.0,0.0,38.5,92.5,642.86
2026-09-21T01:00:00Z,GEN-7,0,0.0,0.0,0.0,38.5,92.5,642.86
2026-09-21T02:00:00Z,GEN-7,0,0.0,0.0,0.0,38.5,92.5,642.86
2026-09-21T03:00:00Z,GEN-7,0,0.0,0.0,0.0,38.5,92.5,642.86
2026-09-21T04:00:00Z,GEN-7,0,0.0,0.0,0.0,38.5,92.5,642.86
2026-09-21T05:00:00Z,GEN-7,0,0.0,0.0,0.0,38.5,92.5,642.86
2026-09-21T06:00:00Z,GEN-7,0,0.0,0.0,0.0,38.5,92.5,642.86
2026-09-21T07:00:00Z,GEN-7,0,0.0,0.0,0.0,38.5,92.5,642.86
2026-09-21T08:00:00Z,GEN-7,0,0.0,0.0,0.0,38.5,92.5,642.86
2026-09-21T09:00:00Z,GEN-7,0,0.0,0.0,0.0,38.5,92.5,642.86
2026-09-21T10:00:00Z,GEN-7,0,0.0,0.0,0.0,38.5,92.5,642.86
2026-09-21T11:00:00Z,GEN-7,0,0.0,0.0,0.0,38.5,92.5,642.86
2026-09-21T12:00:00Z,GEN-7,0,0.0,0.0,0.0,38.5,92.5,642.86
2026-09-21T13:00:00Z,GEN-7,0,0.0,0.0,0.0,38.5,92.5,642.86
2026-09-21T14:00:00Z,GEN-7,0,0.0,0.0,0.0,38.5,92.5,642.86
2026-09-21T15:00:00Z,GEN-7,0,0.0,0.0,0.0,38.5,92.5,642.86
2026-09-21T16:00:00Z,GEN-7,0,0.0,0.0,0.0,38.5,92.5,642.86
2026-09-21T17:00:00Z,GEN-7,0,0.0,0.0,0.0,38.5,92.5,642.86
2026-09-21T18:00:00Z,GEN-7,0,0.0,0.0,0.0,38.5,92.5,642.86
2026-09-21T19:00:00Z,GEN-7,0,0.0,0.0,0.0,38.5,92.5,642.86
2026-09-21T20:00:00Z,GEN-7,0,0.0,0.0,0.0,38.5,92.5,642.86
2026-09-21T21:00:00Z,GEN-7,0,0.0,0.0,0.0,38.5,92.5,642.86
2026-09-21T22:00:00Z,GEN-7,0,0.0,0.0,0.0,38.5,92.5,642.86
2026-09-21T23:00:00Z,GEN-7,0,0.0,0.0,0.0,38.5,92.5,642.86
2026-09-22T00:00:00Z,GEN-7,0,0.0,0.0,0.0,38.5,92.5,642.86
2026-09-22T01:00:00Z,GEN-7,0,0.0,0.0,0.0,38.5,92.5,642.86
2026-09-22T02:00:00Z,GEN-7,0,0.0,0.0,0.0,38.5,92.5,642.86
2026-09-22T03:00:00Z,GEN-7,0,0.0,0.0,0.0,38.5,92.5,642.86
2026-09-22T04:00:00Z,GEN-7,0,0.0,0.0,0.0,38.5,92.5,642.86
2026-09-22T05:00:00Z,GEN-7,0,0.0,0.0,0.0,38.5,92.5,642.86
2026-09-22T06:00:00Z,GEN-7,0,0.0,0.0,0.0,38.5,92.5,642.86
2026-09-22T07:00:00Z,GEN-7,0,0.0,0.0,0.0,38.5,92.5,642.86
2026-09-22T08:00:00Z,GEN-7,0,0.0,0.0,0.0,38.5,92.5,642.86
2026-09-22T09:00:00Z,GEN-7,0,0.0,0.0,0.0,38.5,92.5,642.86
2026-09-22T10:00:00Z,GEN-7,0,0.0,0.0,0.0,38.5,92.5,642.86
2026-09-22T11:00:00Z,GEN-7,0,0.0,0.0,0.0,38.5,92.5,642.86
2026-09-22T12:00:00Z,GEN-7,0,0.0,0.0,0.0,38.5,92.5,642.86
2026-09-22T13:00:00Z,GEN-7,0,0.0,0.0,0.0,38.5,92.5,642.86
2026-09-22T14:00:00Z,GEN-7,0,0.0,0.0,0.0,38.5,92.5,642.86
2026-09-22T15:00:00Z,GEN-7,0,0.0,0.0,0.0,38.5,92.5,642.86
2026-09-22T16:00:00Z,GEN-7,0,0.0,0.0,0.0,38.5,92.5,642.86
2026-09-22T17:00:00Z,GEN-7,0,0.0,0.0,0.0,38.5,92.5,642.86
2026-09-22T18:00:00Z,GEN-7,0,0.0,0.0,0.0,38.5,92.5,642.86
2026-09-22T19:00:00Z,GEN-7,0,0.0,0.0,0.0,38.5,92.5,642.86
2026-09-22T20:00:00Z,GEN-7,0,0.0,0.0,0.0,38.5,92.5,642.86
2026-09-22T21:00:00Z,GEN-7,0,0.0,0.0,0.0,38.5,92.5,642.86
2026-09-22T22:00:00Z,GEN-7,0,0.0,0.0,0.0,38.5,92.5,642.86
2026-09-22T23:00:00Z,GEN-7,0,0.0,0.0,0.0,38.5,92.5,642.86
2026-09-23T00:00:00Z,GEN-7,0,0.0,0.0,0.0,38.5,92.5,642.86
2026-09-23T01:00:00Z,GEN-7,0,0.0,0.0,0.0,38.5,92.5,642.86
2026-09-23T02:00:00Z,GEN-7,0,0.0,0.0,0.0,38.5,92.5,642.86
2026-09-23T03:00:00Z,GEN-7,0,0.0,0.0,0.0,38.5,92.5,642.86
2026-09-23T04:00:00Z,GEN-7,0,0.0,0.0,0.0,38.5,92.5,642.86
2026-09-23T05:00:00Z,GEN-7,0,0.0,0.0,0.0,38.5,92.5,642.86
2026-09-23T06:00:00Z,GEN-7,0,0.0,0.0,0.0,38.5,92.5,642.86
2026-09-23T07:00:00Z,GEN-7,0,0.0,0.0,0.0,38.5,92.5,642.86
2026-09-23T08:00:00Z,GEN-7,0,0.0,0.0,0.0,38.5,92.5,642.86
2026-09-23T09:00:00Z,GEN-7,0,0.0,0.0,0.0,38.5,92.5,642.86
2026-09-23T10:00:00Z,GEN-7,0,0.0,0.0,0.0,38.5,92.5,642.86
2026-09-23T11:00:00Z,GEN-7,0,0.0,0.0,0.0,38.5,92.5,642.86
2026-09-23T12:00:00Z,GEN-7,0,0.0,0.0,0.0,38.5,92.5,642.86
2026-09-23T13:00:00Z,GEN-7,0,0.0,0.0,0.0,38.5,92.5,642.86
2026-09-23T14:00:00Z,GEN-7,0,0.0,0.0,0.0,38.5,92.5,642.86
2026-09-23T15:00:00Z,GEN-7,0,0.0,0.0,0.0,38.5,92.5,642.86
2026-09-23T16:00:00Z,GEN-7,36,826.97,1550.7,51.7,81.7,91.9,643.46
2026-09-23T17:00:00Z,GEN-7,2,0.0,0.0,0.0,73.5,91.9,643.49
2026-09-23T18:00:00Z,GEN-7,0,0.0,0.0,0.0,55.8,91.9,643.49
2026-09-23T19:00:00Z,GEN-7,0,0.0,0.0,0.0,47.4,91.9,643.49
2026-09-23T20:00:00Z,GEN-7,0,0.0,0.0,0.0,43.1,91.9,643.49
2026-09-23T21:00:00Z,GEN-7,0,0.0,0.0,0.0,40.9,91.9,643.49
2026-09-23T22:00:00Z,GEN-7,0,0.0,0.0,0.0,39.7,91.9,643.49
2026-09-23T23:00:00Z,GEN-7,0,0.0,0.0,0.0,39.1,91.9,643.49
2026-09-24T00:00:00Z,GEN-7,0,0.0,0.0,0.0,38.8,91.9,643.49
2026-09-24T01:00:00Z,GEN-7,0,0.0,0.0,0.0,38.7,91.9,643.49
2026-09-24T02:00:00Z,GEN-7,0,0.0,0.0,0.0,38.6,91.9,643.49
2026-09-24T03:00:00Z,GEN-7,0,0.0,0.0,0.0,38.6,91.9,643.49
2026-09-24T04:00:00Z,GEN-7,0,0.0,0.0,0.0,38.5,91.9,643.49
2026-09-24T05:00:00Z,GEN-7,0,0.0,0.0,0.0,38.5,91.9,643.49
2026-09-24T06:00:00Z,GEN-7,0,0.0,0.0,0.0,38.5,91.9,643.49
2026-09-24T07:00:00Z,GEN-7,0,0.0,0.0,0.0,38.5,91.9,643.49
2026-09-24T08:00:00Z,GEN-7,0,0.0,0.0,0.0,38.5,91.9,643.49
2026-09-24T09:00:00Z,GEN-7,0,0.0,0.0,0.0,38.5,91.9,643.49
2026-09-24T10:00:00Z,GEN-7,0,0.0,0.0,0.0,38.5,91.9,643.49
2026-09-24T11:00:00Z,GEN-7,0,0.0,0.0,0.0,38.5,91.9,643.49
2026-09-24T12:00:00Z,GEN-7,0,0.0,0.0,0.0,38.5,91.9,643.49
2026-09-24T13:00:00Z,GEN-7,0,0.0,0.0,0.0,38.5,91.9,643.49
2026-09-24T14:00:00Z,GEN-7,0,0.0,0.0,0.0,38.5,91.9,643.49
2026-09-24T15:00:00Z,GEN-7,0,0.0,0.0,0.0,38.5,91.9,643.49
2026-09-24T16:00:00Z,GEN-7,0,0.0,0.0,0.0,38.5,91.9,643.49
2026-09-24T17:00:00Z,GEN-7,0,0.0,0.0,0.0,38.5,91.9,643.49
2026-09-24T18:00:00Z,GEN-7,0,0.0,0.0,0.0,38.5,91.9,643.49
2026-09-24T19:00:00Z,GEN-7,0,0.0,0.0,0.0,38.5,91.9,643.49
2026-09-24T20:00:00Z,GEN-7,0,0.0,0.0,0.0,38.5,91.9,643.49
2026-09-24T21:00:00Z,GEN-7,45,666.09,1068.9,35.6,76.3,91.3,644.24
2026-09-24T22:00:00Z,GEN-7,1,0.0,0.0,0.0,69.4,91.3,644.26
2026-09-24T23:00:00Z,GEN-7,0,0.0,0.0,0.0,54.3,91.3,644.26
2026-09-25T00:00:00Z,GEN-7,0,0.0,0.0,0.0,46.6,91.3,644.26
2026-09-25T01:00:00Z,GEN-7,0,0.0,0.0,0.0,42.7,91.3,644.26
2026-09-25T02:00:00Z,GEN-7,0,0.0,0.0,0.0,40.7,91.3,644.26
2026-09-25T03:00:00Z,GEN-7,0,0.0,0.0,0.0,39.6,91.3,644.26
2026-09-25T04:00:00Z,GEN-7,0,0.0,0.0,0.0,39.1,91.3,644.26
2026-09-25T05:00:00Z,GEN-7,0,0.0,0.0,0.0,38.8,91.3,644.26
2026-09-25T06:00:00Z,GEN-7,0,0.0,0.0,0.0,38.7,91.3,644.26
2026-09-25T07:00:00Z,GEN-7,0,0.0,0.0,0.0,38.6,91.3,644.26
2026-09-25T08:00:00Z,GEN-7,0,0.0,0.0,0.0,38.6,91.3,644.26
2026-09-25T09:00:00Z,GEN-7,0,0.0,0.0,0.0,38.5,91.3,644.26
2026-09-25T10:00:00Z,GEN-7,0,0.0,0.0,0.0,38.5,91.3,644.26
2026-09-25T11:00:00Z,GEN-7,0,0.0,0.0,0.0,38.5,91.3,644.26
2026-09-25T12:00:00Z,GEN-7,0,0.0,0.0,0.0,38.5,91.3,644.26
2026-09-25T13:00:00Z,GEN-7,0,0.0,0.0,0.0,38.5,91.3,644.26
2026-09-25T14:00:00Z,GEN-7,0,0.0,0.0,0.0,38.5,91.3,644.26
2026-09-25T15:00:00Z,GEN-7,0,0.0,0.0,0.0,38.5,91.3,644.26
2026-09-25T16:00:00Z,GEN-7,0,0.0,0.0,0.0,38.5,91.3,644.26
2026-09-25T17:00:00Z,GEN-7,0,0.0,0.0,0.0,38.5,91.3,644.26
2026-09-25T18:00:00Z,GEN-7,0,0.0,0.0,0.0,38.5,91.3,644.26
2026-09-25T19:00:00Z,GEN-7,0,0.0,0.0,0.0,38.5,91.3,644.26
2026-09-25T20:00:00Z,GEN-7,0,0.0,0.0,0.0,38.5,91.3,644.26
2026-09-25T21:00:00Z,GEN-7,0,0.0,0.0,0.0,38.5,91.3,644.26
2026-09-25T22:00:00Z,GEN-7,0,0.0,0.0,0.0,38.5,91.3,644.26
2026-09-25T23:00:00Z,GEN-7,0,0.0,0.0,0.0,38.5,91.3,644.26
2026-09-26T00:00:00Z,GEN-7,0,0.0,0.0,0.0,38.5,91.3,644.26
2026-09-26T01:00:00Z,GEN-7,0,0.0,0.0,0.0,38.5,91.3,644.26
2026-09-26T02:00:00Z,GEN-7,0,0.0,0.0,0.0,38.5,91.3,644.26
2026-09-26T03:00:00Z,GEN-7,0,0.0,0.0,0.0,38.5,91.3,644.26
2026-09-26T04:00:00Z,GEN-7,0,0.0,0.0,0.0,38.5,91.3,644.26
2026-09-26T05:00:00Z,GEN-7,0,0.0,0.0,0.0,38.5,91.3,644.26
2026-09-26T06:00:00Z,GEN-7,0,0.0,0.0,0.0,38.5,91.3,644.26
2026-09-26T07:00:00Z,GEN-7,0,0.0,0.0,0.0,38.5,91.3,644.26
2026-09-26T08:00:00Z,GEN-7,0,0.0,0.0,0.0,38.5,91.3,644.26
2026-09-26T09:00:00Z,GEN-7,0,0.0,0.0,0.0,38.5,91.3,644.26
2026-09-26T10:00:00Z,GEN-7,0,0.0,0.0,0.0,38.5,91.3,644.26
2026-09-26T11:00:00Z,GEN-7,0,0.0,0.0,0.0,38.5,91.3,644.26
2026-09-26T12:00:00Z,GEN-7,0,0.0,0.0,0.0,38.5,91.3,644.26
2026-09-26T13:00:00Z,GEN-7,0,0.0,0.0,0.0,38.5,91.3,644.26
2026-09-26T14:00:00Z,GEN-7,0,0.0,0.0,0.0,38.5,91.3,644.26
2026-09-26T15:00:00Z,GEN-7,0,0.0,0.0,0.0,38.5,91.3,644.26
2026-09-26T16:00:00Z,GEN-7,0,0.0,0.0,0.0,38.5,91.3,644.26
2026-09-26T17:00:00Z,GEN-7,0,0.0,0.0,0.0,38.5,91.3,644.26
2026-09-26T18:00:00Z,GEN-7,0,0.0,0.0,0.0,38.5,91.3,644.26
2026-09-26T19:00:00Z,GEN-7,0,0.0,0.0,0.0,38.5,91.3,644.26
2026-09-26T20:00:00Z,GEN-7,0,0.0,0.0,0.0,38.5,91.3,644.26
2026-09-26T21:00:00Z,GEN-7,0,0.0,0.0,0.0,38.5,91.3,644.26
2026-09-26T22:00:00Z,GEN-7,0,0.0,0.0,0.0,38.5,91.3,644.26
2026-09-26T23:00:00Z,GEN-7,0,0.0,0.0,0.0,38.5,91.3,644.26
2026-09-27T00:00:00Z,GEN-7,0,0.0,0.0,0.0,38.5,91.3,644.26
2026-09-27T01:00:00Z,GEN-7,0,0.0,0.0,0.0,38.5,91.3,644.26
2026-09-27T02:00:00Z,GEN-7,0,0.0,0.0,0.0,38.5,91.3,644.26
2026-09-27T03:00:00Z,GEN-7,0,0.0,0.0,0.0,38.5,91.3,644.26
2026-09-27T04:00:00Z,GEN-7,0,0.0,0.0,0.0,38.5,91.3,644.26
2026-09-27T05:00:00Z,GEN-7,0,0.0,0.0,0.0,38.5,91.3,644.26
2026-09-27T06:00:00Z,GEN-7,0,0.0,0.0,0.0,38.5,91.3,644.26
2026-09-27T07:00:00Z,GEN-7,0,0.0,0.0,0.0,38.5,91.3,644.26
2026-09-27T08:00:00Z,GEN-7,0,0.0,0.0,0.0,38.5,91.3,644.26
2026-09-27T09:00:00Z,GEN-7,0,0.0,0.0,0.0,38.5,91.3,644.26
2026-09-27T10:00:00Z,GEN-7,0,0.0,0.0,0.0,38.5,91.3,644.26
2026-09-27T11:00:00Z,GEN-7,0,0.0,0.0,0.0,38.5,91.3,644.26
2026-09-27T12:00:00Z,GEN-7,0,0.0,0.0,0.0,38.5,91.3,644.26
2026-09-27T13:00:00Z,GEN-7,0,0.0,0.0,0.0,38.5,91.3,644.26
2026-09-27T14:00:00Z,GEN-7,0,0.0,0.0,0.0,38.5,91.3,644.26
2026-09-27T15:00:00Z,GEN-7,0,0.0,0.0,0.0,38.5,91.3,644.26
2026-09-27T16:00:00Z,GEN-7,0,0.0,0.0,0.0,38.5,91.3,644.26
2026-09-27T17:00:00Z,GEN-7,0,0.0,0.0,0.0,38.5,91.3,644.26
2026-09-27T18:00:00Z,GEN-7,0,0.0,0.0,0.0,38.5,91.3,644.26
2026-09-27T19:00:00Z,GEN-7,0,0.0,0.0,0.0,38.5,91.3,644.26
2026-09-27T20:00:00Z,GEN-7,0,0.0,0.0,0.0,38.5,91.3,644.26
2026-09-27T21:00:00Z,GEN-7,0,0.0,0.0,0.0,38.5,91.3,644.26
2026-09-27T22:00:00Z,GEN-7,0,0.0,0.0,0.0,38.5,91.3,644.26
2026-09-27T23:00:00Z,GEN-7,0,0.0,0.0,0.0,38.5,91.3,644.26
