hour,ups,hall,kind,out_kwh,in_kwh,load_avg_pct,load_max_pct,amps_max,soc_min_pct,bypass_min,battery_s,modules_min
2026-08-31T00:00:00Z,MUPS-A1,HALL-A,mech,107.8,111.13,35.9,36.5,132.8,100,0,0,6
2026-08-31T01:00:00Z,MUPS-A1,HALL-A,mech,106.57,109.87,35.5,36.0,131.5,100,0,0,6
2026-08-31T02:00:00Z,MUPS-A1,HALL-A,mech,108.33,111.68,36.1,36.6,133.4,100,0,0,6
2026-08-31T03:00:00Z,MUPS-A1,HALL-A,mech,107.33,110.64,35.8,36.4,132.8,100,0,0,6
2026-08-31T04:00:00Z,MUPS-A1,HALL-A,mech,107.91,111.25,36.0,36.7,133.7,100,0,0,6
2026-08-31T05:00:00Z,MUPS-A1,HALL-A,mech,107.47,110.78,35.8,36.2,132.0,100,0,0,6
2026-08-31T06:00:00Z,MUPS-A1,HALL-A,mech,105.98,109.27,35.3,35.9,130.9,100,0,0,6
2026-08-31T07:00:00Z,MUPS-A1,HALL-A,mech,105.16,108.41,35.1,35.6,129.8,100,0,0,6
2026-08-31T08:00:00Z,MUPS-A1,HALL-A,mech,102.74,105.92,34.2,35.0,127.6,100,0,0,6
2026-08-31T09:00:00Z,MUPS-A1,HALL-A,mech,100.18,103.28,33.4,34.3,124.9,100,0,0,6
2026-08-31T10:00:00Z,MUPS-A1,HALL-A,mech,95.79,98.75,31.9,32.8,119.6,100,0,0,6
2026-08-31T11:00:00Z,MUPS-A1,HALL-A,mech,93.44,96.34,31.1,31.7,115.5,100,0,0,6
2026-08-31T12:00:00Z,MUPS-A1,HALL-A,mech,95.05,97.99,31.7,32.4,118.4,100,0,0,6
2026-08-31T13:00:00Z,MUPS-A1,HALL-A,mech,99.27,102.35,33.1,34.2,124.7,100,0,0,6
2026-08-31T14:00:00Z,MUPS-A1,HALL-A,mech,104.87,108.11,35.0,36.1,131.5,100,0,0,6
2026-08-31T15:00:00Z,MUPS-A1,HALL-A,mech,109.19,112.58,36.4,37.4,136.3,100,0,0,6
2026-08-31T16:00:00Z,MUPS-A1,HALL-A,mech,110.46,113.88,36.8,37.9,138.1,100,0,0,6
2026-08-31T17:00:00Z,MUPS-A1,HALL-A,mech,105.24,108.5,35.1,35.7,130.0,100,0,0,6
2026-08-31T18:00:00Z,MUPS-A1,HALL-A,mech,100.87,104.0,33.6,34.4,125.5,100,0,0,6
2026-08-31T19:00:00Z,MUPS-A1,HALL-A,mech,97.39,100.39,32.5,33.2,121.3,100,0,0,6
2026-08-31T20:00:00Z,MUPS-A1,HALL-A,mech,94.3,97.22,31.4,32.0,116.9,100,0,0,6
2026-08-31T21:00:00Z,MUPS-A1,HALL-A,mech,95.22,98.15,31.7,32.2,117.3,100,0,0,6
2026-08-31T22:00:00Z,MUPS-A1,HALL-A,mech,97.36,100.36,32.4,32.8,119.6,100,0,0,6
2026-08-31T23:00:00Z,MUPS-A1,HALL-A,mech,99.0,102.06,33.0,33.7,122.6,100,0,0,6
2026-09-01T00:00:00Z,MUPS-A1,HALL-A,mech,103.93,107.15,34.6,35.6,129.8,100,0,0,6
2026-09-01T01:00:00Z,MUPS-A1,HALL-A,mech,112.59,116.07,37.5,38.8,141.5,100,0,0,6
2026-09-01T02:00:00Z,MUPS-A1,HALL-A,mech,119.41,123.1,39.8,41.6,151.6,100,0,0,6
2026-09-01T03:00:00Z,MUPS-A1,HALL-A,mech,126.67,130.59,42.2,43.9,160.0,100,0,0,6
2026-09-01T04:00:00Z,MUPS-A1,HALL-A,mech,129.12,133.12,43.0,44.0,160.4,100,0,0,6
2026-09-01T05:00:00Z,MUPS-A1,HALL-A,mech,127.83,131.77,42.6,43.3,157.8,100,0,0,6
2026-09-01T06:00:00Z,MUPS-A1,HALL-A,mech,127.29,131.22,42.4,43.0,156.7,100,0,0,6
2026-09-01T07:00:00Z,MUPS-A1,HALL-A,mech,126.53,130.45,42.2,43.2,157.3,100,0,0,6
2026-09-01T08:00:00Z,MUPS-A1,HALL-A,mech,126.04,129.94,42.0,42.7,155.8,100,0,0,6
2026-09-01T09:00:00Z,MUPS-A1,HALL-A,mech,127.51,131.46,42.5,43.0,156.9,100,0,0,6
2026-09-01T10:00:00Z,MUPS-A1,HALL-A,mech,129.43,133.43,43.1,44.0,160.4,100,0,0,6
2026-09-01T11:00:00Z,MUPS-A1,HALL-A,mech,133.11,137.23,44.4,45.1,164.5,100,0,0,6
2026-09-01T12:00:00Z,MUPS-A1,HALL-A,mech,132.2,136.28,44.1,44.7,163.0,100,0,0,6
2026-09-01T13:00:00Z,MUPS-A1,HALL-A,mech,128.85,132.84,43.0,44.0,160.4,100,0,0,6
2026-09-01T14:00:00Z,MUPS-A1,HALL-A,mech,127.11,131.04,42.4,42.9,156.6,100,0,0,6
2026-09-01T15:00:00Z,MUPS-A1,HALL-A,mech,124.19,128.03,41.4,42.0,153.3,100,0,0,6
2026-09-01T16:00:00Z,MUPS-A1,HALL-A,mech,123.22,127.03,41.1,41.8,152.4,100,0,0,6
2026-09-01T17:00:00Z,MUPS-A1,HALL-A,mech,123.2,127.01,41.1,41.7,151.9,100,0,0,6
2026-09-01T18:00:00Z,MUPS-A1,HALL-A,mech,122.88,126.68,41.0,41.5,151.3,100,0,0,6
2026-09-01T19:00:00Z,MUPS-A1,HALL-A,mech,122.7,126.48,40.9,41.5,151.2,100,0,0,6
2026-09-01T20:00:00Z,MUPS-A1,HALL-A,mech,122.26,126.04,40.8,41.4,151.0,100,0,0,6
2026-09-01T21:00:00Z,MUPS-A1,HALL-A,mech,121.7,125.45,40.6,41.4,150.9,100,0,0,6
2026-09-01T22:00:00Z,MUPS-A1,HALL-A,mech,120.57,124.29,40.2,40.6,148.1,100,0,0,6
2026-09-01T23:00:00Z,MUPS-A1,HALL-A,mech,120.26,123.97,40.1,40.5,147.7,100,0,0,6
2026-09-02T00:00:00Z,MUPS-A1,HALL-A,mech,118.59,122.26,39.5,40.6,147.9,100,0,0,6
2026-09-02T01:00:00Z,MUPS-A1,HALL-A,mech,113.19,116.69,37.7,38.7,141.0,100,0,0,6
2026-09-02T02:00:00Z,MUPS-A1,HALL-A,mech,110.59,114.02,36.9,37.8,137.8,100,0,0,6
2026-09-02T03:00:00Z,MUPS-A1,HALL-A,mech,107.53,110.87,35.8,36.6,133.7,100,0,0,6
2026-09-02T04:00:00Z,MUPS-A1,HALL-A,mech,103.53,106.74,34.5,35.3,128.6,100,0,0,6
2026-09-02T05:00:00Z,MUPS-A1,HALL-A,mech,101.29,104.42,33.8,34.4,125.3,100,0,0,6
2026-09-02T06:00:00Z,MUPS-A1,HALL-A,mech,98.81,101.87,32.9,33.8,123.2,100,0,0,6
2026-09-02T07:00:00Z,MUPS-A1,HALL-A,mech,95.81,98.78,31.9,32.6,118.9,100,0,0,6
2026-09-02T08:00:00Z,MUPS-A1,HALL-A,mech,96.11,99.08,32.0,32.5,118.6,100,0,0,6
2026-09-02T09:00:00Z,MUPS-A1,HALL-A,mech,98.75,101.81,32.9,33.4,121.8,100,0,0,6
2026-09-02T10:00:00Z,MUPS-A1,HALL-A,mech,98.6,101.65,32.9,33.5,122.0,100,0,0,6
2026-09-02T11:00:00Z,MUPS-A1,HALL-A,mech,99.87,102.97,33.3,33.9,123.7,100,0,0,6
2026-09-02T12:00:00Z,MUPS-A1,HALL-A,mech,104.03,107.26,34.7,35.5,129.4,100,0,0,6
2026-09-02T13:00:00Z,MUPS-A1,HALL-A,mech,107.42,110.73,35.8,36.2,132.0,100,0,0,6
2026-09-02T14:00:00Z,MUPS-A1,HALL-A,mech,109.5,112.87,36.5,37.1,135.2,100,0,0,6
2026-09-02T15:00:00Z,MUPS-A1,HALL-A,mech,110.68,114.11,36.9,37.6,136.8,100,0,0,6
2026-09-02T16:00:00Z,MUPS-A1,HALL-A,mech,115.57,119.14,38.5,39.6,144.4,100,0,0,6
2026-09-02T17:00:00Z,MUPS-A1,HALL-A,mech,121.54,125.29,40.5,41.3,150.5,100,0,0,6
2026-09-02T18:00:00Z,MUPS-A1,HALL-A,mech,125.98,129.88,42.0,43.3,158.0,100,0,0,6
2026-09-02T19:00:00Z,MUPS-A1,HALL-A,mech,129.81,133.82,43.3,44.6,162.5,100,0,0,6
2026-09-02T20:00:00Z,MUPS-A1,HALL-A,mech,130.19,134.21,43.4,44.4,161.6,100,0,0,6
2026-09-02T21:00:00Z,MUPS-A1,HALL-A,mech,127.44,131.38,42.5,43.1,156.9,100,0,0,6
2026-09-02T22:00:00Z,MUPS-A1,HALL-A,mech,124.29,128.14,41.4,42.4,154.8,100,0,0,6
2026-09-02T23:00:00Z,MUPS-A1,HALL-A,mech,120.29,124.02,40.1,40.8,148.8,100,0,0,6
2026-09-03T00:00:00Z,MUPS-A1,HALL-A,mech,120.07,123.79,40.0,41.0,149.6,100,0,0,6
2026-09-03T01:00:00Z,MUPS-A1,HALL-A,mech,121.47,125.23,40.5,41.0,149.4,100,0,0,6
2026-09-03T02:00:00Z,MUPS-A1,HALL-A,mech,122.4,126.17,40.8,41.6,151.7,100,0,0,6
2026-09-03T03:00:00Z,MUPS-A1,HALL-A,mech,124.94,128.8,41.6,42.5,154.8,100,0,0,6
2026-09-03T04:00:00Z,MUPS-A1,HALL-A,mech,124.67,128.54,41.6,42.1,153.5,100,0,0,6
2026-09-03T05:00:00Z,MUPS-A1,HALL-A,mech,119.06,122.75,39.7,40.1,146.3,100,0,0,6
2026-09-03T06:00:00Z,MUPS-A1,HALL-A,mech,117.9,121.54,39.3,40.3,147.0,100,0,0,6
2026-09-03T07:00:00Z,MUPS-A1,HALL-A,mech,114.72,118.27,38.2,38.6,140.6,100,0,0,6
2026-09-03T08:00:00Z,MUPS-A1,HALL-A,mech,116.15,119.73,38.7,39.3,143.4,100,0,0,6
2026-09-03T09:00:00Z,MUPS-A1,HALL-A,mech,119.4,123.08,39.8,40.5,147.8,100,0,0,6
2026-09-03T10:00:00Z,MUPS-A1,HALL-A,mech,122.21,126.0,40.7,41.6,151.7,100,0,0,6
2026-09-03T11:00:00Z,MUPS-A1,HALL-A,mech,126.47,130.37,42.2,42.8,156.0,100,0,0,6
2026-09-03T12:00:00Z,MUPS-A1,HALL-A,mech,124.3,128.15,41.4,42.1,153.4,100,0,0,6
2026-09-03T13:00:00Z,MUPS-A1,HALL-A,mech,122.64,126.44,40.9,41.5,151.3,100,0,0,6
2026-09-03T14:00:00Z,MUPS-A1,HALL-A,mech,119.62,123.31,39.9,40.5,147.8,100,0,0,6
2026-09-03T15:00:00Z,MUPS-A1,HALL-A,mech,116.49,120.09,38.8,39.3,143.1,100,0,0,6
2026-09-03T16:00:00Z,MUPS-A1,HALL-A,mech,113.82,117.34,37.9,39.2,143.0,100,0,0,6
2026-09-03T17:00:00Z,MUPS-A1,HALL-A,mech,106.33,109.64,35.4,36.5,133.2,100,0,0,6
2026-09-03T18:00:00Z,MUPS-A1,HALL-A,mech,101.26,104.39,33.7,34.7,126.5,100,0,0,6
2026-09-03T19:00:00Z,MUPS-A1,HALL-A,mech,95.81,98.78,31.9,32.6,118.8,100,0,0,6
2026-09-03T20:00:00Z,MUPS-A1,HALL-A,mech,97.51,100.53,32.5,34.1,124.4,100,0,0,6
2026-09-03T21:00:00Z,MUPS-A1,HALL-A,mech,107.97,111.3,36.0,37.8,137.5,100,0,0,6
2026-09-03T22:00:00Z,MUPS-A1,HALL-A,mech,117.21,120.83,39.1,40.6,147.8,100,0,0,6
2026-09-03T23:00:00Z,MUPS-A1,HALL-A,mech,125.98,129.89,42.0,43.0,156.8,100,0,0,6
2026-09-04T00:00:00Z,MUPS-A1,HALL-A,mech,127.4,131.33,42.5,43.5,158.7,100,0,0,6
2026-09-04T01:00:00Z,MUPS-A1,HALL-A,mech,123.58,127.4,41.2,41.9,152.5,100,0,0,6
2026-09-04T02:00:00Z,MUPS-A1,HALL-A,mech,118.56,122.22,39.5,40.4,147.2,100,0,0,6
2026-09-04T03:00:00Z,MUPS-A1,HALL-A,mech,114.01,117.54,38.0,39.1,142.7,100,0,0,6
2026-09-04T04:00:00Z,MUPS-A1,HALL-A,mech,108.67,112.03,36.2,37.3,136.0,100,0,0,6
2026-09-04T05:00:00Z,MUPS-A1,HALL-A,mech,103.47,106.68,34.5,35.2,128.4,100,0,0,6
2026-09-04T06:00:00Z,MUPS-A1,HALL-A,mech,98.13,101.16,32.7,33.3,121.4,100,0,0,6
2026-09-04T07:00:00Z,MUPS-A1,HALL-A,mech,94.06,96.97,31.4,32.5,118.6,100,0,0,6
2026-09-04T08:00:00Z,MUPS-A1,HALL-A,mech,93.53,96.44,31.2,32.1,117.0,100,0,0,6
2026-09-04T09:00:00Z,MUPS-A1,HALL-A,mech,96.54,99.54,32.2,32.6,118.8,100,0,0,6
2026-09-04T10:00:00Z,MUPS-A1,HALL-A,mech,96.72,99.7,32.2,32.9,120.0,100,0,0,6
2026-09-04T11:00:00Z,MUPS-A1,HALL-A,mech,101.04,104.17,33.7,34.2,124.5,100,0,0,6
2026-09-04T12:00:00Z,MUPS-A1,HALL-A,mech,100.91,104.03,33.6,34.6,125.9,100,0,0,6
2026-09-04T13:00:00Z,MUPS-A1,HALL-A,mech,96.66,99.65,32.2,32.6,118.9,100,0,0,6
2026-09-04T14:00:00Z,MUPS-A1,HALL-A,mech,96.14,99.11,32.0,32.7,119.4,100,0,0,6
2026-09-04T15:00:00Z,MUPS-A1,HALL-A,mech,92.28,95.13,30.8,31.4,114.3,100,0,0,6
2026-09-04T16:00:00Z,MUPS-A1,HALL-A,mech,91.17,93.98,30.4,31.1,113.3,100,0,0,6
2026-09-04T17:00:00Z,MUPS-A1,HALL-A,mech,94.01,96.91,31.3,31.8,116.0,100,0,0,6
2026-09-04T18:00:00Z,MUPS-A1,HALL-A,mech,95.98,98.94,32.0,32.7,119.3,100,0,0,6
2026-09-04T19:00:00Z,MUPS-A1,HALL-A,mech,98.79,101.85,32.9,33.6,122.3,100,0,0,6
2026-09-04T20:00:00Z,MUPS-A1,HALL-A,mech,101.81,104.96,33.9,34.6,126.3,100,0,0,6
2026-09-04T21:00:00Z,MUPS-A1,HALL-A,mech,105.45,108.69,35.1,36.0,131.5,100,0,0,6
2026-09-04T22:00:00Z,MUPS-A1,HALL-A,mech,110.43,113.84,36.8,37.5,136.8,100,0,0,6
2026-09-04T23:00:00Z,MUPS-A1,HALL-A,mech,114.61,118.17,38.2,39.0,142.1,100,0,0,6
2026-09-05T00:00:00Z,MUPS-A1,HALL-A,mech,114.5,118.04,38.2,38.8,141.4,100,0,0,6
2026-09-05T01:00:00Z,MUPS-A1,HALL-A,mech,114.14,117.65,38.0,38.5,140.4,100,0,0,6
2026-09-05T02:00:00Z,MUPS-A1,HALL-A,mech,112.94,116.42,37.6,38.4,140.0,100,0,0,6
2026-09-05T03:00:00Z,MUPS-A1,HALL-A,mech,110.77,114.19,36.9,37.4,136.3,100,0,0,6
2026-09-05T04:00:00Z,MUPS-A1,HALL-A,mech,111.61,115.06,37.2,37.6,136.9,100,0,0,6
2026-09-05T05:00:00Z,MUPS-A1,HALL-A,mech,114.35,117.88,38.1,38.5,140.5,100,0,0,6
2026-09-05T06:00:00Z,MUPS-A1,HALL-A,mech,116.61,120.2,38.9,39.3,143.4,100,0,0,6
2026-09-05T07:00:00Z,MUPS-A1,HALL-A,mech,119.87,123.58,40.0,40.8,148.9,100,0,0,6
2026-09-05T08:00:00Z,MUPS-A1,HALL-A,mech,119.21,122.91,39.7,40.1,146.2,100,0,0,6
2026-09-05T09:00:00Z,MUPS-A1,HALL-A,mech,120.5,124.22,40.2,40.5,147.6,100,0,0,6
2026-09-05T10:00:00Z,MUPS-A1,HALL-A,mech,120.66,124.38,40.2,40.8,148.9,100,0,0,6
2026-09-05T11:00:00Z,MUPS-A1,HALL-A,mech,121.85,125.61,40.6,41.4,151.0,100,0,0,6
2026-09-05T12:00:00Z,MUPS-A1,HALL-A,mech,119.98,123.68,40.0,40.7,148.5,100,0,0,6
2026-09-05T13:00:00Z,MUPS-A1,HALL-A,mech,115.95,119.53,38.6,39.2,142.9,100,0,0,6
2026-09-05T14:00:00Z,MUPS-A1,HALL-A,mech,111.83,115.29,37.3,38.3,139.3,100,0,0,6
2026-09-05T15:00:00Z,MUPS-A1,HALL-A,mech,106.63,109.92,35.5,36.8,134.2,100,0,0,6
2026-09-05T16:00:00Z,MUPS-A1,HALL-A,mech,102.83,106.0,34.3,35.3,128.5,100,0,0,6
2026-09-05T17:00:00Z,MUPS-A1,HALL-A,mech,99.13,102.19,33.0,33.8,123.5,100,0,0,6
2026-09-05T18:00:00Z,MUPS-A1,HALL-A,mech,96.2,99.18,32.1,32.7,119.3,100,0,0,6
2026-09-05T19:00:00Z,MUPS-A1,HALL-A,mech,93.7,96.59,31.2,31.9,116.1,100,0,0,6
2026-09-05T20:00:00Z,MUPS-A1,HALL-A,mech,96.03,99.01,32.0,33.1,120.7,100,0,0,6
2026-09-05T21:00:00Z,MUPS-A1,HALL-A,mech,103.94,107.17,34.6,36.6,133.3,100,0,0,6
2026-09-05T22:00:00Z,MUPS-A1,HALL-A,mech,113.65,117.16,37.9,39.2,142.8,100,0,0,6
2026-09-05T23:00:00Z,MUPS-A1,HALL-A,mech,123.29,127.11,41.1,42.7,155.7,100,0,0,6
2026-09-06T00:00:00Z,MUPS-A1,HALL-A,mech,124.11,127.95,41.4,42.9,156.4,100,0,0,6
2026-09-06T01:00:00Z,MUPS-A1,HALL-A,mech,117.95,121.6,39.3,40.3,147.3,100,0,0,6
2026-09-06T02:00:00Z,MUPS-A1,HALL-A,mech,111.81,115.28,37.3,38.8,141.4,100,0,0,6
2026-09-06T03:00:00Z,MUPS-A1,HALL-A,mech,104.09,107.32,34.7,35.8,130.8,100,0,0,6
2026-09-06T04:00:00Z,MUPS-A1,HALL-A,mech,104.2,107.44,34.7,35.6,129.8,100,0,0,6
2026-09-06T05:00:00Z,MUPS-A1,HALL-A,mech,111.01,114.45,37.0,38.6,140.4,100,0,0,6
2026-09-06T06:00:00Z,MUPS-A1,HALL-A,mech,117.36,120.99,39.1,39.8,145.1,100,0,0,6
2026-09-06T07:00:00Z,MUPS-A1,HALL-A,mech,125.14,129.0,41.7,43.1,156.8,100,0,0,6
2026-09-06T08:00:00Z,MUPS-A1,HALL-A,mech,123.53,127.36,41.2,42.7,155.7,100,0,0,6
2026-09-06T09:00:00Z,MUPS-A1,HALL-A,mech,113.92,117.44,38.0,40.2,146.9,100,0,0,6
2026-09-06T10:00:00Z,MUPS-A1,HALL-A,mech,104.46,107.69,34.8,36.4,132.7,100,0,0,6
2026-09-06T11:00:00Z,MUPS-A1,HALL-A,mech,94.75,97.67,31.6,33.1,120.7,100,0,0,6
2026-09-06T12:00:00Z,MUPS-A1,HALL-A,mech,92.15,94.99,30.7,31.8,115.8,100,0,0,6
2026-09-06T13:00:00Z,MUPS-A1,HALL-A,mech,96.55,99.53,32.2,33.2,121.1,100,0,0,6
2026-09-06T14:00:00Z,MUPS-A1,HALL-A,mech,102.31,105.48,34.1,34.7,126.3,100,0,0,6
2026-09-06T15:00:00Z,MUPS-A1,HALL-A,mech,104.19,107.4,34.7,35.1,127.9,100,0,0,6
2026-09-06T16:00:00Z,MUPS-A1,HALL-A,mech,104.62,107.87,34.9,35.4,128.9,100,0,0,6
2026-09-06T17:00:00Z,MUPS-A1,HALL-A,mech,104.12,107.35,34.7,35.3,128.7,100,0,0,6
2026-09-06T18:00:00Z,MUPS-A1,HALL-A,mech,101.92,105.08,34.0,34.5,125.8,100,0,0,6
2026-09-06T19:00:00Z,MUPS-A1,HALL-A,mech,101.95,105.11,34.0,34.6,126.3,100,0,0,6
2026-09-06T20:00:00Z,MUPS-A1,HALL-A,mech,105.06,108.31,35.0,36.4,132.8,100,0,0,6
2026-09-06T21:00:00Z,MUPS-A1,HALL-A,mech,114.64,118.19,38.2,39.5,144.1,100,0,0,6
2026-09-06T22:00:00Z,MUPS-A1,HALL-A,mech,122.0,125.77,40.7,41.5,151.4,100,0,0,6
2026-09-06T23:00:00Z,MUPS-A1,HALL-A,mech,128.68,132.67,42.9,44.1,160.8,100,0,0,6
2026-09-07T00:00:00Z,MUPS-A1,HALL-A,mech,131.53,135.6,43.8,44.9,163.9,100,0,0,6
2026-09-07T01:00:00Z,MUPS-A1,HALL-A,mech,130.24,134.26,43.4,44.9,163.4,100,0,0,6
2026-09-07T02:00:00Z,MUPS-A1,HALL-A,mech,129.03,133.02,43.0,43.5,158.6,100,0,0,6
2026-09-07T03:00:00Z,MUPS-A1,HALL-A,mech,126.16,130.06,42.1,43.4,158.3,100,0,0,6
2026-09-07T04:00:00Z,MUPS-A1,HALL-A,mech,119.97,123.68,40.0,41.3,150.5,100,0,0,6
2026-09-07T05:00:00Z,MUPS-A1,HALL-A,mech,113.06,116.55,37.7,38.4,140.1,100,0,0,6
2026-09-07T06:00:00Z,MUPS-A1,HALL-A,mech,106.12,109.4,35.4,37.0,134.8,100,0,0,6
2026-09-07T07:00:00Z,MUPS-A1,HALL-A,mech,96.81,99.8,32.3,33.2,121.2,100,0,0,6
2026-09-07T08:00:00Z,MUPS-A1,HALL-A,mech,94.05,96.96,31.3,31.9,116.3,100,0,0,6
2026-09-07T09:00:00Z,MUPS-A1,HALL-A,mech,93.78,96.69,31.3,32.0,116.7,100,0,0,6
2026-09-07T10:00:00Z,MUPS-A1,HALL-A,mech,92.15,94.99,30.7,31.2,113.7,100,0,0,6
2026-09-07T11:00:00Z,MUPS-A1,HALL-A,mech,91.37,94.17,30.5,30.8,112.2,100,0,0,6
2026-09-07T12:00:00Z,MUPS-A1,HALL-A,mech,92.1,94.94,30.7,31.3,114.2,100,0,0,6
2026-09-07T13:00:00Z,MUPS-A1,HALL-A,mech,93.91,96.81,31.3,31.6,115.3,100,0,0,6
2026-09-07T14:00:00Z,MUPS-A1,HALL-A,mech,95.21,98.15,31.7,32.5,118.4,100,0,0,6
2026-09-07T15:00:00Z,MUPS-A1,HALL-A,mech,97.2,100.2,32.4,32.8,119.4,100,0,0,6
2026-09-07T16:00:00Z,MUPS-A1,HALL-A,mech,101.44,104.58,33.8,35.4,128.9,100,0,0,6
2026-09-07T17:00:00Z,MUPS-A1,HALL-A,mech,108.4,111.76,36.1,37.6,137.4,100,0,0,6
2026-09-07T18:00:00Z,MUPS-A1,HALL-A,mech,114.84,118.39,38.3,39.3,143.1,100,0,0,6
2026-09-07T19:00:00Z,MUPS-A1,HALL-A,mech,122.99,126.8,41.0,43.0,156.8,100,0,0,6
2026-09-07T20:00:00Z,MUPS-A1,HALL-A,mech,124.83,128.7,41.6,42.6,155.0,100,0,0,6
2026-09-07T21:00:00Z,MUPS-A1,HALL-A,mech,121.23,124.97,40.4,41.3,150.5,100,0,0,6
2026-09-07T22:00:00Z,MUPS-A1,HALL-A,mech,118.52,122.18,39.5,40.2,146.4,100,0,0,6
2026-09-07T23:00:00Z,MUPS-A1,HALL-A,mech,114.8,118.36,38.3,39.2,143.0,100,0,0,6
2026-09-08T00:00:00Z,MUPS-A1,HALL-A,mech,115.1,118.66,38.4,39.0,141.9,100,0,0,6
2026-09-08T01:00:00Z,MUPS-A1,HALL-A,mech,118.06,121.71,39.4,40.2,146.8,100,0,0,6
2026-09-08T02:00:00Z,MUPS-A1,HALL-A,mech,120.18,123.89,40.1,40.7,148.3,100,0,0,6
2026-09-08T03:00:00Z,MUPS-A1,HALL-A,mech,125.73,129.62,41.9,43.1,157.0,100,0,0,6
2026-09-08T04:00:00Z,MUPS-A1,HALL-A,mech,125.43,129.32,41.8,43.0,156.8,100,0,0,6
2026-09-08T05:00:00Z,MUPS-A1,HALL-A,mech,120.44,124.16,40.1,40.6,148.0,100,0,0,6
2026-09-08T06:00:00Z,MUPS-A1,HALL-A,mech,115.12,118.67,38.4,39.7,144.7,100,0,0,6
2026-09-08T07:00:00Z,MUPS-A1,HALL-A,mech,112.61,116.1,37.5,38.5,140.3,100,0,0,6
2026-09-08T08:00:00Z,MUPS-A1,HALL-A,mech,110.59,114.01,36.9,37.6,136.8,100,0,0,6
2026-09-08T09:00:00Z,MUPS-A1,HALL-A,mech,111.51,114.95,37.2,38.0,138.8,100,0,0,6
2026-09-08T10:00:00Z,MUPS-A1,HALL-A,mech,112.78,116.27,37.6,38.1,138.9,100,0,0,6
2026-09-08T11:00:00Z,MUPS-A1,HALL-A,mech,115.13,118.7,38.4,38.9,141.6,100,0,0,6
2026-09-08T12:00:00Z,MUPS-A1,HALL-A,mech,114.9,118.45,38.3,39.1,142.5,100,0,0,6
2026-09-08T13:00:00Z,MUPS-A1,HALL-A,mech,113.27,116.78,37.8,38.5,140.2,100,0,0,6
2026-09-08T14:00:00Z,MUPS-A1,HALL-A,mech,112.69,116.19,37.6,37.9,138.4,100,0,0,6
2026-09-08T15:00:00Z,MUPS-A1,HALL-A,mech,111.18,114.6,37.1,37.4,136.3,100,0,0,6
2026-09-08T16:00:00Z,MUPS-A1,HALL-A,mech,109.31,112.7,36.4,37.0,134.9,100,0,0,6
2026-09-08T17:00:00Z,MUPS-A1,HALL-A,mech,105.77,109.02,35.3,36.1,131.6,100,0,0,6
2026-09-08T18:00:00Z,MUPS-A1,HALL-A,mech,104.95,108.19,35.0,35.6,129.7,100,0,0,6
2026-09-08T19:00:00Z,MUPS-A1,HALL-A,mech,102.9,106.09,34.3,35.1,127.9,100,0,0,6
2026-09-08T20:00:00Z,MUPS-A1,HALL-A,mech,104.05,107.25,34.7,35.1,127.9,100,0,0,6
2026-09-08T21:00:00Z,MUPS-A1,HALL-A,mech,105.79,109.05,35.3,36.0,131.1,100,0,0,6
2026-09-08T22:00:00Z,MUPS-A1,HALL-A,mech,108.45,111.81,36.1,36.6,133.5,100,0,0,6
2026-09-08T23:00:00Z,MUPS-A1,HALL-A,mech,109.71,113.11,36.6,37.4,136.2,100,0,0,6
2026-09-09T00:00:00Z,MUPS-A1,HALL-A,mech,112.8,116.29,37.6,38.2,139.0,100,0,0,6
2026-09-09T01:00:00Z,MUPS-A1,HALL-A,mech,115.91,119.49,38.6,39.7,144.5,100,0,0,6
2026-09-09T02:00:00Z,MUPS-A1,HALL-A,mech,119.06,122.74,39.7,40.7,148.4,100,0,0,6
2026-09-09T03:00:00Z,MUPS-A1,HALL-A,mech,122.41,126.2,40.8,42.1,153.3,100,0,0,6
2026-09-09T04:00:00Z,MUPS-A1,HALL-A,mech,121.81,125.58,40.6,42.3,154.0,100,0,0,6
2026-09-09T05:00:00Z,MUPS-A1,HALL-A,mech,115.23,118.8,38.4,39.6,144.3,100,0,0,6
2026-09-09T06:00:00Z,MUPS-A1,HALL-A,mech,107.46,110.78,35.8,37.2,135.6,100,0,0,6
2026-09-09T07:00:00Z,MUPS-A1,HALL-A,mech,100.4,103.51,33.5,34.2,124.8,100,0,0,6
2026-09-09T08:00:00Z,MUPS-A1,HALL-A,mech,99.27,102.34,33.1,33.8,123.3,100,0,0,6
2026-09-09T09:00:00Z,MUPS-A1,HALL-A,mech,103.34,106.52,34.4,35.2,128.3,100,0,0,6
2026-09-09T10:00:00Z,MUPS-A1,HALL-A,mech,107.88,111.23,36.0,37.2,135.5,100,0,0,6
2026-09-09T11:00:00Z,MUPS-A1,HALL-A,mech,114.59,118.15,38.2,38.8,141.6,100,0,0,6
2026-09-09T12:00:00Z,MUPS-A1,HALL-A,mech,114.09,117.63,38.0,39.1,142.5,100,0,0,6
2026-09-09T13:00:00Z,MUPS-A1,HALL-A,mech,108.09,111.45,36.0,37.6,137.0,100,0,0,6
2026-09-09T14:00:00Z,MUPS-A1,HALL-A,mech,100.59,103.7,33.5,34.3,125.0,100,0,0,6
2026-09-09T15:00:00Z,MUPS-A1,HALL-A,mech,94.06,96.97,31.4,32.6,118.9,100,0,0,6
2026-09-09T16:00:00Z,MUPS-A1,HALL-A,mech,93.88,96.77,31.3,31.8,115.7,100,0,0,6
2026-09-09T17:00:00Z,MUPS-A1,HALL-A,mech,97.41,100.43,32.5,33.5,122.0,100,0,0,6
2026-09-09T18:00:00Z,MUPS-A1,HALL-A,mech,99.79,102.87,33.3,34.2,124.9,100,0,0,6
2026-09-09T19:00:00Z,MUPS-A1,HALL-A,mech,102.48,105.67,34.2,34.6,126.2,100,0,0,6
2026-09-09T20:00:00Z,MUPS-A1,HALL-A,mech,104.25,107.47,34.7,35.3,128.6,100,0,0,6
2026-09-09T21:00:00Z,MUPS-A1,HALL-A,mech,104.02,107.23,34.7,35.2,128.4,100,0,0,6
2026-09-09T22:00:00Z,MUPS-A1,HALL-A,mech,102.14,105.32,34.0,34.4,125.5,100,0,0,6
2026-09-09T23:00:00Z,MUPS-A1,HALL-A,mech,100.42,103.53,33.5,33.9,123.8,100,0,0,6
2026-09-10T00:00:00Z,MUPS-A1,HALL-A,mech,104.53,107.77,34.8,35.7,130.0,100,0,0,6
2026-09-10T01:00:00Z,MUPS-A1,HALL-A,mech,111.86,115.33,37.3,39.0,142.4,100,0,0,6
2026-09-10T02:00:00Z,MUPS-A1,HALL-A,mech,119.86,123.56,40.0,41.2,150.3,100,0,0,6
2026-09-10T03:00:00Z,MUPS-A1,HALL-A,mech,125.08,128.94,41.7,43.0,156.6,100,0,0,6
2026-09-10T04:00:00Z,MUPS-A1,HALL-A,mech,124.31,128.16,41.4,42.9,156.3,100,0,0,6
2026-09-10T05:00:00Z,MUPS-A1,HALL-A,mech,118.67,122.33,39.5,40.7,148.5,100,0,0,6
2026-09-10T06:00:00Z,MUPS-A1,HALL-A,mech,112.37,115.85,37.5,39.1,142.5,100,0,0,6
2026-09-10T07:00:00Z,MUPS-A1,HALL-A,mech,106.44,109.74,35.5,36.8,134.3,100,0,0,6
2026-09-10T08:00:00Z,MUPS-A1,HALL-A,mech,102.89,106.07,34.3,35.0,127.3,100,0,0,6
2026-09-10T09:00:00Z,MUPS-A1,HALL-A,mech,101.59,104.73,33.9,34.3,125.3,100,0,0,6
2026-09-10T10:00:00Z,MUPS-A1,HALL-A,mech,101.15,104.28,33.7,34.2,124.8,100,0,0,6
2026-09-10T11:00:00Z,MUPS-A1,HALL-A,mech,100.66,103.76,33.6,34.0,124.0,100,0,0,6
2026-09-10T12:00:00Z,MUPS-A1,HALL-A,mech,99.98,103.08,33.3,33.9,123.4,100,0,0,6
2026-09-10T13:00:00Z,MUPS-A1,HALL-A,mech,97.97,100.99,32.7,33.1,120.7,100,0,0,6
2026-09-10T14:00:00Z,MUPS-A1,HALL-A,mech,96.2,99.18,32.1,32.6,118.8,100,0,0,6
2026-09-10T15:00:00Z,MUPS-A1,HALL-A,mech,93.93,96.83,31.3,31.7,115.6,100,0,0,6
2026-09-10T16:00:00Z,MUPS-A1,HALL-A,mech,97.69,100.72,32.6,33.3,121.5,100,0,0,6
2026-09-10T17:00:00Z,MUPS-A1,HALL-A,mech,105.08,108.33,35.0,36.7,133.6,100,0,0,6
2026-09-10T18:00:00Z,MUPS-A1,HALL-A,mech,112.19,115.67,37.4,39.0,142.2,100,0,0,6
2026-09-10T19:00:00Z,MUPS-A1,HALL-A,mech,121.97,125.75,40.7,41.9,152.7,100,0,0,6
2026-09-10T20:00:00Z,MUPS-A1,HALL-A,mech,121.72,125.47,40.6,41.5,151.3,100,0,0,6
2026-09-10T21:00:00Z,MUPS-A1,HALL-A,mech,114.76,118.31,38.3,39.1,142.8,100,0,0,6
2026-09-10T22:00:00Z,MUPS-A1,HALL-A,mech,108.34,111.69,36.1,37.1,135.3,100,0,0,6
2026-09-10T23:00:00Z,MUPS-A1,HALL-A,mech,102.22,105.37,34.1,35.0,127.6,100,0,0,6
2026-09-11T00:00:00Z,MUPS-A1,HALL-A,mech,100.12,103.23,33.4,34.2,124.8,100,0,0,6
2026-09-11T01:00:00Z,MUPS-A1,HALL-A,mech,103.73,106.93,34.6,34.9,127.4,100,0,0,6
2026-09-11T02:00:00Z,MUPS-A1,HALL-A,mech,106.28,109.56,35.4,36.1,131.6,100,0,0,6
2026-09-11T03:00:00Z,MUPS-A1,HALL-A,mech,109.28,112.66,36.4,37.2,135.4,100,0,0,6
2026-09-11T04:00:00Z,MUPS-A1,HALL-A,mech,111.5,114.94,37.2,37.7,137.4,100,0,0,6
2026-09-11T05:00:00Z,MUPS-A1,HALL-A,mech,112.61,116.1,37.5,38.2,139.3,100,0,0,6
2026-09-11T06:00:00Z,MUPS-A1,HALL-A,mech,112.31,115.78,37.4,37.9,138.2,100,0,0,6
2026-09-11T07:00:00Z,MUPS-A1,HALL-A,mech,112.27,115.75,37.4,37.8,137.8,100,0,0,6
2026-09-11T08:00:00Z,MUPS-A1,HALL-A,mech,113.84,117.36,37.9,38.6,140.6,100,0,0,6
2026-09-11T09:00:00Z,MUPS-A1,HALL-A,mech,116.57,120.18,38.9,40.1,146.2,100,0,0,6
2026-09-11T10:00:00Z,MUPS-A1,HALL-A,mech,118.43,122.08,39.5,40.2,146.6,100,0,0,6
2026-09-11T11:00:00Z,MUPS-A1,HALL-A,mech,122.06,125.83,40.7,41.7,152.2,100,0,0,6
2026-09-11T12:00:00Z,MUPS-A1,HALL-A,mech,122.91,126.7,41.0,42.3,154.0,100,0,0,6
2026-09-11T13:00:00Z,MUPS-A1,HALL-A,mech,120.25,123.98,40.1,40.8,149.0,100,0,0,6
2026-09-11T14:00:00Z,MUPS-A1,HALL-A,mech,118.24,121.89,39.4,40.3,146.8,100,0,0,6
2026-09-11T15:00:00Z,MUPS-A1,HALL-A,mech,117.26,120.88,39.1,39.7,145.1,100,0,0,6
2026-09-11T16:00:00Z,MUPS-A1,HALL-A,mech,116.65,120.26,38.9,39.4,143.8,100,0,0,6
2026-09-11T17:00:00Z,MUPS-A1,HALL-A,mech,113.63,117.14,37.9,38.4,140.2,100,0,0,6
2026-09-11T18:00:00Z,MUPS-A1,HALL-A,mech,113.62,117.12,37.9,38.2,139.5,100,0,0,6
2026-09-11T19:00:00Z,MUPS-A1,HALL-A,mech,111.74,115.19,37.2,37.9,138.2,100,0,0,6
2026-09-11T20:00:00Z,MUPS-A1,HALL-A,mech,113.24,116.74,37.7,38.8,141.4,100,0,0,6
2026-09-11T21:00:00Z,MUPS-A1,HALL-A,mech,117.11,120.73,39.0,39.6,144.3,100,0,0,6
2026-09-11T22:00:00Z,MUPS-A1,HALL-A,mech,120.22,123.95,40.1,41.1,149.6,100,0,0,6
2026-09-11T23:00:00Z,MUPS-A1,HALL-A,mech,123.92,127.76,41.3,42.1,153.7,100,0,0,6
2026-09-12T00:00:00Z,MUPS-A1,HALL-A,mech,126.38,130.28,42.1,42.5,155.1,100,0,0,6
2026-09-12T01:00:00Z,MUPS-A1,HALL-A,mech,126.7,130.61,42.2,42.7,155.6,100,0,0,6
2026-09-12T02:00:00Z,MUPS-A1,HALL-A,mech,125.04,128.91,41.7,42.5,155.1,100,0,0,6
2026-09-12T03:00:00Z,MUPS-A1,HALL-A,mech,124.24,128.09,41.4,41.8,152.5,100,0,0,6
2026-09-12T04:00:00Z,MUPS-A1,HALL-A,mech,125.3,129.17,41.8,42.7,155.7,100,0,0,6
2026-09-12T05:00:00Z,MUPS-A1,HALL-A,mech,126.09,130.0,42.0,42.7,155.9,100,0,0,6
2026-09-12T06:00:00Z,MUPS-A1,HALL-A,mech,126.94,130.85,42.3,43.0,156.6,100,0,0,6
2026-09-12T07:00:00Z,MUPS-A1,HALL-A,mech,127.47,131.41,42.5,43.4,158.1,100,0,0,6
2026-09-12T08:00:00Z,MUPS-A1,HALL-A,mech,126.33,130.23,42.1,42.7,155.7,100,0,0,6
2026-09-12T09:00:00Z,MUPS-A1,HALL-A,mech,125.43,129.32,41.8,42.2,154.1,100,0,0,6
2026-09-12T10:00:00Z,MUPS-A1,HALL-A,mech,128.06,132.03,42.7,43.3,157.5,100,0,0,6
2026-09-12T11:00:00Z,MUPS-A1,HALL-A,mech,126.1,130.0,42.0,42.7,155.6,100,0,0,6
2026-09-12T12:00:00Z,MUPS-A1,HALL-A,mech,125.86,129.76,42.0,42.5,155.1,100,0,0,6
2026-09-12T13:00:00Z,MUPS-A1,HALL-A,mech,125.91,129.81,42.0,42.5,155.0,100,0,0,6
2026-09-12T14:00:00Z,MUPS-A1,HALL-A,mech,125.2,129.07,41.7,42.3,154.0,100,0,0,6
2026-09-12T15:00:00Z,MUPS-A1,HALL-A,mech,126.77,130.68,42.3,42.8,156.1,100,0,0,6
2026-09-12T16:00:00Z,MUPS-A1,HALL-A,mech,123.0,126.8,41.0,42.6,155.3,100,0,0,6
2026-09-12T17:00:00Z,MUPS-A1,HALL-A,mech,114.77,118.32,38.3,40.0,146.1,100,0,0,6
2026-09-12T18:00:00Z,MUPS-A1,HALL-A,mech,107.06,110.37,35.7,36.8,133.9,100,0,0,6
2026-09-12T19:00:00Z,MUPS-A1,HALL-A,mech,99.69,102.76,33.2,34.1,124.5,100,0,0,6
2026-09-12T20:00:00Z,MUPS-A1,HALL-A,mech,99.55,102.63,33.2,34.4,125.6,100,0,0,6
2026-09-12T21:00:00Z,MUPS-A1,HALL-A,mech,108.71,112.08,36.2,37.9,138.2,100,0,0,6
2026-09-12T22:00:00Z,MUPS-A1,HALL-A,mech,118.19,121.84,39.4,40.7,148.4,100,0,0,6
2026-09-12T23:00:00Z,MUPS-A1,HALL-A,mech,125.48,129.35,41.8,43.7,159.3,100,0,0,6
2026-09-13T00:00:00Z,MUPS-A1,HALL-A,mech,126.37,130.27,42.1,43.6,158.8,100,0,0,6
2026-09-13T01:00:00Z,MUPS-A1,HALL-A,mech,116.58,120.2,38.9,40.2,146.4,100,0,0,6
2026-09-13T02:00:00Z,MUPS-A1,HALL-A,mech,106.88,110.19,35.6,37.5,136.8,100,0,0,6
2026-09-13T03:00:00Z,MUPS-A1,HALL-A,mech,97.64,100.66,32.6,34.1,124.3,100,0,0,6
2026-09-13T04:00:00Z,MUPS-A1,HALL-A,mech,95.12,98.06,31.7,32.5,118.4,100,0,0,6
2026-09-13T05:00:00Z,MUPS-A1,HALL-A,mech,98.31,101.34,32.8,33.7,122.9,100,0,0,6
2026-09-13T06:00:00Z,MUPS-A1,HALL-A,mech,103.88,107.11,34.6,35.7,130.0,100,0,0,6
2026-09-13T07:00:00Z,MUPS-A1,HALL-A,mech,109.78,113.17,36.6,37.6,137.1,100,0,0,6
2026-09-13T08:00:00Z,MUPS-A1,HALL-A,mech,111.9,115.37,37.3,37.7,137.6,100,0,0,6
2026-09-13T09:00:00Z,MUPS-A1,HALL-A,mech,113.93,117.44,38.0,38.4,140.0,100,0,0,6
2026-09-13T10:00:00Z,MUPS-A1,HALL-A,mech,114.24,117.76,38.1,38.9,141.8,100,0,0,6
2026-09-13T11:00:00Z,MUPS-A1,HALL-A,mech,114.79,118.34,38.3,38.7,141.2,100,0,0,6
2026-09-13T12:00:00Z,MUPS-A1,HALL-A,mech,114.04,117.56,38.0,38.7,141.1,100,0,0,6
2026-09-13T13:00:00Z,MUPS-A1,HALL-A,mech,111.63,115.09,37.2,37.5,136.8,100,0,0,6
2026-09-13T14:00:00Z,MUPS-A1,HALL-A,mech,107.66,111.0,35.9,36.8,134.4,100,0,0,6
2026-09-13T15:00:00Z,MUPS-A1,HALL-A,mech,104.39,107.61,34.8,35.3,128.7,100,0,0,6
2026-09-13T16:00:00Z,MUPS-A1,HALL-A,mech,103.0,106.19,34.3,34.9,127.3,100,0,0,6
2026-09-13T17:00:00Z,MUPS-A1,HALL-A,mech,98.28,101.3,32.8,33.9,123.5,100,0,0,6
2026-09-13T18:00:00Z,MUPS-A1,HALL-A,mech,95.06,98.0,31.7,32.2,117.3,100,0,0,6
2026-09-13T19:00:00Z,MUPS-A1,HALL-A,mech,92.58,95.47,30.9,31.1,113.5,100,0,0,6
2026-09-13T20:00:00Z,MUPS-A1,HALL-A,mech,92.5,95.35,30.8,31.6,115.2,100,0,0,6
2026-09-13T21:00:00Z,MUPS-A1,HALL-A,mech,96.45,99.42,32.1,33.5,122.0,100,0,0,6
2026-09-13T22:00:00Z,MUPS-A1,HALL-A,mech,99.57,102.65,33.2,33.7,122.9,100,0,0,6
2026-09-13T23:00:00Z,MUPS-A1,HALL-A,mech,104.39,107.62,34.8,35.8,130.4,100,0,0,6
2026-09-14T00:00:00Z,MUPS-A1,HALL-A,mech,108.21,111.56,36.1,37.1,134.9,100,0,0,6
2026-09-14T01:00:00Z,MUPS-A1,HALL-A,mech,110.99,114.42,37.0,37.6,137.0,100,0,0,6
2026-09-14T02:00:00Z,MUPS-A1,HALL-A,mech,114.12,117.64,38.0,38.6,140.7,100,0,0,6
2026-09-14T03:00:00Z,MUPS-A1,HALL-A,mech,115.03,118.58,38.3,39.2,142.7,100,0,0,6
2026-09-14T04:00:00Z,MUPS-A1,HALL-A,mech,118.88,122.55,39.6,40.4,147.5,100,0,0,6
2026-09-14T05:00:00Z,MUPS-A1,HALL-A,mech,123.87,127.7,41.3,42.4,154.4,100,0,0,6
2026-09-14T06:00:00Z,MUPS-A1,HALL-A,mech,128.17,132.14,42.7,43.2,157.3,100,0,0,6
2026-09-14T07:00:00Z,MUPS-A1,HALL-A,mech,131.35,135.41,43.8,44.7,162.9,100,0,0,6
2026-09-14T08:00:00Z,MUPS-A1,HALL-A,mech,131.02,135.07,43.7,44.9,163.8,100,0,0,6
2026-09-14T09:00:00Z,MUPS-A1,HALL-A,mech,122.43,126.22,40.8,41.8,152.5,100,0,0,6
2026-09-14T10:00:00Z,MUPS-A1,HALL-A,mech,112.14,115.6,37.4,38.5,140.4,100,0,0,6
2026-09-14T11:00:00Z,MUPS-A1,HALL-A,mech,105.88,109.15,35.3,36.2,131.7,100,0,0,6
2026-09-14T12:00:00Z,MUPS-A1,HALL-A,mech,101.29,104.42,33.8,34.3,125.0,100,0,0,6
2026-09-14T13:00:00Z,MUPS-A1,HALL-A,mech,97.86,100.89,32.6,33.2,121.0,100,0,0,6
2026-09-14T14:00:00Z,MUPS-A1,HALL-A,mech,95.98,98.96,32.0,32.6,118.9,100,0,0,6
2026-09-14T15:00:00Z,MUPS-A1,HALL-A,mech,95.13,98.07,31.7,32.1,117.2,100,0,0,6
2026-09-14T16:00:00Z,MUPS-A1,HALL-A,mech,95.02,97.95,31.7,32.7,119.3,100,0,0,6
2026-09-14T17:00:00Z,MUPS-A1,HALL-A,mech,99.74,102.84,33.2,34.0,123.9,100,0,0,6
2026-09-14T18:00:00Z,MUPS-A1,HALL-A,mech,102.55,105.73,34.2,34.6,126.3,100,0,0,6
2026-09-14T19:00:00Z,MUPS-A1,HALL-A,mech,105.7,108.97,35.2,35.9,130.7,100,0,0,6
2026-09-14T20:00:00Z,MUPS-A1,HALL-A,mech,108.11,111.44,36.0,36.6,133.4,100,0,0,6
2026-09-14T21:00:00Z,MUPS-A1,HALL-A,mech,108.81,112.18,36.3,36.8,134.1,100,0,0,6
2026-09-14T22:00:00Z,MUPS-A1,HALL-A,mech,111.47,114.91,37.1,37.6,137.2,100,0,0,6
2026-09-14T23:00:00Z,MUPS-A1,HALL-A,mech,110.69,114.11,36.9,37.4,136.5,100,0,0,6
2026-09-15T00:00:00Z,MUPS-A1,HALL-A,mech,111.06,114.49,37.0,37.7,137.6,100,0,0,6
2026-09-15T01:00:00Z,MUPS-A1,HALL-A,mech,109.51,112.89,36.5,37.3,135.9,100,0,0,6
2026-09-15T02:00:00Z,MUPS-A1,HALL-A,mech,106.61,109.91,35.5,36.2,132.0,100,0,0,6
2026-09-15T03:00:00Z,MUPS-A1,HALL-A,mech,103.86,107.06,34.6,35.0,127.6,100,0,0,6
2026-09-15T04:00:00Z,MUPS-A1,HALL-A,mech,105.33,108.58,35.1,36.5,133.3,100,0,0,6
2026-09-15T05:00:00Z,MUPS-A1,HALL-A,mech,110.95,114.36,37.0,38.0,138.4,100,0,0,6
2026-09-15T06:00:00Z,MUPS-A1,HALL-A,mech,118.24,121.89,39.4,40.3,146.8,100,0,0,6
2026-09-15T07:00:00Z,MUPS-A1,HALL-A,mech,125.74,129.64,41.9,43.0,156.7,100,0,0,6
2026-09-15T08:00:00Z,MUPS-A1,HALL-A,mech,125.28,129.14,41.8,42.6,155.4,100,0,0,6
2026-09-15T09:00:00Z,MUPS-A1,HALL-A,mech,120.36,124.09,40.1,41.0,149.5,100,0,0,6
2026-09-15T10:00:00Z,MUPS-A1,HALL-A,mech,116.76,120.38,38.9,40.0,146.0,100,0,0,6
2026-09-15T11:00:00Z,MUPS-A1,HALL-A,mech,112.91,116.41,37.6,38.1,138.9,100,0,0,6
2026-09-15T12:00:00Z,MUPS-A1,HALL-A,mech,110.47,113.89,36.8,37.5,136.7,100,0,0,6
2026-09-15T13:00:00Z,MUPS-A1,HALL-A,mech,111.79,115.26,37.3,37.8,137.6,100,0,0,6
2026-09-15T14:00:00Z,MUPS-A1,HALL-A,mech,111.13,114.57,37.0,37.8,137.8,100,0,0,6
2026-09-15T15:00:00Z,MUPS-A1,HALL-A,mech,111.67,115.13,37.2,37.8,138.0,100,0,0,6
2026-09-15T16:00:00Z,MUPS-A1,HALL-A,mech,112.04,115.5,37.4,37.9,138.2,100,0,0,6
2026-09-15T17:00:00Z,MUPS-A1,HALL-A,mech,112.31,115.8,37.4,37.8,138.0,100,0,0,6
2026-09-15T18:00:00Z,MUPS-A1,HALL-A,mech,111.94,115.4,37.3,37.9,137.9,100,0,0,6
2026-09-15T19:00:00Z,MUPS-A1,HALL-A,mech,113.68,117.18,37.9,38.2,139.1,100,0,0,6
2026-09-15T20:00:00Z,MUPS-A1,HALL-A,mech,112.58,116.07,37.5,38.6,140.8,100,0,0,6
2026-09-15T21:00:00Z,MUPS-A1,HALL-A,mech,113.34,116.85,37.8,38.4,139.8,100,0,0,6
2026-09-15T22:00:00Z,MUPS-A1,HALL-A,mech,113.36,116.86,37.8,38.2,139.2,100,0,0,6
2026-09-15T23:00:00Z,MUPS-A1,HALL-A,mech,114.28,117.81,38.1,38.6,140.7,100,0,0,6
2026-09-16T00:00:00Z,MUPS-A1,HALL-A,mech,116.31,119.91,38.8,39.8,145.2,100,0,0,6
2026-09-16T01:00:00Z,MUPS-A1,HALL-A,mech,121.66,125.42,40.6,41.5,151.2,100,0,0,6
2026-09-16T02:00:00Z,MUPS-A1,HALL-A,mech,125.44,129.32,41.8,42.8,156.1,100,0,0,6
2026-09-16T03:00:00Z,MUPS-A1,HALL-A,mech,131.38,135.43,43.8,44.6,162.5,100,0,0,6
2026-09-16T04:00:00Z,MUPS-A1,HALL-A,mech,134.1,138.25,44.7,45.3,164.9,100,0,0,6
2026-09-16T05:00:00Z,MUPS-A1,HALL-A,mech,131.47,135.55,43.8,44.4,161.8,100,0,0,6
2026-09-16T06:00:00Z,MUPS-A1,HALL-A,mech,130.95,135.0,43.6,44.1,161.2,100,0,0,6
2026-09-16T07:00:00Z,MUPS-A1,HALL-A,mech,129.67,133.67,43.2,43.7,159.3,100,0,0,6
2026-09-16T08:00:00Z,MUPS-A1,HALL-A,mech,124.71,128.57,41.6,43.4,158.6,100,0,0,6
2026-09-16T09:00:00Z,MUPS-A1,HALL-A,mech,117.37,121.0,39.1,40.9,149.1,100,0,0,6
2026-09-16T10:00:00Z,MUPS-A1,HALL-A,mech,108.61,111.97,36.2,37.6,137.3,100,0,0,6
2026-09-16T11:00:00Z,MUPS-A1,HALL-A,mech,102.22,105.38,34.1,35.3,128.5,100,0,0,6
2026-09-16T12:00:00Z,MUPS-A1,HALL-A,mech,100.13,103.24,33.4,34.3,125.1,100,0,0,6
2026-09-16T13:00:00Z,MUPS-A1,HALL-A,mech,107.21,110.53,35.7,36.7,133.8,100,0,0,6
2026-09-16T14:00:00Z,MUPS-A1,HALL-A,mech,113.03,116.53,37.7,39.0,142.3,100,0,0,6
2026-09-16T15:00:00Z,MUPS-A1,HALL-A,mech,119.31,123.0,39.8,40.9,149.1,100,0,0,6
2026-09-16T16:00:00Z,MUPS-A1,HALL-A,mech,120.66,124.38,40.2,40.9,149.2,100,0,0,6
2026-09-16T17:00:00Z,MUPS-A1,HALL-A,mech,120.79,124.52,40.3,40.8,148.5,100,0,0,6
2026-09-16T18:00:00Z,MUPS-A1,HALL-A,mech,120.79,124.52,40.3,40.7,148.5,100,0,0,6
2026-09-16T19:00:00Z,MUPS-A1,HALL-A,mech,119.62,123.32,39.9,40.6,148.1,100,0,0,6
2026-09-16T20:00:00Z,MUPS-A1,HALL-A,mech,115.24,118.8,38.4,39.4,143.5,100,0,0,6
2026-09-16T21:00:00Z,MUPS-A1,HALL-A,mech,108.24,111.59,36.1,37.4,136.4,100,0,0,6
2026-09-16T22:00:00Z,MUPS-A1,HALL-A,mech,100.71,103.83,33.6,34.7,126.6,100,0,0,6
2026-09-16T23:00:00Z,MUPS-A1,HALL-A,mech,94.98,97.91,31.7,32.9,119.6,100,0,0,6
2026-09-17T00:00:00Z,MUPS-A1,HALL-A,mech,96.23,99.2,32.1,33.1,120.8,100,0,0,6
2026-09-17T01:00:00Z,MUPS-A1,HALL-A,mech,105.5,108.76,35.2,37.6,136.9,100,0,0,6
2026-09-17T02:00:00Z,MUPS-A1,HALL-A,mech,115.56,119.14,38.5,39.9,145.7,100,0,0,6
2026-09-17T03:00:00Z,MUPS-A1,HALL-A,mech,126.16,130.06,42.1,43.8,160.0,100,0,0,6
2026-09-17T04:00:00Z,MUPS-A1,HALL-A,mech,129.29,133.29,43.1,44.3,161.8,100,0,0,6
2026-09-17T05:00:00Z,MUPS-A1,HALL-A,mech,127.02,130.94,42.3,43.0,156.5,100,0,0,6
2026-09-17T06:00:00Z,MUPS-A1,HALL-A,mech,125.61,129.51,41.9,42.4,154.3,100,0,0,6
2026-09-17T07:00:00Z,MUPS-A1,HALL-A,mech,122.23,126.03,40.8,41.4,151.1,100,0,0,6
2026-09-17T08:00:00Z,MUPS-A1,HALL-A,mech,117.54,121.16,39.2,40.4,147.4,100,0,0,6
2026-09-17T09:00:00Z,MUPS-A1,HALL-A,mech,113.14,116.64,37.7,38.6,140.7,100,0,0,6
2026-09-17T10:00:00Z,MUPS-A1,HALL-A,mech,108.14,111.47,36.0,36.8,134.2,100,0,0,6
2026-09-17T11:00:00Z,MUPS-A1,HALL-A,mech,102.62,105.79,34.2,34.8,126.9,100,0,0,6
2026-09-17T12:00:00Z,MUPS-A1,HALL-A,mech,103.0,106.18,34.3,34.8,126.9,100,0,0,6
2026-09-17T13:00:00Z,MUPS-A1,HALL-A,mech,104.87,108.11,35.0,35.6,129.9,100,0,0,6
2026-09-17T14:00:00Z,MUPS-A1,HALL-A,mech,108.53,111.89,36.2,36.8,134.1,100,0,0,6
2026-09-17T15:00:00Z,MUPS-A1,HALL-A,mech,112.96,116.44,37.6,38.3,140.0,100,0,0,6
2026-09-17T16:00:00Z,MUPS-A1,HALL-A,mech,116.66,120.26,38.9,39.9,145.4,100,0,0,6
2026-09-17T17:00:00Z,MUPS-A1,HALL-A,mech,120.31,124.02,40.1,41.5,151.3,100,0,0,6
2026-09-17T18:00:00Z,MUPS-A1,HALL-A,mech,127.0,130.94,42.3,43.3,157.9,100,0,0,6
2026-09-17T19:00:00Z,MUPS-A1,HALL-A,mech,131.84,135.91,43.9,45.0,164.1,100,0,0,6
2026-09-17T20:00:00Z,MUPS-A1,HALL-A,mech,130.33,134.36,43.4,44.9,163.7,100,0,0,6
2026-09-17T21:00:00Z,MUPS-A1,HALL-A,mech,128.1,132.07,42.7,43.5,158.7,100,0,0,6
2026-09-17T22:00:00Z,MUPS-A1,HALL-A,mech,122.61,126.42,40.9,42.3,154.2,100,0,0,6
2026-09-17T23:00:00Z,MUPS-A1,HALL-A,mech,115.81,119.39,38.6,39.9,145.3,100,0,0,6
2026-09-18T00:00:00Z,MUPS-A1,HALL-A,mech,114.36,117.89,38.1,39.0,142.1,100,0,0,6
2026-09-18T01:00:00Z,MUPS-A1,HALL-A,mech,117.33,120.95,39.1,39.8,145.2,100,0,0,6
2026-09-18T02:00:00Z,MUPS-A1,HALL-A,mech,119.36,123.06,39.8,40.1,146.1,100,0,0,6
2026-09-18T03:00:00Z,MUPS-A1,HALL-A,mech,120.01,123.73,40.0,40.6,148.1,100,0,0,6
2026-09-18T04:00:00Z,MUPS-A1,HALL-A,mech,117.68,121.31,39.2,40.7,148.3,100,0,0,6
2026-09-18T05:00:00Z,MUPS-A1,HALL-A,mech,110.83,114.27,36.9,38.0,138.5,100,0,0,6
2026-09-18T06:00:00Z,MUPS-A1,HALL-A,mech,103.91,107.11,34.6,36.0,131.1,100,0,0,6
2026-09-18T07:00:00Z,MUPS-A1,HALL-A,mech,95.5,98.47,31.8,33.8,123.1,100,0,0,6
2026-09-18T08:00:00Z,MUPS-A1,HALL-A,mech,96.69,99.68,32.2,34.3,124.9,100,0,0,6
2026-09-18T09:00:00Z,MUPS-A1,HALL-A,mech,107.31,110.63,35.8,37.8,137.9,100,0,0,6
2026-09-18T10:00:00Z,MUPS-A1,HALL-A,mech,117.72,121.36,39.2,41.1,149.9,100,0,0,6
2026-09-18T11:00:00Z,MUPS-A1,HALL-A,mech,129.63,133.64,43.2,45.2,165.0,100,0,0,6
2026-09-18T12:00:00Z,MUPS-A1,HALL-A,mech,132.56,136.67,44.2,45.1,164.5,100,0,0,6
2026-09-18T13:00:00Z,MUPS-A1,HALL-A,mech,129.38,133.38,43.1,44.8,163.3,100,0,0,6
2026-09-18T14:00:00Z,MUPS-A1,HALL-A,mech,126.23,130.13,42.1,43.0,157.1,100,0,0,6
2026-09-18T15:00:00Z,MUPS-A1,HALL-A,mech,122.28,126.07,40.8,41.8,152.8,100,0,0,6
2026-09-18T16:00:00Z,MUPS-A1,HALL-A,mech,120.07,123.78,40.0,40.7,148.3,100,0,0,6
2026-09-18T17:00:00Z,MUPS-A1,HALL-A,mech,118.81,122.5,39.6,40.1,146.2,100,0,0,6
2026-09-18T18:00:00Z,MUPS-A1,HALL-A,mech,117.61,121.23,39.2,39.5,144.0,100,0,0,6
2026-09-18T19:00:00Z,MUPS-A1,HALL-A,mech,117.53,121.17,39.2,39.7,144.9,100,0,0,6
2026-09-18T20:00:00Z,MUPS-A1,HALL-A,mech,115.83,119.41,38.6,39.3,143.2,100,0,0,6
2026-09-18T21:00:00Z,MUPS-A1,HALL-A,mech,115.6,119.19,38.5,39.0,142.2,100,0,0,6
2026-09-18T22:00:00Z,MUPS-A1,HALL-A,mech,115.82,119.42,38.6,39.2,142.8,100,0,0,6
2026-09-18T23:00:00Z,MUPS-A1,HALL-A,mech,116.15,119.75,38.7,39.6,144.6,100,0,0,6
2026-09-19T00:00:00Z,MUPS-A1,HALL-A,mech,116.25,119.84,38.8,39.3,143.4,100,0,0,6
2026-09-19T01:00:00Z,MUPS-A1,HALL-A,mech,116.24,119.84,38.8,39.2,142.9,100,0,0,6
2026-09-19T02:00:00Z,MUPS-A1,HALL-A,mech,114.51,118.05,38.2,38.6,140.6,100,0,0,6
2026-09-19T03:00:00Z,MUPS-A1,HALL-A,mech,116.32,119.92,38.8,39.5,144.0,100,0,0,6
2026-09-19T04:00:00Z,MUPS-A1,HALL-A,mech,115.79,119.38,38.6,39.3,143.2,100,0,0,6
2026-09-19T05:00:00Z,MUPS-A1,HALL-A,mech,113.59,117.09,37.9,38.5,140.3,100,0,0,6
2026-09-19T06:00:00Z,MUPS-A1,HALL-A,mech,112.44,115.91,37.5,38.1,138.9,100,0,0,6
2026-09-19T07:00:00Z,MUPS-A1,HALL-A,mech,111.19,114.62,37.1,37.5,136.8,100,0,0,6
2026-09-19T08:00:00Z,MUPS-A1,HALL-A,mech,113.63,117.14,37.9,38.8,141.3,100,0,0,6
2026-09-19T09:00:00Z,MUPS-A1,HALL-A,mech,118.28,121.94,39.4,40.4,147.3,100,0,0,6
2026-09-19T10:00:00Z,MUPS-A1,HALL-A,mech,122.29,126.08,40.8,41.3,150.8,100,0,0,6
2026-09-19T11:00:00Z,MUPS-A1,HALL-A,mech,127.55,131.49,42.5,43.6,159.0,100,0,0,6
2026-09-19T12:00:00Z,MUPS-A1,HALL-A,mech,126.08,129.98,42.0,43.0,156.9,100,0,0,6
2026-09-19T13:00:00Z,MUPS-A1,HALL-A,mech,124.84,128.71,41.6,42.5,154.9,100,0,0,6
2026-09-19T14:00:00Z,MUPS-A1,HALL-A,mech,120.54,124.28,40.2,41.1,150.0,100,0,0,6
2026-09-19T15:00:00Z,MUPS-A1,HALL-A,mech,116.66,120.28,38.9,40.2,146.5,100,0,0,6
2026-09-19T16:00:00Z,MUPS-A1,HALL-A,mech,115.55,119.14,38.5,39.0,142.3,100,0,0,6
2026-09-19T17:00:00Z,MUPS-A1,HALL-A,mech,119.71,123.4,39.9,40.5,147.4,100,0,0,6
2026-09-19T18:00:00Z,MUPS-A1,HALL-A,mech,121.38,125.13,40.5,41.3,150.5,100,0,0,6
2026-09-19T19:00:00Z,MUPS-A1,HALL-A,mech,125.6,129.49,41.9,42.3,154.3,100,0,0,6
2026-09-19T20:00:00Z,MUPS-A1,HALL-A,mech,126.98,130.91,42.3,43.0,156.8,100,0,0,6
2026-09-19T21:00:00Z,MUPS-A1,HALL-A,mech,126.77,130.68,42.3,42.9,156.4,100,0,0,6
2026-09-19T22:00:00Z,MUPS-A1,HALL-A,mech,127.14,131.05,42.4,42.8,156.2,100,0,0,6
2026-09-19T23:00:00Z,MUPS-A1,HALL-A,mech,127.38,131.31,42.5,43.2,157.3,100,0,0,6
2026-09-20T00:00:00Z,MUPS-A1,HALL-A,mech,123.96,127.81,41.3,42.9,156.4,100,0,0,6
2026-09-20T01:00:00Z,MUPS-A1,HALL-A,mech,117.03,120.66,39.0,40.1,146.1,100,0,0,6
2026-09-20T02:00:00Z,MUPS-A1,HALL-A,mech,108.03,111.38,36.0,37.5,136.4,100,0,0,6
2026-09-20T03:00:00Z,MUPS-A1,HALL-A,mech,100.05,103.15,33.4,34.9,127.1,100,0,0,6
2026-09-20T04:00:00Z,MUPS-A1,HALL-A,mech,102.07,105.22,34.0,35.7,130.0,100,0,0,6
2026-09-20T05:00:00Z,MUPS-A1,HALL-A,mech,111.88,115.34,37.3,38.9,142.2,100,0,0,6
2026-09-20T06:00:00Z,MUPS-A1,HALL-A,mech,122.0,125.78,40.7,42.1,153.7,100,0,0,6
2026-09-20T07:00:00Z,MUPS-A1,HALL-A,mech,128.83,132.81,42.9,44.0,160.5,100,0,0,6
2026-09-20T08:00:00Z,MUPS-A1,HALL-A,mech,129.2,133.2,43.1,44.6,162.6,100,0,0,6
2026-09-20T09:00:00Z,MUPS-A1,HALL-A,mech,121.99,125.76,40.7,41.7,151.9,100,0,0,6
2026-09-20T10:00:00Z,MUPS-A1,HALL-A,mech,112.76,116.25,37.6,39.0,142.2,100,0,0,6
2026-09-20T11:00:00Z,MUPS-A1,HALL-A,mech,104.22,107.44,34.7,36.6,133.2,100,0,0,6
2026-09-20T12:00:00Z,MUPS-A1,HALL-A,mech,103.6,106.82,34.5,35.9,130.9,100,0,0,6
2026-09-20T13:00:00Z,MUPS-A1,HALL-A,mech,111.85,115.31,37.3,38.5,140.6,100,0,0,6
2026-09-20T14:00:00Z,MUPS-A1,HALL-A,mech,117.45,121.08,39.2,39.8,145.3,100,0,0,6
2026-09-20T15:00:00Z,MUPS-A1,HALL-A,mech,124.49,128.34,41.5,43.0,156.8,100,0,0,6
2026-09-20T16:00:00Z,MUPS-A1,HALL-A,mech,127.38,131.32,42.5,43.2,157.6,100,0,0,6
2026-09-20T17:00:00Z,MUPS-A1,HALL-A,mech,127.78,131.74,42.6,43.3,157.8,100,0,0,6
2026-09-20T18:00:00Z,MUPS-A1,HALL-A,mech,126.51,130.42,42.2,42.8,155.8,100,0,0,6
2026-09-20T19:00:00Z,MUPS-A1,HALL-A,mech,126.86,130.77,42.3,43.1,157.1,100,0,0,6
2026-09-20T20:00:00Z,MUPS-A1,HALL-A,mech,123.95,127.78,41.3,42.5,154.7,100,0,0,6
2026-09-20T21:00:00Z,MUPS-A1,HALL-A,mech,118.71,122.37,39.6,40.5,147.7,100,0,0,6
2026-09-20T22:00:00Z,MUPS-A1,HALL-A,mech,112.44,115.92,37.5,38.7,141.2,100,0,0,6
2026-09-20T23:00:00Z,MUPS-A1,HALL-A,mech,107.64,110.97,35.9,36.9,134.5,100,0,0,6
2026-09-21T00:00:00Z,MUPS-A1,HALL-A,mech,103.95,107.16,34.7,35.0,127.7,100,0,0,6
2026-09-21T01:00:00Z,MUPS-A1,HALL-A,mech,103.73,106.93,34.6,35.0,127.4,100,0,0,6
2026-09-21T02:00:00Z,MUPS-A1,HALL-A,mech,103.52,106.72,34.5,35.1,128.1,100,0,0,6
2026-09-21T03:00:00Z,MUPS-A1,HALL-A,mech,105.64,108.91,35.2,35.9,131.0,100,0,0,6
2026-09-21T04:00:00Z,MUPS-A1,HALL-A,mech,108.03,111.37,36.0,36.5,133.1,100,0,0,6
2026-09-21T05:00:00Z,MUPS-A1,HALL-A,mech,112.53,116.02,37.5,38.0,138.6,100,0,0,6
2026-09-21T06:00:00Z,MUPS-A1,HALL-A,mech,116.52,120.14,38.8,39.7,144.6,100,0,0,6
2026-09-21T07:00:00Z,MUPS-A1,HALL-A,mech,119.45,123.14,39.8,40.3,147.1,100,0,0,6
2026-09-21T08:00:00Z,MUPS-A1,HALL-A,mech,121.28,125.03,40.4,40.9,148.9,100,0,0,6
2026-09-21T09:00:00Z,MUPS-A1,HALL-A,mech,121.62,125.38,40.5,41.3,150.3,100,0,0,6
2026-09-21T10:00:00Z,MUPS-A1,HALL-A,mech,123.03,126.83,41.0,41.4,151.0,100,0,0,6
2026-09-21T11:00:00Z,MUPS-A1,HALL-A,mech,123.63,127.45,41.2,41.9,152.4,100,0,0,6
2026-09-21T12:00:00Z,MUPS-A1,HALL-A,mech,123.84,127.66,41.3,41.7,152.0,100,0,0,6
2026-09-21T13:00:00Z,MUPS-A1,HALL-A,mech,125.41,129.3,41.8,42.6,155.4,100,0,0,6
2026-09-21T14:00:00Z,MUPS-A1,HALL-A,mech,126.2,130.1,42.1,42.6,155.6,100,0,0,6
2026-09-21T15:00:00Z,MUPS-A1,HALL-A,mech,128.43,132.41,42.8,43.3,157.8,100,0,0,6
2026-09-21T16:00:00Z,MUPS-A1,HALL-A,mech,124.84,128.7,41.6,43.9,160.0,100,0,0,6
2026-09-21T17:00:00Z,MUPS-A1,HALL-A,mech,116.28,119.86,38.8,40.4,147.2,100,0,0,6
2026-09-21T18:00:00Z,MUPS-A1,HALL-A,mech,108.87,112.24,36.3,37.7,137.2,100,0,0,6
2026-09-21T19:00:00Z,MUPS-A1,HALL-A,mech,99.71,102.8,33.2,34.6,126.3,100,0,0,6
2026-09-21T20:00:00Z,MUPS-A1,HALL-A,mech,97.8,100.83,32.6,33.8,123.1,100,0,0,6
2026-09-21T21:00:00Z,MUPS-A1,HALL-A,mech,103.25,106.45,34.4,35.3,128.6,100,0,0,6
2026-09-21T22:00:00Z,MUPS-A1,HALL-A,mech,107.11,110.41,35.7,36.4,132.5,100,0,0,6
2026-09-21T23:00:00Z,MUPS-A1,HALL-A,mech,112.75,116.24,37.6,39.2,143.1,100,0,0,6
2026-09-22T00:00:00Z,MUPS-A1,HALL-A,mech,115.59,119.16,38.5,39.6,144.5,100,0,0,6
2026-09-22T01:00:00Z,MUPS-A1,HALL-A,mech,112.6,116.09,37.5,38.0,138.6,100,0,0,6
2026-09-22T02:00:00Z,MUPS-A1,HALL-A,mech,109.91,113.31,36.6,37.2,135.6,100,0,0,6
2026-09-22T03:00:00Z,MUPS-A1,HALL-A,mech,109.53,112.92,36.5,37.1,135.2,100,0,0,6
2026-09-22T04:00:00Z,MUPS-A1,HALL-A,mech,110.95,114.39,37.0,37.8,137.8,100,0,0,6
2026-09-22T05:00:00Z,MUPS-A1,HALL-A,mech,113.95,117.47,38.0,38.6,140.6,100,0,0,6
2026-09-22T06:00:00Z,MUPS-A1,HALL-A,mech,118.42,122.07,39.5,40.7,148.4,100,0,0,6
2026-09-22T07:00:00Z,MUPS-A1,HALL-A,mech,121.64,125.39,40.5,41.2,150.4,100,0,0,6
2026-09-22T08:00:00Z,MUPS-A1,HALL-A,mech,122.78,126.58,40.9,41.3,150.5,100,0,0,6
2026-09-22T09:00:00Z,MUPS-A1,HALL-A,mech,121.99,125.77,40.7,41.3,150.5,100,0,0,6
2026-09-22T10:00:00Z,MUPS-A1,HALL-A,mech,120.09,123.79,40.0,40.4,147.2,100,0,0,6
2026-09-22T11:00:00Z,MUPS-A1,HALL-A,mech,118.84,122.53,39.6,40.2,146.5,100,0,0,6
2026-09-22T12:00:00Z,MUPS-A1,HALL-A,mech,117.63,121.27,39.2,40.1,146.1,100,0,0,6
2026-09-22T13:00:00Z,MUPS-A1,HALL-A,mech,109.96,113.36,36.6,37.8,138.0,100,0,0,6
2026-09-22T14:00:00Z,MUPS-A1,HALL-A,mech,104.97,108.21,35.0,35.6,129.9,100,0,0,6
2026-09-22T15:00:00Z,MUPS-A1,HALL-A,mech,98.75,101.81,32.9,34.2,124.7,100,0,0,6
2026-09-22T16:00:00Z,MUPS-A1,HALL-A,mech,97.42,100.43,32.5,33.0,120.1,100,0,0,6
2026-09-22T17:00:00Z,MUPS-A1,HALL-A,mech,100.53,103.63,33.5,34.1,124.4,100,0,0,6
2026-09-22T18:00:00Z,MUPS-A1,HALL-A,mech,103.72,106.92,34.6,35.1,128.0,100,0,0,6
2026-09-22T19:00:00Z,MUPS-A1,HALL-A,mech,107.06,110.37,35.7,36.5,133.1,100,0,0,6
2026-09-22T20:00:00Z,MUPS-A1,HALL-A,mech,110.28,113.69,36.8,37.4,136.4,100,0,0,6
2026-09-22T21:00:00Z,MUPS-A1,HALL-A,mech,110.81,114.22,36.9,37.3,135.7,100,0,0,6
2026-09-22T22:00:00Z,MUPS-A1,HALL-A,mech,112.81,116.31,37.6,38.1,139.1,100,0,0,6
2026-09-22T23:00:00Z,MUPS-A1,HALL-A,mech,114.73,118.28,38.2,38.7,140.9,100,0,0,6
2026-09-23T00:00:00Z,MUPS-A1,HALL-A,mech,111.83,115.29,37.3,38.4,139.8,100,0,0,6
2026-09-23T01:00:00Z,MUPS-A1,HALL-A,mech,109.23,112.61,36.4,37.2,135.7,100,0,0,6
2026-09-23T02:00:00Z,MUPS-A1,HALL-A,mech,108.02,111.34,36.0,36.4,132.5,100,0,0,6
2026-09-23T03:00:00Z,MUPS-A1,HALL-A,mech,107.32,110.62,35.8,36.1,131.6,100,0,0,6
2026-09-23T04:00:00Z,MUPS-A1,HALL-A,mech,105.93,109.2,35.3,36.0,131.1,100,0,0,6
2026-09-23T05:00:00Z,MUPS-A1,HALL-A,mech,105.31,108.57,35.1,35.9,131.2,100,0,0,6
2026-09-23T06:00:00Z,MUPS-A1,HALL-A,mech,105.61,108.86,35.2,36.1,131.6,100,0,0,6
2026-09-23T07:00:00Z,MUPS-A1,HALL-A,mech,103.24,106.44,34.4,34.9,127.4,100,0,0,6
2026-09-23T08:00:00Z,MUPS-A1,HALL-A,mech,105.56,108.81,35.2,36.2,131.9,100,0,0,6
2026-09-23T09:00:00Z,MUPS-A1,HALL-A,mech,107.4,110.72,35.8,36.4,132.6,100,0,0,6
2026-09-23T10:00:00Z,MUPS-A1,HALL-A,mech,108.92,112.3,36.3,37.0,134.9,100,0,0,6
2026-09-23T11:00:00Z,MUPS-A1,HALL-A,mech,111.97,115.44,37.3,37.8,138.0,100,0,0,6
2026-09-23T12:00:00Z,MUPS-A1,HALL-A,mech,113.57,117.08,37.9,38.7,141.0,100,0,0,6
2026-09-23T13:00:00Z,MUPS-A1,HALL-A,mech,114.93,118.47,38.3,39.3,143.0,100,0,0,6
2026-09-23T14:00:00Z,MUPS-A1,HALL-A,mech,117.61,121.24,39.2,40.3,146.9,100,0,0,6
2026-09-23T15:00:00Z,MUPS-A1,HALL-A,mech,119.56,123.27,39.9,40.5,147.5,100,0,0,6
2026-09-23T16:00:00Z,MUPS-A1,HALL-A,mech,117.95,121.6,39.3,40.9,149.1,100,0,0,6
2026-09-23T17:00:00Z,MUPS-A1,HALL-A,mech,109.43,112.8,36.5,37.7,137.6,100,0,0,6
2026-09-23T18:00:00Z,MUPS-A1,HALL-A,mech,102.32,105.49,34.1,34.9,127.3,100,0,0,6
2026-09-23T19:00:00Z,MUPS-A1,HALL-A,mech,95.71,98.67,31.9,33.5,122.3,100,0,0,6
2026-09-23T20:00:00Z,MUPS-A1,HALL-A,mech,96.55,99.54,32.2,33.3,121.5,100,0,0,6
2026-09-23T21:00:00Z,MUPS-A1,HALL-A,mech,103.14,106.33,34.4,36.0,131.1,100,0,0,6
2026-09-23T22:00:00Z,MUPS-A1,HALL-A,mech,110.68,114.1,36.9,38.1,138.9,100,0,0,6
2026-09-23T23:00:00Z,MUPS-A1,HALL-A,mech,116.78,120.39,38.9,40.2,146.5,100,0,0,6
2026-09-24T00:00:00Z,MUPS-A1,HALL-A,mech,119.33,123.02,39.8,40.5,147.5,100,0,0,6
2026-09-24T01:00:00Z,MUPS-A1,HALL-A,mech,118.57,122.25,39.5,40.0,145.8,100,0,0,6
2026-09-24T02:00:00Z,MUPS-A1,HALL-A,mech,117.72,121.34,39.2,39.5,144.1,100,0,0,6
2026-09-24T03:00:00Z,MUPS-A1,HALL-A,mech,116.34,119.93,38.8,39.5,143.9,100,0,0,6
2026-09-24T04:00:00Z,MUPS-A1,HALL-A,mech,116.41,120.01,38.8,39.2,142.8,100,0,0,6
2026-09-24T05:00:00Z,MUPS-A1,HALL-A,mech,115.61,119.19,38.5,39.0,142.2,100,0,0,6
2026-09-24T06:00:00Z,MUPS-A1,HALL-A,mech,116.22,119.83,38.7,39.2,142.7,100,0,0,6
2026-09-24T07:00:00Z,MUPS-A1,HALL-A,mech,114.77,118.34,38.3,38.5,140.4,100,0,0,6
2026-09-24T08:00:00Z,MUPS-A1,HALL-A,mech,116.08,119.68,38.7,39.2,142.8,100,0,0,6
2026-09-24T09:00:00Z,MUPS-A1,HALL-A,mech,119.13,122.83,39.7,40.0,146.0,100,0,0,6
2026-09-24T10:00:00Z,MUPS-A1,HALL-A,mech,122.24,126.0,40.7,42.2,153.9,100,0,0,6
2026-09-24T11:00:00Z,MUPS-A1,HALL-A,mech,124.09,127.93,41.4,41.7,151.9,100,0,0,6
2026-09-24T12:00:00Z,MUPS-A1,HALL-A,mech,122.37,126.15,40.8,41.7,152.2,100,0,0,6
2026-09-24T13:00:00Z,MUPS-A1,HALL-A,mech,120.36,124.08,40.1,40.6,148.0,100,0,0,6
2026-09-24T14:00:00Z,MUPS-A1,HALL-A,mech,115.35,118.91,38.4,39.4,143.5,100,0,0,6
2026-09-24T15:00:00Z,MUPS-A1,HALL-A,mech,112.87,116.34,37.6,38.3,139.6,100,0,0,6
2026-09-24T16:00:00Z,MUPS-A1,HALL-A,mech,109.08,112.46,36.4,37.0,135.1,100,0,0,6
2026-09-24T17:00:00Z,MUPS-A1,HALL-A,mech,108.63,112.0,36.2,36.6,133.4,100,0,0,6
2026-09-24T18:00:00Z,MUPS-A1,HALL-A,mech,105.33,108.59,35.1,35.8,130.6,100,0,0,6
2026-09-24T19:00:00Z,MUPS-A1,HALL-A,mech,104.14,107.36,34.7,35.3,128.8,100,0,0,6
2026-09-24T20:00:00Z,MUPS-A1,HALL-A,mech,103.31,106.52,34.4,35.2,128.3,100,0,0,6
2026-09-24T21:00:00Z,MUPS-A1,HALL-A,mech,104.25,107.47,34.8,35.4,129.0,98,0,14,6
2026-09-24T22:00:00Z,MUPS-A1,HALL-A,mech,102.95,106.15,34.3,34.7,126.6,100,0,0,6
2026-09-24T23:00:00Z,MUPS-A1,HALL-A,mech,103.36,106.56,34.5,35.0,127.7,100,0,0,6
2026-09-25T00:00:00Z,MUPS-A1,HALL-A,mech,104.17,107.39,34.7,35.7,130.1,100,0,0,6
2026-09-25T01:00:00Z,MUPS-A1,HALL-A,mech,106.87,110.17,35.6,35.9,130.8,100,0,0,6
2026-09-25T02:00:00Z,MUPS-A1,HALL-A,mech,109.23,112.61,36.4,37.0,135.0,100,0,0,6
2026-09-25T03:00:00Z,MUPS-A1,HALL-A,mech,113.31,116.83,37.8,38.6,140.7,100,0,0,6
2026-09-25T04:00:00Z,MUPS-A1,HALL-A,mech,112.5,116.0,37.5,38.1,138.7,100,0,0,6
2026-09-25T05:00:00Z,MUPS-A1,HALL-A,mech,114.77,118.31,38.3,38.9,142.0,100,0,0,6
2026-09-25T06:00:00Z,MUPS-A1,HALL-A,mech,115.92,119.52,38.6,39.2,143.1,100,0,0,6
2026-09-25T07:00:00Z,MUPS-A1,HALL-A,mech,115.68,119.26,38.6,38.9,142.0,100,0,0,6
2026-09-25T08:00:00Z,MUPS-A1,HALL-A,mech,119.22,122.9,39.7,40.5,147.6,100,0,0,6
2026-09-25T09:00:00Z,MUPS-A1,HALL-A,mech,121.96,125.74,40.6,41.7,151.9,100,0,0,6
2026-09-25T10:00:00Z,MUPS-A1,HALL-A,mech,126.6,130.52,42.2,43.4,158.4,100,0,0,6
2026-09-25T11:00:00Z,MUPS-A1,HALL-A,mech,130.17,134.2,43.4,45.0,163.8,100,0,0,6
2026-09-25T12:00:00Z,MUPS-A1,HALL-A,mech,132.26,136.37,44.1,44.9,163.8,100,0,0,6
2026-09-25T13:00:00Z,MUPS-A1,HALL-A,mech,130.87,134.93,43.6,44.1,160.8,100,0,0,6
2026-09-25T14:00:00Z,MUPS-A1,HALL-A,mech,129.51,133.53,43.2,44.0,160.4,100,0,0,6
2026-09-25T15:00:00Z,MUPS-A1,HALL-A,mech,126.55,130.46,42.2,42.9,156.2,100,0,0,6
2026-09-25T16:00:00Z,MUPS-A1,HALL-A,mech,122.98,126.79,41.0,42.0,153.3,100,0,0,6
2026-09-25T17:00:00Z,MUPS-A1,HALL-A,mech,117.72,121.36,39.2,40.6,147.9,100,0,0,6
2026-09-25T18:00:00Z,MUPS-A1,HALL-A,mech,112.69,116.19,37.6,38.4,139.9,100,0,0,6
2026-09-25T19:00:00Z,MUPS-A1,HALL-A,mech,108.8,112.16,36.3,37.8,138.0,100,0,0,6
2026-09-25T20:00:00Z,MUPS-A1,HALL-A,mech,106.11,109.41,35.4,35.9,131.0,100,0,0,6
2026-09-25T21:00:00Z,MUPS-A1,HALL-A,mech,108.58,111.94,36.2,36.6,133.4,100,0,0,6
2026-09-25T22:00:00Z,MUPS-A1,HALL-A,mech,109.15,112.52,36.4,37.1,135.3,100,0,0,6
2026-09-25T23:00:00Z,MUPS-A1,HALL-A,mech,112.39,115.85,37.5,38.3,139.6,100,0,0,6
2026-09-26T00:00:00Z,MUPS-A1,HALL-A,mech,114.38,117.91,38.1,38.5,140.4,100,0,0,6
2026-09-26T01:00:00Z,MUPS-A1,HALL-A,mech,113.33,116.83,37.8,38.5,140.4,100,0,0,6
2026-09-26T02:00:00Z,MUPS-A1,HALL-A,mech,114.94,118.5,38.3,38.6,140.8,100,0,0,6
2026-09-26T03:00:00Z,MUPS-A1,HALL-A,mech,115.39,118.97,38.5,38.9,141.6,100,0,0,6
2026-09-26T04:00:00Z,MUPS-A1,HALL-A,mech,116.43,120.05,38.8,39.7,144.6,100,0,0,6
2026-09-26T05:00:00Z,MUPS-A1,HALL-A,mech,115.96,119.54,38.7,39.4,143.6,100,0,0,6
2026-09-26T06:00:00Z,MUPS-A1,HALL-A,mech,115.98,119.58,38.7,39.6,144.0,100,0,0,6
2026-09-26T07:00:00Z,MUPS-A1,HALL-A,mech,116.95,120.56,39.0,39.7,144.7,100,0,0,6
2026-09-26T08:00:00Z,MUPS-A1,HALL-A,mech,115.13,118.71,38.4,38.8,141.4,100,0,0,6
2026-09-26T09:00:00Z,MUPS-A1,HALL-A,mech,112.72,116.19,37.6,38.5,140.7,100,0,0,6
2026-09-26T10:00:00Z,MUPS-A1,HALL-A,mech,110.77,114.2,36.9,37.4,136.3,100,0,0,6
2026-09-26T11:00:00Z,MUPS-A1,HALL-A,mech,107.03,110.33,35.7,36.3,132.2,100,0,0,6
2026-09-26T12:00:00Z,MUPS-A1,HALL-A,mech,108.02,111.36,36.0,36.8,134.2,100,0,0,6
2026-09-26T13:00:00Z,MUPS-A1,HALL-A,mech,112.69,116.19,37.6,38.7,140.9,100,0,0,6
2026-09-26T14:00:00Z,MUPS-A1,HALL-A,mech,115.19,118.76,38.4,39.0,142.1,100,0,0,6
2026-09-26T15:00:00Z,MUPS-A1,HALL-A,mech,119.21,122.89,39.7,40.4,147.2,100,0,0,6
2026-09-26T16:00:00Z,MUPS-A1,HALL-A,mech,118.92,122.61,39.6,40.0,145.8,100,0,0,6
2026-09-26T17:00:00Z,MUPS-A1,HALL-A,mech,116.7,120.29,38.9,39.6,144.4,100,0,0,6
2026-09-26T18:00:00Z,MUPS-A1,HALL-A,mech,111.41,114.84,37.1,37.7,137.2,100,0,0,6
2026-09-26T19:00:00Z,MUPS-A1,HALL-A,mech,109.71,113.1,36.6,37.5,136.6,100,0,0,6
2026-09-26T20:00:00Z,MUPS-A1,HALL-A,mech,105.81,109.08,35.3,36.2,132.1,100,0,0,6
2026-09-26T21:00:00Z,MUPS-A1,HALL-A,mech,102.0,105.16,34.0,34.8,127.1,100,0,0,6
2026-09-26T22:00:00Z,MUPS-A1,HALL-A,mech,97.69,100.71,32.6,33.2,121.0,100,0,0,6
2026-09-26T23:00:00Z,MUPS-A1,HALL-A,mech,93.96,96.87,31.3,32.2,117.3,100,0,0,6
2026-09-27T00:00:00Z,MUPS-A1,HALL-A,mech,92.39,95.26,30.8,31.1,113.3,100,0,0,6
2026-09-27T01:00:00Z,MUPS-A1,HALL-A,mech,92.38,95.25,30.8,31.2,113.7,100,0,0,6
2026-09-27T02:00:00Z,MUPS-A1,HALL-A,mech,92.92,95.82,31.0,31.2,113.8,100,0,0,6
2026-09-27T03:00:00Z,MUPS-A1,HALL-A,mech,94.34,97.26,31.4,32.2,117.4,100,0,0,6
2026-09-27T04:00:00Z,MUPS-A1,HALL-A,mech,96.94,99.95,32.3,33.3,121.5,100,0,0,6
2026-09-27T05:00:00Z,MUPS-A1,HALL-A,mech,102.22,105.4,34.1,35.5,129.5,100,0,0,6
2026-09-27T06:00:00Z,MUPS-A1,HALL-A,mech,108.57,111.93,36.2,37.1,135.3,100,0,0,6
2026-09-27T07:00:00Z,MUPS-A1,HALL-A,mech,116.04,119.61,38.7,39.4,143.8,100,0,0,6
2026-09-27T08:00:00Z,MUPS-A1,HALL-A,mech,118.02,121.66,39.3,40.0,145.7,100,0,0,6
2026-09-27T09:00:00Z,MUPS-A1,HALL-A,mech,122.58,126.36,40.9,41.6,151.7,100,0,0,6
2026-09-27T10:00:00Z,MUPS-A1,HALL-A,mech,123.01,126.81,41.0,41.7,151.9,100,0,0,6
2026-09-27T11:00:00Z,MUPS-A1,HALL-A,mech,126.91,130.83,42.3,43.0,156.7,100,0,0,6
2026-09-27T12:00:00Z,MUPS-A1,HALL-A,mech,127.13,131.06,42.4,43.1,156.9,100,0,0,6
2026-09-27T13:00:00Z,MUPS-A1,HALL-A,mech,126.15,130.05,42.0,42.8,155.9,100,0,0,6
2026-09-27T14:00:00Z,MUPS-A1,HALL-A,mech,124.02,127.85,41.3,42.1,153.4,100,0,0,6
2026-09-27T15:00:00Z,MUPS-A1,HALL-A,mech,123.89,127.7,41.3,41.8,152.0,100,0,0,6
2026-09-27T16:00:00Z,MUPS-A1,HALL-A,mech,121.75,125.52,40.6,42.0,153.0,100,0,0,6
2026-09-27T17:00:00Z,MUPS-A1,HALL-A,mech,117.83,121.47,39.3,39.8,145.2,100,0,0,6
2026-09-27T18:00:00Z,MUPS-A1,HALL-A,mech,112.31,115.77,37.4,38.2,139.5,100,0,0,6
2026-09-27T19:00:00Z,MUPS-A1,HALL-A,mech,107.51,110.84,35.8,36.8,134.3,100,0,0,6
2026-09-27T20:00:00Z,MUPS-A1,HALL-A,mech,106.63,109.93,35.5,36.5,133.1,100,0,0,6
2026-09-27T21:00:00Z,MUPS-A1,HALL-A,mech,107.14,110.44,35.7,36.0,131.1,100,0,0,6
2026-09-27T22:00:00Z,MUPS-A1,HALL-A,mech,107.6,110.91,35.9,36.4,132.9,100,0,0,6
2026-09-27T23:00:00Z,MUPS-A1,HALL-A,mech,107.14,110.45,35.7,36.2,131.9,100,0,0,6
2026-08-31T00:00:00Z,MUPS-A2,HALL-A,mech,106.96,110.27,35.7,36.5,132.9,100,0,0,6
2026-08-31T01:00:00Z,MUPS-A2,HALL-A,mech,107.6,110.92,35.9,36.4,132.6,100,0,0,6
2026-08-31T02:00:00Z,MUPS-A2,HALL-A,mech,109.44,112.83,36.5,37.0,134.6,100,0,0,6
2026-08-31T03:00:00Z,MUPS-A2,HALL-A,mech,110.92,114.34,37.0,37.4,136.3,100,0,0,6
2026-08-31T04:00:00Z,MUPS-A2,HALL-A,mech,109.56,112.95,36.5,37.3,135.9,100,0,0,6
2026-08-31T05:00:00Z,MUPS-A2,HALL-A,mech,107.68,111.02,35.9,36.7,133.8,100,0,0,6
2026-08-31T06:00:00Z,MUPS-A2,HALL-A,mech,104.7,107.92,34.9,35.5,129.5,100,0,0,6
2026-08-31T07:00:00Z,MUPS-A2,HALL-A,mech,102.81,106.0,34.3,34.9,127.0,100,0,0,6
2026-08-31T08:00:00Z,MUPS-A2,HALL-A,mech,104.55,107.79,34.8,35.6,129.7,100,0,0,6
2026-08-31T09:00:00Z,MUPS-A2,HALL-A,mech,108.17,111.51,36.1,36.9,134.5,100,0,0,6
2026-08-31T10:00:00Z,MUPS-A2,HALL-A,mech,113.63,117.15,37.9,38.9,141.8,100,0,0,6
2026-08-31T11:00:00Z,MUPS-A2,HALL-A,mech,116.95,120.56,39.0,39.6,144.2,100,0,0,6
2026-08-31T12:00:00Z,MUPS-A2,HALL-A,mech,122.14,125.92,40.7,41.8,152.2,100,0,0,6
2026-08-31T13:00:00Z,MUPS-A2,HALL-A,mech,124.89,128.76,41.6,42.3,154.2,100,0,0,6
2026-08-31T14:00:00Z,MUPS-A2,HALL-A,mech,127.83,131.78,42.6,43.3,157.8,100,0,0,6
2026-08-31T15:00:00Z,MUPS-A2,HALL-A,mech,130.88,134.93,43.6,44.2,161.2,100,0,0,6
2026-08-31T16:00:00Z,MUPS-A2,HALL-A,mech,129.71,133.72,43.2,44.4,162.0,100,0,0,6
2026-08-31T17:00:00Z,MUPS-A2,HALL-A,mech,126.3,130.2,42.1,43.0,156.7,100,0,0,6
2026-08-31T18:00:00Z,MUPS-A2,HALL-A,mech,120.1,123.81,40.0,41.0,149.4,100,0,0,6
2026-08-31T19:00:00Z,MUPS-A2,HALL-A,mech,114.75,118.3,38.3,39.4,143.4,100,0,0,6
2026-08-31T20:00:00Z,MUPS-A2,HALL-A,mech,112.5,115.98,37.5,38.1,139.1,100,0,0,6
2026-08-31T21:00:00Z,MUPS-A2,HALL-A,mech,113.92,117.42,38.0,38.4,140.0,100,0,0,6
2026-08-31T22:00:00Z,MUPS-A2,HALL-A,mech,113.14,116.63,37.7,38.2,139.1,100,0,0,6
2026-08-31T23:00:00Z,MUPS-A2,HALL-A,mech,112.94,116.44,37.6,38.2,139.3,100,0,0,6
2026-09-01T00:00:00Z,MUPS-A2,HALL-A,mech,112.57,116.07,37.5,38.3,139.7,100,0,0,6
2026-09-01T01:00:00Z,MUPS-A2,HALL-A,mech,109.54,112.94,36.5,37.4,136.4,100,0,0,6
2026-09-01T02:00:00Z,MUPS-A2,HALL-A,mech,107.28,110.59,35.8,36.4,132.7,100,0,0,6
2026-09-01T03:00:00Z,MUPS-A2,HALL-A,mech,104.97,108.2,35.0,35.6,129.9,100,0,0,6
2026-09-01T04:00:00Z,MUPS-A2,HALL-A,mech,104.56,107.78,34.9,35.3,128.7,100,0,0,6
2026-09-01T05:00:00Z,MUPS-A2,HALL-A,mech,106.72,110.02,35.6,35.9,131.0,100,0,0,6
2026-09-01T06:00:00Z,MUPS-A2,HALL-A,mech,106.97,110.27,35.7,36.0,131.3,100,0,0,6
2026-09-01T07:00:00Z,MUPS-A2,HALL-A,mech,108.21,111.56,36.1,36.5,133.0,100,0,0,6
2026-09-01T08:00:00Z,MUPS-A2,HALL-A,mech,108.7,112.06,36.2,36.8,134.4,100,0,0,6
2026-09-01T09:00:00Z,MUPS-A2,HALL-A,mech,107.42,110.73,35.8,36.4,132.9,100,0,0,6
2026-09-01T10:00:00Z,MUPS-A2,HALL-A,mech,107.45,110.75,35.8,36.3,132.2,100,0,0,6
2026-09-01T11:00:00Z,MUPS-A2,HALL-A,mech,106.97,110.27,35.7,36.1,131.9,100,0,0,6
2026-09-01T12:00:00Z,MUPS-A2,HALL-A,mech,106.33,109.61,35.4,36.0,131.2,100,0,0,6
2026-09-01T13:00:00Z,MUPS-A2,HALL-A,mech,104.53,107.74,34.8,35.1,128.2,100,0,0,6
2026-09-01T14:00:00Z,MUPS-A2,HALL-A,mech,103.46,106.67,34.5,35.3,128.5,100,0,0,6
2026-09-01T15:00:00Z,MUPS-A2,HALL-A,mech,100.46,103.57,33.5,34.0,124.1,100,0,0,6
2026-09-01T16:00:00Z,MUPS-A2,HALL-A,mech,99.11,102.17,33.0,33.6,122.6,100,0,0,6
2026-09-01T17:00:00Z,MUPS-A2,HALL-A,mech,97.28,100.28,32.4,33.0,120.6,100,0,0,6
2026-09-01T18:00:00Z,MUPS-A2,HALL-A,mech,94.21,97.11,31.4,31.8,116.1,100,0,0,6
2026-09-01T19:00:00Z,MUPS-A2,HALL-A,mech,91.96,94.81,30.7,31.1,113.4,100,0,0,6
2026-09-01T20:00:00Z,MUPS-A2,HALL-A,mech,91.72,94.54,30.6,30.9,112.8,100,0,0,6
2026-09-01T21:00:00Z,MUPS-A2,HALL-A,mech,93.06,95.93,31.0,31.7,115.8,100,0,0,6
2026-09-01T22:00:00Z,MUPS-A2,HALL-A,mech,96.71,99.7,32.2,32.8,119.8,100,0,0,6
2026-09-01T23:00:00Z,MUPS-A2,HALL-A,mech,99.93,103.01,33.3,33.9,123.5,100,0,0,6
2026-09-02T00:00:00Z,MUPS-A2,HALL-A,mech,103.34,106.54,34.4,35.4,129.0,100,0,0,6
2026-09-02T01:00:00Z,MUPS-A2,HALL-A,mech,107.87,111.2,36.0,36.9,134.8,100,0,0,6
2026-09-02T02:00:00Z,MUPS-A2,HALL-A,mech,113.78,117.3,37.9,39.3,143.2,100,0,0,6
2026-09-02T03:00:00Z,MUPS-A2,HALL-A,mech,118.87,122.53,39.6,40.6,148.1,100,0,0,6
2026-09-02T04:00:00Z,MUPS-A2,HALL-A,mech,118.31,121.97,39.4,40.5,147.6,100,0,0,6
2026-09-02T05:00:00Z,MUPS-A2,HALL-A,mech,112.89,116.37,37.6,38.5,140.4,100,0,0,6
2026-09-02T06:00:00Z,MUPS-A2,HALL-A,mech,108.87,112.23,36.3,37.0,135.1,100,0,0,6
2026-09-02T07:00:00Z,MUPS-A2,HALL-A,mech,103.72,106.92,34.6,35.7,130.0,100,0,0,6
2026-09-02T08:00:00Z,MUPS-A2,HALL-A,mech,103.03,106.22,34.3,35.5,129.2,100,0,0,6
2026-09-02T09:00:00Z,MUPS-A2,HALL-A,mech,109.12,112.5,36.4,37.5,136.7,100,0,0,6
2026-09-02T10:00:00Z,MUPS-A2,HALL-A,mech,114.51,118.06,38.2,39.1,142.7,100,0,0,6
2026-09-02T11:00:00Z,MUPS-A2,HALL-A,mech,119.84,123.55,39.9,41.0,149.4,100,0,0,6
2026-09-02T12:00:00Z,MUPS-A2,HALL-A,mech,118.4,122.06,39.5,40.7,148.2,100,0,0,6
2026-09-02T13:00:00Z,MUPS-A2,HALL-A,mech,110.44,113.85,36.8,38.6,140.9,100,0,0,6
2026-09-02T14:00:00Z,MUPS-A2,HALL-A,mech,104.19,107.42,34.7,35.9,131.1,100,0,0,6
2026-09-02T15:00:00Z,MUPS-A2,HALL-A,mech,96.8,99.79,32.3,33.2,121.3,100,0,0,6
2026-09-02T16:00:00Z,MUPS-A2,HALL-A,mech,94.34,97.24,31.4,31.8,115.8,100,0,0,6
2026-09-02T17:00:00Z,MUPS-A2,HALL-A,mech,95.35,98.32,31.8,32.2,117.3,100,0,0,6
2026-09-02T18:00:00Z,MUPS-A2,HALL-A,mech,96.05,99.03,32.0,32.5,118.5,100,0,0,6
2026-09-02T19:00:00Z,MUPS-A2,HALL-A,mech,96.69,99.68,32.2,33.0,120.2,100,0,0,6
2026-09-02T20:00:00Z,MUPS-A2,HALL-A,mech,100.38,103.48,33.5,34.8,126.8,100,0,0,6
2026-09-02T21:00:00Z,MUPS-A2,HALL-A,mech,108.07,111.42,36.0,37.2,135.7,100,0,0,6
2026-09-02T22:00:00Z,MUPS-A2,HALL-A,mech,116.46,120.04,38.8,40.4,147.1,100,0,0,6
2026-09-02T23:00:00Z,MUPS-A2,HALL-A,mech,123.96,127.78,41.3,42.3,154.4,100,0,0,6
2026-09-03T00:00:00Z,MUPS-A2,HALL-A,mech,127.77,131.72,42.6,43.0,156.6,100,0,0,6
2026-09-03T01:00:00Z,MUPS-A2,HALL-A,mech,127.24,131.17,42.4,43.1,157.1,100,0,0,6
2026-09-03T02:00:00Z,MUPS-A2,HALL-A,mech,124.17,128.01,41.4,41.8,152.2,100,0,0,6
2026-09-03T03:00:00Z,MUPS-A2,HALL-A,mech,121.64,125.39,40.5,41.8,152.2,100,0,0,6
2026-09-03T04:00:00Z,MUPS-A2,HALL-A,mech,120.65,124.37,40.2,40.8,148.7,100,0,0,6
2026-09-03T05:00:00Z,MUPS-A2,HALL-A,mech,118.89,122.56,39.6,40.3,147.0,100,0,0,6
2026-09-03T06:00:00Z,MUPS-A2,HALL-A,mech,118.78,122.47,39.6,40.0,145.7,100,0,0,6
2026-09-03T07:00:00Z,MUPS-A2,HALL-A,mech,118.57,122.25,39.5,39.9,145.4,100,0,0,6
2026-09-03T08:00:00Z,MUPS-A2,HALL-A,mech,113.64,117.16,37.9,39.0,142.0,100,0,0,6
2026-09-03T09:00:00Z,MUPS-A2,HALL-A,mech,108.55,111.91,36.2,37.2,135.6,100,0,0,6
2026-09-03T10:00:00Z,MUPS-A2,HALL-A,mech,101.47,104.61,33.8,35.0,127.7,100,0,0,6
2026-09-03T11:00:00Z,MUPS-A2,HALL-A,mech,96.93,99.91,32.3,33.0,120.2,100,0,0,6
2026-09-03T12:00:00Z,MUPS-A2,HALL-A,mech,95.31,98.25,31.8,32.6,119.1,100,0,0,6
2026-09-03T13:00:00Z,MUPS-A2,HALL-A,mech,98.91,101.97,33.0,33.6,122.4,100,0,0,6
2026-09-03T14:00:00Z,MUPS-A2,HALL-A,mech,102.9,106.08,34.3,35.2,128.4,100,0,0,6
2026-09-03T15:00:00Z,MUPS-A2,HALL-A,mech,107.48,110.81,35.8,36.6,133.5,100,0,0,6
2026-09-03T16:00:00Z,MUPS-A2,HALL-A,mech,108.89,112.25,36.3,37.1,135.1,100,0,0,6
2026-09-03T17:00:00Z,MUPS-A2,HALL-A,mech,112.21,115.67,37.4,38.3,139.6,100,0,0,6
2026-09-03T18:00:00Z,MUPS-A2,HALL-A,mech,111.66,115.12,37.2,37.8,137.7,100,0,0,6
2026-09-03T19:00:00Z,MUPS-A2,HALL-A,mech,112.74,116.24,37.6,38.2,139.3,100,0,0,6
2026-09-03T20:00:00Z,MUPS-A2,HALL-A,mech,110.94,114.38,37.0,38.1,139.0,100,0,0,6
2026-09-03T21:00:00Z,MUPS-A2,HALL-A,mech,106.59,109.89,35.5,36.3,132.2,100,0,0,6
2026-09-03T22:00:00Z,MUPS-A2,HALL-A,mech,100.66,103.76,33.5,34.2,124.6,100,0,0,6
2026-09-03T23:00:00Z,MUPS-A2,HALL-A,mech,95.37,98.32,31.8,33.3,121.4,100,0,0,6
2026-09-04T00:00:00Z,MUPS-A2,HALL-A,mech,93.27,96.17,31.1,31.4,114.6,100,0,0,6
2026-09-04T01:00:00Z,MUPS-A2,HALL-A,mech,95.16,98.09,31.7,32.3,117.8,100,0,0,6
2026-09-04T02:00:00Z,MUPS-A2,HALL-A,mech,97.56,100.57,32.5,33.3,121.5,100,0,0,6
2026-09-04T03:00:00Z,MUPS-A2,HALL-A,mech,99.78,102.88,33.3,33.6,122.4,100,0,0,6
2026-09-04T04:00:00Z,MUPS-A2,HALL-A,mech,104.44,107.66,34.8,35.9,131.0,100,0,0,6
2026-09-04T05:00:00Z,MUPS-A2,HALL-A,mech,112.55,116.03,37.5,39.0,142.1,100,0,0,6
2026-09-04T06:00:00Z,MUPS-A2,HALL-A,mech,118.56,122.24,39.5,40.7,148.3,100,0,0,6
2026-09-04T07:00:00Z,MUPS-A2,HALL-A,mech,127.78,131.73,42.6,43.6,158.9,100,0,0,6
2026-09-04T08:00:00Z,MUPS-A2,HALL-A,mech,128.69,132.67,42.9,44.4,161.7,100,0,0,6
2026-09-04T09:00:00Z,MUPS-A2,HALL-A,mech,119.47,123.17,39.8,41.3,150.6,100,0,0,6
2026-09-04T10:00:00Z,MUPS-A2,HALL-A,mech,110.38,113.81,36.8,37.8,138.0,100,0,0,6
2026-09-04T11:00:00Z,MUPS-A2,HALL-A,mech,100.33,103.44,33.4,35.2,128.3,100,0,0,6
2026-09-04T12:00:00Z,MUPS-A2,HALL-A,mech,100.07,103.17,33.4,35.1,127.9,100,0,0,6
2026-09-04T13:00:00Z,MUPS-A2,HALL-A,mech,110.05,113.45,36.7,37.9,138.2,100,0,0,6
2026-09-04T14:00:00Z,MUPS-A2,HALL-A,mech,117.26,120.88,39.1,40.9,148.9,100,0,0,6
2026-09-04T15:00:00Z,MUPS-A2,HALL-A,mech,126.84,130.76,42.3,43.6,158.7,100,0,0,6
2026-09-04T16:00:00Z,MUPS-A2,HALL-A,mech,128.92,132.92,43.0,44.0,160.5,100,0,0,6
2026-09-04T17:00:00Z,MUPS-A2,HALL-A,mech,120.75,124.48,40.2,41.7,151.9,100,0,0,6
2026-09-04T18:00:00Z,MUPS-A2,HALL-A,mech,112.57,116.05,37.5,38.8,141.6,100,0,0,6
2026-09-04T19:00:00Z,MUPS-A2,HALL-A,mech,104.72,107.96,34.9,36.7,133.7,100,0,0,6
2026-09-04T20:00:00Z,MUPS-A2,HALL-A,mech,98.78,101.83,32.9,33.8,123.3,100,0,0,6
2026-09-04T21:00:00Z,MUPS-A2,HALL-A,mech,97.67,100.67,32.6,32.8,119.7,100,0,0,6
2026-09-04T22:00:00Z,MUPS-A2,HALL-A,mech,96.76,99.75,32.2,32.9,120.0,100,0,0,6
2026-09-04T23:00:00Z,MUPS-A2,HALL-A,mech,93.84,96.75,31.3,31.9,116.4,100,0,0,6
2026-09-05T00:00:00Z,MUPS-A2,HALL-A,mech,95.41,98.36,31.8,32.5,118.7,100,0,0,6
2026-09-05T01:00:00Z,MUPS-A2,HALL-A,mech,99.26,102.34,33.1,33.8,123.4,100,0,0,6
2026-09-05T02:00:00Z,MUPS-A2,HALL-A,mech,102.31,105.48,34.1,34.9,127.3,100,0,0,6
2026-09-05T03:00:00Z,MUPS-A2,HALL-A,mech,104.67,107.91,34.9,35.7,130.1,100,0,0,6
2026-09-05T04:00:00Z,MUPS-A2,HALL-A,mech,106.73,110.03,35.6,36.1,131.4,100,0,0,6
2026-09-05T05:00:00Z,MUPS-A2,HALL-A,mech,108.66,112.01,36.2,37.4,136.3,100,0,0,6
2026-09-05T06:00:00Z,MUPS-A2,HALL-A,mech,111.25,114.68,37.1,37.7,137.5,100,0,0,6
2026-09-05T07:00:00Z,MUPS-A2,HALL-A,mech,111.86,115.31,37.3,38.2,139.2,100,0,0,6
2026-09-05T08:00:00Z,MUPS-A2,HALL-A,mech,115.72,119.29,38.6,39.8,145.1,100,0,0,6
2026-09-05T09:00:00Z,MUPS-A2,HALL-A,mech,122.09,125.87,40.7,41.6,151.4,100,0,0,6
2026-09-05T10:00:00Z,MUPS-A2,HALL-A,mech,125.92,129.82,42.0,42.7,156.0,100,0,0,6
2026-09-05T11:00:00Z,MUPS-A2,HALL-A,mech,131.03,135.09,43.7,44.8,163.1,100,0,0,6
2026-09-05T12:00:00Z,MUPS-A2,HALL-A,mech,129.89,133.91,43.3,44.8,163.2,100,0,0,6
2026-09-05T13:00:00Z,MUPS-A2,HALL-A,mech,124.8,128.66,41.6,43.2,157.4,100,0,0,6
2026-09-05T14:00:00Z,MUPS-A2,HALL-A,mech,119.61,123.29,39.9,40.6,148.3,100,0,0,6
2026-09-05T15:00:00Z,MUPS-A2,HALL-A,mech,115.11,118.68,38.4,39.2,143.0,100,0,0,6
2026-09-05T16:00:00Z,MUPS-A2,HALL-A,mech,111.44,114.89,37.2,37.5,136.7,100,0,0,6
2026-09-05T17:00:00Z,MUPS-A2,HALL-A,mech,110.88,114.3,37.0,37.4,136.3,100,0,0,6
2026-09-05T18:00:00Z,MUPS-A2,HALL-A,mech,109.44,112.81,36.5,37.3,135.7,100,0,0,6
2026-09-05T19:00:00Z,MUPS-A2,HALL-A,mech,108.74,112.11,36.2,36.7,133.9,100,0,0,6
2026-09-05T20:00:00Z,MUPS-A2,HALL-A,mech,110.28,113.67,36.8,37.9,138.2,100,0,0,6
2026-09-05T21:00:00Z,MUPS-A2,HALL-A,mech,117.41,121.04,39.1,40.7,148.2,100,0,0,6
2026-09-05T22:00:00Z,MUPS-A2,HALL-A,mech,124.0,127.83,41.3,42.7,155.5,100,0,0,6
2026-09-05T23:00:00Z,MUPS-A2,HALL-A,mech,129.88,133.9,43.3,44.6,162.5,100,0,0,6
2026-09-06T00:00:00Z,MUPS-A2,HALL-A,mech,132.55,136.67,44.2,45.2,164.5,100,0,0,6
2026-09-06T01:00:00Z,MUPS-A2,HALL-A,mech,127.75,131.7,42.6,43.6,159.0,100,0,0,6
2026-09-06T02:00:00Z,MUPS-A2,HALL-A,mech,126.22,130.13,42.1,43.0,156.7,100,0,0,6
2026-09-06T03:00:00Z,MUPS-A2,HALL-A,mech,122.11,125.89,40.7,41.8,152.4,100,0,0,6
2026-09-06T04:00:00Z,MUPS-A2,HALL-A,mech,121.03,124.78,40.3,40.9,148.9,100,0,0,6
2026-09-06T05:00:00Z,MUPS-A2,HALL-A,mech,123.44,127.25,41.1,41.7,152.1,100,0,0,6
2026-09-06T06:00:00Z,MUPS-A2,HALL-A,mech,125.82,129.72,41.9,42.5,154.8,100,0,0,6
2026-09-06T07:00:00Z,MUPS-A2,HALL-A,mech,127.16,131.08,42.4,42.9,156.5,100,0,0,6
2026-09-06T08:00:00Z,MUPS-A2,HALL-A,mech,123.82,127.64,41.3,42.5,155.0,100,0,0,6
2026-09-06T09:00:00Z,MUPS-A2,HALL-A,mech,116.36,119.96,38.8,40.4,147.3,100,0,0,6
2026-09-06T10:00:00Z,MUPS-A2,HALL-A,mech,108.36,111.7,36.1,37.4,136.3,100,0,0,6
2026-09-06T11:00:00Z,MUPS-A2,HALL-A,mech,102.45,105.63,34.2,35.1,127.9,100,0,0,6
2026-09-06T12:00:00Z,MUPS-A2,HALL-A,mech,102.82,106.01,34.3,35.3,128.6,100,0,0,6
2026-09-06T13:00:00Z,MUPS-A2,HALL-A,mech,109.0,112.37,36.3,37.7,137.3,100,0,0,6
2026-09-06T14:00:00Z,MUPS-A2,HALL-A,mech,115.65,119.22,38.6,40.2,146.5,100,0,0,6
2026-09-06T15:00:00Z,MUPS-A2,HALL-A,mech,123.95,127.79,41.3,42.8,155.8,100,0,0,6
2026-09-06T16:00:00Z,MUPS-A2,HALL-A,mech,122.94,126.74,41.0,42.3,154.4,100,0,0,6
2026-09-06T17:00:00Z,MUPS-A2,HALL-A,mech,114.61,118.15,38.2,40.2,146.5,100,0,0,6
2026-09-06T18:00:00Z,MUPS-A2,HALL-A,mech,107.8,111.13,35.9,36.8,134.1,100,0,0,6
2026-09-06T19:00:00Z,MUPS-A2,HALL-A,mech,99.22,102.29,33.1,34.6,126.3,100,0,0,6
2026-09-06T20:00:00Z,MUPS-A2,HALL-A,mech,98.45,101.5,32.8,33.6,122.6,100,0,0,6
2026-09-06T21:00:00Z,MUPS-A2,HALL-A,mech,104.0,107.21,34.7,36.1,131.6,100,0,0,6
2026-09-06T22:00:00Z,MUPS-A2,HALL-A,mech,112.06,115.52,37.4,38.2,139.1,100,0,0,6
2026-09-06T23:00:00Z,MUPS-A2,HALL-A,mech,120.03,123.74,40.0,41.6,151.5,100,0,0,6
2026-09-07T00:00:00Z,MUPS-A2,HALL-A,mech,121.64,125.39,40.5,41.4,151.0,100,0,0,6
2026-09-07T01:00:00Z,MUPS-A2,HALL-A,mech,126.04,129.93,42.0,42.6,155.5,100,0,0,6
2026-09-07T02:00:00Z,MUPS-A2,HALL-A,mech,125.89,129.79,42.0,42.5,154.8,100,0,0,6
2026-09-07T03:00:00Z,MUPS-A2,HALL-A,mech,128.18,132.15,42.7,44.1,160.8,100,0,0,6
2026-09-07T04:00:00Z,MUPS-A2,HALL-A,mech,124.56,128.42,41.5,42.8,156.4,100,0,0,6
2026-09-07T05:00:00Z,MUPS-A2,HALL-A,mech,119.36,123.05,39.8,40.9,149.2,100,0,0,6
2026-09-07T06:00:00Z,MUPS-A2,HALL-A,mech,114.66,118.21,38.2,39.2,143.0,100,0,0,6
2026-09-07T07:00:00Z,MUPS-A2,HALL-A,mech,107.19,110.5,35.7,36.5,133.1,100,0,0,6
2026-09-07T08:00:00Z,MUPS-A2,HALL-A,mech,107.9,111.24,36.0,36.9,134.6,100,0,0,6
2026-09-07T09:00:00Z,MUPS-A2,HALL-A,mech,113.5,117.01,37.8,39.7,144.7,100,0,0,6
2026-09-07T10:00:00Z,MUPS-A2,HALL-A,mech,122.03,125.8,40.7,42.0,153.2,100,0,0,6
2026-09-07T11:00:00Z,MUPS-A2,HALL-A,mech,129.31,133.31,43.1,44.3,161.6,100,0,0,6
2026-09-07T12:00:00Z,MUPS-A2,HALL-A,mech,129.16,133.15,43.0,44.2,161.3,100,0,0,6
2026-09-07T13:00:00Z,MUPS-A2,HALL-A,mech,121.24,124.98,40.4,41.9,152.9,100,0,0,6
2026-09-07T14:00:00Z,MUPS-A2,HALL-A,mech,113.82,117.34,37.9,39.4,143.7,100,0,0,6
2026-09-07T15:00:00Z,MUPS-A2,HALL-A,mech,103.4,106.59,34.5,36.1,131.4,100,0,0,6
2026-09-07T16:00:00Z,MUPS-A2,HALL-A,mech,102.55,105.72,34.2,35.0,127.7,100,0,0,6
2026-09-07T17:00:00Z,MUPS-A2,HALL-A,mech,110.43,113.86,36.8,37.7,137.5,100,0,0,6
2026-09-07T18:00:00Z,MUPS-A2,HALL-A,mech,115.92,119.5,38.6,39.7,144.8,100,0,0,6
2026-09-07T19:00:00Z,MUPS-A2,HALL-A,mech,121.55,125.32,40.5,41.8,152.6,100,0,0,6
2026-09-07T20:00:00Z,MUPS-A2,HALL-A,mech,120.28,124.0,40.1,41.6,151.5,100,0,0,6
2026-09-07T21:00:00Z,MUPS-A2,HALL-A,mech,113.51,117.03,37.8,39.6,144.6,100,0,0,6
2026-09-07T22:00:00Z,MUPS-A2,HALL-A,mech,106.14,109.41,35.4,36.9,134.2,100,0,0,6
2026-09-07T23:00:00Z,MUPS-A2,HALL-A,mech,96.95,99.95,32.3,34.4,125.4,100,0,0,6
2026-09-08T00:00:00Z,MUPS-A2,HALL-A,mech,96.75,99.74,32.3,34.1,124.1,100,0,0,6
2026-09-08T01:00:00Z,MUPS-A2,HALL-A,mech,106.2,109.48,35.4,36.6,133.4,100,0,0,6
2026-09-08T02:00:00Z,MUPS-A2,HALL-A,mech,114.86,118.41,38.3,39.6,144.3,100,0,0,6
2026-09-08T03:00:00Z,MUPS-A2,HALL-A,mech,122.3,126.08,40.8,42.7,155.5,100,0,0,6
2026-09-08T04:00:00Z,MUPS-A2,HALL-A,mech,127.26,131.18,42.4,43.1,157.3,100,0,0,6
2026-09-08T05:00:00Z,MUPS-A2,HALL-A,mech,128.85,132.84,43.0,43.7,159.2,100,0,0,6
2026-09-08T06:00:00Z,MUPS-A2,HALL-A,mech,131.84,135.93,43.9,44.7,162.8,100,0,0,6
2026-09-08T07:00:00Z,MUPS-A2,HALL-A,mech,132.99,137.12,44.3,45.2,165.1,100,0,0,6
2026-09-08T08:00:00Z,MUPS-A2,HALL-A,mech,129.29,133.29,43.1,45.5,165.7,100,0,0,6
2026-09-08T09:00:00Z,MUPS-A2,HALL-A,mech,121.09,124.83,40.4,41.6,151.6,100,0,0,6
2026-09-08T10:00:00Z,MUPS-A2,HALL-A,mech,111.58,115.04,37.2,38.4,140.1,100,0,0,6
2026-09-08T11:00:00Z,MUPS-A2,HALL-A,mech,104.0,107.22,34.7,35.7,130.2,100,0,0,6
2026-09-08T12:00:00Z,MUPS-A2,HALL-A,mech,99.18,102.25,33.1,33.6,122.5,100,0,0,6
2026-09-08T13:00:00Z,MUPS-A2,HALL-A,mech,102.75,105.91,34.2,35.0,127.7,100,0,0,6
2026-09-08T14:00:00Z,MUPS-A2,HALL-A,mech,105.07,108.32,35.0,35.7,130.3,100,0,0,6
2026-09-08T15:00:00Z,MUPS-A2,HALL-A,mech,107.07,110.38,35.7,36.3,132.4,100,0,0,6
2026-09-08T16:00:00Z,MUPS-A2,HALL-A,mech,110.39,113.79,36.8,37.4,136.5,100,0,0,6
2026-09-08T17:00:00Z,MUPS-A2,HALL-A,mech,116.27,119.87,38.8,39.9,145.5,100,0,0,6
2026-09-08T18:00:00Z,MUPS-A2,HALL-A,mech,119.99,123.71,40.0,41.2,150.1,100,0,0,6
2026-09-08T19:00:00Z,MUPS-A2,HALL-A,mech,124.75,128.62,41.6,42.1,153.8,100,0,0,6
2026-09-08T20:00:00Z,MUPS-A2,HALL-A,mech,122.55,126.35,40.9,42.3,154.0,100,0,0,6
2026-09-08T21:00:00Z,MUPS-A2,HALL-A,mech,115.86,119.44,38.6,39.2,143.1,100,0,0,6
2026-09-08T22:00:00Z,MUPS-A2,HALL-A,mech,111.06,114.5,37.0,38.1,139.0,100,0,0,6
2026-09-08T23:00:00Z,MUPS-A2,HALL-A,mech,104.27,107.5,34.8,35.6,129.7,100,0,0,6
2026-09-09T00:00:00Z,MUPS-A2,HALL-A,mech,105.84,109.12,35.3,36.0,131.4,100,0,0,6
2026-09-09T01:00:00Z,MUPS-A2,HALL-A,mech,111.75,115.2,37.3,39.0,142.1,100,0,0,6
2026-09-09T02:00:00Z,MUPS-A2,HALL-A,mech,119.56,123.25,39.8,41.1,149.9,100,0,0,6
2026-09-09T03:00:00Z,MUPS-A2,HALL-A,mech,127.27,131.21,42.4,43.9,160.3,100,0,0,6
2026-09-09T04:00:00Z,MUPS-A2,HALL-A,mech,129.91,133.91,43.3,44.5,162.3,100,0,0,6
2026-09-09T05:00:00Z,MUPS-A2,HALL-A,mech,126.78,130.68,42.3,42.7,155.6,100,0,0,6
2026-09-09T06:00:00Z,MUPS-A2,HALL-A,mech,123.69,127.52,41.2,42.1,153.6,100,0,0,6
2026-09-09T07:00:00Z,MUPS-A2,HALL-A,mech,121.34,125.09,40.5,41.0,149.6,100,0,0,6
2026-09-09T08:00:00Z,MUPS-A2,HALL-A,mech,118.78,122.46,39.6,40.6,147.9,100,0,0,6
2026-09-09T09:00:00Z,MUPS-A2,HALL-A,mech,115.78,119.36,38.6,39.4,143.8,100,0,0,6
2026-09-09T10:00:00Z,MUPS-A2,HALL-A,mech,113.28,116.78,37.8,38.3,139.7,100,0,0,6
2026-09-09T11:00:00Z,MUPS-A2,HALL-A,mech,109.48,112.88,36.5,37.6,136.9,100,0,0,6
2026-09-09T12:00:00Z,MUPS-A2,HALL-A,mech,110.27,113.68,36.8,38.3,139.4,100,0,0,6
2026-09-09T13:00:00Z,MUPS-A2,HALL-A,mech,116.07,119.66,38.7,39.7,144.5,100,0,0,6
2026-09-09T14:00:00Z,MUPS-A2,HALL-A,mech,121.06,124.81,40.3,41.6,151.7,100,0,0,6
2026-09-09T15:00:00Z,MUPS-A2,HALL-A,mech,127.1,131.03,42.4,43.8,159.9,100,0,0,6
2026-09-09T16:00:00Z,MUPS-A2,HALL-A,mech,129.22,133.22,43.1,43.5,158.5,100,0,0,6
2026-09-09T17:00:00Z,MUPS-A2,HALL-A,mech,129.18,133.17,43.1,44.2,160.9,100,0,0,6
2026-09-09T18:00:00Z,MUPS-A2,HALL-A,mech,132.04,136.13,44.0,44.6,162.2,100,0,0,6
2026-09-09T19:00:00Z,MUPS-A2,HALL-A,mech,134.39,138.54,44.8,45.5,165.9,100,0,0,6
2026-09-09T20:00:00Z,MUPS-A2,HALL-A,mech,133.88,138.02,44.6,45.1,164.6,100,0,0,6
2026-09-09T21:00:00Z,MUPS-A2,HALL-A,mech,133.05,137.16,44.4,44.8,163.5,100,0,0,6
2026-09-09T22:00:00Z,MUPS-A2,HALL-A,mech,133.27,137.39,44.4,45.0,163.9,100,0,0,6
2026-09-09T23:00:00Z,MUPS-A2,HALL-A,mech,132.76,136.86,44.3,44.7,162.8,100,0,0,6
2026-09-10T00:00:00Z,MUPS-A2,HALL-A,mech,130.21,134.23,43.4,44.5,162.2,100,0,0,6
2026-09-10T01:00:00Z,MUPS-A2,HALL-A,mech,124.81,128.67,41.6,43.3,157.9,100,0,0,6
2026-09-10T02:00:00Z,MUPS-A2,HALL-A,mech,119.25,122.94,39.8,40.6,148.0,100,0,0,6
2026-09-10T03:00:00Z,MUPS-A2,HALL-A,mech,114.32,117.86,38.1,38.6,140.9,100,0,0,6
2026-09-10T04:00:00Z,MUPS-A2,HALL-A,mech,112.18,115.66,37.4,37.9,138.1,100,0,0,6
2026-09-10T05:00:00Z,MUPS-A2,HALL-A,mech,111.51,114.95,37.2,37.9,138.1,100,0,0,6
2026-09-10T06:00:00Z,MUPS-A2,HALL-A,mech,112.77,116.26,37.6,38.2,139.1,100,0,0,6
2026-09-10T07:00:00Z,MUPS-A2,HALL-A,mech,114.14,117.67,38.0,38.6,140.8,100,0,0,6
2026-09-10T08:00:00Z,MUPS-A2,HALL-A,mech,113.13,116.63,37.7,38.7,141.1,100,0,0,6
2026-09-10T09:00:00Z,MUPS-A2,HALL-A,mech,107.44,110.77,35.8,36.5,133.4,100,0,0,6
2026-09-10T10:00:00Z,MUPS-A2,HALL-A,mech,102.74,105.92,34.2,35.2,128.2,100,0,0,6
2026-09-10T11:00:00Z,MUPS-A2,HALL-A,mech,96.83,99.82,32.3,33.6,122.6,100,0,0,6
2026-09-10T12:00:00Z,MUPS-A2,HALL-A,mech,94.5,97.41,31.5,31.9,116.1,100,0,0,6
2026-09-10T13:00:00Z,MUPS-A2,HALL-A,mech,96.42,99.4,32.1,32.6,119.0,100,0,0,6
2026-09-10T14:00:00Z,MUPS-A2,HALL-A,mech,97.9,100.92,32.6,33.3,121.3,100,0,0,6
2026-09-10T15:00:00Z,MUPS-A2,HALL-A,mech,99.19,102.27,33.1,33.6,122.4,100,0,0,6
2026-09-10T16:00:00Z,MUPS-A2,HALL-A,mech,101.55,104.69,33.9,34.9,127.1,100,0,0,6
2026-09-10T17:00:00Z,MUPS-A2,HALL-A,mech,108.22,111.58,36.1,37.3,135.7,100,0,0,6
2026-09-10T18:00:00Z,MUPS-A2,HALL-A,mech,114.4,117.93,38.1,39.0,142.3,100,0,0,6
2026-09-10T19:00:00Z,MUPS-A2,HALL-A,mech,121.02,124.77,40.3,41.3,150.5,100,0,0,6
2026-09-10T20:00:00Z,MUPS-A2,HALL-A,mech,122.05,125.84,40.7,41.3,150.5,100,0,0,6
2026-09-10T21:00:00Z,MUPS-A2,HALL-A,mech,119.98,123.68,40.0,40.5,147.6,100,0,0,6
2026-09-10T22:00:00Z,MUPS-A2,HALL-A,mech,118.55,122.22,39.5,40.1,146.2,100,0,0,6
2026-09-10T23:00:00Z,MUPS-A2,HALL-A,mech,116.13,119.72,38.7,39.0,142.4,100,0,0,6
2026-09-11T00:00:00Z,MUPS-A2,HALL-A,mech,112.5,115.97,37.5,38.4,140.0,100,0,0,6
2026-09-11T01:00:00Z,MUPS-A2,HALL-A,mech,108.99,112.34,36.3,37.1,135.4,100,0,0,6
2026-09-11T02:00:00Z,MUPS-A2,HALL-A,mech,106.64,109.94,35.5,36.0,131.3,100,0,0,6
2026-09-11T03:00:00Z,MUPS-A2,HALL-A,mech,103.54,106.73,34.5,35.2,128.6,100,0,0,6
2026-09-11T04:00:00Z,MUPS-A2,HALL-A,mech,102.2,105.36,34.1,34.6,126.1,100,0,0,6
2026-09-11T05:00:00Z,MUPS-A2,HALL-A,mech,104.09,107.3,34.7,35.1,128.1,100,0,0,6
2026-09-11T06:00:00Z,MUPS-A2,HALL-A,mech,104.49,107.71,34.8,35.2,128.4,100,0,0,6
2026-09-11T07:00:00Z,MUPS-A2,HALL-A,mech,107.62,110.94,35.9,36.5,132.9,100,0,0,6
2026-09-11T08:00:00Z,MUPS-A2,HALL-A,mech,108.09,111.44,36.0,36.6,133.3,100,0,0,6
2026-09-11T09:00:00Z,MUPS-A2,HALL-A,mech,106.43,109.73,35.5,35.9,130.8,100,0,0,6
2026-09-11T10:00:00Z,MUPS-A2,HALL-A,mech,104.96,108.2,35.0,35.3,128.6,100,0,0,6
2026-09-11T11:00:00Z,MUPS-A2,HALL-A,mech,104.54,107.77,34.8,35.4,129.2,100,0,0,6
2026-09-11T12:00:00Z,MUPS-A2,HALL-A,mech,105.04,108.28,35.0,35.6,129.6,100,0,0,6
2026-09-11T13:00:00Z,MUPS-A2,HALL-A,mech,107.12,110.42,35.7,36.4,132.6,100,0,0,6
2026-09-11T14:00:00Z,MUPS-A2,HALL-A,mech,109.52,112.92,36.5,36.8,134.2,100,0,0,6
2026-09-11T15:00:00Z,MUPS-A2,HALL-A,mech,110.78,114.2,36.9,37.5,136.7,100,0,0,6
2026-09-11T16:00:00Z,MUPS-A2,HALL-A,mech,110.52,113.93,36.8,37.3,135.7,100,0,0,6
2026-09-11T17:00:00Z,MUPS-A2,HALL-A,mech,108.59,111.96,36.2,36.6,133.6,100,0,0,6
2026-09-11T18:00:00Z,MUPS-A2,HALL-A,mech,106.28,109.58,35.4,36.1,131.7,100,0,0,6
2026-09-11T19:00:00Z,MUPS-A2,HALL-A,mech,105.73,109.01,35.3,35.9,130.8,100,0,0,6
2026-09-11T20:00:00Z,MUPS-A2,HALL-A,mech,106.66,109.97,35.6,36.5,133.3,100,0,0,6
2026-09-11T21:00:00Z,MUPS-A2,HALL-A,mech,112.0,115.47,37.3,38.3,139.7,100,0,0,6
2026-09-11T22:00:00Z,MUPS-A2,HALL-A,mech,117.63,121.27,39.2,39.9,145.6,100,0,0,6
2026-09-11T23:00:00Z,MUPS-A2,HALL-A,mech,122.26,126.05,40.8,41.8,152.5,100,0,0,6
2026-09-12T00:00:00Z,MUPS-A2,HALL-A,mech,123.49,127.3,41.2,41.7,151.9,100,0,0,6
2026-09-12T01:00:00Z,MUPS-A2,HALL-A,mech,120.06,123.77,40.0,41.4,151.0,100,0,0,6
2026-09-12T02:00:00Z,MUPS-A2,HALL-A,mech,115.61,119.18,38.5,39.4,143.6,100,0,0,6
2026-09-12T03:00:00Z,MUPS-A2,HALL-A,mech,110.59,114.01,36.9,38.2,139.1,100,0,0,6
2026-09-12T04:00:00Z,MUPS-A2,HALL-A,mech,107.59,110.92,35.9,36.6,133.4,100,0,0,6
2026-09-12T05:00:00Z,MUPS-A2,HALL-A,mech,104.67,107.92,34.9,35.4,129.0,100,0,0,6
2026-09-12T06:00:00Z,MUPS-A2,HALL-A,mech,101.89,105.03,34.0,34.7,126.4,100,0,0,6
2026-09-12T07:00:00Z,MUPS-A2,HALL-A,mech,100.19,103.29,33.4,33.9,123.5,100,0,0,6
2026-09-12T08:00:00Z,MUPS-A2,HALL-A,mech,100.46,103.57,33.5,34.2,124.6,100,0,0,6
2026-09-12T09:00:00Z,MUPS-A2,HALL-A,mech,108.25,111.59,36.1,37.2,135.7,100,0,0,6
2026-09-12T10:00:00Z,MUPS-A2,HALL-A,mech,113.95,117.47,38.0,39.1,142.6,100,0,0,6
2026-09-12T11:00:00Z,MUPS-A2,HALL-A,mech,121.34,125.1,40.4,41.9,152.5,100,0,0,6
2026-09-12T12:00:00Z,MUPS-A2,HALL-A,mech,123.72,127.54,41.2,41.7,152.2,100,0,0,6
2026-09-12T13:00:00Z,MUPS-A2,HALL-A,mech,121.64,125.39,40.5,41.4,150.9,100,0,0,6
2026-09-12T14:00:00Z,MUPS-A2,HALL-A,mech,119.43,123.12,39.8,40.3,147.0,100,0,0,6
2026-09-12T15:00:00Z,MUPS-A2,HALL-A,mech,118.64,122.3,39.5,40.3,147.0,100,0,0,6
2026-09-12T16:00:00Z,MUPS-A2,HALL-A,mech,115.33,118.91,38.4,39.3,143.2,100,0,0,6
2026-09-12T17:00:00Z,MUPS-A2,HALL-A,mech,116.09,119.69,38.7,39.2,142.6,100,0,0,6
2026-09-12T18:00:00Z,MUPS-A2,HALL-A,mech,115.17,118.74,38.4,38.9,141.7,100,0,0,6
2026-09-12T19:00:00Z,MUPS-A2,HALL-A,mech,111.97,115.44,37.3,37.8,137.8,100,0,0,6
2026-09-12T20:00:00Z,MUPS-A2,HALL-A,mech,111.23,114.67,37.1,37.9,138.1,100,0,0,6
2026-09-12T21:00:00Z,MUPS-A2,HALL-A,mech,111.39,114.83,37.1,37.7,137.3,100,0,0,6
2026-09-12T22:00:00Z,MUPS-A2,HALL-A,mech,109.76,113.16,36.6,37.1,135.2,100,0,0,6
2026-09-12T23:00:00Z,MUPS-A2,HALL-A,mech,106.55,109.85,35.5,36.2,131.8,100,0,0,6
2026-09-13T00:00:00Z,MUPS-A2,HALL-A,mech,105.27,108.53,35.1,35.6,129.8,100,0,0,6
2026-09-13T01:00:00Z,MUPS-A2,HALL-A,mech,100.4,103.51,33.5,34.1,124.5,100,0,0,6
2026-09-13T02:00:00Z,MUPS-A2,HALL-A,mech,96.92,99.92,32.3,33.4,121.8,100,0,0,6
2026-09-13T03:00:00Z,MUPS-A2,HALL-A,mech,92.96,95.86,31.0,31.3,114.0,100,0,0,6
2026-09-13T04:00:00Z,MUPS-A2,HALL-A,mech,94.61,97.52,31.5,32.5,118.6,100,0,0,6
2026-09-13T05:00:00Z,MUPS-A2,HALL-A,mech,99.57,102.65,33.2,34.8,126.6,100,0,0,6
2026-09-13T06:00:00Z,MUPS-A2,HALL-A,mech,106.22,109.51,35.4,36.2,132.1,100,0,0,6
2026-09-13T07:00:00Z,MUPS-A2,HALL-A,mech,111.57,115.03,37.2,38.5,140.6,100,0,0,6
2026-09-13T08:00:00Z,MUPS-A2,HALL-A,mech,111.98,115.44,37.3,38.3,139.6,100,0,0,6
2026-09-13T09:00:00Z,MUPS-A2,HALL-A,mech,106.06,109.34,35.4,36.8,134.1,100,0,0,6
2026-09-13T10:00:00Z,MUPS-A2,HALL-A,mech,101.78,104.92,33.9,34.9,127.1,100,0,0,6
2026-09-13T11:00:00Z,MUPS-A2,HALL-A,mech,95.12,98.06,31.7,33.3,121.3,100,0,0,6
2026-09-13T12:00:00Z,MUPS-A2,HALL-A,mech,96.16,99.14,32.0,33.7,122.8,100,0,0,6
2026-09-13T13:00:00Z,MUPS-A2,HALL-A,mech,104.29,107.52,34.8,36.4,133.0,100,0,0,6
2026-09-13T14:00:00Z,MUPS-A2,HALL-A,mech,111.56,115.01,37.2,38.5,140.3,100,0,0,6
2026-09-13T15:00:00Z,MUPS-A2,HALL-A,mech,120.16,123.88,40.1,41.3,150.4,100,0,0,6
2026-09-13T16:00:00Z,MUPS-A2,HALL-A,mech,123.3,127.1,41.1,41.5,151.1,100,0,0,6
2026-09-13T17:00:00Z,MUPS-A2,HALL-A,mech,122.21,126.0,40.7,41.2,150.0,100,0,0,6
2026-09-13T18:00:00Z,MUPS-A2,HALL-A,mech,123.77,127.6,41.3,41.8,152.4,100,0,0,6
2026-09-13T19:00:00Z,MUPS-A2,HALL-A,mech,123.14,126.95,41.0,41.6,151.7,100,0,0,6
2026-09-13T20:00:00Z,MUPS-A2,HALL-A,mech,121.58,125.34,40.5,41.6,151.4,100,0,0,6
2026-09-13T21:00:00Z,MUPS-A2,HALL-A,mech,118.11,121.77,39.4,40.7,148.2,100,0,0,6
2026-09-13T22:00:00Z,MUPS-A2,HALL-A,mech,114.02,117.56,38.0,38.8,141.4,100,0,0,6
2026-09-13T23:00:00Z,MUPS-A2,HALL-A,mech,109.1,112.48,36.4,37.4,136.4,100,0,0,6
2026-09-14T00:00:00Z,MUPS-A2,HALL-A,mech,104.7,107.95,34.9,35.6,129.7,100,0,0,6
2026-09-14T01:00:00Z,MUPS-A2,HALL-A,mech,100.08,103.16,33.4,33.9,123.6,100,0,0,6
2026-09-14T02:00:00Z,MUPS-A2,HALL-A,mech,95.89,98.85,32.0,32.9,120.2,100,0,0,6
2026-09-14T03:00:00Z,MUPS-A2,HALL-A,mech,93.81,96.71,31.3,31.7,115.4,100,0,0,6
2026-09-14T04:00:00Z,MUPS-A2,HALL-A,mech,92.29,95.13,30.8,31.3,114.3,100,0,0,6
2026-09-14T05:00:00Z,MUPS-A2,HALL-A,mech,93.7,96.6,31.2,31.7,115.4,100,0,0,6
2026-09-14T06:00:00Z,MUPS-A2,HALL-A,mech,94.83,97.76,31.6,32.2,117.2,100,0,0,6
2026-09-14T07:00:00Z,MUPS-A2,HALL-A,mech,94.75,97.67,31.6,31.9,116.2,100,0,0,6
2026-09-14T08:00:00Z,MUPS-A2,HALL-A,mech,99.06,102.12,33.0,34.7,126.5,100,0,0,6
2026-09-14T09:00:00Z,MUPS-A2,HALL-A,mech,106.68,109.99,35.6,37.0,134.8,100,0,0,6
2026-09-14T10:00:00Z,MUPS-A2,HALL-A,mech,114.94,118.49,38.3,39.4,143.7,100,0,0,6
2026-09-14T11:00:00Z,MUPS-A2,HALL-A,mech,122.55,126.34,40.9,41.6,151.9,100,0,0,6
2026-09-14T12:00:00Z,MUPS-A2,HALL-A,mech,125.01,128.88,41.7,42.3,154.0,100,0,0,6
2026-09-14T13:00:00Z,MUPS-A2,HALL-A,mech,122.91,126.71,41.0,41.7,152.0,100,0,0,6
2026-09-14T14:00:00Z,MUPS-A2,HALL-A,mech,120.91,124.65,40.3,41.2,150.1,100,0,0,6
2026-09-14T15:00:00Z,MUPS-A2,HALL-A,mech,117.78,121.43,39.3,39.9,145.7,100,0,0,6
2026-09-14T16:00:00Z,MUPS-A2,HALL-A,mech,116.15,119.75,38.7,39.3,143.4,100,0,0,6
2026-09-14T17:00:00Z,MUPS-A2,HALL-A,mech,113.95,117.46,38.0,38.3,139.8,100,0,0,6
2026-09-14T18:00:00Z,MUPS-A2,HALL-A,mech,109.88,113.28,36.6,37.7,137.6,100,0,0,6
2026-09-14T19:00:00Z,MUPS-A2,HALL-A,mech,107.12,110.44,35.7,36.3,132.6,100,0,0,6
2026-09-14T20:00:00Z,MUPS-A2,HALL-A,mech,107.62,110.96,35.9,36.7,133.9,100,0,0,6
2026-09-14T21:00:00Z,MUPS-A2,HALL-A,mech,110.31,113.72,36.8,37.3,135.9,100,0,0,6
2026-09-14T22:00:00Z,MUPS-A2,HALL-A,mech,113.58,117.08,37.9,39.3,143.0,100,0,0,6
2026-09-14T23:00:00Z,MUPS-A2,HALL-A,mech,119.3,122.98,39.8,40.6,148.1,100,0,0,6
2026-09-15T00:00:00Z,MUPS-A2,HALL-A,mech,118.34,122.01,39.4,40.7,148.5,100,0,0,6
2026-09-15T01:00:00Z,MUPS-A2,HALL-A,mech,120.08,123.78,40.0,40.4,147.4,100,0,0,6
2026-09-15T02:00:00Z,MUPS-A2,HALL-A,mech,120.46,124.19,40.1,40.8,148.8,100,0,0,6
2026-09-15T03:00:00Z,MUPS-A2,HALL-A,mech,122.15,125.94,40.7,41.3,150.6,100,0,0,6
2026-09-15T04:00:00Z,MUPS-A2,HALL-A,mech,121.07,124.83,40.4,40.9,148.8,100,0,0,6
2026-09-15T05:00:00Z,MUPS-A2,HALL-A,mech,120.59,124.33,40.2,40.9,149.3,100,0,0,6
2026-09-15T06:00:00Z,MUPS-A2,HALL-A,mech,120.67,124.4,40.2,40.6,148.4,100,0,0,6
2026-09-15T07:00:00Z,MUPS-A2,HALL-A,mech,118.7,122.36,39.6,40.2,146.5,100,0,0,6
2026-09-15T08:00:00Z,MUPS-A2,HALL-A,mech,117.71,121.34,39.2,39.8,145.1,100,0,0,6
2026-09-15T09:00:00Z,MUPS-A2,HALL-A,mech,117.39,121.02,39.1,39.7,144.8,100,0,0,6
2026-09-15T10:00:00Z,MUPS-A2,HALL-A,mech,114.97,118.53,38.3,38.8,141.4,100,0,0,6
2026-09-15T11:00:00Z,MUPS-A2,HALL-A,mech,113.98,117.5,38.0,38.8,141.4,100,0,0,6
2026-09-15T12:00:00Z,MUPS-A2,HALL-A,mech,115.06,118.63,38.4,38.8,141.7,100,0,0,6
2026-09-15T13:00:00Z,MUPS-A2,HALL-A,mech,115.48,119.05,38.5,39.5,144.1,100,0,0,6
2026-09-15T14:00:00Z,MUPS-A2,HALL-A,mech,116.33,119.93,38.8,39.2,143.1,100,0,0,6
2026-09-15T15:00:00Z,MUPS-A2,HALL-A,mech,119.48,123.17,39.8,40.3,146.8,100,0,0,6
2026-09-15T16:00:00Z,MUPS-A2,HALL-A,mech,119.89,123.59,40.0,40.5,147.5,100,0,0,6
2026-09-15T17:00:00Z,MUPS-A2,HALL-A,mech,117.09,120.72,39.0,39.8,145.2,100,0,0,6
2026-09-15T18:00:00Z,MUPS-A2,HALL-A,mech,114.66,118.2,38.2,38.6,140.7,100,0,0,6
2026-09-15T19:00:00Z,MUPS-A2,HALL-A,mech,112.23,115.69,37.4,38.6,140.7,100,0,0,6
2026-09-15T20:00:00Z,MUPS-A2,HALL-A,mech,112.46,115.93,37.5,38.7,141.0,100,0,0,6
2026-09-15T21:00:00Z,MUPS-A2,HALL-A,mech,117.71,121.35,39.2,40.1,146.0,100,0,0,6
2026-09-15T22:00:00Z,MUPS-A2,HALL-A,mech,123.22,127.02,41.1,42.6,155.4,100,0,0,6
2026-09-15T23:00:00Z,MUPS-A2,HALL-A,mech,127.54,131.48,42.5,43.6,159.3,100,0,0,6
2026-09-16T00:00:00Z,MUPS-A2,HALL-A,mech,128.22,132.2,42.7,43.4,158.4,100,0,0,6
2026-09-16T01:00:00Z,MUPS-A2,HALL-A,mech,122.78,126.58,40.9,41.5,151.5,100,0,0,6
2026-09-16T02:00:00Z,MUPS-A2,HALL-A,mech,121.53,125.28,40.5,41.4,151.0,100,0,0,6
2026-09-16T03:00:00Z,MUPS-A2,HALL-A,mech,116.94,120.56,39.0,39.5,144.1,100,0,0,6
2026-09-16T04:00:00Z,MUPS-A2,HALL-A,mech,114.32,117.86,38.1,39.1,142.5,100,0,0,6
2026-09-16T05:00:00Z,MUPS-A2,HALL-A,mech,109.47,112.86,36.5,37.1,135.1,100,0,0,6
2026-09-16T06:00:00Z,MUPS-A2,HALL-A,mech,106.7,110.0,35.6,36.2,132.1,100,0,0,6
2026-09-16T07:00:00Z,MUPS-A2,HALL-A,mech,104.58,107.83,34.9,35.3,128.7,100,0,0,6
2026-09-16T08:00:00Z,MUPS-A2,HALL-A,mech,102.37,105.55,34.1,34.5,126.0,100,0,0,6
2026-09-16T09:00:00Z,MUPS-A2,HALL-A,mech,103.21,106.4,34.4,34.9,127.5,100,0,0,6
2026-09-16T10:00:00Z,MUPS-A2,HALL-A,mech,102.07,105.23,34.0,34.5,125.9,100,0,0,6
2026-09-16T11:00:00Z,MUPS-A2,HALL-A,mech,105.07,108.32,35.0,35.5,129.4,100,0,0,6
2026-09-16T12:00:00Z,MUPS-A2,HALL-A,mech,107.55,110.88,35.8,36.8,134.2,100,0,0,6
2026-09-16T13:00:00Z,MUPS-A2,HALL-A,mech,111.72,115.17,37.2,37.9,138.3,100,0,0,6
2026-09-16T14:00:00Z,MUPS-A2,HALL-A,mech,115.89,119.49,38.6,39.6,144.2,100,0,0,6
2026-09-16T15:00:00Z,MUPS-A2,HALL-A,mech,121.15,124.89,40.4,41.5,151.6,100,0,0,6
2026-09-16T16:00:00Z,MUPS-A2,HALL-A,mech,120.87,124.62,40.3,41.6,151.4,100,0,0,6
2026-09-16T17:00:00Z,MUPS-A2,HALL-A,mech,115.02,118.58,38.3,39.7,144.6,100,0,0,6
2026-09-16T18:00:00Z,MUPS-A2,HALL-A,mech,109.1,112.47,36.4,37.3,135.9,100,0,0,6
2026-09-16T19:00:00Z,MUPS-A2,HALL-A,mech,103.87,107.09,34.6,35.9,130.5,100,0,0,6
2026-09-16T20:00:00Z,MUPS-A2,HALL-A,mech,101.75,104.88,33.9,34.5,125.8,100,0,0,6
2026-09-16T21:00:00Z,MUPS-A2,HALL-A,mech,104.09,107.31,34.7,35.4,129.1,100,0,0,6
2026-09-16T22:00:00Z,MUPS-A2,HALL-A,mech,105.9,109.17,35.3,35.8,130.5,100,0,0,6
2026-09-16T23:00:00Z,MUPS-A2,HALL-A,mech,108.14,111.47,36.1,36.4,132.6,100,0,0,6
2026-09-17T00:00:00Z,MUPS-A2,HALL-A,mech,111.16,114.59,37.1,37.7,137.6,100,0,0,6
2026-09-17T01:00:00Z,MUPS-A2,HALL-A,mech,113.53,117.03,37.8,38.2,139.2,100,0,0,6
2026-09-17T02:00:00Z,MUPS-A2,HALL-A,mech,115.69,119.27,38.6,39.3,143.1,100,0,0,6
2026-09-17T03:00:00Z,MUPS-A2,HALL-A,mech,118.57,122.24,39.5,40.2,146.5,100,0,0,6
2026-09-17T04:00:00Z,MUPS-A2,HALL-A,mech,118.84,122.53,39.6,40.1,146.4,100,0,0,6
2026-09-17T05:00:00Z,MUPS-A2,HALL-A,mech,118.87,122.55,39.6,40.1,146.2,100,0,0,6
2026-09-17T06:00:00Z,MUPS-A2,HALL-A,mech,115.44,119.01,38.5,39.0,142.3,100,0,0,6
2026-09-17T07:00:00Z,MUPS-A2,HALL-A,mech,115.51,119.11,38.5,39.0,142.1,100,0,0,6
2026-09-17T08:00:00Z,MUPS-A2,HALL-A,mech,114.97,118.53,38.3,38.7,141.2,100,0,0,6
2026-09-17T09:00:00Z,MUPS-A2,HALL-A,mech,114.91,118.47,38.3,39.1,142.6,100,0,0,6
2026-09-17T10:00:00Z,MUPS-A2,HALL-A,mech,112.92,116.42,37.6,38.0,138.5,100,0,0,6
2026-09-17T11:00:00Z,MUPS-A2,HALL-A,mech,110.78,114.19,36.9,37.5,136.8,100,0,0,6
2026-09-17T12:00:00Z,MUPS-A2,HALL-A,mech,112.64,116.12,37.5,38.1,138.8,100,0,0,6
2026-09-17T13:00:00Z,MUPS-A2,HALL-A,mech,114.06,117.6,38.0,39.1,142.6,100,0,0,6
2026-09-17T14:00:00Z,MUPS-A2,HALL-A,mech,117.19,120.8,39.1,39.5,144.3,100,0,0,6
2026-09-17T15:00:00Z,MUPS-A2,HALL-A,mech,119.06,122.74,39.7,40.4,147.4,100,0,0,6
2026-09-17T16:00:00Z,MUPS-A2,HALL-A,mech,118.95,122.63,39.7,40.5,147.6,100,0,0,6
2026-09-17T17:00:00Z,MUPS-A2,HALL-A,mech,119.67,123.37,39.9,40.3,146.9,100,0,0,6
2026-09-17T18:00:00Z,MUPS-A2,HALL-A,mech,117.83,121.47,39.3,40.2,146.8,100,0,0,6
2026-09-17T19:00:00Z,MUPS-A2,HALL-A,mech,115.42,118.98,38.5,39.1,142.8,100,0,0,6
2026-09-17T20:00:00Z,MUPS-A2,HALL-A,mech,113.05,116.53,37.7,38.6,140.5,100,0,0,6
2026-09-17T21:00:00Z,MUPS-A2,HALL-A,mech,110.71,114.13,36.9,37.5,136.9,100,0,0,6
2026-09-17T22:00:00Z,MUPS-A2,HALL-A,mech,106.89,110.2,35.6,36.2,131.8,100,0,0,6
2026-09-17T23:00:00Z,MUPS-A2,HALL-A,mech,106.52,109.81,35.5,35.8,130.6,100,0,0,6
2026-09-18T00:00:00Z,MUPS-A2,HALL-A,mech,104.47,107.69,34.8,35.2,128.5,100,0,0,6
2026-09-18T01:00:00Z,MUPS-A2,HALL-A,mech,103.44,106.63,34.5,35.0,127.5,100,0,0,6
2026-09-18T02:00:00Z,MUPS-A2,HALL-A,mech,103.64,106.84,34.5,35.3,128.7,100,0,0,6
2026-09-18T03:00:00Z,MUPS-A2,HALL-A,mech,103.96,107.17,34.7,35.2,128.3,100,0,0,6
2026-09-18T04:00:00Z,MUPS-A2,HALL-A,mech,104.26,107.49,34.8,35.9,130.9,100,0,0,6
2026-09-18T05:00:00Z,MUPS-A2,HALL-A,mech,108.88,112.25,36.3,36.9,134.5,100,0,0,6
2026-09-18T06:00:00Z,MUPS-A2,HALL-A,mech,112.11,115.59,37.4,38.2,139.3,100,0,0,6
2026-09-18T07:00:00Z,MUPS-A2,HALL-A,mech,116.16,119.75,38.7,39.2,142.9,100,0,0,6
2026-09-18T08:00:00Z,MUPS-A2,HALL-A,mech,118.75,122.43,39.6,40.1,146.1,100,0,0,6
2026-09-18T09:00:00Z,MUPS-A2,HALL-A,mech,119.19,122.88,39.7,40.2,146.6,100,0,0,6
2026-09-18T10:00:00Z,MUPS-A2,HALL-A,mech,121.68,125.46,40.6,41.0,149.4,100,0,0,6
2026-09-18T11:00:00Z,MUPS-A2,HALL-A,mech,122.95,126.75,41.0,41.4,150.8,100,0,0,6
2026-09-18T12:00:00Z,MUPS-A2,HALL-A,mech,121.0,124.74,40.3,41.1,149.9,100,0,0,6
2026-09-18T13:00:00Z,MUPS-A2,HALL-A,mech,116.41,120.02,38.8,39.8,145.4,100,0,0,6
2026-09-18T14:00:00Z,MUPS-A2,HALL-A,mech,112.68,116.16,37.6,38.2,139.3,100,0,0,6
2026-09-18T15:00:00Z,MUPS-A2,HALL-A,mech,109.45,112.84,36.5,36.9,134.7,100,0,0,6
2026-09-18T16:00:00Z,MUPS-A2,HALL-A,mech,108.76,112.11,36.3,36.9,134.3,100,0,0,6
2026-09-18T17:00:00Z,MUPS-A2,HALL-A,mech,112.44,115.92,37.5,38.6,140.6,100,0,0,6
2026-09-18T18:00:00Z,MUPS-A2,HALL-A,mech,117.32,120.96,39.1,40.2,146.7,100,0,0,6
2026-09-18T19:00:00Z,MUPS-A2,HALL-A,mech,123.03,126.83,41.0,42.0,153.2,100,0,0,6
2026-09-18T20:00:00Z,MUPS-A2,HALL-A,mech,120.95,124.69,40.3,41.5,151.5,100,0,0,6
2026-09-18T21:00:00Z,MUPS-A2,HALL-A,mech,115.07,118.63,38.4,39.4,143.5,100,0,0,6
2026-09-18T22:00:00Z,MUPS-A2,HALL-A,mech,107.96,111.3,36.0,37.6,137.1,100,0,0,6
2026-09-18T23:00:00Z,MUPS-A2,HALL-A,mech,100.35,103.45,33.4,34.5,125.6,100,0,0,6
2026-09-19T00:00:00Z,MUPS-A2,HALL-A,mech,97.15,100.16,32.4,32.9,120.2,100,0,0,6
2026-09-19T01:00:00Z,MUPS-A2,HALL-A,mech,95.9,98.88,32.0,32.3,117.7,100,0,0,6
2026-09-19T02:00:00Z,MUPS-A2,HALL-A,mech,94.14,97.04,31.4,31.9,116.2,100,0,0,6
2026-09-19T03:00:00Z,MUPS-A2,HALL-A,mech,94.17,97.07,31.4,31.8,116.0,100,0,0,6
2026-09-19T04:00:00Z,MUPS-A2,HALL-A,mech,98.0,101.02,32.7,34.7,126.4,100,0,0,6
2026-09-19T05:00:00Z,MUPS-A2,HALL-A,mech,107.19,110.5,35.7,37.3,135.9,100,0,0,6
2026-09-19T06:00:00Z,MUPS-A2,HALL-A,mech,117.06,120.69,39.0,40.5,147.7,100,0,0,6
2026-09-19T07:00:00Z,MUPS-A2,HALL-A,mech,125.48,129.38,41.8,43.0,156.6,100,0,0,6
2026-09-19T08:00:00Z,MUPS-A2,HALL-A,mech,129.75,133.75,43.2,43.9,159.9,100,0,0,6
2026-09-19T09:00:00Z,MUPS-A2,HALL-A,mech,128.68,132.66,42.9,43.5,158.5,100,0,0,6
2026-09-19T10:00:00Z,MUPS-A2,HALL-A,mech,129.52,133.53,43.2,44.1,160.9,100,0,0,6
2026-09-19T11:00:00Z,MUPS-A2,HALL-A,mech,131.73,135.82,43.9,44.6,162.4,100,0,0,6
2026-09-19T12:00:00Z,MUPS-A2,HALL-A,mech,132.81,136.91,44.3,44.7,163.2,100,0,0,6
2026-09-19T13:00:00Z,MUPS-A2,HALL-A,mech,128.33,132.3,42.8,43.6,158.6,100,0,0,6
2026-09-19T14:00:00Z,MUPS-A2,HALL-A,mech,128.46,132.44,42.8,43.3,158.1,100,0,0,6
2026-09-19T15:00:00Z,MUPS-A2,HALL-A,mech,127.0,130.9,42.3,42.7,155.6,100,0,0,6
2026-09-19T16:00:00Z,MUPS-A2,HALL-A,mech,124.04,127.88,41.3,42.5,155.1,100,0,0,6
2026-09-19T17:00:00Z,MUPS-A2,HALL-A,mech,119.79,123.5,39.9,40.7,148.2,100,0,0,6
2026-09-19T18:00:00Z,MUPS-A2,HALL-A,mech,115.59,119.17,38.5,39.6,144.4,100,0,0,6
2026-09-19T19:00:00Z,MUPS-A2,HALL-A,mech,110.21,113.63,36.7,37.6,137.0,100,0,0,6
2026-09-19T20:00:00Z,MUPS-A2,HALL-A,mech,110.09,113.49,36.7,37.4,136.1,100,0,0,6
2026-09-19T21:00:00Z,MUPS-A2,HALL-A,mech,112.43,115.89,37.5,38.2,139.3,100,0,0,6
2026-09-19T22:00:00Z,MUPS-A2,HALL-A,mech,115.46,119.04,38.5,39.0,142.2,100,0,0,6
2026-09-19T23:00:00Z,MUPS-A2,HALL-A,mech,119.97,123.68,40.0,41.1,150.1,100,0,0,6
2026-09-20T00:00:00Z,MUPS-A2,HALL-A,mech,120.57,124.29,40.2,40.8,148.7,100,0,0,6
2026-09-20T01:00:00Z,MUPS-A2,HALL-A,mech,116.25,119.84,38.8,39.5,143.9,100,0,0,6
2026-09-20T02:00:00Z,MUPS-A2,HALL-A,mech,114.88,118.44,38.3,39.1,142.3,100,0,0,6
2026-09-20T03:00:00Z,MUPS-A2,HALL-A,mech,112.77,116.26,37.6,38.1,138.7,100,0,0,6
2026-09-20T04:00:00Z,MUPS-A2,HALL-A,mech,113.17,116.68,37.7,38.3,139.7,100,0,0,6
2026-09-20T05:00:00Z,MUPS-A2,HALL-A,mech,118.01,121.66,39.3,40.0,145.8,100,0,0,6
2026-09-20T06:00:00Z,MUPS-A2,HALL-A,mech,123.02,126.81,41.0,42.1,153.1,100,0,0,6
2026-09-20T07:00:00Z,MUPS-A2,HALL-A,mech,128.61,132.59,42.9,43.9,160.2,100,0,0,6
2026-09-20T08:00:00Z,MUPS-A2,HALL-A,mech,132.02,136.12,44.0,44.6,162.7,100,0,0,6
2026-09-20T09:00:00Z,MUPS-A2,HALL-A,mech,131.18,135.22,43.7,44.5,162.3,100,0,0,6
2026-09-20T10:00:00Z,MUPS-A2,HALL-A,mech,130.62,134.65,43.5,44.1,160.6,100,0,0,6
2026-09-20T11:00:00Z,MUPS-A2,HALL-A,mech,130.13,134.17,43.4,44.4,162.0,100,0,0,6
2026-09-20T12:00:00Z,MUPS-A2,HALL-A,mech,125.9,129.81,42.0,43.2,157.5,100,0,0,6
2026-09-20T13:00:00Z,MUPS-A2,HALL-A,mech,117.56,121.2,39.2,40.7,148.1,100,0,0,6
2026-09-20T14:00:00Z,MUPS-A2,HALL-A,mech,111.18,114.62,37.1,38.5,140.1,100,0,0,6
2026-09-20T15:00:00Z,MUPS-A2,HALL-A,mech,104.14,107.36,34.7,35.9,130.7,100,0,0,6
2026-09-20T16:00:00Z,MUPS-A2,HALL-A,mech,102.42,105.58,34.1,35.2,128.4,100,0,0,6
2026-09-20T17:00:00Z,MUPS-A2,HALL-A,mech,108.12,111.46,36.0,38.0,138.7,100,0,0,6
2026-09-20T18:00:00Z,MUPS-A2,HALL-A,mech,113.28,116.79,37.8,38.9,141.6,100,0,0,6
2026-09-20T19:00:00Z,MUPS-A2,HALL-A,mech,120.1,123.81,40.0,41.3,150.7,100,0,0,6
2026-09-20T20:00:00Z,MUPS-A2,HALL-A,mech,122.52,126.31,40.8,41.5,151.2,100,0,0,6
2026-09-20T21:00:00Z,MUPS-A2,HALL-A,mech,123.21,127.02,41.1,41.7,152.2,100,0,0,6
2026-09-20T22:00:00Z,MUPS-A2,HALL-A,mech,123.28,127.08,41.1,41.5,151.1,100,0,0,6
2026-09-20T23:00:00Z,MUPS-A2,HALL-A,mech,123.7,127.53,41.2,42.0,152.9,100,0,0,6
2026-09-21T00:00:00Z,MUPS-A2,HALL-A,mech,122.73,126.53,40.9,41.3,150.5,100,0,0,6
2026-09-21T01:00:00Z,MUPS-A2,HALL-A,mech,119.56,123.25,39.9,40.4,147.3,100,0,0,6
2026-09-21T02:00:00Z,MUPS-A2,HALL-A,mech,118.31,121.99,39.4,39.7,144.9,100,0,0,6
2026-09-21T03:00:00Z,MUPS-A2,HALL-A,mech,116.4,120.0,38.8,39.3,143.4,100,0,0,6
2026-09-21T04:00:00Z,MUPS-A2,HALL-A,mech,112.25,115.72,37.4,38.4,140.0,100,0,0,6
2026-09-21T05:00:00Z,MUPS-A2,HALL-A,mech,107.37,110.7,35.8,37.1,135.1,100,0,0,6
2026-09-21T06:00:00Z,MUPS-A2,HALL-A,mech,102.31,105.47,34.1,35.2,128.6,100,0,0,6
2026-09-21T07:00:00Z,MUPS-A2,HALL-A,mech,98.12,101.17,32.7,34.0,123.9,100,0,0,6
2026-09-21T08:00:00Z,MUPS-A2,HALL-A,mech,99.2,102.26,33.1,34.2,124.5,100,0,0,6
2026-09-21T09:00:00Z,MUPS-A2,HALL-A,mech,105.55,108.81,35.2,36.1,131.7,100,0,0,6
2026-09-21T10:00:00Z,MUPS-A2,HALL-A,mech,111.03,114.47,37.0,37.9,138.1,100,0,0,6
2026-09-21T11:00:00Z,MUPS-A2,HALL-A,mech,119.84,123.55,39.9,41.2,150.2,100,0,0,6
2026-09-21T12:00:00Z,MUPS-A2,HALL-A,mech,120.12,123.83,40.0,41.0,149.6,100,0,0,6
2026-09-21T13:00:00Z,MUPS-A2,HALL-A,mech,114.47,118.0,38.2,39.2,143.0,100,0,0,6
2026-09-21T14:00:00Z,MUPS-A2,HALL-A,mech,108.06,111.41,36.0,36.8,134.1,100,0,0,6
2026-09-21T15:00:00Z,MUPS-A2,HALL-A,mech,102.04,105.21,34.0,35.3,128.9,100,0,0,6
2026-09-21T16:00:00Z,MUPS-A2,HALL-A,mech,102.53,105.71,34.2,34.9,127.2,100,0,0,6
2026-09-21T17:00:00Z,MUPS-A2,HALL-A,mech,108.86,112.22,36.3,37.4,136.6,100,0,0,6
2026-09-21T18:00:00Z,MUPS-A2,HALL-A,mech,114.03,117.57,38.0,39.5,144.2,100,0,0,6
2026-09-21T19:00:00Z,MUPS-A2,HALL-A,mech,120.28,124.01,40.1,41.1,149.7,100,0,0,6
2026-09-21T20:00:00Z,MUPS-A2,HALL-A,mech,123.26,127.08,41.1,41.6,151.6,100,0,0,6
2026-09-21T21:00:00Z,MUPS-A2,HALL-A,mech,120.92,124.65,40.3,41.3,150.6,100,0,0,6
2026-09-21T22:00:00Z,MUPS-A2,HALL-A,mech,117.55,121.18,39.2,39.7,144.7,100,0,0,6
2026-09-21T23:00:00Z,MUPS-A2,HALL-A,mech,115.39,118.97,38.5,39.1,142.5,100,0,0,6
2026-09-22T00:00:00Z,MUPS-A2,HALL-A,mech,115.17,118.74,38.4,39.2,142.8,100,0,0,6
2026-09-22T01:00:00Z,MUPS-A2,HALL-A,mech,120.01,123.71,40.0,41.2,150.4,100,0,0,6
2026-09-22T02:00:00Z,MUPS-A2,HALL-A,mech,125.61,129.49,41.9,42.5,154.8,100,0,0,6
2026-09-22T03:00:00Z,MUPS-A2,HALL-A,mech,130.54,134.57,43.5,44.8,163.2,100,0,0,6
2026-09-22T04:00:00Z,MUPS-A2,HALL-A,mech,128.84,132.82,42.9,44.7,162.6,100,0,0,6
2026-09-22T05:00:00Z,MUPS-A2,HALL-A,mech,117.88,121.53,39.3,41.2,150.2,100,0,0,6
2026-09-22T06:00:00Z,MUPS-A2,HALL-A,mech,110.11,113.5,36.7,38.1,138.8,100,0,0,6
2026-09-22T07:00:00Z,MUPS-A2,HALL-A,mech,100.2,103.3,33.4,34.5,125.7,100,0,0,6
2026-09-22T08:00:00Z,MUPS-A2,HALL-A,mech,96.73,99.73,32.2,32.7,119.3,100,0,0,6
2026-09-22T09:00:00Z,MUPS-A2,HALL-A,mech,100.53,103.64,33.5,34.6,126.1,100,0,0,6
2026-09-22T10:00:00Z,MUPS-A2,HALL-A,mech,104.75,107.99,34.9,35.5,129.5,100,0,0,6
2026-09-22T11:00:00Z,MUPS-A2,HALL-A,mech,107.65,110.97,35.9,36.3,132.4,100,0,0,6
2026-09-22T12:00:00Z,MUPS-A2,HALL-A,mech,110.32,113.72,36.8,37.4,136.1,100,0,0,6
2026-09-22T13:00:00Z,MUPS-A2,HALL-A,mech,108.48,111.84,36.2,36.6,133.3,100,0,0,6
2026-09-22T14:00:00Z,MUPS-A2,HALL-A,mech,107.75,111.07,35.9,36.3,132.2,100,0,0,6
2026-09-22T15:00:00Z,MUPS-A2,HALL-A,mech,107.08,110.38,35.7,36.0,131.3,100,0,0,6
2026-09-22T16:00:00Z,MUPS-A2,HALL-A,mech,109.48,112.84,36.5,37.1,135.4,100,0,0,6
2026-09-22T17:00:00Z,MUPS-A2,HALL-A,mech,114.72,118.26,38.2,39.3,143.4,100,0,0,6
2026-09-22T18:00:00Z,MUPS-A2,HALL-A,mech,120.74,124.47,40.2,41.2,150.2,100,0,0,6
2026-09-22T19:00:00Z,MUPS-A2,HALL-A,mech,125.16,129.02,41.7,42.8,155.9,100,0,0,6
2026-09-22T20:00:00Z,MUPS-A2,HALL-A,mech,127.47,131.41,42.5,43.1,157.0,100,0,0,6
2026-09-22T21:00:00Z,MUPS-A2,HALL-A,mech,124.32,128.16,41.4,41.9,152.6,100,0,0,6
2026-09-22T22:00:00Z,MUPS-A2,HALL-A,mech,124.74,128.62,41.6,42.0,153.1,100,0,0,6
2026-09-22T23:00:00Z,MUPS-A2,HALL-A,mech,125.44,129.33,41.8,42.2,153.9,100,0,0,6
2026-09-23T00:00:00Z,MUPS-A2,HALL-A,mech,124.27,128.12,41.4,42.0,153.3,100,0,0,6
2026-09-23T01:00:00Z,MUPS-A2,HALL-A,mech,121.53,125.29,40.5,41.2,150.2,100,0,0,6
2026-09-23T02:00:00Z,MUPS-A2,HALL-A,mech,117.41,121.05,39.1,40.6,148.0,100,0,0,6
2026-09-23T03:00:00Z,MUPS-A2,HALL-A,mech,115.39,118.96,38.5,39.0,142.3,100,0,0,6
2026-09-23T04:00:00Z,MUPS-A2,HALL-A,mech,111.06,114.49,37.0,38.3,139.4,100,0,0,6
2026-09-23T05:00:00Z,MUPS-A2,HALL-A,mech,105.28,108.54,35.1,36.5,133.1,100,0,0,6
2026-09-23T06:00:00Z,MUPS-A2,HALL-A,mech,99.84,102.94,33.3,34.4,125.6,100,0,0,6
2026-09-23T07:00:00Z,MUPS-A2,HALL-A,mech,94.73,97.66,31.6,32.3,118.1,100,0,0,6
2026-09-23T08:00:00Z,MUPS-A2,HALL-A,mech,96.88,99.88,32.3,33.8,123.1,100,0,0,6
2026-09-23T09:00:00Z,MUPS-A2,HALL-A,mech,105.9,109.17,35.3,37.0,134.9,100,0,0,6
2026-09-23T10:00:00Z,MUPS-A2,HALL-A,mech,114.18,117.72,38.1,39.8,145.1,100,0,0,6
2026-09-23T11:00:00Z,MUPS-A2,HALL-A,mech,123.64,127.47,41.2,42.9,156.2,100,0,0,6
2026-09-23T12:00:00Z,MUPS-A2,HALL-A,mech,128.25,132.24,42.8,43.1,157.1,100,0,0,6
2026-09-23T13:00:00Z,MUPS-A2,HALL-A,mech,127.76,131.7,42.6,43.0,156.5,100,0,0,6
2026-09-23T14:00:00Z,MUPS-A2,HALL-A,mech,127.99,131.95,42.7,43.4,158.1,100,0,0,6
2026-09-23T15:00:00Z,MUPS-A2,HALL-A,mech,127.69,131.65,42.6,43.4,158.1,100,0,0,6
2026-09-23T16:00:00Z,MUPS-A2,HALL-A,mech,124.16,128.0,41.4,42.5,154.9,100,0,0,6
2026-09-23T17:00:00Z,MUPS-A2,HALL-A,mech,118.52,122.19,39.5,40.9,149.0,100,0,0,6
2026-09-23T18:00:00Z,MUPS-A2,HALL-A,mech,109.14,112.52,36.4,37.6,137.2,100,0,0,6
2026-09-23T19:00:00Z,MUPS-A2,HALL-A,mech,101.97,105.12,34.0,34.8,126.9,100,0,0,6
2026-09-23T20:00:00Z,MUPS-A2,HALL-A,mech,99.1,102.17,33.0,33.4,121.7,100,0,0,6
2026-09-23T21:00:00Z,MUPS-A2,HALL-A,mech,99.69,102.78,33.2,33.8,123.5,100,0,0,6
2026-09-23T22:00:00Z,MUPS-A2,HALL-A,mech,101.84,105.0,33.9,34.5,125.7,100,0,0,6
2026-09-23T23:00:00Z,MUPS-A2,HALL-A,mech,102.35,105.52,34.1,34.7,126.7,100,0,0,6
2026-09-24T00:00:00Z,MUPS-A2,HALL-A,mech,106.39,109.67,35.5,36.2,132.1,100,0,0,6
2026-09-24T01:00:00Z,MUPS-A2,HALL-A,mech,110.06,113.47,36.7,37.6,137.2,100,0,0,6
2026-09-24T02:00:00Z,MUPS-A2,HALL-A,mech,115.08,118.64,38.4,39.7,144.8,100,0,0,6
2026-09-24T03:00:00Z,MUPS-A2,HALL-A,mech,120.25,123.97,40.1,40.9,149.2,100,0,0,6
2026-09-24T04:00:00Z,MUPS-A2,HALL-A,mech,121.92,125.69,40.6,41.7,152.0,100,0,0,6
2026-09-24T05:00:00Z,MUPS-A2,HALL-A,mech,117.87,121.52,39.3,39.9,145.5,100,0,0,6
2026-09-24T06:00:00Z,MUPS-A2,HALL-A,mech,113.86,117.39,38.0,38.7,141.0,100,0,0,6
2026-09-24T07:00:00Z,MUPS-A2,HALL-A,mech,111.14,114.59,37.0,37.7,137.4,100,0,0,6
2026-09-24T08:00:00Z,MUPS-A2,HALL-A,mech,112.83,116.32,37.6,38.5,140.3,100,0,0,6
2026-09-24T09:00:00Z,MUPS-A2,HALL-A,mech,118.13,121.78,39.4,40.0,146.0,100,0,0,6
2026-09-24T10:00:00Z,MUPS-A2,HALL-A,mech,123.56,127.38,41.2,42.8,156.2,100,0,0,6
2026-09-24T11:00:00Z,MUPS-A2,HALL-A,mech,127.72,131.67,42.6,44.1,161.0,100,0,0,6
2026-09-24T12:00:00Z,MUPS-A2,HALL-A,mech,126.43,130.35,42.1,44.0,160.6,100,0,0,6
2026-09-24T13:00:00Z,MUPS-A2,HALL-A,mech,118.64,122.31,39.5,40.8,148.6,100,0,0,6
2026-09-24T14:00:00Z,MUPS-A2,HALL-A,mech,109.3,112.67,36.4,37.9,138.2,100,0,0,6
2026-09-24T15:00:00Z,MUPS-A2,HALL-A,mech,99.27,102.34,33.1,34.9,127.1,100,0,0,6
2026-09-24T16:00:00Z,MUPS-A2,HALL-A,mech,99.08,102.15,33.0,34.4,125.5,100,0,0,6
2026-09-24T17:00:00Z,MUPS-A2,HALL-A,mech,106.52,109.81,35.5,36.9,134.3,100,0,0,6
2026-09-24T18:00:00Z,MUPS-A2,HALL-A,mech,113.31,116.82,37.8,39.3,143.4,100,0,0,6
2026-09-24T19:00:00Z,MUPS-A2,HALL-A,mech,120.71,124.44,40.2,41.2,150.0,100,0,0,6
2026-09-24T20:00:00Z,MUPS-A2,HALL-A,mech,120.46,124.2,40.1,41.2,150.1,100,0,0,6
2026-09-24T21:00:00Z,MUPS-A2,HALL-A,mech,117.2,120.82,39.1,40.1,146.1,99,0,11,6
2026-09-24T22:00:00Z,MUPS-A2,HALL-A,mech,115.49,119.06,38.5,39.2,143.0,100,0,0,6
2026-09-24T23:00:00Z,MUPS-A2,HALL-A,mech,111.88,115.34,37.3,38.3,139.6,100,0,0,6
2026-09-25T00:00:00Z,MUPS-A2,HALL-A,mech,109.61,112.99,36.5,37.1,135.4,100,0,0,6
2026-09-25T01:00:00Z,MUPS-A2,HALL-A,mech,109.05,112.44,36.4,36.7,133.9,100,0,0,6
2026-09-25T02:00:00Z,MUPS-A2,HALL-A,mech,110.77,114.18,36.9,37.3,135.9,100,0,0,6
2026-09-25T03:00:00Z,MUPS-A2,HALL-A,mech,111.53,114.98,37.2,37.5,137.0,100,0,0,6
2026-09-25T04:00:00Z,MUPS-A2,HALL-A,mech,110.5,113.91,36.8,37.3,136.1,100,0,0,6
2026-09-25T05:00:00Z,MUPS-A2,HALL-A,mech,111.24,114.67,37.1,37.5,136.6,100,0,0,6
2026-09-25T06:00:00Z,MUPS-A2,HALL-A,mech,110.87,114.28,37.0,37.5,136.8,100,0,0,6
2026-09-25T07:00:00Z,MUPS-A2,HALL-A,mech,109.17,112.56,36.4,36.7,133.9,100,0,0,6
2026-09-25T08:00:00Z,MUPS-A2,HALL-A,mech,109.31,112.69,36.4,37.0,134.9,100,0,0,6
2026-09-25T09:00:00Z,MUPS-A2,HALL-A,mech,112.2,115.67,37.4,37.9,138.2,100,0,0,6
2026-09-25T10:00:00Z,MUPS-A2,HALL-A,mech,113.38,116.89,37.8,38.4,140.0,100,0,0,6
2026-09-25T11:00:00Z,MUPS-A2,HALL-A,mech,113.78,117.29,37.9,38.4,140.1,100,0,0,6
2026-09-25T12:00:00Z,MUPS-A2,HALL-A,mech,111.88,115.33,37.3,38.2,139.3,100,0,0,6
2026-09-25T13:00:00Z,MUPS-A2,HALL-A,mech,110.17,113.6,36.7,37.5,136.5,100,0,0,6
2026-09-25T14:00:00Z,MUPS-A2,HALL-A,mech,106.68,109.98,35.6,36.7,133.8,100,0,0,6
2026-09-25T15:00:00Z,MUPS-A2,HALL-A,mech,103.34,106.53,34.4,34.9,127.2,100,0,0,6
2026-09-25T16:00:00Z,MUPS-A2,HALL-A,mech,102.83,106.02,34.3,35.0,127.4,100,0,0,6
2026-09-25T17:00:00Z,MUPS-A2,HALL-A,mech,104.99,108.23,35.0,35.4,129.0,100,0,0,6
2026-09-25T18:00:00Z,MUPS-A2,HALL-A,mech,107.89,111.22,36.0,36.8,134.2,100,0,0,6
2026-09-25T19:00:00Z,MUPS-A2,HALL-A,mech,108.97,112.35,36.3,36.7,133.8,100,0,0,6
2026-09-25T20:00:00Z,MUPS-A2,HALL-A,mech,110.88,114.31,37.0,38.6,140.8,100,0,0,6
2026-09-25T21:00:00Z,MUPS-A2,HALL-A,mech,117.33,120.95,39.1,40.2,146.8,100,0,0,6
2026-09-25T22:00:00Z,MUPS-A2,HALL-A,mech,124.13,127.97,41.4,42.7,155.8,100,0,0,6
2026-09-25T23:00:00Z,MUPS-A2,HALL-A,mech,128.46,132.44,42.8,43.3,158.2,100,0,0,6
2026-09-26T00:00:00Z,MUPS-A2,HALL-A,mech,130.45,134.49,43.5,44.2,161.0,100,0,0,6
2026-09-26T01:00:00Z,MUPS-A2,HALL-A,mech,129.46,133.47,43.2,44.0,160.7,100,0,0,6
2026-09-26T02:00:00Z,MUPS-A2,HALL-A,mech,126.79,130.7,42.3,42.8,156.2,100,0,0,6
2026-09-26T03:00:00Z,MUPS-A2,HALL-A,mech,125.47,129.34,41.8,42.7,155.9,100,0,0,6
2026-09-26T04:00:00Z,MUPS-A2,HALL-A,mech,123.06,126.86,41.0,41.8,152.5,100,0,0,6
2026-09-26T05:00:00Z,MUPS-A2,HALL-A,mech,121.88,125.65,40.6,41.4,151.1,100,0,0,6
2026-09-26T06:00:00Z,MUPS-A2,HALL-A,mech,117.11,120.75,39.0,39.8,145.1,100,0,0,6
2026-09-26T07:00:00Z,MUPS-A2,HALL-A,mech,114.2,117.75,38.1,39.1,142.4,100,0,0,6
2026-09-26T08:00:00Z,MUPS-A2,HALL-A,mech,113.21,116.71,37.7,38.1,139.0,100,0,0,6
2026-09-26T09:00:00Z,MUPS-A2,HALL-A,mech,116.11,119.7,38.7,39.2,143.0,100,0,0,6
2026-09-26T10:00:00Z,MUPS-A2,HALL-A,mech,117.18,120.78,39.1,39.3,143.6,100,0,0,6
2026-09-26T11:00:00Z,MUPS-A2,HALL-A,mech,116.75,120.36,38.9,39.7,144.7,100,0,0,6
2026-09-26T12:00:00Z,MUPS-A2,HALL-A,mech,117.21,120.83,39.1,39.6,144.3,100,0,0,6
2026-09-26T13:00:00Z,MUPS-A2,HALL-A,mech,118.95,122.61,39.6,40.4,147.2,100,0,0,6
2026-09-26T14:00:00Z,MUPS-A2,HALL-A,mech,119.93,123.64,40.0,40.7,148.1,100,0,0,6
2026-09-26T15:00:00Z,MUPS-A2,HALL-A,mech,121.74,125.51,40.6,41.3,150.4,100,0,0,6
2026-09-26T16:00:00Z,MUPS-A2,HALL-A,mech,120.47,124.2,40.2,40.7,148.6,100,0,0,6
2026-09-26T17:00:00Z,MUPS-A2,HALL-A,mech,118.04,121.68,39.3,40.3,147.1,100,0,0,6
2026-09-26T18:00:00Z,MUPS-A2,HALL-A,mech,115.76,119.34,38.6,39.3,143.3,100,0,0,6
2026-09-26T19:00:00Z,MUPS-A2,HALL-A,mech,113.68,117.2,37.9,39.1,142.5,100,0,0,6
2026-09-26T20:00:00Z,MUPS-A2,HALL-A,mech,110.31,113.72,36.8,37.4,136.4,100,0,0,6
2026-09-26T21:00:00Z,MUPS-A2,HALL-A,mech,106.65,109.96,35.6,37.0,135.0,100,0,0,6
2026-09-26T22:00:00Z,MUPS-A2,HALL-A,mech,103.2,106.4,34.4,35.1,127.9,100,0,0,6
2026-09-26T23:00:00Z,MUPS-A2,HALL-A,mech,98.58,101.62,32.9,34.0,123.9,100,0,0,6
2026-09-27T00:00:00Z,MUPS-A2,HALL-A,mech,99.38,102.46,33.1,34.5,125.6,100,0,0,6
2026-09-27T01:00:00Z,MUPS-A2,HALL-A,mech,107.06,110.36,35.7,36.8,134.3,100,0,0,6
2026-09-27T02:00:00Z,MUPS-A2,HALL-A,mech,112.52,116.0,37.5,38.3,139.8,100,0,0,6
2026-09-27T03:00:00Z,MUPS-A2,HALL-A,mech,119.06,122.74,39.7,40.6,148.0,100,0,0,6
2026-09-27T04:00:00Z,MUPS-A2,HALL-A,mech,120.33,124.06,40.1,40.9,149.2,100,0,0,6
2026-09-27T05:00:00Z,MUPS-A2,HALL-A,mech,111.86,115.31,37.3,38.4,140.0,100,0,0,6
2026-09-27T06:00:00Z,MUPS-A2,HALL-A,mech,103.37,106.56,34.5,36.1,131.7,100,0,0,6
2026-09-27T07:00:00Z,MUPS-A2,HALL-A,mech,95.52,98.47,31.8,33.5,122.0,100,0,0,6
2026-09-27T08:00:00Z,MUPS-A2,HALL-A,mech,95.68,98.63,31.9,32.9,120.0,100,0,0,6
2026-09-27T09:00:00Z,MUPS-A2,HALL-A,mech,102.08,105.22,34.0,35.2,128.4,100,0,0,6
2026-09-27T10:00:00Z,MUPS-A2,HALL-A,mech,107.95,111.3,36.0,36.7,133.8,100,0,0,6
2026-09-27T11:00:00Z,MUPS-A2,HALL-A,mech,114.72,118.26,38.2,39.9,145.1,100,0,0,6
2026-09-27T12:00:00Z,MUPS-A2,HALL-A,mech,119.54,123.24,39.9,40.2,146.7,100,0,0,6
2026-09-27T13:00:00Z,MUPS-A2,HALL-A,mech,120.04,123.74,40.0,40.5,147.4,100,0,0,6
2026-09-27T14:00:00Z,MUPS-A2,HALL-A,mech,120.71,124.44,40.2,40.9,149.4,100,0,0,6
2026-09-27T15:00:00Z,MUPS-A2,HALL-A,mech,120.56,124.28,40.2,40.8,149.1,100,0,0,6
2026-09-27T16:00:00Z,MUPS-A2,HALL-A,mech,120.75,124.48,40.2,40.8,148.8,100,0,0,6
2026-09-27T17:00:00Z,MUPS-A2,HALL-A,mech,120.6,124.33,40.2,40.8,148.7,100,0,0,6
2026-09-27T18:00:00Z,MUPS-A2,HALL-A,mech,119.42,123.12,39.8,40.5,147.6,100,0,0,6
2026-09-27T19:00:00Z,MUPS-A2,HALL-A,mech,118.5,122.17,39.5,40.1,146.2,100,0,0,6
2026-09-27T20:00:00Z,MUPS-A2,HALL-A,mech,118.8,122.5,39.6,40.0,145.7,100,0,0,6
2026-09-27T21:00:00Z,MUPS-A2,HALL-A,mech,117.51,121.14,39.2,39.7,144.8,100,0,0,6
2026-09-27T22:00:00Z,MUPS-A2,HALL-A,mech,118.9,122.59,39.6,40.2,146.6,100,0,0,6
2026-09-27T23:00:00Z,MUPS-A2,HALL-A,mech,118.87,122.56,39.6,40.2,146.7,100,0,0,6
2026-08-31T00:00:00Z,MUPS-B1,HALL-B,mech,110.9,114.33,37.0,38.0,138.4,100,0,0,6
2026-08-31T01:00:00Z,MUPS-B1,HALL-B,mech,114.5,118.05,38.2,38.6,141.0,100,0,0,6
2026-08-31T02:00:00Z,MUPS-B1,HALL-B,mech,118.48,122.14,39.5,40.8,148.7,100,0,0,6
2026-08-31T03:00:00Z,MUPS-B1,HALL-B,mech,122.97,126.78,41.0,41.8,152.2,100,0,0,6
2026-08-31T04:00:00Z,MUPS-B1,HALL-B,mech,125.63,129.53,41.9,42.6,155.3,100,0,0,6
2026-08-31T05:00:00Z,MUPS-B1,HALL-B,mech,127.23,131.15,42.4,42.8,156.4,100,0,0,6
2026-08-31T06:00:00Z,MUPS-B1,HALL-B,mech,127.36,131.3,42.5,43.3,158.0,100,0,0,6
2026-08-31T07:00:00Z,MUPS-B1,HALL-B,mech,127.76,131.71,42.6,43.1,157.3,100,0,0,6
2026-08-31T08:00:00Z,MUPS-B1,HALL-B,mech,125.31,129.18,41.8,42.7,155.7,100,0,0,6
2026-08-31T09:00:00Z,MUPS-B1,HALL-B,mech,126.8,130.73,42.3,43.0,156.8,100,0,0,6
2026-08-31T10:00:00Z,MUPS-B1,HALL-B,mech,125.14,129.02,41.7,42.5,154.9,100,0,0,6
2026-08-31T11:00:00Z,MUPS-B1,HALL-B,mech,121.75,125.52,40.6,41.0,149.5,100,0,0,6
2026-08-31T12:00:00Z,MUPS-B1,HALL-B,mech,119.82,123.52,39.9,40.5,147.5,100,0,0,6
2026-08-31T13:00:00Z,MUPS-B1,HALL-B,mech,114.17,117.68,38.1,39.3,143.4,100,0,0,6
2026-08-31T14:00:00Z,MUPS-B1,HALL-B,mech,109.38,112.78,36.5,37.0,134.9,100,0,0,6
2026-08-31T15:00:00Z,MUPS-B1,HALL-B,mech,107.41,110.72,35.8,36.9,134.7,100,0,0,6
2026-08-31T16:00:00Z,MUPS-B1,HALL-B,mech,107.97,111.31,36.0,37.6,137.0,100,0,0,6
2026-08-31T17:00:00Z,MUPS-B1,HALL-B,mech,115.69,119.28,38.6,39.6,144.5,100,0,0,6
2026-08-31T18:00:00Z,MUPS-B1,HALL-B,mech,123.76,127.58,41.3,42.9,156.0,100,0,0,6
2026-08-31T19:00:00Z,MUPS-B1,HALL-B,mech,132.01,136.1,44.0,45.2,164.7,100,0,0,6
2026-08-31T20:00:00Z,MUPS-B1,HALL-B,mech,131.65,135.73,43.9,44.6,162.8,100,0,0,6
2026-08-31T21:00:00Z,MUPS-B1,HALL-B,mech,129.98,134.01,43.3,44.3,161.4,100,0,0,6
2026-08-31T22:00:00Z,MUPS-B1,HALL-B,mech,126.92,130.84,42.3,43.2,157.2,100,0,0,6
2026-08-31T23:00:00Z,MUPS-B1,HALL-B,mech,124.6,128.46,41.5,42.2,153.9,100,0,0,6
2026-09-01T00:00:00Z,MUPS-B1,HALL-B,mech,119.8,123.51,39.9,41.3,150.5,100,0,0,6
2026-09-01T01:00:00Z,MUPS-B1,HALL-B,mech,111.89,115.34,37.3,38.7,141.3,100,0,0,6
2026-09-01T02:00:00Z,MUPS-B1,HALL-B,mech,105.29,108.55,35.1,36.3,132.3,100,0,0,6
2026-09-01T03:00:00Z,MUPS-B1,HALL-B,mech,98.28,101.31,32.8,34.3,124.9,100,0,0,6
2026-09-01T04:00:00Z,MUPS-B1,HALL-B,mech,95.06,97.99,31.7,32.0,116.6,100,0,0,6
2026-09-01T05:00:00Z,MUPS-B1,HALL-B,mech,94.16,97.06,31.4,32.0,116.5,100,0,0,6
2026-09-01T06:00:00Z,MUPS-B1,HALL-B,mech,94.57,97.48,31.5,32.0,116.5,100,0,0,6
2026-09-01T07:00:00Z,MUPS-B1,HALL-B,mech,93.82,96.72,31.3,31.6,115.3,100,0,0,6
2026-09-01T08:00:00Z,MUPS-B1,HALL-B,mech,94.91,97.84,31.6,32.0,116.7,100,0,0,6
2026-09-01T09:00:00Z,MUPS-B1,HALL-B,mech,97.68,100.7,32.6,33.2,120.9,100,0,0,6
2026-09-01T10:00:00Z,MUPS-B1,HALL-B,mech,98.15,101.17,32.7,33.0,120.5,100,0,0,6
2026-09-01T11:00:00Z,MUPS-B1,HALL-B,mech,100.78,103.91,33.6,34.3,125.0,100,0,0,6
2026-09-01T12:00:00Z,MUPS-B1,HALL-B,mech,104.43,107.65,34.8,36.5,133.3,100,0,0,6
2026-09-01T13:00:00Z,MUPS-B1,HALL-B,mech,111.29,114.74,37.1,38.9,141.6,100,0,0,6
2026-09-01T14:00:00Z,MUPS-B1,HALL-B,mech,119.44,123.14,39.8,41.1,150.0,100,0,0,6
2026-09-01T15:00:00Z,MUPS-B1,HALL-B,mech,127.21,131.15,42.4,43.6,159.1,100,0,0,6
2026-09-01T16:00:00Z,MUPS-B1,HALL-B,mech,128.97,132.95,43.0,43.5,158.7,100,0,0,6
2026-09-01T17:00:00Z,MUPS-B1,HALL-B,mech,126.69,130.6,42.2,42.9,156.5,100,0,0,6
2026-09-01T18:00:00Z,MUPS-B1,HALL-B,mech,123.89,127.72,41.3,41.7,152.0,100,0,0,6
2026-09-01T19:00:00Z,MUPS-B1,HALL-B,mech,120.07,123.78,40.0,41.2,150.0,100,0,0,6
2026-09-01T20:00:00Z,MUPS-B1,HALL-B,mech,120.69,124.41,40.2,40.8,148.8,100,0,0,6
2026-09-01T21:00:00Z,MUPS-B1,HALL-B,mech,125.66,129.54,41.9,42.8,155.9,100,0,0,6
2026-09-01T22:00:00Z,MUPS-B1,HALL-B,mech,129.17,133.17,43.1,44.4,161.9,100,0,0,6
2026-09-01T23:00:00Z,MUPS-B1,HALL-B,mech,133.65,137.77,44.6,45.2,164.8,100,0,0,6
2026-09-02T00:00:00Z,MUPS-B1,HALL-B,mech,132.75,136.85,44.3,44.9,163.8,100,0,0,6
2026-09-02T01:00:00Z,MUPS-B1,HALL-B,mech,126.71,130.62,42.2,43.4,158.1,100,0,0,6
2026-09-02T02:00:00Z,MUPS-B1,HALL-B,mech,124.12,127.96,41.4,42.4,154.5,100,0,0,6
2026-09-02T03:00:00Z,MUPS-B1,HALL-B,mech,119.0,122.68,39.7,40.5,147.7,100,0,0,6
2026-09-02T04:00:00Z,MUPS-B1,HALL-B,mech,119.58,123.27,39.9,40.9,149.0,100,0,0,6
2026-09-02T05:00:00Z,MUPS-B1,HALL-B,mech,122.05,125.83,40.7,41.5,151.4,100,0,0,6
2026-09-02T06:00:00Z,MUPS-B1,HALL-B,mech,127.01,130.94,42.3,43.7,158.9,100,0,0,6
2026-09-02T07:00:00Z,MUPS-B1,HALL-B,mech,131.09,135.16,43.7,44.1,160.9,100,0,0,6
2026-09-02T08:00:00Z,MUPS-B1,HALL-B,mech,129.47,133.48,43.2,43.8,159.7,100,0,0,6
2026-09-02T09:00:00Z,MUPS-B1,HALL-B,mech,128.46,132.43,42.8,43.8,159.3,100,0,0,6
2026-09-02T10:00:00Z,MUPS-B1,HALL-B,mech,126.12,130.02,42.0,42.6,155.4,100,0,0,6
2026-09-02T11:00:00Z,MUPS-B1,HALL-B,mech,124.32,128.16,41.4,42.0,153.2,100,0,0,6
2026-09-02T12:00:00Z,MUPS-B1,HALL-B,mech,123.82,127.65,41.3,42.1,153.4,100,0,0,6
2026-09-02T13:00:00Z,MUPS-B1,HALL-B,mech,121.42,125.18,40.5,40.8,148.6,100,0,0,6
2026-09-02T14:00:00Z,MUPS-B1,HALL-B,mech,120.44,124.17,40.1,41.0,149.4,100,0,0,6
2026-09-02T15:00:00Z,MUPS-B1,HALL-B,mech,116.72,120.34,38.9,39.9,145.3,100,0,0,6
2026-09-02T16:00:00Z,MUPS-B1,HALL-B,mech,117.83,121.46,39.3,40.0,146.1,100,0,0,6
2026-09-02T17:00:00Z,MUPS-B1,HALL-B,mech,118.33,121.99,39.4,40.2,146.6,100,0,0,6
2026-09-02T18:00:00Z,MUPS-B1,HALL-B,mech,119.11,122.81,39.7,40.1,146.0,100,0,0,6
2026-09-02T19:00:00Z,MUPS-B1,HALL-B,mech,119.13,122.83,39.7,40.4,147.3,100,0,0,6
2026-09-02T20:00:00Z,MUPS-B1,HALL-B,mech,121.12,124.86,40.4,41.1,149.9,100,0,0,6
2026-09-02T21:00:00Z,MUPS-B1,HALL-B,mech,121.13,124.88,40.4,40.8,149.0,100,0,0,6
2026-09-02T22:00:00Z,MUPS-B1,HALL-B,mech,123.58,127.4,41.2,41.7,152.0,100,0,0,6
2026-09-02T23:00:00Z,MUPS-B1,HALL-B,mech,124.19,128.02,41.4,42.4,154.7,100,0,0,6
2026-09-03T00:00:00Z,MUPS-B1,HALL-B,mech,123.8,127.64,41.3,41.8,152.8,100,0,0,6
2026-09-03T01:00:00Z,MUPS-B1,HALL-B,mech,119.86,123.56,40.0,40.5,147.8,100,0,0,6
2026-09-03T02:00:00Z,MUPS-B1,HALL-B,mech,114.82,118.37,38.3,39.2,142.9,100,0,0,6
2026-09-03T03:00:00Z,MUPS-B1,HALL-B,mech,110.5,113.94,36.8,37.6,137.1,100,0,0,6
2026-09-03T04:00:00Z,MUPS-B1,HALL-B,mech,107.84,111.17,35.9,37.1,135.2,100,0,0,6
2026-09-03T05:00:00Z,MUPS-B1,HALL-B,mech,104.51,107.73,34.8,35.5,129.6,100,0,0,6
2026-09-03T06:00:00Z,MUPS-B1,HALL-B,mech,100.01,103.1,33.3,34.4,125.2,100,0,0,6
2026-09-03T07:00:00Z,MUPS-B1,HALL-B,mech,98.31,101.36,32.8,33.5,122.0,100,0,0,6
2026-09-03T08:00:00Z,MUPS-B1,HALL-B,mech,99.42,102.51,33.1,34.5,126.0,100,0,0,6
2026-09-03T09:00:00Z,MUPS-B1,HALL-B,mech,107.09,110.4,35.7,37.4,136.1,100,0,0,6
2026-09-03T10:00:00Z,MUPS-B1,HALL-B,mech,115.97,119.55,38.7,40.0,146.0,100,0,0,6
2026-09-03T11:00:00Z,MUPS-B1,HALL-B,mech,123.69,127.53,41.2,42.5,155.2,100,0,0,6
2026-09-03T12:00:00Z,MUPS-B1,HALL-B,mech,128.59,132.58,42.9,43.5,158.4,100,0,0,6
2026-09-03T13:00:00Z,MUPS-B1,HALL-B,mech,128.44,132.41,42.8,43.3,157.6,100,0,0,6
2026-09-03T14:00:00Z,MUPS-B1,HALL-B,mech,128.76,132.74,42.9,43.6,159.1,100,0,0,6
2026-09-03T15:00:00Z,MUPS-B1,HALL-B,mech,127.62,131.56,42.5,42.9,156.3,100,0,0,6
2026-09-03T16:00:00Z,MUPS-B1,HALL-B,mech,122.83,126.64,40.9,42.9,156.3,100,0,0,6
2026-09-03T17:00:00Z,MUPS-B1,HALL-B,mech,114.7,118.25,38.2,39.8,144.9,100,0,0,6
2026-09-03T18:00:00Z,MUPS-B1,HALL-B,mech,107.81,111.16,35.9,37.6,136.9,100,0,0,6
2026-09-03T19:00:00Z,MUPS-B1,HALL-B,mech,98.63,101.68,32.9,34.5,125.5,100,0,0,6
2026-09-03T20:00:00Z,MUPS-B1,HALL-B,mech,94.28,97.19,31.4,31.9,116.3,100,0,0,6
2026-09-03T21:00:00Z,MUPS-B1,HALL-B,mech,96.02,99.0,32.0,32.5,118.5,100,0,0,6
2026-09-03T22:00:00Z,MUPS-B1,HALL-B,mech,95.81,98.81,31.9,32.2,117.4,100,0,0,6
2026-09-03T23:00:00Z,MUPS-B1,HALL-B,mech,95.79,98.76,31.9,32.4,118.1,100,0,0,6
2026-09-04T00:00:00Z,MUPS-B1,HALL-B,mech,102.03,105.17,34.0,35.5,129.5,100,0,0,6
2026-09-04T01:00:00Z,MUPS-B1,HALL-B,mech,109.68,113.08,36.6,37.8,137.8,100,0,0,6
2026-09-04T02:00:00Z,MUPS-B1,HALL-B,mech,118.1,121.75,39.4,40.4,147.1,100,0,0,6
2026-09-04T03:00:00Z,MUPS-B1,HALL-B,mech,125.44,129.32,41.8,43.5,158.6,100,0,0,6
2026-09-04T04:00:00Z,MUPS-B1,HALL-B,mech,129.28,133.28,43.1,43.9,160.1,100,0,0,6
2026-09-04T05:00:00Z,MUPS-B1,HALL-B,mech,127.37,131.31,42.5,43.2,157.6,100,0,0,6
2026-09-04T06:00:00Z,MUPS-B1,HALL-B,mech,128.62,132.61,42.9,43.4,158.2,100,0,0,6
2026-09-04T07:00:00Z,MUPS-B1,HALL-B,mech,126.83,130.74,42.3,42.8,155.9,100,0,0,6
2026-09-04T08:00:00Z,MUPS-B1,HALL-B,mech,124.84,128.71,41.6,42.4,154.6,100,0,0,6
2026-09-04T09:00:00Z,MUPS-B1,HALL-B,mech,121.81,125.58,40.6,41.1,150.0,100,0,0,6
2026-09-04T10:00:00Z,MUPS-B1,HALL-B,mech,118.22,121.88,39.4,40.5,147.6,100,0,0,6
2026-09-04T11:00:00Z,MUPS-B1,HALL-B,mech,114.71,118.26,38.2,38.7,141.1,100,0,0,6
2026-09-04T12:00:00Z,MUPS-B1,HALL-B,mech,114.53,118.08,38.2,38.8,141.3,100,0,0,6
2026-09-04T13:00:00Z,MUPS-B1,HALL-B,mech,117.92,121.58,39.3,39.9,145.5,100,0,0,6
2026-09-04T14:00:00Z,MUPS-B1,HALL-B,mech,120.71,124.44,40.2,41.3,150.5,100,0,0,6
2026-09-04T15:00:00Z,MUPS-B1,HALL-B,mech,123.25,127.06,41.1,41.7,152.1,100,0,0,6
2026-09-04T16:00:00Z,MUPS-B1,HALL-B,mech,124.6,128.46,41.5,41.9,152.8,100,0,0,6
2026-09-04T17:00:00Z,MUPS-B1,HALL-B,mech,119.72,123.43,39.9,40.7,148.2,100,0,0,6
2026-09-04T18:00:00Z,MUPS-B1,HALL-B,mech,118.37,122.03,39.5,40.4,147.3,100,0,0,6
2026-09-04T19:00:00Z,MUPS-B1,HALL-B,mech,115.52,119.1,38.5,39.1,142.7,100,0,0,6
2026-09-04T20:00:00Z,MUPS-B1,HALL-B,mech,115.0,118.57,38.3,38.9,141.9,100,0,0,6
2026-09-04T21:00:00Z,MUPS-B1,HALL-B,mech,116.6,120.2,38.9,39.8,145.1,100,0,0,6
2026-09-04T22:00:00Z,MUPS-B1,HALL-B,mech,119.25,122.94,39.7,40.5,147.7,100,0,0,6
2026-09-04T23:00:00Z,MUPS-B1,HALL-B,mech,121.93,125.7,40.6,41.6,151.4,100,0,0,6
2026-09-05T00:00:00Z,MUPS-B1,HALL-B,mech,123.74,127.56,41.3,41.9,152.3,100,0,0,6
2026-09-05T01:00:00Z,MUPS-B1,HALL-B,mech,123.17,126.98,41.1,41.9,152.6,100,0,0,6
2026-09-05T02:00:00Z,MUPS-B1,HALL-B,mech,124.17,128.0,41.4,42.1,153.2,100,0,0,6
2026-09-05T03:00:00Z,MUPS-B1,HALL-B,mech,123.84,127.68,41.3,41.8,152.6,100,0,0,6
2026-09-05T04:00:00Z,MUPS-B1,HALL-B,mech,126.48,130.4,42.2,43.0,156.8,100,0,0,6
2026-09-05T05:00:00Z,MUPS-B1,HALL-B,mech,124.56,128.43,41.5,41.9,152.9,100,0,0,6
2026-09-05T06:00:00Z,MUPS-B1,HALL-B,mech,123.67,127.49,41.2,42.1,153.5,100,0,0,6
2026-09-05T07:00:00Z,MUPS-B1,HALL-B,mech,123.51,127.33,41.2,41.8,152.2,100,0,0,6
2026-09-05T08:00:00Z,MUPS-B1,HALL-B,mech,122.1,125.89,40.7,41.3,150.5,100,0,0,6
2026-09-05T09:00:00Z,MUPS-B1,HALL-B,mech,119.5,123.19,39.8,40.4,147.0,100,0,0,6
2026-09-05T10:00:00Z,MUPS-B1,HALL-B,mech,119.55,123.24,39.9,40.6,147.9,100,0,0,6
2026-09-05T11:00:00Z,MUPS-B1,HALL-B,mech,118.74,122.43,39.6,39.9,145.8,100,0,0,6
2026-09-05T12:00:00Z,MUPS-B1,HALL-B,mech,117.23,120.86,39.1,40.0,145.9,100,0,0,6
2026-09-05T13:00:00Z,MUPS-B1,HALL-B,mech,115.02,118.59,38.3,38.8,141.5,100,0,0,6
2026-09-05T14:00:00Z,MUPS-B1,HALL-B,mech,109.3,112.69,36.4,37.6,136.8,100,0,0,6
2026-09-05T15:00:00Z,MUPS-B1,HALL-B,mech,105.85,109.13,35.3,35.7,130.3,100,0,0,6
2026-09-05T16:00:00Z,MUPS-B1,HALL-B,mech,103.66,106.87,34.6,35.1,128.0,100,0,0,6
2026-09-05T17:00:00Z,MUPS-B1,HALL-B,mech,103.37,106.58,34.5,35.0,127.8,100,0,0,6
2026-09-05T18:00:00Z,MUPS-B1,HALL-B,mech,100.02,103.1,33.3,33.9,123.7,100,0,0,6
2026-09-05T19:00:00Z,MUPS-B1,HALL-B,mech,99.07,102.14,33.0,33.6,122.3,100,0,0,6
2026-09-05T20:00:00Z,MUPS-B1,HALL-B,mech,99.52,102.6,33.2,33.8,123.3,100,0,0,6
2026-09-05T21:00:00Z,MUPS-B1,HALL-B,mech,106.8,110.1,35.6,37.2,135.5,100,0,0,6
2026-09-05T22:00:00Z,MUPS-B1,HALL-B,mech,112.45,115.93,37.5,38.8,141.3,100,0,0,6
2026-09-05T23:00:00Z,MUPS-B1,HALL-B,mech,119.07,122.74,39.7,41.0,149.2,100,0,0,6
2026-09-06T00:00:00Z,MUPS-B1,HALL-B,mech,123.88,127.72,41.3,42.1,153.4,100,0,0,6
2026-09-06T01:00:00Z,MUPS-B1,HALL-B,mech,126.92,130.84,42.3,43.4,158.2,100,0,0,6
2026-09-06T02:00:00Z,MUPS-B1,HALL-B,mech,129.44,133.44,43.1,43.6,159.0,100,0,0,6
2026-09-06T03:00:00Z,MUPS-B1,HALL-B,mech,130.85,134.91,43.6,44.6,162.5,100,0,0,6
2026-09-06T04:00:00Z,MUPS-B1,HALL-B,mech,128.12,132.09,42.7,44.5,162.3,100,0,0,6
2026-09-06T05:00:00Z,MUPS-B1,HALL-B,mech,120.61,124.35,40.2,41.6,151.8,100,0,0,6
2026-09-06T06:00:00Z,MUPS-B1,HALL-B,mech,114.68,118.23,38.2,38.8,141.3,100,0,0,6
2026-09-06T07:00:00Z,MUPS-B1,HALL-B,mech,107.35,110.66,35.8,37.8,137.7,100,0,0,6
2026-09-06T08:00:00Z,MUPS-B1,HALL-B,mech,108.85,112.21,36.3,37.3,136.0,100,0,0,6
2026-09-06T09:00:00Z,MUPS-B1,HALL-B,mech,113.13,116.61,37.7,38.4,139.9,100,0,0,6
2026-09-06T10:00:00Z,MUPS-B1,HALL-B,mech,115.96,119.55,38.7,39.1,142.7,100,0,0,6
2026-09-06T11:00:00Z,MUPS-B1,HALL-B,mech,119.27,122.95,39.8,40.6,148.1,100,0,0,6
2026-09-06T12:00:00Z,MUPS-B1,HALL-B,mech,121.59,125.35,40.5,41.0,149.3,100,0,0,6
2026-09-06T13:00:00Z,MUPS-B1,HALL-B,mech,121.1,124.83,40.4,41.0,149.5,100,0,0,6
2026-09-06T14:00:00Z,MUPS-B1,HALL-B,mech,120.24,123.94,40.1,40.5,147.5,100,0,0,6
2026-09-06T15:00:00Z,MUPS-B1,HALL-B,mech,118.65,122.31,39.6,40.2,146.2,100,0,0,6
2026-09-06T16:00:00Z,MUPS-B1,HALL-B,mech,118.25,121.91,39.4,40.7,148.5,100,0,0,6
2026-09-06T17:00:00Z,MUPS-B1,HALL-B,mech,116.39,119.99,38.8,39.3,143.2,100,0,0,6
2026-09-06T18:00:00Z,MUPS-B1,HALL-B,mech,112.31,115.78,37.4,38.6,140.8,100,0,0,6
2026-09-06T19:00:00Z,MUPS-B1,HALL-B,mech,111.22,114.65,37.1,37.8,137.8,100,0,0,6
2026-09-06T20:00:00Z,MUPS-B1,HALL-B,mech,110.09,113.49,36.7,37.2,135.6,100,0,0,6
2026-09-06T21:00:00Z,MUPS-B1,HALL-B,mech,110.88,114.29,37.0,37.3,136.0,100,0,0,6
2026-09-06T22:00:00Z,MUPS-B1,HALL-B,mech,112.87,116.37,37.6,38.3,139.8,100,0,0,6
2026-09-06T23:00:00Z,MUPS-B1,HALL-B,mech,114.31,117.84,38.1,38.8,141.4,100,0,0,6
2026-09-07T00:00:00Z,MUPS-B1,HALL-B,mech,114.8,118.35,38.3,39.0,142.2,100,0,0,6
2026-09-07T01:00:00Z,MUPS-B1,HALL-B,mech,113.6,117.1,37.9,38.3,139.4,100,0,0,6
2026-09-07T02:00:00Z,MUPS-B1,HALL-B,mech,112.29,115.77,37.4,37.9,138.4,100,0,0,6
2026-09-07T03:00:00Z,MUPS-B1,HALL-B,mech,112.41,115.88,37.5,38.3,139.7,100,0,0,6
2026-09-07T04:00:00Z,MUPS-B1,HALL-B,mech,107.76,111.08,35.9,36.8,134.4,100,0,0,6
2026-09-07T05:00:00Z,MUPS-B1,HALL-B,mech,106.44,109.74,35.5,35.8,130.6,100,0,0,6
2026-09-07T06:00:00Z,MUPS-B1,HALL-B,mech,104.18,107.39,34.7,35.2,128.5,100,0,0,6
2026-09-07T07:00:00Z,MUPS-B1,HALL-B,mech,102.48,105.65,34.2,34.6,126.0,100,0,0,6
2026-09-07T08:00:00Z,MUPS-B1,HALL-B,mech,103.91,107.12,34.6,35.9,130.7,100,0,0,6
2026-09-07T09:00:00Z,MUPS-B1,HALL-B,mech,110.33,113.74,36.8,38.3,139.5,100,0,0,6
2026-09-07T10:00:00Z,MUPS-B1,HALL-B,mech,116.68,120.29,38.9,40.2,146.7,100,0,0,6
2026-09-07T11:00:00Z,MUPS-B1,HALL-B,mech,122.81,126.61,40.9,42.0,153.1,100,0,0,6
2026-09-07T12:00:00Z,MUPS-B1,HALL-B,mech,124.62,128.47,41.5,42.4,154.4,100,0,0,6
2026-09-07T13:00:00Z,MUPS-B1,HALL-B,mech,119.14,122.81,39.7,40.9,149.0,100,0,0,6
2026-09-07T14:00:00Z,MUPS-B1,HALL-B,mech,116.45,120.04,38.8,39.5,143.9,100,0,0,6
2026-09-07T15:00:00Z,MUPS-B1,HALL-B,mech,110.86,114.29,37.0,37.9,138.2,100,0,0,6
2026-09-07T16:00:00Z,MUPS-B1,HALL-B,mech,110.17,113.58,36.7,37.8,137.9,100,0,0,6
2026-09-07T17:00:00Z,MUPS-B1,HALL-B,mech,112.86,116.36,37.6,38.1,138.8,100,0,0,6
2026-09-07T18:00:00Z,MUPS-B1,HALL-B,mech,114.71,118.26,38.2,39.2,142.9,100,0,0,6
2026-09-07T19:00:00Z,MUPS-B1,HALL-B,mech,118.52,122.2,39.5,40.0,146.0,100,0,0,6
2026-09-07T20:00:00Z,MUPS-B1,HALL-B,mech,120.61,124.34,40.2,40.7,148.6,100,0,0,6
2026-09-07T21:00:00Z,MUPS-B1,HALL-B,mech,120.61,124.32,40.2,40.6,148.1,100,0,0,6
2026-09-07T22:00:00Z,MUPS-B1,HALL-B,mech,122.58,126.38,40.9,41.8,152.4,100,0,0,6
2026-09-07T23:00:00Z,MUPS-B1,HALL-B,mech,124.16,128.0,41.4,42.1,153.4,100,0,0,6
2026-09-08T00:00:00Z,MUPS-B1,HALL-B,mech,121.91,125.67,40.6,41.9,152.6,100,0,0,6
2026-09-08T01:00:00Z,MUPS-B1,HALL-B,mech,116.13,119.72,38.7,40.2,146.8,100,0,0,6
2026-09-08T02:00:00Z,MUPS-B1,HALL-B,mech,108.44,111.79,36.1,37.4,136.5,100,0,0,6
2026-09-08T03:00:00Z,MUPS-B1,HALL-B,mech,101.77,104.92,33.9,35.0,127.8,100,0,0,6
2026-09-08T04:00:00Z,MUPS-B1,HALL-B,mech,98.18,101.21,32.7,33.2,121.2,100,0,0,6
2026-09-08T05:00:00Z,MUPS-B1,HALL-B,mech,98.5,101.54,32.8,33.2,121.1,100,0,0,6
2026-09-08T06:00:00Z,MUPS-B1,HALL-B,mech,99.69,102.79,33.2,33.7,122.8,100,0,0,6
2026-09-08T07:00:00Z,MUPS-B1,HALL-B,mech,100.06,103.17,33.4,33.7,123.1,100,0,0,6
2026-09-08T08:00:00Z,MUPS-B1,HALL-B,mech,100.37,103.47,33.4,33.9,123.5,100,0,0,6
2026-09-08T09:00:00Z,MUPS-B1,HALL-B,mech,101.09,104.22,33.7,34.4,125.2,100,0,0,6
2026-09-08T10:00:00Z,MUPS-B1,HALL-B,mech,99.99,103.08,33.3,33.7,122.9,100,0,0,6
2026-09-08T11:00:00Z,MUPS-B1,HALL-B,mech,100.63,103.73,33.5,33.9,123.7,100,0,0,6
2026-09-08T12:00:00Z,MUPS-B1,HALL-B,mech,103.88,107.09,34.6,35.9,130.7,100,0,0,6
2026-09-08T13:00:00Z,MUPS-B1,HALL-B,mech,109.15,112.53,36.4,37.0,134.9,100,0,0,6
2026-09-08T14:00:00Z,MUPS-B1,HALL-B,mech,116.11,119.71,38.7,40.1,146.1,100,0,0,6
2026-09-08T15:00:00Z,MUPS-B1,HALL-B,mech,122.73,126.54,40.9,42.2,153.8,100,0,0,6
2026-09-08T16:00:00Z,MUPS-B1,HALL-B,mech,125.62,129.51,41.9,42.7,155.4,100,0,0,6
2026-09-08T17:00:00Z,MUPS-B1,HALL-B,mech,122.0,125.77,40.7,41.4,151.1,100,0,0,6
2026-09-08T18:00:00Z,MUPS-B1,HALL-B,mech,119.06,122.73,39.7,40.3,146.9,100,0,0,6
2026-09-08T19:00:00Z,MUPS-B1,HALL-B,mech,118.3,121.96,39.4,39.8,145.1,100,0,0,6
2026-09-08T20:00:00Z,MUPS-B1,HALL-B,mech,114.36,117.9,38.1,38.7,141.0,100,0,0,6
2026-09-08T21:00:00Z,MUPS-B1,HALL-B,mech,111.29,114.73,37.1,38.4,139.8,100,0,0,6
2026-09-08T22:00:00Z,MUPS-B1,HALL-B,mech,107.87,111.2,36.0,36.5,132.8,100,0,0,6
2026-09-08T23:00:00Z,MUPS-B1,HALL-B,mech,104.24,107.48,34.8,35.6,129.7,100,0,0,6
2026-09-09T00:00:00Z,MUPS-B1,HALL-B,mech,105.78,109.06,35.3,36.3,132.1,100,0,0,6
2026-09-09T01:00:00Z,MUPS-B1,HALL-B,mech,110.55,113.97,36.9,37.8,137.7,100,0,0,6
2026-09-09T02:00:00Z,MUPS-B1,HALL-B,mech,115.21,118.78,38.4,38.8,141.6,100,0,0,6
2026-09-09T03:00:00Z,MUPS-B1,HALL-B,mech,120.22,123.93,40.1,41.2,150.3,100,0,0,6
2026-09-09T04:00:00Z,MUPS-B1,HALL-B,mech,125.06,128.93,41.7,42.4,154.7,100,0,0,6
2026-09-09T05:00:00Z,MUPS-B1,HALL-B,mech,123.67,127.49,41.2,41.8,152.4,100,0,0,6
2026-09-09T06:00:00Z,MUPS-B1,HALL-B,mech,126.2,130.09,42.1,42.8,155.8,100,0,0,6
2026-09-09T07:00:00Z,MUPS-B1,HALL-B,mech,127.74,131.7,42.6,43.1,157.0,100,0,0,6
2026-09-09T08:00:00Z,MUPS-B1,HALL-B,mech,129.36,133.36,43.1,43.8,159.5,100,0,0,6
2026-09-09T09:00:00Z,MUPS-B1,HALL-B,mech,132.1,136.19,44.0,44.7,163.1,100,0,0,6
2026-09-09T10:00:00Z,MUPS-B1,HALL-B,mech,131.64,135.73,43.9,44.4,161.8,100,0,0,6
2026-09-09T11:00:00Z,MUPS-B1,HALL-B,mech,132.95,137.06,44.3,45.3,164.9,100,0,0,6
2026-09-09T12:00:00Z,MUPS-B1,HALL-B,mech,133.22,137.34,44.4,45.5,165.8,100,0,0,6
2026-09-09T13:00:00Z,MUPS-B1,HALL-B,mech,132.91,137.02,44.3,44.8,163.5,100,0,0,6
2026-09-09T14:00:00Z,MUPS-B1,HALL-B,mech,129.94,133.95,43.3,43.7,159.3,100,0,0,6
2026-09-09T15:00:00Z,MUPS-B1,HALL-B,mech,128.63,132.63,42.9,43.3,157.8,100,0,0,6
2026-09-09T16:00:00Z,MUPS-B1,HALL-B,mech,123.48,127.31,41.2,42.7,155.8,100,0,0,6
2026-09-09T17:00:00Z,MUPS-B1,HALL-B,mech,115.26,118.82,38.4,40.3,146.8,100,0,0,6
2026-09-09T18:00:00Z,MUPS-B1,HALL-B,mech,106.97,110.28,35.7,37.3,135.9,100,0,0,6
2026-09-09T19:00:00Z,MUPS-B1,HALL-B,mech,96.78,99.78,32.3,34.0,123.8,100,0,0,6
2026-09-09T20:00:00Z,MUPS-B1,HALL-B,mech,97.37,100.39,32.5,34.1,124.3,100,0,0,6
2026-09-09T21:00:00Z,MUPS-B1,HALL-B,mech,108.02,111.37,36.0,37.6,137.0,100,0,0,6
2026-09-09T22:00:00Z,MUPS-B1,HALL-B,mech,117.17,120.8,39.1,41.1,150.0,100,0,0,6
2026-09-09T23:00:00Z,MUPS-B1,HALL-B,mech,126.83,130.75,42.3,43.7,159.6,100,0,0,6
2026-09-10T00:00:00Z,MUPS-B1,HALL-B,mech,130.61,134.63,43.5,44.2,161.3,100,0,0,6
2026-09-10T01:00:00Z,MUPS-B1,HALL-B,mech,128.7,132.68,42.9,43.6,158.7,100,0,0,6
2026-09-10T02:00:00Z,MUPS-B1,HALL-B,mech,126.4,130.32,42.1,43.0,156.6,100,0,0,6
2026-09-10T03:00:00Z,MUPS-B1,HALL-B,mech,124.7,128.57,41.6,42.1,153.4,100,0,0,6
2026-09-10T04:00:00Z,MUPS-B1,HALL-B,mech,123.29,127.09,41.1,41.7,152.0,100,0,0,6
2026-09-10T05:00:00Z,MUPS-B1,HALL-B,mech,122.91,126.72,41.0,41.8,152.2,100,0,0,6
2026-09-10T06:00:00Z,MUPS-B1,HALL-B,mech,118.37,122.03,39.5,40.0,146.1,100,0,0,6
2026-09-10T07:00:00Z,MUPS-B1,HALL-B,mech,116.8,120.4,38.9,39.4,143.8,100,0,0,6
2026-09-10T08:00:00Z,MUPS-B1,HALL-B,mech,113.21,116.72,37.7,38.8,141.6,100,0,0,6
2026-09-10T09:00:00Z,MUPS-B1,HALL-B,mech,107.81,111.15,35.9,36.6,133.6,100,0,0,6
2026-09-10T10:00:00Z,MUPS-B1,HALL-B,mech,102.64,105.81,34.2,35.2,128.2,100,0,0,6
2026-09-10T11:00:00Z,MUPS-B1,HALL-B,mech,98.21,101.24,32.7,33.6,122.5,100,0,0,6
2026-09-10T12:00:00Z,MUPS-B1,HALL-B,mech,99.25,102.32,33.1,34.9,127.4,100,0,0,6
2026-09-10T13:00:00Z,MUPS-B1,HALL-B,mech,107.95,111.29,36.0,37.8,137.9,100,0,0,6
2026-09-10T14:00:00Z,MUPS-B1,HALL-B,mech,117.7,121.36,39.2,40.6,148.0,100,0,0,6
2026-09-10T15:00:00Z,MUPS-B1,HALL-B,mech,124.17,128.01,41.4,43.1,157.2,100,0,0,6
2026-09-10T16:00:00Z,MUPS-B1,HALL-B,mech,127.62,131.56,42.5,43.5,158.5,100,0,0,6
2026-09-10T17:00:00Z,MUPS-B1,HALL-B,mech,125.36,129.22,41.8,43.1,157.2,100,0,0,6
2026-09-10T18:00:00Z,MUPS-B1,HALL-B,mech,121.26,125.02,40.4,41.0,149.3,100,0,0,6
2026-09-10T19:00:00Z,MUPS-B1,HALL-B,mech,120.19,123.89,40.1,40.6,148.4,100,0,0,6
2026-09-10T20:00:00Z,MUPS-B1,HALL-B,mech,115.25,118.81,38.4,39.5,143.7,100,0,0,6
2026-09-10T21:00:00Z,MUPS-B1,HALL-B,mech,109.02,112.39,36.3,37.9,138.0,100,0,0,6
2026-09-10T22:00:00Z,MUPS-B1,HALL-B,mech,102.64,105.82,34.2,35.4,129.3,100,0,0,6
2026-09-10T23:00:00Z,MUPS-B1,HALL-B,mech,96.6,99.58,32.2,33.0,120.4,100,0,0,6
2026-09-11T00:00:00Z,MUPS-B1,HALL-B,mech,95.33,98.29,31.8,32.4,118.0,100,0,0,6
2026-09-11T01:00:00Z,MUPS-B1,HALL-B,mech,97.28,100.28,32.4,32.9,119.6,100,0,0,6
2026-09-11T02:00:00Z,MUPS-B1,HALL-B,mech,100.32,103.42,33.4,34.0,124.2,100,0,0,6
2026-09-11T03:00:00Z,MUPS-B1,HALL-B,mech,103.44,106.64,34.5,35.3,128.7,100,0,0,6
2026-09-11T04:00:00Z,MUPS-B1,HALL-B,mech,107.5,110.82,35.8,36.5,133.0,100,0,0,6
2026-09-11T05:00:00Z,MUPS-B1,HALL-B,mech,109.77,113.16,36.6,37.3,135.9,100,0,0,6
2026-09-11T06:00:00Z,MUPS-B1,HALL-B,mech,115.19,118.75,38.4,39.4,143.6,100,0,0,6
2026-09-11T07:00:00Z,MUPS-B1,HALL-B,mech,119.59,123.29,39.9,41.0,149.6,100,0,0,6
2026-09-11T08:00:00Z,MUPS-B1,HALL-B,mech,120.2,123.92,40.1,40.8,148.8,100,0,0,6
2026-09-11T09:00:00Z,MUPS-B1,HALL-B,mech,121.64,125.4,40.5,41.1,149.7,100,0,0,6
2026-09-11T10:00:00Z,MUPS-B1,HALL-B,mech,121.57,125.33,40.5,40.9,149.2,100,0,0,6
2026-09-11T11:00:00Z,MUPS-B1,HALL-B,mech,122.05,125.82,40.7,41.3,150.6,100,0,0,6
2026-09-11T12:00:00Z,MUPS-B1,HALL-B,mech,121.73,125.51,40.6,41.0,149.5,100,0,0,6
2026-09-11T13:00:00Z,MUPS-B1,HALL-B,mech,120.64,124.37,40.2,40.9,149.0,100,0,0,6
2026-09-11T14:00:00Z,MUPS-B1,HALL-B,mech,119.87,123.58,40.0,40.6,148.1,100,0,0,6
2026-09-11T15:00:00Z,MUPS-B1,HALL-B,mech,119.08,122.78,39.7,40.0,145.8,100,0,0,6
2026-09-11T16:00:00Z,MUPS-B1,HALL-B,mech,119.95,123.66,40.0,40.6,148.2,100,0,0,6
2026-09-11T17:00:00Z,MUPS-B1,HALL-B,mech,121.51,125.27,40.5,41.1,149.8,100,0,0,6
2026-09-11T18:00:00Z,MUPS-B1,HALL-B,mech,123.32,127.15,41.1,41.9,152.4,100,0,0,6
2026-09-11T19:00:00Z,MUPS-B1,HALL-B,mech,126.32,130.23,42.1,42.8,155.9,100,0,0,6
2026-09-11T20:00:00Z,MUPS-B1,HALL-B,mech,125.94,129.84,42.0,42.5,155.0,100,0,0,6
2026-09-11T21:00:00Z,MUPS-B1,HALL-B,mech,123.87,127.7,41.3,41.8,152.5,100,0,0,6
2026-09-11T22:00:00Z,MUPS-B1,HALL-B,mech,122.08,125.88,40.7,41.2,150.2,100,0,0,6
2026-09-11T23:00:00Z,MUPS-B1,HALL-B,mech,120.34,124.06,40.1,40.6,148.0,100,0,0,6
2026-09-12T00:00:00Z,MUPS-B1,HALL-B,mech,122.3,126.08,40.8,41.7,151.9,100,0,0,6
2026-09-12T01:00:00Z,MUPS-B1,HALL-B,mech,123.44,127.27,41.1,41.9,152.9,100,0,0,6
2026-09-12T02:00:00Z,MUPS-B1,HALL-B,mech,124.1,127.94,41.4,41.8,152.4,100,0,0,6
2026-09-12T03:00:00Z,MUPS-B1,HALL-B,mech,127.61,131.55,42.5,43.2,157.2,100,0,0,6
2026-09-12T04:00:00Z,MUPS-B1,HALL-B,mech,127.41,131.35,42.5,43.7,159.2,100,0,0,6
2026-09-12T05:00:00Z,MUPS-B1,HALL-B,mech,124.22,128.05,41.4,41.9,152.6,100,0,0,6
2026-09-12T06:00:00Z,MUPS-B1,HALL-B,mech,122.06,125.85,40.7,41.1,149.6,100,0,0,6
2026-09-12T07:00:00Z,MUPS-B1,HALL-B,mech,119.28,122.97,39.8,40.3,147.2,100,0,0,6
2026-09-12T08:00:00Z,MUPS-B1,HALL-B,mech,117.34,120.95,39.1,39.9,145.6,100,0,0,6
2026-09-12T09:00:00Z,MUPS-B1,HALL-B,mech,114.85,118.42,38.3,38.8,141.4,100,0,0,6
2026-09-12T10:00:00Z,MUPS-B1,HALL-B,mech,112.76,116.25,37.6,38.1,138.9,100,0,0,6
2026-09-12T11:00:00Z,MUPS-B1,HALL-B,mech,109.83,113.23,36.6,37.0,135.0,100,0,0,6
2026-09-12T12:00:00Z,MUPS-B1,HALL-B,mech,113.7,117.2,37.9,39.1,142.5,100,0,0,6
2026-09-12T13:00:00Z,MUPS-B1,HALL-B,mech,119.53,123.24,39.8,40.8,148.8,100,0,0,6
2026-09-12T14:00:00Z,MUPS-B1,HALL-B,mech,124.72,128.58,41.6,42.7,155.9,100,0,0,6
2026-09-12T15:00:00Z,MUPS-B1,HALL-B,mech,130.57,134.6,43.5,45.0,164.2,100,0,0,6
2026-09-12T16:00:00Z,MUPS-B1,HALL-B,mech,132.13,136.22,44.0,44.7,162.9,100,0,0,6
2026-09-12T17:00:00Z,MUPS-B1,HALL-B,mech,127.88,131.82,42.6,44.0,160.4,100,0,0,6
2026-09-12T18:00:00Z,MUPS-B1,HALL-B,mech,122.62,126.43,40.9,41.5,151.5,100,0,0,6
2026-09-12T19:00:00Z,MUPS-B1,HALL-B,mech,119.53,123.22,39.8,41.4,151.0,100,0,0,6
2026-09-12T20:00:00Z,MUPS-B1,HALL-B,mech,116.33,119.93,38.8,39.3,143.5,100,0,0,6
2026-09-12T21:00:00Z,MUPS-B1,HALL-B,mech,115.58,119.15,38.5,39.1,142.6,100,0,0,6
2026-09-12T22:00:00Z,MUPS-B1,HALL-B,mech,115.32,118.89,38.4,39.1,142.8,100,0,0,6
2026-09-12T23:00:00Z,MUPS-B1,HALL-B,mech,112.55,116.04,37.5,38.0,138.6,100,0,0,6
2026-09-13T00:00:00Z,MUPS-B1,HALL-B,mech,110.65,114.07,36.9,37.8,137.9,100,0,0,6
2026-09-13T01:00:00Z,MUPS-B1,HALL-B,mech,103.72,106.93,34.6,36.1,131.6,100,0,0,6
2026-09-13T02:00:00Z,MUPS-B1,HALL-B,mech,99.22,102.28,33.1,34.3,125.3,100,0,0,6
2026-09-13T03:00:00Z,MUPS-B1,HALL-B,mech,92.58,95.45,30.9,31.9,116.4,100,0,0,6
2026-09-13T04:00:00Z,MUPS-B1,HALL-B,mech,94.08,96.99,31.4,33.1,120.7,100,0,0,6
2026-09-13T05:00:00Z,MUPS-B1,HALL-B,mech,103.76,106.97,34.6,36.3,132.2,100,0,0,6
2026-09-13T06:00:00Z,MUPS-B1,HALL-B,mech,113.82,117.35,37.9,39.3,143.2,100,0,0,6
2026-09-13T07:00:00Z,MUPS-B1,HALL-B,mech,122.69,126.49,40.9,43.7,159.5,100,0,0,6
2026-09-13T08:00:00Z,MUPS-B1,HALL-B,mech,125.86,129.75,42.0,43.6,159.1,100,0,0,6
2026-09-13T09:00:00Z,MUPS-B1,HALL-B,mech,122.37,126.17,40.8,41.5,151.2,100,0,0,6
2026-09-13T10:00:00Z,MUPS-B1,HALL-B,mech,114.45,117.99,38.1,39.3,143.4,100,0,0,6
2026-09-13T11:00:00Z,MUPS-B1,HALL-B,mech,110.22,113.63,36.7,38.1,138.8,100,0,0,6
2026-09-13T12:00:00Z,MUPS-B1,HALL-B,mech,108.67,112.03,36.2,37.0,134.9,100,0,0,6
2026-09-13T13:00:00Z,MUPS-B1,HALL-B,mech,111.42,114.87,37.1,37.9,137.8,100,0,0,6
2026-09-13T14:00:00Z,MUPS-B1,HALL-B,mech,115.1,118.67,38.4,39.2,143.1,100,0,0,6
2026-09-13T15:00:00Z,MUPS-B1,HALL-B,mech,118.14,121.79,39.4,40.4,147.7,100,0,0,6
2026-09-13T16:00:00Z,MUPS-B1,HALL-B,mech,119.99,123.7,40.0,40.7,148.4,100,0,0,6
2026-09-13T17:00:00Z,MUPS-B1,HALL-B,mech,120.98,124.72,40.3,40.8,148.8,100,0,0,6
2026-09-13T18:00:00Z,MUPS-B1,HALL-B,mech,123.65,127.47,41.2,42.0,152.8,100,0,0,6
2026-09-13T19:00:00Z,MUPS-B1,HALL-B,mech,127.26,131.19,42.4,42.8,156.3,100,0,0,6
2026-09-13T20:00:00Z,MUPS-B1,HALL-B,mech,129.32,133.31,43.1,43.8,159.5,100,0,0,6
2026-09-13T21:00:00Z,MUPS-B1,HALL-B,mech,130.04,134.04,43.4,43.7,159.4,100,0,0,6
2026-09-13T22:00:00Z,MUPS-B1,HALL-B,mech,129.37,133.38,43.1,43.9,160.2,100,0,0,6
2026-09-13T23:00:00Z,MUPS-B1,HALL-B,mech,130.33,134.34,43.4,43.9,160.0,100,0,0,6
2026-09-14T00:00:00Z,MUPS-B1,HALL-B,mech,130.49,134.53,43.5,44.1,160.7,100,0,0,6
2026-09-14T01:00:00Z,MUPS-B1,HALL-B,mech,126.41,130.3,42.1,43.4,158.2,100,0,0,6
2026-09-14T02:00:00Z,MUPS-B1,HALL-B,mech,122.12,125.9,40.7,41.6,151.5,100,0,0,6
2026-09-14T03:00:00Z,MUPS-B1,HALL-B,mech,119.82,123.53,39.9,40.7,148.5,100,0,0,6
2026-09-14T04:00:00Z,MUPS-B1,HALL-B,mech,116.55,120.14,38.8,39.4,143.8,100,0,0,6
2026-09-14T05:00:00Z,MUPS-B1,HALL-B,mech,113.08,116.58,37.7,38.5,140.3,100,0,0,6
2026-09-14T06:00:00Z,MUPS-B1,HALL-B,mech,109.84,113.23,36.6,37.0,134.8,100,0,0,6
2026-09-14T07:00:00Z,MUPS-B1,HALL-B,mech,107.81,111.13,35.9,36.6,133.6,100,0,0,6
2026-09-14T08:00:00Z,MUPS-B1,HALL-B,mech,106.41,109.7,35.5,36.0,131.2,100,0,0,6
2026-09-14T09:00:00Z,MUPS-B1,HALL-B,mech,109.01,112.39,36.3,36.7,133.8,100,0,0,6
2026-09-14T10:00:00Z,MUPS-B1,HALL-B,mech,109.43,112.83,36.5,36.8,134.1,100,0,0,6
2026-09-14T11:00:00Z,MUPS-B1,HALL-B,mech,110.58,114.0,36.9,37.6,137.2,100,0,0,6
2026-09-14T12:00:00Z,MUPS-B1,HALL-B,mech,109.09,112.46,36.4,37.3,136.0,100,0,0,6
2026-09-14T13:00:00Z,MUPS-B1,HALL-B,mech,105.2,108.45,35.1,36.1,131.3,100,0,0,6
2026-09-14T14:00:00Z,MUPS-B1,HALL-B,mech,102.16,105.33,34.1,34.5,126.0,100,0,0,6
2026-09-14T15:00:00Z,MUPS-B1,HALL-B,mech,98.38,101.43,32.8,33.1,120.9,100,0,0,6
2026-09-14T16:00:00Z,MUPS-B1,HALL-B,mech,101.03,104.15,33.7,34.2,124.6,100,0,0,6
2026-09-14T17:00:00Z,MUPS-B1,HALL-B,mech,104.75,107.99,34.9,35.9,130.9,100,0,0,6
2026-09-14T18:00:00Z,MUPS-B1,HALL-B,mech,110.98,114.41,37.0,38.3,139.6,100,0,0,6
2026-09-14T19:00:00Z,MUPS-B1,HALL-B,mech,117.94,121.58,39.3,40.5,147.5,100,0,0,6
2026-09-14T20:00:00Z,MUPS-B1,HALL-B,mech,117.19,120.81,39.1,40.6,147.7,100,0,0,6
2026-09-14T21:00:00Z,MUPS-B1,HALL-B,mech,112.39,115.86,37.5,38.3,139.6,100,0,0,6
2026-09-14T22:00:00Z,MUPS-B1,HALL-B,mech,106.22,109.5,35.4,36.2,132.0,100,0,0,6
2026-09-14T23:00:00Z,MUPS-B1,HALL-B,mech,100.89,104.01,33.6,34.4,125.4,100,0,0,6
2026-09-15T00:00:00Z,MUPS-B1,HALL-B,mech,97.59,100.62,32.5,33.3,121.5,100,0,0,6
2026-09-15T01:00:00Z,MUPS-B1,HALL-B,mech,95.43,98.39,31.8,32.1,117.0,100,0,0,6
2026-09-15T02:00:00Z,MUPS-B1,HALL-B,mech,95.05,97.99,31.7,32.3,117.8,100,0,0,6
2026-09-15T03:00:00Z,MUPS-B1,HALL-B,mech,93.26,96.16,31.1,31.6,115.3,100,0,0,6
2026-09-15T04:00:00Z,MUPS-B1,HALL-B,mech,93.29,96.17,31.1,31.7,115.5,100,0,0,6
2026-09-15T05:00:00Z,MUPS-B1,HALL-B,mech,94.47,97.39,31.5,32.3,118.0,100,0,0,6
2026-09-15T06:00:00Z,MUPS-B1,HALL-B,mech,97.01,100.01,32.3,32.7,119.3,100,0,0,6
2026-09-15T07:00:00Z,MUPS-B1,HALL-B,mech,98.21,101.25,32.7,33.4,121.9,100,0,0,6
2026-09-15T08:00:00Z,MUPS-B1,HALL-B,mech,100.16,103.26,33.4,33.6,122.7,100,0,0,6
2026-09-15T09:00:00Z,MUPS-B1,HALL-B,mech,101.28,104.42,33.8,34.4,125.2,100,0,0,6
2026-09-15T10:00:00Z,MUPS-B1,HALL-B,mech,104.65,107.89,34.9,35.6,130.0,100,0,0,6
2026-09-15T11:00:00Z,MUPS-B1,HALL-B,mech,106.67,109.97,35.6,36.1,131.6,100,0,0,6
2026-09-15T12:00:00Z,MUPS-B1,HALL-B,mech,107.37,110.68,35.8,36.5,133.0,100,0,0,6
2026-09-15T13:00:00Z,MUPS-B1,HALL-B,mech,108.6,111.96,36.2,37.3,135.8,100,0,0,6
2026-09-15T14:00:00Z,MUPS-B1,HALL-B,mech,109.93,113.33,36.6,37.2,135.7,100,0,0,6
2026-09-15T15:00:00Z,MUPS-B1,HALL-B,mech,111.98,115.46,37.3,37.8,138.0,100,0,0,6
2026-09-15T16:00:00Z,MUPS-B1,HALL-B,mech,113.49,117.01,37.8,38.5,140.3,100,0,0,6
2026-09-15T17:00:00Z,MUPS-B1,HALL-B,mech,116.65,120.26,38.9,39.6,144.2,100,0,0,6
2026-09-15T18:00:00Z,MUPS-B1,HALL-B,mech,118.23,121.89,39.4,40.0,145.9,100,0,0,6
2026-09-15T19:00:00Z,MUPS-B1,HALL-B,mech,119.96,123.69,40.0,40.8,149.0,100,0,0,6
2026-09-15T20:00:00Z,MUPS-B1,HALL-B,mech,119.33,123.02,39.8,40.7,148.2,100,0,0,6
2026-09-15T21:00:00Z,MUPS-B1,HALL-B,mech,115.82,119.38,38.6,39.3,143.2,100,0,0,6
2026-09-15T22:00:00Z,MUPS-B1,HALL-B,mech,112.12,115.58,37.4,38.2,139.0,100,0,0,6
2026-09-15T23:00:00Z,MUPS-B1,HALL-B,mech,108.92,112.27,36.3,37.2,135.4,100,0,0,6
2026-09-16T00:00:00Z,MUPS-B1,HALL-B,mech,109.11,112.48,36.4,37.1,135.1,100,0,0,6
2026-09-16T01:00:00Z,MUPS-B1,HALL-B,mech,115.18,118.74,38.4,39.7,144.9,100,0,0,6
2026-09-16T02:00:00Z,MUPS-B1,HALL-B,mech,122.01,125.8,40.7,42.1,153.6,100,0,0,6
2026-09-16T03:00:00Z,MUPS-B1,HALL-B,mech,127.97,131.92,42.7,43.4,158.2,100,0,0,6
2026-09-16T04:00:00Z,MUPS-B1,HALL-B,mech,129.19,133.18,43.1,44.3,161.3,100,0,0,6
2026-09-16T05:00:00Z,MUPS-B1,HALL-B,mech,118.28,121.94,39.4,40.9,149.0,100,0,0,6
2026-09-16T06:00:00Z,MUPS-B1,HALL-B,mech,111.42,114.86,37.1,38.2,139.0,100,0,0,6
2026-09-16T07:00:00Z,MUPS-B1,HALL-B,mech,103.84,107.05,34.6,36.1,131.8,100,0,0,6
2026-09-16T08:00:00Z,MUPS-B1,HALL-B,mech,102.81,106.0,34.3,35.0,127.6,100,0,0,6
2026-09-16T09:00:00Z,MUPS-B1,HALL-B,mech,107.25,110.58,35.8,36.9,134.3,100,0,0,6
2026-09-16T10:00:00Z,MUPS-B1,HALL-B,mech,111.69,115.15,37.2,38.0,138.6,100,0,0,6
2026-09-16T11:00:00Z,MUPS-B1,HALL-B,mech,117.08,120.7,39.0,40.2,146.6,100,0,0,6
2026-09-16T12:00:00Z,MUPS-B1,HALL-B,mech,117.26,120.88,39.1,40.3,146.7,100,0,0,6
2026-09-16T13:00:00Z,MUPS-B1,HALL-B,mech,112.45,115.93,37.5,38.7,140.9,100,0,0,6
2026-09-16T14:00:00Z,MUPS-B1,HALL-B,mech,106.9,110.21,35.6,36.3,132.3,100,0,0,6
2026-09-16T15:00:00Z,MUPS-B1,HALL-B,mech,103.22,106.4,34.4,35.1,127.9,100,0,0,6
2026-09-16T16:00:00Z,MUPS-B1,HALL-B,mech,100.59,103.7,33.5,34.0,123.8,100,0,0,6
2026-09-16T17:00:00Z,MUPS-B1,HALL-B,mech,100.86,103.98,33.6,34.5,125.9,100,0,0,6
2026-09-16T18:00:00Z,MUPS-B1,HALL-B,mech,99.56,102.66,33.2,33.8,123.2,100,0,0,6
2026-09-16T19:00:00Z,MUPS-B1,HALL-B,mech,102.62,105.81,34.2,34.6,126.3,100,0,0,6
2026-09-16T20:00:00Z,MUPS-B1,HALL-B,mech,104.29,107.51,34.8,36.2,132.2,100,0,0,6
2026-09-16T21:00:00Z,MUPS-B1,HALL-B,mech,110.89,114.32,37.0,37.9,138.3,100,0,0,6
2026-09-16T22:00:00Z,MUPS-B1,HALL-B,mech,116.38,119.99,38.8,39.9,145.4,100,0,0,6
2026-09-16T23:00:00Z,MUPS-B1,HALL-B,mech,121.37,125.14,40.5,41.5,151.5,100,0,0,6
2026-09-17T00:00:00Z,MUPS-B1,HALL-B,mech,124.03,127.86,41.3,42.0,153.3,100,0,0,6
2026-09-17T01:00:00Z,MUPS-B1,HALL-B,mech,120.4,124.12,40.1,40.6,148.0,100,0,0,6
2026-09-17T02:00:00Z,MUPS-B1,HALL-B,mech,117.19,120.82,39.1,39.6,144.3,100,0,0,6
2026-09-17T03:00:00Z,MUPS-B1,HALL-B,mech,115.79,119.36,38.6,39.2,143.0,100,0,0,6
2026-09-17T04:00:00Z,MUPS-B1,HALL-B,mech,114.21,117.74,38.1,38.8,141.6,100,0,0,6
2026-09-17T05:00:00Z,MUPS-B1,HALL-B,mech,116.83,120.44,38.9,39.5,143.9,100,0,0,6
2026-09-17T06:00:00Z,MUPS-B1,HALL-B,mech,119.68,123.38,39.9,40.6,148.1,100,0,0,6
2026-09-17T07:00:00Z,MUPS-B1,HALL-B,mech,122.61,126.41,40.9,41.3,150.7,100,0,0,6
2026-09-17T08:00:00Z,MUPS-B1,HALL-B,mech,123.97,127.82,41.3,42.1,153.4,100,0,0,6
2026-09-17T09:00:00Z,MUPS-B1,HALL-B,mech,122.91,126.71,41.0,42.1,153.4,100,0,0,6
2026-09-17T10:00:00Z,MUPS-B1,HALL-B,mech,125.72,129.6,41.9,42.6,155.5,100,0,0,6
2026-09-17T11:00:00Z,MUPS-B1,HALL-B,mech,128.64,132.63,42.9,43.3,157.9,100,0,0,6
2026-09-17T12:00:00Z,MUPS-B1,HALL-B,mech,128.36,132.33,42.8,43.3,157.9,100,0,0,6
2026-09-17T13:00:00Z,MUPS-B1,HALL-B,mech,127.19,131.11,42.4,43.0,157.2,100,0,0,6
2026-09-17T14:00:00Z,MUPS-B1,HALL-B,mech,126.52,130.42,42.2,42.6,155.6,100,0,0,6
2026-09-17T15:00:00Z,MUPS-B1,HALL-B,mech,127.61,131.55,42.5,43.1,157.3,100,0,0,6
2026-09-17T16:00:00Z,MUPS-B1,HALL-B,mech,123.8,127.62,41.3,42.5,154.8,100,0,0,6
2026-09-17T17:00:00Z,MUPS-B1,HALL-B,mech,118.38,122.05,39.5,39.8,145.2,100,0,0,6
2026-09-17T18:00:00Z,MUPS-B1,HALL-B,mech,114.6,118.14,38.2,39.3,143.0,100,0,0,6
2026-09-17T19:00:00Z,MUPS-B1,HALL-B,mech,108.28,111.63,36.1,37.3,135.9,100,0,0,6
2026-09-17T20:00:00Z,MUPS-B1,HALL-B,mech,105.1,108.34,35.0,35.6,130.0,100,0,0,6
2026-09-17T21:00:00Z,MUPS-B1,HALL-B,mech,101.18,104.31,33.7,34.4,125.6,100,0,0,6
2026-09-17T22:00:00Z,MUPS-B1,HALL-B,mech,99.11,102.19,33.0,33.8,122.9,100,0,0,6
2026-09-17T23:00:00Z,MUPS-B1,HALL-B,mech,95.06,97.99,31.7,32.7,119.0,100,0,0,6
2026-09-18T00:00:00Z,MUPS-B1,HALL-B,mech,93.68,96.58,31.2,31.9,116.4,100,0,0,6
2026-09-18T01:00:00Z,MUPS-B1,HALL-B,mech,95.21,98.14,31.7,32.1,117.0,100,0,0,6
2026-09-18T02:00:00Z,MUPS-B1,HALL-B,mech,95.46,98.42,31.8,32.1,117.3,100,0,0,6
2026-09-18T03:00:00Z,MUPS-B1,HALL-B,mech,94.77,97.69,31.6,32.3,117.9,100,0,0,6
2026-09-18T04:00:00Z,MUPS-B1,HALL-B,mech,99.22,102.3,33.1,34.3,125.0,100,0,0,6
2026-09-18T05:00:00Z,MUPS-B1,HALL-B,mech,105.52,108.78,35.2,36.1,131.7,100,0,0,6
2026-09-18T06:00:00Z,MUPS-B1,HALL-B,mech,113.19,116.69,37.7,39.4,143.9,100,0,0,6
2026-09-18T07:00:00Z,MUPS-B1,HALL-B,mech,118.78,122.44,39.6,40.7,148.3,100,0,0,6
2026-09-18T08:00:00Z,MUPS-B1,HALL-B,mech,119.39,123.09,39.8,41.1,149.8,100,0,0,6
2026-09-18T09:00:00Z,MUPS-B1,HALL-B,mech,113.93,117.45,38.0,39.4,143.6,100,0,0,6
2026-09-18T10:00:00Z,MUPS-B1,HALL-B,mech,107.4,110.71,35.8,37.2,135.6,100,0,0,6
2026-09-18T11:00:00Z,MUPS-B1,HALL-B,mech,101.0,104.12,33.7,34.8,126.9,100,0,0,6
2026-09-18T12:00:00Z,MUPS-B1,HALL-B,mech,101.88,105.04,34.0,35.5,129.5,100,0,0,6
2026-09-18T13:00:00Z,MUPS-B1,HALL-B,mech,109.26,112.64,36.4,37.8,137.7,100,0,0,6
2026-09-18T14:00:00Z,MUPS-B1,HALL-B,mech,119.79,123.49,39.9,41.5,151.4,100,0,0,6
2026-09-18T15:00:00Z,MUPS-B1,HALL-B,mech,129.57,133.59,43.2,44.2,160.9,100,0,0,6
2026-09-18T16:00:00Z,MUPS-B1,HALL-B,mech,132.17,136.26,44.1,44.7,162.8,100,0,0,6
2026-09-18T17:00:00Z,MUPS-B1,HALL-B,mech,131.75,135.83,43.9,44.8,163.2,100,0,0,6
2026-09-18T18:00:00Z,MUPS-B1,HALL-B,mech,133.96,138.11,44.7,45.1,164.6,100,0,0,6
2026-09-18T19:00:00Z,MUPS-B1,HALL-B,mech,133.11,137.23,44.4,45.1,164.4,100,0,0,6
2026-09-18T20:00:00Z,MUPS-B1,HALL-B,mech,131.38,135.44,43.8,45.6,166.2,100,0,0,6
2026-09-18T21:00:00Z,MUPS-B1,HALL-B,mech,126.4,130.31,42.1,43.3,157.9,100,0,0,6
2026-09-18T22:00:00Z,MUPS-B1,HALL-B,mech,123.39,127.2,41.1,41.9,152.6,100,0,0,6
2026-09-18T23:00:00Z,MUPS-B1,HALL-B,mech,119.47,123.16,39.8,40.8,148.7,100,0,0,6
2026-09-19T00:00:00Z,MUPS-B1,HALL-B,mech,118.55,122.22,39.5,40.4,146.9,100,0,0,6
2026-09-19T01:00:00Z,MUPS-B1,HALL-B,mech,122.06,125.82,40.7,41.6,151.5,100,0,0,6
2026-09-19T02:00:00Z,MUPS-B1,HALL-B,mech,126.86,130.79,42.3,43.3,157.9,100,0,0,6
2026-09-19T03:00:00Z,MUPS-B1,HALL-B,mech,130.53,134.57,43.5,44.7,163.2,100,0,0,6
2026-09-19T04:00:00Z,MUPS-B1,HALL-B,mech,131.69,135.76,43.9,44.8,163.3,100,0,0,6
2026-09-19T05:00:00Z,MUPS-B1,HALL-B,mech,124.57,128.41,41.5,42.3,153.9,100,0,0,6
2026-09-19T06:00:00Z,MUPS-B1,HALL-B,mech,119.84,123.55,40.0,41.1,149.7,100,0,0,6
2026-09-19T07:00:00Z,MUPS-B1,HALL-B,mech,114.47,118.01,38.2,39.4,143.7,100,0,0,6
2026-09-19T08:00:00Z,MUPS-B1,HALL-B,mech,109.36,112.74,36.5,37.2,135.7,100,0,0,6
2026-09-19T09:00:00Z,MUPS-B1,HALL-B,mech,107.36,110.67,35.8,36.3,132.4,100,0,0,6
2026-09-19T10:00:00Z,MUPS-B1,HALL-B,mech,103.08,106.27,34.4,35.5,129.3,100,0,0,6
2026-09-19T11:00:00Z,MUPS-B1,HALL-B,mech,101.23,104.35,33.7,34.1,124.6,100,0,0,6
2026-09-19T12:00:00Z,MUPS-B1,HALL-B,mech,102.14,105.3,34.0,34.7,126.8,100,0,0,6
2026-09-19T13:00:00Z,MUPS-B1,HALL-B,mech,109.14,112.52,36.4,37.7,137.5,100,0,0,6
2026-09-19T14:00:00Z,MUPS-B1,HALL-B,mech,114.58,118.12,38.2,39.2,143.0,100,0,0,6
2026-09-19T15:00:00Z,MUPS-B1,HALL-B,mech,120.04,123.74,40.0,41.5,151.3,100,0,0,6
2026-09-19T16:00:00Z,MUPS-B1,HALL-B,mech,121.33,125.08,40.4,41.8,152.5,100,0,0,6
2026-09-19T17:00:00Z,MUPS-B1,HALL-B,mech,112.1,115.55,37.4,38.8,141.5,100,0,0,6
2026-09-19T18:00:00Z,MUPS-B1,HALL-B,mech,106.68,109.97,35.6,36.4,132.8,100,0,0,6
2026-09-19T19:00:00Z,MUPS-B1,HALL-B,mech,99.13,102.19,33.0,34.6,125.9,100,0,0,6
2026-09-19T20:00:00Z,MUPS-B1,HALL-B,mech,94.32,97.24,31.4,32.1,117.0,100,0,0,6
2026-09-19T21:00:00Z,MUPS-B1,HALL-B,mech,95.84,98.82,31.9,32.4,118.0,100,0,0,6
2026-09-19T22:00:00Z,MUPS-B1,HALL-B,mech,95.6,98.56,31.9,32.4,118.1,100,0,0,6
2026-09-19T23:00:00Z,MUPS-B1,HALL-B,mech,95.18,98.13,31.7,32.1,116.9,100,0,0,6
2026-09-20T00:00:00Z,MUPS-B1,HALL-B,mech,99.47,102.54,33.2,34.4,125.4,100,0,0,6
2026-09-20T01:00:00Z,MUPS-B1,HALL-B,mech,109.19,112.56,36.4,38.1,138.7,100,0,0,6
2026-09-20T02:00:00Z,MUPS-B1,HALL-B,mech,118.3,121.96,39.4,40.8,148.6,100,0,0,6
2026-09-20T03:00:00Z,MUPS-B1,HALL-B,mech,125.14,129.01,41.7,43.3,158.0,100,0,0,6
2026-09-20T04:00:00Z,MUPS-B1,HALL-B,mech,130.86,134.91,43.6,44.2,161.2,100,0,0,6
2026-09-20T05:00:00Z,MUPS-B1,HALL-B,mech,129.44,133.44,43.1,43.6,158.7,100,0,0,6
2026-09-20T06:00:00Z,MUPS-B1,HALL-B,mech,129.74,133.75,43.2,44.0,160.4,100,0,0,6
2026-09-20T07:00:00Z,MUPS-B1,HALL-B,mech,128.72,132.72,42.9,43.5,158.5,100,0,0,6
2026-09-20T08:00:00Z,MUPS-B1,HALL-B,mech,125.97,129.87,42.0,43.2,157.5,100,0,0,6
2026-09-20T09:00:00Z,MUPS-B1,HALL-B,mech,121.77,125.52,40.6,41.5,151.3,100,0,0,6
2026-09-20T10:00:00Z,MUPS-B1,HALL-B,mech,117.99,121.66,39.3,39.9,145.3,100,0,0,6
2026-09-20T11:00:00Z,MUPS-B1,HALL-B,mech,113.9,117.44,38.0,38.7,141.0,100,0,0,6
2026-09-20T12:00:00Z,MUPS-B1,HALL-B,mech,113.22,116.72,37.7,38.1,138.9,100,0,0,6
2026-09-20T13:00:00Z,MUPS-B1,HALL-B,mech,111.62,115.08,37.2,37.6,137.2,100,0,0,6
2026-09-20T14:00:00Z,MUPS-B1,HALL-B,mech,113.55,117.05,37.9,38.1,138.8,100,0,0,6
2026-09-20T15:00:00Z,MUPS-B1,HALL-B,mech,113.75,117.26,37.9,38.5,140.3,100,0,0,6
2026-09-20T16:00:00Z,MUPS-B1,HALL-B,mech,115.93,119.52,38.6,39.7,144.7,100,0,0,6
2026-09-20T17:00:00Z,MUPS-B1,HALL-B,mech,120.49,124.23,40.2,41.0,149.5,100,0,0,6
2026-09-20T18:00:00Z,MUPS-B1,HALL-B,mech,123.94,127.78,41.3,42.1,153.5,100,0,0,6
2026-09-20T19:00:00Z,MUPS-B1,HALL-B,mech,128.53,132.5,42.8,43.6,158.6,100,0,0,6
2026-09-20T20:00:00Z,MUPS-B1,HALL-B,mech,127.54,131.49,42.5,43.3,157.9,100,0,0,6
2026-09-20T21:00:00Z,MUPS-B1,HALL-B,mech,122.3,126.08,40.8,42.2,153.9,100,0,0,6
2026-09-20T22:00:00Z,MUPS-B1,HALL-B,mech,116.46,120.04,38.8,39.4,143.6,100,0,0,6
2026-09-20T23:00:00Z,MUPS-B1,HALL-B,mech,112.05,115.52,37.4,38.2,139.1,100,0,0,6
2026-09-21T00:00:00Z,MUPS-B1,HALL-B,mech,111.13,114.56,37.0,38.6,140.6,100,0,0,6
2026-09-21T01:00:00Z,MUPS-B1,HALL-B,mech,116.33,119.93,38.8,39.4,143.9,100,0,0,6
2026-09-21T02:00:00Z,MUPS-B1,HALL-B,mech,118.69,122.38,39.6,40.3,147.1,100,0,0,6
2026-09-21T03:00:00Z,MUPS-B1,HALL-B,mech,121.98,125.76,40.7,41.8,152.5,100,0,0,6
2026-09-21T04:00:00Z,MUPS-B1,HALL-B,mech,125.2,129.09,41.7,42.1,153.5,100,0,0,6
2026-09-21T05:00:00Z,MUPS-B1,HALL-B,mech,125.12,129.0,41.7,42.2,154.1,100,0,0,6
2026-09-21T06:00:00Z,MUPS-B1,HALL-B,mech,123.36,127.17,41.1,41.5,151.4,100,0,0,6
2026-09-21T07:00:00Z,MUPS-B1,HALL-B,mech,124.44,128.29,41.5,42.0,153.0,100,0,0,6
2026-09-21T08:00:00Z,MUPS-B1,HALL-B,mech,121.64,125.41,40.5,41.9,152.8,100,0,0,6
2026-09-21T09:00:00Z,MUPS-B1,HALL-B,mech,113.42,116.92,37.8,38.9,141.9,100,0,0,6
2026-09-21T10:00:00Z,MUPS-B1,HALL-B,mech,107.33,110.65,35.8,36.8,134.1,100,0,0,6
2026-09-21T11:00:00Z,MUPS-B1,HALL-B,mech,100.35,103.46,33.5,34.5,125.8,100,0,0,6
2026-09-21T12:00:00Z,MUPS-B1,HALL-B,mech,99.32,102.38,33.1,33.9,123.6,100,0,0,6
2026-09-21T13:00:00Z,MUPS-B1,HALL-B,mech,103.4,106.6,34.5,35.1,128.0,100,0,0,6
2026-09-21T14:00:00Z,MUPS-B1,HALL-B,mech,107.11,110.42,35.7,36.5,133.1,100,0,0,6
2026-09-21T15:00:00Z,MUPS-B1,HALL-B,mech,111.46,114.91,37.2,37.9,138.0,100,0,0,6
2026-09-21T16:00:00Z,MUPS-B1,HALL-B,mech,115.57,119.15,38.5,39.5,144.0,100,0,0,6
2026-09-21T17:00:00Z,MUPS-B1,HALL-B,mech,119.63,123.32,39.9,40.6,147.9,100,0,0,6
2026-09-21T18:00:00Z,MUPS-B1,HALL-B,mech,124.0,127.84,41.3,42.3,154.1,100,0,0,6
2026-09-21T19:00:00Z,MUPS-B1,HALL-B,mech,130.73,134.77,43.6,44.5,162.2,100,0,0,6
2026-09-21T20:00:00Z,MUPS-B1,HALL-B,mech,127.08,131.0,42.4,43.8,159.7,100,0,0,6
2026-09-21T21:00:00Z,MUPS-B1,HALL-B,mech,119.01,122.68,39.7,41.2,150.3,100,0,0,6
2026-09-21T22:00:00Z,MUPS-B1,HALL-B,mech,110.23,113.64,36.7,38.1,139.2,100,0,0,6
2026-09-21T23:00:00Z,MUPS-B1,HALL-B,mech,102.55,105.71,34.2,36.0,131.3,100,0,0,6
2026-09-22T00:00:00Z,MUPS-B1,HALL-B,mech,102.05,105.21,34.0,35.3,128.9,100,0,0,6
2026-09-22T01:00:00Z,MUPS-B1,HALL-B,mech,110.5,113.92,36.8,38.3,139.8,100,0,0,6
2026-09-22T02:00:00Z,MUPS-B1,HALL-B,mech,120.17,123.89,40.1,41.2,150.0,100,0,0,6
2026-09-22T03:00:00Z,MUPS-B1,HALL-B,mech,127.46,131.4,42.5,44.3,161.6,100,0,0,6
2026-09-22T04:00:00Z,MUPS-B1,HALL-B,mech,129.19,133.2,43.1,44.2,161.0,100,0,0,6
2026-09-22T05:00:00Z,MUPS-B1,HALL-B,mech,126.32,130.24,42.1,42.9,156.5,100,0,0,6
2026-09-22T06:00:00Z,MUPS-B1,HALL-B,mech,119.77,123.47,39.9,41.7,151.8,100,0,0,6
2026-09-22T07:00:00Z,MUPS-B1,HALL-B,mech,115.44,119.0,38.5,39.5,143.8,100,0,0,6
2026-09-22T08:00:00Z,MUPS-B1,HALL-B,mech,113.47,116.97,37.8,38.3,139.6,100,0,0,6
2026-09-22T09:00:00Z,MUPS-B1,HALL-B,mech,111.46,114.89,37.2,38.0,138.5,100,0,0,6
2026-09-22T10:00:00Z,MUPS-B1,HALL-B,mech,108.93,112.32,36.3,36.8,134.3,100,0,0,6
2026-09-22T11:00:00Z,MUPS-B1,HALL-B,mech,106.95,110.25,35.6,36.0,131.2,100,0,0,6
2026-09-22T12:00:00Z,MUPS-B1,HALL-B,mech,107.23,110.54,35.7,36.3,132.4,100,0,0,6
2026-09-22T13:00:00Z,MUPS-B1,HALL-B,mech,106.57,109.86,35.5,36.0,131.2,100,0,0,6
2026-09-22T14:00:00Z,MUPS-B1,HALL-B,mech,107.3,110.6,35.8,36.2,131.9,100,0,0,6
2026-09-22T15:00:00Z,MUPS-B1,HALL-B,mech,106.74,110.04,35.6,36.0,131.5,100,0,0,6
2026-09-22T16:00:00Z,MUPS-B1,HALL-B,mech,107.23,110.54,35.7,36.4,132.6,100,0,0,6
2026-09-22T17:00:00Z,MUPS-B1,HALL-B,mech,109.83,113.23,36.6,37.1,135.2,100,0,0,6
2026-09-22T18:00:00Z,MUPS-B1,HALL-B,mech,110.55,113.96,36.8,37.5,136.8,100,0,0,6
2026-09-22T19:00:00Z,MUPS-B1,HALL-B,mech,110.88,114.31,37.0,37.6,136.9,100,0,0,6
2026-09-22T20:00:00Z,MUPS-B1,HALL-B,mech,111.56,114.99,37.2,38.3,139.6,100,0,0,6
2026-09-22T21:00:00Z,MUPS-B1,HALL-B,mech,116.18,119.77,38.7,39.4,143.8,100,0,0,6
2026-09-22T22:00:00Z,MUPS-B1,HALL-B,mech,117.69,121.32,39.2,39.6,144.2,100,0,0,6
2026-09-22T23:00:00Z,MUPS-B1,HALL-B,mech,119.83,123.53,39.9,40.7,148.4,100,0,0,6
2026-09-23T00:00:00Z,MUPS-B1,HALL-B,mech,121.44,125.19,40.5,41.1,149.7,100,0,0,6
2026-09-23T01:00:00Z,MUPS-B1,HALL-B,mech,125.97,129.86,42.0,42.8,156.1,100,0,0,6
2026-09-23T02:00:00Z,MUPS-B1,HALL-B,mech,126.49,130.4,42.2,42.8,156.0,100,0,0,6
2026-09-23T03:00:00Z,MUPS-B1,HALL-B,mech,132.13,136.21,44.0,45.0,164.1,100,0,0,6
2026-09-23T04:00:00Z,MUPS-B1,HALL-B,mech,129.35,133.35,43.1,44.5,162.4,100,0,0,6
2026-09-23T05:00:00Z,MUPS-B1,HALL-B,mech,120.52,124.25,40.2,41.7,151.8,100,0,0,6
2026-09-23T06:00:00Z,MUPS-B1,HALL-B,mech,112.33,115.81,37.4,39.0,142.1,100,0,0,6
2026-09-23T07:00:00Z,MUPS-B1,HALL-B,mech,106.1,109.38,35.4,36.4,132.8,100,0,0,6
2026-09-23T08:00:00Z,MUPS-B1,HALL-B,mech,101.7,104.83,33.9,34.5,125.8,100,0,0,6
2026-09-23T09:00:00Z,MUPS-B1,HALL-B,mech,103.42,106.62,34.5,34.9,127.1,100,0,0,6
2026-09-23T10:00:00Z,MUPS-B1,HALL-B,mech,105.73,109.0,35.2,35.9,131.2,100,0,0,6
2026-09-23T11:00:00Z,MUPS-B1,HALL-B,mech,108.32,111.67,36.1,36.6,133.4,100,0,0,6
2026-09-23T12:00:00Z,MUPS-B1,HALL-B,mech,111.42,114.87,37.1,37.7,137.7,100,0,0,6
2026-09-23T13:00:00Z,MUPS-B1,HALL-B,mech,116.05,119.64,38.7,39.8,145.2,100,0,0,6
2026-09-23T14:00:00Z,MUPS-B1,HALL-B,mech,121.2,124.96,40.4,41.3,150.8,100,0,0,6
2026-09-23T15:00:00Z,MUPS-B1,HALL-B,mech,125.25,129.13,41.8,42.8,156.3,100,0,0,6
2026-09-23T16:00:00Z,MUPS-B1,HALL-B,mech,125.38,129.28,41.8,42.7,155.8,100,0,0,6
2026-09-23T17:00:00Z,MUPS-B1,HALL-B,mech,122.51,126.3,40.8,41.8,152.1,100,0,0,6
2026-09-23T18:00:00Z,MUPS-B1,HALL-B,mech,117.77,121.4,39.3,39.7,144.7,100,0,0,6
2026-09-23T19:00:00Z,MUPS-B1,HALL-B,mech,115.84,119.42,38.6,39.6,144.4,100,0,0,6
2026-09-23T20:00:00Z,MUPS-B1,HALL-B,mech,110.34,113.75,36.8,37.4,136.2,100,0,0,6
2026-09-23T21:00:00Z,MUPS-B1,HALL-B,mech,107.75,111.07,35.9,36.3,132.5,100,0,0,6
2026-09-23T22:00:00Z,MUPS-B1,HALL-B,mech,104.72,107.96,34.9,35.4,129.2,100,0,0,6
2026-09-23T23:00:00Z,MUPS-B1,HALL-B,mech,102.89,106.07,34.3,34.8,126.9,100,0,0,6
2026-09-24T00:00:00Z,MUPS-B1,HALL-B,mech,103.61,106.83,34.5,35.4,129.0,100,0,0,6
2026-09-24T01:00:00Z,MUPS-B1,HALL-B,mech,107.94,111.28,36.0,37.2,135.3,100,0,0,6
2026-09-24T02:00:00Z,MUPS-B1,HALL-B,mech,111.1,114.53,37.0,38.0,138.6,100,0,0,6
2026-09-24T03:00:00Z,MUPS-B1,HALL-B,mech,114.42,117.96,38.1,39.0,142.1,100,0,0,6
2026-09-24T04:00:00Z,MUPS-B1,HALL-B,mech,115.06,118.64,38.4,39.1,142.5,100,0,0,6
2026-09-24T05:00:00Z,MUPS-B1,HALL-B,mech,114.15,117.68,38.0,38.6,140.6,100,0,0,6
2026-09-24T06:00:00Z,MUPS-B1,HALL-B,mech,109.4,112.8,36.5,37.2,135.7,100,0,0,6
2026-09-24T07:00:00Z,MUPS-B1,HALL-B,mech,105.84,109.13,35.3,35.8,130.1,100,0,0,6
2026-09-24T08:00:00Z,MUPS-B1,HALL-B,mech,107.26,110.58,35.8,36.6,133.2,100,0,0,6
2026-09-24T09:00:00Z,MUPS-B1,HALL-B,mech,111.73,115.19,37.2,38.3,139.6,100,0,0,6
2026-09-24T10:00:00Z,MUPS-B1,HALL-B,mech,115.73,119.33,38.6,39.1,142.5,100,0,0,6
2026-09-24T11:00:00Z,MUPS-B1,HALL-B,mech,120.34,124.07,40.1,40.9,149.0,100,0,0,6
2026-09-24T12:00:00Z,MUPS-B1,HALL-B,mech,121.81,125.57,40.6,41.4,150.8,100,0,0,6
2026-09-24T13:00:00Z,MUPS-B1,HALL-B,mech,118.9,122.57,39.6,40.1,146.2,100,0,0,6
2026-09-24T14:00:00Z,MUPS-B1,HALL-B,mech,116.61,120.22,38.9,39.6,144.5,100,0,0,6
2026-09-24T15:00:00Z,MUPS-B1,HALL-B,mech,115.24,118.82,38.4,38.9,141.8,100,0,0,6
2026-09-24T16:00:00Z,MUPS-B1,HALL-B,mech,116.31,119.92,38.8,40.4,147.4,100,0,0,6
2026-09-24T17:00:00Z,MUPS-B1,HALL-B,mech,122.5,126.28,40.8,41.7,152.2,100,0,0,6
2026-09-24T18:00:00Z,MUPS-B1,HALL-B,mech,126.33,130.24,42.1,43.1,157.1,100,0,0,6
2026-09-24T19:00:00Z,MUPS-B1,HALL-B,mech,131.3,135.35,43.8,44.9,163.6,100,0,0,6
2026-09-24T20:00:00Z,MUPS-B1,HALL-B,mech,130.86,134.89,43.6,44.7,163.0,100,0,0,6
2026-09-24T21:00:00Z,MUPS-B1,HALL-B,mech,123.68,127.5,41.2,42.4,154.4,98,0,13,6
2026-09-24T22:00:00Z,MUPS-B1,HALL-B,mech,116.24,119.83,38.8,40.2,146.5,100,0,0,6
2026-09-24T23:00:00Z,MUPS-B1,HALL-B,mech,108.99,112.37,36.3,37.6,136.9,100,0,0,6
2026-09-25T00:00:00Z,MUPS-B1,HALL-B,mech,103.84,107.06,34.6,35.4,129.1,100,0,0,6
2026-09-25T01:00:00Z,MUPS-B1,HALL-B,mech,100.99,104.11,33.7,34.4,125.2,100,0,0,6
2026-09-25T02:00:00Z,MUPS-B1,HALL-B,mech,98.5,101.56,32.8,33.4,121.6,100,0,0,6
2026-09-25T03:00:00Z,MUPS-B1,HALL-B,mech,94.26,97.19,31.4,32.2,117.4,100,0,0,6
2026-09-25T04:00:00Z,MUPS-B1,HALL-B,mech,96.24,99.22,32.1,32.8,119.5,100,0,0,6
2026-09-25T05:00:00Z,MUPS-B1,HALL-B,mech,99.99,103.08,33.3,34.3,125.0,100,0,0,6
2026-09-25T06:00:00Z,MUPS-B1,HALL-B,mech,103.26,106.47,34.4,35.4,129.1,100,0,0,6
2026-09-25T07:00:00Z,MUPS-B1,HALL-B,mech,107.79,111.12,35.9,37.0,134.7,100,0,0,6
2026-09-25T08:00:00Z,MUPS-B1,HALL-B,mech,108.82,112.19,36.3,37.1,135.2,100,0,0,6
2026-09-25T09:00:00Z,MUPS-B1,HALL-B,mech,106.43,109.72,35.5,36.2,132.1,100,0,0,6
2026-09-25T10:00:00Z,MUPS-B1,HALL-B,mech,101.9,105.06,34.0,34.3,125.0,100,0,0,6
2026-09-25T11:00:00Z,MUPS-B1,HALL-B,mech,98.62,101.66,32.9,33.8,123.4,100,0,0,6
2026-09-25T12:00:00Z,MUPS-B1,HALL-B,mech,99.83,102.92,33.3,34.7,126.8,100,0,0,6
2026-09-25T13:00:00Z,MUPS-B1,HALL-B,mech,106.83,110.13,35.6,36.6,133.3,100,0,0,6
2026-09-25T14:00:00Z,MUPS-B1,HALL-B,mech,113.49,117.0,37.8,38.9,141.8,100,0,0,6
2026-09-25T15:00:00Z,MUPS-B1,HALL-B,mech,120.05,123.76,40.0,41.2,150.3,100,0,0,6
2026-09-25T16:00:00Z,MUPS-B1,HALL-B,mech,124.31,128.16,41.4,42.6,155.2,100,0,0,6
2026-09-25T17:00:00Z,MUPS-B1,HALL-B,mech,127.0,130.93,42.3,43.1,157.1,100,0,0,6
2026-09-25T18:00:00Z,MUPS-B1,HALL-B,mech,128.55,132.54,42.9,43.2,157.3,100,0,0,6
2026-09-25T19:00:00Z,MUPS-B1,HALL-B,mech,130.37,134.4,43.5,44.3,161.5,100,0,0,6
2026-09-25T20:00:00Z,MUPS-B1,HALL-B,mech,131.13,135.19,43.7,44.3,161.5,100,0,0,6
2026-09-25T21:00:00Z,MUPS-B1,HALL-B,mech,126.05,129.94,42.0,43.0,156.9,100,0,0,6
2026-09-25T22:00:00Z,MUPS-B1,HALL-B,mech,122.8,126.6,40.9,41.5,151.1,100,0,0,6
2026-09-25T23:00:00Z,MUPS-B1,HALL-B,mech,119.59,123.29,39.9,40.7,148.6,100,0,0,6
2026-09-26T00:00:00Z,MUPS-B1,HALL-B,mech,114.32,117.86,38.1,39.4,143.6,100,0,0,6
2026-09-26T01:00:00Z,MUPS-B1,HALL-B,mech,107.69,111.01,35.9,36.5,132.9,100,0,0,6
2026-09-26T02:00:00Z,MUPS-B1,HALL-B,mech,103.72,106.93,34.6,35.6,129.7,100,0,0,6
2026-09-26T03:00:00Z,MUPS-B1,HALL-B,mech,96.77,99.75,32.3,33.5,122.3,100,0,0,6
2026-09-26T04:00:00Z,MUPS-B1,HALL-B,mech,96.86,99.86,32.3,33.7,122.9,100,0,0,6
2026-09-26T05:00:00Z,MUPS-B1,HALL-B,mech,106.15,109.43,35.4,36.8,133.9,100,0,0,6
2026-09-26T06:00:00Z,MUPS-B1,HALL-B,mech,114.76,118.3,38.3,40.5,147.5,100,0,0,6
2026-09-26T07:00:00Z,MUPS-B1,HALL-B,mech,125.0,128.87,41.7,43.0,156.7,100,0,0,6
2026-09-26T08:00:00Z,MUPS-B1,HALL-B,mech,127.79,131.75,42.6,43.0,156.7,100,0,0,6
2026-09-26T09:00:00Z,MUPS-B1,HALL-B,mech,126.24,130.15,42.1,42.9,156.6,100,0,0,6
2026-09-26T10:00:00Z,MUPS-B1,HALL-B,mech,125.89,129.78,42.0,42.5,154.8,100,0,0,6
2026-09-26T11:00:00Z,MUPS-B1,HALL-B,mech,125.6,129.5,41.9,42.1,153.6,100,0,0,6
2026-09-26T12:00:00Z,MUPS-B1,HALL-B,mech,124.49,128.35,41.5,41.9,153.0,100,0,0,6
2026-09-26T13:00:00Z,MUPS-B1,HALL-B,mech,126.52,130.43,42.2,42.8,156.1,100,0,0,6
2026-09-26T14:00:00Z,MUPS-B1,HALL-B,mech,125.48,129.38,41.8,42.4,154.7,100,0,0,6
2026-09-26T15:00:00Z,MUPS-B1,HALL-B,mech,126.38,130.28,42.1,42.6,155.3,100,0,0,6
2026-09-26T16:00:00Z,MUPS-B1,HALL-B,mech,125.13,129.01,41.7,42.4,154.6,100,0,0,6
2026-09-26T17:00:00Z,MUPS-B1,HALL-B,mech,122.24,126.01,40.8,41.6,151.7,100,0,0,6
2026-09-26T18:00:00Z,MUPS-B1,HALL-B,mech,119.29,122.97,39.8,40.5,147.6,100,0,0,6
2026-09-26T19:00:00Z,MUPS-B1,HALL-B,mech,115.13,118.7,38.4,38.7,141.5,100,0,0,6
2026-09-26T20:00:00Z,MUPS-B1,HALL-B,mech,114.19,117.71,38.1,38.4,140.2,100,0,0,6
2026-09-26T21:00:00Z,MUPS-B1,HALL-B,mech,115.23,118.81,38.4,38.9,142.0,100,0,0,6
2026-09-26T22:00:00Z,MUPS-B1,HALL-B,mech,118.59,122.25,39.5,40.3,146.8,100,0,0,6
2026-09-26T23:00:00Z,MUPS-B1,HALL-B,mech,122.39,126.18,40.8,42.0,153.0,100,0,0,6
2026-09-27T00:00:00Z,MUPS-B1,HALL-B,mech,121.9,125.67,40.6,41.3,150.8,100,0,0,6
2026-09-27T01:00:00Z,MUPS-B1,HALL-B,mech,120.43,124.15,40.1,40.6,148.0,100,0,0,6
2026-09-27T02:00:00Z,MUPS-B1,HALL-B,mech,121.69,125.48,40.6,40.9,149.1,100,0,0,6
2026-09-27T03:00:00Z,MUPS-B1,HALL-B,mech,120.36,124.08,40.1,40.7,148.6,100,0,0,6
2026-09-27T04:00:00Z,MUPS-B1,HALL-B,mech,118.21,121.86,39.4,39.7,144.9,100,0,0,6
2026-09-27T05:00:00Z,MUPS-B1,HALL-B,mech,118.58,122.26,39.5,40.1,146.2,100,0,0,6
2026-09-27T06:00:00Z,MUPS-B1,HALL-B,mech,121.1,124.84,40.4,40.9,149.2,100,0,0,6
2026-09-27T07:00:00Z,MUPS-B1,HALL-B,mech,121.97,125.77,40.7,41.0,149.5,100,0,0,6
2026-09-27T08:00:00Z,MUPS-B1,HALL-B,mech,123.31,127.11,41.1,41.6,151.7,100,0,0,6
2026-09-27T09:00:00Z,MUPS-B1,HALL-B,mech,123.36,127.19,41.1,42.1,153.2,100,0,0,6
2026-09-27T10:00:00Z,MUPS-B1,HALL-B,mech,124.28,128.12,41.4,41.9,152.9,100,0,0,6
2026-09-27T11:00:00Z,MUPS-B1,HALL-B,mech,126.04,129.95,42.0,42.9,156.4,100,0,0,6
2026-09-27T12:00:00Z,MUPS-B1,HALL-B,mech,125.46,129.34,41.8,42.6,155.4,100,0,0,6
2026-09-27T13:00:00Z,MUPS-B1,HALL-B,mech,125.56,129.45,41.9,42.5,155.2,100,0,0,6
2026-09-27T14:00:00Z,MUPS-B1,HALL-B,mech,123.97,127.8,41.3,41.8,152.7,100,0,0,6
2026-09-27T15:00:00Z,MUPS-B1,HALL-B,mech,122.79,126.59,40.9,41.6,151.7,100,0,0,6
2026-09-27T16:00:00Z,MUPS-B1,HALL-B,mech,121.9,125.66,40.6,41.5,151.3,100,0,0,6
2026-09-27T17:00:00Z,MUPS-B1,HALL-B,mech,123.17,126.98,41.1,41.7,152.2,100,0,0,6
2026-09-27T18:00:00Z,MUPS-B1,HALL-B,mech,122.05,125.84,40.7,41.3,150.7,100,0,0,6
2026-09-27T19:00:00Z,MUPS-B1,HALL-B,mech,121.72,125.48,40.6,41.1,149.9,100,0,0,6
2026-09-27T20:00:00Z,MUPS-B1,HALL-B,mech,122.53,126.33,40.8,41.6,151.6,100,0,0,6
2026-09-27T21:00:00Z,MUPS-B1,HALL-B,mech,121.12,124.87,40.4,40.8,148.5,100,0,0,6
2026-09-27T22:00:00Z,MUPS-B1,HALL-B,mech,121.16,124.89,40.4,41.0,149.3,100,0,0,6
2026-09-27T23:00:00Z,MUPS-B1,HALL-B,mech,122.87,126.67,41.0,41.4,150.9,100,0,0,6
2026-08-31T00:00:00Z,MUPS-B2,HALL-B,mech,125.3,129.17,41.8,43.6,158.8,100,0,0,6
2026-08-31T01:00:00Z,MUPS-B2,HALL-B,mech,117.14,120.77,39.0,40.6,148.1,100,0,0,6
2026-08-31T02:00:00Z,MUPS-B2,HALL-B,mech,109.08,112.46,36.4,38.7,141.1,100,0,0,6
2026-08-31T03:00:00Z,MUPS-B2,HALL-B,mech,99.83,102.92,33.3,34.8,126.9,100,0,0,6
2026-08-31T04:00:00Z,MUPS-B2,HALL-B,mech,97.95,100.98,32.6,33.8,123.1,100,0,0,6
2026-08-31T05:00:00Z,MUPS-B2,HALL-B,mech,103.53,106.72,34.5,35.8,130.6,100,0,0,6
2026-08-31T06:00:00Z,MUPS-B2,HALL-B,mech,108.83,112.19,36.3,37.3,135.9,100,0,0,6
2026-08-31T07:00:00Z,MUPS-B2,HALL-B,mech,114.06,117.6,38.0,39.4,143.7,100,0,0,6
2026-08-31T08:00:00Z,MUPS-B2,HALL-B,mech,114.67,118.21,38.2,39.4,143.6,100,0,0,6
2026-08-31T09:00:00Z,MUPS-B2,HALL-B,mech,107.55,110.87,35.8,36.6,133.4,100,0,0,6
2026-08-31T10:00:00Z,MUPS-B2,HALL-B,mech,102.03,105.18,34.0,35.2,128.3,100,0,0,6
2026-08-31T11:00:00Z,MUPS-B2,HALL-B,mech,95.82,98.79,31.9,32.6,118.9,100,0,0,6
2026-08-31T12:00:00Z,MUPS-B2,HALL-B,mech,97.07,100.08,32.4,33.9,123.5,100,0,0,6
2026-08-31T13:00:00Z,MUPS-B2,HALL-B,mech,103.79,106.99,34.6,35.8,130.4,100,0,0,6
2026-08-31T14:00:00Z,MUPS-B2,HALL-B,mech,109.45,112.84,36.5,37.4,136.5,100,0,0,6
2026-08-31T15:00:00Z,MUPS-B2,HALL-B,mech,116.56,120.17,38.9,39.9,145.6,100,0,0,6
2026-08-31T16:00:00Z,MUPS-B2,HALL-B,mech,117.95,121.59,39.3,39.7,144.7,100,0,0,6
2026-08-31T17:00:00Z,MUPS-B2,HALL-B,mech,117.31,120.92,39.1,39.8,145.1,100,0,0,6
2026-08-31T18:00:00Z,MUPS-B2,HALL-B,mech,114.28,117.8,38.1,39.5,144.0,100,0,0,6
2026-08-31T19:00:00Z,MUPS-B2,HALL-B,mech,111.65,115.11,37.2,37.7,137.6,100,0,0,6
2026-08-31T20:00:00Z,MUPS-B2,HALL-B,mech,111.05,114.49,37.0,37.7,137.4,100,0,0,6
2026-08-31T21:00:00Z,MUPS-B2,HALL-B,mech,108.35,111.7,36.1,37.0,134.6,100,0,0,6
2026-08-31T22:00:00Z,MUPS-B2,HALL-B,mech,104.53,107.76,34.8,35.5,129.4,100,0,0,6
2026-08-31T23:00:00Z,MUPS-B2,HALL-B,mech,103.55,106.75,34.5,35.0,127.9,100,0,0,6
2026-09-01T00:00:00Z,MUPS-B2,HALL-B,mech,102.72,105.9,34.2,34.9,127.4,100,0,0,6
2026-09-01T01:00:00Z,MUPS-B2,HALL-B,mech,104.13,107.34,34.7,35.5,129.4,100,0,0,6
2026-09-01T02:00:00Z,MUPS-B2,HALL-B,mech,107.72,111.06,35.9,36.9,134.6,100,0,0,6
2026-09-01T03:00:00Z,MUPS-B2,HALL-B,mech,110.08,113.48,36.7,37.3,136.0,100,0,0,6
2026-09-01T04:00:00Z,MUPS-B2,HALL-B,mech,111.85,115.31,37.3,37.8,137.9,100,0,0,6
2026-09-01T05:00:00Z,MUPS-B2,HALL-B,mech,115.07,118.64,38.4,38.9,141.5,100,0,0,6
2026-09-01T06:00:00Z,MUPS-B2,HALL-B,mech,119.51,123.2,39.8,40.8,148.7,100,0,0,6
2026-09-01T07:00:00Z,MUPS-B2,HALL-B,mech,122.49,126.28,40.8,41.7,152.0,100,0,0,6
2026-09-01T08:00:00Z,MUPS-B2,HALL-B,mech,120.43,124.14,40.1,41.4,151.0,100,0,0,6
2026-09-01T09:00:00Z,MUPS-B2,HALL-B,mech,114.08,117.61,38.0,39.8,145.1,100,0,0,6
2026-09-01T10:00:00Z,MUPS-B2,HALL-B,mech,106.13,109.42,35.4,36.3,132.4,100,0,0,6
2026-09-01T11:00:00Z,MUPS-B2,HALL-B,mech,98.16,101.19,32.7,34.6,125.9,100,0,0,6
2026-09-01T12:00:00Z,MUPS-B2,HALL-B,mech,95.2,98.16,31.7,32.2,117.5,100,0,0,6
2026-09-01T13:00:00Z,MUPS-B2,HALL-B,mech,94.55,97.47,31.5,32.1,117.1,100,0,0,6
2026-09-01T14:00:00Z,MUPS-B2,HALL-B,mech,93.37,96.26,31.1,31.7,115.4,100,0,0,6
2026-09-01T15:00:00Z,MUPS-B2,HALL-B,mech,92.88,95.76,31.0,31.4,114.5,100,0,0,6
2026-09-01T16:00:00Z,MUPS-B2,HALL-B,mech,96.84,99.84,32.3,33.4,121.7,100,0,0,6
2026-09-01T17:00:00Z,MUPS-B2,HALL-B,mech,105.63,108.89,35.2,36.3,132.4,100,0,0,6
2026-09-01T18:00:00Z,MUPS-B2,HALL-B,mech,113.56,117.08,37.9,39.4,143.8,100,0,0,6
2026-09-01T19:00:00Z,MUPS-B2,HALL-B,mech,122.62,126.42,40.9,41.9,152.6,100,0,0,6
2026-09-01T20:00:00Z,MUPS-B2,HALL-B,mech,123.36,127.18,41.1,42.2,153.8,100,0,0,6
2026-09-01T21:00:00Z,MUPS-B2,HALL-B,mech,115.97,119.54,38.7,40.0,146.0,100,0,0,6
2026-09-01T22:00:00Z,MUPS-B2,HALL-B,mech,109.16,112.53,36.4,37.8,137.9,100,0,0,6
2026-09-01T23:00:00Z,MUPS-B2,HALL-B,mech,100.8,103.93,33.6,34.4,125.6,100,0,0,6
2026-09-02T00:00:00Z,MUPS-B2,HALL-B,mech,100.63,103.74,33.5,34.7,126.6,100,0,0,6
2026-09-02T01:00:00Z,MUPS-B2,HALL-B,mech,106.97,110.27,35.7,36.4,132.8,100,0,0,6
2026-09-02T02:00:00Z,MUPS-B2,HALL-B,mech,113.72,117.23,37.9,39.8,145.2,100,0,0,6
2026-09-02T03:00:00Z,MUPS-B2,HALL-B,mech,120.69,124.4,40.2,41.2,149.9,100,0,0,6
2026-09-02T04:00:00Z,MUPS-B2,HALL-B,mech,124.37,128.21,41.5,42.0,153.2,100,0,0,6
2026-09-02T05:00:00Z,MUPS-B2,HALL-B,mech,126.18,130.08,42.1,42.7,155.6,100,0,0,6
2026-09-02T06:00:00Z,MUPS-B2,HALL-B,mech,129.94,133.97,43.3,44.0,160.3,100,0,0,6
2026-09-02T07:00:00Z,MUPS-B2,HALL-B,mech,134.2,138.35,44.7,45.8,167.1,100,0,0,6
2026-09-02T08:00:00Z,MUPS-B2,HALL-B,mech,130.39,134.43,43.5,45.0,164.0,100,0,0,6
2026-09-02T09:00:00Z,MUPS-B2,HALL-B,mech,128.21,132.17,42.7,43.3,158.0,100,0,0,6
2026-09-02T10:00:00Z,MUPS-B2,HALL-B,mech,124.43,128.28,41.5,42.6,155.2,100,0,0,6
2026-09-02T11:00:00Z,MUPS-B2,HALL-B,mech,119.63,123.33,39.9,40.8,148.6,100,0,0,6
2026-09-02T12:00:00Z,MUPS-B2,HALL-B,mech,116.06,119.65,38.7,39.4,143.8,100,0,0,6
2026-09-02T13:00:00Z,MUPS-B2,HALL-B,mech,112.44,115.93,37.5,38.3,139.4,100,0,0,6
2026-09-02T14:00:00Z,MUPS-B2,HALL-B,mech,108.39,111.74,36.1,36.7,133.8,100,0,0,6
2026-09-02T15:00:00Z,MUPS-B2,HALL-B,mech,105.22,108.47,35.1,35.8,130.4,100,0,0,6
2026-09-02T16:00:00Z,MUPS-B2,HALL-B,mech,104.4,107.63,34.8,35.3,129.0,100,0,0,6
2026-09-02T17:00:00Z,MUPS-B2,HALL-B,mech,106.81,110.12,35.6,36.3,132.4,100,0,0,6
2026-09-02T18:00:00Z,MUPS-B2,HALL-B,mech,111.55,115.0,37.2,38.1,138.8,100,0,0,6
2026-09-02T19:00:00Z,MUPS-B2,HALL-B,mech,112.7,116.18,37.6,38.5,140.5,100,0,0,6
2026-09-02T20:00:00Z,MUPS-B2,HALL-B,mech,118.08,121.73,39.4,40.5,147.6,100,0,0,6
2026-09-02T21:00:00Z,MUPS-B2,HALL-B,mech,121.27,125.03,40.4,40.9,148.9,100,0,0,6
2026-09-02T22:00:00Z,MUPS-B2,HALL-B,mech,124.74,128.59,41.6,42.7,155.7,100,0,0,6
2026-09-02T23:00:00Z,MUPS-B2,HALL-B,mech,130.72,134.78,43.6,44.4,161.7,100,0,0,6
2026-09-03T00:00:00Z,MUPS-B2,HALL-B,mech,129.27,133.27,43.1,44.3,161.6,100,0,0,6
2026-09-03T01:00:00Z,MUPS-B2,HALL-B,mech,120.89,124.62,40.3,41.4,151.0,100,0,0,6
2026-09-03T02:00:00Z,MUPS-B2,HALL-B,mech,115.65,119.21,38.5,39.7,144.8,100,0,0,6
2026-09-03T03:00:00Z,MUPS-B2,HALL-B,mech,109.2,112.59,36.4,37.6,137.1,100,0,0,6
2026-09-03T04:00:00Z,MUPS-B2,HALL-B,mech,106.24,109.54,35.4,36.1,131.5,100,0,0,6
2026-09-03T05:00:00Z,MUPS-B2,HALL-B,mech,110.34,113.75,36.8,37.5,136.8,100,0,0,6
2026-09-03T06:00:00Z,MUPS-B2,HALL-B,mech,113.68,117.2,37.9,38.5,140.4,100,0,0,6
2026-09-03T07:00:00Z,MUPS-B2,HALL-B,mech,118.67,122.34,39.6,40.4,147.5,100,0,0,6
2026-09-03T08:00:00Z,MUPS-B2,HALL-B,mech,121.74,125.51,40.6,41.0,149.3,100,0,0,6
2026-09-03T09:00:00Z,MUPS-B2,HALL-B,mech,122.6,126.41,40.9,41.8,152.2,100,0,0,6
2026-09-03T10:00:00Z,MUPS-B2,HALL-B,mech,125.95,129.85,42.0,42.4,154.6,100,0,0,6
2026-09-03T11:00:00Z,MUPS-B2,HALL-B,mech,125.98,129.88,42.0,42.4,154.5,100,0,0,6
2026-09-03T12:00:00Z,MUPS-B2,HALL-B,mech,124.38,128.23,41.5,42.8,156.0,100,0,0,6
2026-09-03T13:00:00Z,MUPS-B2,HALL-B,mech,119.21,122.89,39.7,40.3,147.2,100,0,0,6
2026-09-03T14:00:00Z,MUPS-B2,HALL-B,mech,115.68,119.27,38.6,39.1,142.8,100,0,0,6
2026-09-03T15:00:00Z,MUPS-B2,HALL-B,mech,110.81,114.24,36.9,37.7,137.6,100,0,0,6
2026-09-03T16:00:00Z,MUPS-B2,HALL-B,mech,108.22,111.57,36.1,37.0,134.8,100,0,0,6
2026-09-03T17:00:00Z,MUPS-B2,HALL-B,mech,109.56,112.96,36.5,36.9,134.8,100,0,0,6
2026-09-03T18:00:00Z,MUPS-B2,HALL-B,mech,110.24,113.64,36.8,37.2,135.7,100,0,0,6
2026-09-03T19:00:00Z,MUPS-B2,HALL-B,mech,112.44,115.91,37.5,38.1,139.0,100,0,0,6
2026-09-03T20:00:00Z,MUPS-B2,HALL-B,mech,113.11,116.59,37.7,38.4,140.1,100,0,0,6
2026-09-03T21:00:00Z,MUPS-B2,HALL-B,mech,116.02,119.62,38.7,39.1,142.7,100,0,0,6
2026-09-03T22:00:00Z,MUPS-B2,HALL-B,mech,119.62,123.31,39.9,40.5,147.6,100,0,0,6
2026-09-03T23:00:00Z,MUPS-B2,HALL-B,mech,122.37,126.16,40.8,41.2,150.2,100,0,0,6
2026-09-04T00:00:00Z,MUPS-B2,HALL-B,mech,121.17,124.92,40.4,41.4,150.8,100,0,0,6
2026-09-04T01:00:00Z,MUPS-B2,HALL-B,mech,118.27,121.93,39.4,40.2,146.4,100,0,0,6
2026-09-04T02:00:00Z,MUPS-B2,HALL-B,mech,117.52,121.15,39.2,39.6,144.2,100,0,0,6
2026-09-04T03:00:00Z,MUPS-B2,HALL-B,mech,114.16,117.69,38.1,38.9,141.7,100,0,0,6
2026-09-04T04:00:00Z,MUPS-B2,HALL-B,mech,113.02,116.52,37.7,38.2,139.0,100,0,0,6
2026-09-04T05:00:00Z,MUPS-B2,HALL-B,mech,110.37,113.77,36.8,37.1,135.3,100,0,0,6
2026-09-04T06:00:00Z,MUPS-B2,HALL-B,mech,108.84,112.19,36.3,37.0,135.0,100,0,0,6
2026-09-04T07:00:00Z,MUPS-B2,HALL-B,mech,108.59,111.95,36.2,36.8,134.2,100,0,0,6
2026-09-04T08:00:00Z,MUPS-B2,HALL-B,mech,108.25,111.6,36.1,36.7,133.7,100,0,0,6
2026-09-04T09:00:00Z,MUPS-B2,HALL-B,mech,105.26,108.53,35.1,35.6,129.7,100,0,0,6
2026-09-04T10:00:00Z,MUPS-B2,HALL-B,mech,103.14,106.32,34.4,35.0,127.8,100,0,0,6
2026-09-04T11:00:00Z,MUPS-B2,HALL-B,mech,100.92,104.03,33.6,34.1,124.4,100,0,0,6
2026-09-04T12:00:00Z,MUPS-B2,HALL-B,mech,99.74,102.83,33.3,33.7,122.7,100,0,0,6
2026-09-04T13:00:00Z,MUPS-B2,HALL-B,mech,98.09,101.11,32.7,33.3,121.4,100,0,0,6
2026-09-04T14:00:00Z,MUPS-B2,HALL-B,mech,96.96,99.97,32.3,33.2,120.9,100,0,0,6
2026-09-04T15:00:00Z,MUPS-B2,HALL-B,mech,94.33,97.24,31.4,32.0,116.6,100,0,0,6
2026-09-04T16:00:00Z,MUPS-B2,HALL-B,mech,99.38,102.45,33.1,34.9,127.4,100,0,0,6
2026-09-04T17:00:00Z,MUPS-B2,HALL-B,mech,108.42,111.78,36.1,38.1,138.8,100,0,0,6
2026-09-04T18:00:00Z,MUPS-B2,HALL-B,mech,118.6,122.27,39.5,41.0,149.6,100,0,0,6
2026-09-04T19:00:00Z,MUPS-B2,HALL-B,mech,128.05,132.0,42.7,44.4,161.8,100,0,0,6
2026-09-04T20:00:00Z,MUPS-B2,HALL-B,mech,132.06,136.15,44.0,44.5,162.4,100,0,0,6
2026-09-04T21:00:00Z,MUPS-B2,HALL-B,mech,131.24,135.29,43.7,44.4,161.8,100,0,0,6
2026-09-04T22:00:00Z,MUPS-B2,HALL-B,mech,129.85,133.88,43.3,44.2,161.1,100,0,0,6
2026-09-04T23:00:00Z,MUPS-B2,HALL-B,mech,128.03,132.01,42.7,43.0,156.8,100,0,0,6
2026-09-05T00:00:00Z,MUPS-B2,HALL-B,mech,128.36,132.34,42.8,43.1,157.4,100,0,0,6
2026-09-05T01:00:00Z,MUPS-B2,HALL-B,mech,129.8,133.8,43.3,43.6,159.0,100,0,0,6
2026-09-05T02:00:00Z,MUPS-B2,HALL-B,mech,128.9,132.89,43.0,43.5,158.7,100,0,0,6
2026-09-05T03:00:00Z,MUPS-B2,HALL-B,mech,129.13,133.12,43.0,43.6,159.3,100,0,0,6
2026-09-05T04:00:00Z,MUPS-B2,HALL-B,mech,127.27,131.21,42.4,43.2,157.5,100,0,0,6
2026-09-05T05:00:00Z,MUPS-B2,HALL-B,mech,120.46,124.19,40.2,40.9,149.4,100,0,0,6
2026-09-05T06:00:00Z,MUPS-B2,HALL-B,mech,115.44,119.0,38.5,39.5,143.9,100,0,0,6
2026-09-05T07:00:00Z,MUPS-B2,HALL-B,mech,112.58,116.07,37.5,38.6,140.8,100,0,0,6
2026-09-05T08:00:00Z,MUPS-B2,HALL-B,mech,109.15,112.54,36.4,36.9,134.7,100,0,0,6
2026-09-05T09:00:00Z,MUPS-B2,HALL-B,mech,109.61,113.01,36.5,37.0,135.0,100,0,0,6
2026-09-05T10:00:00Z,MUPS-B2,HALL-B,mech,110.73,114.15,36.9,37.6,137.0,100,0,0,6
2026-09-05T11:00:00Z,MUPS-B2,HALL-B,mech,110.66,114.08,36.9,37.6,137.1,100,0,0,6
2026-09-05T12:00:00Z,MUPS-B2,HALL-B,mech,112.27,115.75,37.4,37.9,138.0,100,0,0,6
2026-09-05T13:00:00Z,MUPS-B2,HALL-B,mech,113.51,117.03,37.8,38.4,140.1,100,0,0,6
2026-09-05T14:00:00Z,MUPS-B2,HALL-B,mech,115.84,119.42,38.6,39.8,145.3,100,0,0,6
2026-09-05T15:00:00Z,MUPS-B2,HALL-B,mech,117.15,120.77,39.1,39.8,145.1,100,0,0,6
2026-09-05T16:00:00Z,MUPS-B2,HALL-B,mech,119.44,123.14,39.8,40.4,147.2,100,0,0,6
2026-09-05T17:00:00Z,MUPS-B2,HALL-B,mech,123.03,126.83,41.0,42.0,153.3,100,0,0,6
2026-09-05T18:00:00Z,MUPS-B2,HALL-B,mech,127.16,131.09,42.4,42.8,156.1,100,0,0,6
2026-09-05T19:00:00Z,MUPS-B2,HALL-B,mech,130.62,134.66,43.5,44.1,160.5,100,0,0,6
2026-09-05T20:00:00Z,MUPS-B2,HALL-B,mech,131.73,135.81,43.9,44.6,162.5,100,0,0,6
2026-09-05T21:00:00Z,MUPS-B2,HALL-B,mech,129.1,133.08,43.0,43.6,159.0,100,0,0,6
2026-09-05T22:00:00Z,MUPS-B2,HALL-B,mech,124.33,128.18,41.4,42.0,153.2,100,0,0,6
2026-09-05T23:00:00Z,MUPS-B2,HALL-B,mech,120.52,124.25,40.2,41.1,149.9,100,0,0,6
2026-09-06T00:00:00Z,MUPS-B2,HALL-B,mech,115.72,119.3,38.6,39.9,145.6,100,0,0,6
2026-09-06T01:00:00Z,MUPS-B2,HALL-B,mech,110.64,114.06,36.9,37.7,137.5,100,0,0,6
2026-09-06T02:00:00Z,MUPS-B2,HALL-B,mech,103.36,106.57,34.5,35.5,129.5,100,0,0,6
2026-09-06T03:00:00Z,MUPS-B2,HALL-B,mech,98.26,101.3,32.8,34.1,124.3,100,0,0,6
2026-09-06T04:00:00Z,MUPS-B2,HALL-B,mech,98.56,101.61,32.9,34.2,125.0,100,0,0,6
2026-09-06T05:00:00Z,MUPS-B2,HALL-B,mech,104.72,107.95,34.9,35.7,130.1,100,0,0,6
2026-09-06T06:00:00Z,MUPS-B2,HALL-B,mech,110.06,113.47,36.7,37.9,138.1,100,0,0,6
2026-09-06T07:00:00Z,MUPS-B2,HALL-B,mech,116.82,120.43,38.9,40.1,146.0,100,0,0,6
2026-09-06T08:00:00Z,MUPS-B2,HALL-B,mech,117.16,120.79,39.1,40.5,147.5,100,0,0,6
2026-09-06T09:00:00Z,MUPS-B2,HALL-B,mech,108.71,112.07,36.2,37.5,136.6,100,0,0,6
2026-09-06T10:00:00Z,MUPS-B2,HALL-B,mech,102.48,105.65,34.2,35.0,127.6,100,0,0,6
2026-09-06T11:00:00Z,MUPS-B2,HALL-B,mech,94.61,97.55,31.5,33.4,121.8,100,0,0,6
2026-09-06T12:00:00Z,MUPS-B2,HALL-B,mech,94.62,97.55,31.5,32.2,117.5,100,0,0,6
2026-09-06T13:00:00Z,MUPS-B2,HALL-B,mech,101.32,104.46,33.8,35.0,127.4,100,0,0,6
2026-09-06T14:00:00Z,MUPS-B2,HALL-B,mech,107.9,111.24,36.0,37.5,136.9,100,0,0,6
2026-09-06T15:00:00Z,MUPS-B2,HALL-B,mech,112.41,115.9,37.5,38.3,139.7,100,0,0,6
2026-09-06T16:00:00Z,MUPS-B2,HALL-B,mech,116.59,120.19,38.9,39.3,143.2,100,0,0,6
2026-09-06T17:00:00Z,MUPS-B2,HALL-B,mech,117.67,121.3,39.2,39.9,145.7,100,0,0,6
2026-09-06T18:00:00Z,MUPS-B2,HALL-B,mech,120.39,124.12,40.1,40.9,149.2,100,0,0,6
2026-09-06T19:00:00Z,MUPS-B2,HALL-B,mech,121.58,125.34,40.5,41.0,149.5,100,0,0,6
2026-09-06T20:00:00Z,MUPS-B2,HALL-B,mech,117.08,120.7,39.0,40.5,147.6,100,0,0,6
2026-09-06T21:00:00Z,MUPS-B2,HALL-B,mech,110.18,113.58,36.7,38.1,138.8,100,0,0,6
2026-09-06T22:00:00Z,MUPS-B2,HALL-B,mech,104.03,107.23,34.7,36.1,131.6,100,0,0,6
2026-09-06T23:00:00Z,MUPS-B2,HALL-B,mech,96.27,99.25,32.1,33.5,122.1,100,0,0,6
2026-09-07T00:00:00Z,MUPS-B2,HALL-B,mech,97.53,100.55,32.5,33.6,122.4,100,0,0,6
2026-09-07T01:00:00Z,MUPS-B2,HALL-B,mech,103.97,107.18,34.7,35.9,131.0,100,0,0,6
2026-09-07T02:00:00Z,MUPS-B2,HALL-B,mech,111.1,114.53,37.0,38.3,139.8,100,0,0,6
2026-09-07T03:00:00Z,MUPS-B2,HALL-B,mech,119.32,123.02,39.8,41.6,151.6,100,0,0,6
2026-09-07T04:00:00Z,MUPS-B2,HALL-B,mech,122.23,126.03,40.7,41.2,150.1,100,0,0,6
2026-09-07T05:00:00Z,MUPS-B2,HALL-B,mech,123.94,127.77,41.3,42.1,153.2,100,0,0,6
2026-09-07T06:00:00Z,MUPS-B2,HALL-B,mech,122.8,126.6,40.9,41.5,151.1,100,0,0,6
2026-09-07T07:00:00Z,MUPS-B2,HALL-B,mech,122.37,126.16,40.8,41.6,151.6,100,0,0,6
2026-09-07T08:00:00Z,MUPS-B2,HALL-B,mech,120.65,124.38,40.2,41.3,150.9,100,0,0,6
2026-09-07T09:00:00Z,MUPS-B2,HALL-B,mech,118.4,122.05,39.5,40.0,145.9,100,0,0,6
2026-09-07T10:00:00Z,MUPS-B2,HALL-B,mech,117.28,120.9,39.1,39.5,144.0,100,0,0,6
2026-09-07T11:00:00Z,MUPS-B2,HALL-B,mech,113.28,116.79,37.8,38.7,141.2,100,0,0,6
2026-09-07T12:00:00Z,MUPS-B2,HALL-B,mech,111.67,115.12,37.2,37.8,137.7,100,0,0,6
2026-09-07T13:00:00Z,MUPS-B2,HALL-B,mech,113.18,116.67,37.7,38.5,140.4,100,0,0,6
2026-09-07T14:00:00Z,MUPS-B2,HALL-B,mech,115.0,118.54,38.3,39.0,142.2,100,0,0,6
2026-09-07T15:00:00Z,MUPS-B2,HALL-B,mech,116.51,120.12,38.8,39.4,143.6,100,0,0,6
2026-09-07T16:00:00Z,MUPS-B2,HALL-B,mech,118.56,122.22,39.5,40.2,146.5,100,0,0,6
2026-09-07T17:00:00Z,MUPS-B2,HALL-B,mech,120.23,123.94,40.1,40.6,147.9,100,0,0,6
2026-09-07T18:00:00Z,MUPS-B2,HALL-B,mech,122.84,126.64,40.9,41.6,151.6,100,0,0,6
2026-09-07T19:00:00Z,MUPS-B2,HALL-B,mech,123.69,127.51,41.2,41.8,152.3,100,0,0,6
2026-09-07T20:00:00Z,MUPS-B2,HALL-B,mech,121.6,125.35,40.5,41.6,151.5,100,0,0,6
2026-09-07T21:00:00Z,MUPS-B2,HALL-B,mech,116.75,120.36,38.9,39.8,145.2,100,0,0,6
2026-09-07T22:00:00Z,MUPS-B2,HALL-B,mech,112.16,115.62,37.4,38.6,140.9,100,0,0,6
2026-09-07T23:00:00Z,MUPS-B2,HALL-B,mech,104.08,107.3,34.7,35.9,130.6,100,0,0,6
2026-09-08T00:00:00Z,MUPS-B2,HALL-B,mech,105.56,108.82,35.2,36.2,132.0,100,0,0,6
2026-09-08T01:00:00Z,MUPS-B2,HALL-B,mech,110.65,114.08,36.9,37.8,137.9,100,0,0,6
2026-09-08T02:00:00Z,MUPS-B2,HALL-B,mech,116.6,120.22,38.9,39.8,145.1,100,0,0,6
2026-09-08T03:00:00Z,MUPS-B2,HALL-B,mech,124.73,128.59,41.6,42.9,156.6,100,0,0,6
2026-09-08T04:00:00Z,MUPS-B2,HALL-B,mech,127.44,131.39,42.5,43.6,158.7,100,0,0,6
2026-09-08T05:00:00Z,MUPS-B2,HALL-B,mech,130.33,134.35,43.4,43.8,159.9,100,0,0,6
2026-09-08T06:00:00Z,MUPS-B2,HALL-B,mech,131.36,135.43,43.8,44.5,162.2,100,0,0,6
2026-09-08T07:00:00Z,MUPS-B2,HALL-B,mech,132.93,137.03,44.3,44.9,163.8,100,0,0,6
2026-09-08T08:00:00Z,MUPS-B2,HALL-B,mech,130.39,134.43,43.5,44.6,162.3,100,0,0,6
2026-09-08T09:00:00Z,MUPS-B2,HALL-B,mech,127.05,130.98,42.3,43.1,157.2,100,0,0,6
2026-09-08T10:00:00Z,MUPS-B2,HALL-B,mech,122.05,125.81,40.7,41.5,151.4,100,0,0,6
2026-09-08T11:00:00Z,MUPS-B2,HALL-B,mech,116.65,120.27,38.9,40.0,146.0,100,0,0,6
2026-09-08T12:00:00Z,MUPS-B2,HALL-B,mech,115.53,119.11,38.5,39.0,142.3,100,0,0,6
2026-09-08T13:00:00Z,MUPS-B2,HALL-B,mech,115.6,119.19,38.5,38.8,141.7,100,0,0,6
2026-09-08T14:00:00Z,MUPS-B2,HALL-B,mech,116.3,119.9,38.8,39.4,143.6,100,0,0,6
2026-09-08T15:00:00Z,MUPS-B2,HALL-B,mech,116.66,120.27,38.9,39.5,144.3,100,0,0,6
2026-09-08T16:00:00Z,MUPS-B2,HALL-B,mech,116.59,120.2,38.9,39.5,143.9,100,0,0,6
2026-09-08T17:00:00Z,MUPS-B2,HALL-B,mech,112.93,116.44,37.6,38.5,140.3,100,0,0,6
2026-09-08T18:00:00Z,MUPS-B2,HALL-B,mech,108.8,112.16,36.3,36.9,134.7,100,0,0,6
2026-09-08T19:00:00Z,MUPS-B2,HALL-B,mech,106.35,109.63,35.4,36.3,132.3,100,0,0,6
2026-09-08T20:00:00Z,MUPS-B2,HALL-B,mech,102.33,105.52,34.1,34.4,125.7,100,0,0,6
2026-09-08T21:00:00Z,MUPS-B2,HALL-B,mech,102.89,106.08,34.3,34.7,126.4,100,0,0,6
2026-09-08T22:00:00Z,MUPS-B2,HALL-B,mech,102.81,105.99,34.3,34.8,126.8,100,0,0,6
2026-09-08T23:00:00Z,MUPS-B2,HALL-B,mech,101.21,104.32,33.7,34.1,124.1,100,0,0,6
2026-09-09T00:00:00Z,MUPS-B2,HALL-B,mech,105.0,108.25,35.0,35.9,130.9,100,0,0,6
2026-09-09T01:00:00Z,MUPS-B2,HALL-B,mech,107.99,111.33,36.0,36.8,133.9,100,0,0,6
2026-09-09T02:00:00Z,MUPS-B2,HALL-B,mech,112.83,116.32,37.6,38.2,139.3,100,0,0,6
2026-09-09T03:00:00Z,MUPS-B2,HALL-B,mech,118.02,121.65,39.3,40.4,147.2,100,0,0,6
2026-09-09T04:00:00Z,MUPS-B2,HALL-B,mech,115.31,118.88,38.4,40.0,145.9,100,0,0,6
2026-09-09T05:00:00Z,MUPS-B2,HALL-B,mech,108.64,112.0,36.2,37.3,135.8,100,0,0,6
2026-09-09T06:00:00Z,MUPS-B2,HALL-B,mech,100.69,103.8,33.6,34.6,126.0,100,0,0,6
2026-09-09T07:00:00Z,MUPS-B2,HALL-B,mech,94.58,97.51,31.5,32.4,118.1,100,0,0,6
2026-09-09T08:00:00Z,MUPS-B2,HALL-B,mech,94.91,97.84,31.6,33.1,120.5,100,0,0,6
2026-09-09T09:00:00Z,MUPS-B2,HALL-B,mech,104.09,107.31,34.7,35.9,131.1,100,0,0,6
2026-09-09T10:00:00Z,MUPS-B2,HALL-B,mech,113.09,116.59,37.7,39.2,142.6,100,0,0,6
2026-09-09T11:00:00Z,MUPS-B2,HALL-B,mech,124.68,128.54,41.6,43.4,158.2,100,0,0,6
2026-09-09T12:00:00Z,MUPS-B2,HALL-B,mech,125.87,129.76,42.0,43.4,158.0,100,0,0,6
2026-09-09T13:00:00Z,MUPS-B2,HALL-B,mech,121.22,124.98,40.4,40.8,148.9,100,0,0,6
2026-09-09T14:00:00Z,MUPS-B2,HALL-B,mech,117.21,120.83,39.1,39.6,144.4,100,0,0,6
2026-09-09T15:00:00Z,MUPS-B2,HALL-B,mech,112.12,115.59,37.4,38.1,139.1,100,0,0,6
2026-09-09T16:00:00Z,MUPS-B2,HALL-B,mech,109.12,112.5,36.4,36.8,134.3,100,0,0,6
2026-09-09T17:00:00Z,MUPS-B2,HALL-B,mech,109.0,112.39,36.3,36.9,134.6,100,0,0,6
2026-09-09T18:00:00Z,MUPS-B2,HALL-B,mech,109.33,112.73,36.4,36.8,134.0,100,0,0,6
2026-09-09T19:00:00Z,MUPS-B2,HALL-B,mech,108.08,111.43,36.0,36.5,133.0,100,0,0,6
2026-09-09T20:00:00Z,MUPS-B2,HALL-B,mech,109.05,112.44,36.3,37.0,134.6,100,0,0,6
2026-09-09T21:00:00Z,MUPS-B2,HALL-B,mech,106.15,109.44,35.4,36.1,131.6,100,0,0,6
2026-09-09T22:00:00Z,MUPS-B2,HALL-B,mech,106.22,109.51,35.4,35.8,130.4,100,0,0,6
2026-09-09T23:00:00Z,MUPS-B2,HALL-B,mech,105.0,108.25,35.0,35.3,128.7,100,0,0,6
2026-09-10T00:00:00Z,MUPS-B2,HALL-B,mech,105.1,108.36,35.0,35.6,129.8,100,0,0,6
2026-09-10T01:00:00Z,MUPS-B2,HALL-B,mech,107.89,111.23,36.0,36.5,133.1,100,0,0,6
2026-09-10T02:00:00Z,MUPS-B2,HALL-B,mech,110.77,114.2,36.9,38.0,138.6,100,0,0,6
2026-09-10T03:00:00Z,MUPS-B2,HALL-B,mech,114.98,118.54,38.3,38.9,141.8,100,0,0,6
2026-09-10T04:00:00Z,MUPS-B2,HALL-B,mech,115.04,118.6,38.4,38.7,141.0,100,0,0,6
2026-09-10T05:00:00Z,MUPS-B2,HALL-B,mech,118.62,122.29,39.5,40.2,146.6,100,0,0,6
2026-09-10T06:00:00Z,MUPS-B2,HALL-B,mech,121.42,125.17,40.5,41.1,149.9,100,0,0,6
2026-09-10T07:00:00Z,MUPS-B2,HALL-B,mech,122.89,126.7,41.0,41.9,152.7,100,0,0,6
2026-09-10T08:00:00Z,MUPS-B2,HALL-B,mech,126.28,130.18,42.1,42.7,155.5,100,0,0,6
2026-09-10T09:00:00Z,MUPS-B2,HALL-B,mech,126.06,129.96,42.0,42.3,154.5,100,0,0,6
2026-09-10T10:00:00Z,MUPS-B2,HALL-B,mech,125.6,129.47,41.9,42.6,155.2,100,0,0,6
2026-09-10T11:00:00Z,MUPS-B2,HALL-B,mech,128.09,132.04,42.7,43.6,158.6,100,0,0,6
2026-09-10T12:00:00Z,MUPS-B2,HALL-B,mech,123.94,127.77,41.3,43.2,157.7,100,0,0,6
2026-09-10T13:00:00Z,MUPS-B2,HALL-B,mech,117.58,121.22,39.2,39.8,145.3,100,0,0,6
2026-09-10T14:00:00Z,MUPS-B2,HALL-B,mech,111.99,115.46,37.3,38.5,140.5,100,0,0,6
2026-09-10T15:00:00Z,MUPS-B2,HALL-B,mech,105.91,109.19,35.3,36.4,132.4,100,0,0,6
2026-09-10T16:00:00Z,MUPS-B2,HALL-B,mech,100.81,103.93,33.6,34.2,124.6,100,0,0,6
2026-09-10T17:00:00Z,MUPS-B2,HALL-B,mech,99.29,102.36,33.1,34.0,124.2,100,0,0,6
2026-09-10T18:00:00Z,MUPS-B2,HALL-B,mech,95.34,98.3,31.8,32.1,117.2,100,0,0,6
2026-09-10T19:00:00Z,MUPS-B2,HALL-B,mech,94.47,97.4,31.5,32.4,118.2,100,0,0,6
2026-09-10T20:00:00Z,MUPS-B2,HALL-B,mech,93.89,96.8,31.3,32.6,118.8,100,0,0,6
2026-09-10T21:00:00Z,MUPS-B2,HALL-B,mech,97.69,100.7,32.6,33.0,120.5,100,0,0,6
2026-09-10T22:00:00Z,MUPS-B2,HALL-B,mech,99.12,102.19,33.0,33.9,123.5,100,0,0,6
2026-09-10T23:00:00Z,MUPS-B2,HALL-B,mech,101.86,105.02,34.0,34.3,125.3,100,0,0,6
2026-09-11T00:00:00Z,MUPS-B2,HALL-B,mech,100.31,103.42,33.4,34.2,124.8,100,0,0,6
2026-09-11T01:00:00Z,MUPS-B2,HALL-B,mech,98.75,101.81,32.9,33.5,122.1,100,0,0,6
2026-09-11T02:00:00Z,MUPS-B2,HALL-B,mech,96.68,99.67,32.2,33.0,120.1,100,0,0,6
2026-09-11T03:00:00Z,MUPS-B2,HALL-B,mech,93.95,96.85,31.3,31.9,116.1,100,0,0,6
2026-09-11T04:00:00Z,MUPS-B2,HALL-B,mech,94.56,97.48,31.5,32.3,117.8,100,0,0,6
2026-09-11T05:00:00Z,MUPS-B2,HALL-B,mech,100.42,103.52,33.5,34.2,124.6,100,0,0,6
2026-09-11T06:00:00Z,MUPS-B2,HALL-B,mech,104.51,107.74,34.8,36.0,131.4,100,0,0,6
2026-09-11T07:00:00Z,MUPS-B2,HALL-B,mech,109.91,113.31,36.6,37.5,136.8,100,0,0,6
2026-09-11T08:00:00Z,MUPS-B2,HALL-B,mech,111.92,115.38,37.3,38.0,138.4,100,0,0,6
2026-09-11T09:00:00Z,MUPS-B2,HALL-B,mech,114.95,118.51,38.3,39.2,142.8,100,0,0,6
2026-09-11T10:00:00Z,MUPS-B2,HALL-B,mech,118.31,121.98,39.4,40.0,145.7,100,0,0,6
2026-09-11T11:00:00Z,MUPS-B2,HALL-B,mech,119.29,122.98,39.8,40.3,147.0,100,0,0,6
2026-09-11T12:00:00Z,MUPS-B2,HALL-B,mech,119.8,123.51,39.9,40.7,148.3,100,0,0,6
2026-09-11T13:00:00Z,MUPS-B2,HALL-B,mech,115.84,119.43,38.6,39.6,144.5,100,0,0,6
2026-09-11T14:00:00Z,MUPS-B2,HALL-B,mech,111.96,115.43,37.3,37.9,138.1,100,0,0,6
2026-09-11T15:00:00Z,MUPS-B2,HALL-B,mech,107.02,110.33,35.7,36.4,132.4,100,0,0,6
2026-09-11T16:00:00Z,MUPS-B2,HALL-B,mech,103.15,106.34,34.4,35.2,128.2,100,0,0,6
2026-09-11T17:00:00Z,MUPS-B2,HALL-B,mech,104.5,107.72,34.8,35.2,128.4,100,0,0,6
2026-09-11T18:00:00Z,MUPS-B2,HALL-B,mech,103.27,106.47,34.4,34.8,126.9,100,0,0,6
2026-09-11T19:00:00Z,MUPS-B2,HALL-B,mech,101.15,104.26,33.7,34.2,124.8,100,0,0,6
2026-09-11T20:00:00Z,MUPS-B2,HALL-B,mech,103.27,106.45,34.4,34.9,127.5,100,0,0,6
2026-09-11T21:00:00Z,MUPS-B2,HALL-B,mech,105.15,108.41,35.0,35.3,128.8,100,0,0,6
2026-09-11T22:00:00Z,MUPS-B2,HALL-B,mech,106.74,110.04,35.6,36.2,132.2,100,0,0,6
2026-09-11T23:00:00Z,MUPS-B2,HALL-B,mech,107.81,111.14,35.9,36.6,133.3,100,0,0,6
2026-09-12T00:00:00Z,MUPS-B2,HALL-B,mech,107.69,111.0,35.9,36.2,132.1,100,0,0,6
2026-09-12T01:00:00Z,MUPS-B2,HALL-B,mech,107.52,110.82,35.8,36.3,132.2,100,0,0,6
2026-09-12T02:00:00Z,MUPS-B2,HALL-B,mech,106.85,110.15,35.6,36.0,131.1,100,0,0,6
2026-09-12T03:00:00Z,MUPS-B2,HALL-B,mech,108.69,112.05,36.2,36.6,133.3,100,0,0,6
2026-09-12T04:00:00Z,MUPS-B2,HALL-B,mech,105.48,108.75,35.2,36.2,131.7,100,0,0,6
2026-09-12T05:00:00Z,MUPS-B2,HALL-B,mech,102.47,105.64,34.2,34.8,127.0,100,0,0,6
2026-09-12T06:00:00Z,MUPS-B2,HALL-B,mech,97.84,100.86,32.6,33.8,123.1,100,0,0,6
2026-09-12T07:00:00Z,MUPS-B2,HALL-B,mech,94.9,97.82,31.6,32.2,117.2,100,0,0,6
2026-09-12T08:00:00Z,MUPS-B2,HALL-B,mech,93.25,96.15,31.1,31.6,115.3,100,0,0,6
2026-09-12T09:00:00Z,MUPS-B2,HALL-B,mech,95.54,98.49,31.8,32.5,118.6,100,0,0,6
2026-09-12T10:00:00Z,MUPS-B2,HALL-B,mech,98.12,101.15,32.7,33.3,121.2,100,0,0,6
2026-09-12T11:00:00Z,MUPS-B2,HALL-B,mech,98.91,101.98,33.0,33.7,122.8,100,0,0,6
2026-09-12T12:00:00Z,MUPS-B2,HALL-B,mech,99.8,102.89,33.3,34.1,124.3,100,0,0,6
2026-09-12T13:00:00Z,MUPS-B2,HALL-B,mech,101.92,105.08,34.0,34.5,125.7,100,0,0,6
2026-09-12T14:00:00Z,MUPS-B2,HALL-B,mech,103.91,107.12,34.6,35.3,128.7,100,0,0,6
2026-09-12T15:00:00Z,MUPS-B2,HALL-B,mech,106.01,109.3,35.3,35.7,130.4,100,0,0,6
2026-09-12T16:00:00Z,MUPS-B2,HALL-B,mech,104.64,107.89,34.9,35.6,129.7,100,0,0,6
2026-09-12T17:00:00Z,MUPS-B2,HALL-B,mech,102.11,105.27,34.0,34.7,126.5,100,0,0,6
2026-09-12T18:00:00Z,MUPS-B2,HALL-B,mech,100.48,103.58,33.5,33.8,123.4,100,0,0,6
2026-09-12T19:00:00Z,MUPS-B2,HALL-B,mech,98.62,101.68,32.9,33.5,122.0,100,0,0,6
2026-09-12T20:00:00Z,MUPS-B2,HALL-B,mech,98.43,101.47,32.8,34.0,123.9,100,0,0,6
2026-09-12T21:00:00Z,MUPS-B2,HALL-B,mech,104.22,107.46,34.7,35.4,129.0,100,0,0,6
2026-09-12T22:00:00Z,MUPS-B2,HALL-B,mech,109.43,112.81,36.5,37.4,136.4,100,0,0,6
2026-09-12T23:00:00Z,MUPS-B2,HALL-B,mech,113.85,117.36,38.0,38.5,140.1,100,0,0,6
2026-09-13T00:00:00Z,MUPS-B2,HALL-B,mech,116.03,119.64,38.7,39.0,142.2,100,0,0,6
2026-09-13T01:00:00Z,MUPS-B2,HALL-B,mech,117.92,121.57,39.3,39.7,144.9,100,0,0,6
2026-09-13T02:00:00Z,MUPS-B2,HALL-B,mech,118.26,121.92,39.4,40.0,145.6,100,0,0,6
2026-09-13T03:00:00Z,MUPS-B2,HALL-B,mech,119.36,123.05,39.8,40.4,147.5,100,0,0,6
2026-09-13T04:00:00Z,MUPS-B2,HALL-B,mech,117.68,121.31,39.2,40.0,145.9,100,0,0,6
2026-09-13T05:00:00Z,MUPS-B2,HALL-B,mech,115.66,119.23,38.6,39.2,143.0,100,0,0,6
2026-09-13T06:00:00Z,MUPS-B2,HALL-B,mech,110.54,113.95,36.9,38.1,139.0,100,0,0,6
2026-09-13T07:00:00Z,MUPS-B2,HALL-B,mech,107.68,111.0,35.9,36.5,133.2,100,0,0,6
2026-09-13T08:00:00Z,MUPS-B2,HALL-B,mech,109.36,112.74,36.5,37.3,136.2,100,0,0,6
2026-09-13T09:00:00Z,MUPS-B2,HALL-B,mech,116.64,120.24,38.9,40.4,147.1,100,0,0,6
2026-09-13T10:00:00Z,MUPS-B2,HALL-B,mech,123.58,127.4,41.2,42.7,155.7,100,0,0,6
2026-09-13T11:00:00Z,MUPS-B2,HALL-B,mech,130.15,134.18,43.4,44.2,161.1,100,0,0,6
2026-09-13T12:00:00Z,MUPS-B2,HALL-B,mech,136.16,140.38,45.4,46.2,168.3,100,0,0,6
2026-09-13T13:00:00Z,MUPS-B2,HALL-B,mech,134.67,138.85,44.9,45.4,165.4,100,0,0,6
2026-09-13T14:00:00Z,MUPS-B2,HALL-B,mech,132.54,136.63,44.2,44.8,163.4,100,0,0,6
2026-09-13T15:00:00Z,MUPS-B2,HALL-B,mech,133.97,138.11,44.7,45.0,164.3,100,0,0,6
2026-09-13T16:00:00Z,MUPS-B2,HALL-B,mech,129.59,133.6,43.2,44.6,162.6,100,0,0,6
2026-09-13T17:00:00Z,MUPS-B2,HALL-B,mech,121.72,125.48,40.6,42.2,153.8,100,0,0,6
2026-09-13T18:00:00Z,MUPS-B2,HALL-B,mech,110.8,114.23,36.9,39.0,142.2,100,0,0,6
2026-09-13T19:00:00Z,MUPS-B2,HALL-B,mech,101.56,104.7,33.9,35.1,128.0,100,0,0,6
2026-09-13T20:00:00Z,MUPS-B2,HALL-B,mech,99.89,102.98,33.3,34.6,126.0,100,0,0,6
2026-09-13T21:00:00Z,MUPS-B2,HALL-B,mech,105.87,109.14,35.3,36.8,134.4,100,0,0,6
2026-09-13T22:00:00Z,MUPS-B2,HALL-B,mech,113.32,116.83,37.8,38.5,140.6,100,0,0,6
2026-09-13T23:00:00Z,MUPS-B2,HALL-B,mech,119.06,122.75,39.7,40.7,148.3,100,0,0,6
2026-09-14T00:00:00Z,MUPS-B2,HALL-B,mech,120.16,123.87,40.1,40.9,149.2,100,0,0,6
2026-09-14T01:00:00Z,MUPS-B2,HALL-B,mech,115.9,119.48,38.6,39.4,143.4,100,0,0,6
2026-09-14T02:00:00Z,MUPS-B2,HALL-B,mech,114.85,118.41,38.3,38.8,141.6,100,0,0,6
2026-09-14T03:00:00Z,MUPS-B2,HALL-B,mech,110.17,113.58,36.7,38.3,139.6,100,0,0,6
2026-09-14T04:00:00Z,MUPS-B2,HALL-B,mech,107.04,110.36,35.7,36.4,132.8,100,0,0,6
2026-09-14T05:00:00Z,MUPS-B2,HALL-B,mech,107.5,110.81,35.8,36.4,132.5,100,0,0,6
2026-09-14T06:00:00Z,MUPS-B2,HALL-B,mech,107.73,111.06,35.9,36.6,133.1,100,0,0,6
2026-09-14T07:00:00Z,MUPS-B2,HALL-B,mech,107.14,110.47,35.7,36.8,134.1,100,0,0,6
2026-09-14T08:00:00Z,MUPS-B2,HALL-B,mech,107.29,110.6,35.8,36.3,132.4,100,0,0,6
2026-09-14T09:00:00Z,MUPS-B2,HALL-B,mech,110.5,113.92,36.8,38.0,138.3,100,0,0,6
2026-09-14T10:00:00Z,MUPS-B2,HALL-B,mech,115.31,118.88,38.4,39.7,144.5,100,0,0,6
2026-09-14T11:00:00Z,MUPS-B2,HALL-B,mech,119.61,123.31,39.9,40.7,148.3,100,0,0,6
2026-09-14T12:00:00Z,MUPS-B2,HALL-B,mech,117.5,121.14,39.2,40.2,146.6,100,0,0,6
2026-09-14T13:00:00Z,MUPS-B2,HALL-B,mech,110.72,114.13,36.9,38.1,139.1,100,0,0,6
2026-09-14T14:00:00Z,MUPS-B2,HALL-B,mech,102.89,106.08,34.3,35.6,129.6,100,0,0,6
2026-09-14T15:00:00Z,MUPS-B2,HALL-B,mech,94.84,97.78,31.6,33.1,120.8,100,0,0,6
2026-09-14T16:00:00Z,MUPS-B2,HALL-B,mech,95.88,98.85,32.0,33.8,123.3,100,0,0,6
2026-09-14T17:00:00Z,MUPS-B2,HALL-B,mech,105.06,108.31,35.0,36.5,133.0,100,0,0,6
2026-09-14T18:00:00Z,MUPS-B2,HALL-B,mech,111.73,115.19,37.2,38.3,139.7,100,0,0,6
2026-09-14T19:00:00Z,MUPS-B2,HALL-B,mech,119.13,122.8,39.7,40.5,147.8,100,0,0,6
2026-09-14T20:00:00Z,MUPS-B2,HALL-B,mech,121.14,124.9,40.4,41.5,151.1,100,0,0,6
2026-09-14T21:00:00Z,MUPS-B2,HALL-B,mech,115.56,119.14,38.5,39.6,144.3,100,0,0,6
2026-09-14T22:00:00Z,MUPS-B2,HALL-B,mech,109.71,113.11,36.6,37.7,137.7,100,0,0,6
2026-09-14T23:00:00Z,MUPS-B2,HALL-B,mech,103.49,106.69,34.5,35.8,130.5,100,0,0,6
2026-09-15T00:00:00Z,MUPS-B2,HALL-B,mech,106.59,109.89,35.5,37.0,134.9,100,0,0,6
2026-09-15T01:00:00Z,MUPS-B2,HALL-B,mech,111.95,115.42,37.3,38.9,141.9,100,0,0,6
2026-09-15T02:00:00Z,MUPS-B2,HALL-B,mech,121.16,124.92,40.4,41.8,152.6,100,0,0,6
2026-09-15T03:00:00Z,MUPS-B2,HALL-B,mech,128.29,132.26,42.8,44.7,163.1,100,0,0,6
2026-09-15T04:00:00Z,MUPS-B2,HALL-B,mech,130.69,134.72,43.6,44.4,162.2,100,0,0,6
2026-09-15T05:00:00Z,MUPS-B2,HALL-B,mech,131.05,135.11,43.7,44.3,161.4,100,0,0,6
2026-09-15T06:00:00Z,MUPS-B2,HALL-B,mech,130.45,134.49,43.5,44.0,160.3,100,0,0,6
2026-09-15T07:00:00Z,MUPS-B2,HALL-B,mech,131.2,135.25,43.7,44.5,162.2,100,0,0,6
2026-09-15T08:00:00Z,MUPS-B2,HALL-B,mech,128.09,132.05,42.7,43.9,160.1,100,0,0,6
2026-09-15T09:00:00Z,MUPS-B2,HALL-B,mech,118.23,121.89,39.4,41.0,149.6,100,0,0,6
2026-09-15T10:00:00Z,MUPS-B2,HALL-B,mech,110.11,113.5,36.7,37.7,137.2,100,0,0,6
2026-09-15T11:00:00Z,MUPS-B2,HALL-B,mech,102.18,105.33,34.1,35.5,129.5,100,0,0,6
2026-09-15T12:00:00Z,MUPS-B2,HALL-B,mech,97.5,100.5,32.5,33.0,120.2,100,0,0,6
2026-09-15T13:00:00Z,MUPS-B2,HALL-B,mech,98.21,101.22,32.7,33.1,120.8,100,0,0,6
2026-09-15T14:00:00Z,MUPS-B2,HALL-B,mech,97.84,100.84,32.6,32.9,119.8,100,0,0,6
2026-09-15T15:00:00Z,MUPS-B2,HALL-B,mech,97.83,100.84,32.6,33.3,121.3,100,0,0,6
2026-09-15T16:00:00Z,MUPS-B2,HALL-B,mech,95.44,98.41,31.8,32.3,117.9,100,0,0,6
2026-09-15T17:00:00Z,MUPS-B2,HALL-B,mech,93.84,96.75,31.3,32.1,117.0,100,0,0,6
2026-09-15T18:00:00Z,MUPS-B2,HALL-B,mech,93.03,95.93,31.0,31.5,114.9,100,0,0,6
2026-09-15T19:00:00Z,MUPS-B2,HALL-B,mech,91.6,94.42,30.5,30.9,112.6,100,0,0,6
2026-09-15T20:00:00Z,MUPS-B2,HALL-B,mech,95.43,98.38,31.8,33.4,121.9,100,0,0,6
2026-09-15T21:00:00Z,MUPS-B2,HALL-B,mech,103.79,106.99,34.6,36.0,131.0,100,0,0,6
2026-09-15T22:00:00Z,MUPS-B2,HALL-B,mech,111.75,115.2,37.2,39.1,142.7,100,0,0,6
2026-09-15T23:00:00Z,MUPS-B2,HALL-B,mech,120.68,124.41,40.2,42.0,153.0,100,0,0,6
2026-09-16T00:00:00Z,MUPS-B2,HALL-B,mech,123.3,127.11,41.1,41.9,152.6,100,0,0,6
2026-09-16T01:00:00Z,MUPS-B2,HALL-B,mech,120.14,123.86,40.0,40.7,148.5,100,0,0,6
2026-09-16T02:00:00Z,MUPS-B2,HALL-B,mech,116.42,120.02,38.8,39.5,144.1,100,0,0,6
2026-09-16T03:00:00Z,MUPS-B2,HALL-B,mech,111.33,114.79,37.1,37.7,137.5,100,0,0,6
2026-09-16T04:00:00Z,MUPS-B2,HALL-B,mech,109.05,112.43,36.3,36.8,134.1,100,0,0,6
2026-09-16T05:00:00Z,MUPS-B2,HALL-B,mech,108.21,111.56,36.1,36.6,133.4,100,0,0,6
2026-09-16T06:00:00Z,MUPS-B2,HALL-B,mech,106.64,109.94,35.5,36.0,131.2,100,0,0,6
2026-09-16T07:00:00Z,MUPS-B2,HALL-B,mech,105.78,109.06,35.3,35.8,130.5,100,0,0,6
2026-09-16T08:00:00Z,MUPS-B2,HALL-B,mech,102.93,106.1,34.3,35.2,128.2,100,0,0,6
2026-09-16T09:00:00Z,MUPS-B2,HALL-B,mech,100.04,103.14,33.3,33.7,122.7,100,0,0,6
2026-09-16T10:00:00Z,MUPS-B2,HALL-B,mech,97.93,100.97,32.6,33.2,121.0,100,0,0,6
2026-09-16T11:00:00Z,MUPS-B2,HALL-B,mech,94.77,97.71,31.6,32.3,117.6,100,0,0,6
2026-09-16T12:00:00Z,MUPS-B2,HALL-B,mech,97.4,100.42,32.5,33.6,122.5,100,0,0,6
2026-09-16T13:00:00Z,MUPS-B2,HALL-B,mech,107.16,110.47,35.7,37.6,137.1,100,0,0,6
2026-09-16T14:00:00Z,MUPS-B2,HALL-B,mech,115.72,119.29,38.6,39.8,145.1,100,0,0,6
2026-09-16T15:00:00Z,MUPS-B2,HALL-B,mech,124.15,127.99,41.4,42.7,155.8,100,0,0,6
2026-09-16T16:00:00Z,MUPS-B2,HALL-B,mech,126.97,130.9,42.3,43.0,156.7,100,0,0,6
2026-09-16T17:00:00Z,MUPS-B2,HALL-B,mech,125.83,129.74,41.9,42.6,155.2,100,0,0,6
2026-09-16T18:00:00Z,MUPS-B2,HALL-B,mech,121.99,125.76,40.7,41.4,150.8,100,0,0,6
2026-09-16T19:00:00Z,MUPS-B2,HALL-B,mech,120.67,124.4,40.2,41.2,150.3,100,0,0,6
2026-09-16T20:00:00Z,MUPS-B2,HALL-B,mech,120.85,124.58,40.3,40.6,148.2,100,0,0,6
2026-09-16T21:00:00Z,MUPS-B2,HALL-B,mech,123.36,127.17,41.1,41.7,152.1,100,0,0,6
2026-09-16T22:00:00Z,MUPS-B2,HALL-B,mech,125.92,129.82,42.0,42.5,154.9,100,0,0,6
2026-09-16T23:00:00Z,MUPS-B2,HALL-B,mech,126.66,130.56,42.2,42.6,155.6,100,0,0,6
2026-09-17T00:00:00Z,MUPS-B2,HALL-B,mech,125.65,129.53,41.9,43.0,156.9,100,0,0,6
2026-09-17T01:00:00Z,MUPS-B2,HALL-B,mech,120.16,123.87,40.0,40.9,148.9,100,0,0,6
2026-09-17T02:00:00Z,MUPS-B2,HALL-B,mech,113.96,117.48,38.0,39.4,143.7,100,0,0,6
2026-09-17T03:00:00Z,MUPS-B2,HALL-B,mech,107.22,110.54,35.7,36.8,134.2,100,0,0,6
2026-09-17T04:00:00Z,MUPS-B2,HALL-B,mech,108.69,112.05,36.2,37.1,135.5,100,0,0,6
2026-09-17T05:00:00Z,MUPS-B2,HALL-B,mech,113.45,116.95,37.8,39.2,143.0,100,0,0,6
2026-09-17T06:00:00Z,MUPS-B2,HALL-B,mech,119.62,123.31,39.9,41.1,150.2,100,0,0,6
2026-09-17T07:00:00Z,MUPS-B2,HALL-B,mech,128.23,132.2,42.7,43.9,160.1,100,0,0,6
2026-09-17T08:00:00Z,MUPS-B2,HALL-B,mech,129.1,133.11,43.0,43.8,159.6,100,0,0,6
2026-09-17T09:00:00Z,MUPS-B2,HALL-B,mech,127.16,131.08,42.4,43.3,158.0,100,0,0,6
2026-09-17T10:00:00Z,MUPS-B2,HALL-B,mech,123.18,126.99,41.1,41.6,151.5,100,0,0,6
2026-09-17T11:00:00Z,MUPS-B2,HALL-B,mech,120.94,124.68,40.3,41.1,149.7,100,0,0,6
2026-09-17T12:00:00Z,MUPS-B2,HALL-B,mech,116.57,120.17,38.9,39.6,144.3,100,0,0,6
2026-09-17T13:00:00Z,MUPS-B2,HALL-B,mech,114.53,118.08,38.2,38.6,140.7,100,0,0,6
2026-09-17T14:00:00Z,MUPS-B2,HALL-B,mech,113.27,116.77,37.8,38.3,139.8,100,0,0,6
2026-09-17T15:00:00Z,MUPS-B2,HALL-B,mech,110.62,114.05,36.9,37.6,136.9,100,0,0,6
2026-09-17T16:00:00Z,MUPS-B2,HALL-B,mech,108.81,112.18,36.3,36.6,133.4,100,0,0,6
2026-09-17T17:00:00Z,MUPS-B2,HALL-B,mech,108.99,112.38,36.3,36.8,134.2,100,0,0,6
2026-09-17T18:00:00Z,MUPS-B2,HALL-B,mech,107.43,110.75,35.8,36.4,132.8,100,0,0,6
2026-09-17T19:00:00Z,MUPS-B2,HALL-B,mech,106.58,109.88,35.5,36.0,131.3,100,0,0,6
2026-09-17T20:00:00Z,MUPS-B2,HALL-B,mech,104.91,108.15,35.0,35.6,129.9,100,0,0,6
2026-09-17T21:00:00Z,MUPS-B2,HALL-B,mech,100.1,103.18,33.4,34.1,124.4,100,0,0,6
2026-09-17T22:00:00Z,MUPS-B2,HALL-B,mech,96.35,99.33,32.1,33.3,121.5,100,0,0,6
2026-09-17T23:00:00Z,MUPS-B2,HALL-B,mech,92.64,95.52,30.9,31.4,114.5,100,0,0,6
2026-09-18T00:00:00Z,MUPS-B2,HALL-B,mech,94.8,97.72,31.6,33.5,122.2,100,0,0,6
2026-09-18T01:00:00Z,MUPS-B2,HALL-B,mech,104.03,107.24,34.7,35.9,130.8,100,0,0,6
2026-09-18T02:00:00Z,MUPS-B2,HALL-B,mech,113.28,116.79,37.8,39.6,144.5,100,0,0,6
2026-09-18T03:00:00Z,MUPS-B2,HALL-B,mech,122.81,126.6,40.9,42.8,155.8,100,0,0,6
2026-09-18T04:00:00Z,MUPS-B2,HALL-B,mech,126.8,130.71,42.3,42.8,155.9,100,0,0,6
2026-09-18T05:00:00Z,MUPS-B2,HALL-B,mech,123.31,127.12,41.1,42.2,153.8,100,0,0,6
2026-09-18T06:00:00Z,MUPS-B2,HALL-B,mech,118.35,122.02,39.5,40.1,146.1,100,0,0,6
2026-09-18T07:00:00Z,MUPS-B2,HALL-B,mech,115.86,119.44,38.6,39.2,142.9,100,0,0,6
2026-09-18T08:00:00Z,MUPS-B2,HALL-B,mech,110.79,114.22,36.9,37.7,137.5,100,0,0,6
2026-09-18T09:00:00Z,MUPS-B2,HALL-B,mech,104.71,107.96,34.9,36.2,132.2,100,0,0,6
2026-09-18T10:00:00Z,MUPS-B2,HALL-B,mech,98.63,101.69,32.9,34.2,124.7,100,0,0,6
2026-09-18T11:00:00Z,MUPS-B2,HALL-B,mech,92.62,95.48,30.9,31.6,115.1,100,0,0,6
2026-09-18T12:00:00Z,MUPS-B2,HALL-B,mech,95.32,98.27,31.8,33.7,122.5,100,0,0,6
2026-09-18T13:00:00Z,MUPS-B2,HALL-B,mech,105.79,109.06,35.3,36.5,133.3,100,0,0,6
2026-09-18T14:00:00Z,MUPS-B2,HALL-B,mech,115.05,118.6,38.4,39.9,145.4,100,0,0,6
2026-09-18T15:00:00Z,MUPS-B2,HALL-B,mech,124.18,128.02,41.4,43.1,157.5,100,0,0,6
2026-09-18T16:00:00Z,MUPS-B2,HALL-B,mech,124.2,128.05,41.4,43.1,157.2,100,0,0,6
2026-09-18T17:00:00Z,MUPS-B2,HALL-B,mech,117.06,120.69,39.0,40.1,146.2,100,0,0,6
2026-09-18T18:00:00Z,MUPS-B2,HALL-B,mech,107.28,110.61,35.8,37.4,136.3,100,0,0,6
2026-09-18T19:00:00Z,MUPS-B2,HALL-B,mech,98.53,101.58,32.8,33.7,122.9,100,0,0,6
2026-09-18T20:00:00Z,MUPS-B2,HALL-B,mech,94.25,97.15,31.4,31.9,116.3,100,0,0,6
2026-09-18T21:00:00Z,MUPS-B2,HALL-B,mech,94.56,97.48,31.5,32.0,116.8,100,0,0,6
2026-09-18T22:00:00Z,MUPS-B2,HALL-B,mech,94.27,97.17,31.4,31.9,116.2,100,0,0,6
2026-09-18T23:00:00Z,MUPS-B2,HALL-B,mech,93.25,96.15,31.1,31.5,115.0,100,0,0,6
2026-09-19T00:00:00Z,MUPS-B2,HALL-B,mech,95.63,98.6,31.9,32.5,118.4,100,0,0,6
2026-09-19T01:00:00Z,MUPS-B2,HALL-B,mech,100.56,103.67,33.5,34.3,125.1,100,0,0,6
2026-09-19T02:00:00Z,MUPS-B2,HALL-B,mech,106.13,109.41,35.4,37.1,135.2,100,0,0,6
2026-09-19T03:00:00Z,MUPS-B2,HALL-B,mech,110.12,113.53,36.7,38.0,138.4,100,0,0,6
2026-09-19T04:00:00Z,MUPS-B2,HALL-B,mech,115.95,119.55,38.6,39.2,143.0,100,0,0,6
2026-09-19T05:00:00Z,MUPS-B2,HALL-B,mech,119.87,123.58,40.0,41.0,149.4,100,0,0,6
2026-09-19T06:00:00Z,MUPS-B2,HALL-B,mech,124.02,127.85,41.3,42.9,156.5,100,0,0,6
2026-09-19T07:00:00Z,MUPS-B2,HALL-B,mech,130.36,134.39,43.5,44.1,160.8,100,0,0,6
2026-09-19T08:00:00Z,MUPS-B2,HALL-B,mech,132.27,136.35,44.1,44.8,163.0,100,0,0,6
2026-09-19T09:00:00Z,MUPS-B2,HALL-B,mech,129.31,133.31,43.1,43.7,159.4,100,0,0,6
2026-09-19T10:00:00Z,MUPS-B2,HALL-B,mech,128.65,132.64,42.9,43.3,157.9,100,0,0,6
2026-09-19T11:00:00Z,MUPS-B2,HALL-B,mech,126.53,130.44,42.2,42.8,155.9,100,0,0,6
2026-09-19T12:00:00Z,MUPS-B2,HALL-B,mech,121.54,125.3,40.5,41.9,152.8,100,0,0,6
2026-09-19T13:00:00Z,MUPS-B2,HALL-B,mech,119.1,122.78,39.7,40.8,148.7,100,0,0,6
2026-09-19T14:00:00Z,MUPS-B2,HALL-B,mech,114.15,117.68,38.0,38.7,141.1,100,0,0,6
2026-09-19T15:00:00Z,MUPS-B2,HALL-B,mech,112.18,115.66,37.4,38.3,139.7,100,0,0,6
2026-09-19T16:00:00Z,MUPS-B2,HALL-B,mech,113.22,116.72,37.7,38.6,140.5,100,0,0,6
2026-09-19T17:00:00Z,MUPS-B2,HALL-B,mech,117.69,121.33,39.2,40.4,147.4,100,0,0,6
2026-09-19T18:00:00Z,MUPS-B2,HALL-B,mech,123.11,126.93,41.0,41.9,152.6,100,0,0,6
2026-09-19T19:00:00Z,MUPS-B2,HALL-B,mech,129.79,133.81,43.3,44.8,163.0,100,0,0,6
2026-09-19T20:00:00Z,MUPS-B2,HALL-B,mech,128.59,132.56,42.9,44.4,161.8,100,0,0,6
2026-09-19T21:00:00Z,MUPS-B2,HALL-B,mech,122.41,126.2,40.8,41.6,151.7,100,0,0,6
2026-09-19T22:00:00Z,MUPS-B2,HALL-B,mech,117.61,121.24,39.2,40.8,148.2,100,0,0,6
2026-09-19T23:00:00Z,MUPS-B2,HALL-B,mech,110.75,114.18,36.9,38.0,138.5,100,0,0,6
2026-09-20T00:00:00Z,MUPS-B2,HALL-B,mech,107.53,110.85,35.8,36.4,132.6,100,0,0,6
2026-09-20T01:00:00Z,MUPS-B2,HALL-B,mech,108.77,112.13,36.3,36.9,134.3,100,0,0,6
2026-09-20T02:00:00Z,MUPS-B2,HALL-B,mech,111.01,114.43,37.0,38.2,139.2,100,0,0,6
2026-09-20T03:00:00Z,MUPS-B2,HALL-B,mech,111.83,115.3,37.3,37.8,137.8,100,0,0,6
2026-09-20T04:00:00Z,MUPS-B2,HALL-B,mech,113.19,116.7,37.7,38.6,140.7,100,0,0,6
2026-09-20T05:00:00Z,MUPS-B2,HALL-B,mech,115.19,118.77,38.4,38.7,141.2,100,0,0,6
2026-09-20T06:00:00Z,MUPS-B2,HALL-B,mech,117.9,121.53,39.3,40.1,146.1,100,0,0,6
2026-09-20T07:00:00Z,MUPS-B2,HALL-B,mech,119.3,123.0,39.8,40.6,147.8,100,0,0,6
2026-09-20T08:00:00Z,MUPS-B2,HALL-B,mech,119.93,123.64,40.0,40.7,148.1,100,0,0,6
2026-09-20T09:00:00Z,MUPS-B2,HALL-B,mech,113.36,116.88,37.8,38.9,141.9,100,0,0,6
2026-09-20T10:00:00Z,MUPS-B2,HALL-B,mech,110.44,113.85,36.8,37.3,135.8,100,0,0,6
2026-09-20T11:00:00Z,MUPS-B2,HALL-B,mech,105.8,109.07,35.3,36.9,134.6,100,0,0,6
2026-09-20T12:00:00Z,MUPS-B2,HALL-B,mech,105.12,108.38,35.0,36.5,133.2,100,0,0,6
2026-09-20T13:00:00Z,MUPS-B2,HALL-B,mech,109.06,112.42,36.4,37.1,135.4,100,0,0,6
2026-09-20T14:00:00Z,MUPS-B2,HALL-B,mech,111.88,115.32,37.3,38.4,139.9,100,0,0,6
2026-09-20T15:00:00Z,MUPS-B2,HALL-B,mech,116.62,120.24,38.9,39.7,144.7,100,0,0,6
2026-09-20T16:00:00Z,MUPS-B2,HALL-B,mech,117.25,120.87,39.1,39.7,144.7,100,0,0,6
2026-09-20T17:00:00Z,MUPS-B2,HALL-B,mech,116.48,120.08,38.8,39.5,144.1,100,0,0,6
2026-09-20T18:00:00Z,MUPS-B2,HALL-B,mech,113.52,117.03,37.8,38.6,140.8,100,0,0,6
2026-09-20T19:00:00Z,MUPS-B2,HALL-B,mech,111.84,115.3,37.3,37.8,137.9,100,0,0,6
2026-09-20T20:00:00Z,MUPS-B2,HALL-B,mech,110.69,114.11,36.9,37.5,136.7,100,0,0,6
2026-09-20T21:00:00Z,MUPS-B2,HALL-B,mech,110.02,113.42,36.7,37.1,135.2,100,0,0,6
2026-09-20T22:00:00Z,MUPS-B2,HALL-B,mech,109.46,112.85,36.5,36.9,134.5,100,0,0,6
2026-09-20T23:00:00Z,MUPS-B2,HALL-B,mech,108.14,111.48,36.1,36.5,133.0,100,0,0,6
2026-09-21T00:00:00Z,MUPS-B2,HALL-B,mech,110.32,113.73,36.8,37.8,137.9,100,0,0,6
2026-09-21T01:00:00Z,MUPS-B2,HALL-B,mech,116.37,119.96,38.8,39.6,144.3,100,0,0,6
2026-09-21T02:00:00Z,MUPS-B2,HALL-B,mech,122.25,126.04,40.7,42.1,153.5,100,0,0,6
2026-09-21T03:00:00Z,MUPS-B2,HALL-B,mech,129.83,133.85,43.3,44.1,160.9,100,0,0,6
2026-09-21T04:00:00Z,MUPS-B2,HALL-B,mech,128.45,132.42,42.8,44.2,160.7,100,0,0,6
2026-09-21T05:00:00Z,MUPS-B2,HALL-B,mech,121.07,124.8,40.4,41.3,150.5,100,0,0,6
2026-09-21T06:00:00Z,MUPS-B2,HALL-B,mech,111.86,115.31,37.3,38.9,141.9,100,0,0,6
2026-09-21T07:00:00Z,MUPS-B2,HALL-B,mech,104.29,107.52,34.8,36.4,132.5,100,0,0,6
2026-09-21T08:00:00Z,MUPS-B2,HALL-B,mech,102.23,105.39,34.1,35.0,127.7,100,0,0,6
2026-09-21T09:00:00Z,MUPS-B2,HALL-B,mech,105.42,108.69,35.1,35.5,129.4,100,0,0,6
2026-09-21T10:00:00Z,MUPS-B2,HALL-B,mech,107.04,110.38,35.7,36.8,134.1,100,0,0,6
2026-09-21T11:00:00Z,MUPS-B2,HALL-B,mech,111.21,114.65,37.1,37.8,137.9,100,0,0,6
2026-09-21T12:00:00Z,MUPS-B2,HALL-B,mech,112.91,116.41,37.6,38.4,140.0,100,0,0,6
2026-09-21T13:00:00Z,MUPS-B2,HALL-B,mech,115.53,119.11,38.5,39.0,142.4,100,0,0,6
2026-09-21T14:00:00Z,MUPS-B2,HALL-B,mech,116.86,120.48,39.0,39.7,144.7,100,0,0,6
2026-09-21T15:00:00Z,MUPS-B2,HALL-B,mech,119.5,123.2,39.8,40.4,147.4,100,0,0,6
2026-09-21T16:00:00Z,MUPS-B2,HALL-B,mech,117.72,121.36,39.2,40.4,147.6,100,0,0,6
2026-09-21T17:00:00Z,MUPS-B2,HALL-B,mech,109.48,112.87,36.5,37.9,138.3,100,0,0,6
2026-09-21T18:00:00Z,MUPS-B2,HALL-B,mech,103.37,106.56,34.5,35.6,129.8,100,0,0,6
2026-09-21T19:00:00Z,MUPS-B2,HALL-B,mech,97.52,100.54,32.5,34.1,124.0,100,0,0,6
2026-09-21T20:00:00Z,MUPS-B2,HALL-B,mech,97.47,100.49,32.5,33.6,122.4,100,0,0,6
2026-09-21T21:00:00Z,MUPS-B2,HALL-B,mech,104.09,107.31,34.7,35.9,131.1,100,0,0,6
2026-09-21T22:00:00Z,MUPS-B2,HALL-B,mech,109.86,113.26,36.6,37.5,136.5,100,0,0,6
2026-09-21T23:00:00Z,MUPS-B2,HALL-B,mech,117.26,120.88,39.1,39.9,145.7,100,0,0,6
2026-09-22T00:00:00Z,MUPS-B2,HALL-B,mech,120.57,124.29,40.2,41.0,149.4,100,0,0,6
2026-09-22T01:00:00Z,MUPS-B2,HALL-B,mech,116.38,119.97,38.8,39.3,143.2,100,0,0,6
2026-09-22T02:00:00Z,MUPS-B2,HALL-B,mech,112.62,116.11,37.5,38.4,139.9,100,0,0,6
2026-09-22T03:00:00Z,MUPS-B2,HALL-B,mech,109.41,112.81,36.5,37.3,135.9,100,0,0,6
2026-09-22T04:00:00Z,MUPS-B2,HALL-B,mech,111.66,115.12,37.2,37.9,138.2,100,0,0,6
2026-09-22T05:00:00Z,MUPS-B2,HALL-B,mech,115.5,119.07,38.5,39.5,144.1,100,0,0,6
2026-09-22T06:00:00Z,MUPS-B2,HALL-B,mech,122.73,126.53,40.9,42.0,153.2,100,0,0,6
2026-09-22T07:00:00Z,MUPS-B2,HALL-B,mech,127.45,131.39,42.5,43.4,158.2,100,0,0,6
2026-09-22T08:00:00Z,MUPS-B2,HALL-B,mech,128.06,132.01,42.7,43.6,159.1,100,0,0,6
2026-09-22T09:00:00Z,MUPS-B2,HALL-B,mech,122.5,126.28,40.8,41.5,151.4,100,0,0,6
2026-09-22T10:00:00Z,MUPS-B2,HALL-B,mech,117.27,120.91,39.1,40.2,146.6,100,0,0,6
2026-09-22T11:00:00Z,MUPS-B2,HALL-B,mech,112.46,115.93,37.5,38.1,139.1,100,0,0,6
2026-09-22T12:00:00Z,MUPS-B2,HALL-B,mech,109.47,112.85,36.5,37.0,134.7,100,0,0,6
2026-09-22T13:00:00Z,MUPS-B2,HALL-B,mech,110.03,113.44,36.7,37.3,136.1,100,0,0,6
2026-09-22T14:00:00Z,MUPS-B2,HALL-B,mech,113.19,116.68,37.7,38.2,139.4,100,0,0,6
2026-09-22T15:00:00Z,MUPS-B2,HALL-B,mech,112.77,116.27,37.6,37.8,138.1,100,0,0,6
2026-09-22T16:00:00Z,MUPS-B2,HALL-B,mech,112.38,115.86,37.5,37.9,138.1,100,0,0,6
2026-09-22T17:00:00Z,MUPS-B2,HALL-B,mech,112.59,116.08,37.5,38.1,138.9,100,0,0,6
2026-09-22T18:00:00Z,MUPS-B2,HALL-B,mech,113.91,117.43,38.0,38.8,141.4,100,0,0,6
2026-09-22T19:00:00Z,MUPS-B2,HALL-B,mech,113.96,117.49,38.0,38.5,140.4,100,0,0,6
2026-09-22T20:00:00Z,MUPS-B2,HALL-B,mech,111.44,114.89,37.2,38.0,138.4,100,0,0,6
2026-09-22T21:00:00Z,MUPS-B2,HALL-B,mech,109.15,112.52,36.4,37.1,135.4,100,0,0,6
2026-09-22T22:00:00Z,MUPS-B2,HALL-B,mech,107.15,110.45,35.7,36.1,131.5,100,0,0,6
2026-09-22T23:00:00Z,MUPS-B2,HALL-B,mech,105.02,108.27,35.0,35.3,128.7,100,0,0,6
2026-09-23T00:00:00Z,MUPS-B2,HALL-B,mech,107.39,110.7,35.8,36.4,132.5,100,0,0,6
2026-09-23T01:00:00Z,MUPS-B2,HALL-B,mech,110.52,113.93,36.8,37.8,137.6,100,0,0,6
2026-09-23T02:00:00Z,MUPS-B2,HALL-B,mech,115.13,118.68,38.4,39.4,143.6,100,0,0,6
2026-09-23T03:00:00Z,MUPS-B2,HALL-B,mech,117.74,121.37,39.2,39.7,144.8,100,0,0,6
2026-09-23T04:00:00Z,MUPS-B2,HALL-B,mech,120.33,124.06,40.1,41.2,150.0,100,0,0,6
2026-09-23T05:00:00Z,MUPS-B2,HALL-B,mech,125.67,129.54,41.9,42.7,155.6,100,0,0,6
2026-09-23T06:00:00Z,MUPS-B2,HALL-B,mech,127.07,130.99,42.4,42.8,156.3,100,0,0,6
2026-09-23T07:00:00Z,MUPS-B2,HALL-B,mech,128.16,132.12,42.7,43.8,159.8,100,0,0,6
2026-09-23T08:00:00Z,MUPS-B2,HALL-B,mech,126.73,130.65,42.2,43.5,158.5,100,0,0,6
2026-09-23T09:00:00Z,MUPS-B2,HALL-B,mech,122.88,126.68,41.0,42.2,153.7,100,0,0,6
2026-09-23T10:00:00Z,MUPS-B2,HALL-B,mech,117.76,121.4,39.3,40.2,146.7,100,0,0,6
2026-09-23T11:00:00Z,MUPS-B2,HALL-B,mech,111.68,115.13,37.2,38.3,139.5,100,0,0,6
2026-09-23T12:00:00Z,MUPS-B2,HALL-B,mech,107.21,110.53,35.7,36.6,133.4,100,0,0,6
2026-09-23T13:00:00Z,MUPS-B2,HALL-B,mech,104.05,107.26,34.7,35.4,129.0,100,0,0,6
2026-09-23T14:00:00Z,MUPS-B2,HALL-B,mech,101.03,104.16,33.7,34.4,125.5,100,0,0,6
2026-09-23T15:00:00Z,MUPS-B2,HALL-B,mech,96.68,99.68,32.2,33.0,120.5,100,0,0,6
2026-09-23T16:00:00Z,MUPS-B2,HALL-B,mech,100.33,103.44,33.5,34.9,127.4,100,0,0,6
2026-09-23T17:00:00Z,MUPS-B2,HALL-B,mech,109.52,112.9,36.5,38.1,138.9,100,0,0,6
2026-09-23T18:00:00Z,MUPS-B2,HALL-B,mech,118.43,122.09,39.5,41.1,149.9,100,0,0,6
2026-09-23T19:00:00Z,MUPS-B2,HALL-B,mech,130.06,134.09,43.4,44.8,163.0,100,0,0,6
2026-09-23T20:00:00Z,MUPS-B2,HALL-B,mech,132.55,136.65,44.2,45.1,164.3,100,0,0,6
2026-09-23T21:00:00Z,MUPS-B2,HALL-B,mech,129.51,133.51,43.2,43.7,159.4,100,0,0,6
2026-09-23T22:00:00Z,MUPS-B2,HALL-B,mech,125.56,129.43,41.9,42.7,155.7,100,0,0,6
2026-09-23T23:00:00Z,MUPS-B2,HALL-B,mech,122.54,126.34,40.9,41.6,151.7,100,0,0,6
2026-09-24T00:00:00Z,MUPS-B2,HALL-B,mech,121.52,125.28,40.5,41.3,150.6,100,0,0,6
2026-09-24T01:00:00Z,MUPS-B2,HALL-B,mech,122.14,125.9,40.7,41.7,151.8,100,0,0,6
2026-09-24T02:00:00Z,MUPS-B2,HALL-B,mech,123.93,127.76,41.3,41.9,152.9,100,0,0,6
2026-09-24T03:00:00Z,MUPS-B2,HALL-B,mech,123.13,126.94,41.0,41.6,151.7,100,0,0,6
2026-09-24T04:00:00Z,MUPS-B2,HALL-B,mech,121.13,124.88,40.4,41.6,151.6,100,0,0,6
2026-09-24T05:00:00Z,MUPS-B2,HALL-B,mech,112.64,116.14,37.6,38.6,140.7,100,0,0,6
2026-09-24T06:00:00Z,MUPS-B2,HALL-B,mech,105.06,108.31,35.0,36.1,131.5,100,0,0,6
2026-09-24T07:00:00Z,MUPS-B2,HALL-B,mech,97.86,100.89,32.6,34.2,124.8,100,0,0,6
2026-09-24T08:00:00Z,MUPS-B2,HALL-B,mech,97.41,100.41,32.5,33.5,122.0,100,0,0,6
2026-09-24T09:00:00Z,MUPS-B2,HALL-B,mech,101.38,104.52,33.8,35.1,128.1,100,0,0,6
2026-09-24T10:00:00Z,MUPS-B2,HALL-B,mech,106.3,109.6,35.4,36.2,131.9,100,0,0,6
2026-09-24T11:00:00Z,MUPS-B2,HALL-B,mech,110.81,114.23,36.9,37.7,137.3,100,0,0,6
2026-09-24T12:00:00Z,MUPS-B2,HALL-B,mech,110.31,113.71,36.8,38.2,139.4,100,0,0,6
2026-09-24T13:00:00Z,MUPS-B2,HALL-B,mech,104.59,107.83,34.9,35.4,128.7,100,0,0,6
2026-09-24T14:00:00Z,MUPS-B2,HALL-B,mech,99.6,102.68,33.2,34.4,125.2,100,0,0,6
2026-09-24T15:00:00Z,MUPS-B2,HALL-B,mech,93.7,96.59,31.2,32.2,117.2,100,0,0,6
2026-09-24T16:00:00Z,MUPS-B2,HALL-B,mech,93.21,96.1,31.1,31.6,115.1,100,0,0,6
2026-09-24T17:00:00Z,MUPS-B2,HALL-B,mech,96.82,99.81,32.3,33.3,121.2,100,0,0,6
2026-09-24T18:00:00Z,MUPS-B2,HALL-B,mech,101.71,104.87,33.9,35.1,127.9,100,0,0,6
2026-09-24T19:00:00Z,MUPS-B2,HALL-B,mech,107.23,110.55,35.7,36.7,133.6,100,0,0,6
2026-09-24T20:00:00Z,MUPS-B2,HALL-B,mech,111.06,114.51,37.0,38.0,138.4,100,0,0,6
2026-09-24T21:00:00Z,MUPS-B2,HALL-B,mech,117.46,121.1,39.1,40.3,147.2,99,0,11,6
2026-09-24T22:00:00Z,MUPS-B2,HALL-B,mech,122.86,126.67,41.0,42.5,154.7,100,0,0,6
2026-09-24T23:00:00Z,MUPS-B2,HALL-B,mech,129.63,133.65,43.2,44.6,162.2,100,0,0,6
2026-09-25T00:00:00Z,MUPS-B2,HALL-B,mech,127.21,131.14,42.4,44.6,162.4,100,0,0,6
2026-09-25T01:00:00Z,MUPS-B2,HALL-B,mech,117.55,121.19,39.2,40.8,148.8,100,0,0,6
2026-09-25T02:00:00Z,MUPS-B2,HALL-B,mech,107.33,110.65,35.8,37.9,138.3,100,0,0,6
2026-09-25T03:00:00Z,MUPS-B2,HALL-B,mech,97.8,100.83,32.6,34.2,124.8,100,0,0,6
2026-09-25T04:00:00Z,MUPS-B2,HALL-B,mech,91.94,94.79,30.6,31.0,112.9,100,0,0,6
2026-09-25T05:00:00Z,MUPS-B2,HALL-B,mech,92.75,95.62,30.9,31.5,115.1,100,0,0,6
2026-09-25T06:00:00Z,MUPS-B2,HALL-B,mech,91.62,94.43,30.5,30.8,112.3,100,0,0,6
2026-09-25T07:00:00Z,MUPS-B2,HALL-B,mech,90.96,93.77,30.3,30.7,112.1,100,0,0,6
2026-09-25T08:00:00Z,MUPS-B2,HALL-B,mech,92.16,95.01,30.7,31.7,115.7,100,0,0,6
2026-09-25T09:00:00Z,MUPS-B2,HALL-B,mech,98.14,101.18,32.7,34.1,124.2,100,0,0,6
2026-09-25T10:00:00Z,MUPS-B2,HALL-B,mech,102.96,106.16,34.3,34.6,126.0,100,0,0,6
2026-09-25T11:00:00Z,MUPS-B2,HALL-B,mech,105.66,108.93,35.2,36.6,133.6,100,0,0,6
2026-09-25T12:00:00Z,MUPS-B2,HALL-B,mech,110.56,113.97,36.8,37.3,135.8,100,0,0,6
2026-09-25T13:00:00Z,MUPS-B2,HALL-B,mech,109.19,112.56,36.4,37.0,134.8,100,0,0,6
2026-09-25T14:00:00Z,MUPS-B2,HALL-B,mech,110.29,113.69,36.8,37.2,135.7,100,0,0,6
2026-09-25T15:00:00Z,MUPS-B2,HALL-B,mech,109.94,113.34,36.6,37.4,136.5,100,0,0,6
2026-09-25T16:00:00Z,MUPS-B2,HALL-B,mech,109.46,112.84,36.5,37.0,135.3,100,0,0,6
2026-09-25T17:00:00Z,MUPS-B2,HALL-B,mech,109.39,112.77,36.5,37.4,136.5,100,0,0,6
2026-09-25T18:00:00Z,MUPS-B2,HALL-B,mech,111.82,115.28,37.3,37.7,137.7,100,0,0,6
2026-09-25T19:00:00Z,MUPS-B2,HALL-B,mech,110.97,114.39,37.0,37.5,136.9,100,0,0,6
2026-09-25T20:00:00Z,MUPS-B2,HALL-B,mech,114.66,118.21,38.2,39.2,142.9,100,0,0,6
2026-09-25T21:00:00Z,MUPS-B2,HALL-B,mech,121.4,125.16,40.5,41.5,151.0,100,0,0,6
2026-09-25T22:00:00Z,MUPS-B2,HALL-B,mech,127.36,131.31,42.5,43.1,157.1,100,0,0,6
2026-09-25T23:00:00Z,MUPS-B2,HALL-B,mech,131.64,135.7,43.9,44.9,163.6,100,0,0,6
2026-09-26T00:00:00Z,MUPS-B2,HALL-B,mech,129.83,133.84,43.3,44.8,163.5,100,0,0,6
2026-09-26T01:00:00Z,MUPS-B2,HALL-B,mech,122.98,126.78,41.0,42.6,155.2,100,0,0,6
2026-09-26T02:00:00Z,MUPS-B2,HALL-B,mech,113.95,117.48,38.0,39.7,144.5,100,0,0,6
2026-09-26T03:00:00Z,MUPS-B2,HALL-B,mech,106.73,110.03,35.6,37.0,135.1,100,0,0,6
2026-09-26T04:00:00Z,MUPS-B2,HALL-B,mech,104.61,107.84,34.9,36.2,132.0,100,0,0,6
2026-09-26T05:00:00Z,MUPS-B2,HALL-B,mech,114.43,117.98,38.1,39.5,144.0,100,0,0,6
2026-09-26T06:00:00Z,MUPS-B2,HALL-B,mech,121.63,125.39,40.5,41.6,151.7,100,0,0,6
2026-09-26T07:00:00Z,MUPS-B2,HALL-B,mech,128.17,132.13,42.7,44.7,163.2,100,0,0,6
2026-09-26T08:00:00Z,MUPS-B2,HALL-B,mech,133.62,137.75,44.5,44.9,163.8,100,0,0,6
2026-09-26T09:00:00Z,MUPS-B2,HALL-B,mech,134.5,138.66,44.8,45.4,165.2,100,0,0,6
2026-09-26T10:00:00Z,MUPS-B2,HALL-B,mech,133.88,138.01,44.6,45.4,165.4,100,0,0,6
2026-09-26T11:00:00Z,MUPS-B2,HALL-B,mech,134.36,138.52,44.8,45.3,165.0,100,0,0,6
2026-09-26T12:00:00Z,MUPS-B2,HALL-B,mech,132.56,136.65,44.2,44.8,163.1,100,0,0,6
2026-09-26T13:00:00Z,MUPS-B2,HALL-B,mech,131.89,135.97,44.0,44.8,163.0,100,0,0,6
2026-09-26T14:00:00Z,MUPS-B2,HALL-B,mech,130.89,134.93,43.6,44.8,163.2,100,0,0,6
2026-09-26T15:00:00Z,MUPS-B2,HALL-B,mech,130.09,134.1,43.4,44.2,161.1,100,0,0,6
2026-09-26T16:00:00Z,MUPS-B2,HALL-B,mech,127.17,131.09,42.4,43.2,157.5,100,0,0,6
2026-09-26T17:00:00Z,MUPS-B2,HALL-B,mech,123.85,127.68,41.3,42.0,152.8,100,0,0,6
2026-09-26T18:00:00Z,MUPS-B2,HALL-B,mech,121.85,125.61,40.6,41.3,150.5,100,0,0,6
2026-09-26T19:00:00Z,MUPS-B2,HALL-B,mech,119.52,123.19,39.8,40.5,147.5,100,0,0,6
2026-09-26T20:00:00Z,MUPS-B2,HALL-B,mech,115.8,119.39,38.6,39.2,143.0,100,0,0,6
2026-09-26T21:00:00Z,MUPS-B2,HALL-B,mech,112.33,115.8,37.4,38.0,138.7,100,0,0,6
2026-09-26T22:00:00Z,MUPS-B2,HALL-B,mech,107.81,111.14,35.9,37.0,134.8,100,0,0,6
2026-09-26T23:00:00Z,MUPS-B2,HALL-B,mech,101.39,104.52,33.8,35.1,127.8,100,0,0,6
2026-09-27T00:00:00Z,MUPS-B2,HALL-B,mech,98.87,101.94,33.0,33.4,121.7,100,0,0,6
2026-09-27T01:00:00Z,MUPS-B2,HALL-B,mech,101.6,104.74,33.9,34.4,125.4,100,0,0,6
2026-09-27T02:00:00Z,MUPS-B2,HALL-B,mech,102.38,105.53,34.1,34.8,126.7,100,0,0,6
2026-09-27T03:00:00Z,MUPS-B2,HALL-B,mech,103.7,106.91,34.6,34.8,127.1,100,0,0,6
2026-09-27T04:00:00Z,MUPS-B2,HALL-B,mech,104.7,107.95,34.9,35.4,129.2,100,0,0,6
2026-09-27T05:00:00Z,MUPS-B2,HALL-B,mech,106.17,109.47,35.4,35.8,130.6,100,0,0,6
2026-09-27T06:00:00Z,MUPS-B2,HALL-B,mech,107.91,111.24,36.0,36.4,132.8,100,0,0,6
2026-09-27T07:00:00Z,MUPS-B2,HALL-B,mech,109.37,112.74,36.5,37.1,135.2,100,0,0,6
2026-09-27T08:00:00Z,MUPS-B2,HALL-B,mech,114.14,117.68,38.0,38.7,140.9,100,0,0,6
2026-09-27T09:00:00Z,MUPS-B2,HALL-B,mech,117.2,120.83,39.1,40.0,145.7,100,0,0,6
2026-09-27T10:00:00Z,MUPS-B2,HALL-B,mech,121.14,124.87,40.4,41.5,151.4,100,0,0,6
2026-09-27T11:00:00Z,MUPS-B2,HALL-B,mech,125.48,129.36,41.8,42.5,154.9,100,0,0,6
2026-09-27T12:00:00Z,MUPS-B2,HALL-B,mech,121.99,125.75,40.7,42.3,154.2,100,0,0,6
2026-09-27T13:00:00Z,MUPS-B2,HALL-B,mech,117.72,121.35,39.2,40.5,147.7,100,0,0,6
2026-09-27T14:00:00Z,MUPS-B2,HALL-B,mech,112.22,115.69,37.4,38.2,139.1,100,0,0,6
2026-09-27T15:00:00Z,MUPS-B2,HALL-B,mech,105.26,108.51,35.1,36.5,133.2,100,0,0,6
2026-09-27T16:00:00Z,MUPS-B2,HALL-B,mech,101.2,104.33,33.7,34.4,125.5,100,0,0,6
2026-09-27T17:00:00Z,MUPS-B2,HALL-B,mech,99.06,102.11,33.0,33.6,122.5,100,0,0,6
2026-09-27T18:00:00Z,MUPS-B2,HALL-B,mech,94.94,97.87,31.6,32.4,117.9,100,0,0,6
2026-09-27T19:00:00Z,MUPS-B2,HALL-B,mech,93.82,96.72,31.3,31.7,115.6,100,0,0,6
2026-09-27T20:00:00Z,MUPS-B2,HALL-B,mech,93.11,96.0,31.0,31.3,114.2,100,0,0,6
2026-09-27T21:00:00Z,MUPS-B2,HALL-B,mech,93.73,96.63,31.2,31.7,115.4,100,0,0,6
2026-09-27T22:00:00Z,MUPS-B2,HALL-B,mech,93.41,96.31,31.1,31.6,115.2,100,0,0,6
2026-09-27T23:00:00Z,MUPS-B2,HALL-B,mech,93.35,96.25,31.1,31.5,114.6,100,0,0,6
2026-08-31T00:00:00Z,UPS-A1,HALL-A,it,740.25,770.64,49.4,54.0,987.0,100,0,0,6
2026-08-31T01:00:00Z,UPS-A1,HALL-A,it,787.91,819.76,52.5,54.0,988.5,100,0,0,6
2026-08-31T02:00:00Z,UPS-A1,HALL-A,it,765.09,796.26,51.0,54.1,988.9,100,0,0,6
2026-08-31T03:00:00Z,UPS-A1,HALL-A,it,782.87,814.59,52.2,54.1,989.3,100,0,0,6
2026-08-31T04:00:00Z,UPS-A1,HALL-A,it,776.74,808.28,51.8,54.1,989.3,100,0,0,6
2026-08-31T05:00:00Z,UPS-A1,HALL-A,it,765.11,796.28,51.0,53.8,983.3,100,0,0,6
2026-08-31T06:00:00Z,UPS-A1,HALL-A,it,773.71,805.13,51.6,53.7,981.3,100,0,0,6
2026-08-31T07:00:00Z,UPS-A1,HALL-A,it,779.28,810.88,52.0,53.7,981.7,100,0,0,6
2026-08-31T08:00:00Z,UPS-A1,HALL-A,it,762.61,793.69,50.8,53.7,981.1,100,0,0,6
2026-08-31T09:00:00Z,UPS-A1,HALL-A,it,707.11,736.47,47.1,51.0,931.8,100,0,0,6
2026-08-31T10:00:00Z,UPS-A1,HALL-A,it,671.61,699.87,44.8,46.0,840.1,100,0,0,6
2026-08-31T11:00:00Z,UPS-A1,HALL-A,it,679.59,708.09,45.3,48.4,885.1,100,0,0,6
2026-08-31T12:00:00Z,UPS-A1,HALL-A,it,712.38,741.92,47.5,50.8,927.5,100,0,0,6
2026-08-31T13:00:00Z,UPS-A1,HALL-A,it,700.85,730.03,46.7,48.7,888.9,100,0,0,6
2026-08-31T14:00:00Z,UPS-A1,HALL-A,it,706.97,736.33,47.1,48.6,888.5,100,0,0,6
2026-08-31T15:00:00Z,UPS-A1,HALL-A,it,719.87,749.64,48.0,51.9,946.3,100,0,0,6
2026-08-31T16:00:00Z,UPS-A1,HALL-A,it,769.77,801.08,51.3,53.3,973.5,100,0,0,6
2026-08-31T17:00:00Z,UPS-A1,HALL-A,it,774.14,805.58,51.6,53.3,974.1,100,0,0,6
2026-08-31T18:00:00Z,UPS-A1,HALL-A,it,769.44,800.74,51.3,53.3,973.5,100,0,0,6
2026-08-31T19:00:00Z,UPS-A1,HALL-A,it,761.48,792.54,50.8,53.3,973.1,100,0,0,6
2026-08-31T20:00:00Z,UPS-A1,HALL-A,it,768.15,799.41,51.2,53.1,970.2,100,0,0,6
2026-08-31T21:00:00Z,UPS-A1,HALL-A,it,739.6,769.98,49.3,53.1,969.1,100,0,0,6
2026-08-31T22:00:00Z,UPS-A1,HALL-A,it,705.13,734.44,47.0,50.6,926.3,100,0,0,6
2026-08-31T23:00:00Z,UPS-A1,HALL-A,it,732.24,762.38,48.8,50.6,925.7,100,0,0,6
2026-09-01T00:00:00Z,UPS-A1,HALL-A,it,749.96,780.65,50.0,53.5,977.8,100,0,0,6
2026-09-01T01:00:00Z,UPS-A1,HALL-A,it,772.72,804.11,51.5,53.5,977.9,100,0,0,6
2026-09-01T02:00:00Z,UPS-A1,HALL-A,it,774.07,805.51,51.6,53.5,977.0,100,0,0,6
2026-09-01T03:00:00Z,UPS-A1,HALL-A,it,745.62,776.18,49.7,53.5,977.4,100,0,0,6
2026-09-01T04:00:00Z,UPS-A1,HALL-A,it,729.03,759.08,48.6,50.9,929.9,100,0,0,6
2026-09-01T05:00:00Z,UPS-A1,HALL-A,it,737.27,767.59,49.1,51.9,946.3,100,0,0,6
2026-09-01T06:00:00Z,UPS-A1,HALL-A,it,725.12,755.05,48.3,50.4,920.8,100,0,0,6
2026-09-01T07:00:00Z,UPS-A1,HALL-A,it,691.43,720.33,46.1,48.3,881.9,100,0,0,6
2026-09-01T08:00:00Z,UPS-A1,HALL-A,it,720.87,750.67,48.1,50.6,925.9,100,0,0,6
2026-09-01T09:00:00Z,UPS-A1,HALL-A,it,734.43,764.66,49.0,50.7,925.5,100,0,0,6
2026-09-01T10:00:00Z,UPS-A1,HALL-A,it,715.63,745.27,47.7,50.6,924.8,100,0,0,6
2026-09-01T11:00:00Z,UPS-A1,HALL-A,it,670.74,699.0,44.7,46.1,842.4,100,0,0,6
2026-09-01T12:00:00Z,UPS-A1,HALL-A,it,699.32,728.45,46.6,48.5,887.6,100,0,0,6
2026-09-01T13:00:00Z,UPS-A1,HALL-A,it,698.42,727.51,46.6,49.0,896.4,100,0,0,6
2026-09-01T14:00:00Z,UPS-A1,HALL-A,it,737.4,767.71,49.2,50.9,930.5,100,0,0,6
2026-09-01T15:00:00Z,UPS-A1,HALL-A,it,729.5,759.57,48.6,53.3,972.9,100,0,0,6
2026-09-01T16:00:00Z,UPS-A1,HALL-A,it,766.56,797.76,51.1,53.3,973.7,100,0,0,6
2026-09-01T17:00:00Z,UPS-A1,HALL-A,it,726.17,756.12,48.4,52.0,948.4,100,0,0,6
2026-09-01T18:00:00Z,UPS-A1,HALL-A,it,778.27,809.83,51.9,53.8,983.6,100,0,0,6
2026-09-01T19:00:00Z,UPS-A1,HALL-A,it,746.9,777.5,49.8,53.8,982.6,100,0,0,6
2026-09-01T20:00:00Z,UPS-A1,HALL-A,it,729.07,759.11,48.6,50.5,922.8,100,0,0,6
2026-09-01T21:00:00Z,UPS-A1,HALL-A,it,734.22,764.43,49.0,51.6,941.3,100,0,0,6
2026-09-01T22:00:00Z,UPS-A1,HALL-A,it,728.28,758.3,48.6,51.2,936.3,100,0,0,6
2026-09-01T23:00:00Z,UPS-A1,HALL-A,it,746.28,776.85,49.8,51.2,936.8,100,0,0,6
2026-09-02T00:00:00Z,UPS-A1,HALL-A,it,743.15,773.62,49.5,51.2,937.0,100,0,0,6
2026-09-02T01:00:00Z,UPS-A1,HALL-A,it,748.14,778.76,49.9,51.2,936.8,100,0,0,6
2026-09-02T02:00:00Z,UPS-A1,HALL-A,it,734.7,764.92,49.0,51.5,941.7,100,0,0,6
2026-09-02T03:00:00Z,UPS-A1,HALL-A,it,732.72,762.89,48.8,51.5,940.6,100,0,0,6
2026-09-02T04:00:00Z,UPS-A1,HALL-A,it,703.17,732.41,46.9,51.2,936.6,100,0,0,6
2026-09-02T05:00:00Z,UPS-A1,HALL-A,it,717.87,747.56,47.9,49.2,901.0,100,0,0,6
2026-09-02T06:00:00Z,UPS-A1,HALL-A,it,701.99,731.19,46.8,49.2,900.9,100,0,0,6
2026-09-02T07:00:00Z,UPS-A1,HALL-A,it,706.9,736.27,47.1,49.1,898.0,100,0,0,6
2026-09-02T08:00:00Z,UPS-A1,HALL-A,it,717.11,746.79,47.8,50.5,923.4,100,0,0,6
2026-09-02T09:00:00Z,UPS-A1,HALL-A,it,745.94,776.51,49.7,52.5,959.1,100,0,0,6
2026-09-02T10:00:00Z,UPS-A1,HALL-A,it,774.08,805.53,51.6,53.6,980.5,100,0,0,6
2026-09-02T11:00:00Z,UPS-A1,HALL-A,it,777.93,809.5,51.9,53.6,980.4,100,0,0,6
2026-09-02T12:00:00Z,UPS-A1,HALL-A,it,781.67,813.36,52.1,53.6,980.1,100,0,0,6
2026-09-02T13:00:00Z,UPS-A1,HALL-A,it,753.11,783.89,50.2,53.6,978.3,100,0,0,6
2026-09-02T14:00:00Z,UPS-A1,HALL-A,it,738.55,768.88,49.2,51.4,939.9,100,0,0,6
2026-09-02T15:00:00Z,UPS-A1,HALL-A,it,747.38,777.99,49.8,51.6,943.2,100,0,0,6
2026-09-02T16:00:00Z,UPS-A1,HALL-A,it,730.8,760.9,48.7,51.6,943.7,100,0,0,6
2026-09-02T17:00:00Z,UPS-A1,HALL-A,it,762.06,793.13,50.8,53.8,984.2,100,0,0,6
2026-09-02T18:00:00Z,UPS-A1,HALL-A,it,774.48,805.94,51.6,53.8,985.2,100,0,0,6
2026-09-02T19:00:00Z,UPS-A1,HALL-A,it,752.05,782.82,50.1,51.7,944.3,100,0,0,6
2026-09-02T20:00:00Z,UPS-A1,HALL-A,it,779.22,810.81,51.9,54.2,990.4,100,0,0,6
2026-09-02T21:00:00Z,UPS-A1,HALL-A,it,773.62,805.04,51.6,54.1,989.2,100,0,0,6
2026-09-02T22:00:00Z,UPS-A1,HALL-A,it,749.41,780.09,50.0,53.9,985.8,100,0,0,6
2026-09-02T23:00:00Z,UPS-A1,HALL-A,it,747.82,778.45,49.9,51.3,938.1,100,0,0,6
2026-09-03T00:00:00Z,UPS-A1,HALL-A,it,740.58,770.99,49.4,51.3,937.6,100,0,0,6
2026-09-03T01:00:00Z,UPS-A1,HALL-A,it,716.59,746.24,47.8,49.2,899.2,100,0,0,6
2026-09-03T02:00:00Z,UPS-A1,HALL-A,it,659.15,687.05,43.9,47.0,857.2,100,0,0,6
2026-09-03T03:00:00Z,UPS-A1,HALL-A,it,696.48,725.5,46.4,49.3,900.6,100,0,0,6
2026-09-03T04:00:00Z,UPS-A1,HALL-A,it,717.88,747.58,47.9,49.3,901.8,100,0,0,6
2026-09-03T05:00:00Z,UPS-A1,HALL-A,it,700.07,729.22,46.7,50.1,915.9,100,0,0,6
2026-09-03T06:00:00Z,UPS-A1,HALL-A,it,766.82,798.03,51.1,53.4,975.6,100,0,0,6
2026-09-03T07:00:00Z,UPS-A1,HALL-A,it,767.44,798.66,51.2,53.3,976.4,100,0,0,6
2026-09-03T08:00:00Z,UPS-A1,HALL-A,it,761.55,792.6,50.8,53.6,979.1,100,0,0,6
2026-09-03T09:00:00Z,UPS-A1,HALL-A,it,772.22,803.6,51.5,53.8,983.7,100,0,0,6
2026-09-03T10:00:00Z,UPS-A1,HALL-A,it,780.8,812.44,52.1,53.8,983.5,100,0,0,6
2026-09-03T11:00:00Z,UPS-A1,HALL-A,it,754.97,785.82,50.3,53.7,982.4,100,0,0,6
2026-09-03T12:00:00Z,UPS-A1,HALL-A,it,736.0,766.27,49.1,51.5,941.9,100,0,0,6
2026-09-03T13:00:00Z,UPS-A1,HALL-A,it,767.03,798.25,51.1,53.8,982.0,100,0,0,6
2026-09-03T14:00:00Z,UPS-A1,HALL-A,it,779.85,811.45,52.0,53.8,983.3,100,0,0,6
2026-09-03T15:00:00Z,UPS-A1,HALL-A,it,786.85,818.67,52.5,53.8,983.3,100,0,0,6
2026-09-03T16:00:00Z,UPS-A1,HALL-A,it,780.23,811.86,52.0,53.8,983.1,100,0,0,6
2026-09-03T17:00:00Z,UPS-A1,HALL-A,it,758.47,789.42,50.6,53.8,983.4,100,0,0,6
2026-09-03T18:00:00Z,UPS-A1,HALL-A,it,767.13,798.36,51.1,53.5,977.7,100,0,0,6
2026-09-03T19:00:00Z,UPS-A1,HALL-A,it,754.57,785.41,50.3,53.3,973.5,100,0,0,6
2026-09-03T20:00:00Z,UPS-A1,HALL-A,it,744.19,774.71,49.6,53.3,974.2,100,0,0,6
2026-09-03T21:00:00Z,UPS-A1,HALL-A,it,764.05,795.18,50.9,52.9,967.8,100,0,0,6
2026-09-03T22:00:00Z,UPS-A1,HALL-A,it,772.09,803.45,51.5,52.9,967.8,100,0,0,6
2026-09-03T23:00:00Z,UPS-A1,HALL-A,it,767.29,798.51,51.2,52.9,967.3,100,0,0,6
2026-09-04T00:00:00Z,UPS-A1,HALL-A,it,755.61,786.48,50.4,52.9,968.4,100,0,0,6
2026-09-04T01:00:00Z,UPS-A1,HALL-A,it,767.96,799.21,51.2,52.9,966.2,100,0,0,6
2026-09-04T02:00:00Z,UPS-A1,HALL-A,it,712.7,742.25,47.5,52.9,966.7,100,0,0,6
2026-09-04T03:00:00Z,UPS-A1,HALL-A,it,730.26,760.35,48.7,51.5,941.5,100,0,0,6
2026-09-04T04:00:00Z,UPS-A1,HALL-A,it,732.25,762.39,48.8,51.7,945.3,100,0,0,6
2026-09-04T05:00:00Z,UPS-A1,HALL-A,it,761.54,792.6,50.8,54.3,992.0,100,0,0,6
2026-09-04T06:00:00Z,UPS-A1,HALL-A,it,787.16,819.01,52.5,54.3,992.0,100,0,0,6
2026-09-04T07:00:00Z,UPS-A1,HALL-A,it,786.79,818.64,52.4,54.3,992.9,100,0,0,6
2026-09-04T08:00:00Z,UPS-A1,HALL-A,it,778.36,809.94,51.9,54.2,990.7,100,0,0,6
2026-09-04T09:00:00Z,UPS-A1,HALL-A,it,757.19,788.11,50.5,53.9,985.1,100,0,0,6
2026-09-04T10:00:00Z,UPS-A1,HALL-A,it,763.08,794.18,50.9,53.9,984.6,100,0,0,6
2026-09-04T11:00:00Z,UPS-A1,HALL-A,it,763.32,794.43,50.9,53.9,984.2,100,0,0,6
2026-09-04T12:00:00Z,UPS-A1,HALL-A,it,764.06,795.19,50.9,53.5,978.3,100,0,0,6
2026-09-04T13:00:00Z,UPS-A1,HALL-A,it,772.64,804.03,51.5,53.5,978.4,100,0,0,6
2026-09-04T14:00:00Z,UPS-A1,HALL-A,it,772.85,804.25,51.5,53.5,978.8,100,0,0,6
2026-09-04T15:00:00Z,UPS-A1,HALL-A,it,705.53,734.85,47.0,51.3,938.2,100,0,0,6
2026-09-04T16:00:00Z,UPS-A1,HALL-A,it,687.33,716.09,45.8,49.6,906.2,100,0,0,6
2026-09-04T17:00:00Z,UPS-A1,HALL-A,it,707.76,737.16,47.2,49.3,902.6,100,0,0,6
2026-09-04T18:00:00Z,UPS-A1,HALL-A,it,746.76,777.36,49.8,52.6,961.3,100,0,0,6
2026-09-04T19:00:00Z,UPS-A1,HALL-A,it,780.94,812.59,52.1,53.8,983.2,100,0,0,6
2026-09-04T20:00:00Z,UPS-A1,HALL-A,it,765.18,796.33,51.0,53.8,982.6,100,0,0,6
2026-09-04T21:00:00Z,UPS-A1,HALL-A,it,772.27,803.65,51.5,53.8,983.5,100,0,0,6
2026-09-04T22:00:00Z,UPS-A1,HALL-A,it,756.02,786.9,50.4,53.8,983.1,100,0,0,6
2026-09-04T23:00:00Z,UPS-A1,HALL-A,it,771.86,803.23,51.5,53.4,976.7,100,0,0,6
2026-09-05T00:00:00Z,UPS-A1,HALL-A,it,772.65,804.04,51.5,53.5,978.9,100,0,0,6
2026-09-05T01:00:00Z,UPS-A1,HALL-A,it,746.55,777.14,49.8,53.5,978.0,100,0,0,6
2026-09-05T02:00:00Z,UPS-A1,HALL-A,it,711.02,740.53,47.4,50.6,925.8,100,0,0,6
2026-09-05T03:00:00Z,UPS-A1,HALL-A,it,701.35,730.56,46.8,48.3,882.4,100,0,0,6
2026-09-05T04:00:00Z,UPS-A1,HALL-A,it,695.83,724.87,46.4,48.3,882.4,100,0,0,6
2026-09-05T05:00:00Z,UPS-A1,HALL-A,it,691.75,720.65,46.1,48.3,883.1,100,0,0,6
2026-09-05T06:00:00Z,UPS-A1,HALL-A,it,692.26,721.17,46.1,50.1,915.3,100,0,0,6
2026-09-05T07:00:00Z,UPS-A1,HALL-A,it,741.64,772.07,49.5,51.2,936.8,100,0,0,6
2026-09-05T08:00:00Z,UPS-A1,HALL-A,it,731.99,762.12,48.8,51.2,936.2,100,0,0,6
2026-09-05T09:00:00Z,UPS-A1,HALL-A,it,763.0,794.11,50.9,53.5,977.4,100,0,0,6
2026-09-05T10:00:00Z,UPS-A1,HALL-A,it,761.97,793.04,50.8,53.2,973.1,100,0,0,6
2026-09-05T11:00:00Z,UPS-A1,HALL-A,it,747.44,778.05,49.8,53.3,976.0,100,0,0,6
2026-09-05T12:00:00Z,UPS-A1,HALL-A,it,729.36,759.43,48.6,50.8,929.8,100,0,0,6
2026-09-05T13:00:00Z,UPS-A1,HALL-A,it,748.91,779.58,49.9,53.0,969.8,100,0,0,6
2026-09-05T14:00:00Z,UPS-A1,HALL-A,it,752.76,783.55,50.2,53.0,968.1,100,0,0,6
2026-09-05T15:00:00Z,UPS-A1,HALL-A,it,767.21,798.44,51.1,53.0,968.5,100,0,0,6
2026-09-05T16:00:00Z,UPS-A1,HALL-A,it,749.46,780.13,50.0,52.9,967.7,100,0,0,6
2026-09-05T17:00:00Z,UPS-A1,HALL-A,it,738.26,768.58,49.2,50.7,927.8,100,0,0,6
2026-09-05T18:00:00Z,UPS-A1,HALL-A,it,759.09,790.05,50.6,52.9,967.8,100,0,0,6
2026-09-05T19:00:00Z,UPS-A1,HALL-A,it,765.36,796.53,51.0,52.9,967.7,100,0,0,6
2026-09-05T20:00:00Z,UPS-A1,HALL-A,it,763.6,794.72,50.9,52.9,968.9,100,0,0,6
2026-09-05T21:00:00Z,UPS-A1,HALL-A,it,750.44,781.15,50.0,52.9,968.5,100,0,0,6
2026-09-05T22:00:00Z,UPS-A1,HALL-A,it,767.07,798.28,51.1,53.4,976.4,100,0,0,6
2026-09-05T23:00:00Z,UPS-A1,HALL-A,it,754.58,785.41,50.3,53.4,975.6,100,0,0,6
2026-09-06T00:00:00Z,UPS-A1,HALL-A,it,728.24,758.26,48.5,50.7,927.3,100,0,0,6
2026-09-06T01:00:00Z,UPS-A1,HALL-A,it,738.09,768.41,49.2,50.7,927.8,100,0,0,6
2026-09-06T02:00:00Z,UPS-A1,HALL-A,it,727.28,757.27,48.5,50.9,930.8,100,0,0,6
2026-09-06T03:00:00Z,UPS-A1,HALL-A,it,746.97,777.57,49.8,53.0,969.5,100,0,0,6
2026-09-06T04:00:00Z,UPS-A1,HALL-A,it,767.59,798.83,51.2,53.0,969.9,100,0,0,6
2026-09-06T05:00:00Z,UPS-A1,HALL-A,it,753.13,783.93,50.2,53.0,970.5,100,0,0,6
2026-09-06T06:00:00Z,UPS-A1,HALL-A,it,764.54,795.69,51.0,53.0,969.0,100,0,0,6
2026-09-06T07:00:00Z,UPS-A1,HALL-A,it,751.0,781.74,50.1,53.0,968.9,100,0,0,6
2026-09-06T08:00:00Z,UPS-A1,HALL-A,it,757.05,787.96,50.5,52.8,964.6,100,0,0,6
2026-09-06T09:00:00Z,UPS-A1,HALL-A,it,761.1,792.14,50.7,52.8,965.8,100,0,0,6
2026-09-06T10:00:00Z,UPS-A1,HALL-A,it,750.37,781.07,50.0,52.7,964.1,100,0,0,6
2026-09-06T11:00:00Z,UPS-A1,HALL-A,it,757.18,788.09,50.5,52.3,956.2,100,0,0,6
2026-09-06T12:00:00Z,UPS-A1,HALL-A,it,755.81,786.68,50.4,52.4,959.4,100,0,0,6
2026-09-06T13:00:00Z,UPS-A1,HALL-A,it,729.27,759.32,48.6,52.4,956.7,100,0,0,6
2026-09-06T14:00:00Z,UPS-A1,HALL-A,it,698.51,727.61,46.6,50.3,917.6,100,0,0,6
2026-09-06T15:00:00Z,UPS-A1,HALL-A,it,690.1,718.93,46.0,47.9,876.6,100,0,0,6
2026-09-06T16:00:00Z,UPS-A1,HALL-A,it,675.81,704.21,45.1,47.9,875.0,100,0,0,6
2026-09-06T17:00:00Z,UPS-A1,HALL-A,it,714.01,743.6,47.6,51.0,931.5,100,0,0,6
2026-09-06T18:00:00Z,UPS-A1,HALL-A,it,746.39,776.98,49.8,52.7,963.7,100,0,0,6
2026-09-06T19:00:00Z,UPS-A1,HALL-A,it,720.54,750.33,48.0,51.5,940.7,100,0,0,6
2026-09-06T20:00:00Z,UPS-A1,HALL-A,it,735.16,765.4,49.0,52.8,964.2,100,0,0,6
2026-09-06T21:00:00Z,UPS-A1,HALL-A,it,760.75,791.78,50.7,52.6,962.5,100,0,0,6
2026-09-06T22:00:00Z,UPS-A1,HALL-A,it,757.32,788.24,50.5,52.6,962.1,100,0,0,6
2026-09-06T23:00:00Z,UPS-A1,HALL-A,it,741.32,771.74,49.4,52.6,961.9,100,0,0,6
2026-09-07T00:00:00Z,UPS-A1,HALL-A,it,696.35,725.38,46.4,49.4,903.0,100,0,0,6
2026-09-07T01:00:00Z,UPS-A1,HALL-A,it,686.15,714.86,45.7,48.2,880.3,100,0,0,6
2026-09-07T02:00:00Z,UPS-A1,HALL-A,it,717.95,747.65,47.9,52.6,961.8,100,0,0,6
2026-09-07T03:00:00Z,UPS-A1,HALL-A,it,752.29,783.07,50.2,52.6,963.2,100,0,0,6
2026-09-07T04:00:00Z,UPS-A1,HALL-A,it,723.42,753.3,48.2,52.5,959.4,100,0,0,6
2026-09-07T05:00:00Z,UPS-A1,HALL-A,it,752.47,783.24,50.2,52.4,957.5,100,0,0,6
2026-09-07T06:00:00Z,UPS-A1,HALL-A,it,756.5,787.41,50.4,52.3,956.8,100,0,0,6
2026-09-07T07:00:00Z,UPS-A1,HALL-A,it,705.89,735.23,47.1,51.0,931.2,100,0,0,6
2026-09-07T08:00:00Z,UPS-A1,HALL-A,it,724.11,753.99,48.3,50.8,928.1,100,0,0,6
2026-09-07T09:00:00Z,UPS-A1,HALL-A,it,735.46,765.7,49.0,50.8,928.8,100,0,0,6
2026-09-07T10:00:00Z,UPS-A1,HALL-A,it,722.26,752.09,48.1,50.7,928.1,100,0,0,6
2026-09-07T11:00:00Z,UPS-A1,HALL-A,it,749.07,779.74,49.9,52.8,965.6,100,0,0,6
2026-09-07T12:00:00Z,UPS-A1,HALL-A,it,763.58,794.7,50.9,52.8,965.4,100,0,0,6
2026-09-07T13:00:00Z,UPS-A1,HALL-A,it,768.14,799.4,51.2,52.8,965.6,100,0,0,6
2026-09-07T14:00:00Z,UPS-A1,HALL-A,it,759.0,789.97,50.6,52.8,964.9,100,0,0,6
2026-09-07T15:00:00Z,UPS-A1,HALL-A,it,772.08,803.46,51.5,53.1,970.7,100,0,0,6
2026-09-07T16:00:00Z,UPS-A1,HALL-A,it,770.47,801.8,51.4,53.1,970.2,100,0,0,6
2026-09-07T17:00:00Z,UPS-A1,HALL-A,it,766.51,797.72,51.1,53.1,970.0,100,0,0,6
2026-09-07T18:00:00Z,UPS-A1,HALL-A,it,750.24,780.95,50.0,53.1,970.0,100,0,0,6
2026-09-07T19:00:00Z,UPS-A1,HALL-A,it,668.88,697.06,44.6,48.3,883.0,100,0,0,6
2026-09-07T20:00:00Z,UPS-A1,HALL-A,it,671.96,700.23,44.8,45.8,838.0,100,0,0,6
2026-09-07T21:00:00Z,UPS-A1,HALL-A,it,666.69,694.8,44.4,48.4,886.1,100,0,0,6
2026-09-07T22:00:00Z,UPS-A1,HALL-A,it,710.67,740.14,47.4,50.6,925.5,100,0,0,6
2026-09-07T23:00:00Z,UPS-A1,HALL-A,it,728.54,758.57,48.6,51.0,932.8,100,0,0,6
2026-09-08T00:00:00Z,UPS-A1,HALL-A,it,738.96,769.31,49.3,51.0,933.5,100,0,0,6
2026-09-08T01:00:00Z,UPS-A1,HALL-A,it,743.03,773.51,49.5,51.0,933.4,100,0,0,6
2026-09-08T02:00:00Z,UPS-A1,HALL-A,it,767.34,798.58,51.2,53.5,977.2,100,0,0,6
2026-09-08T03:00:00Z,UPS-A1,HALL-A,it,751.54,782.29,50.1,53.5,976.5,100,0,0,6
2026-09-08T04:00:00Z,UPS-A1,HALL-A,it,732.54,762.7,48.8,51.5,941.2,100,0,0,6
2026-09-08T05:00:00Z,UPS-A1,HALL-A,it,739.75,770.12,49.3,51.4,938.9,100,0,0,6
2026-09-08T06:00:00Z,UPS-A1,HALL-A,it,735.38,765.62,49.0,51.8,946.4,100,0,0,6
2026-09-08T07:00:00Z,UPS-A1,HALL-A,it,733.86,764.04,48.9,51.6,943.8,100,0,0,6
2026-09-08T08:00:00Z,UPS-A1,HALL-A,it,730.23,760.31,48.7,51.5,942.0,100,0,0,6
2026-09-08T09:00:00Z,UPS-A1,HALL-A,it,748.85,779.52,49.9,51.5,941.6,100,0,0,6
2026-09-08T10:00:00Z,UPS-A1,HALL-A,it,719.63,749.39,48.0,51.4,940.2,100,0,0,6
2026-09-08T11:00:00Z,UPS-A1,HALL-A,it,742.0,772.44,49.5,51.4,940.2,100,0,0,6
2026-09-08T12:00:00Z,UPS-A1,HALL-A,it,739.95,770.34,49.3,51.5,940.9,100,0,0,6
2026-09-08T13:00:00Z,UPS-A1,HALL-A,it,745.5,776.07,49.7,51.5,942.3,100,0,0,6
2026-09-08T14:00:00Z,UPS-A1,HALL-A,it,725.48,755.42,48.4,51.8,945.8,100,0,0,6
2026-09-08T15:00:00Z,UPS-A1,HALL-A,it,690.45,719.3,46.0,49.6,905.8,100,0,0,6
2026-09-08T16:00:00Z,UPS-A1,HALL-A,it,726.55,756.52,48.4,51.7,945.4,100,0,0,6
2026-09-08T17:00:00Z,UPS-A1,HALL-A,it,720.6,750.38,48.0,51.7,945.8,100,0,0,6
2026-09-08T18:00:00Z,UPS-A1,HALL-A,it,707.76,737.14,47.2,49.1,896.7,100,0,0,6
2026-09-08T19:00:00Z,UPS-A1,HALL-A,it,727.33,757.31,48.5,54.0,985.0,100,0,0,6
2026-09-08T20:00:00Z,UPS-A1,HALL-A,it,778.68,810.26,51.9,54.0,987.2,100,0,0,6
2026-09-08T21:00:00Z,UPS-A1,HALL-A,it,762.5,793.58,50.8,54.0,986.9,100,0,0,6
2026-09-08T22:00:00Z,UPS-A1,HALL-A,it,770.24,801.56,51.3,54.0,985.9,100,0,0,6
2026-09-08T23:00:00Z,UPS-A1,HALL-A,it,711.19,740.69,47.4,49.9,912.3,100,0,0,6
2026-09-09T00:00:00Z,UPS-A1,HALL-A,it,708.65,738.06,47.2,49.7,911.0,100,0,0,6
2026-09-09T01:00:00Z,UPS-A1,HALL-A,it,682.09,710.7,45.5,47.3,864.4,100,0,0,6
2026-09-09T02:00:00Z,UPS-A1,HALL-A,it,712.61,742.15,47.5,49.7,907.5,100,0,0,6
2026-09-09T03:00:00Z,UPS-A1,HALL-A,it,709.79,739.24,47.3,49.2,899.4,100,0,0,6
2026-09-09T04:00:00Z,UPS-A1,HALL-A,it,705.43,734.75,47.0,49.2,900.0,100,0,0,6
2026-09-09T05:00:00Z,UPS-A1,HALL-A,it,713.56,743.12,47.6,49.3,900.6,100,0,0,6
2026-09-09T06:00:00Z,UPS-A1,HALL-A,it,696.48,725.52,46.4,49.3,900.5,100,0,0,6
2026-09-09T07:00:00Z,UPS-A1,HALL-A,it,723.99,753.87,48.3,49.7,909.3,100,0,0,6
2026-09-09T08:00:00Z,UPS-A1,HALL-A,it,728.51,758.54,48.6,52.1,952.7,100,0,0,6
2026-09-09T09:00:00Z,UPS-A1,HALL-A,it,750.48,781.18,50.0,52.1,952.1,100,0,0,6
2026-09-09T10:00:00Z,UPS-A1,HALL-A,it,722.8,752.65,48.2,49.7,908.1,100,0,0,6
2026-09-09T11:00:00Z,UPS-A1,HALL-A,it,740.94,771.35,49.4,54.7,999.0,100,0,0,6
2026-09-09T12:00:00Z,UPS-A1,HALL-A,it,791.13,823.09,52.7,54.8,1000.4,100,0,0,6
2026-09-09T13:00:00Z,UPS-A1,HALL-A,it,795.41,827.51,53.0,54.8,1001.3,100,0,0,6
2026-09-09T14:00:00Z,UPS-A1,HALL-A,it,770.37,801.7,51.4,54.8,1000.7,100,0,0,6
2026-09-09T15:00:00Z,UPS-A1,HALL-A,it,781.34,813.02,52.1,54.5,996.9,100,0,0,6
2026-09-09T16:00:00Z,UPS-A1,HALL-A,it,763.25,794.35,50.9,54.3,993.1,100,0,0,6
2026-09-09T17:00:00Z,UPS-A1,HALL-A,it,777.84,809.38,51.9,54.4,995.1,100,0,0,6
2026-09-09T18:00:00Z,UPS-A1,HALL-A,it,789.39,821.29,52.6,54.5,995.3,100,0,0,6
2026-09-09T19:00:00Z,UPS-A1,HALL-A,it,768.44,799.7,51.2,54.4,994.0,100,0,0,6
2026-09-09T20:00:00Z,UPS-A1,HALL-A,it,762.16,793.25,50.8,52.7,962.8,100,0,0,6
2026-09-09T21:00:00Z,UPS-A1,HALL-A,it,773.82,805.25,51.6,54.3,994.0,100,0,0,6
2026-09-09T22:00:00Z,UPS-A1,HALL-A,it,762.97,794.06,50.9,52.1,950.9,100,0,0,6
2026-09-09T23:00:00Z,UPS-A1,HALL-A,it,748.99,779.66,49.9,52.2,953.0,100,0,0,6
2026-09-10T00:00:00Z,UPS-A1,HALL-A,it,696.86,725.9,46.5,47.7,872.4,100,0,0,6
2026-09-10T01:00:00Z,UPS-A1,HALL-A,it,708.01,737.41,47.2,50.2,917.5,100,0,0,6
2026-09-10T02:00:00Z,UPS-A1,HALL-A,it,702.71,731.95,46.8,51.4,938.8,100,0,0,6
2026-09-10T03:00:00Z,UPS-A1,HALL-A,it,729.57,759.63,48.6,52.6,960.5,100,0,0,6
2026-09-10T04:00:00Z,UPS-A1,HALL-A,it,715.99,745.64,47.7,50.0,914.0,100,0,0,6
2026-09-10T05:00:00Z,UPS-A1,HALL-A,it,746.77,777.38,49.8,52.0,949.5,100,0,0,6
2026-09-10T06:00:00Z,UPS-A1,HALL-A,it,777.49,809.05,51.8,54.1,988.4,100,0,0,6
2026-09-10T07:00:00Z,UPS-A1,HALL-A,it,759.92,790.92,50.7,54.0,987.9,100,0,0,6
2026-09-10T08:00:00Z,UPS-A1,HALL-A,it,781.34,813.0,52.1,53.9,984.7,100,0,0,6
2026-09-10T09:00:00Z,UPS-A1,HALL-A,it,778.36,809.94,51.9,53.9,985.6,100,0,0,6
2026-09-10T10:00:00Z,UPS-A1,HALL-A,it,749.13,779.78,49.9,51.6,944.7,100,0,0,6
2026-09-10T11:00:00Z,UPS-A1,HALL-A,it,751.1,781.82,50.1,51.6,944.8,100,0,0,6
2026-09-10T12:00:00Z,UPS-A1,HALL-A,it,698.91,728.01,46.6,49.5,904.3,100,0,0,6
2026-09-10T13:00:00Z,UPS-A1,HALL-A,it,703.54,732.79,46.9,50.2,916.7,100,0,0,6
2026-09-10T14:00:00Z,UPS-A1,HALL-A,it,734.49,764.7,49.0,51.6,943.0,100,0,0,6
2026-09-10T15:00:00Z,UPS-A1,HALL-A,it,746.17,776.74,49.7,53.7,979.5,100,0,0,6
2026-09-10T16:00:00Z,UPS-A1,HALL-A,it,744.02,774.52,49.6,53.6,978.5,100,0,0,6
2026-09-10T17:00:00Z,UPS-A1,HALL-A,it,736.8,767.08,49.1,51.6,942.9,100,0,0,6
2026-09-10T18:00:00Z,UPS-A1,HALL-A,it,736.16,766.42,49.1,51.8,946.8,100,0,0,6
2026-09-10T19:00:00Z,UPS-A1,HALL-A,it,748.5,779.15,49.9,51.8,946.3,100,0,0,6
2026-09-10T20:00:00Z,UPS-A1,HALL-A,it,780.21,811.84,52.0,53.9,984.9,100,0,0,6
2026-09-10T21:00:00Z,UPS-A1,HALL-A,it,763.21,794.32,50.9,54.0,986.2,100,0,0,6
2026-09-10T22:00:00Z,UPS-A1,HALL-A,it,721.57,751.37,48.1,51.7,943.5,100,0,0,6
2026-09-10T23:00:00Z,UPS-A1,HALL-A,it,755.79,786.65,50.4,51.7,944.3,100,0,0,6
2026-09-11T00:00:00Z,UPS-A1,HALL-A,it,747.24,777.86,49.8,51.7,944.6,100,0,0,6
2026-09-11T01:00:00Z,UPS-A1,HALL-A,it,735.3,765.54,49.0,51.7,943.9,100,0,0,6
2026-09-11T02:00:00Z,UPS-A1,HALL-A,it,756.41,787.31,50.4,53.8,983.5,100,0,0,6
2026-09-11T03:00:00Z,UPS-A1,HALL-A,it,783.51,815.25,52.2,53.8,984.9,100,0,0,6
2026-09-11T04:00:00Z,UPS-A1,HALL-A,it,773.77,805.21,51.6,53.8,983.8,100,0,0,6
2026-09-11T05:00:00Z,UPS-A1,HALL-A,it,747.64,778.25,49.9,51.7,943.8,100,0,0,6
2026-09-11T06:00:00Z,UPS-A1,HALL-A,it,733.25,763.43,48.9,51.7,945.4,100,0,0,6
2026-09-11T07:00:00Z,UPS-A1,HALL-A,it,734.99,765.23,49.0,51.7,946.0,100,0,0,6
2026-09-11T08:00:00Z,UPS-A1,HALL-A,it,752.95,783.75,50.2,51.7,945.5,100,0,0,6
2026-09-11T09:00:00Z,UPS-A1,HALL-A,it,739.53,769.91,49.3,51.7,944.6,100,0,0,6
2026-09-11T10:00:00Z,UPS-A1,HALL-A,it,728.48,758.5,48.6,51.4,939.6,100,0,0,6
2026-09-11T11:00:00Z,UPS-A1,HALL-A,it,746.79,777.38,49.8,51.4,939.9,100,0,0,6
2026-09-11T12:00:00Z,UPS-A1,HALL-A,it,747.39,778.0,49.8,53.7,981.0,100,0,0,6
2026-09-11T13:00:00Z,UPS-A1,HALL-A,it,735.3,765.53,49.0,51.4,939.7,100,0,0,6
2026-09-11T14:00:00Z,UPS-A1,HALL-A,it,733.37,763.54,48.9,51.4,941.4,100,0,0,6
2026-09-11T15:00:00Z,UPS-A1,HALL-A,it,739.31,769.68,49.3,51.7,945.7,100,0,0,6
2026-09-11T16:00:00Z,UPS-A1,HALL-A,it,712.25,741.79,47.5,51.7,946.3,100,0,0,6
2026-09-11T17:00:00Z,UPS-A1,HALL-A,it,751.05,781.78,50.1,51.5,941.7,100,0,0,6
2026-09-11T18:00:00Z,UPS-A1,HALL-A,it,740.63,771.05,49.4,51.5,941.8,100,0,0,6
2026-09-11T19:00:00Z,UPS-A1,HALL-A,it,723.29,753.16,48.2,51.3,936.4,100,0,0,6
2026-09-11T20:00:00Z,UPS-A1,HALL-A,it,704.2,733.49,47.0,48.9,893.6,100,0,0,6
2026-09-11T21:00:00Z,UPS-A1,HALL-A,it,718.62,748.36,47.9,48.9,894.7,100,0,0,6
2026-09-11T22:00:00Z,UPS-A1,HALL-A,it,716.32,745.99,47.8,48.9,894.6,100,0,0,6
2026-09-11T23:00:00Z,UPS-A1,HALL-A,it,748.93,779.61,49.9,53.7,980.9,100,0,0,6
2026-09-12T00:00:00Z,UPS-A1,HALL-A,it,757.99,788.93,50.5,53.4,974.9,100,0,0,6
2026-09-12T01:00:00Z,UPS-A1,HALL-A,it,740.14,770.53,49.3,53.4,974.3,100,0,0,6
2026-09-12T02:00:00Z,UPS-A1,HALL-A,it,725.87,755.82,48.4,50.8,930.3,100,0,0,6
2026-09-12T03:00:00Z,UPS-A1,HALL-A,it,678.24,706.71,45.2,48.6,889.0,100,0,0,6
2026-09-12T04:00:00Z,UPS-A1,HALL-A,it,685.03,713.71,45.7,48.5,886.0,100,0,0,6
2026-09-12T05:00:00Z,UPS-A1,HALL-A,it,671.42,699.7,44.8,46.1,844.0,100,0,0,6
2026-09-12T06:00:00Z,UPS-A1,HALL-A,it,660.1,688.01,44.0,47.0,859.4,100,0,0,6
2026-09-12T07:00:00Z,UPS-A1,HALL-A,it,716.15,745.79,47.7,51.1,935.3,100,0,0,6
2026-09-12T08:00:00Z,UPS-A1,HALL-A,it,752.06,782.81,50.1,53.3,974.2,100,0,0,6
2026-09-12T09:00:00Z,UPS-A1,HALL-A,it,765.97,797.15,51.1,53.3,974.5,100,0,0,6
2026-09-12T10:00:00Z,UPS-A1,HALL-A,it,768.97,800.24,51.3,53.3,974.3,100,0,0,6
2026-09-12T11:00:00Z,UPS-A1,HALL-A,it,765.65,796.83,51.0,53.4,974.5,100,0,0,6
2026-09-12T12:00:00Z,UPS-A1,HALL-A,it,779.33,810.93,52.0,53.4,975.5,100,0,0,6
2026-09-12T13:00:00Z,UPS-A1,HALL-A,it,771.63,802.99,51.4,53.4,975.6,100,0,0,6
2026-09-12T14:00:00Z,UPS-A1,HALL-A,it,773.48,804.9,51.6,53.4,975.9,100,0,0,6
2026-09-12T15:00:00Z,UPS-A1,HALL-A,it,753.2,783.99,50.2,53.4,975.5,100,0,0,6
2026-09-12T16:00:00Z,UPS-A1,HALL-A,it,725.67,755.61,48.4,51.0,933.0,100,0,0,6
2026-09-12T17:00:00Z,UPS-A1,HALL-A,it,727.65,757.66,48.5,51.0,932.1,100,0,0,6
2026-09-12T18:00:00Z,UPS-A1,HALL-A,it,732.62,762.78,48.9,51.1,933.8,100,0,0,6
2026-09-12T19:00:00Z,UPS-A1,HALL-A,it,732.04,762.18,48.8,51.3,936.4,100,0,0,6
2026-09-12T20:00:00Z,UPS-A1,HALL-A,it,710.57,740.03,47.4,49.0,896.8,100,0,0,6
2026-09-12T21:00:00Z,UPS-A1,HALL-A,it,702.42,731.64,46.8,49.0,895.9,100,0,0,6
2026-09-12T22:00:00Z,UPS-A1,HALL-A,it,709.95,739.39,47.3,49.0,895.8,100,0,0,6
2026-09-12T23:00:00Z,UPS-A1,HALL-A,it,706.99,736.37,47.1,49.0,896.0,100,0,0,6
2026-09-13T00:00:00Z,UPS-A1,HALL-A,it,743.4,773.9,49.6,51.3,938.0,100,0,0,6
2026-09-13T01:00:00Z,UPS-A1,HALL-A,it,768.32,799.58,51.2,53.7,983.5,100,0,0,6
2026-09-13T02:00:00Z,UPS-A1,HALL-A,it,767.99,799.25,51.2,53.9,983.9,100,0,0,6
2026-09-13T03:00:00Z,UPS-A1,HALL-A,it,725.18,755.11,48.3,51.4,938.8,100,0,0,6
2026-09-13T04:00:00Z,UPS-A1,HALL-A,it,729.04,759.1,48.6,51.1,933.8,100,0,0,6
2026-09-13T05:00:00Z,UPS-A1,HALL-A,it,732.84,763.01,48.9,51.5,941.3,100,0,0,6
2026-09-13T06:00:00Z,UPS-A1,HALL-A,it,724.77,754.68,48.3,51.5,941.2,100,0,0,6
2026-09-13T07:00:00Z,UPS-A1,HALL-A,it,715.85,745.49,47.7,49.3,900.1,100,0,0,6
2026-09-13T08:00:00Z,UPS-A1,HALL-A,it,718.11,747.82,47.9,51.5,941.4,100,0,0,6
2026-09-13T09:00:00Z,UPS-A1,HALL-A,it,749.36,780.04,50.0,52.4,957.9,100,0,0,6
2026-09-13T10:00:00Z,UPS-A1,HALL-A,it,722.02,751.85,48.1,53.7,982.4,100,0,0,6
2026-09-13T11:00:00Z,UPS-A1,HALL-A,it,731.88,762.02,48.8,51.1,933.5,100,0,0,6
2026-09-13T12:00:00Z,UPS-A1,HALL-A,it,732.96,763.13,48.9,51.1,935.2,100,0,0,6
2026-09-13T13:00:00Z,UPS-A1,HALL-A,it,678.89,707.38,45.3,48.7,889.7,100,0,0,6
2026-09-13T14:00:00Z,UPS-A1,HALL-A,it,697.25,726.31,46.5,48.7,890.6,100,0,0,6
2026-09-13T15:00:00Z,UPS-A1,HALL-A,it,702.71,731.93,46.8,49.1,897.9,100,0,0,6
2026-09-13T16:00:00Z,UPS-A1,HALL-A,it,707.62,737.01,47.2,51.1,933.8,100,0,0,6
2026-09-13T17:00:00Z,UPS-A1,HALL-A,it,744.46,774.99,49.6,52.3,954.1,100,0,0,6
2026-09-13T18:00:00Z,UPS-A1,HALL-A,it,746.72,777.3,49.8,51.4,939.9,100,0,0,6
2026-09-13T19:00:00Z,UPS-A1,HALL-A,it,723.84,750.53,48.3,51.4,940.1,100,10,0,6
2026-09-13T20:00:00Z,UPS-A1,HALL-A,it,740.21,751.43,49.3,51.4,939.0,100,60,0,6
2026-09-13T21:00:00Z,UPS-A1,HALL-A,it,749.25,760.51,49.9,53.5,977.6,100,60,0,6
2026-09-13T22:00:00Z,UPS-A1,HALL-A,it,772.61,797.34,51.5,53.5,977.6,100,21,0,6
2026-09-13T23:00:00Z,UPS-A1,HALL-A,it,740.48,770.89,49.4,53.5,977.6,100,0,0,6
2026-09-14T00:00:00Z,UPS-A1,HALL-A,it,699.8,728.95,46.7,50.9,930.4,100,0,0,6
2026-09-14T01:00:00Z,UPS-A1,HALL-A,it,709.37,738.82,47.3,49.4,900.9,100,0,0,6
2026-09-14T02:00:00Z,UPS-A1,HALL-A,it,733.48,763.66,48.9,50.7,927.0,100,0,0,6
2026-09-14T03:00:00Z,UPS-A1,HALL-A,it,736.35,766.62,49.1,50.7,927.0,100,0,0,6
2026-09-14T04:00:00Z,UPS-A1,HALL-A,it,768.25,799.51,51.2,53.0,969.4,100,0,0,6
2026-09-14T05:00:00Z,UPS-A1,HALL-A,it,753.42,784.23,50.2,53.1,971.3,100,0,0,6
2026-09-14T06:00:00Z,UPS-A1,HALL-A,it,766.79,798.0,51.1,53.1,970.2,100,0,0,6
2026-09-14T07:00:00Z,UPS-A1,HALL-A,it,766.05,797.25,51.1,53.1,971.2,100,0,0,6
2026-09-14T08:00:00Z,UPS-A1,HALL-A,it,770.68,802.02,51.4,53.0,969.0,100,0,0,6
2026-09-14T09:00:00Z,UPS-A1,HALL-A,it,755.58,786.45,50.4,53.0,968.3,100,0,0,6
2026-09-14T10:00:00Z,UPS-A1,HALL-A,it,728.06,758.08,48.5,50.7,927.7,100,0,0,6
2026-09-14T11:00:00Z,UPS-A1,HALL-A,it,727.46,757.44,48.5,51.0,932.8,100,0,0,6
2026-09-14T12:00:00Z,UPS-A1,HALL-A,it,750.89,781.61,50.1,53.3,974.5,100,0,0,6
2026-09-14T13:00:00Z,UPS-A1,HALL-A,it,771.52,802.88,51.4,53.3,975.6,100,0,0,6
2026-09-14T14:00:00Z,UPS-A1,HALL-A,it,761.47,792.51,50.8,53.3,975.0,100,0,0,6
2026-09-14T15:00:00Z,UPS-A1,HALL-A,it,745.69,776.25,49.7,52.0,952.0,100,0,0,6
2026-09-14T16:00:00Z,UPS-A1,HALL-A,it,760.09,791.09,50.7,53.1,970.3,100,0,0,6
2026-09-14T17:00:00Z,UPS-A1,HALL-A,it,768.88,800.15,51.3,53.1,971.2,100,0,0,6
2026-09-14T18:00:00Z,UPS-A1,HALL-A,it,736.7,766.99,49.1,52.7,961.6,100,0,0,6
2026-09-14T19:00:00Z,UPS-A1,HALL-A,it,764.09,795.22,50.9,52.7,965.6,100,0,0,6
2026-09-14T20:00:00Z,UPS-A1,HALL-A,it,761.8,792.87,50.8,52.8,965.0,100,0,0,6
2026-09-14T21:00:00Z,UPS-A1,HALL-A,it,755.41,786.29,50.4,52.8,965.0,100,0,0,6
2026-09-14T22:00:00Z,UPS-A1,HALL-A,it,723.3,753.17,48.2,50.6,926.3,100,0,0,6
2026-09-14T23:00:00Z,UPS-A1,HALL-A,it,737.6,767.91,49.2,52.6,963.1,100,0,0,6
2026-09-15T00:00:00Z,UPS-A1,HALL-A,it,758.48,789.44,50.6,52.7,963.5,100,0,0,6
2026-09-15T01:00:00Z,UPS-A1,HALL-A,it,748.71,779.37,49.9,52.7,962.7,100,0,0,6
2026-09-15T02:00:00Z,UPS-A1,HALL-A,it,763.35,794.44,50.9,52.7,964.8,100,0,0,6
2026-09-15T03:00:00Z,UPS-A1,HALL-A,it,762.47,793.55,50.8,52.7,963.9,100,0,0,6
2026-09-15T04:00:00Z,UPS-A1,HALL-A,it,766.3,797.5,51.1,52.7,964.1,100,0,0,6
2026-09-15T05:00:00Z,UPS-A1,HALL-A,it,766.91,798.12,51.1,52.7,963.8,100,0,0,6
2026-09-15T06:00:00Z,UPS-A1,HALL-A,it,753.8,784.62,50.2,52.8,966.2,100,0,0,6
2026-09-15T07:00:00Z,UPS-A1,HALL-A,it,748.53,779.17,49.9,52.9,966.2,100,0,0,6
2026-09-15T08:00:00Z,UPS-A1,HALL-A,it,740.42,770.82,49.4,52.7,963.6,100,0,0,6
2026-09-15T09:00:00Z,UPS-A1,HALL-A,it,716.13,745.78,47.7,50.6,926.6,100,0,0,6
2026-09-15T10:00:00Z,UPS-A1,HALL-A,it,752.85,783.63,50.2,53.5,977.2,100,0,0,6
2026-09-15T11:00:00Z,UPS-A1,HALL-A,it,754.06,784.88,50.3,53.4,976.3,100,0,0,6
2026-09-15T12:00:00Z,UPS-A1,HALL-A,it,757.28,788.2,50.5,53.1,970.3,100,0,0,6
2026-09-15T13:00:00Z,UPS-A1,HALL-A,it,752.54,783.3,50.2,52.9,967.5,100,0,0,6
2026-09-15T14:00:00Z,UPS-A1,HALL-A,it,759.54,790.54,50.6,52.9,967.4,100,0,0,6
2026-09-15T15:00:00Z,UPS-A1,HALL-A,it,745.78,776.34,49.7,52.9,967.1,100,0,0,6
2026-09-15T16:00:00Z,UPS-A1,HALL-A,it,756.11,787.0,50.4,53.0,968.8,100,0,0,6
2026-09-15T17:00:00Z,UPS-A1,HALL-A,it,770.43,801.77,51.4,53.2,972.6,100,0,0,6
2026-09-15T18:00:00Z,UPS-A1,HALL-A,it,737.71,768.01,49.2,53.2,972.4,100,0,0,6
2026-09-15T19:00:00Z,UPS-A1,HALL-A,it,731.81,761.93,48.8,51.0,932.2,100,0,0,6
2026-09-15T20:00:00Z,UPS-A1,HALL-A,it,747.68,778.31,49.8,52.9,967.1,100,0,0,6
2026-09-15T21:00:00Z,UPS-A1,HALL-A,it,756.82,787.73,50.5,53.0,967.8,100,0,0,6
2026-09-15T22:00:00Z,UPS-A1,HALL-A,it,760.54,791.57,50.7,52.9,966.5,100,0,0,6
2026-09-15T23:00:00Z,UPS-A1,HALL-A,it,756.17,787.05,50.4,53.0,968.3,100,0,0,6
2026-09-16T00:00:00Z,UPS-A1,HALL-A,it,730.99,761.1,48.7,52.6,961.1,100,0,0,6
2026-09-16T01:00:00Z,UPS-A1,HALL-A,it,746.41,777.0,49.8,52.8,965.2,100,0,0,6
2026-09-16T02:00:00Z,UPS-A1,HALL-A,it,756.27,787.16,50.4,52.6,961.9,100,0,0,6
2026-09-16T03:00:00Z,UPS-A1,HALL-A,it,736.65,766.95,49.1,52.8,965.4,100,0,0,6
2026-09-16T04:00:00Z,UPS-A1,HALL-A,it,742.8,773.28,49.5,53.0,969.7,100,0,0,6
2026-09-16T05:00:00Z,UPS-A1,HALL-A,it,764.91,796.05,51.0,53.1,971.2,100,0,0,6
2026-09-16T06:00:00Z,UPS-A1,HALL-A,it,770.3,801.61,51.4,53.1,971.1,100,0,0,6
2026-09-16T07:00:00Z,UPS-A1,HALL-A,it,749.21,779.88,49.9,53.1,970.0,100,0,0,6
2026-09-16T08:00:00Z,UPS-A1,HALL-A,it,731.91,762.06,48.8,50.5,922.0,100,0,0,6
2026-09-16T09:00:00Z,UPS-A1,HALL-A,it,716.07,745.72,47.7,50.5,921.0,100,0,0,6
2026-09-16T10:00:00Z,UPS-A1,HALL-A,it,714.7,744.29,47.6,50.6,924.5,100,0,0,6
2026-09-16T11:00:00Z,UPS-A1,HALL-A,it,734.33,764.56,49.0,50.4,922.0,100,0,0,6
2026-09-16T12:00:00Z,UPS-A1,HALL-A,it,719.19,748.92,47.9,50.4,921.4,100,0,0,6
2026-09-16T13:00:00Z,UPS-A1,HALL-A,it,724.22,754.12,48.3,50.2,918.8,100,0,0,6
2026-09-16T14:00:00Z,UPS-A1,HALL-A,it,707.59,736.97,47.2,50.5,921.9,100,0,0,6
2026-09-16T15:00:00Z,UPS-A1,HALL-A,it,760.07,791.07,50.7,53.1,971.0,100,0,0,6
2026-09-16T16:00:00Z,UPS-A1,HALL-A,it,764.31,795.45,50.9,53.2,973.8,100,0,0,6
2026-09-16T17:00:00Z,UPS-A1,HALL-A,it,763.46,794.57,50.9,53.3,974.3,100,0,0,6
2026-09-16T18:00:00Z,UPS-A1,HALL-A,it,755.68,786.55,50.4,53.5,979.6,100,0,0,6
2026-09-16T19:00:00Z,UPS-A1,HALL-A,it,768.02,799.27,51.2,53.9,985.2,100,0,0,6
2026-09-16T20:00:00Z,UPS-A1,HALL-A,it,779.27,810.87,52.0,53.9,986.1,100,0,0,6
2026-09-16T21:00:00Z,UPS-A1,HALL-A,it,769.88,801.18,51.3,54.1,989.6,100,0,0,6
2026-09-16T22:00:00Z,UPS-A1,HALL-A,it,785.4,817.21,52.4,54.1,990.3,100,0,0,6
2026-09-16T23:00:00Z,UPS-A1,HALL-A,it,769.54,800.84,51.3,54.1,988.4,100,0,0,6
2026-09-17T00:00:00Z,UPS-A1,HALL-A,it,775.19,806.66,51.7,53.9,986.1,100,0,0,6
2026-09-17T01:00:00Z,UPS-A1,HALL-A,it,770.0,801.3,51.3,54.0,987.8,100,0,0,6
2026-09-17T02:00:00Z,UPS-A1,HALL-A,it,778.45,810.02,51.9,54.0,986.3,100,0,0,6
2026-09-17T03:00:00Z,UPS-A1,HALL-A,it,769.7,801.0,51.3,53.9,986.2,100,0,0,6
2026-09-17T04:00:00Z,UPS-A1,HALL-A,it,778.47,810.05,51.9,53.9,985.9,100,0,0,6
2026-09-17T05:00:00Z,UPS-A1,HALL-A,it,776.17,807.68,51.7,53.9,986.4,100,0,0,6
2026-09-17T06:00:00Z,UPS-A1,HALL-A,it,780.04,811.67,52.0,53.9,986.9,100,0,0,6
2026-09-17T07:00:00Z,UPS-A1,HALL-A,it,747.54,778.15,49.8,53.9,986.1,100,0,0,6
2026-09-17T08:00:00Z,UPS-A1,HALL-A,it,744.79,775.34,49.7,51.9,949.2,100,0,0,6
2026-09-17T09:00:00Z,UPS-A1,HALL-A,it,695.64,724.67,46.4,51.9,949.8,100,0,0,6
2026-09-17T10:00:00Z,UPS-A1,HALL-A,it,684.72,713.4,45.7,49.9,909.8,100,0,0,6
2026-09-17T11:00:00Z,UPS-A1,HALL-A,it,716.21,745.86,47.8,52.1,952.2,100,0,0,6
2026-09-17T12:00:00Z,UPS-A1,HALL-A,it,748.29,778.93,49.9,52.3,954.2,100,0,0,6
2026-09-17T13:00:00Z,UPS-A1,HALL-A,it,734.86,765.1,49.0,52.3,956.0,100,0,0,6
2026-09-17T14:00:00Z,UPS-A1,HALL-A,it,735.21,765.43,49.0,51.6,943.8,100,0,0,6
2026-09-17T15:00:00Z,UPS-A1,HALL-A,it,747.84,778.46,49.9,51.6,944.2,100,0,0,6
2026-09-17T16:00:00Z,UPS-A1,HALL-A,it,722.48,752.31,48.2,51.6,943.6,100,0,0,6
2026-09-17T17:00:00Z,UPS-A1,HALL-A,it,735.54,765.78,49.0,52.1,951.9,100,0,0,6
2026-09-17T18:00:00Z,UPS-A1,HALL-A,it,755.01,785.85,50.3,54.1,989.1,100,0,0,6
2026-09-17T19:00:00Z,UPS-A1,HALL-A,it,764.97,796.14,51.0,54.1,989.8,100,0,0,6
2026-09-17T20:00:00Z,UPS-A1,HALL-A,it,783.18,814.91,52.2,54.1,989.4,100,0,0,6
2026-09-17T21:00:00Z,UPS-A1,HALL-A,it,780.79,812.45,52.1,54.1,990.6,100,0,0,6
2026-09-17T22:00:00Z,UPS-A1,HALL-A,it,741.27,771.7,49.4,51.7,946.4,100,0,0,6
2026-09-17T23:00:00Z,UPS-A1,HALL-A,it,749.75,780.44,50.0,51.7,946.4,100,0,0,6
2026-09-18T00:00:00Z,UPS-A1,HALL-A,it,755.4,786.27,50.4,53.0,967.8,100,0,0,6
2026-09-18T01:00:00Z,UPS-A1,HALL-A,it,783.67,815.41,52.2,54.1,988.3,100,0,0,6
2026-09-18T02:00:00Z,UPS-A1,HALL-A,it,755.56,786.42,50.4,54.0,987.2,100,0,0,6
2026-09-18T03:00:00Z,UPS-A1,HALL-A,it,758.26,789.22,50.5,54.1,988.8,100,0,0,6
2026-09-18T04:00:00Z,UPS-A1,HALL-A,it,759.23,790.22,50.6,52.1,953.9,100,0,0,6
2026-09-18T05:00:00Z,UPS-A1,HALL-A,it,761.08,792.14,50.7,52.1,953.0,100,0,0,6
2026-09-18T06:00:00Z,UPS-A1,HALL-A,it,734.69,764.92,49.0,52.1,952.4,100,0,0,6
2026-09-18T07:00:00Z,UPS-A1,HALL-A,it,688.42,717.21,45.9,47.3,864.5,100,0,0,6
2026-09-18T08:00:00Z,UPS-A1,HALL-A,it,658.48,686.34,43.9,47.6,871.2,100,0,0,6
2026-09-18T09:00:00Z,UPS-A1,HALL-A,it,695.79,724.81,46.4,48.7,889.6,100,0,0,6
2026-09-18T10:00:00Z,UPS-A1,HALL-A,it,730.1,760.19,48.7,50.0,914.1,100,0,0,6
2026-09-18T11:00:00Z,UPS-A1,HALL-A,it,725.75,755.71,48.4,50.0,913.8,100,0,0,6
2026-09-18T12:00:00Z,UPS-A1,HALL-A,it,747.11,777.72,49.8,53.4,976.1,100,0,0,6
2026-09-18T13:00:00Z,UPS-A1,HALL-A,it,785.02,816.8,52.3,54.7,999.7,100,0,0,6
2026-09-18T14:00:00Z,UPS-A1,HALL-A,it,799.87,832.13,53.3,54.7,1001.1,100,0,0,6
2026-09-18T15:00:00Z,UPS-A1,HALL-A,it,793.77,825.83,52.9,54.7,999.8,100,0,0,6
2026-09-18T16:00:00Z,UPS-A1,HALL-A,it,796.78,828.94,53.1,54.7,1000.0,100,0,0,6
2026-09-18T17:00:00Z,UPS-A1,HALL-A,it,752.18,782.94,50.1,54.7,999.8,100,0,0,6
2026-09-18T18:00:00Z,UPS-A1,HALL-A,it,693.39,722.36,46.2,47.8,875.3,100,0,0,6
2026-09-18T19:00:00Z,UPS-A1,HALL-A,it,699.51,728.66,46.6,47.8,874.7,100,0,0,6
2026-09-18T20:00:00Z,UPS-A1,HALL-A,it,702.73,731.98,46.9,49.7,909.7,100,0,0,6
2026-09-18T21:00:00Z,UPS-A1,HALL-A,it,791.05,823.02,52.7,54.7,1000.0,100,0,0,6
2026-09-18T22:00:00Z,UPS-A1,HALL-A,it,776.92,808.44,51.8,54.7,998.8,100,0,0,6
2026-09-18T23:00:00Z,UPS-A1,HALL-A,it,773.01,804.42,51.5,54.4,994.6,100,0,0,6
2026-09-19T00:00:00Z,UPS-A1,HALL-A,it,783.39,815.13,52.2,54.3,992.6,100,0,0,6
2026-09-19T01:00:00Z,UPS-A1,HALL-A,it,761.96,793.02,50.8,52.2,954.6,100,0,0,6
2026-09-19T02:00:00Z,UPS-A1,HALL-A,it,745.68,776.25,49.7,52.2,953.8,100,0,0,6
2026-09-19T03:00:00Z,UPS-A1,HALL-A,it,759.45,790.43,50.6,52.1,951.9,100,0,0,6
2026-09-19T04:00:00Z,UPS-A1,HALL-A,it,775.42,806.9,51.7,54.2,992.4,100,0,0,6
2026-09-19T05:00:00Z,UPS-A1,HALL-A,it,783.01,814.72,52.2,54.2,991.5,100,0,0,6
2026-09-19T06:00:00Z,UPS-A1,HALL-A,it,786.53,818.34,52.4,54.2,990.9,100,0,0,6
2026-09-19T07:00:00Z,UPS-A1,HALL-A,it,780.06,811.67,52.0,54.4,996.1,100,0,0,6
2026-09-19T08:00:00Z,UPS-A1,HALL-A,it,776.57,808.09,51.8,54.4,995.0,100,0,0,6
2026-09-19T09:00:00Z,UPS-A1,HALL-A,it,733.66,763.84,48.9,52.1,952.5,100,0,0,6
2026-09-19T10:00:00Z,UPS-A1,HALL-A,it,754.77,785.62,50.3,51.8,946.7,100,0,0,6
2026-09-19T11:00:00Z,UPS-A1,HALL-A,it,752.9,783.69,50.2,51.7,946.0,100,0,0,6
2026-09-19T12:00:00Z,UPS-A1,HALL-A,it,757.9,788.85,50.5,51.8,947.1,100,0,0,6
2026-09-19T13:00:00Z,UPS-A1,HALL-A,it,725.05,754.97,48.3,51.7,945.7,100,0,0,6
2026-09-19T14:00:00Z,UPS-A1,HALL-A,it,668.5,696.66,44.6,48.0,876.8,100,0,0,6
2026-09-19T15:00:00Z,UPS-A1,HALL-A,it,744.97,775.5,49.7,52.0,950.9,100,0,0,6
2026-09-19T16:00:00Z,UPS-A1,HALL-A,it,738.62,768.96,49.2,51.8,947.9,100,0,0,6
2026-09-19T17:00:00Z,UPS-A1,HALL-A,it,748.59,779.24,49.9,51.8,948.1,100,0,0,6
2026-09-19T18:00:00Z,UPS-A1,HALL-A,it,770.15,801.46,51.3,53.9,986.1,100,0,0,6
2026-09-19T19:00:00Z,UPS-A1,HALL-A,it,748.47,779.12,49.9,53.8,982.7,100,0,0,6
2026-09-19T20:00:00Z,UPS-A1,HALL-A,it,749.49,780.17,50.0,53.5,977.6,100,0,0,6
2026-09-19T21:00:00Z,UPS-A1,HALL-A,it,741.0,771.41,49.4,51.4,942.0,100,0,0,6
2026-09-19T22:00:00Z,UPS-A1,HALL-A,it,724.87,754.78,48.3,51.6,944.2,100,0,0,6
2026-09-19T23:00:00Z,UPS-A1,HALL-A,it,747.71,778.32,49.9,51.6,944.7,100,0,0,6
2026-09-20T00:00:00Z,UPS-A1,HALL-A,it,706.48,735.82,47.1,49.5,905.2,100,0,0,6
2026-09-20T01:00:00Z,UPS-A1,HALL-A,it,685.12,713.81,45.7,47.0,860.5,100,0,0,6
2026-09-20T02:00:00Z,UPS-A1,HALL-A,it,694.68,723.66,46.3,50.1,914.8,100,0,0,6
2026-09-20T03:00:00Z,UPS-A1,HALL-A,it,752.79,783.57,50.2,53.7,981.1,100,0,0,6
2026-09-20T04:00:00Z,UPS-A1,HALL-A,it,767.11,798.34,51.1,53.7,981.2,100,0,0,6
2026-09-20T05:00:00Z,UPS-A1,HALL-A,it,733.72,763.9,48.9,51.8,948.2,100,0,0,6
2026-09-20T06:00:00Z,UPS-A1,HALL-A,it,743.58,774.08,49.6,51.9,951.6,100,0,0,6
2026-09-20T07:00:00Z,UPS-A1,HALL-A,it,745.82,776.38,49.7,54.4,994.0,100,0,0,6
2026-09-20T08:00:00Z,UPS-A1,HALL-A,it,781.67,813.34,52.1,54.4,994.6,100,0,0,6
2026-09-20T09:00:00Z,UPS-A1,HALL-A,it,786.66,818.48,52.4,54.6,999.5,100,0,0,6
2026-09-20T10:00:00Z,UPS-A1,HALL-A,it,776.95,808.47,51.8,55.1,1006.5,100,0,0,6
2026-09-20T11:00:00Z,UPS-A1,HALL-A,it,788.49,820.37,52.6,55.1,1006.3,100,0,0,6
2026-09-20T12:00:00Z,UPS-A1,HALL-A,it,799.48,831.7,53.3,55.0,1005.9,100,0,0,6
2026-09-20T13:00:00Z,UPS-A1,HALL-A,it,770.07,801.39,51.3,55.0,1004.4,100,0,0,6
2026-09-20T14:00:00Z,UPS-A1,HALL-A,it,762.31,793.39,50.8,52.6,962.3,100,0,0,6
2026-09-20T15:00:00Z,UPS-A1,HALL-A,it,787.82,819.68,52.5,54.9,1003.0,100,0,0,6
2026-09-20T16:00:00Z,UPS-A1,HALL-A,it,784.44,816.19,52.3,54.9,1002.9,100,0,0,6
2026-09-20T17:00:00Z,UPS-A1,HALL-A,it,768.4,799.65,51.2,54.7,1000.0,100,0,0,6
2026-09-20T18:00:00Z,UPS-A1,HALL-A,it,728.78,758.82,48.6,52.0,950.8,100,0,0,6
2026-09-20T19:00:00Z,UPS-A1,HALL-A,it,747.88,778.5,49.9,51.8,947.2,100,0,0,6
2026-09-20T20:00:00Z,UPS-A1,HALL-A,it,753.46,784.25,50.2,51.6,942.6,100,0,0,6
2026-09-20T21:00:00Z,UPS-A1,HALL-A,it,722.75,752.6,48.2,51.6,941.7,100,0,0,6
2026-09-20T22:00:00Z,UPS-A1,HALL-A,it,747.08,777.68,49.8,51.6,943.7,100,0,0,6
2026-09-20T23:00:00Z,UPS-A1,HALL-A,it,749.49,780.16,50.0,51.7,943.8,100,0,0,6
2026-09-21T00:00:00Z,UPS-A1,HALL-A,it,741.66,772.09,49.4,51.6,943.2,100,0,0,6
2026-09-21T01:00:00Z,UPS-A1,HALL-A,it,732.54,762.69,48.8,51.4,939.9,100,0,0,6
2026-09-21T02:00:00Z,UPS-A1,HALL-A,it,745.31,775.85,49.7,51.4,939.8,100,0,0,6
2026-09-21T03:00:00Z,UPS-A1,HALL-A,it,751.37,782.1,50.1,51.4,939.8,100,0,0,6
2026-09-21T04:00:00Z,UPS-A1,HALL-A,it,774.88,806.33,51.7,53.8,983.4,100,0,0,6
2026-09-21T05:00:00Z,UPS-A1,HALL-A,it,772.27,803.65,51.5,54.0,986.8,100,0,0,6
2026-09-21T06:00:00Z,UPS-A1,HALL-A,it,771.55,802.91,51.4,54.3,991.0,100,0,0,6
2026-09-21T07:00:00Z,UPS-A1,HALL-A,it,748.39,779.04,49.9,53.7,982.4,100,0,0,6
2026-09-21T08:00:00Z,UPS-A1,HALL-A,it,749.55,780.23,50.0,51.6,942.5,100,0,0,6
2026-09-21T09:00:00Z,UPS-A1,HALL-A,it,742.19,772.64,49.5,53.7,982.3,100,0,0,6
2026-09-21T10:00:00Z,UPS-A1,HALL-A,it,774.62,806.07,51.6,54.0,986.5,100,0,0,6
2026-09-21T11:00:00Z,UPS-A1,HALL-A,it,788.77,820.65,52.6,53.8,984.0,100,0,0,6
2026-09-21T12:00:00Z,UPS-A1,HALL-A,it,754.44,785.27,50.3,53.8,983.4,100,0,0,6
2026-09-21T13:00:00Z,UPS-A1,HALL-A,it,702.96,732.19,46.9,49.6,906.3,100,0,0,6
2026-09-21T14:00:00Z,UPS-A1,HALL-A,it,721.26,751.06,48.1,51.1,932.9,100,0,0,6
2026-09-21T15:00:00Z,UPS-A1,HALL-A,it,725.96,755.92,48.4,50.7,926.9,100,0,0,6
2026-09-21T16:00:00Z,UPS-A1,HALL-A,it,698.8,727.93,46.6,50.4,921.5,100,0,0,6
2026-09-21T17:00:00Z,UPS-A1,HALL-A,it,609.94,636.31,40.7,43.9,801.9,100,0,0,6
2026-09-21T18:00:00Z,UPS-A1,HALL-A,it,662.17,690.15,44.1,45.9,840.7,100,0,0,6
2026-09-21T19:00:00Z,UPS-A1,HALL-A,it,667.18,695.31,44.5,46.0,842.3,100,0,0,6
2026-09-21T20:00:00Z,UPS-A1,HALL-A,it,671.18,699.44,44.7,46.7,853.7,100,0,0,6
2026-09-21T21:00:00Z,UPS-A1,HALL-A,it,708.82,738.25,47.3,50.7,925.5,100,0,0,6
2026-09-21T22:00:00Z,UPS-A1,HALL-A,it,732.9,763.08,48.9,50.7,925.1,100,0,0,6
2026-09-21T23:00:00Z,UPS-A1,HALL-A,it,693.77,722.74,46.2,50.8,928.4,100,0,0,6
2026-09-22T00:00:00Z,UPS-A1,HALL-A,it,693.67,722.61,46.2,49.1,897.3,100,0,0,6
2026-09-22T01:00:00Z,UPS-A1,HALL-A,it,713.92,743.48,47.6,49.0,896.9,100,0,0,6
2026-09-22T02:00:00Z,UPS-A1,HALL-A,it,693.75,722.7,46.3,49.3,901.3,100,0,0,6
2026-09-22T03:00:00Z,UPS-A1,HALL-A,it,728.12,758.14,48.5,51.5,940.7,100,0,0,6
2026-09-22T04:00:00Z,UPS-A1,HALL-A,it,723.26,753.14,48.2,51.3,937.4,100,0,0,6
2026-09-22T05:00:00Z,UPS-A1,HALL-A,it,730.98,761.09,48.7,51.3,936.4,100,0,0,6
2026-09-22T06:00:00Z,UPS-A1,HALL-A,it,705.98,735.3,47.1,49.0,896.3,100,0,0,6
2026-09-22T07:00:00Z,UPS-A1,HALL-A,it,707.89,737.28,47.2,51.6,943.7,100,0,0,6
2026-09-22T08:00:00Z,UPS-A1,HALL-A,it,722.5,752.35,48.2,49.8,910.0,100,0,0,6
2026-09-22T09:00:00Z,UPS-A1,HALL-A,it,688.7,717.5,45.9,49.7,908.8,100,0,0,6
2026-09-22T10:00:00Z,UPS-A1,HALL-A,it,728.14,758.17,48.5,54.3,994.0,100,0,0,6
2026-09-22T11:00:00Z,UPS-A1,HALL-A,it,788.38,820.28,52.6,54.3,993.9,100,0,0,6
2026-09-22T12:00:00Z,UPS-A1,HALL-A,it,770.4,801.74,51.4,54.3,993.5,100,0,0,6
2026-09-22T13:00:00Z,UPS-A1,HALL-A,it,740.2,770.6,49.4,52.2,954.4,100,0,0,6
2026-09-22T14:00:00Z,UPS-A1,HALL-A,it,762.75,793.82,50.8,52.3,956.2,100,0,0,6
2026-09-22T15:00:00Z,UPS-A1,HALL-A,it,746.96,777.56,49.8,52.3,954.7,100,0,0,6
2026-09-22T16:00:00Z,UPS-A1,HALL-A,it,750.61,781.33,50.0,52.4,957.1,100,0,0,6
2026-09-22T17:00:00Z,UPS-A1,HALL-A,it,762.74,793.85,50.8,52.4,958.4,100,0,0,6
2026-09-22T18:00:00Z,UPS-A1,HALL-A,it,786.12,817.94,52.4,54.5,995.9,100,0,0,6
2026-09-22T19:00:00Z,UPS-A1,HALL-A,it,791.75,823.75,52.8,54.5,997.0,100,0,0,6
2026-09-22T20:00:00Z,UPS-A1,HALL-A,it,757.87,788.81,50.5,54.5,996.4,100,0,0,6
2026-09-22T21:00:00Z,UPS-A1,HALL-A,it,768.88,800.16,51.3,54.6,999.0,100,0,0,6
2026-09-22T22:00:00Z,UPS-A1,HALL-A,it,792.05,824.04,52.8,54.6,999.0,100,0,0,6
2026-09-22T23:00:00Z,UPS-A1,HALL-A,it,757.45,788.38,50.5,52.2,954.5,100,0,0,6
2026-09-23T00:00:00Z,UPS-A1,HALL-A,it,762.11,793.18,50.8,52.2,955.1,100,0,0,6
2026-09-23T01:00:00Z,UPS-A1,HALL-A,it,762.12,793.2,50.8,54.9,1005.7,100,0,0,6
2026-09-23T02:00:00Z,UPS-A1,HALL-A,it,795.97,828.1,53.1,55.0,1004.3,100,0,0,6
2026-09-23T03:00:00Z,UPS-A1,HALL-A,it,798.24,830.43,53.2,55.0,1004.8,100,0,0,6
2026-09-23T04:00:00Z,UPS-A1,HALL-A,it,790.38,822.34,52.7,55.0,1004.9,100,0,0,6
2026-09-23T05:00:00Z,UPS-A1,HALL-A,it,790.59,822.54,52.7,54.8,1001.8,100,0,0,6
2026-09-23T06:00:00Z,UPS-A1,HALL-A,it,780.95,812.6,52.1,54.9,1004.7,100,0,0,6
2026-09-23T07:00:00Z,UPS-A1,HALL-A,it,782.1,813.78,52.1,54.7,999.5,100,0,0,6
2026-09-23T08:00:00Z,UPS-A1,HALL-A,it,790.17,822.1,52.7,54.7,1000.1,100,0,0,6
2026-09-23T09:00:00Z,UPS-A1,HALL-A,it,763.5,794.61,50.9,54.6,998.6,100,0,0,6
2026-09-23T10:00:00Z,UPS-A1,HALL-A,it,782.12,813.8,52.1,54.2,992.5,100,0,0,6
2026-09-23T11:00:00Z,UPS-A1,HALL-A,it,775.75,807.23,51.7,54.2,991.4,100,0,0,6
2026-09-23T12:00:00Z,UPS-A1,HALL-A,it,752.71,783.48,50.2,53.8,982.6,100,0,0,6
2026-09-23T13:00:00Z,UPS-A1,HALL-A,it,738.15,768.49,49.2,53.8,983.6,100,0,0,6
2026-09-23T14:00:00Z,UPS-A1,HALL-A,it,742.36,772.83,49.5,51.5,940.9,100,0,0,6
2026-09-23T15:00:00Z,UPS-A1,HALL-A,it,751.79,782.55,50.1,51.5,942.1,100,0,0,6
2026-09-23T16:00:00Z,UPS-A1,HALL-A,it,733.15,763.32,48.9,51.6,942.5,100,0,0,6
2026-09-23T17:00:00Z,UPS-A1,HALL-A,it,745.95,776.53,49.7,51.5,940.6,100,0,0,6
2026-09-23T18:00:00Z,UPS-A1,HALL-A,it,750.8,781.51,50.1,53.8,982.9,100,0,0,6
2026-09-23T19:00:00Z,UPS-A1,HALL-A,it,763.37,794.46,50.9,53.8,984.3,100,0,0,6
2026-09-23T20:00:00Z,UPS-A1,HALL-A,it,749.58,780.28,50.0,51.5,941.8,100,0,0,6
2026-09-23T21:00:00Z,UPS-A1,HALL-A,it,753.23,784.04,50.2,51.5,942.5,100,0,0,6
2026-09-23T22:00:00Z,UPS-A1,HALL-A,it,735.27,765.51,49.0,51.6,943.8,100,0,0,6
2026-09-23T23:00:00Z,UPS-A1,HALL-A,it,735.85,766.1,49.1,51.6,944.0,100,0,0,6
2026-09-24T00:00:00Z,UPS-A1,HALL-A,it,715.47,745.09,47.7,49.3,902.1,100,0,0,6
2026-09-24T01:00:00Z,UPS-A1,HALL-A,it,707.16,736.53,47.1,51.6,943.6,100,0,0,6
2026-09-24T02:00:00Z,UPS-A1,HALL-A,it,756.26,787.14,50.4,51.6,945.1,100,0,0,6
2026-09-24T03:00:00Z,UPS-A1,HALL-A,it,753.53,784.33,50.2,51.7,944.7,100,0,0,6
2026-09-24T04:00:00Z,UPS-A1,HALL-A,it,763.42,794.53,50.9,53.9,984.6,100,0,0,6
2026-09-24T05:00:00Z,UPS-A1,HALL-A,it,783.42,815.16,52.2,54.0,986.2,100,0,0,6
2026-09-24T06:00:00Z,UPS-A1,HALL-A,it,778.6,810.16,51.9,54.0,987.5,100,0,0,6
2026-09-24T07:00:00Z,UPS-A1,HALL-A,it,760.37,791.38,50.7,54.0,987.9,100,0,0,6
2026-09-24T08:00:00Z,UPS-A1,HALL-A,it,735.51,765.77,49.0,51.3,938.3,100,0,0,6
2026-09-24T09:00:00Z,UPS-A1,HALL-A,it,769.38,800.67,51.3,52.9,967.5,100,0,0,6
2026-09-24T10:00:00Z,UPS-A1,HALL-A,it,767.98,799.22,51.2,52.9,968.1,100,0,0,6
2026-09-24T11:00:00Z,UPS-A1,HALL-A,it,721.62,751.43,48.1,50.7,925.9,100,0,0,6
2026-09-24T12:00:00Z,UPS-A1,HALL-A,it,724.69,754.61,48.3,50.7,928.4,100,0,0,6
2026-09-24T13:00:00Z,UPS-A1,HALL-A,it,687.73,716.49,45.9,48.2,882.7,100,0,0,6
2026-09-24T14:00:00Z,UPS-A1,HALL-A,it,694.2,723.16,46.3,48.2,882.1,100,0,0,6
2026-09-24T15:00:00Z,UPS-A1,HALL-A,it,729.1,759.16,48.6,50.7,926.8,100,0,0,6
2026-09-24T16:00:00Z,UPS-A1,HALL-A,it,737.68,768.0,49.2,51.2,936.3,100,0,0,6
2026-09-24T17:00:00Z,UPS-A1,HALL-A,it,754.65,785.5,50.3,53.0,969.5,100,0,0,6
2026-09-24T18:00:00Z,UPS-A1,HALL-A,it,771.4,802.76,51.4,53.0,969.6,100,0,0,6
2026-09-24T19:00:00Z,UPS-A1,HALL-A,it,773.04,804.46,51.5,53.0,969.8,100,0,0,6
2026-09-24T20:00:00Z,UPS-A1,HALL-A,it,760.1,791.1,50.7,53.1,970.2,100,0,0,6
2026-09-24T21:00:00Z,UPS-A1,HALL-A,it,763.89,795.02,50.9,53.6,980.4,98,0,11,6
2026-09-24T22:00:00Z,UPS-A1,HALL-A,it,777.44,808.97,51.8,53.6,980.7,100,0,0,6
2026-09-24T23:00:00Z,UPS-A1,HALL-A,it,752.03,782.79,50.1,53.6,980.4,100,0,0,6
2026-09-25T00:00:00Z,UPS-A1,HALL-A,it,742.78,773.26,49.5,51.1,933.8,100,0,0,6
2026-09-25T01:00:00Z,UPS-A1,HALL-A,it,733.73,763.92,48.9,51.1,933.6,100,0,0,6
2026-09-25T02:00:00Z,UPS-A1,HALL-A,it,733.22,763.41,48.9,50.8,928.7,100,0,0,6
2026-09-25T03:00:00Z,UPS-A1,HALL-A,it,720.04,749.81,48.0,51.7,944.5,100,0,0,6
2026-09-25T04:00:00Z,UPS-A1,HALL-A,it,773.7,805.13,51.6,53.1,970.8,100,0,0,6
2026-09-25T05:00:00Z,UPS-A1,HALL-A,it,771.45,802.8,51.4,53.1,970.3,100,0,0,6
2026-09-25T06:00:00Z,UPS-A1,HALL-A,it,775.11,806.58,51.7,53.1,970.1,100,0,0,6
2026-09-25T07:00:00Z,UPS-A1,HALL-A,it,773.45,804.87,51.6,53.1,971.1,100,0,0,6
2026-09-25T08:00:00Z,UPS-A1,HALL-A,it,728.74,758.78,48.6,53.1,970.1,100,0,0,6
2026-09-25T09:00:00Z,UPS-A1,HALL-A,it,733.29,763.48,48.9,50.7,926.5,100,0,0,6
2026-09-25T10:00:00Z,UPS-A1,HALL-A,it,718.52,748.23,47.9,50.8,927.5,100,0,0,6
2026-09-25T11:00:00Z,UPS-A1,HALL-A,it,749.53,780.21,50.0,53.1,971.5,100,0,0,6
2026-09-25T12:00:00Z,UPS-A1,HALL-A,it,772.18,803.55,51.5,53.1,971.9,100,0,0,6
2026-09-25T13:00:00Z,UPS-A1,HALL-A,it,769.99,801.29,51.3,53.1,971.7,100,0,0,6
2026-09-25T14:00:00Z,UPS-A1,HALL-A,it,762.11,793.16,50.8,53.1,971.6,100,0,0,6
2026-09-25T15:00:00Z,UPS-A1,HALL-A,it,764.36,795.5,51.0,53.5,978.2,100,0,0,6
2026-09-25T16:00:00Z,UPS-A1,HALL-A,it,763.17,794.27,50.9,53.3,974.7,100,0,0,6
2026-09-25T17:00:00Z,UPS-A1,HALL-A,it,731.71,761.85,48.8,51.3,938.2,100,0,0,6
2026-09-25T18:00:00Z,UPS-A1,HALL-A,it,743.24,773.73,49.5,51.3,938.7,100,0,0,6
2026-09-25T19:00:00Z,UPS-A1,HALL-A,it,740.42,770.82,49.4,51.2,936.1,100,0,0,6
2026-09-25T20:00:00Z,UPS-A1,HALL-A,it,747.74,778.35,49.8,51.2,935.6,100,0,0,6
2026-09-25T21:00:00Z,UPS-A1,HALL-A,it,714.07,743.67,47.6,51.1,934.1,100,0,0,6
2026-09-25T22:00:00Z,UPS-A1,HALL-A,it,718.72,748.45,47.9,51.1,934.0,100,0,0,6
2026-09-25T23:00:00Z,UPS-A1,HALL-A,it,743.05,773.52,49.5,51.0,932.9,100,0,0,6
2026-09-26T00:00:00Z,UPS-A1,HALL-A,it,752.3,783.06,50.2,53.3,973.9,100,0,0,6
2026-09-26T01:00:00Z,UPS-A1,HALL-A,it,777.4,808.93,51.8,53.4,975.6,100,0,0,6
2026-09-26T02:00:00Z,UPS-A1,HALL-A,it,760.99,792.01,50.7,53.5,976.8,100,0,0,6
2026-09-26T03:00:00Z,UPS-A1,HALL-A,it,736.99,767.28,49.1,51.4,939.2,100,0,0,6
2026-09-26T04:00:00Z,UPS-A1,HALL-A,it,745.34,775.88,49.7,51.4,941.9,100,0,0,6
2026-09-26T05:00:00Z,UPS-A1,HALL-A,it,737.89,768.22,49.2,51.6,943.5,100,0,0,6
2026-09-26T06:00:00Z,UPS-A1,HALL-A,it,765.65,796.83,51.0,53.9,984.4,100,0,0,6
2026-09-26T07:00:00Z,UPS-A1,HALL-A,it,765.8,796.99,51.0,53.9,985.4,100,0,0,6
2026-09-26T08:00:00Z,UPS-A1,HALL-A,it,738.9,769.26,49.3,51.9,949.0,100,0,0,6
2026-09-26T09:00:00Z,UPS-A1,HALL-A,it,745.87,776.43,49.7,52.0,950.6,100,0,0,6
2026-09-26T10:00:00Z,UPS-A1,HALL-A,it,738.38,768.72,49.2,52.1,950.1,100,0,0,6
2026-09-26T11:00:00Z,UPS-A1,HALL-A,it,769.04,800.34,51.3,54.6,998.0,100,0,0,6
2026-09-26T12:00:00Z,UPS-A1,HALL-A,it,737.77,768.08,49.2,51.8,947.6,100,0,0,6
2026-09-26T13:00:00Z,UPS-A1,HALL-A,it,748.67,779.32,49.9,51.9,948.5,100,0,0,6
2026-09-26T14:00:00Z,UPS-A1,HALL-A,it,738.63,768.96,49.2,51.9,947.6,100,0,0,6
2026-09-26T15:00:00Z,UPS-A1,HALL-A,it,727.63,757.63,48.5,51.6,943.2,100,0,0,6
2026-09-26T16:00:00Z,UPS-A1,HALL-A,it,779.15,810.75,51.9,54.1,990.0,100,0,0,6
2026-09-26T17:00:00Z,UPS-A1,HALL-A,it,781.41,813.09,52.1,54.1,989.6,100,0,0,6
2026-09-26T18:00:00Z,UPS-A1,HALL-A,it,764.36,795.49,51.0,54.1,988.9,100,0,0,6
2026-09-26T19:00:00Z,UPS-A1,HALL-A,it,766.09,797.29,51.1,53.9,984.6,100,0,0,6
2026-09-26T20:00:00Z,UPS-A1,HALL-A,it,776.88,808.39,51.8,53.6,980.0,100,0,0,6
2026-09-26T21:00:00Z,UPS-A1,HALL-A,it,776.17,807.67,51.7,53.6,979.9,100,0,0,6
2026-09-26T22:00:00Z,UPS-A1,HALL-A,it,758.67,789.64,50.6,53.5,977.7,100,0,0,6
2026-09-26T23:00:00Z,UPS-A1,HALL-A,it,770.62,801.95,51.4,53.3,974.1,100,0,0,6
2026-09-27T00:00:00Z,UPS-A1,HALL-A,it,759.18,790.16,50.6,53.3,973.0,100,0,0,6
2026-09-27T01:00:00Z,UPS-A1,HALL-A,it,754.9,785.75,50.3,53.5,977.5,100,0,0,6
2026-09-27T02:00:00Z,UPS-A1,HALL-A,it,732.6,762.77,48.8,51.0,932.6,100,0,0,6
2026-09-27T03:00:00Z,UPS-A1,HALL-A,it,735.44,765.68,49.0,50.7,927.3,100,0,0,6
2026-09-27T04:00:00Z,UPS-A1,HALL-A,it,711.73,741.24,47.4,50.8,927.4,100,0,0,6
2026-09-27T05:00:00Z,UPS-A1,HALL-A,it,679.11,707.62,45.3,46.3,847.5,100,0,0,6
2026-09-27T06:00:00Z,UPS-A1,HALL-A,it,669.74,697.95,44.6,47.5,866.8,100,0,0,6
2026-09-27T07:00:00Z,UPS-A1,HALL-A,it,701.07,730.25,46.7,51.2,936.0,100,0,0,6
2026-09-27T08:00:00Z,UPS-A1,HALL-A,it,702.37,731.59,46.8,48.6,889.4,100,0,0,6
2026-09-27T09:00:00Z,UPS-A1,HALL-A,it,735.07,765.3,49.0,52.2,954.3,100,0,0,6
2026-09-27T10:00:00Z,UPS-A1,HALL-A,it,746.39,776.97,49.8,53.0,969.3,100,0,0,6
2026-09-27T11:00:00Z,UPS-A1,HALL-A,it,744.53,775.07,49.6,51.0,932.9,100,0,0,6
2026-09-27T12:00:00Z,UPS-A1,HALL-A,it,731.46,761.59,48.8,51.0,933.0,100,0,0,6
2026-09-27T13:00:00Z,UPS-A1,HALL-A,it,744.77,775.32,49.7,51.1,933.5,100,0,0,6
2026-09-27T14:00:00Z,UPS-A1,HALL-A,it,737.26,767.57,49.2,51.4,938.1,100,0,0,6
2026-09-27T15:00:00Z,UPS-A1,HALL-A,it,749.82,780.49,50.0,52.7,960.5,100,0,0,6
2026-09-27T16:00:00Z,UPS-A1,HALL-A,it,751.8,782.55,50.1,51.5,940.3,100,0,0,6
2026-09-27T17:00:00Z,UPS-A1,HALL-A,it,749.22,779.89,49.9,51.4,941.3,100,0,0,6
2026-09-27T18:00:00Z,UPS-A1,HALL-A,it,738.52,768.88,49.2,51.5,941.7,100,0,0,6
2026-09-27T19:00:00Z,UPS-A1,HALL-A,it,749.35,780.04,50.0,51.5,941.9,100,0,0,6
2026-09-27T20:00:00Z,UPS-A1,HALL-A,it,744.25,774.78,49.6,51.5,941.3,100,0,0,6
2026-09-27T21:00:00Z,UPS-A1,HALL-A,it,756.11,787.01,50.4,53.9,985.6,100,0,0,6
2026-09-27T22:00:00Z,UPS-A1,HALL-A,it,779.4,811.01,52.0,54.0,986.6,100,0,0,6
2026-09-27T23:00:00Z,UPS-A1,HALL-A,it,753.76,784.57,50.2,53.8,982.3,100,0,0,6
2026-08-31T00:00:00Z,UPS-A2,HALL-A,it,715.82,745.46,47.7,52.4,960.8,100,0,0,6
2026-08-31T01:00:00Z,UPS-A2,HALL-A,it,762.88,793.97,50.9,52.5,961.2,100,0,0,6
2026-08-31T02:00:00Z,UPS-A2,HALL-A,it,743.13,773.61,49.5,52.8,967.4,100,0,0,6
2026-08-31T03:00:00Z,UPS-A2,HALL-A,it,761.0,792.04,50.7,52.8,968.7,100,0,0,6
2026-08-31T04:00:00Z,UPS-A2,HALL-A,it,769.14,800.43,51.3,52.8,967.9,100,0,0,6
2026-08-31T05:00:00Z,UPS-A2,HALL-A,it,768.81,800.09,51.3,52.8,967.8,100,0,0,6
2026-08-31T06:00:00Z,UPS-A2,HALL-A,it,759.98,790.98,50.7,52.8,967.9,100,0,0,6
2026-08-31T07:00:00Z,UPS-A2,HALL-A,it,755.23,786.09,50.4,52.8,968.8,100,0,0,6
2026-08-31T08:00:00Z,UPS-A2,HALL-A,it,729.87,759.95,48.7,50.4,922.0,100,0,0,6
2026-08-31T09:00:00Z,UPS-A2,HALL-A,it,727.58,757.59,48.5,50.4,922.2,100,0,0,6
2026-08-31T10:00:00Z,UPS-A2,HALL-A,it,733.14,763.34,48.9,50.4,922.2,100,0,0,6
2026-08-31T11:00:00Z,UPS-A2,HALL-A,it,738.78,769.14,49.3,52.6,964.3,100,0,0,6
2026-08-31T12:00:00Z,UPS-A2,HALL-A,it,760.37,791.39,50.7,52.6,963.8,100,0,0,6
2026-08-31T13:00:00Z,UPS-A2,HALL-A,it,754.38,785.21,50.3,52.6,962.0,100,0,0,6
2026-08-31T14:00:00Z,UPS-A2,HALL-A,it,763.74,794.87,50.9,52.5,963.1,100,0,0,6
2026-08-31T15:00:00Z,UPS-A2,HALL-A,it,760.42,791.45,50.7,52.6,962.6,100,0,0,6
2026-08-31T16:00:00Z,UPS-A2,HALL-A,it,752.21,782.98,50.1,52.5,963.7,100,0,0,6
2026-08-31T17:00:00Z,UPS-A2,HALL-A,it,728.42,758.44,48.6,50.3,923.6,100,0,0,6
2026-08-31T18:00:00Z,UPS-A2,HALL-A,it,706.61,735.97,47.1,50.3,923.3,100,0,0,6
2026-08-31T19:00:00Z,UPS-A2,HALL-A,it,685.8,714.51,45.7,48.1,883.3,100,0,0,6
2026-08-31T20:00:00Z,UPS-A2,HALL-A,it,711.76,741.28,47.4,50.5,924.6,100,0,0,6
2026-08-31T21:00:00Z,UPS-A2,HALL-A,it,713.12,742.66,47.5,50.5,926.9,100,0,0,6
2026-08-31T22:00:00Z,UPS-A2,HALL-A,it,744.43,774.95,49.6,52.5,960.3,100,0,0,6
2026-08-31T23:00:00Z,UPS-A2,HALL-A,it,761.49,792.53,50.8,52.5,961.2,100,0,0,6
2026-09-01T00:00:00Z,UPS-A2,HALL-A,it,748.55,779.21,49.9,52.4,961.2,100,0,0,6
2026-09-01T01:00:00Z,UPS-A2,HALL-A,it,769.6,800.89,51.3,53.3,976.0,100,0,0,6
2026-09-01T02:00:00Z,UPS-A2,HALL-A,it,779.07,810.66,51.9,53.3,976.1,100,0,0,6
2026-09-01T03:00:00Z,UPS-A2,HALL-A,it,756.29,787.18,50.4,53.3,975.6,100,0,0,6
2026-09-01T04:00:00Z,UPS-A2,HALL-A,it,756.29,787.17,50.4,52.9,968.3,100,0,0,6
2026-09-01T05:00:00Z,UPS-A2,HALL-A,it,761.33,792.38,50.8,52.6,963.5,100,0,0,6
2026-09-01T06:00:00Z,UPS-A2,HALL-A,it,747.03,777.63,49.8,52.4,959.3,100,0,0,6
2026-09-01T07:00:00Z,UPS-A2,HALL-A,it,730.51,760.6,48.7,50.3,921.0,100,0,0,6
2026-09-01T08:00:00Z,UPS-A2,HALL-A,it,726.56,756.54,48.4,50.6,925.2,100,0,0,6
2026-09-01T09:00:00Z,UPS-A2,HALL-A,it,744.12,774.65,49.6,50.7,927.1,100,0,0,6
2026-09-01T10:00:00Z,UPS-A2,HALL-A,it,726.05,756.02,48.4,50.6,926.5,100,0,0,6
2026-09-01T11:00:00Z,UPS-A2,HALL-A,it,730.99,761.1,48.7,50.2,921.1,100,0,0,6
2026-09-01T12:00:00Z,UPS-A2,HALL-A,it,734.43,764.65,49.0,51.3,939.1,100,0,0,6
2026-09-01T13:00:00Z,UPS-A2,HALL-A,it,731.11,761.22,48.7,52.4,959.5,100,0,0,6
2026-09-01T14:00:00Z,UPS-A2,HALL-A,it,762.59,793.67,50.8,52.4,962.4,100,0,0,6
2026-09-01T15:00:00Z,UPS-A2,HALL-A,it,744.18,774.69,49.6,52.5,960.9,100,0,0,6
2026-09-01T16:00:00Z,UPS-A2,HALL-A,it,756.13,787.01,50.4,52.5,961.5,100,0,0,6
2026-09-01T17:00:00Z,UPS-A2,HALL-A,it,730.36,760.44,48.7,50.7,928.4,100,0,0,6
2026-09-01T18:00:00Z,UPS-A2,HALL-A,it,762.99,794.09,50.9,52.6,963.5,100,0,0,6
2026-09-01T19:00:00Z,UPS-A2,HALL-A,it,753.05,783.84,50.2,52.6,962.0,100,0,0,6
2026-09-01T20:00:00Z,UPS-A2,HALL-A,it,762.31,793.39,50.8,52.4,961.4,100,0,0,6
2026-09-01T21:00:00Z,UPS-A2,HALL-A,it,759.12,790.1,50.6,52.7,966.9,100,0,0,6
2026-09-01T22:00:00Z,UPS-A2,HALL-A,it,767.08,798.31,51.1,52.8,965.9,100,0,0,6
2026-09-01T23:00:00Z,UPS-A2,HALL-A,it,758.45,789.41,50.6,52.8,966.7,100,0,0,6
2026-09-02T00:00:00Z,UPS-A2,HALL-A,it,769.25,800.54,51.3,53.0,969.8,100,0,0,6
2026-09-02T01:00:00Z,UPS-A2,HALL-A,it,772.79,804.18,51.5,52.9,970.5,100,0,0,6
2026-09-02T02:00:00Z,UPS-A2,HALL-A,it,759.15,790.13,50.6,53.3,975.6,100,0,0,6
2026-09-02T03:00:00Z,UPS-A2,HALL-A,it,773.95,805.38,51.6,53.3,976.3,100,0,0,6
2026-09-02T04:00:00Z,UPS-A2,HALL-A,it,758.69,789.65,50.6,53.3,976.8,100,0,0,6
2026-09-02T05:00:00Z,UPS-A2,HALL-A,it,741.99,772.43,49.5,51.0,934.2,100,0,0,6
2026-09-02T06:00:00Z,UPS-A2,HALL-A,it,730.22,760.3,48.7,51.0,935.1,100,0,0,6
2026-09-02T07:00:00Z,UPS-A2,HALL-A,it,737.08,767.38,49.1,50.9,932.5,100,0,0,6
2026-09-02T08:00:00Z,UPS-A2,HALL-A,it,740.73,771.14,49.4,50.9,932.8,100,0,0,6
2026-09-02T09:00:00Z,UPS-A2,HALL-A,it,753.02,783.82,50.2,53.1,973.1,100,0,0,6
2026-09-02T10:00:00Z,UPS-A2,HALL-A,it,740.03,770.42,49.3,50.9,931.8,100,0,0,6
2026-09-02T11:00:00Z,UPS-A2,HALL-A,it,725.98,755.94,48.4,50.9,930.6,100,0,0,6
2026-09-02T12:00:00Z,UPS-A2,HALL-A,it,763.25,794.36,50.9,53.6,981.9,100,0,0,6
2026-09-02T13:00:00Z,UPS-A2,HALL-A,it,766.6,797.82,51.1,53.6,982.7,100,0,0,6
2026-09-02T14:00:00Z,UPS-A2,HALL-A,it,767.3,798.53,51.1,53.1,974.1,100,0,0,6
2026-09-02T15:00:00Z,UPS-A2,HALL-A,it,770.75,802.08,51.4,53.3,977.0,100,0,0,6
2026-09-02T16:00:00Z,UPS-A2,HALL-A,it,756.49,787.38,50.4,53.5,979.8,100,0,0,6
2026-09-02T17:00:00Z,UPS-A2,HALL-A,it,774.56,806.01,51.6,53.7,985.1,100,0,0,6
2026-09-02T18:00:00Z,UPS-A2,HALL-A,it,785.41,817.19,52.4,53.8,985.3,100,0,0,6
2026-09-02T19:00:00Z,UPS-A2,HALL-A,it,781.1,812.75,52.1,53.8,985.4,100,0,0,6
2026-09-02T20:00:00Z,UPS-A2,HALL-A,it,783.08,814.79,52.2,53.8,984.8,100,0,0,6
2026-09-02T21:00:00Z,UPS-A2,HALL-A,it,784.06,815.8,52.3,53.7,984.5,100,0,0,6
2026-09-02T22:00:00Z,UPS-A2,HALL-A,it,775.76,807.24,51.7,54.0,989.4,100,0,0,6
2026-09-02T23:00:00Z,UPS-A2,HALL-A,it,781.58,813.24,52.1,54.0,989.5,100,0,0,6
2026-09-03T00:00:00Z,UPS-A2,HALL-A,it,785.01,816.78,52.3,54.0,989.2,100,0,0,6
2026-09-03T01:00:00Z,UPS-A2,HALL-A,it,770.88,802.23,51.4,54.1,990.6,100,0,0,6
2026-09-03T02:00:00Z,UPS-A2,HALL-A,it,755.04,785.89,50.3,51.9,949.8,100,0,0,6
2026-09-03T03:00:00Z,UPS-A2,HALL-A,it,755.97,786.85,50.4,51.9,950.7,100,0,0,6
2026-09-03T04:00:00Z,UPS-A2,HALL-A,it,752.25,783.01,50.2,51.9,950.6,100,0,0,6
2026-09-03T05:00:00Z,UPS-A2,HALL-A,it,740.55,770.96,49.4,51.8,950.8,100,0,0,6
2026-09-03T06:00:00Z,UPS-A2,HALL-A,it,781.93,813.62,52.1,53.7,984.3,100,0,0,6
2026-09-03T07:00:00Z,UPS-A2,HALL-A,it,770.79,802.14,51.4,53.7,983.5,100,0,0,6
2026-09-03T08:00:00Z,UPS-A2,HALL-A,it,688.4,717.21,45.9,48.9,894.9,100,0,0,6
2026-09-03T09:00:00Z,UPS-A2,HALL-A,it,683.86,712.5,45.6,46.8,859.5,100,0,0,6
2026-09-03T10:00:00Z,UPS-A2,HALL-A,it,715.29,744.9,47.7,49.3,904.1,100,0,0,6
2026-09-03T11:00:00Z,UPS-A2,HALL-A,it,762.86,793.96,50.9,53.8,986.4,100,0,0,6
2026-09-03T12:00:00Z,UPS-A2,HALL-A,it,758.51,789.46,50.6,53.9,987.4,100,0,0,6
2026-09-03T13:00:00Z,UPS-A2,HALL-A,it,775.32,806.79,51.7,54.0,989.6,100,0,0,6
2026-09-03T14:00:00Z,UPS-A2,HALL-A,it,772.34,803.71,51.5,54.0,988.8,100,0,0,6
2026-09-03T15:00:00Z,UPS-A2,HALL-A,it,745.77,776.35,49.7,53.9,987.0,100,0,0,6
2026-09-03T16:00:00Z,UPS-A2,HALL-A,it,707.11,736.48,47.1,49.2,900.6,100,0,0,6
2026-09-03T17:00:00Z,UPS-A2,HALL-A,it,701.82,731.02,46.8,49.7,909.8,100,0,0,6
2026-09-03T18:00:00Z,UPS-A2,HALL-A,it,752.2,782.98,50.1,52.1,953.2,100,0,0,6
2026-09-03T19:00:00Z,UPS-A2,HALL-A,it,767.53,798.77,51.2,53.8,985.5,100,0,0,6
2026-09-03T20:00:00Z,UPS-A2,HALL-A,it,760.64,791.67,50.7,53.8,985.7,100,0,0,6
2026-09-03T21:00:00Z,UPS-A2,HALL-A,it,775.52,807.0,51.7,53.5,980.4,100,0,0,6
2026-09-03T22:00:00Z,UPS-A2,HALL-A,it,782.9,814.61,52.2,53.5,981.3,100,0,0,6
2026-09-03T23:00:00Z,UPS-A2,HALL-A,it,739.74,770.12,49.3,53.5,980.6,100,0,0,6
2026-09-04T00:00:00Z,UPS-A2,HALL-A,it,729.22,759.27,48.6,51.4,941.9,100,0,0,6
2026-09-04T01:00:00Z,UPS-A2,HALL-A,it,730.25,760.33,48.7,51.1,935.4,100,0,0,6
2026-09-04T02:00:00Z,UPS-A2,HALL-A,it,741.65,772.09,49.4,53.2,973.3,100,0,0,6
2026-09-04T03:00:00Z,UPS-A2,HALL-A,it,756.19,787.07,50.4,53.2,973.1,100,0,0,6
2026-09-04T04:00:00Z,UPS-A2,HALL-A,it,758.62,789.59,50.6,53.3,975.6,100,0,0,6
2026-09-04T05:00:00Z,UPS-A2,HALL-A,it,773.82,805.25,51.6,53.3,976.1,100,0,0,6
2026-09-04T06:00:00Z,UPS-A2,HALL-A,it,776.88,808.41,51.8,53.3,976.4,100,0,0,6
2026-09-04T07:00:00Z,UPS-A2,HALL-A,it,766.12,797.33,51.1,53.3,974.8,100,0,0,6
2026-09-04T08:00:00Z,UPS-A2,HALL-A,it,751.92,782.67,50.1,52.8,967.7,100,0,0,6
2026-09-04T09:00:00Z,UPS-A2,HALL-A,it,752.61,783.39,50.2,52.9,969.4,100,0,0,6
2026-09-04T10:00:00Z,UPS-A2,HALL-A,it,765.86,797.03,51.1,52.9,969.3,100,0,0,6
2026-09-04T11:00:00Z,UPS-A2,HALL-A,it,760.75,791.76,50.7,52.9,969.3,100,0,0,6
2026-09-04T12:00:00Z,UPS-A2,HALL-A,it,757.55,788.48,50.5,52.7,964.7,100,0,0,6
2026-09-04T13:00:00Z,UPS-A2,HALL-A,it,763.64,794.75,50.9,52.7,964.4,100,0,0,6
2026-09-04T14:00:00Z,UPS-A2,HALL-A,it,759.2,790.18,50.6,52.6,964.8,100,0,0,6
2026-09-04T15:00:00Z,UPS-A2,HALL-A,it,745.1,775.65,49.7,52.9,969.9,100,0,0,6
2026-09-04T16:00:00Z,UPS-A2,HALL-A,it,742.35,772.82,49.5,52.8,966.6,100,0,0,6
2026-09-04T17:00:00Z,UPS-A2,HALL-A,it,757.27,788.2,50.5,52.5,961.6,100,0,0,6
2026-09-04T18:00:00Z,UPS-A2,HALL-A,it,757.4,788.33,50.5,52.9,969.0,100,0,0,6
2026-09-04T19:00:00Z,UPS-A2,HALL-A,it,736.18,766.45,49.1,50.8,929.6,100,0,0,6
2026-09-04T20:00:00Z,UPS-A2,HALL-A,it,713.88,743.46,47.6,52.6,964.1,100,0,0,6
2026-09-04T21:00:00Z,UPS-A2,HALL-A,it,753.96,784.76,50.3,52.7,963.9,100,0,0,6
2026-09-04T22:00:00Z,UPS-A2,HALL-A,it,726.58,756.55,48.4,52.2,956.3,100,0,0,6
2026-09-04T23:00:00Z,UPS-A2,HALL-A,it,746.89,777.49,49.8,52.2,955.9,100,0,0,6
2026-09-05T00:00:00Z,UPS-A2,HALL-A,it,710.83,740.31,47.4,52.3,957.2,100,0,0,6
2026-09-05T01:00:00Z,UPS-A2,HALL-A,it,725.0,754.92,48.3,50.1,916.9,100,0,0,6
2026-09-05T02:00:00Z,UPS-A2,HALL-A,it,722.64,752.49,48.2,50.1,917.0,100,0,0,6
2026-09-05T03:00:00Z,UPS-A2,HALL-A,it,709.25,738.7,47.3,50.4,923.6,100,0,0,6
2026-09-05T04:00:00Z,UPS-A2,HALL-A,it,728.09,758.12,48.5,50.4,923.4,100,0,0,6
2026-09-05T05:00:00Z,UPS-A2,HALL-A,it,705.13,734.44,47.0,50.6,927.4,100,0,0,6
2026-09-05T06:00:00Z,UPS-A2,HALL-A,it,732.83,763.01,48.9,50.6,927.8,100,0,0,6
2026-09-05T07:00:00Z,UPS-A2,HALL-A,it,726.59,756.56,48.4,51.1,935.4,100,0,0,6
2026-09-05T08:00:00Z,UPS-A2,HALL-A,it,763.35,794.46,50.9,52.8,967.5,100,0,0,6
2026-09-05T09:00:00Z,UPS-A2,HALL-A,it,758.55,789.51,50.6,52.8,969.7,100,0,0,6
2026-09-05T10:00:00Z,UPS-A2,HALL-A,it,702.5,731.73,46.8,50.2,918.9,100,0,0,6
2026-09-05T11:00:00Z,UPS-A2,HALL-A,it,724.14,754.03,48.3,52.7,964.9,100,0,0,6
2026-09-05T12:00:00Z,UPS-A2,HALL-A,it,754.26,785.09,50.3,52.5,963.1,100,0,0,6
2026-09-05T13:00:00Z,UPS-A2,HALL-A,it,740.01,770.41,49.3,52.5,960.8,100,0,0,6
2026-09-05T14:00:00Z,UPS-A2,HALL-A,it,741.51,771.95,49.4,52.6,963.2,100,0,0,6
2026-09-05T15:00:00Z,UPS-A2,HALL-A,it,764.63,795.8,51.0,52.6,962.8,100,0,0,6
2026-09-05T16:00:00Z,UPS-A2,HALL-A,it,744.62,775.16,49.6,52.6,962.5,100,0,0,6
2026-09-05T17:00:00Z,UPS-A2,HALL-A,it,733.8,764.0,48.9,50.4,922.7,100,0,0,6
2026-09-05T18:00:00Z,UPS-A2,HALL-A,it,755.04,785.89,50.3,52.5,962.8,100,0,0,6
2026-09-05T19:00:00Z,UPS-A2,HALL-A,it,759.62,790.63,50.6,52.6,962.6,100,0,0,6
2026-09-05T20:00:00Z,UPS-A2,HALL-A,it,760.92,791.96,50.7,52.6,962.4,100,0,0,6
2026-09-05T21:00:00Z,UPS-A2,HALL-A,it,758.47,789.43,50.6,52.5,963.0,100,0,0,6
2026-09-05T22:00:00Z,UPS-A2,HALL-A,it,761.6,792.66,50.8,53.3,975.8,100,0,0,6
2026-09-05T23:00:00Z,UPS-A2,HALL-A,it,753.38,784.17,50.2,53.3,975.1,100,0,0,6
2026-09-06T00:00:00Z,UPS-A2,HALL-A,it,737.71,768.01,49.2,50.8,930.1,100,0,0,6
2026-09-06T01:00:00Z,UPS-A2,HALL-A,it,737.05,767.32,49.1,50.8,930.8,100,0,0,6
2026-09-06T02:00:00Z,UPS-A2,HALL-A,it,734.51,764.71,49.0,50.8,929.2,100,0,0,6
2026-09-06T03:00:00Z,UPS-A2,HALL-A,it,743.75,774.26,49.6,52.7,966.2,100,0,0,6
2026-09-06T04:00:00Z,UPS-A2,HALL-A,it,765.14,796.32,51.0,52.8,967.1,100,0,0,6
2026-09-06T05:00:00Z,UPS-A2,HALL-A,it,770.16,801.49,51.3,52.8,966.4,100,0,0,6
2026-09-06T06:00:00Z,UPS-A2,HALL-A,it,768.17,799.44,51.2,52.8,966.8,100,0,0,6
2026-09-06T07:00:00Z,UPS-A2,HALL-A,it,742.97,773.43,49.5,52.7,966.8,100,0,0,6
2026-09-06T08:00:00Z,UPS-A2,HALL-A,it,737.46,767.76,49.2,52.2,956.8,100,0,0,6
2026-09-06T09:00:00Z,UPS-A2,HALL-A,it,764.54,795.67,51.0,52.2,957.2,100,0,0,6
2026-09-06T10:00:00Z,UPS-A2,HALL-A,it,755.05,785.9,50.3,52.2,957.6,100,0,0,6
2026-09-06T11:00:00Z,UPS-A2,HALL-A,it,759.92,790.92,50.7,52.2,957.4,100,0,0,6
2026-09-06T12:00:00Z,UPS-A2,HALL-A,it,734.98,765.21,49.0,52.5,961.0,100,0,0,6
2026-09-06T13:00:00Z,UPS-A2,HALL-A,it,748.38,779.02,49.9,52.6,962.9,100,0,0,6
2026-09-06T14:00:00Z,UPS-A2,HALL-A,it,761.56,792.61,50.8,52.5,961.8,100,0,0,6
2026-09-06T15:00:00Z,UPS-A2,HALL-A,it,747.38,777.99,49.8,52.4,960.7,100,0,0,6
2026-09-06T16:00:00Z,UPS-A2,HALL-A,it,705.0,734.29,47.0,50.3,921.2,100,0,0,6
2026-09-06T17:00:00Z,UPS-A2,HALL-A,it,706.19,735.51,47.1,48.4,886.9,100,0,0,6
2026-09-06T18:00:00Z,UPS-A2,HALL-A,it,678.39,706.88,45.2,48.2,883.9,100,0,0,6
2026-09-06T19:00:00Z,UPS-A2,HALL-A,it,682.86,711.48,45.5,50.4,923.0,100,0,0,6
2026-09-06T20:00:00Z,UPS-A2,HALL-A,it,728.56,758.6,48.6,52.6,962.6,100,0,0,6
2026-09-06T21:00:00Z,UPS-A2,HALL-A,it,762.43,793.51,50.8,52.6,964.1,100,0,0,6
2026-09-06T22:00:00Z,UPS-A2,HALL-A,it,740.33,770.72,49.4,52.6,963.0,100,0,0,6
2026-09-06T23:00:00Z,UPS-A2,HALL-A,it,765.11,796.27,51.0,52.7,965.8,100,0,0,6
2026-09-07T00:00:00Z,UPS-A2,HALL-A,it,768.06,799.32,51.2,52.8,966.4,100,0,0,6
2026-09-07T01:00:00Z,UPS-A2,HALL-A,it,735.29,765.52,49.0,52.7,966.0,100,0,0,6
2026-09-07T02:00:00Z,UPS-A2,HALL-A,it,699.93,729.08,46.7,50.5,924.1,100,0,0,6
2026-09-07T03:00:00Z,UPS-A2,HALL-A,it,727.68,757.68,48.5,50.8,929.0,100,0,0,6
2026-09-07T04:00:00Z,UPS-A2,HALL-A,it,712.5,742.05,47.5,50.6,928.3,100,0,0,6
2026-09-07T05:00:00Z,UPS-A2,HALL-A,it,753.8,784.6,50.3,52.7,966.7,100,0,0,6
2026-09-07T06:00:00Z,UPS-A2,HALL-A,it,726.15,756.11,48.4,50.3,920.2,100,0,0,6
2026-09-07T07:00:00Z,UPS-A2,HALL-A,it,714.17,743.77,47.6,50.6,925.5,100,0,0,6
2026-09-07T08:00:00Z,UPS-A2,HALL-A,it,729.85,759.92,48.7,50.9,931.1,100,0,0,6
2026-09-07T09:00:00Z,UPS-A2,HALL-A,it,745.45,776.01,49.7,51.8,947.6,100,0,0,6
2026-09-07T10:00:00Z,UPS-A2,HALL-A,it,773.61,805.06,51.6,53.0,971.5,100,0,0,6
2026-09-07T11:00:00Z,UPS-A2,HALL-A,it,755.25,786.12,50.3,53.0,970.6,100,0,0,6
2026-09-07T12:00:00Z,UPS-A2,HALL-A,it,760.16,791.17,50.7,52.9,968.0,100,0,0,6
2026-09-07T13:00:00Z,UPS-A2,HALL-A,it,765.4,796.57,51.0,52.9,968.8,100,0,0,6
2026-09-07T14:00:00Z,UPS-A2,HALL-A,it,747.55,778.16,49.8,53.1,973.8,100,0,0,6
2026-09-07T15:00:00Z,UPS-A2,HALL-A,it,768.24,799.49,51.2,53.1,974.1,100,0,0,6
2026-09-07T16:00:00Z,UPS-A2,HALL-A,it,776.53,808.03,51.8,53.2,974.0,100,0,0,6
2026-09-07T17:00:00Z,UPS-A2,HALL-A,it,771.95,803.31,51.5,53.2,973.4,100,0,0,6
2026-09-07T18:00:00Z,UPS-A2,HALL-A,it,762.34,793.41,50.8,53.2,973.9,100,0,0,6
2026-09-07T19:00:00Z,UPS-A2,HALL-A,it,691.1,719.98,46.1,50.8,929.5,100,0,0,6
2026-09-07T20:00:00Z,UPS-A2,HALL-A,it,708.48,737.91,47.2,48.2,883.4,100,0,0,6
2026-09-07T21:00:00Z,UPS-A2,HALL-A,it,705.97,735.33,47.1,48.3,885.1,100,0,0,6
2026-09-07T22:00:00Z,UPS-A2,HALL-A,it,723.63,753.51,48.2,50.5,925.7,100,0,0,6
2026-09-07T23:00:00Z,UPS-A2,HALL-A,it,764.39,795.52,51.0,53.2,975.3,100,0,0,6
2026-09-08T00:00:00Z,UPS-A2,HALL-A,it,774.48,805.91,51.6,53.2,975.1,100,0,0,6
2026-09-08T01:00:00Z,UPS-A2,HALL-A,it,778.71,810.28,51.9,53.2,973.9,100,0,0,6
2026-09-08T02:00:00Z,UPS-A2,HALL-A,it,771.32,802.67,51.4,53.2,974.0,100,0,0,6
2026-09-08T03:00:00Z,UPS-A2,HALL-A,it,758.73,789.69,50.6,53.3,976.2,100,0,0,6
2026-09-08T04:00:00Z,UPS-A2,HALL-A,it,773.88,805.33,51.6,53.4,979.0,100,0,0,6
2026-09-08T05:00:00Z,UPS-A2,HALL-A,it,769.02,800.32,51.3,53.4,978.1,100,0,0,6
2026-09-08T06:00:00Z,UPS-A2,HALL-A,it,775.8,807.31,51.7,53.8,986.1,100,0,0,6
2026-09-08T07:00:00Z,UPS-A2,HALL-A,it,783.54,815.26,52.2,53.8,986.2,100,0,0,6
2026-09-08T08:00:00Z,UPS-A2,HALL-A,it,768.86,800.14,51.3,53.8,986.4,100,0,0,6
2026-09-08T09:00:00Z,UPS-A2,HALL-A,it,767.77,799.02,51.2,53.7,982.6,100,0,0,6
2026-09-08T10:00:00Z,UPS-A2,HALL-A,it,764.37,795.5,51.0,53.8,984.6,100,0,0,6
2026-09-08T11:00:00Z,UPS-A2,HALL-A,it,777.17,808.7,51.8,53.6,982.0,100,0,0,6
2026-09-08T12:00:00Z,UPS-A2,HALL-A,it,775.98,807.47,51.7,53.6,981.9,100,0,0,6
2026-09-08T13:00:00Z,UPS-A2,HALL-A,it,763.61,794.74,50.9,53.6,982.7,100,0,0,6
2026-09-08T14:00:00Z,UPS-A2,HALL-A,it,765.85,797.04,51.1,53.7,982.5,100,0,0,6
2026-09-08T15:00:00Z,UPS-A2,HALL-A,it,722.79,752.64,48.2,51.4,940.6,100,0,0,6
2026-09-08T16:00:00Z,UPS-A2,HALL-A,it,730.08,760.17,48.7,51.3,938.8,100,0,0,6
2026-09-08T17:00:00Z,UPS-A2,HALL-A,it,745.37,775.93,49.7,51.3,939.7,100,0,0,6
2026-09-08T18:00:00Z,UPS-A2,HALL-A,it,728.68,758.71,48.6,51.4,941.5,100,0,0,6
2026-09-08T19:00:00Z,UPS-A2,HALL-A,it,743.83,774.33,49.6,53.7,984.3,100,0,0,6
2026-09-08T20:00:00Z,UPS-A2,HALL-A,it,777.64,809.19,51.8,53.7,983.6,100,0,0,6
2026-09-08T21:00:00Z,UPS-A2,HALL-A,it,763.44,794.56,50.9,53.7,983.7,100,0,0,6
2026-09-08T22:00:00Z,UPS-A2,HALL-A,it,751.69,782.43,50.1,53.5,981.3,100,0,0,6
2026-09-08T23:00:00Z,UPS-A2,HALL-A,it,758.88,789.85,50.6,53.5,979.1,100,0,0,6
2026-09-09T00:00:00Z,UPS-A2,HALL-A,it,759.78,790.78,50.7,53.7,983.4,100,0,0,6
2026-09-09T01:00:00Z,UPS-A2,HALL-A,it,764.43,795.58,51.0,53.9,987.6,100,0,0,6
2026-09-09T02:00:00Z,UPS-A2,HALL-A,it,781.15,812.81,52.1,53.9,988.7,100,0,0,6
2026-09-09T03:00:00Z,UPS-A2,HALL-A,it,746.7,777.3,49.8,53.9,988.7,100,0,0,6
2026-09-09T04:00:00Z,UPS-A2,HALL-A,it,726.96,756.94,48.5,51.0,934.6,100,0,0,6
2026-09-09T05:00:00Z,UPS-A2,HALL-A,it,730.86,760.95,48.7,51.0,934.0,100,0,0,6
2026-09-09T06:00:00Z,UPS-A2,HALL-A,it,705.54,734.86,47.0,48.7,891.6,100,0,0,6
2026-09-09T07:00:00Z,UPS-A2,HALL-A,it,711.11,740.6,47.4,48.6,891.6,100,0,0,6
2026-09-09T08:00:00Z,UPS-A2,HALL-A,it,684.94,713.63,45.7,49.0,896.3,100,0,0,6
2026-09-09T09:00:00Z,UPS-A2,HALL-A,it,701.18,730.37,46.7,48.8,892.9,100,0,0,6
2026-09-09T10:00:00Z,UPS-A2,HALL-A,it,710.43,739.9,47.4,48.8,893.2,100,0,0,6
2026-09-09T11:00:00Z,UPS-A2,HALL-A,it,714.33,743.93,47.6,51.5,943.1,100,0,0,6
2026-09-09T12:00:00Z,UPS-A2,HALL-A,it,753.56,784.37,50.2,54.0,988.2,100,0,0,6
2026-09-09T13:00:00Z,UPS-A2,HALL-A,it,781.42,813.08,52.1,53.9,989.6,100,0,0,6
2026-09-09T14:00:00Z,UPS-A2,HALL-A,it,773.52,804.94,51.6,53.9,987.6,100,0,0,6
2026-09-09T15:00:00Z,UPS-A2,HALL-A,it,764.52,795.66,51.0,53.7,984.2,100,0,0,6
2026-09-09T16:00:00Z,UPS-A2,HALL-A,it,746.74,777.32,49.8,53.3,977.5,100,0,0,6
2026-09-09T17:00:00Z,UPS-A2,HALL-A,it,761.4,792.46,50.8,53.4,977.9,100,0,0,6
2026-09-09T18:00:00Z,UPS-A2,HALL-A,it,777.46,809.01,51.8,53.4,979.5,100,0,0,6
2026-09-09T19:00:00Z,UPS-A2,HALL-A,it,756.58,787.48,50.4,53.4,977.7,100,0,0,6
2026-09-09T20:00:00Z,UPS-A2,HALL-A,it,776.0,807.5,51.7,53.4,978.0,100,0,0,6
2026-09-09T21:00:00Z,UPS-A2,HALL-A,it,747.29,777.92,49.8,51.3,941.7,100,0,0,6
2026-09-09T22:00:00Z,UPS-A2,HALL-A,it,712.57,742.12,47.5,48.7,892.6,100,0,0,6
2026-09-09T23:00:00Z,UPS-A2,HALL-A,it,710.92,740.42,47.4,48.7,892.8,100,0,0,6
2026-09-10T00:00:00Z,UPS-A2,HALL-A,it,708.55,737.97,47.2,48.7,892.6,100,0,0,6
2026-09-10T01:00:00Z,UPS-A2,HALL-A,it,694.13,723.1,46.3,48.7,892.8,100,0,0,6
2026-09-10T02:00:00Z,UPS-A2,HALL-A,it,721.97,751.79,48.1,51.2,938.0,100,0,0,6
2026-09-10T03:00:00Z,UPS-A2,HALL-A,it,744.41,774.92,49.6,51.2,937.6,100,0,0,6
2026-09-10T04:00:00Z,UPS-A2,HALL-A,it,742.84,773.3,49.5,51.2,938.0,100,0,0,6
2026-09-10T05:00:00Z,UPS-A2,HALL-A,it,725.9,755.86,48.4,51.2,938.7,100,0,0,6
2026-09-10T06:00:00Z,UPS-A2,HALL-A,it,765.24,796.42,51.0,53.0,970.9,100,0,0,6
2026-09-10T07:00:00Z,UPS-A2,HALL-A,it,754.55,785.39,50.3,53.0,971.1,100,0,0,6
2026-09-10T08:00:00Z,UPS-A2,HALL-A,it,768.46,799.72,51.2,52.9,969.2,100,0,0,6
2026-09-10T09:00:00Z,UPS-A2,HALL-A,it,766.64,797.85,51.1,52.9,969.9,100,0,0,6
2026-09-10T10:00:00Z,UPS-A2,HALL-A,it,712.57,742.12,47.5,50.8,931.0,100,0,0,6
2026-09-10T11:00:00Z,UPS-A2,HALL-A,it,682.38,710.97,45.5,48.4,886.1,100,0,0,6
2026-09-10T12:00:00Z,UPS-A2,HALL-A,it,682.74,711.35,45.5,48.4,886.0,100,0,0,6
2026-09-10T13:00:00Z,UPS-A2,HALL-A,it,667.46,695.61,44.5,46.8,856.8,100,0,0,6
2026-09-10T14:00:00Z,UPS-A2,HALL-A,it,713.57,743.14,47.6,50.7,928.2,100,0,0,6
2026-09-10T15:00:00Z,UPS-A2,HALL-A,it,734.03,764.23,48.9,50.5,925.7,100,0,0,6
2026-09-10T16:00:00Z,UPS-A2,HALL-A,it,709.53,738.97,47.3,50.5,925.4,100,0,0,6
2026-09-10T17:00:00Z,UPS-A2,HALL-A,it,694.06,723.02,46.3,48.6,890.1,100,0,0,6
2026-09-10T18:00:00Z,UPS-A2,HALL-A,it,722.33,752.18,48.2,50.9,931.8,100,0,0,6
2026-09-10T19:00:00Z,UPS-A2,HALL-A,it,732.65,762.81,48.8,51.6,945.7,100,0,0,6
2026-09-10T20:00:00Z,UPS-A2,HALL-A,it,759.59,790.59,50.6,52.8,967.5,100,0,0,6
2026-09-10T21:00:00Z,UPS-A2,HALL-A,it,744.68,775.22,49.6,52.8,965.6,100,0,0,6
2026-09-10T22:00:00Z,UPS-A2,HALL-A,it,731.6,761.73,48.8,50.8,929.9,100,0,0,6
2026-09-10T23:00:00Z,UPS-A2,HALL-A,it,731.67,761.81,48.8,50.6,927.9,100,0,0,6
2026-09-11T00:00:00Z,UPS-A2,HALL-A,it,720.49,750.27,48.0,50.5,924.6,100,0,0,6
2026-09-11T01:00:00Z,UPS-A2,HALL-A,it,731.33,761.44,48.8,50.5,924.7,100,0,0,6
2026-09-11T02:00:00Z,UPS-A2,HALL-A,it,726.02,755.98,48.4,50.9,931.0,100,0,0,6
2026-09-11T03:00:00Z,UPS-A2,HALL-A,it,765.95,797.13,51.1,53.2,972.8,100,0,0,6
2026-09-11T04:00:00Z,UPS-A2,HALL-A,it,761.15,792.19,50.7,53.2,973.4,100,0,0,6
2026-09-11T05:00:00Z,UPS-A2,HALL-A,it,705.29,734.6,47.0,50.9,932.5,100,0,0,6
2026-09-11T06:00:00Z,UPS-A2,HALL-A,it,727.42,757.42,48.5,50.9,931.4,100,0,0,6
2026-09-11T07:00:00Z,UPS-A2,HALL-A,it,722.05,751.89,48.1,50.9,930.9,100,0,0,6
2026-09-11T08:00:00Z,UPS-A2,HALL-A,it,736.22,766.5,49.1,50.8,931.8,100,0,0,6
2026-09-11T09:00:00Z,UPS-A2,HALL-A,it,708.65,738.08,47.2,50.8,930.7,100,0,0,6
2026-09-11T10:00:00Z,UPS-A2,HALL-A,it,721.95,751.78,48.1,50.4,922.9,100,0,0,6
2026-09-11T11:00:00Z,UPS-A2,HALL-A,it,728.43,758.47,48.6,50.3,923.0,100,0,0,6
2026-09-11T12:00:00Z,UPS-A2,HALL-A,it,733.43,763.62,48.9,52.6,964.6,100,0,0,6
2026-09-11T13:00:00Z,UPS-A2,HALL-A,it,749.23,779.9,49.9,52.8,967.6,100,0,0,6
2026-09-11T14:00:00Z,UPS-A2,HALL-A,it,746.31,776.9,49.8,52.8,967.3,100,0,0,6
2026-09-11T15:00:00Z,UPS-A2,HALL-A,it,753.86,784.68,50.3,53.1,973.1,100,0,0,6
2026-09-11T16:00:00Z,UPS-A2,HALL-A,it,748.82,779.47,49.9,53.5,980.7,100,0,0,6
2026-09-11T17:00:00Z,UPS-A2,HALL-A,it,761.69,792.75,50.8,53.5,979.3,100,0,0,6
2026-09-11T18:00:00Z,UPS-A2,HALL-A,it,754.07,784.9,50.3,53.5,980.7,100,0,0,6
2026-09-11T19:00:00Z,UPS-A2,HALL-A,it,716.62,746.29,47.8,51.1,935.3,100,0,0,6
2026-09-11T20:00:00Z,UPS-A2,HALL-A,it,701.49,730.7,46.8,48.9,895.3,100,0,0,6
2026-09-11T21:00:00Z,UPS-A2,HALL-A,it,694.65,723.64,46.3,48.9,895.3,100,0,0,6
2026-09-11T22:00:00Z,UPS-A2,HALL-A,it,670.53,698.78,44.7,46.5,853.3,100,0,0,6
2026-09-11T23:00:00Z,UPS-A2,HALL-A,it,709.13,738.57,47.3,51.1,935.1,100,0,0,6
2026-09-12T00:00:00Z,UPS-A2,HALL-A,it,730.92,761.03,48.7,50.9,931.5,100,0,0,6
2026-09-12T01:00:00Z,UPS-A2,HALL-A,it,738.31,768.65,49.2,52.8,967.7,100,0,0,6
2026-09-12T02:00:00Z,UPS-A2,HALL-A,it,720.87,750.66,48.1,50.5,927.2,100,0,0,6
2026-09-12T03:00:00Z,UPS-A2,HALL-A,it,679.45,707.96,45.3,48.4,888.9,100,0,0,6
2026-09-12T04:00:00Z,UPS-A2,HALL-A,it,694.06,723.03,46.3,49.0,895.4,100,0,0,6
2026-09-12T05:00:00Z,UPS-A2,HALL-A,it,700.97,730.14,46.7,48.2,883.4,100,0,0,6
2026-09-12T06:00:00Z,UPS-A2,HALL-A,it,693.3,722.24,46.2,49.3,902.5,100,0,0,6
2026-09-12T07:00:00Z,UPS-A2,HALL-A,it,700.0,729.14,46.7,50.8,929.9,100,0,0,6
2026-09-12T08:00:00Z,UPS-A2,HALL-A,it,711.29,740.8,47.4,49.5,905.1,100,0,0,6
2026-09-12T09:00:00Z,UPS-A2,HALL-A,it,716.15,745.8,47.7,50.6,925.9,100,0,0,6
2026-09-12T10:00:00Z,UPS-A2,HALL-A,it,682.93,711.55,45.5,48.7,891.8,100,0,0,6
2026-09-12T11:00:00Z,UPS-A2,HALL-A,it,701.66,730.86,46.8,49.7,910.0,100,0,0,6
2026-09-12T12:00:00Z,UPS-A2,HALL-A,it,724.28,754.19,48.3,50.8,931.1,100,0,0,6
2026-09-12T13:00:00Z,UPS-A2,HALL-A,it,693.37,722.32,46.2,48.6,888.6,100,0,0,6
2026-09-12T14:00:00Z,UPS-A2,HALL-A,it,705.3,734.61,47.0,49.2,900.2,100,0,0,6
2026-09-12T15:00:00Z,UPS-A2,HALL-A,it,741.69,772.13,49.4,52.2,954.0,100,0,0,6
2026-09-12T16:00:00Z,UPS-A2,HALL-A,it,712.97,742.52,47.5,50.9,932.1,100,0,0,6
2026-09-12T17:00:00Z,UPS-A2,HALL-A,it,682.4,711.0,45.5,50.5,925.4,100,0,0,6
2026-09-12T18:00:00Z,UPS-A2,HALL-A,it,709.36,738.79,47.3,50.5,924.9,100,0,0,6
2026-09-12T19:00:00Z,UPS-A2,HALL-A,it,717.66,747.35,47.8,50.5,925.4,100,0,0,6
2026-09-12T20:00:00Z,UPS-A2,HALL-A,it,728.2,758.21,48.6,50.5,925.3,100,0,0,6
2026-09-12T21:00:00Z,UPS-A2,HALL-A,it,731.33,761.44,48.8,50.5,926.0,100,0,0,6
2026-09-12T22:00:00Z,UPS-A2,HALL-A,it,734.23,764.43,49.0,50.5,925.4,100,0,0,6
2026-09-12T23:00:00Z,UPS-A2,HALL-A,it,721.07,750.86,48.1,50.5,925.5,100,0,0,6
2026-09-13T00:00:00Z,UPS-A2,HALL-A,it,722.53,752.38,48.2,50.5,923.4,100,0,0,6
2026-09-13T01:00:00Z,UPS-A2,HALL-A,it,727.67,757.68,48.5,50.3,921.3,100,0,0,6
2026-09-13T02:00:00Z,UPS-A2,HALL-A,it,733.95,764.15,48.9,50.3,922.0,100,0,0,6
2026-09-13T03:00:00Z,UPS-A2,HALL-A,it,724.62,754.52,48.3,50.3,921.7,100,0,0,6
2026-09-13T04:00:00Z,UPS-A2,HALL-A,it,729.96,760.03,48.7,52.5,961.2,100,0,0,6
2026-09-13T05:00:00Z,UPS-A2,HALL-A,it,760.8,791.81,50.7,52.5,961.9,100,0,0,6
2026-09-13T06:00:00Z,UPS-A2,HALL-A,it,748.61,779.25,49.9,52.7,965.2,100,0,0,6
2026-09-13T07:00:00Z,UPS-A2,HALL-A,it,757.99,788.94,50.5,52.8,968.0,100,0,0,6
2026-09-13T08:00:00Z,UPS-A2,HALL-A,it,766.87,798.09,51.1,52.8,968.6,100,0,0,6
2026-09-13T09:00:00Z,UPS-A2,HALL-A,it,768.25,799.52,51.2,52.8,966.9,100,0,0,6
2026-09-13T10:00:00Z,UPS-A2,HALL-A,it,749.8,780.5,50.0,52.8,965.3,100,0,0,6
2026-09-13T11:00:00Z,UPS-A2,HALL-A,it,754.48,785.32,50.3,52.7,965.4,100,0,0,6
2026-09-13T12:00:00Z,UPS-A2,HALL-A,it,743.9,774.42,49.6,52.7,966.0,100,0,0,6
2026-09-13T13:00:00Z,UPS-A2,HALL-A,it,722.97,752.84,48.2,50.8,930.5,100,0,0,6
2026-09-13T14:00:00Z,UPS-A2,HALL-A,it,702.06,731.28,46.8,48.7,892.7,100,0,0,6
2026-09-13T15:00:00Z,UPS-A2,HALL-A,it,683.27,711.91,45.6,47.4,867.5,100,0,0,6
2026-09-13T16:00:00Z,UPS-A2,HALL-A,it,704.82,734.1,47.0,48.8,893.1,100,0,0,6
2026-09-13T17:00:00Z,UPS-A2,HALL-A,it,731.54,761.65,48.8,50.9,932.6,100,0,0,6
2026-09-13T18:00:00Z,UPS-A2,HALL-A,it,770.15,801.47,51.3,53.5,979.2,100,0,0,6
2026-09-13T19:00:00Z,UPS-A2,HALL-A,it,769.9,801.21,51.3,53.5,979.9,100,0,0,6
2026-09-13T20:00:00Z,UPS-A2,HALL-A,it,763.54,794.65,50.9,53.5,979.1,100,0,0,6
2026-09-13T21:00:00Z,UPS-A2,HALL-A,it,777.33,808.85,51.8,53.4,979.0,100,0,0,6
2026-09-13T22:00:00Z,UPS-A2,HALL-A,it,778.85,810.45,51.9,53.4,978.0,100,0,0,6
2026-09-13T23:00:00Z,UPS-A2,HALL-A,it,769.5,800.79,51.3,53.4,978.0,100,0,0,6
2026-09-14T00:00:00Z,UPS-A2,HALL-A,it,705.1,734.4,47.0,51.1,933.7,100,0,0,6
2026-09-14T01:00:00Z,UPS-A2,HALL-A,it,709.96,739.42,47.3,49.4,902.5,100,0,0,6
2026-09-14T02:00:00Z,UPS-A2,HALL-A,it,719.34,749.08,48.0,50.7,929.7,100,0,0,6
2026-09-14T03:00:00Z,UPS-A2,HALL-A,it,741.38,771.82,49.4,50.7,929.1,100,0,0,6
2026-09-14T04:00:00Z,UPS-A2,HALL-A,it,756.35,787.23,50.4,53.1,972.9,100,0,0,6
2026-09-14T05:00:00Z,UPS-A2,HALL-A,it,749.81,780.51,50.0,52.5,962.6,100,0,0,6
2026-09-14T06:00:00Z,UPS-A2,HALL-A,it,764.5,795.64,51.0,52.8,968.7,100,0,0,6
2026-09-14T07:00:00Z,UPS-A2,HALL-A,it,768.48,799.75,51.2,52.8,967.7,100,0,0,6
2026-09-14T08:00:00Z,UPS-A2,HALL-A,it,719.65,749.42,48.0,50.8,930.5,100,0,0,6
2026-09-14T09:00:00Z,UPS-A2,HALL-A,it,719.06,748.81,47.9,50.8,931.5,100,0,0,6
2026-09-14T10:00:00Z,UPS-A2,HALL-A,it,694.18,723.16,46.3,48.0,879.9,100,0,0,6
2026-09-14T11:00:00Z,UPS-A2,HALL-A,it,687.04,715.8,45.8,48.1,882.1,100,0,0,6
2026-09-14T12:00:00Z,UPS-A2,HALL-A,it,715.35,744.98,47.7,50.5,924.8,100,0,0,6
2026-09-14T13:00:00Z,UPS-A2,HALL-A,it,752.74,783.53,50.2,52.8,967.5,100,0,0,6
2026-09-14T14:00:00Z,UPS-A2,HALL-A,it,758.14,789.1,50.5,52.8,966.5,100,0,0,6
2026-09-14T15:00:00Z,UPS-A2,HALL-A,it,767.74,798.98,51.2,52.7,966.0,100,0,0,6
2026-09-14T16:00:00Z,UPS-A2,HALL-A,it,774.64,806.1,51.6,53.1,972.8,100,0,0,6
2026-09-14T17:00:00Z,UPS-A2,HALL-A,it,773.11,804.51,51.5,53.1,973.5,100,0,0,6
2026-09-14T18:00:00Z,UPS-A2,HALL-A,it,774.5,805.95,51.6,53.1,973.6,100,0,0,6
2026-09-14T19:00:00Z,UPS-A2,HALL-A,it,776.37,807.87,51.8,53.1,972.5,100,0,0,6
2026-09-14T20:00:00Z,UPS-A2,HALL-A,it,771.23,802.58,51.4,53.1,973.2,100,0,0,6
2026-09-14T21:00:00Z,UPS-A2,HALL-A,it,773.53,804.94,51.6,53.1,973.2,100,0,0,6
2026-09-14T22:00:00Z,UPS-A2,HALL-A,it,780.3,811.93,52.0,53.1,972.9,100,0,0,6
2026-09-14T23:00:00Z,UPS-A2,HALL-A,it,773.38,804.78,51.6,53.1,973.9,100,0,0,6
2026-09-15T00:00:00Z,UPS-A2,HALL-A,it,765.29,796.46,51.0,53.4,977.8,100,0,0,6
2026-09-15T01:00:00Z,UPS-A2,HALL-A,it,770.47,801.8,51.4,53.6,980.8,100,0,0,6
2026-09-15T02:00:00Z,UPS-A2,HALL-A,it,781.83,813.5,52.1,53.6,981.9,100,0,0,6
2026-09-15T03:00:00Z,UPS-A2,HALL-A,it,760.54,791.57,50.7,53.7,983.5,100,0,0,6
2026-09-15T04:00:00Z,UPS-A2,HALL-A,it,787.79,819.63,52.5,53.8,986.1,100,0,0,6
2026-09-15T05:00:00Z,UPS-A2,HALL-A,it,775.76,807.25,51.7,53.8,986.4,100,0,0,6
2026-09-15T06:00:00Z,UPS-A2,HALL-A,it,773.55,804.98,51.6,53.7,982.8,100,0,0,6
2026-09-15T07:00:00Z,UPS-A2,HALL-A,it,762.93,794.04,50.9,53.7,982.4,100,0,0,6
2026-09-15T08:00:00Z,UPS-A2,HALL-A,it,779.17,810.76,51.9,53.6,981.7,100,0,0,6
2026-09-15T09:00:00Z,UPS-A2,HALL-A,it,748.57,779.22,49.9,53.5,981.0,100,0,0,6
2026-09-15T10:00:00Z,UPS-A2,HALL-A,it,742.33,772.79,49.5,51.1,936.4,100,0,0,6
2026-09-15T11:00:00Z,UPS-A2,HALL-A,it,773.05,804.47,51.5,53.2,974.8,100,0,0,6
2026-09-15T12:00:00Z,UPS-A2,HALL-A,it,760.85,791.9,50.7,53.2,975.9,100,0,0,6
2026-09-15T13:00:00Z,UPS-A2,HALL-A,it,732.24,762.39,48.8,52.9,968.0,100,0,0,6
2026-09-15T14:00:00Z,UPS-A2,HALL-A,it,767.1,798.32,51.1,53.0,971.1,100,0,0,6
2026-09-15T15:00:00Z,UPS-A2,HALL-A,it,753.49,784.28,50.2,53.0,970.8,100,0,0,6
2026-09-15T16:00:00Z,UPS-A2,HALL-A,it,743.73,774.23,49.6,52.7,964.9,100,0,0,6
2026-09-15T17:00:00Z,UPS-A2,HALL-A,it,760.3,791.31,50.7,53.1,972.0,100,0,0,6
2026-09-15T18:00:00Z,UPS-A2,HALL-A,it,739.65,770.02,49.3,53.0,970.7,100,0,0,6
2026-09-15T19:00:00Z,UPS-A2,HALL-A,it,741.0,771.42,49.4,51.7,948.1,100,0,0,6
2026-09-15T20:00:00Z,UPS-A2,HALL-A,it,764.46,795.6,51.0,53.2,974.0,100,0,0,6
2026-09-15T21:00:00Z,UPS-A2,HALL-A,it,750.92,781.64,50.1,53.2,974.0,100,0,0,6
2026-09-15T22:00:00Z,UPS-A2,HALL-A,it,752.45,783.23,50.2,53.0,969.7,100,0,0,6
2026-09-15T23:00:00Z,UPS-A2,HALL-A,it,749.23,779.91,49.9,52.6,963.5,100,0,0,6
2026-09-16T00:00:00Z,UPS-A2,HALL-A,it,749.65,780.34,50.0,52.5,962.9,100,0,0,6
2026-09-16T01:00:00Z,UPS-A2,HALL-A,it,769.43,800.72,51.3,53.0,970.3,100,0,0,6
2026-09-16T02:00:00Z,UPS-A2,HALL-A,it,770.37,801.68,51.4,52.9,969.2,100,0,0,6
2026-09-16T03:00:00Z,UPS-A2,HALL-A,it,771.21,802.55,51.4,52.9,970.6,100,0,0,6
2026-09-16T04:00:00Z,UPS-A2,HALL-A,it,714.37,743.97,47.6,52.9,968.6,100,0,0,6
2026-09-16T05:00:00Z,UPS-A2,HALL-A,it,733.9,764.1,48.9,50.7,929.2,100,0,0,6
2026-09-16T06:00:00Z,UPS-A2,HALL-A,it,731.01,761.11,48.7,50.7,928.2,100,0,0,6
2026-09-16T07:00:00Z,UPS-A2,HALL-A,it,737.73,768.06,49.2,53.1,972.4,100,0,0,6
2026-09-16T08:00:00Z,UPS-A2,HALL-A,it,769.74,801.04,51.3,53.1,972.9,100,0,0,6
2026-09-16T09:00:00Z,UPS-A2,HALL-A,it,743.44,773.93,49.6,53.1,973.0,100,0,0,6
2026-09-16T10:00:00Z,UPS-A2,HALL-A,it,742.11,772.57,49.5,51.1,937.2,100,0,0,6
2026-09-16T11:00:00Z,UPS-A2,HALL-A,it,731.85,761.99,48.8,51.1,936.4,100,0,0,6
2026-09-16T12:00:00Z,UPS-A2,HALL-A,it,740.74,771.15,49.4,51.1,935.9,100,0,0,6
2026-09-16T13:00:00Z,UPS-A2,HALL-A,it,688.94,717.75,45.9,51.1,936.8,100,0,0,6
2026-09-16T14:00:00Z,UPS-A2,HALL-A,it,643.5,670.88,42.9,46.6,854.2,100,0,0,6
2026-09-16T15:00:00Z,UPS-A2,HALL-A,it,701.36,730.54,46.8,48.9,897.4,100,0,0,6
2026-09-16T16:00:00Z,UPS-A2,HALL-A,it,692.97,721.9,46.2,51.4,941.8,100,0,0,6
2026-09-16T17:00:00Z,UPS-A2,HALL-A,it,739.19,769.55,49.3,51.5,944.2,100,0,0,6
2026-09-16T18:00:00Z,UPS-A2,HALL-A,it,741.33,771.75,49.4,54.5,997.4,100,0,0,6
2026-09-16T19:00:00Z,UPS-A2,HALL-A,it,791.38,823.37,52.8,54.5,999.8,100,0,0,6
2026-09-16T20:00:00Z,UPS-A2,HALL-A,it,791.6,823.58,52.8,54.6,1000.0,100,0,0,6
2026-09-16T21:00:00Z,UPS-A2,HALL-A,it,778.04,809.61,51.9,54.8,1003.7,100,0,0,6
2026-09-16T22:00:00Z,UPS-A2,HALL-A,it,781.54,813.21,52.1,54.8,1003.9,100,0,0,6
2026-09-16T23:00:00Z,UPS-A2,HALL-A,it,763.59,794.72,50.9,52.6,965.0,100,0,0,6
2026-09-17T00:00:00Z,UPS-A2,HALL-A,it,773.85,805.29,51.6,54.7,1002.4,100,0,0,6
2026-09-17T01:00:00Z,UPS-A2,HALL-A,it,792.57,824.59,52.8,54.8,1002.9,100,0,0,6
2026-09-17T02:00:00Z,UPS-A2,HALL-A,it,764.37,795.51,51.0,53.1,974.8,100,0,0,6
2026-09-17T03:00:00Z,UPS-A2,HALL-A,it,757.88,788.82,50.5,52.4,960.0,100,0,0,6
2026-09-17T04:00:00Z,UPS-A2,HALL-A,it,758.29,789.24,50.6,52.5,960.5,100,0,0,6
2026-09-17T05:00:00Z,UPS-A2,HALL-A,it,766.35,797.55,51.1,54.6,1001.5,100,0,0,6
2026-09-17T06:00:00Z,UPS-A2,HALL-A,it,772.85,804.26,51.5,54.6,1000.3,100,0,0,6
2026-09-17T07:00:00Z,UPS-A2,HALL-A,it,776.19,807.69,51.7,54.4,996.8,100,0,0,6
2026-09-17T08:00:00Z,UPS-A2,HALL-A,it,782.26,813.96,52.1,54.1,990.7,100,0,0,6
2026-09-17T09:00:00Z,UPS-A2,HALL-A,it,733.58,763.76,48.9,54.1,988.4,100,0,0,6
2026-09-17T10:00:00Z,UPS-A2,HALL-A,it,767.69,798.93,51.2,54.6,1000.5,100,0,0,6
2026-09-17T11:00:00Z,UPS-A2,HALL-A,it,770.75,802.1,51.4,54.6,1000.2,100,0,0,6
2026-09-17T12:00:00Z,UPS-A2,HALL-A,it,784.73,816.51,52.3,54.3,994.9,100,0,0,6
2026-09-17T13:00:00Z,UPS-A2,HALL-A,it,766.34,797.55,51.1,54.3,993.4,100,0,0,6
2026-09-17T14:00:00Z,UPS-A2,HALL-A,it,779.19,810.78,51.9,53.7,983.9,100,0,0,6
2026-09-17T15:00:00Z,UPS-A2,HALL-A,it,732.95,763.12,48.9,51.2,938.3,100,0,0,6
2026-09-17T16:00:00Z,UPS-A2,HALL-A,it,692.63,721.55,46.2,48.5,889.3,100,0,0,6
2026-09-17T17:00:00Z,UPS-A2,HALL-A,it,728.42,758.45,48.6,51.1,936.9,100,0,0,6
2026-09-17T18:00:00Z,UPS-A2,HALL-A,it,755.11,785.97,50.3,53.5,978.1,100,0,0,6
2026-09-17T19:00:00Z,UPS-A2,HALL-A,it,770.15,801.48,51.3,53.5,979.7,100,0,0,6
2026-09-17T20:00:00Z,UPS-A2,HALL-A,it,770.63,801.98,51.4,53.9,987.7,100,0,0,6
2026-09-17T21:00:00Z,UPS-A2,HALL-A,it,748.53,779.18,49.9,51.7,946.9,100,0,0,6
2026-09-17T22:00:00Z,UPS-A2,HALL-A,it,684.38,713.06,45.6,48.7,893.4,100,0,0,6
2026-09-17T23:00:00Z,UPS-A2,HALL-A,it,704.31,733.61,47.0,51.1,934.8,100,0,0,6
2026-09-18T00:00:00Z,UPS-A2,HALL-A,it,731.14,761.27,48.7,53.7,983.1,100,0,0,6
2026-09-18T01:00:00Z,UPS-A2,HALL-A,it,778.72,810.3,51.9,53.7,984.2,100,0,0,6
2026-09-18T02:00:00Z,UPS-A2,HALL-A,it,777.56,809.11,51.8,53.7,984.7,100,0,0,6
2026-09-18T03:00:00Z,UPS-A2,HALL-A,it,756.49,787.38,50.4,53.7,983.4,100,0,0,6
2026-09-18T04:00:00Z,UPS-A2,HALL-A,it,735.49,765.73,49.0,52.0,952.6,100,0,0,6
2026-09-18T05:00:00Z,UPS-A2,HALL-A,it,750.77,781.49,50.1,52.0,953.3,100,0,0,6
2026-09-18T06:00:00Z,UPS-A2,HALL-A,it,749.84,780.52,50.0,52.0,953.6,100,0,0,6
2026-09-18T07:00:00Z,UPS-A2,HALL-A,it,741.75,772.19,49.5,52.0,953.7,100,0,0,6
2026-09-18T08:00:00Z,UPS-A2,HALL-A,it,711.52,741.03,47.4,52.1,952.9,100,0,0,6
2026-09-18T09:00:00Z,UPS-A2,HALL-A,it,750.98,781.71,50.1,52.2,955.1,100,0,0,6
2026-09-18T10:00:00Z,UPS-A2,HALL-A,it,710.66,740.14,47.4,49.8,911.8,100,0,0,6
2026-09-18T11:00:00Z,UPS-A2,HALL-A,it,708.06,737.46,47.2,50.2,919.7,100,0,0,6
2026-09-18T12:00:00Z,UPS-A2,HALL-A,it,759.86,790.87,50.7,54.7,1002.3,100,0,0,6
2026-09-18T13:00:00Z,UPS-A2,HALL-A,it,796.38,828.52,53.1,54.7,1002.5,100,0,0,6
2026-09-18T14:00:00Z,UPS-A2,HALL-A,it,793.42,825.46,52.9,54.7,1003.3,100,0,0,6
2026-09-18T15:00:00Z,UPS-A2,HALL-A,it,792.89,824.92,52.9,54.7,1003.2,100,0,0,6
2026-09-18T16:00:00Z,UPS-A2,HALL-A,it,798.4,830.59,53.2,54.7,1002.4,100,0,0,6
2026-09-18T17:00:00Z,UPS-A2,HALL-A,it,790.68,822.64,52.7,54.7,1002.6,100,0,0,6
2026-09-18T18:00:00Z,UPS-A2,HALL-A,it,756.41,787.31,50.4,52.1,954.8,100,0,0,6
2026-09-18T19:00:00Z,UPS-A2,HALL-A,it,747.62,778.25,49.8,52.2,956.3,100,0,0,6
2026-09-18T20:00:00Z,UPS-A2,HALL-A,it,762.15,793.21,50.8,53.1,972.2,100,0,0,6
2026-09-18T21:00:00Z,UPS-A2,HALL-A,it,798.27,830.46,53.2,54.8,1004.0,100,0,0,6
2026-09-18T22:00:00Z,UPS-A2,HALL-A,it,768.4,799.67,51.2,54.8,1002.3,100,0,0,6
2026-09-18T23:00:00Z,UPS-A2,HALL-A,it,788.36,820.25,52.6,54.7,1002.4,100,0,0,6
2026-09-19T00:00:00Z,UPS-A2,HALL-A,it,791.45,823.42,52.8,54.4,997.3,100,0,0,6
2026-09-19T01:00:00Z,UPS-A2,HALL-A,it,775.2,806.66,51.7,54.4,997.3,100,0,0,6
2026-09-19T02:00:00Z,UPS-A2,HALL-A,it,771.54,802.9,51.4,54.3,994.7,100,0,0,6
2026-09-19T03:00:00Z,UPS-A2,HALL-A,it,788.61,820.48,52.6,54.2,994.8,100,0,0,6
2026-09-19T04:00:00Z,UPS-A2,HALL-A,it,778.7,810.28,51.9,54.1,992.6,100,0,0,6
2026-09-19T05:00:00Z,UPS-A2,HALL-A,it,754.68,785.54,50.3,54.1,990.9,100,0,0,6
2026-09-19T06:00:00Z,UPS-A2,HALL-A,it,747.95,778.57,49.9,51.4,942.9,100,0,0,6
2026-09-19T07:00:00Z,UPS-A2,HALL-A,it,783.21,814.92,52.2,53.8,986.3,100,0,0,6
2026-09-19T08:00:00Z,UPS-A2,HALL-A,it,767.08,798.28,51.1,53.8,984.1,100,0,0,6
2026-09-19T09:00:00Z,UPS-A2,HALL-A,it,752.54,783.29,50.2,52.4,959.6,100,0,0,6
2026-09-19T10:00:00Z,UPS-A2,HALL-A,it,784.35,816.1,52.3,53.5,981.2,100,0,0,6
2026-09-19T11:00:00Z,UPS-A2,HALL-A,it,776.28,807.78,51.8,53.5,980.7,100,0,0,6
2026-09-19T12:00:00Z,UPS-A2,HALL-A,it,761.55,792.59,50.8,53.5,979.8,100,0,0,6
2026-09-19T13:00:00Z,UPS-A2,HALL-A,it,723.44,753.33,48.2,51.4,940.6,100,0,0,6
2026-09-19T14:00:00Z,UPS-A2,HALL-A,it,682.69,711.3,45.5,48.5,890.0,100,0,0,6
2026-09-19T15:00:00Z,UPS-A2,HALL-A,it,760.24,791.27,50.7,53.6,982.5,100,0,0,6
2026-09-19T16:00:00Z,UPS-A2,HALL-A,it,766.71,797.92,51.1,53.6,983.2,100,0,0,6
2026-09-19T17:00:00Z,UPS-A2,HALL-A,it,775.87,807.38,51.7,53.6,983.4,100,0,0,6
2026-09-19T18:00:00Z,UPS-A2,HALL-A,it,767.8,799.04,51.2,53.6,980.8,100,0,0,6
2026-09-19T19:00:00Z,UPS-A2,HALL-A,it,777.9,809.45,51.9,53.4,978.0,100,0,0,6
2026-09-19T20:00:00Z,UPS-A2,HALL-A,it,777.72,809.26,51.8,53.4,978.5,100,0,0,6
2026-09-19T21:00:00Z,UPS-A2,HALL-A,it,771.51,802.89,51.4,53.4,979.2,100,0,0,6
2026-09-19T22:00:00Z,UPS-A2,HALL-A,it,771.77,803.13,51.5,53.7,983.5,100,0,0,6
2026-09-19T23:00:00Z,UPS-A2,HALL-A,it,786.06,817.87,52.4,53.7,984.7,100,0,0,6
2026-09-20T00:00:00Z,UPS-A2,HALL-A,it,764.21,795.34,50.9,54.0,989.1,100,0,0,6
2026-09-20T01:00:00Z,UPS-A2,HALL-A,it,780.29,811.91,52.0,54.0,989.1,100,0,0,6
2026-09-20T02:00:00Z,UPS-A2,HALL-A,it,741.23,771.64,49.4,51.5,943.2,100,0,0,6
2026-09-20T03:00:00Z,UPS-A2,HALL-A,it,737.98,768.31,49.2,51.5,943.4,100,0,0,6
2026-09-20T04:00:00Z,UPS-A2,HALL-A,it,777.42,808.97,51.8,53.9,987.4,100,0,0,6
2026-09-20T05:00:00Z,UPS-A2,HALL-A,it,776.89,808.42,51.8,54.0,988.4,100,0,0,6
2026-09-20T06:00:00Z,UPS-A2,HALL-A,it,783.09,814.8,52.2,54.0,989.9,100,0,0,6
2026-09-20T07:00:00Z,UPS-A2,HALL-A,it,758.31,789.27,50.6,53.9,988.1,100,0,0,6
2026-09-20T08:00:00Z,UPS-A2,HALL-A,it,784.07,815.82,52.3,54.0,988.0,100,0,0,6
2026-09-20T09:00:00Z,UPS-A2,HALL-A,it,782.48,814.17,52.2,54.0,988.8,100,0,0,6
2026-09-20T10:00:00Z,UPS-A2,HALL-A,it,770.41,801.74,51.4,53.9,987.9,100,0,0,6
2026-09-20T11:00:00Z,UPS-A2,HALL-A,it,784.14,815.89,52.3,53.9,987.8,100,0,0,6
2026-09-20T12:00:00Z,UPS-A2,HALL-A,it,781.07,812.73,52.1,53.9,988.3,100,0,0,6
2026-09-20T13:00:00Z,UPS-A2,HALL-A,it,785.59,817.39,52.4,53.9,987.4,100,0,0,6
2026-09-20T14:00:00Z,UPS-A2,HALL-A,it,786.88,818.72,52.5,53.9,988.5,100,0,0,6
2026-09-20T15:00:00Z,UPS-A2,HALL-A,it,780.64,812.28,52.0,54.0,988.0,100,0,0,6
2026-09-20T16:00:00Z,UPS-A2,HALL-A,it,758.14,789.09,50.5,53.9,988.6,100,0,0,6
2026-09-20T17:00:00Z,UPS-A2,HALL-A,it,754.23,785.05,50.3,53.5,980.0,100,0,0,6
2026-09-20T18:00:00Z,UPS-A2,HALL-A,it,736.06,766.33,49.1,50.9,931.7,100,0,0,6
2026-09-20T19:00:00Z,UPS-A2,HALL-A,it,743.05,773.53,49.5,50.9,932.2,100,0,0,6
2026-09-20T20:00:00Z,UPS-A2,HALL-A,it,745.13,775.69,49.7,51.0,934.1,100,0,0,6
2026-09-20T21:00:00Z,UPS-A2,HALL-A,it,722.36,752.2,48.2,51.0,934.2,100,0,0,6
2026-09-20T22:00:00Z,UPS-A2,HALL-A,it,727.09,757.07,48.5,51.0,934.0,100,0,0,6
2026-09-20T23:00:00Z,UPS-A2,HALL-A,it,738.6,768.93,49.2,50.8,929.9,100,0,0,6
2026-09-21T00:00:00Z,UPS-A2,HALL-A,it,706.12,735.48,47.1,50.7,927.9,100,0,0,6
2026-09-21T01:00:00Z,UPS-A2,HALL-A,it,736.65,766.95,49.1,50.6,927.6,100,0,0,6
2026-09-21T02:00:00Z,UPS-A2,HALL-A,it,730.0,760.09,48.7,50.6,927.1,100,0,0,6
2026-09-21T03:00:00Z,UPS-A2,HALL-A,it,721.51,751.32,48.1,50.7,928.7,100,0,0,6
2026-09-21T04:00:00Z,UPS-A2,HALL-A,it,738.13,768.47,49.2,51.4,940.8,100,0,0,6
2026-09-21T05:00:00Z,UPS-A2,HALL-A,it,739.36,769.74,49.3,50.8,931.2,100,0,0,6
2026-09-21T06:00:00Z,UPS-A2,HALL-A,it,776.14,807.65,51.7,53.2,974.8,100,0,0,6
2026-09-21T07:00:00Z,UPS-A2,HALL-A,it,743.32,773.82,49.6,53.2,973.5,100,0,0,6
2026-09-21T08:00:00Z,UPS-A2,HALL-A,it,720.08,749.86,48.0,51.0,935.8,100,0,0,6
2026-09-21T09:00:00Z,UPS-A2,HALL-A,it,715.48,745.11,47.7,50.5,926.4,100,0,0,6
2026-09-21T10:00:00Z,UPS-A2,HALL-A,it,722.77,752.64,48.2,50.6,926.0,100,0,0,6
2026-09-21T11:00:00Z,UPS-A2,HALL-A,it,720.54,750.32,48.0,50.6,926.3,100,0,0,6
2026-09-21T12:00:00Z,UPS-A2,HALL-A,it,734.91,765.15,49.0,50.7,927.1,100,0,0,6
2026-09-21T13:00:00Z,UPS-A2,HALL-A,it,739.11,769.48,49.3,50.7,927.4,100,0,0,6
2026-09-21T14:00:00Z,UPS-A2,HALL-A,it,726.85,756.83,48.5,50.6,927.1,100,0,0,6
2026-09-21T15:00:00Z,UPS-A2,HALL-A,it,748.07,778.72,49.9,52.6,963.7,100,0,0,6
2026-09-21T16:00:00Z,UPS-A2,HALL-A,it,750.25,780.97,50.0,52.6,963.9,100,0,0,6
2026-09-21T17:00:00Z,UPS-A2,HALL-A,it,699.7,728.84,46.6,50.8,931.0,100,0,0,6
2026-09-21T18:00:00Z,UPS-A2,HALL-A,it,740.41,770.82,49.4,50.8,931.2,100,0,0,6
2026-09-21T19:00:00Z,UPS-A2,HALL-A,it,737.16,767.47,49.1,50.8,931.1,100,0,0,6
2026-09-21T20:00:00Z,UPS-A2,HALL-A,it,744.03,774.56,49.6,50.8,931.2,100,0,0,6
2026-09-21T21:00:00Z,UPS-A2,HALL-A,it,755.74,786.61,50.4,53.1,973.9,100,0,0,6
2026-09-21T22:00:00Z,UPS-A2,HALL-A,it,769.48,800.77,51.3,53.2,974.6,100,0,0,6
2026-09-21T23:00:00Z,UPS-A2,HALL-A,it,736.25,766.52,49.1,53.4,977.0,100,0,0,6
2026-09-22T00:00:00Z,UPS-A2,HALL-A,it,766.75,797.97,51.1,53.9,988.2,100,0,0,6
2026-09-22T01:00:00Z,UPS-A2,HALL-A,it,775.12,806.6,51.7,53.9,988.0,100,0,0,6
2026-09-22T02:00:00Z,UPS-A2,HALL-A,it,773.28,804.7,51.6,53.9,987.2,100,0,0,6
2026-09-22T03:00:00Z,UPS-A2,HALL-A,it,732.61,762.77,48.8,51.4,941.1,100,0,0,6
2026-09-22T04:00:00Z,UPS-A2,HALL-A,it,730.98,761.08,48.7,51.4,940.6,100,0,0,6
2026-09-22T05:00:00Z,UPS-A2,HALL-A,it,719.8,749.57,48.0,51.4,942.3,100,0,0,6
2026-09-22T06:00:00Z,UPS-A2,HALL-A,it,719.14,748.89,47.9,49.1,899.2,100,0,0,6
2026-09-22T07:00:00Z,UPS-A2,HALL-A,it,705.27,734.58,47.0,51.8,948.8,100,0,0,6
2026-09-22T08:00:00Z,UPS-A2,HALL-A,it,725.4,755.33,48.4,51.0,931.7,100,0,0,6
2026-09-22T09:00:00Z,UPS-A2,HALL-A,it,727.94,757.96,48.5,52.2,954.5,100,0,0,6
2026-09-22T10:00:00Z,UPS-A2,HALL-A,it,765.37,796.55,51.0,54.6,1000.8,100,0,0,6
2026-09-22T11:00:00Z,UPS-A2,HALL-A,it,783.87,815.61,52.3,54.7,1001.4,100,0,0,6
2026-09-22T12:00:00Z,UPS-A2,HALL-A,it,779.82,811.45,52.0,54.7,1002.6,100,0,0,6
2026-09-22T13:00:00Z,UPS-A2,HALL-A,it,762.54,793.63,50.8,52.6,963.3,100,0,0,6
2026-09-22T14:00:00Z,UPS-A2,HALL-A,it,734.19,764.4,48.9,50.1,918.8,100,0,0,6
2026-09-22T15:00:00Z,UPS-A2,HALL-A,it,702.48,731.72,46.8,50.0,917.9,100,0,0,6
2026-09-22T16:00:00Z,UPS-A2,HALL-A,it,685.62,714.33,45.7,47.6,873.5,100,0,0,6
2026-09-22T17:00:00Z,UPS-A2,HALL-A,it,659.43,687.34,44.0,45.8,838.6,100,0,0,6
2026-09-22T18:00:00Z,UPS-A2,HALL-A,it,723.13,753.0,48.2,50.1,917.0,100,0,0,6
2026-09-22T19:00:00Z,UPS-A2,HALL-A,it,762.62,793.69,50.8,52.1,954.7,100,0,0,6
2026-09-22T20:00:00Z,UPS-A2,HALL-A,it,737.13,767.42,49.1,52.1,954.6,100,0,0,6
2026-09-22T21:00:00Z,UPS-A2,HALL-A,it,759.58,790.57,50.6,54.9,1006.2,100,0,0,6
2026-09-22T22:00:00Z,UPS-A2,HALL-A,it,798.7,830.91,53.2,54.9,1005.8,100,0,0,6
2026-09-22T23:00:00Z,UPS-A2,HALL-A,it,782.74,814.45,52.2,54.9,1006.3,100,0,0,6
2026-09-23T00:00:00Z,UPS-A2,HALL-A,it,791.16,823.13,52.7,54.6,999.8,100,0,0,5
2026-09-23T01:00:00Z,UPS-A2,HALL-A,it,770.62,801.95,51.4,54.6,999.3,100,0,0,5
2026-09-23T02:00:00Z,UPS-A2,HALL-A,it,775.36,806.83,51.7,54.2,993.2,100,0,0,5
2026-09-23T03:00:00Z,UPS-A2,HALL-A,it,720.77,750.56,48.0,51.6,947.5,100,0,0,5
2026-09-23T04:00:00Z,UPS-A2,HALL-A,it,735.05,765.28,49.0,51.7,947.4,100,0,0,5
2026-09-23T05:00:00Z,UPS-A2,HALL-A,it,751.01,781.74,50.1,51.9,951.8,100,0,0,5
2026-09-23T06:00:00Z,UPS-A2,HALL-A,it,789.25,821.16,52.6,54.6,999.2,100,0,0,6
2026-09-23T07:00:00Z,UPS-A2,HALL-A,it,753.61,784.42,50.2,54.0,987.3,100,0,0,6
2026-09-23T08:00:00Z,UPS-A2,HALL-A,it,778.61,810.18,51.9,54.0,988.8,100,0,0,6
2026-09-23T09:00:00Z,UPS-A2,HALL-A,it,777.35,808.88,51.8,54.0,989.8,100,0,0,6
2026-09-23T10:00:00Z,UPS-A2,HALL-A,it,774.42,805.88,51.6,54.1,990.8,100,0,0,6
2026-09-23T11:00:00Z,UPS-A2,HALL-A,it,775.83,807.32,51.7,54.1,989.5,100,0,0,6
2026-09-23T12:00:00Z,UPS-A2,HALL-A,it,776.4,807.91,51.8,53.7,984.6,100,0,0,6
2026-09-23T13:00:00Z,UPS-A2,HALL-A,it,719.0,748.74,47.9,51.3,938.4,100,0,0,6
2026-09-23T14:00:00Z,UPS-A2,HALL-A,it,712.29,741.8,47.5,49.3,901.6,100,0,0,6
2026-09-23T15:00:00Z,UPS-A2,HALL-A,it,713.28,742.83,47.5,49.2,901.3,100,0,0,6
2026-09-23T16:00:00Z,UPS-A2,HALL-A,it,715.17,744.77,47.7,49.3,901.7,100,0,0,6
2026-09-23T17:00:00Z,UPS-A2,HALL-A,it,710.48,739.94,47.4,49.3,901.8,100,0,0,6
2026-09-23T18:00:00Z,UPS-A2,HALL-A,it,754.49,785.31,50.3,53.8,984.6,100,0,0,6
2026-09-23T19:00:00Z,UPS-A2,HALL-A,it,777.97,809.52,51.9,53.8,985.9,100,0,0,6
2026-09-23T20:00:00Z,UPS-A2,HALL-A,it,762.82,793.91,50.9,54.1,991.3,100,0,0,6
2026-09-23T21:00:00Z,UPS-A2,HALL-A,it,778.7,810.29,51.9,54.1,992.2,100,0,0,6
2026-09-23T22:00:00Z,UPS-A2,HALL-A,it,762.09,793.16,50.8,54.0,989.0,100,0,0,6
2026-09-23T23:00:00Z,UPS-A2,HALL-A,it,784.45,816.2,52.3,54.0,988.6,100,0,0,6
2026-09-24T00:00:00Z,UPS-A2,HALL-A,it,779.26,810.86,51.9,54.0,988.8,100,0,0,6
2026-09-24T01:00:00Z,UPS-A2,HALL-A,it,744.98,775.51,49.7,52.7,965.1,100,0,0,6
2026-09-24T02:00:00Z,UPS-A2,HALL-A,it,779.12,810.73,51.9,54.1,990.9,100,0,0,6
2026-09-24T03:00:00Z,UPS-A2,HALL-A,it,762.38,793.47,50.8,54.1,989.2,100,0,0,6
2026-09-24T04:00:00Z,UPS-A2,HALL-A,it,763.72,794.85,50.9,54.1,990.8,100,0,0,6
2026-09-24T05:00:00Z,UPS-A2,HALL-A,it,782.1,813.8,52.1,54.1,991.8,100,0,0,6
2026-09-24T06:00:00Z,UPS-A2,HALL-A,it,764.49,795.64,51.0,54.1,991.3,100,0,0,6
2026-09-24T07:00:00Z,UPS-A2,HALL-A,it,735.73,765.99,49.0,50.9,929.8,100,0,0,6
2026-09-24T08:00:00Z,UPS-A2,HALL-A,it,730.2,760.28,48.7,51.0,935.2,100,0,0,6
2026-09-24T09:00:00Z,UPS-A2,HALL-A,it,742.36,772.83,49.5,51.1,936.0,100,0,0,6
2026-09-24T10:00:00Z,UPS-A2,HALL-A,it,726.39,756.37,48.4,51.0,935.2,100,0,0,6
2026-09-24T11:00:00Z,UPS-A2,HALL-A,it,716.8,746.47,47.8,50.4,924.5,100,0,0,6
2026-09-24T12:00:00Z,UPS-A2,HALL-A,it,735.42,765.67,49.0,50.5,923.6,100,0,0,6
2026-09-24T13:00:00Z,UPS-A2,HALL-A,it,757.32,788.23,50.5,53.1,971.6,100,0,0,6
2026-09-24T14:00:00Z,UPS-A2,HALL-A,it,722.38,752.21,48.1,51.1,936.8,100,0,0,6
2026-09-24T15:00:00Z,UPS-A2,HALL-A,it,726.72,756.7,48.4,51.3,939.5,100,0,0,6
2026-09-24T16:00:00Z,UPS-A2,HALL-A,it,744.8,775.33,49.6,51.3,940.4,100,0,0,6
2026-09-24T17:00:00Z,UPS-A2,HALL-A,it,709.99,739.44,47.3,50.0,916.0,100,0,0,6
2026-09-24T18:00:00Z,UPS-A2,HALL-A,it,756.91,787.84,50.5,53.6,981.2,100,0,0,6
2026-09-24T19:00:00Z,UPS-A2,HALL-A,it,779.03,810.63,51.9,53.6,981.8,100,0,0,6
2026-09-24T20:00:00Z,UPS-A2,HALL-A,it,767.38,798.61,51.1,53.7,983.3,100,0,0,6
2026-09-24T21:00:00Z,UPS-A2,HALL-A,it,764.8,795.95,51.0,53.3,976.0,98,0,14,6
2026-09-24T22:00:00Z,UPS-A2,HALL-A,it,745.81,776.37,49.7,53.3,974.7,100,0,0,6
2026-09-24T23:00:00Z,UPS-A2,HALL-A,it,738.22,768.54,49.2,51.0,934.2,100,0,0,6
2026-09-25T00:00:00Z,UPS-A2,HALL-A,it,699.25,728.38,46.6,48.7,892.6,100,0,0,6
2026-09-25T01:00:00Z,UPS-A2,HALL-A,it,708.82,738.25,47.3,48.7,892.8,100,0,0,6
2026-09-25T02:00:00Z,UPS-A2,HALL-A,it,709.22,738.65,47.3,48.7,893.9,100,0,0,6
2026-09-25T03:00:00Z,UPS-A2,HALL-A,it,718.84,748.58,47.9,52.0,953.7,100,0,0,6
2026-09-25T04:00:00Z,UPS-A2,HALL-A,it,775.44,806.91,51.7,53.5,980.7,100,0,0,6
2026-09-25T05:00:00Z,UPS-A2,HALL-A,it,781.37,813.03,52.1,53.5,979.9,100,0,0,6
2026-09-25T06:00:00Z,UPS-A2,HALL-A,it,743.54,774.05,49.6,53.5,979.9,100,0,0,6
2026-09-25T07:00:00Z,UPS-A2,HALL-A,it,741.83,772.28,49.5,51.0,935.8,100,0,0,6
2026-09-25T08:00:00Z,UPS-A2,HALL-A,it,743.88,774.4,49.6,51.0,935.8,100,0,0,6
2026-09-25T09:00:00Z,UPS-A2,HALL-A,it,757.17,788.1,50.5,53.2,973.8,100,0,0,6
2026-09-25T10:00:00Z,UPS-A2,HALL-A,it,757.28,788.21,50.5,53.0,972.9,100,0,0,6
2026-09-25T11:00:00Z,UPS-A2,HALL-A,it,772.45,803.84,51.5,53.0,971.8,100,0,0,6
2026-09-25T12:00:00Z,UPS-A2,HALL-A,it,774.64,806.11,51.6,53.0,972.0,100,0,0,6
2026-09-25T13:00:00Z,UPS-A2,HALL-A,it,751.25,781.99,50.1,52.9,967.8,100,0,0,6
2026-09-25T14:00:00Z,UPS-A2,HALL-A,it,765.8,796.98,51.0,52.9,968.8,100,0,0,6
2026-09-25T15:00:00Z,UPS-A2,HALL-A,it,755.01,785.86,50.3,52.9,968.5,100,0,0,6
2026-09-25T16:00:00Z,UPS-A2,HALL-A,it,762.72,793.82,50.9,52.8,968.5,100,0,0,6
2026-09-25T17:00:00Z,UPS-A2,HALL-A,it,701.83,731.03,46.8,50.6,926.9,100,0,0,6
2026-09-25T18:00:00Z,UPS-A2,HALL-A,it,708.68,738.11,47.2,49.1,900.3,100,0,0,6
2026-09-25T19:00:00Z,UPS-A2,HALL-A,it,704.34,733.62,47.0,48.9,896.8,100,0,0,6
2026-09-25T20:00:00Z,UPS-A2,HALL-A,it,724.6,754.51,48.3,51.3,938.4,100,0,0,6
2026-09-25T21:00:00Z,UPS-A2,HALL-A,it,710.76,740.24,47.4,51.3,938.6,100,0,0,6
2026-09-25T22:00:00Z,UPS-A2,HALL-A,it,709.77,739.22,47.3,51.0,933.5,100,0,0,6
2026-09-25T23:00:00Z,UPS-A2,HALL-A,it,732.25,762.41,48.8,50.9,932.1,100,0,0,6
2026-09-26T00:00:00Z,UPS-A2,HALL-A,it,693.0,721.93,46.2,49.6,907.5,100,0,0,6
2026-09-26T01:00:00Z,UPS-A2,HALL-A,it,705.33,734.63,47.0,48.4,887.2,100,0,0,6
2026-09-26T02:00:00Z,UPS-A2,HALL-A,it,713.56,743.12,47.6,50.1,918.8,100,0,0,6
2026-09-26T03:00:00Z,UPS-A2,HALL-A,it,737.18,767.48,49.1,51.4,941.9,100,0,0,6
2026-09-26T04:00:00Z,UPS-A2,HALL-A,it,735.19,765.41,49.0,51.5,944.3,100,0,0,6
2026-09-26T05:00:00Z,UPS-A2,HALL-A,it,751.58,782.33,50.1,52.7,965.4,100,0,0,6
2026-09-26T06:00:00Z,UPS-A2,HALL-A,it,782.33,814.04,52.2,53.8,986.7,100,0,0,6
2026-09-26T07:00:00Z,UPS-A2,HALL-A,it,751.55,782.3,50.1,54.0,988.3,100,0,0,6
2026-09-26T08:00:00Z,UPS-A2,HALL-A,it,754.26,785.11,50.3,51.7,947.6,100,0,0,6
2026-09-26T09:00:00Z,UPS-A2,HALL-A,it,743.65,774.16,49.6,51.9,951.6,100,0,0,6
2026-09-26T10:00:00Z,UPS-A2,HALL-A,it,755.89,786.77,50.4,52.0,952.2,100,0,0,6
2026-09-26T11:00:00Z,UPS-A2,HALL-A,it,774.63,806.09,51.6,54.4,996.8,100,0,0,6
2026-09-26T12:00:00Z,UPS-A2,HALL-A,it,777.45,808.97,51.8,54.4,997.1,100,0,0,6
2026-09-26T13:00:00Z,UPS-A2,HALL-A,it,772.28,803.67,51.5,54.0,990.6,100,0,0,6
2026-09-26T14:00:00Z,UPS-A2,HALL-A,it,770.71,802.04,51.4,54.0,989.3,100,0,0,6
2026-09-26T15:00:00Z,UPS-A2,HALL-A,it,776.16,807.65,51.7,53.8,985.4,100,0,0,6
2026-09-26T16:00:00Z,UPS-A2,HALL-A,it,783.4,815.12,52.2,53.8,986.8,100,0,0,6
2026-09-26T17:00:00Z,UPS-A2,HALL-A,it,776.54,808.06,51.8,53.8,984.9,100,0,0,6
2026-09-26T18:00:00Z,UPS-A2,HALL-A,it,783.03,814.73,52.2,53.8,985.9,100,0,0,6
2026-09-26T19:00:00Z,UPS-A2,HALL-A,it,779.28,810.87,52.0,53.8,985.4,100,0,0,6
2026-09-26T20:00:00Z,UPS-A2,HALL-A,it,754.15,784.97,50.3,54.3,995.3,100,0,0,6
2026-09-26T21:00:00Z,UPS-A2,HALL-A,it,772.14,803.52,51.5,54.2,993.8,100,0,0,6
2026-09-26T22:00:00Z,UPS-A2,HALL-A,it,764.32,795.47,51.0,53.7,983.6,100,0,0,6
2026-09-26T23:00:00Z,UPS-A2,HALL-A,it,780.39,812.03,52.0,53.5,980.1,100,0,0,6
2026-09-27T00:00:00Z,UPS-A2,HALL-A,it,777.58,809.13,51.8,53.5,980.8,100,0,0,6
2026-09-27T01:00:00Z,UPS-A2,HALL-A,it,757.8,788.75,50.5,53.5,979.6,100,0,0,6
2026-09-27T02:00:00Z,UPS-A2,HALL-A,it,702.76,732.0,46.9,48.5,887.9,100,0,0,6
2026-09-27T03:00:00Z,UPS-A2,HALL-A,it,710.23,739.7,47.3,48.5,888.1,100,0,0,6
2026-09-27T04:00:00Z,UPS-A2,HALL-A,it,701.43,730.62,46.8,48.8,892.4,100,0,0,6
2026-09-27T05:00:00Z,UPS-A2,HALL-A,it,718.63,748.35,47.9,50.9,932.5,100,0,0,6
2026-09-27T06:00:00Z,UPS-A2,HALL-A,it,728.56,758.59,48.6,50.9,933.8,100,0,0,6
2026-09-27T07:00:00Z,UPS-A2,HALL-A,it,727.5,757.49,48.5,51.2,939.0,100,0,0,6
2026-09-27T08:00:00Z,UPS-A2,HALL-A,it,748.85,779.49,49.9,51.2,938.7,100,0,0,6
2026-09-27T09:00:00Z,UPS-A2,HALL-A,it,748.85,779.5,49.9,51.2,939.7,100,0,0,6
2026-09-27T10:00:00Z,UPS-A2,HALL-A,it,736.56,766.84,49.1,53.1,973.6,100,0,0,6
2026-09-27T11:00:00Z,UPS-A2,HALL-A,it,759.1,790.06,50.6,53.1,973.0,100,0,0,6
2026-09-27T12:00:00Z,UPS-A2,HALL-A,it,740.74,771.15,49.4,52.9,969.3,100,0,0,6
2026-09-27T13:00:00Z,UPS-A2,HALL-A,it,695.5,724.51,46.4,48.5,888.1,100,0,0,6
2026-09-27T14:00:00Z,UPS-A2,HALL-A,it,707.86,737.25,47.2,48.5,888.3,100,0,0,6
2026-09-27T15:00:00Z,UPS-A2,HALL-A,it,687.45,716.21,45.8,48.3,883.8,100,0,0,6
2026-09-27T16:00:00Z,UPS-A2,HALL-A,it,695.4,724.4,46.4,48.9,896.5,100,0,0,6
2026-09-27T17:00:00Z,UPS-A2,HALL-A,it,714.55,744.16,47.6,48.9,896.7,100,0,0,6
2026-09-27T18:00:00Z,UPS-A2,HALL-A,it,735.95,766.22,49.1,51.3,940.5,100,0,0,6
2026-09-27T19:00:00Z,UPS-A2,HALL-A,it,734.13,764.34,48.9,51.7,948.0,100,0,0,6
2026-09-27T20:00:00Z,UPS-A2,HALL-A,it,750.9,781.63,50.1,51.7,949.1,100,0,0,6
2026-09-27T21:00:00Z,UPS-A2,HALL-A,it,747.4,778.02,49.8,53.9,987.3,100,0,0,6
2026-09-27T22:00:00Z,UPS-A2,HALL-A,it,774.88,806.35,51.7,53.9,987.1,100,0,0,6
2026-09-27T23:00:00Z,UPS-A2,HALL-A,it,770.33,801.64,51.4,54.0,988.9,100,0,0,6
2026-08-31T00:00:00Z,UPS-A3,HALL-A,it,741.82,772.25,49.5,54.0,987.3,100,0,0,6
2026-08-31T01:00:00Z,UPS-A3,HALL-A,it,784.89,816.66,52.3,54.0,986.5,100,0,0,6
2026-08-31T02:00:00Z,UPS-A3,HALL-A,it,782.07,813.75,52.1,54.0,987.1,100,0,0,6
2026-08-31T03:00:00Z,UPS-A3,HALL-A,it,759.36,790.33,50.6,54.0,986.1,100,0,0,6
2026-08-31T04:00:00Z,UPS-A3,HALL-A,it,741.69,772.12,49.4,51.5,939.3,100,0,0,6
2026-08-31T05:00:00Z,UPS-A3,HALL-A,it,703.56,732.81,46.9,49.3,900.4,100,0,0,6
2026-08-31T06:00:00Z,UPS-A3,HALL-A,it,708.16,737.57,47.2,49.1,897.3,100,0,0,6
2026-08-31T07:00:00Z,UPS-A3,HALL-A,it,715.72,745.38,47.7,49.1,896.2,100,0,0,6
2026-08-31T08:00:00Z,UPS-A3,HALL-A,it,699.05,728.17,46.6,49.1,896.6,100,0,0,6
2026-08-31T09:00:00Z,UPS-A3,HALL-A,it,704.46,733.74,47.0,48.8,892.3,100,0,0,6
2026-08-31T10:00:00Z,UPS-A3,HALL-A,it,698.34,727.45,46.5,48.3,881.5,100,0,0,6
2026-08-31T11:00:00Z,UPS-A3,HALL-A,it,701.13,730.32,46.7,48.3,882.2,100,0,0,6
2026-08-31T12:00:00Z,UPS-A3,HALL-A,it,701.98,731.18,46.8,49.6,904.4,100,0,0,6
2026-08-31T13:00:00Z,UPS-A3,HALL-A,it,697.68,726.74,46.5,48.2,880.8,100,0,0,6
2026-08-31T14:00:00Z,UPS-A3,HALL-A,it,701.83,731.02,46.8,48.2,881.8,100,0,0,6
2026-08-31T15:00:00Z,UPS-A3,HALL-A,it,740.24,770.63,49.4,52.8,966.4,100,0,0,6
2026-08-31T16:00:00Z,UPS-A3,HALL-A,it,757.37,788.28,50.5,52.9,966.3,100,0,0,6
2026-08-31T17:00:00Z,UPS-A3,HALL-A,it,735.24,765.48,49.0,50.7,926.9,100,0,0,6
2026-08-31T18:00:00Z,UPS-A3,HALL-A,it,711.85,741.38,47.5,50.6,925.9,100,0,0,6
2026-08-31T19:00:00Z,UPS-A3,HALL-A,it,706.46,735.82,47.1,48.4,886.5,100,0,0,6
2026-08-31T20:00:00Z,UPS-A3,HALL-A,it,684.64,713.31,45.6,49.0,895.2,100,0,0,6
2026-08-31T21:00:00Z,UPS-A3,HALL-A,it,707.01,736.36,47.1,49.0,896.7,100,0,0,6
2026-08-31T22:00:00Z,UPS-A3,HALL-A,it,745.49,776.05,49.7,53.4,974.2,100,0,0,6
2026-08-31T23:00:00Z,UPS-A3,HALL-A,it,775.41,806.9,51.7,53.4,976.5,100,0,0,6
2026-09-01T00:00:00Z,UPS-A3,HALL-A,it,779.11,810.72,51.9,53.4,976.4,100,0,0,6
2026-09-01T01:00:00Z,UPS-A3,HALL-A,it,757.52,788.46,50.5,53.4,975.6,100,0,0,6
2026-09-01T02:00:00Z,UPS-A3,HALL-A,it,735.81,766.08,49.1,50.6,925.4,100,0,0,6
2026-09-01T03:00:00Z,UPS-A3,HALL-A,it,723.06,752.92,48.2,50.6,925.3,100,0,0,6
2026-09-01T04:00:00Z,UPS-A3,HALL-A,it,732.95,763.1,48.9,50.3,919.0,100,0,0,6
2026-09-01T05:00:00Z,UPS-A3,HALL-A,it,745.91,776.48,49.7,52.5,958.9,100,0,0,6
2026-09-01T06:00:00Z,UPS-A3,HALL-A,it,740.85,771.26,49.4,52.1,952.5,100,0,0,6
2026-09-01T07:00:00Z,UPS-A3,HALL-A,it,753.38,784.19,50.2,52.1,951.7,100,0,0,6
2026-09-01T08:00:00Z,UPS-A3,HALL-A,it,747.67,778.29,49.8,52.4,959.1,100,0,0,6
2026-09-01T09:00:00Z,UPS-A3,HALL-A,it,765.73,796.89,51.0,52.4,958.3,100,0,0,6
2026-09-01T10:00:00Z,UPS-A3,HALL-A,it,719.46,749.21,48.0,52.4,957.8,100,0,0,6
2026-09-01T11:00:00Z,UPS-A3,HALL-A,it,725.37,755.29,48.4,50.1,916.2,100,0,0,6
2026-09-01T12:00:00Z,UPS-A3,HALL-A,it,699.91,729.06,46.7,50.3,919.1,100,0,0,6
2026-09-01T13:00:00Z,UPS-A3,HALL-A,it,698.58,727.68,46.6,50.1,916.2,100,0,0,6
2026-09-01T14:00:00Z,UPS-A3,HALL-A,it,705.69,735.03,47.0,50.1,917.4,100,0,0,6
2026-09-01T15:00:00Z,UPS-A3,HALL-A,it,736.61,766.89,49.1,52.4,956.7,100,0,0,6
2026-09-01T16:00:00Z,UPS-A3,HALL-A,it,757.0,787.91,50.5,52.5,959.7,100,0,0,6
2026-09-01T17:00:00Z,UPS-A3,HALL-A,it,745.62,776.17,49.7,52.8,963.2,100,0,0,6
2026-09-01T18:00:00Z,UPS-A3,HALL-A,it,769.19,800.49,51.3,52.8,964.9,100,0,0,6
2026-09-01T19:00:00Z,UPS-A3,HALL-A,it,722.24,752.07,48.1,52.7,962.6,100,0,0,6
2026-09-01T20:00:00Z,UPS-A3,HALL-A,it,712.7,742.23,47.5,49.9,912.3,100,0,0,6
2026-09-01T21:00:00Z,UPS-A3,HALL-A,it,722.38,752.21,48.2,50.7,923.4,100,0,0,6
2026-09-01T22:00:00Z,UPS-A3,HALL-A,it,727.55,757.53,48.5,50.4,920.9,100,0,0,6
2026-09-01T23:00:00Z,UPS-A3,HALL-A,it,715.5,745.12,47.7,50.3,919.6,100,0,0,6
2026-09-02T00:00:00Z,UPS-A3,HALL-A,it,733.19,763.37,48.9,50.5,924.4,100,0,0,6
2026-09-02T01:00:00Z,UPS-A3,HALL-A,it,737.05,767.33,49.1,50.6,924.2,100,0,0,6
2026-09-02T02:00:00Z,UPS-A3,HALL-A,it,731.0,761.1,48.7,50.5,923.3,100,0,0,6
2026-09-02T03:00:00Z,UPS-A3,HALL-A,it,752.96,783.74,50.2,52.8,965.5,100,0,0,6
2026-09-02T04:00:00Z,UPS-A3,HALL-A,it,729.91,759.99,48.7,52.8,965.0,100,0,0,6
2026-09-02T05:00:00Z,UPS-A3,HALL-A,it,735.25,765.48,49.0,51.5,940.3,100,0,0,6
2026-09-02T06:00:00Z,UPS-A3,HALL-A,it,766.31,797.51,51.1,52.8,964.6,100,0,0,6
2026-09-02T07:00:00Z,UPS-A3,HALL-A,it,773.49,804.92,51.6,52.8,965.2,100,0,0,6
2026-09-02T08:00:00Z,UPS-A3,HALL-A,it,764.76,795.92,51.0,52.8,965.4,100,0,0,6
2026-09-02T09:00:00Z,UPS-A3,HALL-A,it,768.17,799.43,51.2,52.8,964.4,100,0,0,6
2026-09-02T10:00:00Z,UPS-A3,HALL-A,it,767.22,798.46,51.2,52.8,965.8,100,0,0,6
2026-09-02T11:00:00Z,UPS-A3,HALL-A,it,752.48,783.26,50.2,53.0,968.8,100,0,0,6
2026-09-02T12:00:00Z,UPS-A3,HALL-A,it,767.48,798.72,51.2,53.0,968.3,100,0,0,6
2026-09-02T13:00:00Z,UPS-A3,HALL-A,it,769.16,800.46,51.3,53.0,968.5,100,0,0,6
2026-09-02T14:00:00Z,UPS-A3,HALL-A,it,774.15,805.61,51.6,53.0,969.1,100,0,0,6
2026-09-02T15:00:00Z,UPS-A3,HALL-A,it,770.3,801.63,51.4,53.0,968.5,100,0,0,6
2026-09-02T16:00:00Z,UPS-A3,HALL-A,it,758.67,789.65,50.6,53.0,968.9,100,0,0,6
2026-09-02T17:00:00Z,UPS-A3,HALL-A,it,735.42,765.66,49.0,51.6,942.3,100,0,0,6
2026-09-02T18:00:00Z,UPS-A3,HALL-A,it,733.62,763.8,48.9,50.9,930.6,100,0,0,6
2026-09-02T19:00:00Z,UPS-A3,HALL-A,it,706.95,736.3,47.1,48.8,892.0,100,0,0,6
2026-09-02T20:00:00Z,UPS-A3,HALL-A,it,711.96,741.47,47.5,49.6,907.4,100,0,0,6
2026-09-02T21:00:00Z,UPS-A3,HALL-A,it,707.48,736.86,47.2,51.0,932.0,100,0,0,6
2026-09-02T22:00:00Z,UPS-A3,HALL-A,it,711.92,741.43,47.5,51.2,935.9,100,0,0,6
2026-09-02T23:00:00Z,UPS-A3,HALL-A,it,743.64,774.14,49.6,51.2,935.4,100,0,0,6
2026-09-03T00:00:00Z,UPS-A3,HALL-A,it,740.88,771.3,49.4,51.2,935.7,100,0,0,6
2026-09-03T01:00:00Z,UPS-A3,HALL-A,it,678.15,706.63,45.2,47.8,872.3,100,0,0,6
2026-09-03T02:00:00Z,UPS-A3,HALL-A,it,679.63,708.16,45.3,47.4,866.7,100,0,0,6
2026-09-03T03:00:00Z,UPS-A3,HALL-A,it,700.27,729.42,46.7,49.7,908.0,100,0,0,6
2026-09-03T04:00:00Z,UPS-A3,HALL-A,it,723.04,752.89,48.2,49.7,908.9,100,0,0,6
2026-09-03T05:00:00Z,UPS-A3,HALL-A,it,734.97,765.2,49.0,52.9,965.8,100,0,0,6
2026-09-03T06:00:00Z,UPS-A3,HALL-A,it,775.82,807.31,51.7,54.0,986.7,100,0,0,6
2026-09-03T07:00:00Z,UPS-A3,HALL-A,it,778.93,810.52,51.9,54.0,986.4,100,0,0,6
2026-09-03T08:00:00Z,UPS-A3,HALL-A,it,732.37,762.51,48.8,51.7,943.6,100,0,0,6
2026-09-03T09:00:00Z,UPS-A3,HALL-A,it,701.32,730.52,46.7,49.4,904.0,100,0,0,6
2026-09-03T10:00:00Z,UPS-A3,HALL-A,it,700.02,729.18,46.7,50.1,914.9,100,0,0,6
2026-09-03T11:00:00Z,UPS-A3,HALL-A,it,731.57,761.69,48.8,52.2,952.5,100,0,0,6
2026-09-03T12:00:00Z,UPS-A3,HALL-A,it,762.69,793.78,50.8,53.4,976.6,100,0,0,6
2026-09-03T13:00:00Z,UPS-A3,HALL-A,it,762.93,794.03,50.9,53.5,978.7,100,0,0,6
2026-09-03T14:00:00Z,UPS-A3,HALL-A,it,746.79,777.4,49.8,53.6,979.6,100,0,0,6
2026-09-03T15:00:00Z,UPS-A3,HALL-A,it,758.4,789.36,50.6,53.7,980.9,100,0,0,6
2026-09-03T16:00:00Z,UPS-A3,HALL-A,it,734.84,765.07,49.0,51.3,936.3,100,0,0,6
2026-09-03T17:00:00Z,UPS-A3,HALL-A,it,749.53,780.21,50.0,53.7,982.2,100,0,0,6
2026-09-03T18:00:00Z,UPS-A3,HALL-A,it,781.8,813.47,52.1,53.7,982.5,100,0,0,6
2026-09-03T19:00:00Z,UPS-A3,HALL-A,it,766.32,797.52,51.1,53.7,981.7,100,0,0,6
2026-09-03T20:00:00Z,UPS-A3,HALL-A,it,743.48,773.97,49.6,53.1,970.6,100,0,0,6
2026-09-03T21:00:00Z,UPS-A3,HALL-A,it,772.34,803.71,51.5,53.1,969.7,100,0,0,6
2026-09-03T22:00:00Z,UPS-A3,HALL-A,it,772.76,804.15,51.5,53.1,971.0,100,0,0,6
2026-09-03T23:00:00Z,UPS-A3,HALL-A,it,727.28,757.28,48.5,53.1,968.8,100,0,0,6
2026-09-04T00:00:00Z,UPS-A3,HALL-A,it,712.58,742.12,47.5,49.8,907.9,100,0,0,6
2026-09-04T01:00:00Z,UPS-A3,HALL-A,it,720.57,750.36,48.0,51.3,936.4,100,0,0,6
2026-09-04T02:00:00Z,UPS-A3,HALL-A,it,762.4,793.49,50.8,53.5,976.6,100,0,0,6
2026-09-04T03:00:00Z,UPS-A3,HALL-A,it,753.82,784.63,50.3,53.8,981.7,100,0,0,6
2026-09-04T04:00:00Z,UPS-A3,HALL-A,it,769.56,800.85,51.3,53.8,983.0,100,0,0,6
2026-09-04T05:00:00Z,UPS-A3,HALL-A,it,779.02,810.62,51.9,53.8,984.1,100,0,0,6
2026-09-04T06:00:00Z,UPS-A3,HALL-A,it,782.64,814.36,52.2,53.8,984.0,100,0,0,6
2026-09-04T07:00:00Z,UPS-A3,HALL-A,it,779.55,811.17,52.0,53.8,984.0,100,0,0,6
2026-09-04T08:00:00Z,UPS-A3,HALL-A,it,769.61,800.91,51.3,53.8,981.9,100,0,0,6
2026-09-04T09:00:00Z,UPS-A3,HALL-A,it,766.54,797.75,51.1,53.7,981.5,100,0,0,6
2026-09-04T10:00:00Z,UPS-A3,HALL-A,it,758.96,789.93,50.6,53.7,981.1,100,0,0,6
2026-09-04T11:00:00Z,UPS-A3,HALL-A,it,767.09,798.32,51.1,53.7,980.5,100,0,0,6
2026-09-04T12:00:00Z,UPS-A3,HALL-A,it,778.07,809.64,51.9,53.6,979.4,100,0,0,6
2026-09-04T13:00:00Z,UPS-A3,HALL-A,it,780.93,812.58,52.1,53.6,978.7,100,0,0,6
2026-09-04T14:00:00Z,UPS-A3,HALL-A,it,780.97,812.62,52.1,53.6,979.1,100,0,0,6
2026-09-04T15:00:00Z,UPS-A3,HALL-A,it,751.35,782.07,50.1,53.5,976.7,100,0,0,6
2026-09-04T16:00:00Z,UPS-A3,HALL-A,it,734.8,765.03,49.0,51.4,939.4,100,0,0,6
2026-09-04T17:00:00Z,UPS-A3,HALL-A,it,743.47,773.97,49.6,51.1,932.5,100,0,0,6
2026-09-04T18:00:00Z,UPS-A3,HALL-A,it,749.95,780.66,50.0,52.2,952.9,100,0,0,6
2026-09-04T19:00:00Z,UPS-A3,HALL-A,it,769.01,800.29,51.3,53.3,972.2,100,0,0,6
2026-09-04T20:00:00Z,UPS-A3,HALL-A,it,754.13,784.96,50.3,53.2,971.2,100,0,0,6
2026-09-04T21:00:00Z,UPS-A3,HALL-A,it,760.41,791.44,50.7,52.8,964.5,100,0,0,6
2026-09-04T22:00:00Z,UPS-A3,HALL-A,it,742.41,772.86,49.5,52.8,964.3,100,0,0,6
2026-09-04T23:00:00Z,UPS-A3,HALL-A,it,754.19,785.01,50.3,52.6,962.1,100,0,0,6
2026-09-05T00:00:00Z,UPS-A3,HALL-A,it,760.13,791.15,50.7,52.6,960.9,100,0,0,6
2026-09-05T01:00:00Z,UPS-A3,HALL-A,it,753.25,784.04,50.2,52.6,959.9,100,0,0,6
2026-09-05T02:00:00Z,UPS-A3,HALL-A,it,729.0,759.04,48.6,50.3,919.8,100,0,0,6
2026-09-05T03:00:00Z,UPS-A3,HALL-A,it,691.32,720.19,46.1,50.3,919.8,100,0,0,6
2026-09-05T04:00:00Z,UPS-A3,HALL-A,it,702.34,731.55,46.8,48.2,880.8,100,0,0,6
2026-09-05T05:00:00Z,UPS-A3,HALL-A,it,672.87,701.19,44.8,48.6,888.4,100,0,0,6
2026-09-05T06:00:00Z,UPS-A3,HALL-A,it,674.2,702.55,44.9,48.6,889.0,100,0,0,6
2026-09-05T07:00:00Z,UPS-A3,HALL-A,it,699.09,728.22,46.6,49.6,905.9,100,0,0,6
2026-09-05T08:00:00Z,UPS-A3,HALL-A,it,723.6,753.48,48.2,51.2,937.0,100,0,0,6
2026-09-05T09:00:00Z,UPS-A3,HALL-A,it,765.81,797.0,51.1,53.6,978.9,100,0,0,6
2026-09-05T10:00:00Z,UPS-A3,HALL-A,it,722.98,752.85,48.2,51.0,931.5,100,0,0,6
2026-09-05T11:00:00Z,UPS-A3,HALL-A,it,755.39,786.25,50.4,53.4,975.0,100,0,0,6
2026-09-05T12:00:00Z,UPS-A3,HALL-A,it,736.77,767.06,49.1,51.0,933.3,100,0,0,6
2026-09-05T13:00:00Z,UPS-A3,HALL-A,it,734.0,764.21,48.9,53.2,969.6,100,0,0,6
2026-09-05T14:00:00Z,UPS-A3,HALL-A,it,764.17,795.32,50.9,53.2,971.8,100,0,0,6
2026-09-05T15:00:00Z,UPS-A3,HALL-A,it,770.57,801.91,51.4,53.2,972.2,100,0,0,6
2026-09-05T16:00:00Z,UPS-A3,HALL-A,it,775.23,806.72,51.7,53.2,972.2,100,0,0,6
2026-09-05T17:00:00Z,UPS-A3,HALL-A,it,778.01,809.6,51.9,53.2,973.2,100,0,0,6
2026-09-05T18:00:00Z,UPS-A3,HALL-A,it,770.02,801.35,51.3,53.2,973.0,100,0,0,6
2026-09-05T19:00:00Z,UPS-A3,HALL-A,it,751.29,782.02,50.1,53.1,970.6,100,0,0,6
2026-09-05T20:00:00Z,UPS-A3,HALL-A,it,766.44,797.62,51.1,53.1,971.2,100,0,0,6
2026-09-05T21:00:00Z,UPS-A3,HALL-A,it,751.8,782.55,50.1,53.2,971.3,100,0,0,6
2026-09-05T22:00:00Z,UPS-A3,HALL-A,it,739.06,769.42,49.3,50.9,931.3,100,0,0,6
2026-09-05T23:00:00Z,UPS-A3,HALL-A,it,741.13,771.56,49.4,50.9,931.2,100,0,0,6
2026-09-06T00:00:00Z,UPS-A3,HALL-A,it,745.93,776.5,49.7,53.2,973.2,100,0,0,6
2026-09-06T01:00:00Z,UPS-A3,HALL-A,it,769.03,800.32,51.3,53.2,973.6,100,0,0,6
2026-09-06T02:00:00Z,UPS-A3,HALL-A,it,750.95,781.68,50.1,53.4,976.2,100,0,0,6
2026-09-06T03:00:00Z,UPS-A3,HALL-A,it,775.42,806.9,51.7,53.4,976.0,100,0,0,6
2026-09-06T04:00:00Z,UPS-A3,HALL-A,it,767.8,799.05,51.2,53.4,975.8,100,0,0,6
2026-09-06T05:00:00Z,UPS-A3,HALL-A,it,751.72,782.47,50.1,53.4,975.8,100,0,0,6
2026-09-06T06:00:00Z,UPS-A3,HALL-A,it,739.0,769.36,49.3,51.1,935.0,100,0,0,6
2026-09-06T07:00:00Z,UPS-A3,HALL-A,it,725.95,755.9,48.4,51.1,933.3,100,0,0,6
2026-09-06T08:00:00Z,UPS-A3,HALL-A,it,726.09,756.06,48.4,50.8,928.1,100,0,0,6
2026-09-06T09:00:00Z,UPS-A3,HALL-A,it,759.33,790.32,50.6,53.3,972.9,100,0,0,6
2026-09-06T10:00:00Z,UPS-A3,HALL-A,it,768.01,799.27,51.2,53.3,973.4,100,0,0,6
2026-09-06T11:00:00Z,UPS-A3,HALL-A,it,769.6,800.91,51.3,53.3,972.8,100,0,0,6
2026-09-06T12:00:00Z,UPS-A3,HALL-A,it,754.39,785.22,50.3,53.3,974.1,100,0,0,6
2026-09-06T13:00:00Z,UPS-A3,HALL-A,it,740.23,770.63,49.3,53.2,971.4,100,0,0,6
2026-09-06T14:00:00Z,UPS-A3,HALL-A,it,746.1,776.67,49.7,53.1,970.9,100,0,0,6
2026-09-06T15:00:00Z,UPS-A3,HALL-A,it,719.68,749.45,48.0,51.1,933.7,100,0,0,6
2026-09-06T16:00:00Z,UPS-A3,HALL-A,it,681.97,710.58,45.5,48.7,888.4,100,0,0,6
2026-09-06T17:00:00Z,UPS-A3,HALL-A,it,675.72,704.11,45.0,48.6,889.4,100,0,0,6
2026-09-06T18:00:00Z,UPS-A3,HALL-A,it,694.48,723.45,46.3,48.6,889.0,100,0,0,6
2026-09-06T19:00:00Z,UPS-A3,HALL-A,it,705.98,735.31,47.1,50.8,927.9,100,0,0,6
2026-09-06T20:00:00Z,UPS-A3,HALL-A,it,737.03,767.32,49.1,53.1,969.2,100,0,0,6
2026-09-06T21:00:00Z,UPS-A3,HALL-A,it,756.13,787.02,50.4,53.1,970.1,100,0,0,6
2026-09-06T22:00:00Z,UPS-A3,HALL-A,it,751.39,782.12,50.1,53.0,966.6,100,0,0,6
2026-09-06T23:00:00Z,UPS-A3,HALL-A,it,750.85,781.57,50.1,53.3,973.3,100,0,0,6
2026-09-07T00:00:00Z,UPS-A3,HALL-A,it,766.87,798.09,51.1,53.3,973.0,100,0,0,6
2026-09-07T01:00:00Z,UPS-A3,HALL-A,it,759.14,790.12,50.6,53.3,972.9,100,0,0,6
2026-09-07T02:00:00Z,UPS-A3,HALL-A,it,746.04,776.62,49.7,53.0,968.6,100,0,0,6
2026-09-07T03:00:00Z,UPS-A3,HALL-A,it,767.6,798.85,51.2,53.0,969.4,100,0,0,6
2026-09-07T04:00:00Z,UPS-A3,HALL-A,it,760.28,791.3,50.7,53.0,969.0,100,0,0,6
2026-09-07T05:00:00Z,UPS-A3,HALL-A,it,768.34,799.6,51.2,53.1,970.3,100,0,0,6
2026-09-07T06:00:00Z,UPS-A3,HALL-A,it,751.79,782.54,50.1,53.1,969.8,100,0,0,6
2026-09-07T07:00:00Z,UPS-A3,HALL-A,it,766.4,797.62,51.1,53.0,968.8,100,0,0,6
2026-09-07T08:00:00Z,UPS-A3,HALL-A,it,767.71,798.97,51.2,53.0,968.9,100,0,0,6
2026-09-07T09:00:00Z,UPS-A3,HALL-A,it,754.34,785.18,50.3,53.0,968.2,100,0,0,6
2026-09-07T10:00:00Z,UPS-A3,HALL-A,it,743.85,774.36,49.6,52.9,966.1,100,0,0,6
2026-09-07T11:00:00Z,UPS-A3,HALL-A,it,748.38,779.02,49.9,52.5,960.0,100,0,0,6
2026-09-07T12:00:00Z,UPS-A3,HALL-A,it,738.51,768.85,49.2,52.5,958.8,100,0,0,6
2026-09-07T13:00:00Z,UPS-A3,HALL-A,it,764.84,795.99,51.0,52.6,960.6,100,0,0,6
2026-09-07T14:00:00Z,UPS-A3,HALL-A,it,763.74,794.86,50.9,52.6,962.3,100,0,0,6
2026-09-07T15:00:00Z,UPS-A3,HALL-A,it,768.86,800.13,51.3,52.6,961.9,100,0,0,6
2026-09-07T16:00:00Z,UPS-A3,HALL-A,it,755.17,786.02,50.4,53.0,967.2,100,0,0,6
2026-09-07T17:00:00Z,UPS-A3,HALL-A,it,768.53,799.82,51.2,53.0,968.1,100,0,0,6
2026-09-07T18:00:00Z,UPS-A3,HALL-A,it,769.22,800.53,51.3,53.0,967.7,100,0,0,6
2026-09-07T19:00:00Z,UPS-A3,HALL-A,it,727.3,757.29,48.5,50.6,926.1,100,0,0,6
2026-09-07T20:00:00Z,UPS-A3,HALL-A,it,731.14,761.23,48.7,50.5,921.8,100,0,0,6
2026-09-07T21:00:00Z,UPS-A3,HALL-A,it,732.66,762.81,48.8,50.3,919.1,100,0,0,6
2026-09-07T22:00:00Z,UPS-A3,HALL-A,it,758.66,789.62,50.6,52.8,965.1,100,0,0,6
2026-09-07T23:00:00Z,UPS-A3,HALL-A,it,768.74,800.01,51.2,52.9,966.7,100,0,0,6
2026-09-08T00:00:00Z,UPS-A3,HALL-A,it,771.47,802.83,51.4,52.9,966.7,100,0,0,6
2026-09-08T01:00:00Z,UPS-A3,HALL-A,it,755.13,786.0,50.3,52.9,966.3,100,0,0,6
2026-09-08T02:00:00Z,UPS-A3,HALL-A,it,733.35,763.54,48.9,50.4,921.6,100,0,0,6
2026-09-08T03:00:00Z,UPS-A3,HALL-A,it,709.38,738.83,47.3,50.3,919.2,100,0,0,6
2026-09-08T04:00:00Z,UPS-A3,HALL-A,it,694.83,723.83,46.3,48.3,883.0,100,0,0,6
2026-09-08T05:00:00Z,UPS-A3,HALL-A,it,712.55,742.09,47.5,50.6,925.4,100,0,0,6
2026-09-08T06:00:00Z,UPS-A3,HALL-A,it,734.25,764.48,49.0,50.6,925.2,100,0,0,6
2026-09-08T07:00:00Z,UPS-A3,HALL-A,it,732.16,762.31,48.8,50.6,925.2,100,0,0,6
2026-09-08T08:00:00Z,UPS-A3,HALL-A,it,699.36,728.5,46.6,49.1,896.2,100,0,0,6
2026-09-08T09:00:00Z,UPS-A3,HALL-A,it,701.05,730.24,46.7,48.1,880.5,100,0,0,6
2026-09-08T10:00:00Z,UPS-A3,HALL-A,it,712.29,741.82,47.5,50.5,922.7,100,0,0,6
2026-09-08T11:00:00Z,UPS-A3,HALL-A,it,732.21,762.34,48.8,50.5,924.0,100,0,0,6
2026-09-08T12:00:00Z,UPS-A3,HALL-A,it,745.35,775.89,49.7,52.8,964.7,100,0,0,6
2026-09-08T13:00:00Z,UPS-A3,HALL-A,it,725.21,755.14,48.4,52.7,961.9,100,0,0,6
2026-09-08T14:00:00Z,UPS-A3,HALL-A,it,759.48,790.48,50.6,53.0,967.6,100,0,0,6
2026-09-08T15:00:00Z,UPS-A3,HALL-A,it,751.3,782.04,50.1,53.0,967.4,100,0,0,6
2026-09-08T16:00:00Z,UPS-A3,HALL-A,it,763.56,794.67,50.9,52.9,966.7,100,0,0,6
2026-09-08T17:00:00Z,UPS-A3,HALL-A,it,740.97,771.37,49.4,52.9,966.3,100,0,0,6
2026-09-08T18:00:00Z,UPS-A3,HALL-A,it,710.1,739.57,47.3,50.5,920.7,100,0,0,6
2026-09-08T19:00:00Z,UPS-A3,HALL-A,it,718.29,748.01,47.9,51.1,933.5,100,0,0,6
2026-09-08T20:00:00Z,UPS-A3,HALL-A,it,764.4,795.53,51.0,53.3,973.7,100,0,0,6
2026-09-08T21:00:00Z,UPS-A3,HALL-A,it,772.01,803.38,51.5,53.4,974.9,100,0,0,6
2026-09-08T22:00:00Z,UPS-A3,HALL-A,it,749.93,780.62,50.0,53.2,971.3,100,0,0,6
2026-09-08T23:00:00Z,UPS-A3,HALL-A,it,728.16,758.18,48.5,53.2,971.6,100,0,0,6
2026-09-09T00:00:00Z,UPS-A3,HALL-A,it,733.99,764.18,48.9,53.2,971.1,100,0,0,6
2026-09-09T01:00:00Z,UPS-A3,HALL-A,it,715.43,745.05,47.7,50.7,927.6,100,0,0,6
2026-09-09T02:00:00Z,UPS-A3,HALL-A,it,703.02,732.26,46.9,48.4,884.9,100,0,0,6
2026-09-09T03:00:00Z,UPS-A3,HALL-A,it,718.85,748.58,47.9,50.5,922.7,100,0,0,6
2026-09-09T04:00:00Z,UPS-A3,HALL-A,it,720.89,750.68,48.1,50.1,916.9,100,0,0,6
2026-09-09T05:00:00Z,UPS-A3,HALL-A,it,732.75,762.9,48.9,52.4,956.8,100,0,0,6
2026-09-09T06:00:00Z,UPS-A3,HALL-A,it,730.74,760.85,48.7,52.4,957.8,100,0,0,6
2026-09-09T07:00:00Z,UPS-A3,HALL-A,it,773.24,804.66,51.6,53.2,971.8,100,0,0,6
2026-09-09T08:00:00Z,UPS-A3,HALL-A,it,727.84,757.86,48.5,53.2,972.1,100,0,0,6
2026-09-09T09:00:00Z,UPS-A3,HALL-A,it,728.47,758.52,48.6,50.8,928.9,100,0,0,6
2026-09-09T10:00:00Z,UPS-A3,HALL-A,it,707.39,736.78,47.2,48.5,885.7,100,0,0,6
2026-09-09T11:00:00Z,UPS-A3,HALL-A,it,709.02,738.45,47.3,49.9,911.6,100,0,0,6
2026-09-09T12:00:00Z,UPS-A3,HALL-A,it,745.84,776.41,49.7,53.5,976.7,100,0,0,6
2026-09-09T13:00:00Z,UPS-A3,HALL-A,it,774.26,805.7,51.6,53.6,979.5,100,0,0,6
2026-09-09T14:00:00Z,UPS-A3,HALL-A,it,776.56,808.08,51.8,53.6,978.7,100,0,0,6
2026-09-09T15:00:00Z,UPS-A3,HALL-A,it,775.65,807.13,51.7,53.6,978.9,100,0,0,6
2026-09-09T16:00:00Z,UPS-A3,HALL-A,it,779.45,811.04,52.0,53.6,979.2,100,0,0,6
2026-09-09T17:00:00Z,UPS-A3,HALL-A,it,778.09,809.64,51.9,53.6,979.4,100,0,0,6
2026-09-09T18:00:00Z,UPS-A3,HALL-A,it,777.68,809.22,51.8,53.6,979.0,100,0,0,6
2026-09-09T19:00:00Z,UPS-A3,HALL-A,it,778.07,809.63,51.9,53.6,980.2,100,0,0,6
2026-09-09T20:00:00Z,UPS-A3,HALL-A,it,773.68,805.1,51.6,53.6,979.3,100,0,0,6
2026-09-09T21:00:00Z,UPS-A3,HALL-A,it,744.07,774.58,49.6,53.5,977.6,100,0,0,6
2026-09-09T22:00:00Z,UPS-A3,HALL-A,it,736.39,766.66,49.1,53.3,974.3,100,0,0,6
2026-09-09T23:00:00Z,UPS-A3,HALL-A,it,764.69,795.84,51.0,53.5,977.1,100,0,0,6
2026-09-10T00:00:00Z,UPS-A3,HALL-A,it,712.46,741.98,47.5,49.0,895.7,100,0,0,6
2026-09-10T01:00:00Z,UPS-A3,HALL-A,it,714.09,743.68,47.6,49.4,903.3,100,0,0,6
2026-09-10T02:00:00Z,UPS-A3,HALL-A,it,724.49,754.39,48.3,53.1,970.2,100,0,0,6
2026-09-10T03:00:00Z,UPS-A3,HALL-A,it,761.68,792.73,50.8,54.2,990.0,100,0,0,6
2026-09-10T04:00:00Z,UPS-A3,HALL-A,it,751.91,782.66,50.1,51.8,947.6,100,0,0,6
2026-09-10T05:00:00Z,UPS-A3,HALL-A,it,767.91,799.16,51.2,53.9,985.2,100,0,0,6
2026-09-10T06:00:00Z,UPS-A3,HALL-A,it,746.69,777.29,49.8,51.5,942.1,100,0,0,6
2026-09-10T07:00:00Z,UPS-A3,HALL-A,it,743.29,773.77,49.6,51.6,940.7,100,0,0,6
2026-09-10T08:00:00Z,UPS-A3,HALL-A,it,747.84,778.45,49.9,51.4,939.7,100,0,0,6
2026-09-10T09:00:00Z,UPS-A3,HALL-A,it,747.78,778.4,49.9,52.4,956.5,100,0,0,6
2026-09-10T10:00:00Z,UPS-A3,HALL-A,it,722.72,752.57,48.2,51.4,939.3,100,0,0,6
2026-09-10T11:00:00Z,UPS-A3,HALL-A,it,704.53,733.83,47.0,48.9,894.4,100,0,0,6
2026-09-10T12:00:00Z,UPS-A3,HALL-A,it,657.68,685.52,43.8,46.8,853.4,100,0,0,6
2026-09-10T13:00:00Z,UPS-A3,HALL-A,it,651.71,679.36,43.4,46.8,853.9,100,0,0,6
2026-09-10T14:00:00Z,UPS-A3,HALL-A,it,703.73,733.0,46.9,49.1,896.6,100,0,0,6
2026-09-10T15:00:00Z,UPS-A3,HALL-A,it,720.92,750.72,48.1,51.7,943.9,100,0,0,6
2026-09-10T16:00:00Z,UPS-A3,HALL-A,it,775.17,806.65,51.7,53.9,986.0,100,0,0,6
2026-09-10T17:00:00Z,UPS-A3,HALL-A,it,762.57,793.65,50.8,53.9,986.3,100,0,0,6
2026-09-10T18:00:00Z,UPS-A3,HALL-A,it,752.37,783.14,50.2,53.5,977.2,100,0,0,6
2026-09-10T19:00:00Z,UPS-A3,HALL-A,it,754.44,785.27,50.3,53.0,967.5,100,0,0,6
2026-09-10T20:00:00Z,UPS-A3,HALL-A,it,770.0,801.33,51.3,53.0,968.5,100,0,0,6
2026-09-10T21:00:00Z,UPS-A3,HALL-A,it,767.07,798.28,51.1,53.1,971.2,100,0,0,6
2026-09-10T22:00:00Z,UPS-A3,HALL-A,it,748.63,779.28,49.9,53.2,971.6,100,0,0,6
2026-09-10T23:00:00Z,UPS-A3,HALL-A,it,773.05,804.46,51.5,53.1,971.7,100,0,0,6
2026-09-11T00:00:00Z,UPS-A3,HALL-A,it,763.15,794.24,50.9,53.1,970.7,100,0,0,6
2026-09-11T01:00:00Z,UPS-A3,HALL-A,it,740.79,771.2,49.4,51.8,946.9,100,0,0,6
2026-09-11T02:00:00Z,UPS-A3,HALL-A,it,728.77,758.81,48.6,50.7,926.7,100,0,0,6
2026-09-11T03:00:00Z,UPS-A3,HALL-A,it,738.06,768.39,49.2,51.0,931.5,100,0,0,6
2026-09-11T04:00:00Z,UPS-A3,HALL-A,it,745.14,775.68,49.7,51.0,932.1,100,0,0,6
2026-09-11T05:00:00Z,UPS-A3,HALL-A,it,723.1,752.95,48.2,51.3,937.9,100,0,0,6
2026-09-11T06:00:00Z,UPS-A3,HALL-A,it,746.6,777.18,49.8,53.4,973.9,100,0,0,6
2026-09-11T07:00:00Z,UPS-A3,HALL-A,it,739.09,769.43,49.3,53.3,972.8,100,0,0,6
2026-09-11T08:00:00Z,UPS-A3,HALL-A,it,730.66,760.76,48.7,51.2,936.3,100,0,0,6
2026-09-11T09:00:00Z,UPS-A3,HALL-A,it,741.68,772.12,49.4,51.2,937.4,100,0,0,6
2026-09-11T10:00:00Z,UPS-A3,HALL-A,it,717.86,747.55,47.9,51.2,934.9,100,0,0,6
2026-09-11T11:00:00Z,UPS-A3,HALL-A,it,740.57,770.96,49.4,51.1,934.7,100,0,0,6
2026-09-11T12:00:00Z,UPS-A3,HALL-A,it,740.22,770.62,49.3,51.1,934.1,100,0,0,6
2026-09-11T13:00:00Z,UPS-A3,HALL-A,it,746.47,777.05,49.8,51.1,934.5,100,0,0,6
2026-09-11T14:00:00Z,UPS-A3,HALL-A,it,742.99,773.46,49.5,51.1,934.2,100,0,0,6
2026-09-11T15:00:00Z,UPS-A3,HALL-A,it,762.93,794.03,50.9,53.6,979.5,100,0,0,6
2026-09-11T16:00:00Z,UPS-A3,HALL-A,it,756.85,787.75,50.5,53.5,978.7,100,0,0,6
2026-09-11T17:00:00Z,UPS-A3,HALL-A,it,773.06,804.47,51.5,53.6,978.4,100,0,0,6
2026-09-11T18:00:00Z,UPS-A3,HALL-A,it,772.61,804.0,51.5,53.4,975.7,100,0,0,6
2026-09-11T19:00:00Z,UPS-A3,HALL-A,it,777.17,808.69,51.8,53.4,975.6,100,0,0,6
2026-09-11T20:00:00Z,UPS-A3,HALL-A,it,775.14,806.61,51.7,53.5,977.0,100,0,0,6
2026-09-11T21:00:00Z,UPS-A3,HALL-A,it,779.27,810.88,52.0,53.5,976.8,100,0,0,6
2026-09-11T22:00:00Z,UPS-A3,HALL-A,it,779.9,811.51,52.0,53.5,977.8,100,0,0,6
2026-09-11T23:00:00Z,UPS-A3,HALL-A,it,775.08,806.55,51.7,53.5,977.7,100,0,0,6
2026-09-12T00:00:00Z,UPS-A3,HALL-A,it,780.99,812.64,52.1,53.5,977.1,100,0,0,6
2026-09-12T01:00:00Z,UPS-A3,HALL-A,it,778.3,809.87,51.9,53.5,977.3,100,0,0,6
2026-09-12T02:00:00Z,UPS-A3,HALL-A,it,778.03,809.59,51.9,53.5,978.2,100,0,0,6
2026-09-12T03:00:00Z,UPS-A3,HALL-A,it,777.12,808.65,51.8,53.8,983.1,100,0,0,6
2026-09-12T04:00:00Z,UPS-A3,HALL-A,it,757.19,788.1,50.5,53.8,982.5,100,0,0,6
2026-09-12T05:00:00Z,UPS-A3,HALL-A,it,784.5,816.24,52.3,53.6,979.1,100,0,0,6
2026-09-12T06:00:00Z,UPS-A3,HALL-A,it,778.83,810.4,51.9,53.6,978.3,100,0,0,6
2026-09-12T07:00:00Z,UPS-A3,HALL-A,it,754.7,785.55,50.3,53.6,977.4,100,0,0,6
2026-09-12T08:00:00Z,UPS-A3,HALL-A,it,745.48,776.03,49.7,51.0,933.8,100,0,0,6
2026-09-12T09:00:00Z,UPS-A3,HALL-A,it,731.29,761.41,48.8,51.0,932.8,100,0,0,6
2026-09-12T10:00:00Z,UPS-A3,HALL-A,it,721.26,751.07,48.1,51.0,931.2,100,0,0,6
2026-09-12T11:00:00Z,UPS-A3,HALL-A,it,738.05,768.36,49.2,53.5,978.1,100,0,0,6
2026-09-12T12:00:00Z,UPS-A3,HALL-A,it,779.52,811.12,52.0,53.6,979.2,100,0,0,6
2026-09-12T13:00:00Z,UPS-A3,HALL-A,it,756.35,787.24,50.4,53.6,979.0,100,0,0,6
2026-09-12T14:00:00Z,UPS-A3,HALL-A,it,749.05,779.71,49.9,52.6,960.9,100,0,0,6
2026-09-12T15:00:00Z,UPS-A3,HALL-A,it,786.38,818.22,52.4,53.7,980.5,100,0,0,6
2026-09-12T16:00:00Z,UPS-A3,HALL-A,it,777.58,809.14,51.8,53.7,980.1,100,0,0,6
2026-09-12T17:00:00Z,UPS-A3,HALL-A,it,725.75,755.69,48.4,50.9,928.9,100,0,0,6
2026-09-12T18:00:00Z,UPS-A3,HALL-A,it,729.82,759.89,48.7,50.9,930.4,100,0,0,6
2026-09-12T19:00:00Z,UPS-A3,HALL-A,it,729.38,759.44,48.6,50.5,921.7,100,0,0,6
2026-09-12T20:00:00Z,UPS-A3,HALL-A,it,732.08,762.22,48.8,50.5,921.6,100,0,0,6
2026-09-12T21:00:00Z,UPS-A3,HALL-A,it,757.95,788.88,50.5,52.7,962.9,100,0,0,6
2026-09-12T22:00:00Z,UPS-A3,HALL-A,it,767.71,798.95,51.2,52.7,963.5,100,0,0,6
2026-09-12T23:00:00Z,UPS-A3,HALL-A,it,741.84,772.28,49.5,52.7,963.6,100,0,0,6
2026-09-13T00:00:00Z,UPS-A3,HALL-A,it,701.98,731.18,46.8,50.3,920.3,100,0,0,6
2026-09-13T01:00:00Z,UPS-A3,HALL-A,it,697.64,726.73,46.5,47.8,873.0,100,0,0,6
2026-09-13T02:00:00Z,UPS-A3,HALL-A,it,678.38,706.85,45.2,47.9,874.7,100,0,0,6
2026-09-13T03:00:00Z,UPS-A3,HALL-A,it,646.48,673.97,43.1,45.5,831.7,100,0,0,6
2026-09-13T04:00:00Z,UPS-A3,HALL-A,it,679.43,707.96,45.3,47.8,872.2,100,0,0,6
2026-09-13T05:00:00Z,UPS-A3,HALL-A,it,703.2,732.45,46.9,50.7,926.3,100,0,0,6
2026-09-13T06:00:00Z,UPS-A3,HALL-A,it,697.88,726.96,46.5,50.7,927.4,100,0,0,6
2026-09-13T07:00:00Z,UPS-A3,HALL-A,it,672.95,701.26,44.9,46.7,853.9,100,0,0,6
2026-09-13T08:00:00Z,UPS-A3,HALL-A,it,687.39,716.14,45.8,48.8,892.2,100,0,0,6
2026-09-13T09:00:00Z,UPS-A3,HALL-A,it,710.92,740.4,47.4,49.6,906.3,100,0,0,6
2026-09-13T10:00:00Z,UPS-A3,HALL-A,it,723.14,753.0,48.2,51.1,932.7,100,0,0,6
2026-09-13T11:00:00Z,UPS-A3,HALL-A,it,766.91,798.13,51.1,53.0,968.1,100,0,0,6
2026-09-13T12:00:00Z,UPS-A3,HALL-A,it,756.78,787.69,50.4,53.3,972.8,100,0,0,6
2026-09-13T13:00:00Z,UPS-A3,HALL-A,it,741.83,772.28,49.5,53.2,972.8,100,0,0,6
2026-09-13T14:00:00Z,UPS-A3,HALL-A,it,740.3,770.69,49.3,50.9,930.9,100,0,0,6
2026-09-13T15:00:00Z,UPS-A3,HALL-A,it,707.73,737.13,47.2,49.1,896.4,100,0,0,6
2026-09-13T16:00:00Z,UPS-A3,HALL-A,it,703.65,732.93,46.9,48.5,885.7,100,0,0,6
2026-09-13T17:00:00Z,UPS-A3,HALL-A,it,671.96,700.24,44.8,47.0,856.1,100,0,0,6
2026-09-13T18:00:00Z,UPS-A3,HALL-A,it,699.07,728.18,46.6,48.8,890.4,100,0,0,6
2026-09-13T19:00:00Z,UPS-A3,HALL-A,it,727.69,757.68,48.5,51.0,931.7,100,0,0,6
2026-09-13T20:00:00Z,UPS-A3,HALL-A,it,721.68,751.5,48.1,51.3,934.6,100,0,0,6
2026-09-13T21:00:00Z,UPS-A3,HALL-A,it,754.88,785.73,50.3,53.5,977.8,100,0,0,6
2026-09-13T22:00:00Z,UPS-A3,HALL-A,it,777.2,808.74,51.8,53.5,977.4,100,0,0,6
2026-09-13T23:00:00Z,UPS-A3,HALL-A,it,763.3,794.4,50.9,53.6,977.3,100,0,0,6
2026-09-14T00:00:00Z,UPS-A3,HALL-A,it,773.34,804.75,51.6,53.6,980.3,100,0,0,6
2026-09-14T01:00:00Z,UPS-A3,HALL-A,it,748.08,778.73,49.9,53.6,978.5,100,0,0,6
2026-09-14T02:00:00Z,UPS-A3,HALL-A,it,741.68,772.12,49.4,51.3,937.6,100,0,0,6
2026-09-14T03:00:00Z,UPS-A3,HALL-A,it,749.61,780.3,50.0,51.3,938.4,100,0,0,6
2026-09-14T04:00:00Z,UPS-A3,HALL-A,it,759.04,790.02,50.6,53.7,981.4,100,0,0,6
2026-09-14T05:00:00Z,UPS-A3,HALL-A,it,762.33,793.4,50.8,53.5,978.2,100,0,0,6
2026-09-14T06:00:00Z,UPS-A3,HALL-A,it,770.2,801.51,51.4,53.8,982.9,100,0,0,6
2026-09-14T07:00:00Z,UPS-A3,HALL-A,it,773.77,805.2,51.6,53.8,983.7,100,0,0,6
2026-09-14T08:00:00Z,UPS-A3,HALL-A,it,775.88,807.39,51.7,54.0,986.4,100,0,0,6
2026-09-14T09:00:00Z,UPS-A3,HALL-A,it,769.79,801.1,51.3,54.1,987.2,100,0,0,6
2026-09-14T10:00:00Z,UPS-A3,HALL-A,it,767.1,798.32,51.1,53.6,978.9,100,0,0,6
2026-09-14T11:00:00Z,UPS-A3,HALL-A,it,769.14,800.43,51.3,53.9,984.1,100,0,0,6
2026-09-14T12:00:00Z,UPS-A3,HALL-A,it,755.14,786.0,50.3,51.7,943.8,100,0,0,6
2026-09-14T13:00:00Z,UPS-A3,HALL-A,it,749.87,780.55,50.0,51.7,944.1,100,0,0,6
2026-09-14T14:00:00Z,UPS-A3,HALL-A,it,755.5,786.38,50.4,51.7,944.8,100,0,0,6
2026-09-14T15:00:00Z,UPS-A3,HALL-A,it,748.52,779.18,49.9,53.7,981.8,100,0,0,6
2026-09-14T16:00:00Z,UPS-A3,HALL-A,it,776.15,807.66,51.7,54.1,988.5,100,0,0,6
2026-09-14T17:00:00Z,UPS-A3,HALL-A,it,786.58,818.41,52.4,54.1,988.6,100,0,0,6
2026-09-14T18:00:00Z,UPS-A3,HALL-A,it,768.15,799.4,51.2,53.9,985.9,100,0,0,6
2026-09-14T19:00:00Z,UPS-A3,HALL-A,it,784.41,816.16,52.3,54.0,986.1,100,0,0,6
2026-09-14T20:00:00Z,UPS-A3,HALL-A,it,768.53,799.79,51.2,54.0,986.3,100,0,0,6
2026-09-14T21:00:00Z,UPS-A3,HALL-A,it,748.04,778.69,49.9,51.7,943.7,100,0,0,6
2026-09-14T22:00:00Z,UPS-A3,HALL-A,it,751.08,781.82,50.1,51.7,944.5,100,0,0,6
2026-09-14T23:00:00Z,UPS-A3,HALL-A,it,750.03,780.74,50.0,51.7,943.8,100,0,0,6
2026-09-15T00:00:00Z,UPS-A3,HALL-A,it,763.15,794.26,50.9,53.8,983.1,100,0,0,6
2026-09-15T01:00:00Z,UPS-A3,HALL-A,it,778.25,809.83,51.9,53.8,984.0,100,0,0,6
2026-09-15T02:00:00Z,UPS-A3,HALL-A,it,784.15,815.88,52.3,53.8,982.4,100,0,0,6
2026-09-15T03:00:00Z,UPS-A3,HALL-A,it,767.98,799.23,51.2,53.8,982.8,100,0,0,6
2026-09-15T04:00:00Z,UPS-A3,HALL-A,it,765.91,797.1,51.1,53.9,984.6,100,0,0,6
2026-09-15T05:00:00Z,UPS-A3,HALL-A,it,772.6,803.98,51.5,53.8,982.9,100,0,0,6
2026-09-15T06:00:00Z,UPS-A3,HALL-A,it,765.8,796.99,51.1,53.8,981.9,100,0,0,6
2026-09-15T07:00:00Z,UPS-A3,HALL-A,it,783.59,815.33,52.2,53.9,984.8,100,0,0,6
2026-09-15T08:00:00Z,UPS-A3,HALL-A,it,776.58,808.1,51.8,53.9,983.3,100,0,0,6
2026-09-15T09:00:00Z,UPS-A3,HALL-A,it,754.11,784.93,50.3,54.0,986.4,100,0,0,6
2026-09-15T10:00:00Z,UPS-A3,HALL-A,it,746.96,777.57,49.8,52.2,953.2,100,0,0,6
2026-09-15T11:00:00Z,UPS-A3,HALL-A,it,763.13,794.24,50.9,53.8,983.2,100,0,0,6
2026-09-15T12:00:00Z,UPS-A3,HALL-A,it,776.85,808.38,51.8,53.4,977.2,100,0,0,6
2026-09-15T13:00:00Z,UPS-A3,HALL-A,it,760.28,791.3,50.7,53.4,975.7,100,0,0,6
2026-09-15T14:00:00Z,UPS-A3,HALL-A,it,771.77,803.14,51.5,53.5,977.9,100,0,0,6
2026-09-15T15:00:00Z,UPS-A3,HALL-A,it,731.87,762.01,48.8,51.8,947.1,100,0,0,6
2026-09-15T16:00:00Z,UPS-A3,HALL-A,it,721.85,751.67,48.1,50.1,916.5,100,0,0,6
2026-09-15T17:00:00Z,UPS-A3,HALL-A,it,705.91,735.23,47.1,50.3,920.9,100,0,0,6
2026-09-15T18:00:00Z,UPS-A3,HALL-A,it,733.59,763.76,48.9,50.3,921.3,100,0,0,6
2026-09-15T19:00:00Z,UPS-A3,HALL-A,it,744.27,774.79,49.6,51.3,938.8,100,0,0,6
2026-09-15T20:00:00Z,UPS-A3,HALL-A,it,761.65,792.7,50.8,53.8,982.2,100,0,0,6
2026-09-15T21:00:00Z,UPS-A3,HALL-A,it,764.34,795.47,51.0,53.3,974.2,100,0,0,6
2026-09-15T22:00:00Z,UPS-A3,HALL-A,it,758.21,789.16,50.5,53.2,971.4,100,0,0,6
2026-09-15T23:00:00Z,UPS-A3,HALL-A,it,767.72,798.96,51.2,53.2,970.3,100,0,0,6
2026-09-16T00:00:00Z,UPS-A3,HALL-A,it,761.29,792.33,50.8,53.2,972.5,100,0,0,6
2026-09-16T01:00:00Z,UPS-A3,HALL-A,it,771.57,802.93,51.4,53.5,977.4,100,0,0,6
2026-09-16T02:00:00Z,UPS-A3,HALL-A,it,779.37,810.96,52.0,53.5,979.2,100,0,0,6
2026-09-16T03:00:00Z,UPS-A3,HALL-A,it,772.88,804.28,51.5,53.5,977.0,100,0,0,6
2026-09-16T04:00:00Z,UPS-A3,HALL-A,it,751.13,781.86,50.1,53.4,975.2,100,0,0,6
2026-09-16T05:00:00Z,UPS-A3,HALL-A,it,746.96,777.56,49.8,51.5,941.1,100,0,0,6
2026-09-16T06:00:00Z,UPS-A3,HALL-A,it,751.06,781.8,50.1,51.5,939.9,100,0,0,6
2026-09-16T07:00:00Z,UPS-A3,HALL-A,it,707.38,736.75,47.2,49.4,901.7,100,0,0,6
2026-09-16T08:00:00Z,UPS-A3,HALL-A,it,689.25,718.06,46.0,47.7,872.1,100,0,0,6
2026-09-16T09:00:00Z,UPS-A3,HALL-A,it,739.07,769.43,49.3,51.8,944.8,100,0,0,6
2026-09-16T10:00:00Z,UPS-A3,HALL-A,it,768.42,799.68,51.2,54.2,990.2,100,0,0,6
2026-09-16T11:00:00Z,UPS-A3,HALL-A,it,775.39,806.87,51.7,53.9,985.7,100,0,0,6
2026-09-16T12:00:00Z,UPS-A3,HALL-A,it,766.07,797.26,51.1,53.9,985.7,100,0,0,6
2026-09-16T13:00:00Z,UPS-A3,HALL-A,it,708.21,737.6,47.2,51.4,939.4,100,0,0,6
2026-09-16T14:00:00Z,UPS-A3,HALL-A,it,648.58,676.15,43.2,44.6,814.3,100,0,0,6
2026-09-16T15:00:00Z,UPS-A3,HALL-A,it,717.72,747.42,47.9,52.1,952.0,100,0,0,6
2026-09-16T16:00:00Z,UPS-A3,HALL-A,it,754.02,784.85,50.3,52.1,952.6,100,0,0,6
2026-09-16T17:00:00Z,UPS-A3,HALL-A,it,717.6,747.28,47.8,52.1,951.6,100,0,0,6
2026-09-16T18:00:00Z,UPS-A3,HALL-A,it,711.68,741.2,47.4,51.6,941.2,100,0,0,6
2026-09-16T19:00:00Z,UPS-A3,HALL-A,it,734.69,764.91,49.0,52.2,951.9,100,0,0,6
2026-09-16T20:00:00Z,UPS-A3,HALL-A,it,785.55,817.34,52.4,54.2,990.5,100,0,0,6
2026-09-16T21:00:00Z,UPS-A3,HALL-A,it,784.32,816.07,52.3,54.2,989.7,100,0,0,6
2026-09-16T22:00:00Z,UPS-A3,HALL-A,it,790.89,822.84,52.7,54.2,992.1,100,0,0,6
2026-09-16T23:00:00Z,UPS-A3,HALL-A,it,776.18,807.69,51.7,54.1,990.3,100,0,0,6
2026-09-17T00:00:00Z,UPS-A3,HALL-A,it,768.22,799.46,51.2,54.0,987.2,100,0,0,6
2026-09-17T01:00:00Z,UPS-A3,HALL-A,it,769.03,800.3,51.3,53.8,982.5,100,0,0,6
2026-09-17T02:00:00Z,UPS-A3,HALL-A,it,776.12,807.62,51.7,53.8,982.3,100,0,0,6
2026-09-17T03:00:00Z,UPS-A3,HALL-A,it,764.74,795.89,51.0,53.9,984.8,100,0,0,6
2026-09-17T04:00:00Z,UPS-A3,HALL-A,it,778.72,810.31,51.9,53.9,985.1,100,0,0,6
2026-09-17T05:00:00Z,UPS-A3,HALL-A,it,781.25,812.92,52.1,53.9,984.0,100,0,0,6
2026-09-17T06:00:00Z,UPS-A3,HALL-A,it,782.69,814.41,52.2,53.8,984.4,100,0,0,6
2026-09-17T07:00:00Z,UPS-A3,HALL-A,it,744.56,775.1,49.6,53.9,984.5,100,0,0,6
2026-09-17T08:00:00Z,UPS-A3,HALL-A,it,732.99,763.16,48.9,51.7,946.2,100,0,0,6
2026-09-17T09:00:00Z,UPS-A3,HALL-A,it,719.2,748.94,48.0,49.9,912.4,100,0,0,6
2026-09-17T10:00:00Z,UPS-A3,HALL-A,it,716.95,746.62,47.8,49.4,902.6,100,0,0,6
2026-09-17T11:00:00Z,UPS-A3,HALL-A,it,728.64,758.67,48.6,51.8,945.6,100,0,0,6
2026-09-17T12:00:00Z,UPS-A3,HALL-A,it,764.76,795.9,51.0,54.2,988.8,100,0,0,6
2026-09-17T13:00:00Z,UPS-A3,HALL-A,it,770.24,801.57,51.4,54.2,990.1,100,0,0,6
2026-09-17T14:00:00Z,UPS-A3,HALL-A,it,780.93,812.58,52.1,53.9,985.8,100,0,0,6
2026-09-17T15:00:00Z,UPS-A3,HALL-A,it,781.65,813.32,52.1,53.9,986.0,100,0,0,6
2026-09-17T16:00:00Z,UPS-A3,HALL-A,it,767.16,798.39,51.1,53.9,985.7,100,0,0,6
2026-09-17T17:00:00Z,UPS-A3,HALL-A,it,772.63,804.03,51.5,53.9,985.3,100,0,0,6
2026-09-17T18:00:00Z,UPS-A3,HALL-A,it,754.88,785.73,50.3,51.6,941.7,100,0,0,6
2026-09-17T19:00:00Z,UPS-A3,HALL-A,it,746.34,776.92,49.7,51.6,941.1,100,0,0,6
2026-09-17T20:00:00Z,UPS-A3,HALL-A,it,744.79,775.32,49.7,51.6,941.1,100,0,0,6
2026-09-17T21:00:00Z,UPS-A3,HALL-A,it,721.08,750.89,48.1,49.3,901.3,100,0,0,6
2026-09-17T22:00:00Z,UPS-A3,HALL-A,it,685.64,714.35,45.7,48.9,893.2,100,0,0,6
2026-09-17T23:00:00Z,UPS-A3,HALL-A,it,710.02,739.49,47.3,51.9,946.6,100,0,0,6
2026-09-18T00:00:00Z,UPS-A3,HALL-A,it,750.27,780.99,50.0,51.5,941.3,100,0,0,6
2026-09-18T01:00:00Z,UPS-A3,HALL-A,it,745.63,776.2,49.7,51.5,940.5,100,0,0,6
2026-09-18T02:00:00Z,UPS-A3,HALL-A,it,737.87,768.2,49.2,52.6,961.4,100,0,0,6
2026-09-18T03:00:00Z,UPS-A3,HALL-A,it,772.86,804.26,51.5,53.5,980.0,100,0,0,6
2026-09-18T04:00:00Z,UPS-A3,HALL-A,it,780.34,811.96,52.0,53.6,979.5,100,0,0,6
2026-09-18T05:00:00Z,UPS-A3,HALL-A,it,776.55,808.06,51.8,53.6,978.5,100,0,0,6
2026-09-18T06:00:00Z,UPS-A3,HALL-A,it,761.38,792.42,50.8,53.6,979.9,100,0,0,6
2026-09-18T07:00:00Z,UPS-A3,HALL-A,it,743.79,774.3,49.6,51.1,934.3,100,0,0,6
2026-09-18T08:00:00Z,UPS-A3,HALL-A,it,736.28,766.56,49.1,51.1,935.3,100,0,0,6
2026-09-18T09:00:00Z,UPS-A3,HALL-A,it,704.69,733.98,47.0,48.8,890.8,100,0,0,6
2026-09-18T10:00:00Z,UPS-A3,HALL-A,it,695.4,724.4,46.4,48.7,890.6,100,0,0,6
2026-09-18T11:00:00Z,UPS-A3,HALL-A,it,678.07,706.53,45.2,46.6,852.8,100,0,0,6
2026-09-18T12:00:00Z,UPS-A3,HALL-A,it,736.83,767.11,49.1,53.8,983.7,100,0,0,6
2026-09-18T13:00:00Z,UPS-A3,HALL-A,it,771.81,803.18,51.5,54.0,986.2,100,0,0,6
2026-09-18T14:00:00Z,UPS-A3,HALL-A,it,785.1,816.88,52.3,54.3,994.1,100,0,0,6
2026-09-18T15:00:00Z,UPS-A3,HALL-A,it,792.48,824.5,52.8,54.3,994.1,100,0,0,6
2026-09-18T16:00:00Z,UPS-A3,HALL-A,it,793.2,825.23,52.9,54.3,992.4,100,0,0,6
2026-09-18T17:00:00Z,UPS-A3,HALL-A,it,771.1,802.45,51.4,54.3,991.2,100,0,0,6
2026-09-18T18:00:00Z,UPS-A3,HALL-A,it,788.66,820.54,52.6,54.5,995.2,100,0,0,6
2026-09-18T19:00:00Z,UPS-A3,HALL-A,it,788.64,820.53,52.6,54.7,999.0,100,0,0,6
2026-09-18T20:00:00Z,UPS-A3,HALL-A,it,795.82,827.94,53.1,54.7,1000.6,100,0,0,6
2026-09-18T21:00:00Z,UPS-A3,HALL-A,it,796.68,828.83,53.1,54.7,999.9,100,0,0,6
2026-09-18T22:00:00Z,UPS-A3,HALL-A,it,789.03,820.94,52.6,54.9,1002.5,100,0,0,6
2026-09-18T23:00:00Z,UPS-A3,HALL-A,it,797.75,829.91,53.2,54.9,1003.3,100,0,0,6
2026-09-19T00:00:00Z,UPS-A3,HALL-A,it,799.25,831.46,53.3,54.9,1002.8,100,0,0,6
2026-09-19T01:00:00Z,UPS-A3,HALL-A,it,782.43,814.13,52.2,54.9,1003.8,100,0,0,6
2026-09-19T02:00:00Z,UPS-A3,HALL-A,it,776.86,808.38,51.8,54.8,1001.6,100,0,0,6
2026-09-19T03:00:00Z,UPS-A3,HALL-A,it,797.16,829.31,53.1,55.1,1006.6,100,0,0,6
2026-09-19T04:00:00Z,UPS-A3,HALL-A,it,780.31,811.94,52.0,55.0,1004.5,100,0,0,6
2026-09-19T05:00:00Z,UPS-A3,HALL-A,it,737.88,768.21,49.2,52.3,955.3,100,0,0,6
2026-09-19T06:00:00Z,UPS-A3,HALL-A,it,699.89,729.04,46.7,49.7,907.5,100,0,0,6
2026-09-19T07:00:00Z,UPS-A3,HALL-A,it,728.83,758.87,48.6,49.7,907.8,100,0,0,6
2026-09-19T08:00:00Z,UPS-A3,HALL-A,it,716.14,745.79,47.7,49.7,907.9,100,0,0,6
2026-09-19T09:00:00Z,UPS-A3,HALL-A,it,743.78,774.29,49.6,52.1,951.6,100,0,0,6
2026-09-19T10:00:00Z,UPS-A3,HALL-A,it,792.36,824.36,52.8,54.4,994.7,100,0,0,6
2026-09-19T11:00:00Z,UPS-A3,HALL-A,it,792.27,824.26,52.8,54.4,994.8,100,0,0,6
2026-09-19T12:00:00Z,UPS-A3,HALL-A,it,773.93,805.37,51.6,54.4,994.2,100,0,0,6
2026-09-19T13:00:00Z,UPS-A3,HALL-A,it,734.48,764.69,49.0,52.3,955.4,100,0,0,6
2026-09-19T14:00:00Z,UPS-A3,HALL-A,it,725.17,755.09,48.3,51.9,947.9,100,0,0,6
2026-09-19T15:00:00Z,UPS-A3,HALL-A,it,740.34,770.73,49.4,51.9,946.9,100,0,0,6
2026-09-19T16:00:00Z,UPS-A3,HALL-A,it,756.09,786.96,50.4,51.9,946.9,100,0,0,6
2026-09-19T17:00:00Z,UPS-A3,HALL-A,it,774.39,805.83,51.6,54.2,990.8,100,0,0,6
2026-09-19T18:00:00Z,UPS-A3,HALL-A,it,774.46,805.9,51.6,54.0,986.6,100,0,0,6
2026-09-19T19:00:00Z,UPS-A3,HALL-A,it,775.67,807.17,51.7,53.9,984.3,100,0,0,6
2026-09-19T20:00:00Z,UPS-A3,HALL-A,it,767.75,798.99,51.2,53.7,980.9,100,0,0,6
2026-09-19T21:00:00Z,UPS-A3,HALL-A,it,767.81,799.06,51.2,53.6,980.1,100,0,0,6
2026-09-19T22:00:00Z,UPS-A3,HALL-A,it,782.63,814.34,52.2,53.5,977.6,100,0,0,6
2026-09-19T23:00:00Z,UPS-A3,HALL-A,it,774.82,806.28,51.7,53.5,978.4,100,0,0,6
2026-09-20T00:00:00Z,UPS-A3,HALL-A,it,714.74,744.33,47.6,49.6,905.7,100,0,0,6
2026-09-20T01:00:00Z,UPS-A3,HALL-A,it,708.64,738.07,47.2,48.7,890.5,100,0,0,6
2026-09-20T02:00:00Z,UPS-A3,HALL-A,it,661.39,689.35,44.1,46.2,842.7,100,0,0,6
2026-09-20T03:00:00Z,UPS-A3,HALL-A,it,682.79,711.39,45.5,48.4,883.6,100,0,0,6
2026-09-20T04:00:00Z,UPS-A3,HALL-A,it,730.06,760.13,48.7,50.8,928.1,100,0,0,6
2026-09-20T05:00:00Z,UPS-A3,HALL-A,it,719.41,749.17,48.0,50.8,927.2,100,0,0,6
2026-09-20T06:00:00Z,UPS-A3,HALL-A,it,725.06,754.99,48.3,50.9,930.0,100,0,0,6
2026-09-20T07:00:00Z,UPS-A3,HALL-A,it,716.9,746.57,47.8,51.2,937.0,100,0,0,6
2026-09-20T08:00:00Z,UPS-A3,HALL-A,it,681.92,710.52,45.5,48.5,887.8,100,0,0,6
2026-09-20T09:00:00Z,UPS-A3,HALL-A,it,698.85,727.96,46.6,48.8,892.7,100,0,0,6
2026-09-20T10:00:00Z,UPS-A3,HALL-A,it,695.61,724.63,46.4,51.7,944.1,100,0,0,6
2026-09-20T11:00:00Z,UPS-A3,HALL-A,it,744.96,775.5,49.7,51.6,944.0,100,0,0,6
2026-09-20T12:00:00Z,UPS-A3,HALL-A,it,725.74,755.69,48.4,51.5,940.3,100,0,0,6
2026-09-20T13:00:00Z,UPS-A3,HALL-A,it,758.65,789.61,50.6,53.6,978.0,100,0,0,6
2026-09-20T14:00:00Z,UPS-A3,HALL-A,it,779.68,811.31,52.0,53.6,979.9,100,0,0,6
2026-09-20T15:00:00Z,UPS-A3,HALL-A,it,773.02,804.44,51.5,53.6,980.0,100,0,0,6
2026-09-20T16:00:00Z,UPS-A3,HALL-A,it,748.91,779.59,49.9,53.6,979.3,100,0,0,6
2026-09-20T17:00:00Z,UPS-A3,HALL-A,it,777.35,808.89,51.8,53.7,980.4,100,0,0,6
2026-09-20T18:00:00Z,UPS-A3,HALL-A,it,778.42,810.01,51.9,53.7,980.5,100,0,0,6
2026-09-20T19:00:00Z,UPS-A3,HALL-A,it,771.87,803.25,51.5,53.7,982.5,100,0,0,6
2026-09-20T20:00:00Z,UPS-A3,HALL-A,it,776.88,808.4,51.8,53.6,978.8,100,0,0,6
2026-09-20T21:00:00Z,UPS-A3,HALL-A,it,777.62,809.15,51.8,53.6,979.5,100,0,0,6
2026-09-20T22:00:00Z,UPS-A3,HALL-A,it,768.49,799.75,51.2,53.6,978.3,100,0,0,6
2026-09-20T23:00:00Z,UPS-A3,HALL-A,it,776.81,808.33,51.8,53.3,974.4,100,0,0,6
2026-09-21T00:00:00Z,UPS-A3,HALL-A,it,749.53,780.22,50.0,53.3,973.7,100,0,0,6
2026-09-21T01:00:00Z,UPS-A3,HALL-A,it,755.09,785.94,50.3,52.8,964.4,100,0,0,6
2026-09-21T02:00:00Z,UPS-A3,HALL-A,it,760.57,791.6,50.7,52.8,964.5,100,0,0,6
2026-09-21T03:00:00Z,UPS-A3,HALL-A,it,769.52,800.82,51.3,52.8,964.2,100,0,0,6
2026-09-21T04:00:00Z,UPS-A3,HALL-A,it,723.22,753.09,48.2,50.9,929.5,100,0,0,6
2026-09-21T05:00:00Z,UPS-A3,HALL-A,it,725.12,755.04,48.3,51.4,938.5,100,0,0,6
2026-09-21T06:00:00Z,UPS-A3,HALL-A,it,761.62,792.68,50.8,53.4,975.7,100,0,0,6
2026-09-21T07:00:00Z,UPS-A3,HALL-A,it,769.39,800.7,51.3,53.2,972.4,100,0,0,6
2026-09-21T08:00:00Z,UPS-A3,HALL-A,it,760.73,791.76,50.7,53.2,972.6,100,0,0,6
2026-09-21T09:00:00Z,UPS-A3,HALL-A,it,711.87,741.39,47.5,51.0,934.0,100,0,0,6
2026-09-21T10:00:00Z,UPS-A3,HALL-A,it,767.01,798.23,51.1,53.8,983.3,100,0,0,6
2026-09-21T11:00:00Z,UPS-A3,HALL-A,it,762.86,793.95,50.9,53.5,976.7,100,0,0,6
2026-09-21T12:00:00Z,UPS-A3,HALL-A,it,765.95,797.14,51.1,53.5,977.2,100,0,0,6
2026-09-21T13:00:00Z,UPS-A3,HALL-A,it,731.57,761.69,48.8,51.9,947.9,100,0,0,6
2026-09-21T14:00:00Z,UPS-A3,HALL-A,it,717.53,747.22,47.8,51.2,934.1,100,0,0,6
2026-09-21T15:00:00Z,UPS-A3,HALL-A,it,677.32,705.78,45.2,48.6,888.4,100,0,0,6
2026-09-21T16:00:00Z,UPS-A3,HALL-A,it,672.65,700.97,44.8,47.3,864.0,100,0,0,6
2026-09-21T17:00:00Z,UPS-A3,HALL-A,it,653.12,680.81,43.5,46.3,844.9,100,0,0,6
2026-09-21T18:00:00Z,UPS-A3,HALL-A,it,692.93,721.86,46.2,48.3,882.7,100,0,0,6
2026-09-21T19:00:00Z,UPS-A3,HALL-A,it,724.89,754.81,48.3,50.7,927.9,100,0,0,6
2026-09-21T20:00:00Z,UPS-A3,HALL-A,it,732.3,762.45,48.8,50.7,927.6,100,0,0,6
2026-09-21T21:00:00Z,UPS-A3,HALL-A,it,708.12,737.53,47.2,50.9,929.1,100,0,0,6
2026-09-21T22:00:00Z,UPS-A3,HALL-A,it,731.88,762.02,48.8,50.9,929.0,100,0,0,6
2026-09-21T23:00:00Z,UPS-A3,HALL-A,it,735.45,765.71,49.0,50.8,928.6,100,0,0,6
2026-09-22T00:00:00Z,UPS-A3,HALL-A,it,701.34,730.53,46.8,50.8,928.2,100,0,0,6
2026-09-22T01:00:00Z,UPS-A3,HALL-A,it,710.26,739.72,47.3,48.8,891.0,100,0,0,6
2026-09-22T02:00:00Z,UPS-A3,HALL-A,it,708.02,737.41,47.2,51.0,931.7,100,0,0,6
2026-09-22T03:00:00Z,UPS-A3,HALL-A,it,738.18,768.51,49.2,53.3,972.5,100,0,0,6
2026-09-22T04:00:00Z,UPS-A3,HALL-A,it,769.99,801.31,51.3,53.3,973.1,100,0,0,6
2026-09-22T05:00:00Z,UPS-A3,HALL-A,it,755.26,786.12,50.3,53.3,973.1,100,0,0,6
2026-09-22T06:00:00Z,UPS-A3,HALL-A,it,769.05,800.33,51.3,53.3,974.2,100,0,0,6
2026-09-22T07:00:00Z,UPS-A3,HALL-A,it,769.76,801.08,51.3,53.5,977.3,100,0,0,6
2026-09-22T08:00:00Z,UPS-A3,HALL-A,it,778.61,810.2,51.9,53.5,978.4,100,0,0,6
2026-09-22T09:00:00Z,UPS-A3,HALL-A,it,754.56,785.39,50.3,53.4,975.9,100,0,0,6
2026-09-22T10:00:00Z,UPS-A3,HALL-A,it,763.79,794.9,50.9,53.3,973.5,100,0,0,6
2026-09-22T11:00:00Z,UPS-A3,HALL-A,it,759.55,790.55,50.6,53.3,974.5,100,0,0,6
2026-09-22T12:00:00Z,UPS-A3,HALL-A,it,774.24,805.68,51.6,53.3,972.8,100,0,0,6
2026-09-22T13:00:00Z,UPS-A3,HALL-A,it,754.0,784.83,50.3,53.3,972.9,100,0,0,6
2026-09-22T14:00:00Z,UPS-A3,HALL-A,it,739.92,770.3,49.3,50.8,929.0,100,0,0,6
2026-09-22T15:00:00Z,UPS-A3,HALL-A,it,738.66,769.0,49.2,50.8,929.2,100,0,0,6
2026-09-22T16:00:00Z,UPS-A3,HALL-A,it,727.53,757.53,48.5,50.8,929.0,100,0,0,6
2026-09-22T17:00:00Z,UPS-A3,HALL-A,it,703.39,732.62,46.9,48.4,885.0,100,0,0,6
2026-09-22T18:00:00Z,UPS-A3,HALL-A,it,704.19,733.46,46.9,50.6,924.7,100,0,0,6
2026-09-22T19:00:00Z,UPS-A3,HALL-A,it,732.64,762.8,48.8,50.7,926.1,100,0,0,6
2026-09-22T20:00:00Z,UPS-A3,HALL-A,it,671.68,699.96,44.8,48.3,883.4,100,0,0,6
2026-09-22T21:00:00Z,UPS-A3,HALL-A,it,701.72,730.92,46.8,50.6,925.3,100,0,0,6
2026-09-22T22:00:00Z,UPS-A3,HALL-A,it,738.7,769.05,49.2,50.7,925.9,100,0,0,6
2026-09-22T23:00:00Z,UPS-A3,HALL-A,it,719.8,749.57,48.0,50.6,924.8,100,0,0,6
2026-09-23T00:00:00Z,UPS-A3,HALL-A,it,736.01,766.27,49.1,50.8,927.3,100,0,0,6
2026-09-23T01:00:00Z,UPS-A3,HALL-A,it,731.66,761.79,48.8,53.7,981.3,100,0,0,6
2026-09-23T02:00:00Z,UPS-A3,HALL-A,it,759.18,790.17,50.6,53.4,975.6,100,0,0,6
2026-09-23T03:00:00Z,UPS-A3,HALL-A,it,705.19,734.5,47.0,50.8,927.9,100,0,0,6
2026-09-23T04:00:00Z,UPS-A3,HALL-A,it,733.68,763.88,48.9,51.0,932.6,100,0,0,6
2026-09-23T05:00:00Z,UPS-A3,HALL-A,it,737.62,767.93,49.2,52.2,953.9,100,0,0,6
2026-09-23T06:00:00Z,UPS-A3,HALL-A,it,758.42,789.37,50.6,54.1,988.1,100,0,0,6
2026-09-23T07:00:00Z,UPS-A3,HALL-A,it,779.78,811.4,52.0,54.1,988.9,100,0,0,6
2026-09-23T08:00:00Z,UPS-A3,HALL-A,it,781.93,813.62,52.1,54.1,989.1,100,0,0,6
2026-09-23T09:00:00Z,UPS-A3,HALL-A,it,754.6,785.44,50.3,53.9,984.2,100,0,0,6
2026-09-23T10:00:00Z,UPS-A3,HALL-A,it,774.59,806.06,51.6,53.9,984.1,100,0,0,6
2026-09-23T11:00:00Z,UPS-A3,HALL-A,it,762.56,793.64,50.8,53.9,983.4,100,0,0,6
2026-09-23T12:00:00Z,UPS-A3,HALL-A,it,753.36,784.15,50.2,53.5,975.8,100,0,0,6
2026-09-23T13:00:00Z,UPS-A3,HALL-A,it,746.29,776.87,49.8,53.3,974.1,100,0,0,6
2026-09-23T14:00:00Z,UPS-A3,HALL-A,it,744.73,775.25,49.7,51.1,933.4,100,0,0,6
2026-09-23T15:00:00Z,UPS-A3,HALL-A,it,728.33,758.37,48.6,51.1,932.7,100,0,0,6
2026-09-23T16:00:00Z,UPS-A3,HALL-A,it,717.93,747.63,47.9,51.1,932.0,100,0,0,6
2026-09-23T17:00:00Z,UPS-A3,HALL-A,it,739.39,769.77,49.3,51.6,942.8,100,0,0,6
2026-09-23T18:00:00Z,UPS-A3,HALL-A,it,760.25,791.26,50.7,53.6,978.6,100,0,0,6
2026-09-23T19:00:00Z,UPS-A3,HALL-A,it,771.32,802.67,51.4,53.6,978.7,100,0,0,6
2026-09-23T20:00:00Z,UPS-A3,HALL-A,it,758.97,789.94,50.6,53.9,985.7,100,0,0,6
2026-09-23T21:00:00Z,UPS-A3,HALL-A,it,778.39,809.96,51.9,53.9,986.1,100,0,0,6
2026-09-23T22:00:00Z,UPS-A3,HALL-A,it,758.89,789.87,50.6,53.9,984.5,100,0,0,6
2026-09-23T23:00:00Z,UPS-A3,HALL-A,it,766.65,797.88,51.1,53.9,983.7,100,0,0,6
2026-09-24T00:00:00Z,UPS-A3,HALL-A,it,747.79,778.44,49.9,51.5,941.3,100,0,0,6
2026-09-24T01:00:00Z,UPS-A3,HALL-A,it,719.74,749.5,48.0,51.4,939.3,100,0,0,6
2026-09-24T02:00:00Z,UPS-A3,HALL-A,it,736.76,767.06,49.1,51.3,937.8,100,0,0,6
2026-09-24T03:00:00Z,UPS-A3,HALL-A,it,743.07,773.56,49.5,51.3,936.3,100,0,0,6
2026-09-24T04:00:00Z,UPS-A3,HALL-A,it,763.89,795.02,50.9,53.5,975.6,100,0,0,6
2026-09-24T05:00:00Z,UPS-A3,HALL-A,it,773.59,805.02,51.6,53.4,975.7,100,0,0,6
2026-09-24T06:00:00Z,UPS-A3,HALL-A,it,763.21,794.33,50.9,53.4,977.1,100,0,0,6
2026-09-24T07:00:00Z,UPS-A3,HALL-A,it,759.63,790.63,50.6,53.6,979.1,100,0,0,6
2026-09-24T08:00:00Z,UPS-A3,HALL-A,it,763.44,794.56,50.9,53.6,979.9,100,0,0,6
2026-09-24T09:00:00Z,UPS-A3,HALL-A,it,770.94,802.28,51.4,53.4,975.7,100,0,0,6
2026-09-24T10:00:00Z,UPS-A3,HALL-A,it,747.36,777.97,49.8,53.4,975.4,100,0,0,6
2026-09-24T11:00:00Z,UPS-A3,HALL-A,it,761.84,792.89,50.8,53.5,977.2,100,0,0,6
2026-09-24T12:00:00Z,UPS-A3,HALL-A,it,758.97,789.93,50.6,53.6,978.3,100,0,0,6
2026-09-24T13:00:00Z,UPS-A3,HALL-A,it,696.54,725.6,46.4,48.7,891.1,100,0,0,6
2026-09-24T14:00:00Z,UPS-A3,HALL-A,it,700.79,729.97,46.7,50.8,928.2,100,0,0,6
2026-09-24T15:00:00Z,UPS-A3,HALL-A,it,709.26,738.69,47.3,50.8,927.2,100,0,0,6
2026-09-24T16:00:00Z,UPS-A3,HALL-A,it,735.54,765.79,49.0,50.8,927.0,100,0,0,6
2026-09-24T17:00:00Z,UPS-A3,HALL-A,it,734.05,764.25,48.9,50.8,928.3,100,0,0,6
2026-09-24T18:00:00Z,UPS-A3,HALL-A,it,749.7,780.38,50.0,53.2,971.5,100,0,0,6
2026-09-24T19:00:00Z,UPS-A3,HALL-A,it,758.95,789.92,50.6,53.2,972.4,100,0,0,6
2026-09-24T20:00:00Z,UPS-A3,HALL-A,it,766.21,797.42,51.1,53.0,968.4,100,0,0,6
2026-09-24T21:00:00Z,UPS-A3,HALL-A,it,761.99,793.05,50.8,53.2,973.6,98,0,11,6
2026-09-24T22:00:00Z,UPS-A3,HALL-A,it,743.17,773.67,49.5,53.2,972.4,100,0,0,6
2026-09-24T23:00:00Z,UPS-A3,HALL-A,it,710.71,740.19,47.4,50.9,929.5,100,0,0,6
2026-09-25T00:00:00Z,UPS-A3,HALL-A,it,703.68,732.95,46.9,48.5,888.8,100,0,0,6
2026-09-25T01:00:00Z,UPS-A3,HALL-A,it,731.76,761.89,48.8,51.1,934.4,100,0,0,6
2026-09-25T02:00:00Z,UPS-A3,HALL-A,it,741.16,771.6,49.4,50.8,929.7,100,0,0,6
2026-09-25T03:00:00Z,UPS-A3,HALL-A,it,740.45,770.85,49.4,52.9,967.5,100,0,0,6
2026-09-25T04:00:00Z,UPS-A3,HALL-A,it,766.75,797.95,51.1,53.1,968.7,100,0,0,6
2026-09-25T05:00:00Z,UPS-A3,HALL-A,it,771.48,802.84,51.4,53.1,969.7,100,0,0,6
2026-09-25T06:00:00Z,UPS-A3,HALL-A,it,740.82,771.24,49.4,51.4,937.1,100,0,0,6
2026-09-25T07:00:00Z,UPS-A3,HALL-A,it,729.96,760.04,48.7,50.6,924.8,100,0,0,6
2026-09-25T08:00:00Z,UPS-A3,HALL-A,it,684.1,712.76,45.6,48.4,883.5,100,0,0,6
2026-09-25T09:00:00Z,UPS-A3,HALL-A,it,710.55,740.03,47.4,50.4,919.8,100,0,0,6
2026-09-25T10:00:00Z,UPS-A3,HALL-A,it,701.41,730.61,46.8,50.3,919.8,100,0,0,6
2026-09-25T11:00:00Z,UPS-A3,HALL-A,it,744.25,774.77,49.6,52.7,963.3,100,0,0,6
2026-09-25T12:00:00Z,UPS-A3,HALL-A,it,759.71,790.71,50.7,52.7,961.5,100,0,0,6
2026-09-25T13:00:00Z,UPS-A3,HALL-A,it,742.64,773.11,49.5,52.4,958.1,100,0,0,6
2026-09-25T14:00:00Z,UPS-A3,HALL-A,it,745.21,775.76,49.7,52.4,957.7,100,0,0,6
2026-09-25T15:00:00Z,UPS-A3,HALL-A,it,740.82,771.24,49.4,52.9,965.7,100,0,0,6
2026-09-25T16:00:00Z,UPS-A3,HALL-A,it,755.27,786.14,50.3,52.6,960.8,100,0,0,6
2026-09-25T17:00:00Z,UPS-A3,HALL-A,it,739.34,769.71,49.3,52.6,961.4,100,0,0,6
2026-09-25T18:00:00Z,UPS-A3,HALL-A,it,762.79,793.89,50.9,52.6,961.3,100,0,0,6
2026-09-25T19:00:00Z,UPS-A3,HALL-A,it,763.88,795.01,50.9,52.6,961.8,100,0,0,6
2026-09-25T20:00:00Z,UPS-A3,HALL-A,it,758.42,789.38,50.6,52.6,962.4,100,0,0,6
2026-09-25T21:00:00Z,UPS-A3,HALL-A,it,751.82,782.58,50.1,52.8,965.4,100,0,0,6
2026-09-25T22:00:00Z,UPS-A3,HALL-A,it,749.62,780.31,50.0,52.6,961.5,100,0,0,6
2026-09-25T23:00:00Z,UPS-A3,HALL-A,it,761.37,792.42,50.8,52.6,961.7,100,0,0,6
2026-09-26T00:00:00Z,UPS-A3,HALL-A,it,726.29,756.27,48.4,50.4,921.6,100,0,0,6
2026-09-26T01:00:00Z,UPS-A3,HALL-A,it,694.54,723.53,46.3,47.9,875.4,100,0,0,6
2026-09-26T02:00:00Z,UPS-A3,HALL-A,it,706.87,736.24,47.1,49.0,895.9,100,0,0,6
2026-09-26T03:00:00Z,UPS-A3,HALL-A,it,710.39,739.86,47.4,50.8,929.0,100,0,0,6
2026-09-26T04:00:00Z,UPS-A3,HALL-A,it,720.13,749.89,48.0,51.2,937.0,100,0,0,6
2026-09-26T05:00:00Z,UPS-A3,HALL-A,it,744.02,774.53,49.6,51.3,937.7,100,0,0,6
2026-09-26T06:00:00Z,UPS-A3,HALL-A,it,727.42,757.41,48.5,51.3,936.5,100,0,0,6
2026-09-26T07:00:00Z,UPS-A3,HALL-A,it,727.12,757.1,48.5,51.2,934.8,100,0,0,6
2026-09-26T08:00:00Z,UPS-A3,HALL-A,it,733.98,764.17,48.9,51.2,935.8,100,0,0,6
2026-09-26T09:00:00Z,UPS-A3,HALL-A,it,744.63,775.17,49.6,54.1,988.9,100,0,0,6
2026-09-26T10:00:00Z,UPS-A3,HALL-A,it,785.44,817.24,52.4,54.1,989.2,100,0,0,6
2026-09-26T11:00:00Z,UPS-A3,HALL-A,it,784.96,816.74,52.3,54.1,989.2,100,0,0,6
2026-09-26T12:00:00Z,UPS-A3,HALL-A,it,733.23,763.41,48.9,51.5,940.1,100,0,0,6
2026-09-26T13:00:00Z,UPS-A3,HALL-A,it,672.15,700.44,44.8,49.1,898.4,100,0,0,6
2026-09-26T14:00:00Z,UPS-A3,HALL-A,it,681.45,710.04,45.4,48.9,893.3,100,0,0,6
2026-09-26T15:00:00Z,UPS-A3,HALL-A,it,710.14,739.62,47.3,48.9,894.4,100,0,0,6
2026-09-26T16:00:00Z,UPS-A3,HALL-A,it,765.14,796.3,51.0,53.8,983.3,100,0,0,6
2026-09-26T17:00:00Z,UPS-A3,HALL-A,it,775.45,806.92,51.7,53.8,983.3,100,0,0,6
2026-09-26T18:00:00Z,UPS-A3,HALL-A,it,734.99,765.21,49.0,53.8,982.0,100,0,0,6
2026-09-26T19:00:00Z,UPS-A3,HALL-A,it,742.64,773.11,49.5,51.1,933.2,100,0,0,6
2026-09-26T20:00:00Z,UPS-A3,HALL-A,it,700.62,729.78,46.7,50.2,914.5,100,0,0,6
2026-09-26T21:00:00Z,UPS-A3,HALL-A,it,753.1,783.88,50.2,54.0,986.8,100,0,0,6
2026-09-26T22:00:00Z,UPS-A3,HALL-A,it,786.98,818.82,52.5,54.0,987.1,100,0,0,6
2026-09-26T23:00:00Z,UPS-A3,HALL-A,it,787.32,819.16,52.5,54.0,987.5,100,0,0,6
2026-09-27T00:00:00Z,UPS-A3,HALL-A,it,768.56,799.82,51.2,54.0,987.6,100,0,0,6
2026-09-27T01:00:00Z,UPS-A3,HALL-A,it,744.96,775.49,49.7,51.8,947.0,100,0,0,6
2026-09-27T02:00:00Z,UPS-A3,HALL-A,it,717.38,747.05,47.8,49.2,900.5,100,0,0,6
2026-09-27T03:00:00Z,UPS-A3,HALL-A,it,719.17,748.9,47.9,49.2,900.5,100,0,0,6
2026-09-27T04:00:00Z,UPS-A3,HALL-A,it,696.08,725.09,46.4,49.3,900.8,100,0,0,6
2026-09-27T05:00:00Z,UPS-A3,HALL-A,it,668.09,696.26,44.5,49.3,899.7,100,0,0,6
2026-09-27T06:00:00Z,UPS-A3,HALL-A,it,732.63,762.79,48.9,51.8,946.7,100,0,0,6
2026-09-27T07:00:00Z,UPS-A3,HALL-A,it,721.81,751.62,48.1,51.8,946.9,100,0,0,6
2026-09-27T08:00:00Z,UPS-A3,HALL-A,it,726.28,756.27,48.4,49.7,909.6,100,0,0,6
2026-09-27T09:00:00Z,UPS-A3,HALL-A,it,713.1,742.66,47.5,50.8,929.1,100,0,0,6
2026-09-27T10:00:00Z,UPS-A3,HALL-A,it,765.45,796.61,51.0,54.0,986.6,100,0,0,6
2026-09-27T11:00:00Z,UPS-A3,HALL-A,it,786.72,818.55,52.4,54.0,987.2,100,0,0,6
2026-09-27T12:00:00Z,UPS-A3,HALL-A,it,781.42,813.08,52.1,54.0,987.2,100,0,0,6
2026-09-27T13:00:00Z,UPS-A3,HALL-A,it,769.55,800.84,51.3,54.0,986.2,100,0,0,6
2026-09-27T14:00:00Z,UPS-A3,HALL-A,it,773.31,804.71,51.5,54.0,986.0,100,0,0,6
2026-09-27T15:00:00Z,UPS-A3,HALL-A,it,758.93,789.9,50.6,54.1,986.6,100,0,0,6
2026-09-27T16:00:00Z,UPS-A3,HALL-A,it,787.41,819.27,52.5,54.1,988.8,100,0,0,6
2026-09-27T17:00:00Z,UPS-A3,HALL-A,it,784.98,816.77,52.3,54.1,988.1,100,0,0,6
2026-09-27T18:00:00Z,UPS-A3,HALL-A,it,773.93,805.37,51.6,54.2,990.4,100,0,0,6
2026-09-27T19:00:00Z,UPS-A3,HALL-A,it,783.84,815.58,52.2,54.2,989.3,100,0,0,6
2026-09-27T20:00:00Z,UPS-A3,HALL-A,it,784.7,816.47,52.3,54.2,989.7,100,0,0,6
2026-09-27T21:00:00Z,UPS-A3,HALL-A,it,788.0,819.87,52.5,54.2,989.7,100,0,0,6
2026-09-27T22:00:00Z,UPS-A3,HALL-A,it,783.39,815.11,52.2,54.2,989.0,100,0,0,6
2026-09-27T23:00:00Z,UPS-A3,HALL-A,it,769.94,801.26,51.3,54.0,987.1,100,0,0,6
2026-08-31T00:00:00Z,UPS-A4,HALL-A,it,735.05,765.27,49.0,53.4,980.4,100,0,0,6
2026-08-31T01:00:00Z,UPS-A4,HALL-A,it,773.02,804.42,51.5,53.4,979.7,100,0,0,6
2026-08-31T02:00:00Z,UPS-A4,HALL-A,it,739.51,769.89,49.3,53.8,988.2,100,0,0,6
2026-08-31T03:00:00Z,UPS-A4,HALL-A,it,757.85,788.78,50.5,53.8,988.0,100,0,0,6
2026-08-31T04:00:00Z,UPS-A4,HALL-A,it,726.88,756.85,48.5,51.4,942.5,100,0,0,6
2026-08-31T05:00:00Z,UPS-A4,HALL-A,it,710.59,740.05,47.4,48.8,895.7,100,0,0,6
2026-08-31T06:00:00Z,UPS-A4,HALL-A,it,710.25,739.71,47.4,48.8,896.6,100,0,0,6
2026-08-31T07:00:00Z,UPS-A4,HALL-A,it,697.42,726.48,46.5,48.8,896.0,100,0,0,6
2026-08-31T08:00:00Z,UPS-A4,HALL-A,it,678.53,707.01,45.2,48.6,892.7,100,0,0,6
2026-08-31T09:00:00Z,UPS-A4,HALL-A,it,681.98,710.58,45.5,48.6,892.1,100,0,0,6
2026-08-31T10:00:00Z,UPS-A4,HALL-A,it,705.73,735.08,47.0,48.5,890.7,100,0,0,6
2026-08-31T11:00:00Z,UPS-A4,HALL-A,it,717.22,746.92,47.8,53.0,973.5,100,0,0,6
2026-08-31T12:00:00Z,UPS-A4,HALL-A,it,724.11,754.02,48.3,53.0,973.3,100,0,0,6
2026-08-31T13:00:00Z,UPS-A4,HALL-A,it,705.16,734.48,47.0,48.5,890.5,100,0,0,6
2026-08-31T14:00:00Z,UPS-A4,HALL-A,it,703.2,732.47,46.9,48.4,889.4,100,0,0,6
2026-08-31T15:00:00Z,UPS-A4,HALL-A,it,714.84,744.46,47.7,51.7,950.0,100,0,0,6
2026-08-31T16:00:00Z,UPS-A4,HALL-A,it,761.83,792.89,50.8,53.3,977.4,100,0,0,6
2026-08-31T17:00:00Z,UPS-A4,HALL-A,it,770.76,802.09,51.4,53.3,978.6,100,0,0,6
2026-08-31T18:00:00Z,UPS-A4,HALL-A,it,776.82,808.34,51.8,53.3,978.1,100,0,0,6
2026-08-31T19:00:00Z,UPS-A4,HALL-A,it,773.42,804.84,51.6,53.3,980.0,100,0,0,6
2026-08-31T20:00:00Z,UPS-A4,HALL-A,it,737.23,767.54,49.1,53.3,977.6,100,0,0,6
2026-08-31T21:00:00Z,UPS-A4,HALL-A,it,697.42,726.5,46.5,51.3,942.3,100,0,0,6
2026-08-31T22:00:00Z,UPS-A4,HALL-A,it,720.48,750.26,48.0,51.1,937.9,100,0,0,6
2026-08-31T23:00:00Z,UPS-A4,HALL-A,it,739.06,769.41,49.3,51.1,938.1,100,0,0,6
2026-09-01T00:00:00Z,UPS-A4,HALL-A,it,750.45,781.15,50.0,53.6,983.9,100,0,0,6
2026-09-01T01:00:00Z,UPS-A4,HALL-A,it,767.21,798.43,51.1,54.0,992.1,100,0,0,6
2026-09-01T02:00:00Z,UPS-A4,HALL-A,it,749.54,780.22,50.0,51.2,941.3,100,0,0,6
2026-09-01T03:00:00Z,UPS-A4,HALL-A,it,760.27,791.27,50.7,53.7,986.2,100,0,0,6
2026-09-01T04:00:00Z,UPS-A4,HALL-A,it,780.79,812.43,52.1,53.7,987.9,100,0,0,6
2026-09-01T05:00:00Z,UPS-A4,HALL-A,it,745.72,776.28,49.7,53.7,985.3,100,0,0,6
2026-09-01T06:00:00Z,UPS-A4,HALL-A,it,732.92,763.1,48.9,51.1,937.6,100,0,0,6
2026-09-01T07:00:00Z,UPS-A4,HALL-A,it,734.35,764.56,49.0,51.1,937.7,100,0,0,6
2026-09-01T08:00:00Z,UPS-A4,HALL-A,it,759.64,790.63,50.6,53.5,983.2,100,0,0,6
2026-09-01T09:00:00Z,UPS-A4,HALL-A,it,776.15,807.65,51.7,53.5,982.1,100,0,0,6
2026-09-01T10:00:00Z,UPS-A4,HALL-A,it,762.48,793.57,50.8,53.7,985.7,100,0,0,6
2026-09-01T11:00:00Z,UPS-A4,HALL-A,it,740.68,771.08,49.4,51.5,945.8,100,0,0,6
2026-09-01T12:00:00Z,UPS-A4,HALL-A,it,746.77,777.37,49.8,51.7,949.6,100,0,0,6
2026-09-01T13:00:00Z,UPS-A4,HALL-A,it,746.72,777.3,49.8,53.9,990.2,100,0,0,6
2026-09-01T14:00:00Z,UPS-A4,HALL-A,it,759.37,790.36,50.6,53.9,989.0,100,0,0,6
2026-09-01T15:00:00Z,UPS-A4,HALL-A,it,747.37,778.0,49.8,53.9,988.3,100,0,0,6
2026-09-01T16:00:00Z,UPS-A4,HALL-A,it,783.15,814.87,52.2,54.0,992.3,100,0,0,6
2026-09-01T17:00:00Z,UPS-A4,HALL-A,it,782.19,813.89,52.1,54.1,993.2,100,0,0,6
2026-09-01T18:00:00Z,UPS-A4,HALL-A,it,778.69,810.28,51.9,54.1,993.4,100,0,0,6
2026-09-01T19:00:00Z,UPS-A4,HALL-A,it,746.02,776.59,49.7,54.1,993.2,100,0,0,6
2026-09-01T20:00:00Z,UPS-A4,HALL-A,it,767.55,798.77,51.2,53.8,988.3,100,0,0,6
2026-09-01T21:00:00Z,UPS-A4,HALL-A,it,772.07,803.45,51.5,53.8,988.7,100,0,0,6
2026-09-01T22:00:00Z,UPS-A4,HALL-A,it,761.53,792.58,50.8,53.8,988.4,100,0,0,6
2026-09-01T23:00:00Z,UPS-A4,HALL-A,it,776.91,808.43,51.8,53.8,988.4,100,0,0,6
2026-09-02T00:00:00Z,UPS-A4,HALL-A,it,780.27,811.88,52.0,53.8,988.2,100,0,0,6
2026-09-02T01:00:00Z,UPS-A4,HALL-A,it,776.73,808.24,51.8,53.8,988.1,100,0,0,6
2026-09-02T02:00:00Z,UPS-A4,HALL-A,it,776.78,808.29,51.8,53.8,988.4,100,0,0,6
2026-09-02T03:00:00Z,UPS-A4,HALL-A,it,745.28,775.82,49.7,53.8,986.5,100,0,0,6
2026-09-02T04:00:00Z,UPS-A4,HALL-A,it,699.29,728.42,46.6,51.2,938.5,100,0,0,6
2026-09-02T05:00:00Z,UPS-A4,HALL-A,it,713.34,742.89,47.6,49.9,914.1,100,0,0,6
2026-09-02T06:00:00Z,UPS-A4,HALL-A,it,743.8,774.31,49.6,51.3,941.6,100,0,0,6
2026-09-02T07:00:00Z,UPS-A4,HALL-A,it,744.21,774.74,49.6,51.3,942.1,100,0,0,6
2026-09-02T08:00:00Z,UPS-A4,HALL-A,it,743.69,774.2,49.6,52.7,965.7,100,0,0,6
2026-09-02T09:00:00Z,UPS-A4,HALL-A,it,738.04,768.37,49.2,53.8,988.5,100,0,0,6
2026-09-02T10:00:00Z,UPS-A4,HALL-A,it,742.05,772.5,49.5,51.3,942.1,100,0,0,6
2026-09-02T11:00:00Z,UPS-A4,HALL-A,it,741.32,771.76,49.4,51.3,941.8,100,0,0,6
2026-09-02T12:00:00Z,UPS-A4,HALL-A,it,763.86,794.98,50.9,53.8,987.1,100,0,0,6
2026-09-02T13:00:00Z,UPS-A4,HALL-A,it,736.05,766.32,49.1,53.8,986.8,100,0,0,6
2026-09-02T14:00:00Z,UPS-A4,HALL-A,it,741.59,772.01,49.4,51.0,936.2,100,0,0,6
2026-09-02T15:00:00Z,UPS-A4,HALL-A,it,739.96,770.34,49.3,51.0,935.9,100,0,0,6
2026-09-02T16:00:00Z,UPS-A4,HALL-A,it,731.08,761.18,48.7,51.0,935.3,100,0,0,6
2026-09-02T17:00:00Z,UPS-A4,HALL-A,it,714.39,743.98,47.6,51.0,937.4,100,0,0,6
2026-09-02T18:00:00Z,UPS-A4,HALL-A,it,741.98,772.43,49.5,51.1,938.4,100,0,0,6
2026-09-02T19:00:00Z,UPS-A4,HALL-A,it,744.5,775.04,49.6,51.1,939.2,100,0,0,6
2026-09-02T20:00:00Z,UPS-A4,HALL-A,it,713.76,743.33,47.6,51.0,936.6,100,0,0,6
2026-09-02T21:00:00Z,UPS-A4,HALL-A,it,714.98,744.59,47.7,51.0,936.1,100,0,0,6
2026-09-02T22:00:00Z,UPS-A4,HALL-A,it,750.37,781.08,50.0,53.5,982.5,100,0,0,6
2026-09-02T23:00:00Z,UPS-A4,HALL-A,it,775.69,807.18,51.7,53.5,982.9,100,0,0,6
2026-09-03T00:00:00Z,UPS-A4,HALL-A,it,776.69,808.2,51.8,53.5,982.2,100,0,0,6
2026-09-03T01:00:00Z,UPS-A4,HALL-A,it,756.4,787.29,50.4,53.5,982.3,100,0,0,6
2026-09-03T02:00:00Z,UPS-A4,HALL-A,it,731.04,761.15,48.7,51.6,946.2,100,0,0,6
2026-09-03T03:00:00Z,UPS-A4,HALL-A,it,748.17,778.82,49.9,51.5,946.2,100,0,0,6
2026-09-03T04:00:00Z,UPS-A4,HALL-A,it,753.19,784.0,50.2,51.5,945.5,100,0,0,6
2026-09-03T05:00:00Z,UPS-A4,HALL-A,it,768.18,799.44,51.2,53.9,989.5,100,0,0,6
2026-09-03T06:00:00Z,UPS-A4,HALL-A,it,778.86,810.46,51.9,53.7,985.6,100,0,0,6
2026-09-03T07:00:00Z,UPS-A4,HALL-A,it,779.14,810.75,51.9,53.7,985.9,100,0,0,6
2026-09-03T08:00:00Z,UPS-A4,HALL-A,it,758.23,789.19,50.5,53.7,985.2,100,0,0,6
2026-09-03T09:00:00Z,UPS-A4,HALL-A,it,743.8,774.32,49.6,51.5,945.9,100,0,0,6
2026-09-03T10:00:00Z,UPS-A4,HALL-A,it,763.01,794.12,50.9,53.6,984.4,100,0,0,6
2026-09-03T11:00:00Z,UPS-A4,HALL-A,it,778.63,810.22,51.9,53.6,984.6,100,0,0,6
2026-09-03T12:00:00Z,UPS-A4,HALL-A,it,781.98,813.68,52.1,53.6,985.6,100,0,0,6
2026-09-03T13:00:00Z,UPS-A4,HALL-A,it,768.89,800.18,51.3,53.6,984.5,100,0,0,6
2026-09-03T14:00:00Z,UPS-A4,HALL-A,it,747.9,778.53,49.9,52.4,961.6,100,0,0,6
2026-09-03T15:00:00Z,UPS-A4,HALL-A,it,761.78,792.86,50.8,53.6,984.9,100,0,0,6
2026-09-03T16:00:00Z,UPS-A4,HALL-A,it,744.71,775.25,49.6,51.3,942.3,100,0,0,6
2026-09-03T17:00:00Z,UPS-A4,HALL-A,it,748.63,779.29,49.9,51.3,942.5,100,0,0,6
2026-09-03T18:00:00Z,UPS-A4,HALL-A,it,739.72,770.11,49.3,51.5,947.3,100,0,0,6
2026-09-03T19:00:00Z,UPS-A4,HALL-A,it,750.98,781.7,50.1,52.8,968.3,100,0,0,6
2026-09-03T20:00:00Z,UPS-A4,HALL-A,it,742.09,772.54,49.5,53.0,973.4,100,0,0,6
2026-09-03T21:00:00Z,UPS-A4,HALL-A,it,766.07,797.27,51.1,53.0,973.1,100,0,0,6
2026-09-03T22:00:00Z,UPS-A4,HALL-A,it,771.11,802.46,51.4,53.0,972.5,100,0,0,6
2026-09-03T23:00:00Z,UPS-A4,HALL-A,it,769.53,800.84,51.3,53.0,973.3,100,0,0,6
2026-09-04T00:00:00Z,UPS-A4,HALL-A,it,755.54,786.41,50.4,52.9,972.7,100,0,0,6
2026-09-04T01:00:00Z,UPS-A4,HALL-A,it,758.76,789.73,50.6,53.2,976.1,100,0,0,6
2026-09-04T02:00:00Z,UPS-A4,HALL-A,it,695.87,724.89,46.4,52.8,969.8,100,0,0,6
2026-09-04T03:00:00Z,UPS-A4,HALL-A,it,736.46,766.72,49.1,51.0,936.5,100,0,0,6
2026-09-04T04:00:00Z,UPS-A4,HALL-A,it,731.23,761.34,48.7,50.9,935.4,100,0,0,6
2026-09-04T05:00:00Z,UPS-A4,HALL-A,it,751.69,782.44,50.1,53.5,981.8,100,0,0,6
2026-09-04T06:00:00Z,UPS-A4,HALL-A,it,778.1,809.66,51.9,53.5,983.1,100,0,0,6
2026-09-04T07:00:00Z,UPS-A4,HALL-A,it,770.09,801.41,51.3,53.5,982.3,100,0,0,6
2026-09-04T08:00:00Z,UPS-A4,HALL-A,it,750.35,781.05,50.0,53.2,976.4,100,0,0,6
2026-09-04T09:00:00Z,UPS-A4,HALL-A,it,773.51,804.94,51.6,53.4,981.4,100,0,0,6
2026-09-04T10:00:00Z,UPS-A4,HALL-A,it,750.04,780.75,50.0,53.6,984.1,100,0,0,6
2026-09-04T11:00:00Z,UPS-A4,HALL-A,it,782.02,813.72,52.1,53.6,984.7,100,0,0,6
2026-09-04T12:00:00Z,UPS-A4,HALL-A,it,778.65,810.24,51.9,53.7,985.1,100,0,0,6
2026-09-04T13:00:00Z,UPS-A4,HALL-A,it,779.84,811.47,52.0,53.6,984.4,100,0,0,6
2026-09-04T14:00:00Z,UPS-A4,HALL-A,it,784.73,816.52,52.3,53.7,985.7,100,0,0,6
2026-09-04T15:00:00Z,UPS-A4,HALL-A,it,742.31,772.77,49.5,51.6,946.5,100,0,0,6
2026-09-04T16:00:00Z,UPS-A4,HALL-A,it,723.88,753.77,48.2,51.3,943.0,100,0,0,6
2026-09-04T17:00:00Z,UPS-A4,HALL-A,it,741.07,771.48,49.4,51.0,937.1,100,0,0,6
2026-09-04T18:00:00Z,UPS-A4,HALL-A,it,762.0,793.07,50.8,53.4,981.4,100,0,0,6
2026-09-04T19:00:00Z,UPS-A4,HALL-A,it,739.11,769.47,49.3,51.2,940.5,100,0,0,6
2026-09-04T20:00:00Z,UPS-A4,HALL-A,it,752.5,783.27,50.2,53.5,982.8,100,0,0,6
2026-09-04T21:00:00Z,UPS-A4,HALL-A,it,771.39,802.74,51.4,53.5,983.2,100,0,0,6
2026-09-04T22:00:00Z,UPS-A4,HALL-A,it,751.08,781.81,50.1,52.9,970.7,100,0,0,6
2026-09-04T23:00:00Z,UPS-A4,HALL-A,it,768.73,800.0,51.2,52.9,971.6,100,0,0,6
2026-09-05T00:00:00Z,UPS-A4,HALL-A,it,721.25,751.06,48.1,52.8,969.5,100,0,0,6
2026-09-05T01:00:00Z,UPS-A4,HALL-A,it,720.23,750.0,48.0,50.5,929.0,100,0,0,6
2026-09-05T02:00:00Z,UPS-A4,HALL-A,it,707.23,736.61,47.1,50.1,919.8,100,0,0,6
2026-09-05T03:00:00Z,UPS-A4,HALL-A,it,716.18,745.84,47.7,50.2,921.5,100,0,0,6
2026-09-05T04:00:00Z,UPS-A4,HALL-A,it,727.91,757.93,48.5,50.2,921.8,100,0,0,6
2026-09-05T05:00:00Z,UPS-A4,HALL-A,it,727.44,757.45,48.5,50.2,922.2,100,0,0,6
2026-09-05T06:00:00Z,UPS-A4,HALL-A,it,743.14,773.64,49.5,52.8,969.3,100,0,0,6
2026-09-05T07:00:00Z,UPS-A4,HALL-A,it,749.06,779.72,49.9,52.5,964.0,100,0,0,6
2026-09-05T08:00:00Z,UPS-A4,HALL-A,it,744.57,775.09,49.6,52.4,962.8,100,0,0,6
2026-09-05T09:00:00Z,UPS-A4,HALL-A,it,752.81,783.6,50.2,52.4,963.7,100,0,0,6
2026-09-05T10:00:00Z,UPS-A4,HALL-A,it,756.31,787.21,50.4,52.1,957.6,100,0,0,6
2026-09-05T11:00:00Z,UPS-A4,HALL-A,it,756.97,787.89,50.5,52.1,956.8,100,0,0,6
2026-09-05T12:00:00Z,UPS-A4,HALL-A,it,758.3,789.26,50.5,52.1,957.3,100,0,0,6
2026-09-05T13:00:00Z,UPS-A4,HALL-A,it,754.69,785.54,50.3,52.1,957.4,100,0,0,6
2026-09-05T14:00:00Z,UPS-A4,HALL-A,it,744.64,775.17,49.6,52.4,963.5,100,0,0,6
2026-09-05T15:00:00Z,UPS-A4,HALL-A,it,762.33,793.4,50.8,52.4,962.6,100,0,0,6
2026-09-05T16:00:00Z,UPS-A4,HALL-A,it,769.22,800.52,51.3,52.4,962.5,100,0,0,6
2026-09-05T17:00:00Z,UPS-A4,HALL-A,it,762.79,793.88,50.9,52.4,963.1,100,0,0,6
2026-09-05T18:00:00Z,UPS-A4,HALL-A,it,760.0,791.0,50.7,52.4,962.1,100,0,0,6
2026-09-05T19:00:00Z,UPS-A4,HALL-A,it,743.77,774.29,49.6,52.3,961.0,100,0,0,6
2026-09-05T20:00:00Z,UPS-A4,HALL-A,it,758.99,789.98,50.6,52.3,960.5,100,0,0,6
2026-09-05T21:00:00Z,UPS-A4,HALL-A,it,754.13,784.97,50.3,52.3,960.7,100,0,0,6
2026-09-05T22:00:00Z,UPS-A4,HALL-A,it,723.64,753.53,48.2,50.4,924.3,100,0,0,6
2026-09-05T23:00:00Z,UPS-A4,HALL-A,it,735.02,765.28,49.0,50.4,925.2,100,0,0,6
2026-09-06T00:00:00Z,UPS-A4,HALL-A,it,750.36,781.07,50.0,52.8,969.4,100,0,0,6
2026-09-06T01:00:00Z,UPS-A4,HALL-A,it,765.73,796.93,51.0,52.8,969.2,100,0,0,6
2026-09-06T02:00:00Z,UPS-A4,HALL-A,it,768.91,800.21,51.3,52.8,969.5,100,0,0,6
2026-09-06T03:00:00Z,UPS-A4,HALL-A,it,767.49,798.74,51.2,52.8,968.9,100,0,0,6
2026-09-06T04:00:00Z,UPS-A4,HALL-A,it,765.68,796.87,51.0,52.8,969.0,100,0,0,6
2026-09-06T05:00:00Z,UPS-A4,HALL-A,it,731.68,761.82,48.8,52.8,969.3,100,0,0,6
2026-09-06T06:00:00Z,UPS-A4,HALL-A,it,732.87,763.04,48.9,50.6,929.9,100,0,0,6
2026-09-06T07:00:00Z,UPS-A4,HALL-A,it,738.61,768.96,49.2,50.6,929.9,100,0,0,6
2026-09-06T08:00:00Z,UPS-A4,HALL-A,it,711.66,741.17,47.4,50.6,929.9,100,0,0,6
2026-09-06T09:00:00Z,UPS-A4,HALL-A,it,755.75,786.62,50.4,52.9,972.0,100,0,0,6
2026-09-06T10:00:00Z,UPS-A4,HALL-A,it,758.15,789.09,50.5,52.9,971.7,100,0,0,6
2026-09-06T11:00:00Z,UPS-A4,HALL-A,it,767.77,799.01,51.2,52.5,963.4,100,0,0,6
2026-09-06T12:00:00Z,UPS-A4,HALL-A,it,759.34,790.32,50.6,52.6,966.9,100,0,0,6
2026-09-06T13:00:00Z,UPS-A4,HALL-A,it,726.22,756.17,48.4,50.9,932.4,100,0,0,6
2026-09-06T14:00:00Z,UPS-A4,HALL-A,it,720.78,750.57,48.1,50.5,927.9,100,0,0,6
2026-09-06T15:00:00Z,UPS-A4,HALL-A,it,730.61,760.7,48.7,50.8,933.4,100,0,0,6
2026-09-06T16:00:00Z,UPS-A4,HALL-A,it,725.6,755.55,48.4,50.6,928.8,100,0,0,6
2026-09-06T17:00:00Z,UPS-A4,HALL-A,it,732.28,762.41,48.8,50.6,930.8,100,0,0,6
2026-09-06T18:00:00Z,UPS-A4,HALL-A,it,768.88,800.18,51.3,53.0,973.8,100,0,0,6
2026-09-06T19:00:00Z,UPS-A4,HALL-A,it,747.61,778.23,49.8,53.1,975.3,100,0,0,6
2026-09-06T20:00:00Z,UPS-A4,HALL-A,it,755.26,786.12,50.3,53.0,973.6,100,0,0,6
2026-09-06T21:00:00Z,UPS-A4,HALL-A,it,758.66,789.64,50.6,52.8,969.5,100,0,0,6
2026-09-06T22:00:00Z,UPS-A4,HALL-A,it,768.48,799.76,51.2,52.8,969.1,100,0,0,6
2026-09-06T23:00:00Z,UPS-A4,HALL-A,it,732.27,762.41,48.8,52.8,969.1,100,0,0,6
2026-09-07T00:00:00Z,UPS-A4,HALL-A,it,706.44,735.79,47.1,49.7,912.1,100,0,0,6
2026-09-07T01:00:00Z,UPS-A4,HALL-A,it,673.15,701.48,44.9,48.5,890.2,100,0,0,6
2026-09-07T02:00:00Z,UPS-A4,HALL-A,it,642.53,669.91,42.8,49.9,914.6,100,0,0,6
2026-09-07T03:00:00Z,UPS-A4,HALL-A,it,739.31,769.68,49.3,51.0,936.6,100,0,0,6
2026-09-07T04:00:00Z,UPS-A4,HALL-A,it,742.84,773.31,49.5,51.0,936.4,100,0,0,6
2026-09-07T05:00:00Z,UPS-A4,HALL-A,it,761.37,792.42,50.8,53.3,978.2,100,0,0,6
2026-09-07T06:00:00Z,UPS-A4,HALL-A,it,717.62,747.31,47.8,50.7,929.7,100,0,0,6
2026-09-07T07:00:00Z,UPS-A4,HALL-A,it,701.27,730.45,46.8,50.7,930.8,100,0,0,6
2026-09-07T08:00:00Z,UPS-A4,HALL-A,it,706.04,735.38,47.1,48.6,891.1,100,0,0,6
2026-09-07T09:00:00Z,UPS-A4,HALL-A,it,693.6,722.55,46.2,48.6,891.5,100,0,0,6
2026-09-07T10:00:00Z,UPS-A4,HALL-A,it,723.33,753.2,48.2,50.5,927.0,100,0,0,6
2026-09-07T11:00:00Z,UPS-A4,HALL-A,it,756.02,786.91,50.4,53.0,972.3,100,0,0,6
2026-09-07T12:00:00Z,UPS-A4,HALL-A,it,757.01,787.93,50.5,53.0,973.2,100,0,0,6
2026-09-07T13:00:00Z,UPS-A4,HALL-A,it,770.75,802.09,51.4,53.2,975.5,100,0,0,6
2026-09-07T14:00:00Z,UPS-A4,HALL-A,it,758.73,789.69,50.6,53.3,977.2,100,0,0,6
2026-09-07T15:00:00Z,UPS-A4,HALL-A,it,763.0,794.1,50.9,53.2,977.3,100,0,0,6
2026-09-07T16:00:00Z,UPS-A4,HALL-A,it,760.62,791.63,50.7,53.6,983.9,100,0,0,6
2026-09-07T17:00:00Z,UPS-A4,HALL-A,it,777.34,808.87,51.8,53.6,984.0,100,0,0,6
2026-09-07T18:00:00Z,UPS-A4,HALL-A,it,770.12,801.42,51.3,53.6,984.0,100,0,0,6
2026-09-07T19:00:00Z,UPS-A4,HALL-A,it,717.38,747.05,47.8,51.1,938.8,100,0,0,6
2026-09-07T20:00:00Z,UPS-A4,HALL-A,it,704.1,733.36,47.0,48.8,896.0,100,0,0,6
2026-09-07T21:00:00Z,UPS-A4,HALL-A,it,712.04,741.55,47.5,51.2,941.1,100,0,0,6
2026-09-07T22:00:00Z,UPS-A4,HALL-A,it,753.42,784.22,50.2,53.7,985.4,100,0,0,6
2026-09-07T23:00:00Z,UPS-A4,HALL-A,it,748.36,778.99,49.9,51.4,943.2,100,0,0,6
2026-09-08T00:00:00Z,UPS-A4,HALL-A,it,745.19,775.73,49.7,51.4,943.1,100,0,0,6
2026-09-08T01:00:00Z,UPS-A4,HALL-A,it,731.81,761.93,48.8,51.4,943.5,100,0,0,6
2026-09-08T02:00:00Z,UPS-A4,HALL-A,it,737.83,768.15,49.2,51.3,943.2,100,0,0,6
2026-09-08T03:00:00Z,UPS-A4,HALL-A,it,747.29,777.9,49.8,51.3,942.7,100,0,0,6
2026-09-08T04:00:00Z,UPS-A4,HALL-A,it,738.25,768.59,49.2,51.3,942.4,100,0,0,6
2026-09-08T05:00:00Z,UPS-A4,HALL-A,it,756.36,787.25,50.4,53.5,983.6,100,0,0,6
2026-09-08T06:00:00Z,UPS-A4,HALL-A,it,772.28,803.65,51.5,53.5,982.6,100,0,0,6
2026-09-08T07:00:00Z,UPS-A4,HALL-A,it,764.88,796.02,51.0,53.4,980.4,100,0,0,6
2026-09-08T08:00:00Z,UPS-A4,HALL-A,it,751.94,782.68,50.1,53.4,979.7,100,0,0,6
2026-09-08T09:00:00Z,UPS-A4,HALL-A,it,727.66,757.66,48.5,51.0,936.5,100,0,0,6
2026-09-08T10:00:00Z,UPS-A4,HALL-A,it,765.36,796.52,51.0,53.4,981.3,100,0,0,6
2026-09-08T11:00:00Z,UPS-A4,HALL-A,it,769.82,801.12,51.3,53.4,980.0,100,0,0,6
2026-09-08T12:00:00Z,UPS-A4,HALL-A,it,742.21,772.65,49.5,51.2,938.6,100,0,0,6
2026-09-08T13:00:00Z,UPS-A4,HALL-A,it,718.05,747.75,47.9,51.0,935.1,100,0,0,6
2026-09-08T14:00:00Z,UPS-A4,HALL-A,it,739.58,769.93,49.3,51.0,935.1,100,0,0,6
2026-09-08T15:00:00Z,UPS-A4,HALL-A,it,740.58,770.97,49.4,51.0,935.5,100,0,0,6
2026-09-08T16:00:00Z,UPS-A4,HALL-A,it,758.71,789.67,50.6,53.2,975.6,100,0,0,6
2026-09-08T17:00:00Z,UPS-A4,HALL-A,it,774.93,806.38,51.7,53.1,976.4,100,0,0,6
2026-09-08T18:00:00Z,UPS-A4,HALL-A,it,762.39,793.46,50.8,53.2,975.5,100,0,0,6
2026-09-08T19:00:00Z,UPS-A4,HALL-A,it,766.99,798.21,51.1,53.2,975.6,100,0,0,6
2026-09-08T20:00:00Z,UPS-A4,HALL-A,it,771.59,802.94,51.4,53.8,986.8,100,0,0,6
2026-09-08T21:00:00Z,UPS-A4,HALL-A,it,781.41,813.07,52.1,53.7,986.4,100,0,0,6
2026-09-08T22:00:00Z,UPS-A4,HALL-A,it,762.79,793.88,50.9,53.7,986.5,100,0,0,6
2026-09-08T23:00:00Z,UPS-A4,HALL-A,it,737.6,767.92,49.2,51.5,945.9,100,0,0,6
2026-09-09T00:00:00Z,UPS-A4,HALL-A,it,728.24,758.25,48.6,51.4,943.6,100,0,0,6
2026-09-09T01:00:00Z,UPS-A4,HALL-A,it,746.26,776.83,49.8,51.4,943.1,100,0,0,6
2026-09-09T02:00:00Z,UPS-A4,HALL-A,it,777.41,808.94,51.8,53.8,987.9,100,0,0,6
2026-09-09T03:00:00Z,UPS-A4,HALL-A,it,781.54,813.2,52.1,53.8,988.9,100,0,0,6
2026-09-09T04:00:00Z,UPS-A4,HALL-A,it,779.71,811.31,52.0,53.8,988.1,100,0,0,6
2026-09-09T05:00:00Z,UPS-A4,HALL-A,it,779.82,811.41,52.0,53.8,987.4,100,0,0,6
2026-09-09T06:00:00Z,UPS-A4,HALL-A,it,771.5,802.85,51.4,54.1,993.7,100,0,0,6
2026-09-09T07:00:00Z,UPS-A4,HALL-A,it,791.44,823.41,52.8,54.2,995.3,100,0,0,6
2026-09-09T08:00:00Z,UPS-A4,HALL-A,it,768.17,799.42,51.2,54.2,993.2,100,0,0,6
2026-09-09T09:00:00Z,UPS-A4,HALL-A,it,767.49,798.72,51.2,53.7,986.4,100,0,0,6
2026-09-09T10:00:00Z,UPS-A4,HALL-A,it,778.81,810.4,51.9,53.7,986.9,100,0,0,6
2026-09-09T11:00:00Z,UPS-A4,HALL-A,it,769.41,800.71,51.3,53.9,989.4,100,0,0,6
2026-09-09T12:00:00Z,UPS-A4,HALL-A,it,782.51,814.22,52.2,53.9,990.2,100,0,0,6
2026-09-09T13:00:00Z,UPS-A4,HALL-A,it,781.97,813.65,52.1,53.9,990.2,100,0,0,6
2026-09-09T14:00:00Z,UPS-A4,HALL-A,it,768.79,800.07,51.3,53.9,989.9,100,0,0,6
2026-09-09T15:00:00Z,UPS-A4,HALL-A,it,771.51,802.88,51.4,53.9,989.4,100,0,0,6
2026-09-09T16:00:00Z,UPS-A4,HALL-A,it,776.93,808.46,51.8,53.7,986.3,100,0,0,6
2026-09-09T17:00:00Z,UPS-A4,HALL-A,it,777.92,809.49,51.9,53.7,986.9,100,0,0,6
2026-09-09T18:00:00Z,UPS-A4,HALL-A,it,778.13,809.7,51.9,53.7,986.0,100,0,0,6
2026-09-09T19:00:00Z,UPS-A4,HALL-A,it,775.81,807.31,51.7,53.7,986.8,100,0,0,6
2026-09-09T20:00:00Z,UPS-A4,HALL-A,it,745.24,775.78,49.7,51.9,953.5,100,0,0,6
2026-09-09T21:00:00Z,UPS-A4,HALL-A,it,734.48,764.71,49.0,52.7,967.1,100,0,0,6
2026-09-09T22:00:00Z,UPS-A4,HALL-A,it,703.9,733.18,46.9,51.3,938.9,100,0,0,6
2026-09-09T23:00:00Z,UPS-A4,HALL-A,it,747.64,778.28,49.9,51.3,941.7,100,0,0,6
2026-09-10T00:00:00Z,UPS-A4,HALL-A,it,740.62,771.03,49.4,51.3,941.0,100,0,0,6
2026-09-10T01:00:00Z,UPS-A4,HALL-A,it,718.59,748.31,47.9,49.9,916.0,100,0,0,6
2026-09-10T02:00:00Z,UPS-A4,HALL-A,it,760.95,791.99,50.7,54.0,991.4,100,0,0,6
2026-09-10T03:00:00Z,UPS-A4,HALL-A,it,776.71,808.23,51.8,54.0,992.3,100,0,0,6
2026-09-10T04:00:00Z,UPS-A4,HALL-A,it,776.39,807.89,51.8,54.0,991.8,100,0,0,6
2026-09-10T05:00:00Z,UPS-A4,HALL-A,it,757.59,788.51,50.5,53.8,989.3,100,0,0,6
2026-09-10T06:00:00Z,UPS-A4,HALL-A,it,745.04,775.57,49.7,51.2,939.6,100,0,0,6
2026-09-10T07:00:00Z,UPS-A4,HALL-A,it,748.23,778.86,49.9,51.2,941.5,100,0,0,6
2026-09-10T08:00:00Z,UPS-A4,HALL-A,it,747.07,777.67,49.8,51.2,939.8,100,0,0,6
2026-09-10T09:00:00Z,UPS-A4,HALL-A,it,746.98,777.58,49.8,52.3,959.6,100,0,0,6
2026-09-10T10:00:00Z,UPS-A4,HALL-A,it,721.83,751.67,48.1,51.3,942.8,100,0,0,6
2026-09-10T11:00:00Z,UPS-A4,HALL-A,it,731.89,762.02,48.8,51.4,944.3,100,0,0,6
2026-09-10T12:00:00Z,UPS-A4,HALL-A,it,729.28,759.34,48.6,51.4,944.0,100,0,0,6
2026-09-10T13:00:00Z,UPS-A4,HALL-A,it,704.09,733.38,46.9,49.7,910.5,100,0,0,6
2026-09-10T14:00:00Z,UPS-A4,HALL-A,it,708.2,737.61,47.2,48.9,897.4,100,0,0,6
2026-09-10T15:00:00Z,UPS-A4,HALL-A,it,720.31,750.09,48.0,51.6,947.2,100,0,0,6
2026-09-10T16:00:00Z,UPS-A4,HALL-A,it,750.17,780.86,50.0,51.6,947.7,100,0,0,6
2026-09-10T17:00:00Z,UPS-A4,HALL-A,it,731.2,761.32,48.8,51.6,946.0,100,0,0,6
2026-09-10T18:00:00Z,UPS-A4,HALL-A,it,770.37,801.69,51.4,53.3,978.8,100,0,0,6
2026-09-10T19:00:00Z,UPS-A4,HALL-A,it,776.51,808.02,51.8,53.3,979.4,100,0,0,6
2026-09-10T20:00:00Z,UPS-A4,HALL-A,it,774.49,805.94,51.6,53.3,979.7,100,0,0,6
2026-09-10T21:00:00Z,UPS-A4,HALL-A,it,764.45,795.58,51.0,53.8,988.1,100,0,0,6
2026-09-10T22:00:00Z,UPS-A4,HALL-A,it,762.3,793.37,50.8,53.7,986.7,100,0,0,6
2026-09-10T23:00:00Z,UPS-A4,HALL-A,it,784.37,816.12,52.3,53.8,987.4,100,0,0,6
2026-09-11T00:00:00Z,UPS-A4,HALL-A,it,769.85,801.16,51.3,53.6,984.6,100,0,0,6
2026-09-11T01:00:00Z,UPS-A4,HALL-A,it,745.88,776.45,49.7,53.6,984.4,100,0,0,6
2026-09-11T02:00:00Z,UPS-A4,HALL-A,it,722.09,751.92,48.1,51.3,942.6,100,0,0,6
2026-09-11T03:00:00Z,UPS-A4,HALL-A,it,752.05,782.83,50.1,51.3,943.3,100,0,0,6
2026-09-11T04:00:00Z,UPS-A4,HALL-A,it,748.37,779.04,49.9,51.3,942.0,100,0,0,6
2026-09-11T05:00:00Z,UPS-A4,HALL-A,it,737.99,768.32,49.2,52.4,965.1,100,0,0,6
2026-09-11T06:00:00Z,UPS-A4,HALL-A,it,774.0,805.42,51.6,54.0,990.0,100,0,0,6
2026-09-11T07:00:00Z,UPS-A4,HALL-A,it,748.55,779.18,49.9,52.2,957.1,100,0,0,6
2026-09-11T08:00:00Z,UPS-A4,HALL-A,it,741.18,771.6,49.4,51.9,952.1,100,0,0,6
2026-09-11T09:00:00Z,UPS-A4,HALL-A,it,745.17,775.72,49.7,51.9,953.2,100,0,0,6
2026-09-11T10:00:00Z,UPS-A4,HALL-A,it,729.16,759.2,48.6,51.6,948.7,100,0,0,6
2026-09-11T11:00:00Z,UPS-A4,HALL-A,it,744.28,774.79,49.6,51.6,948.3,100,0,0,6
2026-09-11T12:00:00Z,UPS-A4,HALL-A,it,740.86,771.26,49.4,51.6,948.4,100,0,0,6
2026-09-11T13:00:00Z,UPS-A4,HALL-A,it,716.52,746.18,47.8,49.2,903.6,100,0,0,6
2026-09-11T14:00:00Z,UPS-A4,HALL-A,it,716.14,745.79,47.7,49.2,903.5,100,0,0,6
2026-09-11T15:00:00Z,UPS-A4,HALL-A,it,731.55,761.67,48.8,51.6,947.9,100,0,0,6
2026-09-11T16:00:00Z,UPS-A4,HALL-A,it,711.58,741.1,47.4,51.2,939.7,100,0,0,6
2026-09-11T17:00:00Z,UPS-A4,HALL-A,it,716.99,746.67,47.8,50.8,931.7,100,0,0,6
2026-09-11T18:00:00Z,UPS-A4,HALL-A,it,747.38,777.98,49.8,52.9,969.4,100,0,0,6
2026-09-11T19:00:00Z,UPS-A4,HALL-A,it,771.93,803.29,51.5,52.9,971.6,100,0,0,6
2026-09-11T20:00:00Z,UPS-A4,HALL-A,it,764.59,795.72,51.0,52.9,972.8,100,0,0,6
2026-09-11T21:00:00Z,UPS-A4,HALL-A,it,755.33,786.19,50.4,52.9,972.1,100,0,0,6
2026-09-11T22:00:00Z,UPS-A4,HALL-A,it,728.52,758.54,48.6,50.6,929.9,100,0,0,6
2026-09-11T23:00:00Z,UPS-A4,HALL-A,it,725.08,755.0,48.3,50.5,928.7,100,0,0,6
2026-09-12T00:00:00Z,UPS-A4,HALL-A,it,717.3,746.99,47.8,50.2,922.4,100,0,0,6
2026-09-12T01:00:00Z,UPS-A4,HALL-A,it,727.24,757.24,48.5,51.1,937.2,100,0,0,6
2026-09-12T02:00:00Z,UPS-A4,HALL-A,it,688.75,717.55,45.9,47.5,871.4,100,0,0,6
2026-09-12T03:00:00Z,UPS-A4,HALL-A,it,686.87,715.61,45.8,48.8,893.8,100,0,0,6
2026-09-12T04:00:00Z,UPS-A4,HALL-A,it,712.82,742.37,47.5,49.9,916.6,100,0,0,6
2026-09-12T05:00:00Z,UPS-A4,HALL-A,it,722.42,752.28,48.2,49.8,914.6,100,0,0,6
2026-09-12T06:00:00Z,UPS-A4,HALL-A,it,706.93,736.3,47.1,50.0,916.5,100,0,0,6
2026-09-12T07:00:00Z,UPS-A4,HALL-A,it,742.24,772.69,49.5,52.5,963.7,100,0,0,6
2026-09-12T08:00:00Z,UPS-A4,HALL-A,it,732.23,762.38,48.8,52.2,958.9,100,0,0,6
2026-09-12T09:00:00Z,UPS-A4,HALL-A,it,748.3,778.94,49.9,52.4,962.8,100,0,0,6
2026-09-12T10:00:00Z,UPS-A4,HALL-A,it,733.97,764.17,48.9,52.2,958.4,100,0,0,6
2026-09-12T11:00:00Z,UPS-A4,HALL-A,it,726.41,756.38,48.4,51.0,936.1,100,0,0,6
2026-09-12T12:00:00Z,UPS-A4,HALL-A,it,726.09,756.05,48.4,51.0,936.2,100,0,0,6
2026-09-12T13:00:00Z,UPS-A4,HALL-A,it,683.81,712.45,45.6,48.8,895.6,100,0,0,6
2026-09-12T14:00:00Z,UPS-A4,HALL-A,it,678.86,707.35,45.3,50.0,915.3,100,0,0,6
2026-09-12T15:00:00Z,UPS-A4,HALL-A,it,765.45,796.63,51.0,53.4,982.5,100,0,0,6
2026-09-12T16:00:00Z,UPS-A4,HALL-A,it,778.46,810.04,51.9,53.5,981.9,100,0,0,6
2026-09-12T17:00:00Z,UPS-A4,HALL-A,it,715.08,744.71,47.7,53.4,981.0,100,0,0,6
2026-09-12T18:00:00Z,UPS-A4,HALL-A,it,706.5,735.86,47.1,51.1,938.9,100,0,0,6
2026-09-12T19:00:00Z,UPS-A4,HALL-A,it,725.91,755.86,48.4,50.9,934.6,100,0,0,6
2026-09-12T20:00:00Z,UPS-A4,HALL-A,it,703.21,732.44,46.9,48.6,892.5,100,0,0,6
2026-09-12T21:00:00Z,UPS-A4,HALL-A,it,717.19,746.87,47.8,50.9,934.2,100,0,0,6
2026-09-12T22:00:00Z,UPS-A4,HALL-A,it,736.54,766.84,49.1,50.9,934.8,100,0,0,6
2026-09-12T23:00:00Z,UPS-A4,HALL-A,it,712.31,741.85,47.5,50.9,933.9,100,0,0,6
2026-09-13T00:00:00Z,UPS-A4,HALL-A,it,684.79,713.48,45.7,48.5,888.7,100,0,0,6
2026-09-13T01:00:00Z,UPS-A4,HALL-A,it,726.15,756.11,48.4,51.0,937.7,100,0,0,6
2026-09-13T02:00:00Z,UPS-A4,HALL-A,it,744.18,774.69,49.6,51.0,937.6,100,0,0,6
2026-09-13T03:00:00Z,UPS-A4,HALL-A,it,735.06,765.3,49.0,51.0,938.5,100,0,0,6
2026-09-13T04:00:00Z,UPS-A4,HALL-A,it,739.4,769.76,49.3,50.8,932.1,100,0,0,6
2026-09-13T05:00:00Z,UPS-A4,HALL-A,it,751.59,782.32,50.1,53.2,975.3,100,0,0,6
2026-09-13T06:00:00Z,UPS-A4,HALL-A,it,772.68,804.07,51.5,53.2,976.8,100,0,0,6
2026-09-13T07:00:00Z,UPS-A4,HALL-A,it,742.02,772.49,49.5,50.9,934.3,100,0,0,6
2026-09-13T08:00:00Z,UPS-A4,HALL-A,it,718.85,748.57,47.9,50.8,933.1,100,0,0,6
2026-09-13T09:00:00Z,UPS-A4,HALL-A,it,735.27,765.49,49.0,50.6,928.5,100,0,0,6
2026-09-13T10:00:00Z,UPS-A4,HALL-A,it,723.2,753.07,48.2,50.6,929.5,100,0,0,6
2026-09-13T11:00:00Z,UPS-A4,HALL-A,it,740.38,770.79,49.4,50.6,930.0,100,0,0,6
2026-09-13T12:00:00Z,UPS-A4,HALL-A,it,737.57,767.89,49.2,50.6,930.1,100,0,0,6
2026-09-13T13:00:00Z,UPS-A4,HALL-A,it,721.9,751.74,48.1,50.7,931.4,100,0,0,6
2026-09-13T14:00:00Z,UPS-A4,HALL-A,it,737.07,767.36,49.1,50.7,932.2,100,0,0,6
2026-09-13T15:00:00Z,UPS-A4,HALL-A,it,737.05,767.36,49.1,50.7,931.2,100,0,0,6
2026-09-13T16:00:00Z,UPS-A4,HALL-A,it,710.42,739.89,47.4,50.7,932.6,100,0,0,6
2026-09-13T17:00:00Z,UPS-A4,HALL-A,it,721.22,751.03,48.1,50.5,928.0,100,0,0,6
2026-09-13T18:00:00Z,UPS-A4,HALL-A,it,733.17,763.34,48.9,50.5,928.5,100,0,0,6
2026-09-13T19:00:00Z,UPS-A4,HALL-A,it,724.34,754.24,48.3,52.5,964.3,100,0,0,6
2026-09-13T20:00:00Z,UPS-A4,HALL-A,it,757.92,788.86,50.5,52.8,970.0,100,0,0,6
2026-09-13T21:00:00Z,UPS-A4,HALL-A,it,760.54,791.56,50.7,52.9,971.1,100,0,0,6
2026-09-13T22:00:00Z,UPS-A4,HALL-A,it,769.95,801.28,51.3,52.8,969.3,100,0,0,6
2026-09-13T23:00:00Z,UPS-A4,HALL-A,it,752.82,783.62,50.2,52.8,969.4,100,0,0,6
2026-09-14T00:00:00Z,UPS-A4,HALL-A,it,760.35,791.36,50.7,52.5,964.5,100,0,0,6
2026-09-14T01:00:00Z,UPS-A4,HALL-A,it,732.43,762.59,48.8,50.5,927.1,100,0,0,6
2026-09-14T02:00:00Z,UPS-A4,HALL-A,it,713.44,743.0,47.6,50.2,922.1,100,0,0,6
2026-09-14T03:00:00Z,UPS-A4,HALL-A,it,732.77,762.94,48.9,50.2,922.9,100,0,0,6
2026-09-14T04:00:00Z,UPS-A4,HALL-A,it,732.63,762.79,48.8,52.6,968.0,100,0,0,6
2026-09-14T05:00:00Z,UPS-A4,HALL-A,it,737.29,767.6,49.2,51.9,953.7,100,0,0,6
2026-09-14T06:00:00Z,UPS-A4,HALL-A,it,758.8,789.78,50.6,51.9,954.7,100,0,0,6
2026-09-14T07:00:00Z,UPS-A4,HALL-A,it,755.93,786.81,50.4,51.9,953.7,100,0,0,6
2026-09-14T08:00:00Z,UPS-A4,HALL-A,it,713.17,742.74,47.5,49.8,915.0,100,0,0,6
2026-09-14T09:00:00Z,UPS-A4,HALL-A,it,727.47,757.49,48.5,49.8,914.3,100,0,0,6
2026-09-14T10:00:00Z,UPS-A4,HALL-A,it,717.31,747.01,47.8,49.8,912.3,100,0,0,6
2026-09-14T11:00:00Z,UPS-A4,HALL-A,it,712.39,741.93,47.5,49.9,915.5,100,0,0,6
2026-09-14T12:00:00Z,UPS-A4,HALL-A,it,697.49,726.58,46.5,47.8,877.7,100,0,0,6
2026-09-14T13:00:00Z,UPS-A4,HALL-A,it,713.75,743.34,47.6,50.1,920.2,100,0,0,6
2026-09-14T14:00:00Z,UPS-A4,HALL-A,it,731.18,761.3,48.7,50.1,919.5,100,0,0,6
2026-09-14T15:00:00Z,UPS-A4,HALL-A,it,743.78,774.28,49.6,52.2,958.2,100,0,0,6
2026-09-14T16:00:00Z,UPS-A4,HALL-A,it,759.37,790.37,50.6,52.1,957.8,100,0,0,6
2026-09-14T17:00:00Z,UPS-A4,HALL-A,it,759.25,790.25,50.6,52.2,958.2,100,0,0,6
2026-09-14T18:00:00Z,UPS-A4,HALL-A,it,748.51,779.16,49.9,52.2,958.4,100,0,0,6
2026-09-14T19:00:00Z,UPS-A4,HALL-A,it,758.73,789.68,50.6,52.0,953.9,100,0,0,6
2026-09-14T20:00:00Z,UPS-A4,HALL-A,it,743.82,774.33,49.6,52.0,953.8,100,0,0,6
2026-09-14T21:00:00Z,UPS-A4,HALL-A,it,712.44,741.97,47.5,49.7,911.9,100,0,0,6
2026-09-14T22:00:00Z,UPS-A4,HALL-A,it,678.15,706.62,45.2,47.4,870.7,100,0,0,6
2026-09-14T23:00:00Z,UPS-A4,HALL-A,it,694.87,723.87,46.3,49.5,910.3,100,0,0,6
2026-09-15T00:00:00Z,UPS-A4,HALL-A,it,723.89,753.78,48.3,52.0,955.8,100,0,0,6
2026-09-15T01:00:00Z,UPS-A4,HALL-A,it,759.71,790.69,50.6,52.0,956.8,100,0,0,6
2026-09-15T02:00:00Z,UPS-A4,HALL-A,it,760.26,791.26,50.7,52.0,955.5,100,0,0,6
2026-09-15T03:00:00Z,UPS-A4,HALL-A,it,748.46,779.11,49.9,52.1,958.1,100,0,0,6
2026-09-15T04:00:00Z,UPS-A4,HALL-A,it,741.71,772.15,49.5,52.1,956.7,100,0,0,6
2026-09-15T05:00:00Z,UPS-A4,HALL-A,it,755.65,786.51,50.4,52.0,956.0,100,0,0,6
2026-09-15T06:00:00Z,UPS-A4,HALL-A,it,756.07,786.95,50.4,52.0,956.7,100,0,0,6
2026-09-15T07:00:00Z,UPS-A4,HALL-A,it,755.78,786.65,50.4,52.1,956.6,100,0,0,6
2026-09-15T08:00:00Z,UPS-A4,HALL-A,it,731.77,761.91,48.8,52.1,955.8,100,0,0,6
2026-09-15T09:00:00Z,UPS-A4,HALL-A,it,684.74,713.42,45.7,48.6,891.0,100,0,0,6
2026-09-15T10:00:00Z,UPS-A4,HALL-A,it,743.48,773.98,49.6,52.6,967.5,100,0,0,6
2026-09-15T11:00:00Z,UPS-A4,HALL-A,it,761.57,792.62,50.8,52.7,969.6,100,0,0,6
2026-09-15T12:00:00Z,UPS-A4,HALL-A,it,759.5,790.5,50.6,52.8,969.1,100,0,0,6
2026-09-15T13:00:00Z,UPS-A4,HALL-A,it,747.34,777.96,49.8,52.6,964.0,100,0,0,6
2026-09-15T14:00:00Z,UPS-A4,HALL-A,it,745.88,776.45,49.7,52.6,965.2,100,0,0,6
2026-09-15T15:00:00Z,UPS-A4,HALL-A,it,734.73,764.95,49.0,56.0,1028.2,100,0,0,6
2026-09-15T16:00:00Z,UPS-A4,HALL-A,it,700.57,729.73,46.7,48.7,893.2,100,0,0,6
2026-09-15T17:00:00Z,UPS-A4,HALL-A,it,692.68,721.61,46.2,48.7,894.4,100,0,0,6
2026-09-15T18:00:00Z,UPS-A4,HALL-A,it,708.07,737.47,47.2,48.7,896.6,100,0,0,6
2026-09-15T19:00:00Z,UPS-A4,HALL-A,it,709.69,739.15,47.3,50.7,930.2,100,0,0,6
2026-09-15T20:00:00Z,UPS-A4,HALL-A,it,749.76,780.45,50.0,52.4,962.4,100,0,0,6
2026-09-15T21:00:00Z,UPS-A4,HALL-A,it,736.53,766.81,49.1,51.4,944.3,100,0,0,6
2026-09-15T22:00:00Z,UPS-A4,HALL-A,it,754.6,785.44,50.3,52.2,958.6,100,0,0,6
2026-09-15T23:00:00Z,UPS-A4,HALL-A,it,759.06,790.03,50.6,52.1,957.4,100,0,0,6
2026-09-16T00:00:00Z,UPS-A4,HALL-A,it,735.49,765.74,49.0,51.7,949.9,100,0,0,6
2026-09-16T01:00:00Z,UPS-A4,HALL-A,it,739.87,770.26,49.3,52.2,958.5,100,0,0,6
2026-09-16T02:00:00Z,UPS-A4,HALL-A,it,747.94,778.57,49.9,51.9,954.1,100,0,0,6
2026-09-16T03:00:00Z,UPS-A4,HALL-A,it,735.65,765.9,49.0,52.3,960.3,100,0,0,6
2026-09-16T04:00:00Z,UPS-A4,HALL-A,it,688.74,717.54,45.9,50.0,916.8,100,0,0,6
2026-09-16T05:00:00Z,UPS-A4,HALL-A,it,684.75,713.44,45.6,47.8,880.5,100,0,0,6
2026-09-16T06:00:00Z,UPS-A4,HALL-A,it,687.0,715.76,45.8,47.8,880.2,100,0,0,6
2026-09-16T07:00:00Z,UPS-A4,HALL-A,it,672.27,700.57,44.8,48.4,889.1,100,0,0,6
2026-09-16T08:00:00Z,UPS-A4,HALL-A,it,706.85,736.21,47.1,49.1,900.5,100,0,0,6
2026-09-16T09:00:00Z,UPS-A4,HALL-A,it,738.44,768.79,49.2,53.3,979.1,100,0,0,6
2026-09-16T10:00:00Z,UPS-A4,HALL-A,it,772.18,803.54,51.5,53.3,980.0,100,0,0,6
2026-09-16T11:00:00Z,UPS-A4,HALL-A,it,780.49,812.11,52.0,53.4,980.1,100,0,0,6
2026-09-16T12:00:00Z,UPS-A4,HALL-A,it,744.42,774.95,49.6,53.3,978.1,100,0,0,6
2026-09-16T13:00:00Z,UPS-A4,HALL-A,it,717.04,746.72,47.8,50.7,931.3,100,0,0,6
2026-09-16T14:00:00Z,UPS-A4,HALL-A,it,695.09,724.09,46.3,48.4,889.2,100,0,0,6
2026-09-16T15:00:00Z,UPS-A4,HALL-A,it,715.5,745.13,47.7,51.0,936.3,100,0,0,6
2026-09-16T16:00:00Z,UPS-A4,HALL-A,it,725.17,755.1,48.3,53.3,978.1,100,0,0,6
2026-09-16T17:00:00Z,UPS-A4,HALL-A,it,738.36,768.69,49.2,53.3,978.9,100,0,0,6
2026-09-16T18:00:00Z,UPS-A4,HALL-A,it,720.18,749.96,48.0,50.4,927.7,100,0,0,6
2026-09-16T19:00:00Z,UPS-A4,HALL-A,it,737.24,767.55,49.1,50.4,926.9,100,0,0,6
2026-09-16T20:00:00Z,UPS-A4,HALL-A,it,769.08,800.36,51.3,53.0,973.5,100,0,0,6
2026-09-16T21:00:00Z,UPS-A4,HALL-A,it,772.18,803.55,51.5,53.0,973.6,100,0,0,6
2026-09-16T22:00:00Z,UPS-A4,HALL-A,it,763.78,794.9,50.9,52.9,971.1,100,0,0,6
2026-09-16T23:00:00Z,UPS-A4,HALL-A,it,737.7,768.02,49.2,50.7,931.1,100,0,0,6
2026-09-17T00:00:00Z,UPS-A4,HALL-A,it,739.83,770.21,49.3,52.6,965.8,100,0,0,6
2026-09-17T01:00:00Z,UPS-A4,HALL-A,it,763.95,795.07,50.9,52.7,967.1,100,0,0,6
2026-09-17T02:00:00Z,UPS-A4,HALL-A,it,740.33,770.71,49.4,52.7,966.4,100,0,0,6
2026-09-17T03:00:00Z,UPS-A4,HALL-A,it,725.56,755.5,48.4,50.5,927.4,100,0,0,6
2026-09-17T04:00:00Z,UPS-A4,HALL-A,it,733.88,764.07,48.9,50.5,928.1,100,0,0,6
2026-09-17T05:00:00Z,UPS-A4,HALL-A,it,739.82,770.19,49.3,52.7,967.1,100,0,0,6
2026-09-17T06:00:00Z,UPS-A4,HALL-A,it,749.31,780.0,50.0,52.7,967.7,100,0,0,6
2026-09-17T07:00:00Z,UPS-A4,HALL-A,it,737.54,767.85,49.2,52.5,963.1,100,0,0,6
2026-09-17T08:00:00Z,UPS-A4,HALL-A,it,753.01,783.8,50.2,53.0,973.7,100,0,0,6
2026-09-17T09:00:00Z,UPS-A4,HALL-A,it,749.01,779.67,49.9,52.9,972.2,100,0,0,6
2026-09-17T10:00:00Z,UPS-A4,HALL-A,it,759.37,790.35,50.6,53.5,981.4,100,0,0,6
2026-09-17T11:00:00Z,UPS-A4,HALL-A,it,779.5,811.1,52.0,53.6,983.5,100,0,0,6
2026-09-17T12:00:00Z,UPS-A4,HALL-A,it,772.65,804.04,51.5,53.6,983.7,100,0,0,6
2026-09-17T13:00:00Z,UPS-A4,HALL-A,it,722.73,752.59,48.2,51.4,943.6,100,0,0,6
2026-09-17T14:00:00Z,UPS-A4,HALL-A,it,722.92,752.77,48.2,51.0,936.5,100,0,0,6
2026-09-17T15:00:00Z,UPS-A4,HALL-A,it,700.52,729.7,46.7,48.5,892.6,100,0,0,6
2026-09-17T16:00:00Z,UPS-A4,HALL-A,it,700.12,729.29,46.7,48.1,881.7,100,0,0,6
2026-09-17T17:00:00Z,UPS-A4,HALL-A,it,690.57,719.43,46.0,48.1,881.3,100,0,0,6
2026-09-17T18:00:00Z,UPS-A4,HALL-A,it,685.91,714.63,45.7,50.0,918.9,100,0,0,6
2026-09-17T19:00:00Z,UPS-A4,HALL-A,it,714.0,743.58,47.6,50.1,919.3,100,0,0,6
2026-09-17T20:00:00Z,UPS-A4,HALL-A,it,723.66,753.53,48.2,49.6,912.0,100,0,0,6
2026-09-17T21:00:00Z,UPS-A4,HALL-A,it,723.21,753.07,48.2,49.6,911.8,100,0,0,6
2026-09-17T22:00:00Z,UPS-A4,HALL-A,it,712.88,742.43,47.5,49.8,913.9,100,0,0,6
2026-09-17T23:00:00Z,UPS-A4,HALL-A,it,723.2,753.07,48.2,49.9,916.4,100,0,0,6
2026-09-18T00:00:00Z,UPS-A4,HALL-A,it,717.53,747.22,47.8,50.1,920.1,100,0,0,6
2026-09-18T01:00:00Z,UPS-A4,HALL-A,it,734.07,764.27,48.9,50.2,922.1,100,0,0,6
2026-09-18T02:00:00Z,UPS-A4,HALL-A,it,722.23,752.07,48.1,50.2,922.7,100,0,0,6
2026-09-18T03:00:00Z,UPS-A4,HALL-A,it,753.81,784.62,50.3,52.5,964.5,100,0,0,6
2026-09-18T04:00:00Z,UPS-A4,HALL-A,it,754.46,785.3,50.3,52.9,970.1,100,0,0,6
2026-09-18T05:00:00Z,UPS-A4,HALL-A,it,773.83,805.25,51.6,52.9,972.0,100,0,0,6
2026-09-18T06:00:00Z,UPS-A4,HALL-A,it,764.96,796.11,51.0,52.9,972.0,100,0,0,6
2026-09-18T07:00:00Z,UPS-A4,HALL-A,it,720.53,750.32,48.0,50.5,926.8,100,0,0,6
2026-09-18T08:00:00Z,UPS-A4,HALL-A,it,685.89,714.61,45.7,48.1,882.3,100,0,0,6
2026-09-18T09:00:00Z,UPS-A4,HALL-A,it,704.08,733.35,46.9,49.2,903.5,100,0,0,6
2026-09-18T10:00:00Z,UPS-A4,HALL-A,it,707.31,736.7,47.1,48.3,886.5,100,0,0,6
2026-09-18T11:00:00Z,UPS-A4,HALL-A,it,717.77,747.49,47.9,50.7,929.5,100,0,0,6
2026-09-18T12:00:00Z,UPS-A4,HALL-A,it,733.49,763.68,48.9,52.5,963.0,100,0,0,6
2026-09-18T13:00:00Z,UPS-A4,HALL-A,it,761.46,792.5,50.8,52.5,964.4,100,0,0,6
2026-09-18T14:00:00Z,UPS-A4,HALL-A,it,766.23,797.43,51.1,52.8,969.0,100,0,0,6
2026-09-18T15:00:00Z,UPS-A4,HALL-A,it,769.0,800.29,51.3,52.8,969.8,100,0,0,6
2026-09-18T16:00:00Z,UPS-A4,HALL-A,it,770.68,802.02,51.4,52.8,969.8,100,0,0,6
2026-09-18T17:00:00Z,UPS-A4,HALL-A,it,709.17,738.61,47.3,50.4,925.3,100,0,0,6
2026-09-18T18:00:00Z,UPS-A4,HALL-A,it,699.32,728.45,46.6,48.5,889.0,100,0,0,6
2026-09-18T19:00:00Z,UPS-A4,HALL-A,it,695.58,724.61,46.4,48.8,893.5,100,0,0,6
2026-09-18T20:00:00Z,UPS-A4,HALL-A,it,715.78,745.41,47.7,52.0,955.7,100,0,0,6
2026-09-18T21:00:00Z,UPS-A4,HALL-A,it,776.02,807.53,51.7,53.3,978.5,100,0,0,6
2026-09-18T22:00:00Z,UPS-A4,HALL-A,it,775.69,807.19,51.7,53.3,977.5,100,0,0,6
2026-09-18T23:00:00Z,UPS-A4,HALL-A,it,765.24,796.4,51.0,53.3,977.9,100,0,0,6
2026-09-19T00:00:00Z,UPS-A4,HALL-A,it,773.96,805.41,51.6,53.4,982.5,100,0,0,6
2026-09-19T01:00:00Z,UPS-A4,HALL-A,it,749.62,780.31,50.0,51.3,942.2,100,0,0,6
2026-09-19T02:00:00Z,UPS-A4,HALL-A,it,727.97,757.98,48.5,51.3,941.2,100,0,0,6
2026-09-19T03:00:00Z,UPS-A4,HALL-A,it,750.58,781.28,50.0,51.6,947.0,100,0,0,6
2026-09-19T04:00:00Z,UPS-A4,HALL-A,it,758.62,789.59,50.6,53.8,988.3,100,0,0,6
2026-09-19T05:00:00Z,UPS-A4,HALL-A,it,749.54,780.24,50.0,51.3,942.8,100,0,0,6
2026-09-19T06:00:00Z,UPS-A4,HALL-A,it,726.63,756.62,48.4,51.3,942.8,100,0,0,6
2026-09-19T07:00:00Z,UPS-A4,HALL-A,it,705.96,735.31,47.1,49.1,903.3,100,0,0,6
2026-09-19T08:00:00Z,UPS-A4,HALL-A,it,707.5,736.88,47.2,49.1,903.3,100,0,0,6
2026-09-19T09:00:00Z,UPS-A4,HALL-A,it,710.13,739.59,47.3,49.0,900.3,100,0,0,6
2026-09-19T10:00:00Z,UPS-A4,HALL-A,it,743.56,774.05,49.6,51.3,942.3,100,0,0,6
2026-09-19T11:00:00Z,UPS-A4,HALL-A,it,745.96,776.53,49.7,51.4,942.1,100,0,0,6
2026-09-19T12:00:00Z,UPS-A4,HALL-A,it,753.79,784.61,50.3,51.4,942.5,100,0,0,6
2026-09-19T13:00:00Z,UPS-A4,HALL-A,it,717.39,747.08,47.8,51.3,941.3,100,0,0,6
2026-09-19T14:00:00Z,UPS-A4,HALL-A,it,709.18,738.62,47.3,49.9,915.6,100,0,0,6
2026-09-19T15:00:00Z,UPS-A4,HALL-A,it,706.12,735.46,47.1,49.0,899.0,100,0,0,6
2026-09-19T16:00:00Z,UPS-A4,HALL-A,it,711.88,741.39,47.5,48.8,895.3,100,0,0,6
2026-09-19T17:00:00Z,UPS-A4,HALL-A,it,727.72,757.73,48.5,51.0,937.8,100,0,0,6
2026-09-19T18:00:00Z,UPS-A4,HALL-A,it,766.21,797.41,51.1,53.4,981.0,100,0,0,6
2026-09-19T19:00:00Z,UPS-A4,HALL-A,it,760.9,791.95,50.7,53.4,979.9,100,0,0,6
2026-09-19T20:00:00Z,UPS-A4,HALL-A,it,770.97,802.3,51.4,53.4,980.4,100,0,0,6
2026-09-19T21:00:00Z,UPS-A4,HALL-A,it,730.57,760.66,48.7,51.2,939.9,100,0,0,6
2026-09-19T22:00:00Z,UPS-A4,HALL-A,it,733.42,763.6,48.9,51.0,936.4,100,0,0,6
2026-09-19T23:00:00Z,UPS-A4,HALL-A,it,735.69,765.93,49.0,51.0,936.9,100,0,0,6
2026-09-20T00:00:00Z,UPS-A4,HALL-A,it,703.35,732.59,46.9,49.7,913.4,100,0,0,6
2026-09-20T01:00:00Z,UPS-A4,HALL-A,it,745.39,775.93,49.7,51.0,936.4,100,0,0,6
2026-09-20T02:00:00Z,UPS-A4,HALL-A,it,725.63,755.58,48.4,51.7,948.7,100,0,0,6
2026-09-20T03:00:00Z,UPS-A4,HALL-A,it,729.32,759.38,48.6,51.0,936.7,100,0,0,6
2026-09-20T04:00:00Z,UPS-A4,HALL-A,it,730.06,760.15,48.7,51.0,936.9,100,0,0,6
2026-09-20T05:00:00Z,UPS-A4,HALL-A,it,693.37,722.31,46.2,49.1,899.6,100,0,0,6
2026-09-20T06:00:00Z,UPS-A4,HALL-A,it,709.34,738.79,47.3,49.2,901.8,100,0,0,6
2026-09-20T07:00:00Z,UPS-A4,HALL-A,it,710.38,739.87,47.4,49.6,910.5,100,0,0,6
2026-09-20T08:00:00Z,UPS-A4,HALL-A,it,697.19,726.26,46.5,49.1,902.5,100,0,0,6
2026-09-20T09:00:00Z,UPS-A4,HALL-A,it,707.07,736.46,47.1,49.1,902.0,100,0,0,6
2026-09-20T10:00:00Z,UPS-A4,HALL-A,it,716.76,746.45,47.8,51.7,949.8,100,0,0,6
2026-09-20T11:00:00Z,UPS-A4,HALL-A,it,749.42,780.11,50.0,51.7,950.0,100,0,0,6
2026-09-20T12:00:00Z,UPS-A4,HALL-A,it,731.88,762.01,48.8,51.7,949.6,100,0,0,6
2026-09-20T13:00:00Z,UPS-A4,HALL-A,it,737.07,767.36,49.1,51.7,949.5,100,0,0,6
2026-09-20T14:00:00Z,UPS-A4,HALL-A,it,744.58,775.12,49.6,51.5,945.1,100,0,0,6
2026-09-20T15:00:00Z,UPS-A4,HALL-A,it,768.95,800.22,51.3,53.8,987.9,100,0,0,6
2026-09-20T16:00:00Z,UPS-A4,HALL-A,it,765.37,796.53,51.0,53.8,987.4,100,0,0,6
2026-09-20T17:00:00Z,UPS-A4,HALL-A,it,781.35,813.01,52.1,54.0,992.3,100,0,0,6
2026-09-20T18:00:00Z,UPS-A4,HALL-A,it,757.25,788.18,50.5,54.0,992.8,100,0,0,6
2026-09-20T19:00:00Z,UPS-A4,HALL-A,it,781.07,812.74,52.1,53.9,989.3,100,0,0,6
2026-09-20T20:00:00Z,UPS-A4,HALL-A,it,781.55,813.23,52.1,53.9,989.9,100,0,0,6
2026-09-20T21:00:00Z,UPS-A4,HALL-A,it,768.72,800.0,51.2,53.9,990.2,100,0,0,6
2026-09-20T22:00:00Z,UPS-A4,HALL-A,it,781.18,812.86,52.1,53.9,989.6,100,0,0,6
2026-09-20T23:00:00Z,UPS-A4,HALL-A,it,782.84,814.56,52.2,53.9,989.6,100,0,0,6
2026-09-21T00:00:00Z,UPS-A4,HALL-A,it,753.68,784.48,50.2,52.8,968.4,100,0,0,6
2026-09-21T01:00:00Z,UPS-A4,HALL-A,it,778.62,810.21,51.9,54.1,993.6,100,0,0,6
2026-09-21T02:00:00Z,UPS-A4,HALL-A,it,782.14,813.84,52.1,54.1,994.0,100,0,0,6
2026-09-21T03:00:00Z,UPS-A4,HALL-A,it,771.34,802.69,51.4,54.2,996.3,100,0,0,6
2026-09-21T04:00:00Z,UPS-A4,HALL-A,it,766.24,797.42,51.1,54.4,998.8,100,0,0,6
2026-09-21T05:00:00Z,UPS-A4,HALL-A,it,771.76,803.12,51.4,54.4,999.2,100,0,0,6
2026-09-21T06:00:00Z,UPS-A4,HALL-A,it,786.11,817.91,52.4,54.4,999.9,100,0,0,6
2026-09-21T07:00:00Z,UPS-A4,HALL-A,it,778.34,809.92,51.9,54.1,993.9,100,0,0,6
2026-09-21T08:00:00Z,UPS-A4,HALL-A,it,776.74,808.27,51.8,54.1,994.2,100,0,0,6
2026-09-21T09:00:00Z,UPS-A4,HALL-A,it,767.11,798.34,51.1,53.8,989.0,100,0,0,6
2026-09-21T10:00:00Z,UPS-A4,HALL-A,it,744.09,774.61,49.6,51.5,946.0,100,0,0,6
2026-09-21T11:00:00Z,UPS-A4,HALL-A,it,724.55,754.45,48.3,51.4,943.4,100,0,0,6
2026-09-21T12:00:00Z,UPS-A4,HALL-A,it,729.36,759.41,48.6,51.4,943.2,100,0,0,6
2026-09-21T13:00:00Z,UPS-A4,HALL-A,it,697.46,726.52,46.5,48.8,895.9,100,0,0,6
2026-09-21T14:00:00Z,UPS-A4,HALL-A,it,705.06,734.38,47.0,49.1,901.4,100,0,0,6
2026-09-21T15:00:00Z,UPS-A4,HALL-A,it,698.22,727.3,46.5,49.0,899.9,100,0,0,6
2026-09-21T16:00:00Z,UPS-A4,HALL-A,it,734.61,764.83,49.0,51.0,936.8,100,0,0,6
2026-09-21T17:00:00Z,UPS-A4,HALL-A,it,717.99,747.7,47.9,51.2,939.7,100,0,0,6
2026-09-21T18:00:00Z,UPS-A4,HALL-A,it,709.43,738.88,47.3,48.9,898.0,100,0,0,6
2026-09-21T19:00:00Z,UPS-A4,HALL-A,it,735.5,765.74,49.0,51.2,939.5,100,0,0,6
2026-09-21T20:00:00Z,UPS-A4,HALL-A,it,741.94,772.37,49.5,51.2,939.5,100,0,0,6
2026-09-21T21:00:00Z,UPS-A4,HALL-A,it,782.26,813.97,52.1,53.8,989.0,100,0,0,6
2026-09-21T22:00:00Z,UPS-A4,HALL-A,it,779.54,811.15,52.0,53.8,988.3,100,0,0,6
2026-09-21T23:00:00Z,UPS-A4,HALL-A,it,774.95,806.4,51.7,53.8,987.3,100,0,0,6
2026-09-22T00:00:00Z,UPS-A4,HALL-A,it,769.61,800.9,51.3,53.6,984.5,100,0,0,6
2026-09-22T01:00:00Z,UPS-A4,HALL-A,it,774.82,806.28,51.7,53.6,984.9,100,0,0,6
2026-09-22T02:00:00Z,UPS-A4,HALL-A,it,774.59,806.05,51.6,53.9,991.1,100,0,0,6
2026-09-22T03:00:00Z,UPS-A4,HALL-A,it,789.95,821.88,52.7,54.0,990.6,100,0,0,6
2026-09-22T04:00:00Z,UPS-A4,HALL-A,it,775.51,807.0,51.7,53.7,986.6,100,0,0,6
2026-09-22T05:00:00Z,UPS-A4,HALL-A,it,744.27,774.8,49.6,53.8,987.3,100,0,0,6
2026-09-22T06:00:00Z,UPS-A4,HALL-A,it,708.74,738.18,47.3,48.7,893.4,100,0,0,6
2026-09-22T07:00:00Z,UPS-A4,HALL-A,it,708.43,737.86,47.2,48.7,893.5,100,0,0,6
2026-09-22T08:00:00Z,UPS-A4,HALL-A,it,708.0,737.41,47.2,48.7,893.3,100,0,0,6
2026-09-22T09:00:00Z,UPS-A4,HALL-A,it,724.9,754.83,48.3,51.1,937.8,100,0,0,6
2026-09-22T10:00:00Z,UPS-A4,HALL-A,it,756.41,787.3,50.4,53.8,986.5,100,0,0,6
2026-09-22T11:00:00Z,UPS-A4,HALL-A,it,784.24,815.98,52.3,53.8,987.9,100,0,0,6
2026-09-22T12:00:00Z,UPS-A4,HALL-A,it,783.35,815.07,52.2,53.8,987.4,100,0,0,6
2026-09-22T13:00:00Z,UPS-A4,HALL-A,it,777.62,809.16,51.8,53.8,987.4,100,0,0,6
2026-09-22T14:00:00Z,UPS-A4,HALL-A,it,782.28,813.97,52.1,53.8,987.8,100,0,0,6
2026-09-22T15:00:00Z,UPS-A4,HALL-A,it,749.51,780.18,50.0,53.8,987.7,100,0,0,6
2026-09-22T16:00:00Z,UPS-A4,HALL-A,it,739.66,770.03,49.3,51.4,944.5,100,0,0,6
2026-09-22T17:00:00Z,UPS-A4,HALL-A,it,747.89,778.52,49.9,52.0,954.5,100,0,0,6
2026-09-22T18:00:00Z,UPS-A4,HALL-A,it,785.72,817.52,52.4,53.9,989.6,100,0,0,6
2026-09-22T19:00:00Z,UPS-A4,HALL-A,it,781.69,813.37,52.1,53.9,991.4,100,0,0,6
2026-09-22T20:00:00Z,UPS-A4,HALL-A,it,735.99,766.25,49.1,51.6,948.1,100,0,0,6
2026-09-22T21:00:00Z,UPS-A4,HALL-A,it,721.18,750.98,48.1,51.6,948.0,100,0,0,6
2026-09-22T22:00:00Z,UPS-A4,HALL-A,it,752.38,783.15,50.2,51.6,949.1,100,0,0,6
2026-09-22T23:00:00Z,UPS-A4,HALL-A,it,686.75,715.5,45.8,49.2,904.0,100,0,0,6
2026-09-23T00:00:00Z,UPS-A4,HALL-A,it,705.41,734.74,47.0,49.1,900.1,100,0,0,6
2026-09-23T01:00:00Z,UPS-A4,HALL-A,it,735.29,765.53,49.0,54.0,990.7,100,0,0,6
2026-09-23T02:00:00Z,UPS-A4,HALL-A,it,766.83,798.05,51.1,53.7,986.9,100,0,0,6
2026-09-23T03:00:00Z,UPS-A4,HALL-A,it,774.75,806.21,51.7,53.7,985.7,100,0,0,6
2026-09-23T04:00:00Z,UPS-A4,HALL-A,it,761.14,792.18,50.7,53.5,982.2,100,0,0,6
2026-09-23T05:00:00Z,UPS-A4,HALL-A,it,773.72,805.13,51.6,53.4,979.3,100,0,0,6
2026-09-23T06:00:00Z,UPS-A4,HALL-A,it,768.73,800.0,51.2,53.4,979.8,100,0,0,6
2026-09-23T07:00:00Z,UPS-A4,HALL-A,it,745.8,776.37,49.7,53.2,975.8,100,0,0,6
2026-09-23T08:00:00Z,UPS-A4,HALL-A,it,771.6,802.97,51.4,53.1,974.6,100,0,0,6
2026-09-23T09:00:00Z,UPS-A4,HALL-A,it,753.8,784.61,50.3,53.1,974.8,100,0,0,6
2026-09-23T10:00:00Z,UPS-A4,HALL-A,it,765.69,796.87,51.0,53.0,972.9,100,0,0,6
2026-09-23T11:00:00Z,UPS-A4,HALL-A,it,761.55,792.6,50.8,53.0,972.4,100,0,0,6
2026-09-23T12:00:00Z,UPS-A4,HALL-A,it,756.72,787.62,50.4,52.6,967.3,100,0,0,6
2026-09-23T13:00:00Z,UPS-A4,HALL-A,it,739.55,769.92,49.3,52.7,968.3,100,0,0,6
2026-09-23T14:00:00Z,UPS-A4,HALL-A,it,761.03,792.08,50.7,52.7,969.7,100,0,0,6
2026-09-23T15:00:00Z,UPS-A4,HALL-A,it,757.68,788.6,50.5,52.7,967.7,100,0,0,6
2026-09-23T16:00:00Z,UPS-A4,HALL-A,it,766.46,797.65,51.1,52.7,967.7,100,0,0,6
2026-09-23T17:00:00Z,UPS-A4,HALL-A,it,765.02,796.17,51.0,52.7,967.3,100,0,0,6
2026-09-23T18:00:00Z,UPS-A4,HALL-A,it,765.02,796.18,51.0,52.7,967.0,100,0,0,6
2026-09-23T19:00:00Z,UPS-A4,HALL-A,it,752.01,782.75,50.1,52.7,966.6,100,0,0,6
2026-09-23T20:00:00Z,UPS-A4,HALL-A,it,733.88,764.07,48.9,50.3,923.3,100,0,0,6
2026-09-23T21:00:00Z,UPS-A4,HALL-A,it,728.75,758.78,48.6,50.3,923.4,100,0,0,6
2026-09-23T22:00:00Z,UPS-A4,HALL-A,it,735.83,766.08,49.1,50.3,923.4,100,0,0,6
2026-09-23T23:00:00Z,UPS-A4,HALL-A,it,736.58,766.84,49.1,50.3,923.7,100,0,0,6
2026-09-24T00:00:00Z,UPS-A4,HALL-A,it,733.14,763.3,48.9,50.3,924.4,100,0,0,6
2026-09-24T01:00:00Z,UPS-A4,HALL-A,it,731.67,761.8,48.8,52.9,971.0,100,0,0,6
2026-09-24T02:00:00Z,UPS-A4,HALL-A,it,776.05,807.54,51.7,52.9,971.7,100,0,0,6
2026-09-24T03:00:00Z,UPS-A4,HALL-A,it,738.96,769.31,49.3,52.9,969.9,100,0,0,6
2026-09-24T04:00:00Z,UPS-A4,HALL-A,it,744.12,774.64,49.6,53.0,972.6,100,0,0,6
2026-09-24T05:00:00Z,UPS-A4,HALL-A,it,773.44,804.86,51.6,53.1,974.4,100,0,0,6
2026-09-24T06:00:00Z,UPS-A4,HALL-A,it,769.0,800.27,51.3,53.2,975.8,100,0,0,6
2026-09-24T07:00:00Z,UPS-A4,HALL-A,it,729.73,759.8,48.6,53.1,975.6,100,0,0,6
2026-09-24T08:00:00Z,UPS-A4,HALL-A,it,719.75,749.5,48.0,50.7,931.1,100,0,0,6
2026-09-24T09:00:00Z,UPS-A4,HALL-A,it,739.39,769.74,49.3,50.6,926.9,100,0,0,6
2026-09-24T10:00:00Z,UPS-A4,HALL-A,it,722.02,751.85,48.1,50.5,926.0,100,0,0,6
2026-09-24T11:00:00Z,UPS-A4,HALL-A,it,702.03,731.24,46.8,49.3,902.5,100,0,0,6
2026-09-24T12:00:00Z,UPS-A4,HALL-A,it,703.14,732.38,46.9,48.3,886.2,100,0,0,6
2026-09-24T13:00:00Z,UPS-A4,HALL-A,it,687.63,716.39,45.8,48.4,887.7,100,0,0,6
2026-09-24T14:00:00Z,UPS-A4,HALL-A,it,663.64,691.66,44.2,49.3,904.7,100,0,0,6
2026-09-24T15:00:00Z,UPS-A4,HALL-A,it,741.13,771.55,49.4,51.2,939.6,100,0,0,6
2026-09-24T16:00:00Z,UPS-A4,HALL-A,it,745.67,776.24,49.7,52.5,964.5,100,0,0,6
2026-09-24T17:00:00Z,UPS-A4,HALL-A,it,753.12,783.91,50.2,53.5,982.5,100,0,0,6
2026-09-24T18:00:00Z,UPS-A4,HALL-A,it,783.4,815.14,52.2,53.4,979.7,100,0,0,6
2026-09-24T19:00:00Z,UPS-A4,HALL-A,it,765.46,796.64,51.0,53.4,979.2,100,0,0,6
2026-09-24T20:00:00Z,UPS-A4,HALL-A,it,770.57,801.9,51.4,53.2,976.9,100,0,0,6
2026-09-24T21:00:00Z,UPS-A4,HALL-A,it,748.89,779.54,49.9,53.0,972.0,98,0,11,6
2026-09-24T22:00:00Z,UPS-A4,HALL-A,it,772.55,803.96,51.5,53.0,974.1,100,0,0,6
2026-09-24T23:00:00Z,UPS-A4,HALL-A,it,733.46,763.65,48.9,53.0,973.1,100,0,0,6
2026-09-25T00:00:00Z,UPS-A4,HALL-A,it,742.93,773.41,49.5,53.5,981.1,100,0,0,6
2026-09-25T01:00:00Z,UPS-A4,HALL-A,it,780.98,812.62,52.1,53.6,983.3,100,0,0,6
2026-09-25T02:00:00Z,UPS-A4,HALL-A,it,781.24,812.89,52.1,53.5,983.0,100,0,0,6
2026-09-25T03:00:00Z,UPS-A4,HALL-A,it,747.24,777.85,49.8,53.6,982.9,100,0,0,6
2026-09-25T04:00:00Z,UPS-A4,HALL-A,it,773.85,805.27,51.6,53.2,975.9,100,0,0,6
2026-09-25T05:00:00Z,UPS-A4,HALL-A,it,772.17,803.54,51.5,53.2,976.7,100,0,0,6
2026-09-25T06:00:00Z,UPS-A4,HALL-A,it,770.9,802.24,51.4,53.2,975.7,100,0,0,6
2026-09-25T07:00:00Z,UPS-A4,HALL-A,it,772.23,803.6,51.5,53.2,975.1,100,0,0,6
2026-09-25T08:00:00Z,UPS-A4,HALL-A,it,763.99,795.11,50.9,53.1,977.1,100,0,0,6
2026-09-25T09:00:00Z,UPS-A4,HALL-A,it,770.08,801.38,51.3,53.2,975.8,100,0,0,6
2026-09-25T10:00:00Z,UPS-A4,HALL-A,it,752.89,783.67,50.2,53.2,975.1,100,0,0,6
2026-09-25T11:00:00Z,UPS-A4,HALL-A,it,767.68,798.93,51.2,53.0,973.0,100,0,0,6
2026-09-25T12:00:00Z,UPS-A4,HALL-A,it,767.56,798.8,51.2,52.9,972.2,100,0,0,6
2026-09-25T13:00:00Z,UPS-A4,HALL-A,it,764.12,795.26,50.9,52.8,970.2,100,0,0,6
2026-09-25T14:00:00Z,UPS-A4,HALL-A,it,764.57,795.71,51.0,52.9,972.1,100,0,0,6
2026-09-25T15:00:00Z,UPS-A4,HALL-A,it,767.83,799.07,51.2,52.9,971.8,100,0,0,6
2026-09-25T16:00:00Z,UPS-A4,HALL-A,it,767.72,798.95,51.2,53.0,972.2,100,0,0,6
2026-09-25T17:00:00Z,UPS-A4,HALL-A,it,754.07,784.9,50.3,52.6,965.5,100,0,0,6
2026-09-25T18:00:00Z,UPS-A4,HALL-A,it,732.88,763.04,48.9,50.5,927.4,100,0,0,6
2026-09-25T19:00:00Z,UPS-A4,HALL-A,it,732.4,762.55,48.8,50.5,927.4,100,0,0,6
2026-09-25T20:00:00Z,UPS-A4,HALL-A,it,744.96,775.51,49.7,52.8,967.6,100,0,0,6
2026-09-25T21:00:00Z,UPS-A4,HALL-A,it,766.24,797.45,51.1,53.0,974.3,100,0,0,6
2026-09-25T22:00:00Z,UPS-A4,HALL-A,it,761.48,792.54,50.8,53.0,973.4,100,0,0,6
2026-09-25T23:00:00Z,UPS-A4,HALL-A,it,766.13,797.34,51.1,53.0,973.7,100,0,0,6
2026-09-26T00:00:00Z,UPS-A4,HALL-A,it,751.66,782.39,50.1,52.7,967.5,100,0,0,6
2026-09-26T01:00:00Z,UPS-A4,HALL-A,it,766.78,797.97,51.1,52.7,968.2,100,0,0,6
2026-09-26T02:00:00Z,UPS-A4,HALL-A,it,751.05,781.77,50.1,52.7,967.9,100,0,0,6
2026-09-26T03:00:00Z,UPS-A4,HALL-A,it,725.2,755.12,48.3,50.6,928.4,100,0,0,6
2026-09-26T04:00:00Z,UPS-A4,HALL-A,it,734.68,764.89,49.0,51.0,935.7,100,0,0,6
2026-09-26T05:00:00Z,UPS-A4,HALL-A,it,723.94,753.83,48.3,51.1,937.3,100,0,0,6
2026-09-26T06:00:00Z,UPS-A4,HALL-A,it,713.9,743.49,47.6,51.1,937.8,100,0,0,6
2026-09-26T07:00:00Z,UPS-A4,HALL-A,it,739.95,770.35,49.3,51.1,936.9,100,0,0,6
2026-09-26T08:00:00Z,UPS-A4,HALL-A,it,730.75,760.84,48.7,51.2,939.7,100,0,0,6
2026-09-26T09:00:00Z,UPS-A4,HALL-A,it,740.69,771.11,49.4,54.3,996.4,100,0,0,6
2026-09-26T10:00:00Z,UPS-A4,HALL-A,it,768.34,799.6,51.2,54.3,998.1,100,0,0,6
2026-09-26T11:00:00Z,UPS-A4,HALL-A,it,786.09,817.9,52.4,54.4,998.9,100,0,0,6
2026-09-26T12:00:00Z,UPS-A4,HALL-A,it,772.89,804.29,51.5,54.4,998.0,100,0,0,6
2026-09-26T13:00:00Z,UPS-A4,HALL-A,it,717.52,747.22,47.8,51.6,946.3,100,0,0,6
2026-09-26T14:00:00Z,UPS-A4,HALL-A,it,721.5,751.32,48.1,51.4,943.0,100,0,0,6
2026-09-26T15:00:00Z,UPS-A4,HALL-A,it,723.95,753.84,48.3,51.4,944.3,100,0,0,6
2026-09-26T16:00:00Z,UPS-A4,HALL-A,it,777.48,809.02,51.8,53.9,990.3,100,0,0,6
2026-09-26T17:00:00Z,UPS-A4,HALL-A,it,778.85,810.44,51.9,54.0,990.9,100,0,0,6
2026-09-26T18:00:00Z,UPS-A4,HALL-A,it,747.76,778.38,49.9,53.9,990.2,100,0,0,6
2026-09-26T19:00:00Z,UPS-A4,HALL-A,it,725.89,755.85,48.4,51.3,941.5,100,0,0,6
2026-09-26T20:00:00Z,UPS-A4,HALL-A,it,728.82,758.85,48.6,51.0,937.0,100,0,0,6
2026-09-26T21:00:00Z,UPS-A4,HALL-A,it,724.79,754.72,48.3,52.8,969.4,100,0,0,6
2026-09-26T22:00:00Z,UPS-A4,HALL-A,it,763.14,794.25,50.9,52.9,971.2,100,0,0,6
2026-09-26T23:00:00Z,UPS-A4,HALL-A,it,767.99,799.24,51.2,52.8,970.1,100,0,0,6
2026-09-27T00:00:00Z,UPS-A4,HALL-A,it,761.07,792.11,50.7,52.9,970.9,100,0,0,6
2026-09-27T01:00:00Z,UPS-A4,HALL-A,it,724.8,754.7,48.3,50.3,924.2,100,0,0,6
2026-09-27T02:00:00Z,UPS-A4,HALL-A,it,714.86,744.47,47.7,50.2,923.5,100,0,0,6
2026-09-27T03:00:00Z,UPS-A4,HALL-A,it,724.76,754.68,48.3,50.0,918.3,100,0,0,6
2026-09-27T04:00:00Z,UPS-A4,HALL-A,it,724.39,754.31,48.3,50.0,917.3,100,0,0,6
2026-09-27T05:00:00Z,UPS-A4,HALL-A,it,739.79,770.18,49.3,52.6,966.4,100,0,0,6
2026-09-27T06:00:00Z,UPS-A4,HALL-A,it,765.5,796.69,51.0,52.6,966.6,100,0,0,6
2026-09-27T07:00:00Z,UPS-A4,HALL-A,it,730.69,760.79,48.7,52.6,966.0,100,0,0,6
2026-09-27T08:00:00Z,UPS-A4,HALL-A,it,720.47,750.26,48.0,50.1,920.4,100,0,0,6
2026-09-27T09:00:00Z,UPS-A4,HALL-A,it,757.91,788.85,50.5,52.7,967.4,100,0,0,6
2026-09-27T10:00:00Z,UPS-A4,HALL-A,it,752.48,783.25,50.2,52.7,967.0,100,0,0,6
2026-09-27T11:00:00Z,UPS-A4,HALL-A,it,717.64,747.34,47.8,50.6,929.7,100,0,0,6
2026-09-27T12:00:00Z,UPS-A4,HALL-A,it,714.14,743.73,47.6,50.4,924.6,100,0,0,6
2026-09-27T13:00:00Z,UPS-A4,HALL-A,it,734.2,764.4,48.9,50.6,928.3,100,0,0,6
2026-09-27T14:00:00Z,UPS-A4,HALL-A,it,735.97,766.23,49.1,50.6,928.3,100,0,0,6
2026-09-27T15:00:00Z,UPS-A4,HALL-A,it,705.69,735.02,47.0,50.6,928.9,100,0,0,6
2026-09-27T16:00:00Z,UPS-A4,HALL-A,it,724.24,754.13,48.3,51.1,939.3,100,0,0,6
2026-09-27T17:00:00Z,UPS-A4,HALL-A,it,744.67,775.2,49.6,51.1,938.7,100,0,0,6
2026-09-27T18:00:00Z,UPS-A4,HALL-A,it,760.9,791.93,50.7,53.5,982.1,100,0,0,6
2026-09-27T19:00:00Z,UPS-A4,HALL-A,it,759.68,790.68,50.6,53.9,989.0,100,0,0,6
2026-09-27T20:00:00Z,UPS-A4,HALL-A,it,779.12,810.73,52.0,53.9,989.9,100,0,0,6
2026-09-27T21:00:00Z,UPS-A4,HALL-A,it,766.76,797.99,51.1,53.9,989.7,100,0,0,6
2026-09-27T22:00:00Z,UPS-A4,HALL-A,it,764.98,796.14,51.0,53.7,987.0,100,0,0,6
2026-09-27T23:00:00Z,UPS-A4,HALL-A,it,749.81,780.51,50.0,53.7,985.3,100,0,0,6
2026-08-31T00:00:00Z,UPS-B1,HALL-B,it,0.0,7.5,0.0,0.0,0.0,100,0,0,6
2026-08-31T01:00:00Z,UPS-B1,HALL-B,it,0.0,7.5,0.0,0.0,0.0,100,0,0,6
2026-08-31T02:00:00Z,UPS-B1,HALL-B,it,0.0,7.5,0.0,0.0,0.0,100,0,0,6
2026-08-31T03:00:00Z,UPS-B1,HALL-B,it,0.0,7.5,0.0,0.0,0.0,100,0,0,6
2026-08-31T04:00:00Z,UPS-B1,HALL-B,it,0.0,7.5,0.0,0.0,0.0,100,0,0,6
2026-08-31T05:00:00Z,UPS-B1,HALL-B,it,0.0,7.5,0.0,0.0,0.0,100,0,0,6
2026-08-31T06:00:00Z,UPS-B1,HALL-B,it,0.0,7.5,0.0,0.0,0.0,100,0,0,6
2026-08-31T07:00:00Z,UPS-B1,HALL-B,it,0.0,7.5,0.0,0.0,0.0,100,0,0,6
2026-08-31T08:00:00Z,UPS-B1,HALL-B,it,0.0,7.5,0.0,0.0,0.0,100,0,0,6
2026-08-31T09:00:00Z,UPS-B1,HALL-B,it,0.0,7.5,0.0,0.0,0.0,100,0,0,6
2026-08-31T10:00:00Z,UPS-B1,HALL-B,it,0.0,7.5,0.0,0.0,0.0,100,0,0,6
2026-08-31T11:00:00Z,UPS-B1,HALL-B,it,0.0,7.5,0.0,0.0,0.0,100,0,0,6
2026-08-31T12:00:00Z,UPS-B1,HALL-B,it,0.0,7.5,0.0,0.0,0.0,100,0,0,6
2026-08-31T13:00:00Z,UPS-B1,HALL-B,it,0.0,7.5,0.0,0.0,0.0,100,0,0,6
2026-08-31T14:00:00Z,UPS-B1,HALL-B,it,0.0,7.5,0.0,0.0,0.0,100,0,0,6
2026-08-31T15:00:00Z,UPS-B1,HALL-B,it,0.0,7.5,0.0,0.0,0.0,100,0,0,6
2026-08-31T16:00:00Z,UPS-B1,HALL-B,it,0.0,7.5,0.0,0.0,0.0,100,0,0,6
2026-08-31T17:00:00Z,UPS-B1,HALL-B,it,0.0,7.5,0.0,0.0,0.0,100,0,0,6
2026-08-31T18:00:00Z,UPS-B1,HALL-B,it,0.0,7.5,0.0,0.0,0.0,100,0,0,6
2026-08-31T19:00:00Z,UPS-B1,HALL-B,it,0.0,7.5,0.0,0.0,0.0,100,0,0,6
2026-08-31T20:00:00Z,UPS-B1,HALL-B,it,0.0,7.5,0.0,0.0,0.0,100,0,0,6
2026-08-31T21:00:00Z,UPS-B1,HALL-B,it,0.0,7.5,0.0,0.0,0.0,100,0,0,6
2026-08-31T22:00:00Z,UPS-B1,HALL-B,it,0.0,7.5,0.0,0.0,0.0,100,0,0,6
2026-08-31T23:00:00Z,UPS-B1,HALL-B,it,0.0,7.5,0.0,0.0,0.0,100,0,0,6
2026-09-01T00:00:00Z,UPS-B1,HALL-B,it,0.0,7.5,0.0,0.0,0.0,100,0,0,6
2026-09-01T01:00:00Z,UPS-B1,HALL-B,it,0.0,7.5,0.0,0.0,0.0,100,0,0,6
2026-09-01T02:00:00Z,UPS-B1,HALL-B,it,0.0,7.5,0.0,0.0,0.0,100,0,0,6
2026-09-01T03:00:00Z,UPS-B1,HALL-B,it,0.0,7.5,0.0,0.0,0.0,100,0,0,6
2026-09-01T04:00:00Z,UPS-B1,HALL-B,it,0.0,7.5,0.0,0.0,0.0,100,0,0,6
2026-09-01T05:00:00Z,UPS-B1,HALL-B,it,0.0,7.5,0.0,0.0,0.0,100,0,0,6
2026-09-01T06:00:00Z,UPS-B1,HALL-B,it,0.0,7.5,0.0,0.0,0.0,100,0,0,6
2026-09-01T07:00:00Z,UPS-B1,HALL-B,it,0.0,7.5,0.0,0.0,0.0,100,0,0,6
2026-09-01T08:00:00Z,UPS-B1,HALL-B,it,0.0,7.5,0.0,0.0,0.0,100,0,0,6
2026-09-01T09:00:00Z,UPS-B1,HALL-B,it,0.0,7.5,0.0,0.0,0.0,100,0,0,6
2026-09-01T10:00:00Z,UPS-B1,HALL-B,it,0.0,7.5,0.0,0.0,0.0,100,0,0,6
2026-09-01T11:00:00Z,UPS-B1,HALL-B,it,0.0,7.5,0.0,0.0,0.0,100,0,0,6
2026-09-01T12:00:00Z,UPS-B1,HALL-B,it,0.0,7.5,0.0,0.0,0.0,100,0,0,6
2026-09-01T13:00:00Z,UPS-B1,HALL-B,it,0.0,7.5,0.0,0.0,0.0,100,0,0,6
2026-09-01T14:00:00Z,UPS-B1,HALL-B,it,0.0,7.5,0.0,0.0,0.0,100,0,0,6
2026-09-01T15:00:00Z,UPS-B1,HALL-B,it,0.0,7.5,0.0,0.0,0.0,100,0,0,6
2026-09-01T16:00:00Z,UPS-B1,HALL-B,it,0.0,7.5,0.0,0.0,0.0,100,0,0,6
2026-09-01T17:00:00Z,UPS-B1,HALL-B,it,0.0,7.5,0.0,0.0,0.0,100,0,0,6
2026-09-01T18:00:00Z,UPS-B1,HALL-B,it,0.0,7.5,0.0,0.0,0.0,100,0,0,6
2026-09-01T19:00:00Z,UPS-B1,HALL-B,it,0.0,7.5,0.0,0.0,0.0,100,0,0,6
2026-09-01T20:00:00Z,UPS-B1,HALL-B,it,0.0,7.5,0.0,0.0,0.0,100,0,0,6
2026-09-01T21:00:00Z,UPS-B1,HALL-B,it,0.0,7.5,0.0,0.0,0.0,100,0,0,6
2026-09-01T22:00:00Z,UPS-B1,HALL-B,it,0.0,7.5,0.0,0.0,0.0,100,0,0,6
2026-09-01T23:00:00Z,UPS-B1,HALL-B,it,0.0,7.5,0.0,0.0,0.0,100,0,0,6
2026-09-02T00:00:00Z,UPS-B1,HALL-B,it,0.0,7.5,0.0,0.0,0.0,100,0,0,6
2026-09-02T01:00:00Z,UPS-B1,HALL-B,it,0.0,7.5,0.0,0.0,0.0,100,0,0,6
2026-09-02T02:00:00Z,UPS-B1,HALL-B,it,0.0,7.5,0.0,0.0,0.0,100,0,0,6
2026-09-02T03:00:00Z,UPS-B1,HALL-B,it,0.0,7.5,0.0,0.0,0.0,100,0,0,6
2026-09-02T04:00:00Z,UPS-B1,HALL-B,it,0.0,7.5,0.0,0.0,0.0,100,0,0,6
2026-09-02T05:00:00Z,UPS-B1,HALL-B,it,0.0,7.5,0.0,0.0,0.0,100,0,0,6
2026-09-02T06:00:00Z,UPS-B1,HALL-B,it,0.0,7.5,0.0,0.0,0.0,100,0,0,6
2026-09-02T07:00:00Z,UPS-B1,HALL-B,it,0.0,7.5,0.0,0.0,0.0,100,0,0,6
2026-09-02T08:00:00Z,UPS-B1,HALL-B,it,0.0,7.5,0.0,0.0,0.0,100,0,0,6
2026-09-02T09:00:00Z,UPS-B1,HALL-B,it,0.0,7.5,0.0,0.0,0.0,100,0,0,6
2026-09-02T10:00:00Z,UPS-B1,HALL-B,it,0.0,7.5,0.0,0.0,0.0,100,0,0,6
2026-09-02T11:00:00Z,UPS-B1,HALL-B,it,0.0,7.5,0.0,0.0,0.0,100,0,0,6
2026-09-02T12:00:00Z,UPS-B1,HALL-B,it,0.0,7.5,0.0,0.0,0.0,100,0,0,6
2026-09-02T13:00:00Z,UPS-B1,HALL-B,it,0.0,7.5,0.0,0.0,0.0,100,0,0,6
2026-09-02T14:00:00Z,UPS-B1,HALL-B,it,0.0,7.5,0.0,0.0,0.0,100,0,0,6
2026-09-02T15:00:00Z,UPS-B1,HALL-B,it,0.0,7.5,0.0,0.0,0.0,100,0,0,6
2026-09-02T16:00:00Z,UPS-B1,HALL-B,it,0.0,7.5,0.0,0.0,0.0,100,0,0,6
2026-09-02T17:00:00Z,UPS-B1,HALL-B,it,0.0,7.5,0.0,0.0,0.0,100,0,0,6
2026-09-02T18:00:00Z,UPS-B1,HALL-B,it,0.0,7.5,0.0,0.0,0.0,100,0,0,6
2026-09-02T19:00:00Z,UPS-B1,HALL-B,it,0.0,7.5,0.0,0.0,0.0,100,0,0,6
2026-09-02T20:00:00Z,UPS-B1,HALL-B,it,0.0,7.5,0.0,0.0,0.0,100,0,0,6
2026-09-02T21:00:00Z,UPS-B1,HALL-B,it,0.0,7.5,0.0,0.0,0.0,100,0,0,6
2026-09-02T22:00:00Z,UPS-B1,HALL-B,it,0.0,7.5,0.0,0.0,0.0,100,0,0,6
2026-09-02T23:00:00Z,UPS-B1,HALL-B,it,0.0,7.5,0.0,0.0,0.0,100,0,0,6
2026-09-03T00:00:00Z,UPS-B1,HALL-B,it,0.0,7.5,0.0,0.0,0.0,100,0,0,6
2026-09-03T01:00:00Z,UPS-B1,HALL-B,it,0.0,7.5,0.0,0.0,0.0,100,0,0,6
2026-09-03T02:00:00Z,UPS-B1,HALL-B,it,0.0,7.5,0.0,0.0,0.0,100,0,0,6
2026-09-03T03:00:00Z,UPS-B1,HALL-B,it,0.0,7.5,0.0,0.0,0.0,100,0,0,6
2026-09-03T04:00:00Z,UPS-B1,HALL-B,it,0.0,7.5,0.0,0.0,0.0,100,0,0,6
2026-09-03T05:00:00Z,UPS-B1,HALL-B,it,0.0,7.5,0.0,0.0,0.0,100,0,0,6
2026-09-03T06:00:00Z,UPS-B1,HALL-B,it,0.0,7.5,0.0,0.0,0.0,100,0,0,6
2026-09-03T07:00:00Z,UPS-B1,HALL-B,it,0.0,7.5,0.0,0.0,0.0,100,0,0,6
2026-09-03T08:00:00Z,UPS-B1,HALL-B,it,0.0,7.5,0.0,0.0,0.0,100,0,0,6
2026-09-03T09:00:00Z,UPS-B1,HALL-B,it,0.0,7.5,0.0,0.0,0.0,100,0,0,6
2026-09-03T10:00:00Z,UPS-B1,HALL-B,it,0.0,7.5,0.0,0.0,0.0,100,0,0,6
2026-09-03T11:00:00Z,UPS-B1,HALL-B,it,0.0,7.5,0.0,0.0,0.0,100,0,0,6
2026-09-03T12:00:00Z,UPS-B1,HALL-B,it,0.0,7.5,0.0,0.0,0.0,100,0,0,6
2026-09-03T13:00:00Z,UPS-B1,HALL-B,it,0.0,7.5,0.0,0.0,0.0,100,0,0,6
2026-09-03T14:00:00Z,UPS-B1,HALL-B,it,0.0,7.5,0.0,0.0,0.0,100,0,0,6
2026-09-03T15:00:00Z,UPS-B1,HALL-B,it,0.0,7.5,0.0,0.0,0.0,100,0,0,6
2026-09-03T16:00:00Z,UPS-B1,HALL-B,it,0.0,7.5,0.0,0.0,0.0,100,0,0,6
2026-09-03T17:00:00Z,UPS-B1,HALL-B,it,0.0,7.5,0.0,0.0,0.0,100,0,0,6
2026-09-03T18:00:00Z,UPS-B1,HALL-B,it,0.0,7.5,0.0,0.0,0.0,100,0,0,6
2026-09-03T19:00:00Z,UPS-B1,HALL-B,it,0.0,7.5,0.0,0.0,0.0,100,0,0,6
2026-09-03T20:00:00Z,UPS-B1,HALL-B,it,0.0,7.5,0.0,0.0,0.0,100,0,0,6
2026-09-03T21:00:00Z,UPS-B1,HALL-B,it,0.0,7.5,0.0,0.0,0.0,100,0,0,6
2026-09-03T22:00:00Z,UPS-B1,HALL-B,it,0.0,7.5,0.0,0.0,0.0,100,0,0,6
2026-09-03T23:00:00Z,UPS-B1,HALL-B,it,0.0,7.5,0.0,0.0,0.0,100,0,0,6
2026-09-04T00:00:00Z,UPS-B1,HALL-B,it,0.0,7.5,0.0,0.0,0.0,100,0,0,6
2026-09-04T01:00:00Z,UPS-B1,HALL-B,it,0.0,7.5,0.0,0.0,0.0,100,0,0,6
2026-09-04T02:00:00Z,UPS-B1,HALL-B,it,0.0,7.5,0.0,0.0,0.0,100,0,0,6
2026-09-04T03:00:00Z,UPS-B1,HALL-B,it,0.0,7.5,0.0,0.0,0.0,100,0,0,6
2026-09-04T04:00:00Z,UPS-B1,HALL-B,it,0.0,7.5,0.0,0.0,0.0,100,0,0,6
2026-09-04T05:00:00Z,UPS-B1,HALL-B,it,0.0,7.5,0.0,0.0,0.0,100,0,0,6
2026-09-04T06:00:00Z,UPS-B1,HALL-B,it,0.0,7.5,0.0,0.0,0.0,100,0,0,6
2026-09-04T07:00:00Z,UPS-B1,HALL-B,it,0.0,7.5,0.0,0.0,0.0,100,0,0,6
2026-09-04T08:00:00Z,UPS-B1,HALL-B,it,0.0,7.5,0.0,0.0,0.0,100,0,0,6
2026-09-04T09:00:00Z,UPS-B1,HALL-B,it,0.0,7.5,0.0,0.0,0.0,100,0,0,6
2026-09-04T10:00:00Z,UPS-B1,HALL-B,it,0.0,7.5,0.0,0.0,0.0,100,0,0,6
2026-09-04T11:00:00Z,UPS-B1,HALL-B,it,0.0,7.5,0.0,0.0,0.0,100,0,0,6
2026-09-04T12:00:00Z,UPS-B1,HALL-B,it,0.0,7.5,0.0,0.0,0.0,100,0,0,6
2026-09-04T13:00:00Z,UPS-B1,HALL-B,it,0.0,7.5,0.0,0.0,0.0,100,0,0,6
2026-09-04T14:00:00Z,UPS-B1,HALL-B,it,0.0,7.5,0.0,0.0,0.0,100,0,0,6
2026-09-04T15:00:00Z,UPS-B1,HALL-B,it,0.0,7.5,0.0,0.0,0.0,100,0,0,6
2026-09-04T16:00:00Z,UPS-B1,HALL-B,it,0.0,7.5,0.0,0.0,0.0,100,0,0,6
2026-09-04T17:00:00Z,UPS-B1,HALL-B,it,0.0,7.5,0.0,0.0,0.0,100,0,0,6
2026-09-04T18:00:00Z,UPS-B1,HALL-B,it,0.0,7.5,0.0,0.0,0.0,100,0,0,6
2026-09-04T19:00:00Z,UPS-B1,HALL-B,it,0.0,7.5,0.0,0.0,0.0,100,0,0,6
2026-09-04T20:00:00Z,UPS-B1,HALL-B,it,0.0,7.5,0.0,0.0,0.0,100,0,0,6
2026-09-04T21:00:00Z,UPS-B1,HALL-B,it,0.0,7.5,0.0,0.0,0.0,100,0,0,6
2026-09-04T22:00:00Z,UPS-B1,HALL-B,it,0.0,7.5,0.0,0.0,0.0,100,0,0,6
2026-09-04T23:00:00Z,UPS-B1,HALL-B,it,0.0,7.5,0.0,0.0,0.0,100,0,0,6
2026-09-05T00:00:00Z,UPS-B1,HALL-B,it,0.0,7.5,0.0,0.0,0.0,100,0,0,6
2026-09-05T01:00:00Z,UPS-B1,HALL-B,it,30.72,39.18,2.0,3.8,70.1,100,0,0,6
2026-09-05T02:00:00Z,UPS-B1,HALL-B,it,57.6,66.9,3.8,3.8,70.1,100,0,0,6
2026-09-05T03:00:00Z,UPS-B1,HALL-B,it,57.6,66.9,3.8,3.8,70.1,100,0,0,6
2026-09-05T04:00:00Z,UPS-B1,HALL-B,it,57.6,66.9,3.8,3.8,70.2,100,0,0,6
2026-09-05T05:00:00Z,UPS-B1,HALL-B,it,35.36,43.96,2.4,3.8,70.1,100,0,0,6
2026-09-05T06:00:00Z,UPS-B1,HALL-B,it,38.14,46.83,2.5,3.8,70.1,100,0,0,6
2026-09-05T07:00:00Z,UPS-B1,HALL-B,it,57.6,66.9,3.8,3.8,70.1,100,0,0,6
2026-09-05T08:00:00Z,UPS-B1,HALL-B,it,57.6,66.9,3.8,3.8,70.1,100,0,0,6
2026-09-05T09:00:00Z,UPS-B1,HALL-B,it,57.6,66.9,3.8,3.8,70.1,100,0,0,6
2026-09-05T10:00:00Z,UPS-B1,HALL-B,it,35.36,43.97,2.4,3.8,70.2,100,0,0,6
2026-09-05T11:00:00Z,UPS-B1,HALL-B,it,38.14,46.83,2.5,3.8,70.1,100,0,0,6
2026-09-05T12:00:00Z,UPS-B1,HALL-B,it,57.6,66.9,3.8,3.8,70.2,100,0,0,6
2026-09-05T13:00:00Z,UPS-B1,HALL-B,it,57.6,66.9,3.8,3.8,70.1,100,0,0,6
2026-09-05T14:00:00Z,UPS-B1,HALL-B,it,57.6,66.9,3.8,3.8,70.1,100,0,0,6
2026-09-05T15:00:00Z,UPS-B1,HALL-B,it,35.36,43.97,2.4,3.8,70.1,100,0,0,6
2026-09-05T16:00:00Z,UPS-B1,HALL-B,it,38.14,46.83,2.5,3.8,70.0,100,0,0,6
2026-09-05T17:00:00Z,UPS-B1,HALL-B,it,57.6,66.9,3.8,3.8,70.1,100,0,0,6
2026-09-05T18:00:00Z,UPS-B1,HALL-B,it,57.6,66.9,3.8,3.8,70.1,100,0,0,6
2026-09-05T19:00:00Z,UPS-B1,HALL-B,it,57.6,66.9,3.8,3.8,70.1,100,0,0,6
2026-09-05T20:00:00Z,UPS-B1,HALL-B,it,46.72,55.67,3.1,4.8,89.3,100,0,0,6
2026-09-05T21:00:00Z,UPS-B1,HALL-B,it,94.94,105.33,6.3,7.6,139.8,100,0,0,6
2026-09-05T22:00:00Z,UPS-B1,HALL-B,it,114.4,125.4,7.6,7.6,139.9,100,0,0,6
2026-09-05T23:00:00Z,UPS-B1,HALL-B,it,114.4,125.4,7.6,7.6,139.7,100,0,0,6
2026-09-06T00:00:00Z,UPS-B1,HALL-B,it,106.18,116.94,7.1,7.6,139.7,100,0,0,6
2026-09-06T01:00:00Z,UPS-B1,HALL-B,it,59.28,68.63,3.9,4.9,89.4,100,0,0,6
2026-09-06T02:00:00Z,UPS-B1,HALL-B,it,94.94,105.33,6.3,7.6,139.7,100,0,0,6
2026-09-06T03:00:00Z,UPS-B1,HALL-B,it,114.4,125.4,7.6,7.6,139.9,100,0,0,6
2026-09-06T04:00:00Z,UPS-B1,HALL-B,it,114.4,125.4,7.6,7.6,139.7,100,0,0,6
2026-09-06T05:00:00Z,UPS-B1,HALL-B,it,106.18,116.94,7.1,7.6,139.8,100,0,0,6
2026-09-06T06:00:00Z,UPS-B1,HALL-B,it,59.28,68.62,3.9,4.9,89.3,100,0,0,6
2026-09-06T07:00:00Z,UPS-B1,HALL-B,it,94.94,105.33,6.3,7.6,139.6,100,0,0,6
2026-09-06T08:00:00Z,UPS-B1,HALL-B,it,114.4,125.4,7.6,7.6,139.8,100,0,0,6
2026-09-06T09:00:00Z,UPS-B1,HALL-B,it,114.4,125.4,7.6,7.6,139.7,100,0,0,6
2026-09-06T10:00:00Z,UPS-B1,HALL-B,it,106.18,116.94,7.1,7.6,139.7,100,0,0,6
2026-09-06T11:00:00Z,UPS-B1,HALL-B,it,59.28,68.63,3.9,4.9,89.3,100,0,0,6
2026-09-06T12:00:00Z,UPS-B1,HALL-B,it,94.94,105.33,6.3,7.6,139.7,100,0,0,6
2026-09-06T13:00:00Z,UPS-B1,HALL-B,it,114.4,125.4,7.6,7.6,139.8,100,0,0,6
2026-09-06T14:00:00Z,UPS-B1,HALL-B,it,114.4,125.4,7.6,7.6,139.8,100,0,0,6
2026-09-06T15:00:00Z,UPS-B1,HALL-B,it,106.18,116.94,7.1,7.6,139.7,100,0,0,6
2026-09-06T16:00:00Z,UPS-B1,HALL-B,it,59.28,68.63,3.9,4.9,89.4,100,0,0,6
2026-09-06T17:00:00Z,UPS-B1,HALL-B,it,94.94,105.33,6.3,7.6,139.7,100,0,0,6
2026-09-06T18:00:00Z,UPS-B1,HALL-B,it,114.4,125.4,7.6,7.6,139.7,100,0,0,6
2026-09-06T19:00:00Z,UPS-B1,HALL-B,it,114.4,125.4,7.6,7.6,139.8,100,0,0,6
2026-09-06T20:00:00Z,UPS-B1,HALL-B,it,106.18,116.94,7.1,7.6,139.7,100,0,0,6
2026-09-06T21:00:00Z,UPS-B1,HALL-B,it,94.35,104.79,6.3,8.8,160.1,100,0,0,6
2026-09-06T22:00:00Z,UPS-B1,HALL-B,it,153.34,165.59,10.2,11.5,210.1,100,0,0,6
2026-09-06T23:00:00Z,UPS-B1,HALL-B,it,172.8,185.6,11.5,11.5,210.2,100,0,0,6
2026-09-07T00:00:00Z,UPS-B1,HALL-B,it,172.8,185.6,11.5,11.5,210.0,100,0,0,6
2026-09-07T01:00:00Z,UPS-B1,HALL-B,it,139.2,150.98,9.3,11.5,210.0,100,0,0,6
2026-09-07T02:00:00Z,UPS-B1,HALL-B,it,100.78,111.43,6.7,8.8,160.1,100,0,0,6
2026-09-07T03:00:00Z,UPS-B1,HALL-B,it,153.34,165.58,10.2,11.5,210.0,100,0,0,6
2026-09-07T04:00:00Z,UPS-B1,HALL-B,it,172.8,185.6,11.5,11.5,210.2,100,0,0,6
2026-09-07T05:00:00Z,UPS-B1,HALL-B,it,172.8,185.6,11.5,11.5,210.1,100,0,0,6
2026-09-07T06:00:00Z,UPS-B1,HALL-B,it,139.2,150.98,9.3,11.5,210.1,100,0,0,6
2026-09-07T07:00:00Z,UPS-B1,HALL-B,it,100.8,111.45,6.7,8.8,160.3,100,0,0,6
2026-09-07T08:00:00Z,UPS-B1,HALL-B,it,153.34,165.58,10.2,11.5,210.3,100,0,0,6
2026-09-07T09:00:00Z,UPS-B1,HALL-B,it,172.8,185.6,11.5,11.5,210.2,100,0,0,6
2026-09-07T10:00:00Z,UPS-B1,HALL-B,it,172.8,185.6,11.5,11.5,210.3,100,0,0,6
2026-09-07T11:00:00Z,UPS-B1,HALL-B,it,139.2,150.98,9.3,11.5,209.9,100,0,0,6
2026-09-07T12:00:00Z,UPS-B1,HALL-B,it,100.79,111.44,6.7,8.8,160.2,100,0,0,6
2026-09-07T13:00:00Z,UPS-B1,HALL-B,it,153.34,165.58,10.2,11.5,210.0,100,0,0,6
2026-09-07T14:00:00Z,UPS-B1,HALL-B,it,172.8,185.6,11.5,11.5,210.1,100,0,0,6
2026-09-07T15:00:00Z,UPS-B1,HALL-B,it,172.8,185.6,11.5,11.5,210.1,100,0,0,6
2026-09-07T16:00:00Z,UPS-B1,HALL-B,it,139.2,150.98,9.3,11.5,210.0,100,0,0,6
2026-09-07T17:00:00Z,UPS-B1,HALL-B,it,100.79,111.44,6.7,8.8,160.3,100,0,0,6
2026-09-07T18:00:00Z,UPS-B1,HALL-B,it,153.34,165.58,10.2,11.5,209.9,100,0,0,6
2026-09-07T19:00:00Z,UPS-B1,HALL-B,it,172.8,185.6,11.5,11.5,210.1,100,0,0,6
2026-09-07T20:00:00Z,UPS-B1,HALL-B,it,172.8,185.6,11.5,11.5,210.0,100,0,0,6
2026-09-07T21:00:00Z,UPS-B1,HALL-B,it,139.2,150.98,9.3,11.5,210.0,100,0,0,6
2026-09-07T22:00:00Z,UPS-B1,HALL-B,it,100.79,111.44,6.7,8.8,160.2,100,0,0,6
2026-09-07T23:00:00Z,UPS-B1,HALL-B,it,153.34,165.58,10.2,11.5,210.1,100,0,0,6
2026-09-08T00:00:00Z,UPS-B1,HALL-B,it,172.8,185.6,11.5,11.5,210.1,100,0,0,6
2026-09-08T01:00:00Z,UPS-B1,HALL-B,it,172.8,185.6,11.5,11.5,210.1,100,0,0,6
2026-09-08T02:00:00Z,UPS-B1,HALL-B,it,139.2,150.98,9.3,11.5,209.9,100,0,0,6
2026-09-08T03:00:00Z,UPS-B1,HALL-B,it,100.78,111.43,6.7,8.8,160.4,100,0,0,6
2026-09-08T04:00:00Z,UPS-B1,HALL-B,it,153.34,165.58,10.2,11.5,210.0,100,0,0,6
2026-09-08T05:00:00Z,UPS-B1,HALL-B,it,172.8,185.6,11.5,11.5,210.0,100,0,0,6
2026-09-08T06:00:00Z,UPS-B1,HALL-B,it,172.8,185.6,11.5,11.5,210.0,100,0,0,6
2026-09-08T07:00:00Z,UPS-B1,HALL-B,it,139.2,150.98,9.3,11.5,210.0,100,0,0,6
2026-09-08T08:00:00Z,UPS-B1,HALL-B,it,100.78,111.43,6.7,8.8,160.2,100,0,0,6
2026-09-08T09:00:00Z,UPS-B1,HALL-B,it,153.34,165.58,10.2,11.5,210.0,100,0,0,6
2026-09-08T10:00:00Z,UPS-B1,HALL-B,it,172.8,185.6,11.5,11.5,209.9,100,0,0,6
2026-09-08T11:00:00Z,UPS-B1,HALL-B,it,172.8,185.6,11.5,11.5,210.1,100,0,0,6
2026-09-08T12:00:00Z,UPS-B1,HALL-B,it,139.2,150.98,9.3,11.5,210.1,100,0,0,6
2026-09-08T13:00:00Z,UPS-B1,HALL-B,it,100.78,111.43,6.7,8.8,160.2,100,0,0,6
2026-09-08T14:00:00Z,UPS-B1,HALL-B,it,153.34,165.58,10.2,11.5,210.1,100,0,0,6
2026-09-08T15:00:00Z,UPS-B1,HALL-B,it,172.8,185.6,11.5,11.5,210.2,100,0,0,6
2026-09-08T16:00:00Z,UPS-B1,HALL-B,it,172.8,185.6,11.5,11.5,210.1,100,0,0,6
2026-09-08T17:00:00Z,UPS-B1,HALL-B,it,139.2,150.98,9.3,11.5,209.8,100,0,0,6
2026-09-08T18:00:00Z,UPS-B1,HALL-B,it,100.79,111.44,6.7,8.8,160.1,100,0,0,6
2026-09-08T19:00:00Z,UPS-B1,HALL-B,it,153.34,165.58,10.2,11.5,210.0,100,0,0,6
2026-09-08T20:00:00Z,UPS-B1,HALL-B,it,172.8,185.6,11.5,11.5,210.1,100,0,0,6
2026-09-08T21:00:00Z,UPS-B1,HALL-B,it,172.8,185.6,11.5,11.5,210.2,100,0,0,6
2026-09-08T22:00:00Z,UPS-B1,HALL-B,it,139.2,150.98,9.3,11.5,210.0,100,0,0,6
2026-09-08T23:00:00Z,UPS-B1,HALL-B,it,100.78,111.43,6.7,8.8,160.1,100,0,0,6
2026-09-09T00:00:00Z,UPS-B1,HALL-B,it,153.34,165.58,10.2,11.5,210.2,100,0,0,6
2026-09-09T01:00:00Z,UPS-B1,HALL-B,it,172.8,185.6,11.5,11.5,210.1,100,0,0,6
2026-09-09T02:00:00Z,UPS-B1,HALL-B,it,172.8,185.6,11.5,11.5,210.1,100,0,0,6
2026-09-09T03:00:00Z,UPS-B1,HALL-B,it,161.71,174.19,10.8,12.6,230.3,100,0,0,6
2026-09-09T04:00:00Z,UPS-B1,HALL-B,it,159.53,171.98,10.6,12.7,231.9,100,0,0,6
2026-09-09T05:00:00Z,UPS-B1,HALL-B,it,212.07,226.17,14.1,15.4,282.1,100,0,0,6
2026-09-09T06:00:00Z,UPS-B1,HALL-B,it,231.5,246.2,15.4,15.4,281.9,100,0,0,6
2026-09-09T07:00:00Z,UPS-B1,HALL-B,it,215.22,229.38,14.3,15.4,282.0,100,0,0,6
2026-09-09T08:00:00Z,UPS-B1,HALL-B,it,171.71,184.5,11.5,12.6,229.9,100,0,0,6
2026-09-09T09:00:00Z,UPS-B1,HALL-B,it,159.53,171.98,10.6,12.7,231.7,100,0,0,6
2026-09-09T10:00:00Z,UPS-B1,HALL-B,it,212.07,226.16,14.1,15.4,281.8,100,0,0,6
2026-09-09T11:00:00Z,UPS-B1,HALL-B,it,231.5,246.2,15.4,15.4,281.9,100,0,0,6
2026-09-09T12:00:00Z,UPS-B1,HALL-B,it,215.22,229.38,14.3,15.4,281.9,100,0,0,6
2026-09-09T13:00:00Z,UPS-B1,HALL-B,it,171.71,184.51,11.5,12.6,230.2,100,0,0,6
2026-09-09T14:00:00Z,UPS-B1,HALL-B,it,159.53,171.98,10.6,12.7,231.7,100,0,0,6
2026-09-09T15:00:00Z,UPS-B1,HALL-B,it,212.07,226.16,14.1,15.4,281.9,100,0,0,6
2026-09-09T16:00:00Z,UPS-B1,HALL-B,it,231.5,246.2,15.4,15.4,282.0,100,0,0,6
2026-09-09T17:00:00Z,UPS-B1,HALL-B,it,215.21,229.38,14.3,15.4,281.9,100,0,0,6
2026-09-09T18:00:00Z,UPS-B1,HALL-B,it,171.71,184.5,11.5,12.6,230.1,100,0,0,6
2026-09-09T19:00:00Z,UPS-B1,HALL-B,it,159.52,171.97,10.6,12.7,232.2,100,0,0,6
2026-09-09T20:00:00Z,UPS-B1,HALL-B,it,212.07,226.17,14.1,15.4,282.0,100,0,0,6
2026-09-09T21:00:00Z,UPS-B1,HALL-B,it,285.27,301.58,19.0,19.2,351.7,100,0,0,6
2026-09-09T22:00:00Z,UPS-B1,HALL-B,it,271.81,287.71,18.1,19.2,351.7,100,0,0,6
2026-09-09T23:00:00Z,UPS-B1,HALL-B,it,228.29,242.85,15.2,16.4,299.8,100,0,0,6
2026-09-10T00:00:00Z,UPS-B1,HALL-B,it,216.08,230.25,14.4,16.5,302.1,100,0,0,6
2026-09-10T01:00:00Z,UPS-B1,HALL-B,it,229.78,244.38,15.3,16.5,301.2,100,0,0,6
2026-09-10T02:00:00Z,UPS-B1,HALL-B,it,282.28,298.5,18.8,19.2,351.5,100,0,0,6
2026-09-10T03:00:00Z,UPS-B1,HALL-B,it,269.32,285.15,18.0,19.2,351.7,100,0,0,6
2026-09-10T04:00:00Z,UPS-B1,HALL-B,it,225.81,240.29,15.1,16.4,300.1,100,0,0,6
2026-09-10T05:00:00Z,UPS-B1,HALL-B,it,205.66,219.5,13.7,16.4,300.9,100,0,0,6
2026-09-10T06:00:00Z,UPS-B1,HALL-B,it,207.54,221.5,13.8,16.4,300.6,100,0,0,6
2026-09-10T07:00:00Z,UPS-B1,HALL-B,it,244.35,259.39,16.3,16.4,301.0,100,0,0,6
2026-09-10T08:00:00Z,UPS-B1,HALL-B,it,230.12,244.72,15.3,16.4,300.9,100,0,0,6
2026-09-10T09:00:00Z,UPS-B1,HALL-B,it,186.6,199.86,12.5,13.6,249.6,100,0,0,6
2026-09-10T10:00:00Z,UPS-B1,HALL-B,it,197.7,211.3,13.2,17.5,318.7,100,0,0,6
2026-09-10T11:00:00Z,UPS-B1,HALL-B,it,242.87,257.9,16.2,17.7,324.1,100,0,0,6
2026-09-10T12:00:00Z,UPS-B1,HALL-B,it,281.38,297.55,18.8,19.1,349.1,100,0,0,6
2026-09-10T13:00:00Z,UPS-B1,HALL-B,it,269.56,285.36,18.0,19.1,349.0,100,0,0,6
2026-09-10T14:00:00Z,UPS-B1,HALL-B,it,223.62,238.03,14.9,16.2,297.1,100,0,0,6
2026-09-10T15:00:00Z,UPS-B1,HALL-B,it,233.62,248.36,15.6,19.1,349.1,100,0,0,6
2026-09-10T16:00:00Z,UPS-B1,HALL-B,it,244.52,259.61,16.3,19.1,348.1,100,0,0,6
2026-09-10T17:00:00Z,UPS-B1,HALL-B,it,281.37,297.53,18.8,19.1,349.2,100,0,0,6
2026-09-10T18:00:00Z,UPS-B1,HALL-B,it,267.15,282.88,17.8,19.1,349.4,100,0,0,6
2026-09-10T19:00:00Z,UPS-B1,HALL-B,it,223.62,238.02,14.9,16.2,297.4,100,0,0,6
2026-09-10T20:00:00Z,UPS-B1,HALL-B,it,236.06,250.88,15.7,19.1,348.9,100,0,0,6
2026-09-10T21:00:00Z,UPS-B1,HALL-B,it,244.54,259.63,16.3,19.1,348.6,100,0,0,6
2026-09-10T22:00:00Z,UPS-B1,HALL-B,it,281.38,297.55,18.8,19.1,349.1,100,0,0,6
2026-09-10T23:00:00Z,UPS-B1,HALL-B,it,267.11,282.84,17.8,19.1,349.0,100,0,0,6
2026-09-11T00:00:00Z,UPS-B1,HALL-B,it,223.64,238.04,14.9,16.2,297.1,100,0,0,6
2026-09-11T01:00:00Z,UPS-B1,HALL-B,it,233.64,248.38,15.6,19.1,349.0,100,0,0,6
2026-09-11T02:00:00Z,UPS-B1,HALL-B,it,244.53,259.62,16.3,19.1,348.7,100,0,0,6
2026-09-11T03:00:00Z,UPS-B1,HALL-B,it,283.8,300.04,18.9,19.1,349.1,100,0,0,6
2026-09-11T04:00:00Z,UPS-B1,HALL-B,it,267.13,282.86,17.8,19.1,349.1,100,0,0,6
2026-09-11T05:00:00Z,UPS-B1,HALL-B,it,223.62,238.02,14.9,16.2,297.2,100,0,0,6
2026-09-11T06:00:00Z,UPS-B1,HALL-B,it,233.64,248.38,15.6,19.1,348.8,100,0,0,6
2026-09-11T07:00:00Z,UPS-B1,HALL-B,it,244.55,259.64,16.3,19.1,348.4,100,0,0,6
2026-09-11T08:00:00Z,UPS-B1,HALL-B,it,281.37,297.53,18.8,19.1,348.9,100,0,0,6
2026-09-11T09:00:00Z,UPS-B1,HALL-B,it,267.15,282.88,17.8,19.1,349.1,100,0,0,6
2026-09-11T10:00:00Z,UPS-B1,HALL-B,it,226.03,240.51,15.1,16.2,297.5,100,0,0,6
2026-09-11T11:00:00Z,UPS-B1,HALL-B,it,233.64,248.38,15.6,19.1,349.2,100,0,0,6
2026-09-11T12:00:00Z,UPS-B1,HALL-B,it,244.52,259.61,16.3,19.0,348.2,100,0,0,6
2026-09-11T13:00:00Z,UPS-B1,HALL-B,it,281.39,297.55,18.8,19.1,348.8,100,0,0,6
2026-09-11T14:00:00Z,UPS-B1,HALL-B,it,267.14,282.87,17.8,19.1,349.3,100,0,0,6
2026-09-11T15:00:00Z,UPS-B1,HALL-B,it,223.62,238.03,14.9,16.2,297.3,100,0,0,6
2026-09-11T16:00:00Z,UPS-B1,HALL-B,it,233.62,248.37,15.6,19.1,348.8,100,0,0,6
2026-09-11T17:00:00Z,UPS-B1,HALL-B,it,246.93,262.09,16.4,19.1,348.3,100,0,0,6
2026-09-11T18:00:00Z,UPS-B1,HALL-B,it,278.02,294.08,18.6,19.1,349.5,100,0,0,6
2026-09-11T19:00:00Z,UPS-B1,HALL-B,it,265.3,280.98,17.7,19.1,348.9,100,0,0,6
2026-09-11T20:00:00Z,UPS-B1,HALL-B,it,247.17,262.3,16.5,19.1,349.0,100,0,0,6
2026-09-11T21:00:00Z,UPS-B1,HALL-B,it,250.55,265.81,16.7,19.1,349.0,100,0,0,6
2026-09-11T22:00:00Z,UPS-B1,HALL-B,it,242.7,257.72,16.2,19.1,348.5,100,0,0,6
2026-09-11T23:00:00Z,UPS-B1,HALL-B,it,279.54,295.65,18.7,19.1,348.9,100,0,0,6
2026-09-12T00:00:00Z,UPS-B1,HALL-B,it,314.77,332.01,21.0,22.8,416.4,100,0,0,6
2026-09-12T01:00:00Z,UPS-B1,HALL-B,it,303.72,320.62,20.3,22.8,416.6,100,0,0,6
2026-09-12T02:00:00Z,UPS-B1,HALL-B,it,305.25,322.18,20.4,22.8,416.3,100,0,0,6
2026-09-12T03:00:00Z,UPS-B1,HALL-B,it,301.06,317.85,20.1,22.8,416.4,100,0,0,6
2026-09-12T04:00:00Z,UPS-B1,HALL-B,it,303.35,320.22,20.2,22.8,416.5,100,0,0,6
2026-09-12T05:00:00Z,UPS-B1,HALL-B,it,313.64,330.85,20.9,22.8,416.7,100,0,0,6
2026-09-12T06:00:00Z,UPS-B1,HALL-B,it,305.56,322.52,20.4,22.8,416.7,100,0,0,6
2026-09-12T07:00:00Z,UPS-B1,HALL-B,it,307.68,324.69,20.5,22.8,416.2,100,0,0,6
2026-09-12T08:00:00Z,UPS-B1,HALL-B,it,299.22,315.95,20.0,22.8,416.1,100,0,0,6
2026-09-12T09:00:00Z,UPS-B1,HALL-B,it,305.18,322.1,20.3,22.8,416.0,100,0,0,6
2026-09-12T10:00:00Z,UPS-B1,HALL-B,it,313.67,330.88,20.9,22.8,416.3,100,0,0,6
2026-09-12T11:00:00Z,UPS-B1,HALL-B,it,303.71,320.62,20.3,22.8,416.2,100,0,0,6
2026-09-12T12:00:00Z,UPS-B1,HALL-B,it,307.09,324.08,20.5,22.8,416.2,100,0,0,6
2026-09-12T13:00:00Z,UPS-B1,HALL-B,it,289.53,305.98,19.3,22.8,416.2,100,0,0,6
2026-09-12T14:00:00Z,UPS-B1,HALL-B,it,305.48,322.44,20.3,23.0,419.3,100,0,0,6
2026-09-12T15:00:00Z,UPS-B1,HALL-B,it,317.6,334.92,21.2,23.0,419.0,100,0,0,6
2026-09-12T16:00:00Z,UPS-B1,HALL-B,it,305.85,322.79,20.4,23.0,419.3,100,0,0,6
2026-09-12T17:00:00Z,UPS-B1,HALL-B,it,307.42,324.44,20.5,23.0,418.8,100,0,0,6
2026-09-12T18:00:00Z,UPS-B1,HALL-B,it,303.21,320.1,20.2,23.0,418.5,100,0,0,6
2026-09-12T19:00:00Z,UPS-B1,HALL-B,it,305.47,322.43,20.3,23.0,419.6,100,0,0,6
2026-09-12T20:00:00Z,UPS-B1,HALL-B,it,315.77,333.05,21.0,23.0,419.6,100,0,0,6
2026-09-12T21:00:00Z,UPS-B1,HALL-B,it,307.67,324.67,20.5,23.0,419.2,100,0,0,6
2026-09-12T22:00:00Z,UPS-B1,HALL-B,it,305.88,322.85,20.4,23.0,419.1,100,0,0,6
2026-09-12T23:00:00Z,UPS-B1,HALL-B,it,300.37,317.17,20.0,23.0,418.8,100,0,0,6
2026-09-13T00:00:00Z,UPS-B1,HALL-B,it,307.3,324.31,20.5,23.0,418.7,100,0,0,6
2026-09-13T01:00:00Z,UPS-B1,HALL-B,it,315.77,333.04,21.0,23.0,418.9,100,0,0,6
2026-09-13T02:00:00Z,UPS-B1,HALL-B,it,305.83,322.77,20.4,23.0,418.8,100,0,0,6
2026-09-13T03:00:00Z,UPS-B1,HALL-B,it,309.24,326.32,20.6,23.0,419.0,100,0,0,6
2026-09-13T04:00:00Z,UPS-B1,HALL-B,it,301.38,318.21,20.1,23.0,418.9,100,0,0,6
2026-09-13T05:00:00Z,UPS-B1,HALL-B,it,305.48,322.44,20.3,23.0,419.4,100,0,0,6
2026-09-13T06:00:00Z,UPS-B1,HALL-B,it,317.61,334.93,21.2,23.0,419.3,100,0,0,6
2026-09-13T07:00:00Z,UPS-B1,HALL-B,it,305.83,322.78,20.4,23.0,418.8,100,0,0,6
2026-09-13T08:00:00Z,UPS-B1,HALL-B,it,307.42,324.44,20.5,23.0,419.4,100,0,0,6
2026-09-13T09:00:00Z,UPS-B1,HALL-B,it,303.21,320.1,20.2,23.0,419.2,100,0,0,6
2026-09-13T10:00:00Z,UPS-B1,HALL-B,it,305.48,322.44,20.3,23.0,419.5,100,0,0,6
2026-09-13T11:00:00Z,UPS-B1,HALL-B,it,315.78,333.05,21.0,23.0,419.0,100,0,0,6
2026-09-13T12:00:00Z,UPS-B1,HALL-B,it,307.67,324.67,20.5,23.0,418.9,100,0,0,6
2026-09-13T13:00:00Z,UPS-B1,HALL-B,it,307.41,324.43,20.5,23.0,419.3,100,0,0,6
2026-09-13T14:00:00Z,UPS-B1,HALL-B,it,301.38,318.21,20.1,23.0,418.8,100,0,0,6
2026-09-13T15:00:00Z,UPS-B1,HALL-B,it,307.3,324.31,20.4,23.0,419.0,100,0,0,6
2026-09-13T16:00:00Z,UPS-B1,HALL-B,it,315.78,333.04,21.0,23.0,419.4,100,0,0,6
2026-09-13T17:00:00Z,UPS-B1,HALL-B,it,304.31,321.21,20.3,23.0,418.9,100,0,0,6
2026-09-13T18:00:00Z,UPS-B1,HALL-B,it,308.21,325.26,20.5,23.0,419.0,100,0,0,6
2026-09-13T19:00:00Z,UPS-B1,HALL-B,it,301.38,318.21,20.1,23.0,418.9,100,0,0,6
2026-09-13T20:00:00Z,UPS-B1,HALL-B,it,305.48,322.44,20.3,23.0,418.9,100,0,0,6
2026-09-13T21:00:00Z,UPS-B1,HALL-B,it,317.6,334.93,21.2,23.0,419.4,100,0,0,6
2026-09-13T22:00:00Z,UPS-B1,HALL-B,it,305.85,322.79,20.4,23.0,419.5,100,0,0,6
2026-09-13T23:00:00Z,UPS-B1,HALL-B,it,307.41,324.43,20.5,23.0,419.3,100,0,0,6
2026-09-14T00:00:00Z,UPS-B1,HALL-B,it,303.21,320.09,20.2,23.0,418.5,100,0,0,6
2026-09-14T01:00:00Z,UPS-B1,HALL-B,it,305.48,322.44,20.3,23.0,419.0,100,0,0,6
2026-09-14T02:00:00Z,UPS-B1,HALL-B,it,315.77,333.04,21.0,23.0,419.4,100,0,0,6
2026-09-14T03:00:00Z,UPS-B1,HALL-B,it,307.68,324.68,20.5,23.0,418.8,100,0,0,6
2026-09-14T04:00:00Z,UPS-B1,HALL-B,it,306.45,323.44,20.4,23.0,419.1,100,0,0,6
2026-09-14T05:00:00Z,UPS-B1,HALL-B,it,296.98,313.68,19.8,21.6,394.2,100,0,0,6
2026-09-14T06:00:00Z,UPS-B1,HALL-B,it,304.31,321.23,20.3,22.9,418.3,100,0,0,6
2026-09-14T07:00:00Z,UPS-B1,HALL-B,it,327.19,344.8,21.8,22.9,417.7,100,0,0,6
2026-09-14T08:00:00Z,UPS-B1,HALL-B,it,335.5,353.36,22.4,22.9,417.8,100,0,0,6
2026-09-14T09:00:00Z,UPS-B1,HALL-B,it,322.26,339.71,21.5,22.9,417.9,100,0,0,6
2026-09-14T10:00:00Z,UPS-B1,HALL-B,it,297.41,314.13,19.9,21.7,395.1,100,0,0,6
2026-09-14T11:00:00Z,UPS-B1,HALL-B,it,300.55,317.37,20.1,22.9,418.2,100,0,0,6
2026-09-14T12:00:00Z,UPS-B1,HALL-B,it,326.78,344.38,21.8,22.9,417.9,100,0,0,6
2026-09-14T13:00:00Z,UPS-B1,HALL-B,it,324.51,342.04,21.6,22.9,418.1,100,0,0,6
2026-09-14T14:00:00Z,UPS-B1,HALL-B,it,317.08,334.41,21.1,22.8,415.2,100,0,0,6
2026-09-14T15:00:00Z,UPS-B1,HALL-B,it,281.84,298.06,18.8,19.9,364.5,100,0,0,6
2026-09-14T16:00:00Z,UPS-B1,HALL-B,it,276.19,292.24,18.4,19.9,362.6,100,0,0,6
2026-09-14T17:00:00Z,UPS-B1,HALL-B,it,323.14,340.64,21.6,22.6,412.4,100,0,0,6
2026-09-14T18:00:00Z,UPS-B1,HALL-B,it,331.3,349.06,22.1,22.6,412.2,100,0,0,6
2026-09-14T19:00:00Z,UPS-B1,HALL-B,it,306.7,323.7,20.4,22.6,411.8,100,0,0,6
2026-09-14T20:00:00Z,UPS-B1,HALL-B,it,284.48,300.79,19.0,22.5,411.1,100,0,0,6
2026-09-14T21:00:00Z,UPS-B1,HALL-B,it,298.44,315.19,19.9,22.7,414.0,100,0,0,6
2026-09-14T22:00:00Z,UPS-B1,HALL-B,it,320.61,338.02,21.4,22.7,414.7,100,0,0,6
2026-09-14T23:00:00Z,UPS-B1,HALL-B,it,310.53,327.64,20.7,22.7,414.4,100,0,0,6
2026-09-15T00:00:00Z,UPS-B1,HALL-B,it,332.28,350.03,22.1,22.7,414.7,100,0,0,6
2026-09-15T01:00:00Z,UPS-B1,HALL-B,it,330.67,348.37,22.0,22.7,415.0,100,0,0,6
2026-09-15T02:00:00Z,UPS-B1,HALL-B,it,298.38,315.11,19.9,22.7,414.6,100,0,0,6
2026-09-15T03:00:00Z,UPS-B1,HALL-B,it,324.54,342.05,21.6,22.7,414.9,100,0,0,6
2026-09-15T04:00:00Z,UPS-B1,HALL-B,it,333.85,351.65,22.2,22.8,414.9,100,0,0,6
2026-09-15T05:00:00Z,UPS-B1,HALL-B,it,325.8,343.36,21.7,22.7,414.7,100,0,0,6
2026-09-15T06:00:00Z,UPS-B1,HALL-B,it,332.61,350.37,22.1,22.7,415.3,100,0,0,6
2026-09-15T07:00:00Z,UPS-B1,HALL-B,it,301.52,318.36,20.1,22.8,415.4,100,0,0,6
2026-09-15T08:00:00Z,UPS-B1,HALL-B,it,284.9,301.24,19.0,22.7,414.8,100,0,0,6
2026-09-15T09:00:00Z,UPS-B1,HALL-B,it,257.48,272.96,17.2,18.6,338.7,100,0,0,6
2026-09-15T10:00:00Z,UPS-B1,HALL-B,it,292.29,308.86,19.5,20.2,368.6,100,0,0,6
2026-09-15T11:00:00Z,UPS-B1,HALL-B,it,295.9,312.58,19.7,20.2,368.5,100,0,0,6
2026-09-15T12:00:00Z,UPS-B1,HALL-B,it,272.7,288.64,18.2,20.2,369.8,100,0,0,6
2026-09-15T13:00:00Z,UPS-B1,HALL-B,it,312.53,329.71,20.8,23.0,419.2,100,0,0,6
2026-09-15T14:00:00Z,UPS-B1,HALL-B,it,334.39,352.26,22.3,23.0,419.1,100,0,0,6
2026-09-15T15:00:00Z,UPS-B1,HALL-B,it,336.04,353.96,22.4,23.0,419.3,100,0,0,6
2026-09-15T16:00:00Z,UPS-B1,HALL-B,it,336.05,353.97,22.4,23.0,419.3,100,0,0,6
2026-09-15T17:00:00Z,UPS-B1,HALL-B,it,284.66,300.98,19.0,23.0,419.0,100,0,0,6
2026-09-15T18:00:00Z,UPS-B1,HALL-B,it,302.26,319.12,20.1,22.8,416.4,100,0,0,6
2026-09-15T19:00:00Z,UPS-B1,HALL-B,it,332.58,350.38,22.2,22.8,416.3,100,0,0,6
2026-09-15T20:00:00Z,UPS-B1,HALL-B,it,316.41,333.71,21.1,22.8,415.9,100,0,0,6
2026-09-15T21:00:00Z,UPS-B1,HALL-B,it,310.68,327.8,20.7,22.4,408.4,100,0,0,6
2026-09-15T22:00:00Z,UPS-B1,HALL-B,it,290.36,306.84,19.4,22.4,408.1,100,0,0,6
2026-09-15T23:00:00Z,UPS-B1,HALL-B,it,279.77,295.9,18.6,19.7,360.0,100,0,0,6
2026-09-16T00:00:00Z,UPS-B1,HALL-B,it,289.7,306.13,19.3,19.7,360.0,100,0,0,6
2026-09-16T01:00:00Z,UPS-B1,HALL-B,it,283.47,299.74,18.9,19.8,361.4,100,0,0,6
2026-09-16T02:00:00Z,UPS-B1,HALL-B,it,282.5,298.76,18.9,19.8,361.1,100,0,0,6
2026-09-16T03:00:00Z,UPS-B1,HALL-B,it,249.15,264.33,16.6,18.8,342.4,100,0,0,6
2026-09-16T04:00:00Z,UPS-B1,HALL-B,it,273.34,289.29,18.2,19.8,361.7,100,0,0,6
2026-09-16T05:00:00Z,UPS-B1,HALL-B,it,249.5,264.72,16.6,17.0,310.9,100,0,0,6
2026-09-16T06:00:00Z,UPS-B1,HALL-B,it,257.01,272.46,17.1,22.5,409.5,100,0,0,6
2026-09-16T07:00:00Z,UPS-B1,HALL-B,it,326.14,343.71,21.8,22.5,410.2,100,0,0,6
2026-09-16T08:00:00Z,UPS-B1,HALL-B,it,294.69,311.32,19.7,22.5,409.6,100,0,0,6
2026-09-16T09:00:00Z,UPS-B1,HALL-B,it,319.54,336.91,21.3,22.5,410.4,100,0,0,6
2026-09-16T10:00:00Z,UPS-B1,HALL-B,it,317.45,334.75,21.2,22.5,410.4,100,0,0,6
2026-09-16T11:00:00Z,UPS-B1,HALL-B,it,290.51,307.04,19.4,19.8,360.9,100,0,0,6
2026-09-16T12:00:00Z,UPS-B1,HALL-B,it,294.91,311.55,19.7,22.5,410.0,100,0,0,6
2026-09-16T13:00:00Z,UPS-B1,HALL-B,it,283.37,299.63,18.9,19.9,362.7,100,0,0,6
2026-09-16T14:00:00Z,UPS-B1,HALL-B,it,317.46,334.8,21.2,22.6,412.4,100,0,0,6
2026-09-16T15:00:00Z,UPS-B1,HALL-B,it,316.9,334.22,21.1,22.7,413.4,100,0,0,6
2026-09-16T16:00:00Z,UPS-B1,HALL-B,it,329.19,346.87,22.0,22.7,413.9,100,0,0,6
2026-09-16T17:00:00Z,UPS-B1,HALL-B,it,309.06,326.12,20.6,22.7,413.8,100,0,0,6
2026-09-16T18:00:00Z,UPS-B1,HALL-B,it,258.39,273.89,17.2,19.9,364.2,100,0,0,6
2026-09-16T19:00:00Z,UPS-B1,HALL-B,it,316.25,333.51,21.1,22.5,410.7,100,0,0,6
2026-09-16T20:00:00Z,UPS-B1,HALL-B,it,328.56,346.2,21.9,22.5,410.6,100,0,0,6
2026-09-16T21:00:00Z,UPS-B1,HALL-B,it,328.4,346.04,21.9,22.5,410.5,100,0,0,6
2026-09-16T22:00:00Z,UPS-B1,HALL-B,it,328.44,346.07,21.9,22.5,410.8,100,0,0,6
2026-09-16T23:00:00Z,UPS-B1,HALL-B,it,284.93,301.24,19.0,22.5,410.3,100,0,0,6
2026-09-17T00:00:00Z,UPS-B1,HALL-B,it,278.62,294.72,18.6,19.7,360.1,100,0,0,6
2026-09-17T01:00:00Z,UPS-B1,HALL-B,it,288.19,304.59,19.2,19.7,360.0,100,0,0,6
2026-09-17T02:00:00Z,UPS-B1,HALL-B,it,263.2,278.86,17.6,19.7,359.3,100,0,0,6
2026-09-17T03:00:00Z,UPS-B1,HALL-B,it,252.98,268.34,16.9,17.2,313.9,100,0,0,6
2026-09-17T04:00:00Z,UPS-B1,HALL-B,it,239.08,253.99,15.9,17.2,315.4,100,0,0,6
2026-09-17T05:00:00Z,UPS-B1,HALL-B,it,307.2,324.21,20.5,22.6,413.0,100,0,0,6
2026-09-17T06:00:00Z,UPS-B1,HALL-B,it,304.56,321.48,20.3,22.6,412.1,100,0,0,6
2026-09-17T07:00:00Z,UPS-B1,HALL-B,it,329.02,346.68,21.9,22.9,418.1,100,0,0,6
2026-09-17T08:00:00Z,UPS-B1,HALL-B,it,332.93,350.7,22.2,22.9,418.2,100,0,0,6
2026-09-17T09:00:00Z,UPS-B1,HALL-B,it,292.66,309.22,19.5,22.9,417.9,100,0,0,6
2026-09-17T10:00:00Z,UPS-B1,HALL-B,it,325.18,342.72,21.7,22.9,418.6,100,0,0,6
2026-09-17T11:00:00Z,UPS-B1,HALL-B,it,333.33,351.12,22.2,22.9,418.2,100,0,0,6
2026-09-17T12:00:00Z,UPS-B1,HALL-B,it,332.75,350.52,22.2,22.9,417.9,100,0,0,6
2026-09-17T13:00:00Z,UPS-B1,HALL-B,it,332.73,350.5,22.2,22.9,418.4,100,0,0,6
2026-09-17T14:00:00Z,UPS-B1,HALL-B,it,282.94,299.21,18.9,22.9,418.0,100,0,0,6
2026-09-17T15:00:00Z,UPS-B1,HALL-B,it,274.76,290.75,18.3,20.1,367.2,100,0,0,6
2026-09-17T16:00:00Z,UPS-B1,HALL-B,it,302.96,319.81,20.2,22.9,417.8,100,0,0,6
2026-09-17T17:00:00Z,UPS-B1,HALL-B,it,334.54,352.36,22.3,22.9,417.8,100,0,0,6
2026-09-17T18:00:00Z,UPS-B1,HALL-B,it,330.98,348.69,22.1,22.9,417.8,100,0,0,6
2026-09-17T19:00:00Z,UPS-B1,HALL-B,it,296.62,313.31,19.8,22.9,417.3,100,0,0,6
2026-09-17T20:00:00Z,UPS-B1,HALL-B,it,325.06,342.6,21.7,22.9,418.0,100,0,0,6
2026-09-17T21:00:00Z,UPS-B1,HALL-B,it,336.06,353.93,22.4,22.9,418.0,100,0,0,6
2026-09-17T22:00:00Z,UPS-B1,HALL-B,it,331.5,349.23,22.1,22.9,418.4,100,0,0,6
2026-09-17T23:00:00Z,UPS-B1,HALL-B,it,335.74,353.6,22.4,22.9,418.0,100,0,0,6
2026-09-18T00:00:00Z,UPS-B1,HALL-B,it,300.51,317.32,20.0,22.9,417.7,100,0,0,6
2026-09-18T01:00:00Z,UPS-B1,HALL-B,it,316.03,333.3,21.1,22.9,418.0,100,0,0,6
2026-09-18T02:00:00Z,UPS-B1,HALL-B,it,333.41,351.2,22.2,22.9,418.0,100,0,0,6
2026-09-18T03:00:00Z,UPS-B1,HALL-B,it,336.0,353.87,22.4,22.9,418.0,100,0,0,6
2026-09-18T04:00:00Z,UPS-B1,HALL-B,it,333.88,351.69,22.3,22.9,418.1,100,0,0,6
2026-09-18T05:00:00Z,UPS-B1,HALL-B,it,279.12,295.26,18.6,22.9,417.7,100,0,0,6
2026-09-18T06:00:00Z,UPS-B1,HALL-B,it,328.33,345.98,21.9,22.9,417.5,100,0,0,6
2026-09-18T07:00:00Z,UPS-B1,HALL-B,it,333.92,351.73,22.3,22.9,418.0,100,0,0,6
2026-09-18T08:00:00Z,UPS-B1,HALL-B,it,335.19,353.05,22.4,22.9,418.1,100,0,0,6
2026-09-18T09:00:00Z,UPS-B1,HALL-B,it,333.93,351.74,22.3,22.9,417.9,100,0,0,6
2026-09-18T10:00:00Z,UPS-B1,HALL-B,it,240.88,255.83,16.1,22.9,417.5,100,0,0,6
2026-09-18T11:00:00Z,UPS-B1,HALL-B,it,291.06,307.55,19.4,20.2,368.4,100,0,0,6
2026-09-18T12:00:00Z,UPS-B1,HALL-B,it,296.57,313.22,19.8,20.1,367.0,100,0,0,6
2026-09-18T13:00:00Z,UPS-B1,HALL-B,it,293.84,310.4,19.6,20.1,366.9,100,0,0,6
2026-09-18T14:00:00Z,UPS-B1,HALL-B,it,288.85,305.27,19.3,20.1,366.9,100,0,0,6
2026-09-18T15:00:00Z,UPS-B1,HALL-B,it,259.79,275.33,17.3,19.9,363.4,100,0,0,6
2026-09-18T16:00:00Z,UPS-B1,HALL-B,it,298.35,315.07,19.9,22.6,412.8,100,0,0,6
2026-09-18T17:00:00Z,UPS-B1,HALL-B,it,323.5,341.01,21.6,22.6,413.1,100,0,0,6
2026-09-18T18:00:00Z,UPS-B1,HALL-B,it,329.59,347.29,22.0,22.6,412.9,100,0,0,6
2026-09-18T19:00:00Z,UPS-B1,HALL-B,it,294.51,311.13,19.6,22.6,412.3,100,0,0,6
2026-09-18T20:00:00Z,UPS-B1,HALL-B,it,286.81,303.19,19.1,19.8,361.6,100,0,0,6
2026-09-18T21:00:00Z,UPS-B1,HALL-B,it,287.88,304.29,19.2,19.8,361.2,100,0,0,6
2026-09-18T22:00:00Z,UPS-B1,HALL-B,it,289.37,305.83,19.3,19.8,361.4,100,0,0,6
2026-09-18T23:00:00Z,UPS-B1,HALL-B,it,286.81,303.19,19.1,19.8,361.3,100,0,0,6
2026-09-19T00:00:00Z,UPS-B1,HALL-B,it,318.91,336.28,21.3,22.6,412.5,100,0,0,6
2026-09-19T01:00:00Z,UPS-B1,HALL-B,it,325.49,343.06,21.7,22.6,412.6,100,0,0,6
2026-09-19T02:00:00Z,UPS-B1,HALL-B,it,326.51,344.12,21.8,22.6,412.5,100,0,0,6
2026-09-19T03:00:00Z,UPS-B1,HALL-B,it,326.55,344.15,21.8,22.6,412.8,100,0,0,6
2026-09-19T04:00:00Z,UPS-B1,HALL-B,it,328.01,345.66,21.9,22.6,412.6,100,0,0,6
2026-09-19T05:00:00Z,UPS-B1,HALL-B,it,315.96,333.24,21.1,22.6,412.4,100,0,0,6
2026-09-19T06:00:00Z,UPS-B1,HALL-B,it,317.78,335.12,21.2,22.6,413.0,100,0,0,6
2026-09-19T07:00:00Z,UPS-B1,HALL-B,it,329.62,347.33,22.0,22.6,412.7,100,0,0,6
2026-09-19T08:00:00Z,UPS-B1,HALL-B,it,323.9,341.42,21.6,22.6,412.6,100,0,0,6
2026-09-19T09:00:00Z,UPS-B1,HALL-B,it,324.92,342.48,21.7,22.6,412.4,100,0,0,6
2026-09-19T10:00:00Z,UPS-B1,HALL-B,it,328.56,346.23,21.9,22.6,412.9,100,0,0,6
2026-09-19T11:00:00Z,UPS-B1,HALL-B,it,327.99,345.64,21.9,22.6,412.6,100,0,0,6
2026-09-19T12:00:00Z,UPS-B1,HALL-B,it,326.44,344.04,21.8,22.6,412.6,100,0,0,6
2026-09-19T13:00:00Z,UPS-B1,HALL-B,it,329.06,346.74,21.9,22.6,412.9,100,0,0,6
2026-09-19T14:00:00Z,UPS-B1,HALL-B,it,327.96,345.61,21.9,22.6,412.6,100,0,0,6
2026-09-19T15:00:00Z,UPS-B1,HALL-B,it,326.46,344.07,21.8,22.6,412.5,100,0,0,6
2026-09-19T16:00:00Z,UPS-B1,HALL-B,it,323.89,341.41,21.6,22.6,412.5,100,0,0,6
2026-09-19T17:00:00Z,UPS-B1,HALL-B,it,330.53,348.26,22.0,22.6,412.6,100,0,0,6
2026-09-19T18:00:00Z,UPS-B1,HALL-B,it,317.96,335.3,21.2,22.6,412.4,100,0,0,6
2026-09-19T19:00:00Z,UPS-B1,HALL-B,it,313.36,330.54,20.9,22.9,417.8,100,0,0,6
2026-09-19T20:00:00Z,UPS-B1,HALL-B,it,332.99,350.77,22.2,22.9,417.8,100,0,0,6
2026-09-19T21:00:00Z,UPS-B1,HALL-B,it,332.67,350.44,22.2,22.9,418.0,100,0,0,6
2026-09-19T22:00:00Z,UPS-B1,HALL-B,it,333.29,351.07,22.2,22.9,417.9,100,0,0,6
2026-09-19T23:00:00Z,UPS-B1,HALL-B,it,334.58,352.4,22.3,22.9,417.8,100,0,0,6
2026-09-20T00:00:00Z,UPS-B1,HALL-B,it,332.04,349.79,22.1,22.9,417.7,100,0,0,6
2026-09-20T01:00:00Z,UPS-B1,HALL-B,it,331.45,349.18,22.1,22.9,418.0,100,0,0,6
2026-09-20T02:00:00Z,UPS-B1,HALL-B,it,323.56,341.06,21.6,22.9,417.9,100,0,0,6
2026-09-20T03:00:00Z,UPS-B1,HALL-B,it,337.68,355.61,22.5,22.9,417.8,100,0,0,6
2026-09-20T04:00:00Z,UPS-B1,HALL-B,it,334.99,352.83,22.3,22.9,418.1,100,0,0,6
2026-09-20T05:00:00Z,UPS-B1,HALL-B,it,277.57,293.65,18.5,22.9,417.5,100,0,0,6
2026-09-20T06:00:00Z,UPS-B1,HALL-B,it,307.56,324.56,20.5,22.9,416.7,100,0,0,6
2026-09-20T07:00:00Z,UPS-B1,HALL-B,it,329.25,346.94,21.9,22.9,416.7,100,0,0,6
2026-09-20T08:00:00Z,UPS-B1,HALL-B,it,330.3,348.01,22.0,22.9,416.7,100,0,0,6
2026-09-20T09:00:00Z,UPS-B1,HALL-B,it,330.29,348.01,22.0,22.9,417.1,100,0,0,6
2026-09-20T10:00:00Z,UPS-B1,HALL-B,it,330.28,347.99,22.0,22.9,417.1,100,0,0,6
2026-09-20T11:00:00Z,UPS-B1,HALL-B,it,327.54,345.17,21.8,22.9,417.4,100,0,0,6
2026-09-20T12:00:00Z,UPS-B1,HALL-B,it,320.46,337.88,21.3,22.9,416.7,100,0,0,6
2026-09-20T13:00:00Z,UPS-B1,HALL-B,it,325.68,343.25,21.7,22.9,417.1,100,0,0,6
2026-09-20T14:00:00Z,UPS-B1,HALL-B,it,334.01,351.84,22.3,22.9,417.0,100,0,0,6
2026-09-20T15:00:00Z,UPS-B1,HALL-B,it,320.89,338.3,21.4,22.9,416.9,100,0,0,6
2026-09-20T16:00:00Z,UPS-B1,HALL-B,it,315.75,333.0,21.1,22.7,413.7,100,0,0,6
2026-09-20T17:00:00Z,UPS-B1,HALL-B,it,324.63,342.15,21.7,22.7,414.1,100,0,0,6
2026-09-20T18:00:00Z,UPS-B1,HALL-B,it,326.38,343.98,21.7,22.8,416.7,100,0,0,6
2026-09-20T19:00:00Z,UPS-B1,HALL-B,it,325.33,342.89,21.7,22.8,416.7,100,0,0,6
2026-09-20T20:00:00Z,UPS-B1,HALL-B,it,324.13,341.66,21.6,22.8,416.6,100,0,0,6
2026-09-20T21:00:00Z,UPS-B1,HALL-B,it,331.01,348.76,22.0,22.8,416.6,100,0,0,6
2026-09-20T22:00:00Z,UPS-B1,HALL-B,it,332.2,349.98,22.1,22.8,416.5,100,0,0,6
2026-09-20T23:00:00Z,UPS-B1,HALL-B,it,334.76,352.62,22.3,22.8,416.8,100,0,0,6
2026-09-21T00:00:00Z,UPS-B1,HALL-B,it,330.65,348.38,22.0,22.8,416.7,100,0,0,6
2026-09-21T01:00:00Z,UPS-B1,HALL-B,it,328.44,346.1,21.9,22.8,416.5,100,0,0,6
2026-09-21T02:00:00Z,UPS-B1,HALL-B,it,322.55,340.04,21.5,22.8,415.7,100,0,0,6
2026-09-21T03:00:00Z,UPS-B1,HALL-B,it,331.43,349.21,22.1,22.8,415.8,100,0,0,6
2026-09-21T04:00:00Z,UPS-B1,HALL-B,it,331.4,349.18,22.1,22.8,416.0,100,0,0,6
2026-09-21T05:00:00Z,UPS-B1,HALL-B,it,332.41,350.22,22.2,22.8,415.8,100,0,0,6
2026-09-21T06:00:00Z,UPS-B1,HALL-B,it,331.42,349.19,22.1,22.8,415.8,100,0,0,6
2026-09-21T07:00:00Z,UPS-B1,HALL-B,it,331.36,349.14,22.1,22.8,415.7,100,0,0,6
2026-09-21T08:00:00Z,UPS-B1,HALL-B,it,327.85,345.51,21.9,22.8,416.0,100,0,0,6
2026-09-21T09:00:00Z,UPS-B1,HALL-B,it,348.09,366.35,23.2,26.7,489.4,100,0,0,6
2026-09-21T10:00:00Z,UPS-B1,HALL-B,it,391.3,410.89,26.1,26.8,489.2,100,0,0,6
2026-09-21T11:00:00Z,UPS-B1,HALL-B,it,392.12,411.74,26.1,26.8,489.6,100,0,0,6
2026-09-21T12:00:00Z,UPS-B1,HALL-B,it,378.16,397.35,25.2,26.8,489.6,100,0,0,6
2026-09-21T13:00:00Z,UPS-B1,HALL-B,it,307.95,324.98,20.5,23.9,438.0,100,0,0,6
2026-09-21T14:00:00Z,UPS-B1,HALL-B,it,326.04,343.63,21.7,23.9,438.2,100,0,0,6
2026-09-21T15:00:00Z,UPS-B1,HALL-B,it,334.19,352.03,22.3,24.1,441.4,100,0,0,6
2026-09-21T16:00:00Z,UPS-B1,HALL-B,it,363.0,381.74,24.2,26.7,487.6,100,0,0,6
2026-09-21T17:00:00Z,UPS-B1,HALL-B,it,377.14,396.32,25.2,26.7,488.2,100,0,0,6
2026-09-21T18:00:00Z,UPS-B1,HALL-B,it,336.21,354.12,22.4,23.9,437.5,100,0,0,6
2026-09-21T19:00:00Z,UPS-B1,HALL-B,it,343.78,361.92,22.9,23.9,437.5,100,0,0,6
2026-09-21T20:00:00Z,UPS-B1,HALL-B,it,360.63,379.29,24.0,26.5,485.2,100,0,0,6
2026-09-21T21:00:00Z,UPS-B1,HALL-B,it,391.42,411.02,26.1,26.5,485.5,100,0,0,6
2026-09-21T22:00:00Z,UPS-B1,HALL-B,it,377.92,397.11,25.2,26.5,485.2,100,0,0,6
2026-09-21T23:00:00Z,UPS-B1,HALL-B,it,370.46,389.42,24.7,26.5,485.3,100,0,0,6
2026-09-22T00:00:00Z,UPS-B1,HALL-B,it,367.77,386.65,24.5,26.5,485.4,100,0,0,6
2026-09-22T01:00:00Z,UPS-B1,HALL-B,it,387.07,406.54,25.8,26.5,485.7,100,0,0,6
2026-09-22T02:00:00Z,UPS-B1,HALL-B,it,371.87,390.87,24.8,26.5,485.2,100,0,0,6
2026-09-22T03:00:00Z,UPS-B1,HALL-B,it,383.48,402.85,25.6,26.7,488.2,100,0,0,6
2026-09-22T04:00:00Z,UPS-B1,HALL-B,it,363.24,381.99,24.2,26.7,488.4,100,0,0,6
2026-09-22T05:00:00Z,UPS-B1,HALL-B,it,370.05,388.98,24.7,26.8,491.0,100,0,0,6
2026-09-22T06:00:00Z,UPS-B1,HALL-B,it,393.35,413.0,26.2,26.8,491.5,100,0,0,6
2026-09-22T07:00:00Z,UPS-B1,HALL-B,it,392.58,412.21,26.1,26.8,491.4,100,0,0,6
2026-09-22T08:00:00Z,UPS-B1,HALL-B,it,379.02,398.23,25.3,26.8,491.1,100,0,0,6
2026-09-22T09:00:00Z,UPS-B1,HALL-B,it,369.73,388.64,24.6,26.8,491.2,100,0,0,6
2026-09-22T10:00:00Z,UPS-B1,HALL-B,it,357.95,376.52,23.9,26.7,488.6,100,0,0,6
2026-09-22T11:00:00Z,UPS-B1,HALL-B,it,388.95,408.49,25.9,26.7,489.3,100,0,0,6
2026-09-22T12:00:00Z,UPS-B1,HALL-B,it,393.52,413.2,26.2,26.7,489.6,100,0,0,6
2026-09-22T13:00:00Z,UPS-B1,HALL-B,it,367.75,386.63,24.5,26.7,488.9,100,0,0,6
2026-09-22T14:00:00Z,UPS-B1,HALL-B,it,330.13,347.82,22.0,24.0,438.9,100,0,0,6
2026-09-22T15:00:00Z,UPS-B1,HALL-B,it,331.0,348.73,22.1,24.0,438.7,100,0,0,6
2026-09-22T16:00:00Z,UPS-B1,HALL-B,it,351.42,369.76,23.4,24.0,439.0,100,0,0,6
2026-09-22T17:00:00Z,UPS-B1,HALL-B,it,403.95,423.92,27.0,27.9,508.7,100,0,0,6
2026-09-22T18:00:00Z,UPS-B1,HALL-B,it,426.29,446.96,28.4,30.6,559.7,100,0,0,6
2026-09-22T19:00:00Z,UPS-B1,HALL-B,it,427.76,448.49,28.5,30.6,559.7,100,0,0,6
2026-09-22T20:00:00Z,UPS-B1,HALL-B,it,426.94,447.64,28.5,30.6,559.8,100,0,0,6
2026-09-22T21:00:00Z,UPS-B1,HALL-B,it,411.55,431.77,27.4,30.6,558.9,100,0,0,6
2026-09-22T22:00:00Z,UPS-B1,HALL-B,it,444.0,465.23,29.6,30.6,559.8,100,0,0,6
2026-09-22T23:00:00Z,UPS-B1,HALL-B,it,452.12,473.6,30.1,30.6,560.1,100,0,0,6
2026-09-23T00:00:00Z,UPS-B1,HALL-B,it,388.81,408.33,25.9,28.5,520.2,100,0,0,6
2026-09-23T01:00:00Z,UPS-B1,HALL-B,it,385.36,404.78,25.7,28.6,523.1,100,0,0,6
2026-09-23T02:00:00Z,UPS-B1,HALL-B,it,408.42,428.55,27.2,29.2,533.3,100,0,0,6
2026-09-23T03:00:00Z,UPS-B1,HALL-B,it,406.78,426.88,27.1,27.8,506.9,100,0,0,6
2026-09-23T04:00:00Z,UPS-B1,HALL-B,it,409.48,429.66,27.3,27.8,507.4,100,0,0,6
2026-09-23T05:00:00Z,UPS-B1,HALL-B,it,388.62,408.17,25.9,27.8,507.3,100,0,0,6
2026-09-23T06:00:00Z,UPS-B1,HALL-B,it,385.37,404.81,25.7,27.8,506.9,100,0,0,6
2026-09-23T07:00:00Z,UPS-B1,HALL-B,it,362.63,381.36,24.2,27.8,506.5,100,0,0,6
2026-09-23T08:00:00Z,UPS-B1,HALL-B,it,430.43,451.25,28.7,30.5,557.2,100,0,0,6
2026-09-23T09:00:00Z,UPS-B1,HALL-B,it,446.42,467.74,29.8,30.5,557.6,100,0,0,6
2026-09-23T10:00:00Z,UPS-B1,HALL-B,it,425.98,446.65,28.4,30.5,557.1,100,0,0,6
2026-09-23T11:00:00Z,UPS-B1,HALL-B,it,409.35,429.51,27.3,30.5,557.4,100,0,0,6
2026-09-23T12:00:00Z,UPS-B1,HALL-B,it,377.67,396.86,25.2,29.0,529.8,100,0,0,6
2026-09-23T13:00:00Z,UPS-B1,HALL-B,it,388.34,407.85,25.9,27.8,509.0,100,0,0,6
2026-09-23T14:00:00Z,UPS-B1,HALL-B,it,413.31,433.6,27.5,30.3,553.8,100,0,0,6
2026-09-23T15:00:00Z,UPS-B1,HALL-B,it,424.02,444.66,28.3,30.3,553.8,100,0,0,6
2026-09-23T16:00:00Z,UPS-B1,HALL-B,it,406.37,426.45,27.1,30.3,553.6,100,0,0,6
2026-09-23T17:00:00Z,UPS-B1,HALL-B,it,402.28,422.2,26.8,28.3,515.9,100,0,0,6
2026-09-23T18:00:00Z,UPS-B1,HALL-B,it,424.95,445.57,28.3,30.3,552.5,100,0,0,6
2026-09-23T19:00:00Z,UPS-B1,HALL-B,it,440.82,461.93,29.4,30.3,552.5,100,0,0,6
2026-09-23T20:00:00Z,UPS-B1,HALL-B,it,423.47,444.04,28.2,30.3,553.3,100,0,0,6
2026-09-23T21:00:00Z,UPS-B1,HALL-B,it,424.81,445.43,28.3,30.3,552.4,100,0,0,6
2026-09-23T22:00:00Z,UPS-B1,HALL-B,it,406.71,426.77,27.1,30.3,552.7,100,0,0,6
2026-09-23T23:00:00Z,UPS-B1,HALL-B,it,437.55,458.56,29.2,30.3,553.1,100,0,0,6
2026-09-24T00:00:00Z,UPS-B1,HALL-B,it,446.13,467.4,29.7,30.3,553.1,100,0,0,6
2026-09-24T01:00:00Z,UPS-B1,HALL-B,it,407.69,427.78,27.2,30.3,552.5,100,0,0,6
2026-09-24T02:00:00Z,UPS-B1,HALL-B,it,422.12,442.66,28.2,30.5,557.4,100,0,0,6
2026-09-24T03:00:00Z,UPS-B1,HALL-B,it,408.98,429.1,27.3,30.5,557.3,100,0,0,6
2026-09-24T04:00:00Z,UPS-B1,HALL-B,it,444.42,465.63,29.6,30.5,557.2,100,0,0,6
2026-09-24T05:00:00Z,UPS-B1,HALL-B,it,445.19,466.44,29.7,30.5,556.9,100,0,0,6
2026-09-24T06:00:00Z,UPS-B1,HALL-B,it,410.5,430.69,27.4,30.5,557.6,100,0,0,6
2026-09-24T07:00:00Z,UPS-B1,HALL-B,it,427.25,447.94,28.5,30.5,557.1,100,0,0,6
2026-09-24T08:00:00Z,UPS-B1,HALL-B,it,407.93,428.01,27.2,30.5,556.0,100,0,0,6
2026-09-24T09:00:00Z,UPS-B1,HALL-B,it,443.4,464.59,29.6,30.5,558.1,100,0,0,6
2026-09-24T10:00:00Z,UPS-B1,HALL-B,it,446.48,467.78,29.8,30.5,558.0,100,0,0,6
2026-09-24T11:00:00Z,UPS-B1,HALL-B,it,426.6,447.27,28.5,30.5,557.0,100,0,0,6
2026-09-24T12:00:00Z,UPS-B1,HALL-B,it,400.43,420.31,26.7,30.5,556.3,100,0,0,6
2026-09-24T13:00:00Z,UPS-B1,HALL-B,it,404.02,424.0,26.9,28.9,527.7,100,0,0,6
2026-09-24T14:00:00Z,UPS-B1,HALL-B,it,443.52,464.71,29.6,30.5,556.8,100,0,0,6
2026-09-24T15:00:00Z,UPS-B1,HALL-B,it,444.84,466.08,29.7,30.5,556.5,100,0,0,6
2026-09-24T16:00:00Z,UPS-B1,HALL-B,it,424.95,445.57,28.3,30.5,556.2,100,0,0,6
2026-09-24T17:00:00Z,UPS-B1,HALL-B,it,425.12,445.75,28.3,30.5,556.6,100,0,0,6
2026-09-24T18:00:00Z,UPS-B1,HALL-B,it,385.18,404.6,25.7,30.5,555.9,100,0,0,6
2026-09-24T19:00:00Z,UPS-B1,HALL-B,it,402.46,422.44,26.8,27.7,506.6,100,0,0,6
2026-09-24T20:00:00Z,UPS-B1,HALL-B,it,404.24,424.27,26.9,27.7,507.1,100,0,0,6
2026-09-24T21:00:00Z,UPS-B1,HALL-B,it,389.22,408.75,25.9,27.9,508.5,99,0,12,6
2026-09-24T22:00:00Z,UPS-B1,HALL-B,it,383.48,402.83,25.6,27.9,508.2,100,0,0,6
2026-09-24T23:00:00Z,UPS-B1,HALL-B,it,374.87,393.95,25.0,27.7,506.6,100,0,0,6
2026-09-25T00:00:00Z,UPS-B1,HALL-B,it,441.7,462.86,29.5,30.5,557.7,100,0,0,6
2026-09-25T01:00:00Z,UPS-B1,HALL-B,it,446.95,468.26,29.8,30.5,557.0,100,0,0,6
2026-09-25T02:00:00Z,UPS-B1,HALL-B,it,427.57,448.28,28.5,30.5,557.7,100,0,0,6
2026-09-25T03:00:00Z,UPS-B1,HALL-B,it,428.64,449.38,28.6,30.5,557.3,100,0,0,6
2026-09-25T04:00:00Z,UPS-B1,HALL-B,it,395.74,415.48,26.4,30.5,557.0,100,0,0,6
2026-09-25T05:00:00Z,UPS-B1,HALL-B,it,446.6,467.89,29.8,30.5,557.1,100,0,0,6
2026-09-25T06:00:00Z,UPS-B1,HALL-B,it,449.79,471.17,30.0,30.5,557.5,100,0,0,6
2026-09-25T07:00:00Z,UPS-B1,HALL-B,it,398.15,417.94,26.5,30.5,557.8,100,0,0,6
2026-09-25T08:00:00Z,UPS-B1,HALL-B,it,387.13,406.59,25.8,27.7,505.6,100,0,0,6
2026-09-25T09:00:00Z,UPS-B1,HALL-B,it,370.33,389.26,24.7,27.7,504.8,100,0,0,6
2026-09-25T10:00:00Z,UPS-B1,HALL-B,it,399.42,419.26,26.6,27.7,505.6,100,0,0,6
2026-09-25T11:00:00Z,UPS-B1,HALL-B,it,431.87,452.71,28.8,30.5,557.1,100,0,0,6
2026-09-25T12:00:00Z,UPS-B1,HALL-B,it,427.85,448.56,28.5,30.5,556.9,100,0,0,6
2026-09-25T13:00:00Z,UPS-B1,HALL-B,it,425.42,446.05,28.4,30.5,556.6,100,0,0,6
2026-09-25T14:00:00Z,UPS-B1,HALL-B,it,408.05,428.14,27.2,30.5,555.8,100,0,0,6
2026-09-25T15:00:00Z,UPS-B1,HALL-B,it,434.27,455.18,29.0,30.5,558.1,100,0,0,6
2026-09-25T16:00:00Z,UPS-B1,HALL-B,it,422.35,442.92,28.2,30.5,557.0,100,0,0,6
2026-09-25T17:00:00Z,UPS-B1,HALL-B,it,383.41,402.77,25.6,27.7,506.3,100,0,0,6
2026-09-25T18:00:00Z,UPS-B1,HALL-B,it,367.55,386.42,24.5,27.5,502.3,100,0,0,6
2026-09-25T19:00:00Z,UPS-B1,HALL-B,it,366.18,385.02,24.4,27.5,502.1,100,0,0,6
2026-09-25T20:00:00Z,UPS-B1,HALL-B,it,435.81,456.8,29.1,30.1,549.5,100,0,0,6
2026-09-25T21:00:00Z,UPS-B1,HALL-B,it,442.22,463.4,29.5,30.1,549.8,100,0,0,6
2026-09-25T22:00:00Z,UPS-B1,HALL-B,it,414.21,434.52,27.6,30.2,551.9,100,0,0,6
2026-09-25T23:00:00Z,UPS-B1,HALL-B,it,405.19,425.21,27.0,28.7,523.2,100,0,0,6
2026-09-26T00:00:00Z,UPS-B1,HALL-B,it,407.24,427.31,27.2,30.5,556.4,100,0,0,6
2026-09-26T01:00:00Z,UPS-B1,HALL-B,it,440.49,461.58,29.4,30.5,557.3,100,0,0,6
2026-09-26T02:00:00Z,UPS-B1,HALL-B,it,431.46,452.27,28.8,30.5,557.4,100,0,0,6
2026-09-26T03:00:00Z,UPS-B1,HALL-B,it,380.57,399.86,25.4,30.5,556.9,100,0,0,6
2026-09-26T04:00:00Z,UPS-B1,HALL-B,it,378.84,398.06,25.3,27.6,503.8,100,0,0,6
2026-09-26T05:00:00Z,UPS-B1,HALL-B,it,364.24,383.01,24.3,27.6,503.5,100,0,0,6
2026-09-26T06:00:00Z,UPS-B1,HALL-B,it,395.17,414.9,26.3,27.6,503.8,100,0,0,6
2026-09-26T07:00:00Z,UPS-B1,HALL-B,it,396.61,416.38,26.4,27.6,503.9,100,0,0,6
2026-09-26T08:00:00Z,UPS-B1,HALL-B,it,421.89,442.44,28.1,30.3,554.2,100,0,0,6
2026-09-26T09:00:00Z,UPS-B1,HALL-B,it,445.31,466.56,29.7,30.5,557.5,100,0,0,6
2026-09-26T10:00:00Z,UPS-B1,HALL-B,it,407.41,427.48,27.2,30.5,556.9,100,0,0,6
2026-09-26T11:00:00Z,UPS-B1,HALL-B,it,442.1,463.25,29.5,30.5,557.9,100,0,0,6
2026-09-26T12:00:00Z,UPS-B1,HALL-B,it,443.89,465.1,29.6,30.5,557.1,100,0,0,6
2026-09-26T13:00:00Z,UPS-B1,HALL-B,it,446.58,467.88,29.8,30.5,557.5,100,0,0,6
2026-09-26T14:00:00Z,UPS-B1,HALL-B,it,446.44,467.73,29.8,30.5,557.5,100,0,0,6
2026-09-26T15:00:00Z,UPS-B1,HALL-B,it,410.59,430.76,27.4,30.5,556.7,100,0,0,6
2026-09-26T16:00:00Z,UPS-B1,HALL-B,it,442.3,463.46,29.5,30.5,557.4,100,0,0,6
2026-09-26T17:00:00Z,UPS-B1,HALL-B,it,439.92,460.99,29.3,30.5,557.9,100,0,0,6
2026-09-26T18:00:00Z,UPS-B1,HALL-B,it,448.99,470.36,29.9,30.5,558.2,100,0,0,6
2026-09-26T19:00:00Z,UPS-B1,HALL-B,it,410.3,430.46,27.4,30.5,557.7,100,0,0,6
2026-09-26T20:00:00Z,UPS-B1,HALL-B,it,357.87,376.44,23.9,27.7,504.6,100,0,0,6
2026-09-26T21:00:00Z,UPS-B1,HALL-B,it,402.78,422.74,26.9,27.6,503.4,100,0,0,6
2026-09-26T22:00:00Z,UPS-B1,HALL-B,it,435.68,456.68,29.1,30.3,553.4,100,0,0,6
2026-09-26T23:00:00Z,UPS-B1,HALL-B,it,442.58,463.78,29.5,30.3,554.0,100,0,0,6
2026-09-27T00:00:00Z,UPS-B1,HALL-B,it,441.41,462.57,29.4,30.3,553.5,100,0,0,6
2026-09-27T01:00:00Z,UPS-B1,HALL-B,it,407.52,427.6,27.2,30.3,553.3,100,0,0,6
2026-09-27T02:00:00Z,UPS-B1,HALL-B,it,437.88,458.94,29.2,30.3,553.9,100,0,0,6
2026-09-27T03:00:00Z,UPS-B1,HALL-B,it,440.26,461.38,29.4,30.3,553.7,100,0,0,6
2026-09-27T04:00:00Z,UPS-B1,HALL-B,it,443.6,464.82,29.6,30.3,553.8,100,0,0,6
2026-09-27T05:00:00Z,UPS-B1,HALL-B,it,443.76,464.99,29.6,30.3,554.1,100,0,0,6
2026-09-27T06:00:00Z,UPS-B1,HALL-B,it,403.46,423.44,26.9,30.3,553.0,100,0,0,6
2026-09-27T07:00:00Z,UPS-B1,HALL-B,it,440.05,461.17,29.3,30.3,553.5,100,0,0,6
2026-09-27T08:00:00Z,UPS-B1,HALL-B,it,441.9,463.07,29.5,30.3,554.0,100,0,0,6
2026-09-27T09:00:00Z,UPS-B1,HALL-B,it,442.56,463.76,29.5,30.3,553.8,100,0,0,6
2026-09-27T10:00:00Z,UPS-B1,HALL-B,it,424.52,445.15,28.3,30.4,555.1,100,0,0,6
2026-09-27T11:00:00Z,UPS-B1,HALL-B,it,387.49,406.98,25.8,28.5,520.2,100,0,0,6
2026-09-27T12:00:00Z,UPS-B1,HALL-B,it,434.7,455.65,29.0,30.2,551.6,100,0,0,6
2026-09-27T13:00:00Z,UPS-B1,HALL-B,it,440.27,461.38,29.4,30.2,551.8,100,0,0,6
2026-09-27T14:00:00Z,UPS-B1,HALL-B,it,441.81,462.97,29.5,30.2,552.3,100,0,0,6
2026-09-27T15:00:00Z,UPS-B1,HALL-B,it,441.92,463.08,29.5,30.2,551.7,100,0,0,6
2026-09-27T16:00:00Z,UPS-B1,HALL-B,it,392.88,412.52,26.2,27.9,509.6,100,0,0,6
2026-09-27T17:00:00Z,UPS-B1,HALL-B,it,431.24,452.05,28.8,30.3,553.3,100,0,0,6
2026-09-27T18:00:00Z,UPS-B1,HALL-B,it,430.99,451.84,28.7,30.1,550.0,100,0,0,6
2026-09-27T19:00:00Z,UPS-B1,HALL-B,it,413.59,433.89,27.6,30.1,549.9,100,0,0,6
2026-09-27T20:00:00Z,UPS-B1,HALL-B,it,400.31,420.2,26.7,27.3,498.7,100,0,0,6
2026-09-27T21:00:00Z,UPS-B1,HALL-B,it,337.58,355.54,22.5,27.3,497.6,100,0,0,6
2026-09-27T22:00:00Z,UPS-B1,HALL-B,it,360.15,378.8,24.0,24.8,451.6,100,0,0,6
2026-09-27T23:00:00Z,UPS-B1,HALL-B,it,369.75,388.7,24.6,27.5,502.3,100,0,0,6
2026-08-31T00:00:00Z,UPS-B2,HALL-B,it,0.0,7.5,0.0,0.0,0.0,100,0,0,6
2026-08-31T01:00:00Z,UPS-B2,HALL-B,it,0.0,7.5,0.0,0.0,0.0,100,0,0,6
2026-08-31T02:00:00Z,UPS-B2,HALL-B,it,0.0,7.5,0.0,0.0,0.0,100,0,0,6
2026-08-31T03:00:00Z,UPS-B2,HALL-B,it,0.0,7.5,0.0,0.0,0.0,100,0,0,6
2026-08-31T04:00:00Z,UPS-B2,HALL-B,it,0.0,7.5,0.0,0.0,0.0,100,0,0,6
2026-08-31T05:00:00Z,UPS-B2,HALL-B,it,0.0,7.5,0.0,0.0,0.0,100,0,0,6
2026-08-31T06:00:00Z,UPS-B2,HALL-B,it,0.0,7.5,0.0,0.0,0.0,100,0,0,6
2026-08-31T07:00:00Z,UPS-B2,HALL-B,it,0.0,7.5,0.0,0.0,0.0,100,0,0,6
2026-08-31T08:00:00Z,UPS-B2,HALL-B,it,0.0,7.5,0.0,0.0,0.0,100,0,0,6
2026-08-31T09:00:00Z,UPS-B2,HALL-B,it,0.0,7.5,0.0,0.0,0.0,100,0,0,6
2026-08-31T10:00:00Z,UPS-B2,HALL-B,it,0.0,7.5,0.0,0.0,0.0,100,0,0,6
2026-08-31T11:00:00Z,UPS-B2,HALL-B,it,0.0,7.5,0.0,0.0,0.0,100,0,0,6
2026-08-31T12:00:00Z,UPS-B2,HALL-B,it,0.0,7.5,0.0,0.0,0.0,100,0,0,6
2026-08-31T13:00:00Z,UPS-B2,HALL-B,it,0.0,7.5,0.0,0.0,0.0,100,0,0,6
2026-08-31T14:00:00Z,UPS-B2,HALL-B,it,0.0,7.5,0.0,0.0,0.0,100,0,0,6
2026-08-31T15:00:00Z,UPS-B2,HALL-B,it,0.0,7.5,0.0,0.0,0.0,100,0,0,6
2026-08-31T16:00:00Z,UPS-B2,HALL-B,it,0.0,7.5,0.0,0.0,0.0,100,0,0,6
2026-08-31T17:00:00Z,UPS-B2,HALL-B,it,0.0,7.5,0.0,0.0,0.0,100,0,0,6
2026-08-31T18:00:00Z,UPS-B2,HALL-B,it,0.0,7.5,0.0,0.0,0.0,100,0,0,6
2026-08-31T19:00:00Z,UPS-B2,HALL-B,it,0.0,7.5,0.0,0.0,0.0,100,0,0,6
2026-08-31T20:00:00Z,UPS-B2,HALL-B,it,0.0,7.5,0.0,0.0,0.0,100,0,0,6
2026-08-31T21:00:00Z,UPS-B2,HALL-B,it,0.0,7.5,0.0,0.0,0.0,100,0,0,6
2026-08-31T22:00:00Z,UPS-B2,HALL-B,it,0.0,7.5,0.0,0.0,0.0,100,0,0,6
2026-08-31T23:00:00Z,UPS-B2,HALL-B,it,0.0,7.5,0.0,0.0,0.0,100,0,0,6
2026-09-01T00:00:00Z,UPS-B2,HALL-B,it,0.0,7.5,0.0,0.0,0.0,100,0,0,6
2026-09-01T01:00:00Z,UPS-B2,HALL-B,it,0.0,7.5,0.0,0.0,0.0,100,0,0,6
2026-09-01T02:00:00Z,UPS-B2,HALL-B,it,0.0,7.5,0.0,0.0,0.0,100,0,0,6
2026-09-01T03:00:00Z,UPS-B2,HALL-B,it,0.0,7.5,0.0,0.0,0.0,100,0,0,6
2026-09-01T04:00:00Z,UPS-B2,HALL-B,it,0.0,7.5,0.0,0.0,0.0,100,0,0,6
2026-09-01T05:00:00Z,UPS-B2,HALL-B,it,0.0,7.5,0.0,0.0,0.0,100,0,0,6
2026-09-01T06:00:00Z,UPS-B2,HALL-B,it,0.0,7.5,0.0,0.0,0.0,100,0,0,6
2026-09-01T07:00:00Z,UPS-B2,HALL-B,it,0.0,7.5,0.0,0.0,0.0,100,0,0,6
2026-09-01T08:00:00Z,UPS-B2,HALL-B,it,0.0,7.5,0.0,0.0,0.0,100,0,0,6
2026-09-01T09:00:00Z,UPS-B2,HALL-B,it,0.0,7.5,0.0,0.0,0.0,100,0,0,6
2026-09-01T10:00:00Z,UPS-B2,HALL-B,it,0.0,7.5,0.0,0.0,0.0,100,0,0,6
2026-09-01T11:00:00Z,UPS-B2,HALL-B,it,0.0,7.5,0.0,0.0,0.0,100,0,0,6
2026-09-01T12:00:00Z,UPS-B2,HALL-B,it,0.0,7.5,0.0,0.0,0.0,100,0,0,6
2026-09-01T13:00:00Z,UPS-B2,HALL-B,it,0.0,7.5,0.0,0.0,0.0,100,0,0,6
2026-09-01T14:00:00Z,UPS-B2,HALL-B,it,0.0,7.5,0.0,0.0,0.0,100,0,0,6
2026-09-01T15:00:00Z,UPS-B2,HALL-B,it,0.0,7.5,0.0,0.0,0.0,100,0,0,6
2026-09-01T16:00:00Z,UPS-B2,HALL-B,it,0.0,7.5,0.0,0.0,0.0,100,0,0,6
2026-09-01T17:00:00Z,UPS-B2,HALL-B,it,0.0,7.5,0.0,0.0,0.0,100,0,0,6
2026-09-01T18:00:00Z,UPS-B2,HALL-B,it,0.0,7.5,0.0,0.0,0.0,100,0,0,6
2026-09-01T19:00:00Z,UPS-B2,HALL-B,it,0.0,7.5,0.0,0.0,0.0,100,0,0,6
2026-09-01T20:00:00Z,UPS-B2,HALL-B,it,0.0,7.5,0.0,0.0,0.0,100,0,0,6
2026-09-01T21:00:00Z,UPS-B2,HALL-B,it,0.0,7.5,0.0,0.0,0.0,100,0,0,6
2026-09-01T22:00:00Z,UPS-B2,HALL-B,it,0.0,7.5,0.0,0.0,0.0,100,0,0,6
2026-09-01T23:00:00Z,UPS-B2,HALL-B,it,0.0,7.5,0.0,0.0,0.0,100,0,0,6
2026-09-02T00:00:00Z,UPS-B2,HALL-B,it,0.0,7.5,0.0,0.0,0.0,100,0,0,6
2026-09-02T01:00:00Z,UPS-B2,HALL-B,it,0.0,7.5,0.0,0.0,0.0,100,0,0,6
2026-09-02T02:00:00Z,UPS-B2,HALL-B,it,0.0,7.5,0.0,0.0,0.0,100,0,0,6
2026-09-02T03:00:00Z,UPS-B2,HALL-B,it,0.0,7.5,0.0,0.0,0.0,100,0,0,6
2026-09-02T04:00:00Z,UPS-B2,HALL-B,it,0.0,7.5,0.0,0.0,0.0,100,0,0,6
2026-09-02T05:00:00Z,UPS-B2,HALL-B,it,0.0,7.5,0.0,0.0,0.0,100,0,0,6
2026-09-02T06:00:00Z,UPS-B2,HALL-B,it,0.0,7.5,0.0,0.0,0.0,100,0,0,6
2026-09-02T07:00:00Z,UPS-B2,HALL-B,it,0.0,7.5,0.0,0.0,0.0,100,0,0,6
2026-09-02T08:00:00Z,UPS-B2,HALL-B,it,0.0,7.5,0.0,0.0,0.0,100,0,0,6
2026-09-02T09:00:00Z,UPS-B2,HALL-B,it,0.0,7.5,0.0,0.0,0.0,100,0,0,6
2026-09-02T10:00:00Z,UPS-B2,HALL-B,it,0.0,7.5,0.0,0.0,0.0,100,0,0,6
2026-09-02T11:00:00Z,UPS-B2,HALL-B,it,0.0,7.5,0.0,0.0,0.0,100,0,0,6
2026-09-02T12:00:00Z,UPS-B2,HALL-B,it,0.0,7.5,0.0,0.0,0.0,100,0,0,6
2026-09-02T13:00:00Z,UPS-B2,HALL-B,it,0.0,7.5,0.0,0.0,0.0,100,0,0,6
2026-09-02T14:00:00Z,UPS-B2,HALL-B,it,0.0,7.5,0.0,0.0,0.0,100,0,0,6
2026-09-02T15:00:00Z,UPS-B2,HALL-B,it,0.0,7.5,0.0,0.0,0.0,100,0,0,6
2026-09-02T16:00:00Z,UPS-B2,HALL-B,it,0.0,7.5,0.0,0.0,0.0,100,0,0,6
2026-09-02T17:00:00Z,UPS-B2,HALL-B,it,0.0,7.5,0.0,0.0,0.0,100,0,0,6
2026-09-02T18:00:00Z,UPS-B2,HALL-B,it,0.0,7.5,0.0,0.0,0.0,100,0,0,6
2026-09-02T19:00:00Z,UPS-B2,HALL-B,it,0.0,7.5,0.0,0.0,0.0,100,0,0,6
2026-09-02T20:00:00Z,UPS-B2,HALL-B,it,0.0,7.5,0.0,0.0,0.0,100,0,0,6
2026-09-02T21:00:00Z,UPS-B2,HALL-B,it,0.0,7.5,0.0,0.0,0.0,100,0,0,6
2026-09-02T22:00:00Z,UPS-B2,HALL-B,it,0.0,7.5,0.0,0.0,0.0,100,0,0,6
2026-09-02T23:00:00Z,UPS-B2,HALL-B,it,0.0,7.5,0.0,0.0,0.0,100,0,0,6
2026-09-03T00:00:00Z,UPS-B2,HALL-B,it,0.0,7.5,0.0,0.0,0.0,100,0,0,6
2026-09-03T01:00:00Z,UPS-B2,HALL-B,it,0.0,7.5,0.0,0.0,0.0,100,0,0,6
2026-09-03T02:00:00Z,UPS-B2,HALL-B,it,0.0,7.5,0.0,0.0,0.0,100,0,0,6
2026-09-03T03:00:00Z,UPS-B2,HALL-B,it,0.0,7.5,0.0,0.0,0.0,100,0,0,6
2026-09-03T04:00:00Z,UPS-B2,HALL-B,it,0.0,7.5,0.0,0.0,0.0,100,0,0,6
2026-09-03T05:00:00Z,UPS-B2,HALL-B,it,0.0,7.5,0.0,0.0,0.0,100,0,0,6
2026-09-03T06:00:00Z,UPS-B2,HALL-B,it,0.0,7.5,0.0,0.0,0.0,100,0,0,6
2026-09-03T07:00:00Z,UPS-B2,HALL-B,it,0.0,7.5,0.0,0.0,0.0,100,0,0,6
2026-09-03T08:00:00Z,UPS-B2,HALL-B,it,0.0,7.5,0.0,0.0,0.0,100,0,0,6
2026-09-03T09:00:00Z,UPS-B2,HALL-B,it,0.0,7.5,0.0,0.0,0.0,100,0,0,6
2026-09-03T10:00:00Z,UPS-B2,HALL-B,it,0.0,7.5,0.0,0.0,0.0,100,0,0,6
2026-09-03T11:00:00Z,UPS-B2,HALL-B,it,0.0,7.5,0.0,0.0,0.0,100,0,0,6
2026-09-03T12:00:00Z,UPS-B2,HALL-B,it,0.0,7.5,0.0,0.0,0.0,100,0,0,6
2026-09-03T13:00:00Z,UPS-B2,HALL-B,it,0.0,7.5,0.0,0.0,0.0,100,0,0,6
2026-09-03T14:00:00Z,UPS-B2,HALL-B,it,0.0,7.5,0.0,0.0,0.0,100,0,0,6
2026-09-03T15:00:00Z,UPS-B2,HALL-B,it,0.0,7.5,0.0,0.0,0.0,100,0,0,6
2026-09-03T16:00:00Z,UPS-B2,HALL-B,it,0.0,7.5,0.0,0.0,0.0,100,0,0,6
2026-09-03T17:00:00Z,UPS-B2,HALL-B,it,0.0,7.5,0.0,0.0,0.0,100,0,0,6
2026-09-03T18:00:00Z,UPS-B2,HALL-B,it,0.0,7.5,0.0,0.0,0.0,100,0,0,6
2026-09-03T19:00:00Z,UPS-B2,HALL-B,it,0.0,7.5,0.0,0.0,0.0,100,0,0,6
2026-09-03T20:00:00Z,UPS-B2,HALL-B,it,0.0,7.5,0.0,0.0,0.0,100,0,0,6
2026-09-03T21:00:00Z,UPS-B2,HALL-B,it,0.0,7.5,0.0,0.0,0.0,100,0,0,6
2026-09-03T22:00:00Z,UPS-B2,HALL-B,it,0.0,7.5,0.0,0.0,0.0,100,0,0,6
2026-09-03T23:00:00Z,UPS-B2,HALL-B,it,0.0,7.5,0.0,0.0,0.0,100,0,0,6
2026-09-04T00:00:00Z,UPS-B2,HALL-B,it,0.0,7.5,0.0,0.0,0.0,100,0,0,6
2026-09-04T01:00:00Z,UPS-B2,HALL-B,it,0.0,7.5,0.0,0.0,0.0,100,0,0,6
2026-09-04T02:00:00Z,UPS-B2,HALL-B,it,0.0,7.5,0.0,0.0,0.0,100,0,0,6
2026-09-04T03:00:00Z,UPS-B2,HALL-B,it,0.0,7.5,0.0,0.0,0.0,100,0,0,6
2026-09-04T04:00:00Z,UPS-B2,HALL-B,it,0.0,7.5,0.0,0.0,0.0,100,0,0,6
2026-09-04T05:00:00Z,UPS-B2,HALL-B,it,0.0,7.5,0.0,0.0,0.0,100,0,0,6
2026-09-04T06:00:00Z,UPS-B2,HALL-B,it,0.0,7.5,0.0,0.0,0.0,100,0,0,6
2026-09-04T07:00:00Z,UPS-B2,HALL-B,it,0.0,7.5,0.0,0.0,0.0,100,0,0,6
2026-09-04T08:00:00Z,UPS-B2,HALL-B,it,0.0,7.5,0.0,0.0,0.0,100,0,0,6
2026-09-04T09:00:00Z,UPS-B2,HALL-B,it,0.0,7.5,0.0,0.0,0.0,100,0,0,6
2026-09-04T10:00:00Z,UPS-B2,HALL-B,it,0.0,7.5,0.0,0.0,0.0,100,0,0,6
2026-09-04T11:00:00Z,UPS-B2,HALL-B,it,0.0,7.5,0.0,0.0,0.0,100,0,0,6
2026-09-04T12:00:00Z,UPS-B2,HALL-B,it,0.0,7.5,0.0,0.0,0.0,100,0,0,6
2026-09-04T13:00:00Z,UPS-B2,HALL-B,it,0.0,7.5,0.0,0.0,0.0,100,0,0,6
2026-09-04T14:00:00Z,UPS-B2,HALL-B,it,0.0,7.5,0.0,0.0,0.0,100,0,0,6
2026-09-04T15:00:00Z,UPS-B2,HALL-B,it,0.0,7.5,0.0,0.0,0.0,100,0,0,6
2026-09-04T16:00:00Z,UPS-B2,HALL-B,it,0.0,7.5,0.0,0.0,0.0,100,0,0,6
2026-09-04T17:00:00Z,UPS-B2,HALL-B,it,0.0,7.5,0.0,0.0,0.0,100,0,0,6
2026-09-04T18:00:00Z,UPS-B2,HALL-B,it,0.0,7.5,0.0,0.0,0.0,100,0,0,6
2026-09-04T19:00:00Z,UPS-B2,HALL-B,it,0.0,7.5,0.0,0.0,0.0,100,0,0,6
2026-09-04T20:00:00Z,UPS-B2,HALL-B,it,0.0,7.5,0.0,0.0,0.0,100,0,0,6
2026-09-04T21:00:00Z,UPS-B2,HALL-B,it,0.0,7.5,0.0,0.0,0.0,100,0,0,6
2026-09-04T22:00:00Z,UPS-B2,HALL-B,it,0.0,7.5,0.0,0.0,0.0,100,0,0,6
2026-09-04T23:00:00Z,UPS-B2,HALL-B,it,0.0,7.5,0.0,0.0,0.0,100,0,0,6
2026-09-05T00:00:00Z,UPS-B2,HALL-B,it,0.0,7.5,0.0,0.0,0.0,100,0,0,6
2026-09-05T01:00:00Z,UPS-B2,HALL-B,it,30.72,39.18,2.0,3.8,70.2,100,0,0,6
2026-09-05T02:00:00Z,UPS-B2,HALL-B,it,57.6,66.9,3.8,3.8,70.2,100,0,0,6
2026-09-05T03:00:00Z,UPS-B2,HALL-B,it,57.6,66.9,3.8,3.8,70.2,100,0,0,6
2026-09-05T04:00:00Z,UPS-B2,HALL-B,it,57.6,66.9,3.8,3.8,70.2,100,0,0,6
2026-09-05T05:00:00Z,UPS-B2,HALL-B,it,35.36,43.96,2.4,3.8,70.1,100,0,0,6
2026-09-05T06:00:00Z,UPS-B2,HALL-B,it,38.14,46.83,2.5,3.8,70.1,100,0,0,6
2026-09-05T07:00:00Z,UPS-B2,HALL-B,it,57.6,66.9,3.8,3.8,70.2,100,0,0,6
2026-09-05T08:00:00Z,UPS-B2,HALL-B,it,57.6,66.9,3.8,3.8,70.2,100,0,0,6
2026-09-05T09:00:00Z,UPS-B2,HALL-B,it,57.6,66.9,3.8,3.8,70.2,100,0,0,6
2026-09-05T10:00:00Z,UPS-B2,HALL-B,it,35.36,43.97,2.4,3.8,70.2,100,0,0,6
2026-09-05T11:00:00Z,UPS-B2,HALL-B,it,38.14,46.83,2.5,3.8,70.2,100,0,0,6
2026-09-05T12:00:00Z,UPS-B2,HALL-B,it,57.6,66.9,3.8,3.8,70.2,100,0,0,6
2026-09-05T13:00:00Z,UPS-B2,HALL-B,it,57.6,66.9,3.8,3.8,70.2,100,0,0,6
2026-09-05T14:00:00Z,UPS-B2,HALL-B,it,57.6,66.9,3.8,3.8,70.2,100,0,0,6
2026-09-05T15:00:00Z,UPS-B2,HALL-B,it,35.36,43.97,2.4,3.8,70.2,100,0,0,6
2026-09-05T16:00:00Z,UPS-B2,HALL-B,it,38.14,46.83,2.5,3.8,70.2,100,0,0,6
2026-09-05T17:00:00Z,UPS-B2,HALL-B,it,57.6,66.9,3.8,3.8,70.2,100,0,0,6
2026-09-05T18:00:00Z,UPS-B2,HALL-B,it,57.6,66.9,3.8,3.8,70.2,100,0,0,6
2026-09-05T19:00:00Z,UPS-B2,HALL-B,it,57.6,66.9,3.8,3.8,70.2,100,0,0,6
2026-09-05T20:00:00Z,UPS-B2,HALL-B,it,47.06,56.03,3.1,5.0,91.3,100,0,0,6
2026-09-05T21:00:00Z,UPS-B2,HALL-B,it,96.64,107.13,6.4,7.7,142.0,100,0,0,6
2026-09-05T22:00:00Z,UPS-B2,HALL-B,it,116.1,127.2,7.7,7.7,142.0,100,0,0,6
2026-09-05T23:00:00Z,UPS-B2,HALL-B,it,116.1,127.2,7.7,7.7,141.9,100,0,0,6
2026-09-06T00:00:00Z,UPS-B2,HALL-B,it,107.64,118.48,7.1,7.7,141.9,100,0,0,6
2026-09-06T01:00:00Z,UPS-B2,HALL-B,it,60.02,69.39,4.0,5.0,91.4,100,0,0,6
2026-09-06T02:00:00Z,UPS-B2,HALL-B,it,96.64,107.13,6.4,7.7,142.1,100,0,0,6
2026-09-06T03:00:00Z,UPS-B2,HALL-B,it,116.1,127.2,7.7,7.7,141.9,100,0,0,6
2026-09-06T04:00:00Z,UPS-B2,HALL-B,it,116.1,127.2,7.7,7.7,142.0,100,0,0,6
2026-09-06T05:00:00Z,UPS-B2,HALL-B,it,107.64,118.48,7.1,7.7,141.9,100,0,0,6
2026-09-06T06:00:00Z,UPS-B2,HALL-B,it,60.02,69.39,4.0,5.0,91.4,100,0,0,6
2026-09-06T07:00:00Z,UPS-B2,HALL-B,it,96.64,107.13,6.4,7.7,141.9,100,0,0,6
2026-09-06T08:00:00Z,UPS-B2,HALL-B,it,116.1,127.2,7.7,7.7,141.9,100,0,0,6
2026-09-06T09:00:00Z,UPS-B2,HALL-B,it,116.1,127.2,7.7,7.7,141.8,100,0,0,6
2026-09-06T10:00:00Z,UPS-B2,HALL-B,it,107.64,118.48,7.1,7.7,141.9,100,0,0,6
2026-09-06T11:00:00Z,UPS-B2,HALL-B,it,60.02,69.39,4.0,5.0,91.4,100,0,0,6
2026-09-06T12:00:00Z,UPS-B2,HALL-B,it,96.64,107.13,6.4,7.7,141.9,100,0,0,6
2026-09-06T13:00:00Z,UPS-B2,HALL-B,it,116.1,127.2,7.7,7.7,141.9,100,0,0,6
2026-09-06T14:00:00Z,UPS-B2,HALL-B,it,116.1,127.2,7.7,7.7,141.9,100,0,0,6
2026-09-06T15:00:00Z,UPS-B2,HALL-B,it,107.64,118.48,7.1,7.7,142.0,100,0,0,6
2026-09-06T16:00:00Z,UPS-B2,HALL-B,it,60.02,69.39,4.0,5.0,91.4,100,0,0,6
2026-09-06T17:00:00Z,UPS-B2,HALL-B,it,96.64,107.13,6.4,7.7,141.9,100,0,0,6
2026-09-06T18:00:00Z,UPS-B2,HALL-B,it,116.1,127.2,7.7,7.7,141.9,100,0,0,6
2026-09-06T19:00:00Z,UPS-B2,HALL-B,it,116.1,127.2,7.7,7.7,141.9,100,0,0,6
2026-09-06T20:00:00Z,UPS-B2,HALL-B,it,107.64,118.48,7.1,7.7,141.9,100,0,0,6
2026-09-06T21:00:00Z,UPS-B2,HALL-B,it,94.07,104.47,6.2,8.7,159.9,100,0,0,6
2026-09-06T22:00:00Z,UPS-B2,HALL-B,it,153.43,165.67,10.2,11.5,210.4,100,0,0,6
2026-09-06T23:00:00Z,UPS-B2,HALL-B,it,172.9,185.7,11.5,11.5,210.3,100,0,0,6
2026-09-07T00:00:00Z,UPS-B2,HALL-B,it,172.9,185.7,11.5,11.5,210.2,100,0,0,6
2026-09-07T01:00:00Z,UPS-B2,HALL-B,it,139.78,151.6,9.3,11.5,210.3,100,0,0,6
2026-09-07T02:00:00Z,UPS-B2,HALL-B,it,100.35,110.96,6.7,8.7,159.7,100,0,0,6
2026-09-07T03:00:00Z,UPS-B2,HALL-B,it,153.42,165.66,10.2,11.5,210.2,100,0,0,6
2026-09-07T04:00:00Z,UPS-B2,HALL-B,it,172.9,185.7,11.5,11.5,210.0,100,0,0,6
2026-09-07T05:00:00Z,UPS-B2,HALL-B,it,172.9,185.7,11.5,11.5,210.3,100,0,0,6
2026-09-07T06:00:00Z,UPS-B2,HALL-B,it,139.78,151.6,9.3,11.5,210.2,100,0,0,6
2026-09-07T07:00:00Z,UPS-B2,HALL-B,it,100.36,110.96,6.7,8.7,159.7,100,0,0,6
2026-09-07T08:00:00Z,UPS-B2,HALL-B,it,153.42,165.66,10.2,11.5,210.2,100,0,0,6
2026-09-07T09:00:00Z,UPS-B2,HALL-B,it,172.9,185.7,11.5,11.5,210.2,100,0,0,6
2026-09-07T10:00:00Z,UPS-B2,HALL-B,it,172.9,185.7,11.5,11.5,210.2,100,0,0,6
2026-09-07T11:00:00Z,UPS-B2,HALL-B,it,139.78,151.6,9.3,11.5,210.0,100,0,0,6
2026-09-07T12:00:00Z,UPS-B2,HALL-B,it,100.36,110.97,6.7,8.7,159.6,100,0,0,6
2026-09-07T13:00:00Z,UPS-B2,HALL-B,it,153.43,165.66,10.2,11.5,210.0,100,0,0,6
2026-09-07T14:00:00Z,UPS-B2,HALL-B,it,172.9,185.7,11.5,11.5,210.4,100,0,0,6
2026-09-07T15:00:00Z,UPS-B2,HALL-B,it,172.9,185.7,11.5,11.5,210.3,100,0,0,6
2026-09-07T16:00:00Z,UPS-B2,HALL-B,it,139.78,151.6,9.3,11.5,210.1,100,0,0,6
2026-09-07T17:00:00Z,UPS-B2,HALL-B,it,100.35,110.95,6.7,8.7,159.6,100,0,0,6
2026-09-07T18:00:00Z,UPS-B2,HALL-B,it,153.42,165.66,10.2,11.5,210.1,100,0,0,6
2026-09-07T19:00:00Z,UPS-B2,HALL-B,it,172.9,185.7,11.5,11.5,210.2,100,0,0,6
2026-09-07T20:00:00Z,UPS-B2,HALL-B,it,172.9,185.7,11.5,11.5,210.2,100,0,0,6
2026-09-07T21:00:00Z,UPS-B2,HALL-B,it,139.78,151.6,9.3,11.5,210.0,100,0,0,6
2026-09-07T22:00:00Z,UPS-B2,HALL-B,it,100.35,110.96,6.7,8.7,159.7,100,0,0,6
2026-09-07T23:00:00Z,UPS-B2,HALL-B,it,153.42,165.66,10.2,11.5,210.2,100,0,0,6
2026-09-08T00:00:00Z,UPS-B2,HALL-B,it,172.9,185.7,11.5,11.5,210.3,100,0,0,6
2026-09-08T01:00:00Z,UPS-B2,HALL-B,it,172.9,185.7,11.5,11.5,210.2,100,0,0,6
2026-09-08T02:00:00Z,UPS-B2,HALL-B,it,139.78,151.59,9.3,11.5,210.2,100,0,0,6
2026-09-08T03:00:00Z,UPS-B2,HALL-B,it,100.34,110.94,6.7,8.7,159.7,100,0,0,6
2026-09-08T04:00:00Z,UPS-B2,HALL-B,it,153.42,165.66,10.2,11.5,210.2,100,0,0,6
2026-09-08T05:00:00Z,UPS-B2,HALL-B,it,172.9,185.7,11.5,11.5,210.2,100,0,0,6
2026-09-08T06:00:00Z,UPS-B2,HALL-B,it,172.9,185.7,11.5,11.5,210.1,100,0,0,6
2026-09-08T07:00:00Z,UPS-B2,HALL-B,it,139.78,151.6,9.3,11.5,210.1,100,0,0,6
2026-09-08T08:00:00Z,UPS-B2,HALL-B,it,100.33,110.93,6.7,8.7,159.6,100,0,0,6
2026-09-08T09:00:00Z,UPS-B2,HALL-B,it,153.42,165.66,10.2,11.5,210.4,100,0,0,6
2026-09-08T10:00:00Z,UPS-B2,HALL-B,it,172.9,185.7,11.5,11.5,210.2,100,0,0,6
2026-09-08T11:00:00Z,UPS-B2,HALL-B,it,172.9,185.7,11.5,11.5,210.2,100,0,0,6
2026-09-08T12:00:00Z,UPS-B2,HALL-B,it,139.78,151.6,9.3,11.5,210.0,100,0,0,6
2026-09-08T13:00:00Z,UPS-B2,HALL-B,it,100.36,110.96,6.7,8.7,159.7,100,0,0,6
2026-09-08T14:00:00Z,UPS-B2,HALL-B,it,153.42,165.66,10.2,11.5,210.0,100,0,0,6
2026-09-08T15:00:00Z,UPS-B2,HALL-B,it,172.9,185.7,11.5,11.5,210.1,100,0,0,6
2026-09-08T16:00:00Z,UPS-B2,HALL-B,it,172.9,185.7,11.5,11.5,210.4,100,0,0,6
2026-09-08T17:00:00Z,UPS-B2,HALL-B,it,139.78,151.59,9.3,11.5,210.1,100,0,0,6
2026-09-08T18:00:00Z,UPS-B2,HALL-B,it,100.35,110.96,6.7,8.7,159.6,100,0,0,6
2026-09-08T19:00:00Z,UPS-B2,HALL-B,it,153.43,165.66,10.2,11.5,210.1,100,0,0,6
2026-09-08T20:00:00Z,UPS-B2,HALL-B,it,172.9,185.7,11.5,11.5,210.3,100,0,0,6
2026-09-08T21:00:00Z,UPS-B2,HALL-B,it,172.9,185.7,11.5,11.5,210.2,100,0,0,6
2026-09-08T22:00:00Z,UPS-B2,HALL-B,it,139.78,151.6,9.3,11.5,210.1,100,0,0,6
2026-09-08T23:00:00Z,UPS-B2,HALL-B,it,100.33,110.93,6.7,8.7,159.7,100,0,0,6
2026-09-09T00:00:00Z,UPS-B2,HALL-B,it,153.42,165.66,10.2,11.5,210.1,100,0,0,6
2026-09-09T01:00:00Z,UPS-B2,HALL-B,it,172.9,185.7,11.5,11.5,210.3,100,0,0,6
2026-09-09T02:00:00Z,UPS-B2,HALL-B,it,172.9,185.7,11.5,11.5,210.1,100,0,0,6
2026-09-09T03:00:00Z,UPS-B2,HALL-B,it,161.44,173.91,10.8,12.6,228.9,100,0,0,6
2026-09-09T04:00:00Z,UPS-B2,HALL-B,it,156.87,169.21,10.4,12.5,228.3,100,0,0,6
2026-09-09T05:00:00Z,UPS-B2,HALL-B,it,209.94,223.93,14.0,15.3,279.1,100,0,0,6
2026-09-09T06:00:00Z,UPS-B2,HALL-B,it,229.4,244.0,15.3,15.3,279.3,100,0,0,6
2026-09-09T07:00:00Z,UPS-B2,HALL-B,it,213.72,227.82,14.3,15.3,279.0,100,0,0,6
2026-09-09T08:00:00Z,UPS-B2,HALL-B,it,171.06,183.84,11.4,12.6,229.0,100,0,0,6
2026-09-09T09:00:00Z,UPS-B2,HALL-B,it,156.87,169.21,10.4,12.5,228.3,100,0,0,6
2026-09-09T10:00:00Z,UPS-B2,HALL-B,it,209.93,223.93,14.0,15.3,279.0,100,0,0,6
2026-09-09T11:00:00Z,UPS-B2,HALL-B,it,229.4,244.0,15.3,15.3,279.3,100,0,0,6
2026-09-09T12:00:00Z,UPS-B2,HALL-B,it,213.72,227.82,14.3,15.3,279.2,100,0,0,6
2026-09-09T13:00:00Z,UPS-B2,HALL-B,it,171.06,183.84,11.4,12.6,229.2,100,0,0,6
2026-09-09T14:00:00Z,UPS-B2,HALL-B,it,156.86,169.21,10.4,12.5,228.1,100,0,0,6
2026-09-09T15:00:00Z,UPS-B2,HALL-B,it,209.94,223.93,14.0,15.3,279.1,100,0,0,6
2026-09-09T16:00:00Z,UPS-B2,HALL-B,it,229.4,244.0,15.3,15.3,279.3,100,0,0,6
2026-09-09T17:00:00Z,UPS-B2,HALL-B,it,213.72,227.82,14.3,15.3,279.2,100,0,0,6
2026-09-09T18:00:00Z,UPS-B2,HALL-B,it,171.06,183.84,11.4,12.6,229.1,100,0,0,6
2026-09-09T19:00:00Z,UPS-B2,HALL-B,it,156.85,169.2,10.4,12.5,228.2,100,0,0,6
2026-09-09T20:00:00Z,UPS-B2,HALL-B,it,209.94,223.93,14.0,15.3,279.1,100,0,0,6
2026-09-09T21:00:00Z,UPS-B2,HALL-B,it,285.07,301.38,19.0,19.2,351.7,100,0,0,6
2026-09-09T22:00:00Z,UPS-B2,HALL-B,it,272.32,288.23,18.2,19.2,351.5,100,0,0,6
2026-09-09T23:00:00Z,UPS-B2,HALL-B,it,229.68,244.26,15.3,16.5,301.6,100,0,0,6
2026-09-10T00:00:00Z,UPS-B2,HALL-B,it,215.48,229.63,14.3,16.4,300.8,100,0,0,6
2026-09-10T01:00:00Z,UPS-B2,HALL-B,it,228.25,242.81,15.2,16.4,300.4,100,0,0,6
2026-09-10T02:00:00Z,UPS-B2,HALL-B,it,282.1,298.32,18.8,19.2,351.7,100,0,0,6
2026-09-10T03:00:00Z,UPS-B2,HALL-B,it,269.83,285.66,18.0,19.2,351.6,100,0,0,6
2026-09-10T04:00:00Z,UPS-B2,HALL-B,it,227.19,241.69,15.2,16.5,301.4,100,0,0,6
2026-09-10T05:00:00Z,UPS-B2,HALL-B,it,205.06,218.88,13.7,16.4,300.6,100,0,0,6
2026-09-10T06:00:00Z,UPS-B2,HALL-B,it,206.01,219.88,13.7,16.4,300.4,100,0,0,6
2026-09-10T07:00:00Z,UPS-B2,HALL-B,it,244.18,259.21,16.3,16.4,300.9,100,0,0,6
2026-09-10T08:00:00Z,UPS-B2,HALL-B,it,230.62,245.26,15.4,16.4,300.9,100,0,0,6
2026-09-10T09:00:00Z,UPS-B2,HALL-B,it,187.96,201.28,12.6,13.7,250.9,100,0,0,6
2026-09-10T10:00:00Z,UPS-B2,HALL-B,it,197.08,210.66,13.2,17.4,319.2,100,0,0,6
2026-09-10T11:00:00Z,UPS-B2,HALL-B,it,241.35,256.3,16.1,17.7,324.3,100,0,0,6
2026-09-10T12:00:00Z,UPS-B2,HALL-B,it,281.22,297.38,18.7,19.1,349.0,100,0,0,6
2026-09-10T13:00:00Z,UPS-B2,HALL-B,it,270.09,285.93,18.0,19.1,348.6,100,0,0,6
2026-09-10T14:00:00Z,UPS-B2,HALL-B,it,225.0,239.49,15.0,16.3,298.6,100,0,0,6
2026-09-10T15:00:00Z,UPS-B2,HALL-B,it,233.04,247.74,15.5,19.1,348.8,100,0,0,6
2026-09-10T16:00:00Z,UPS-B2,HALL-B,it,243.0,258.0,16.2,19.1,348.5,100,0,0,6
2026-09-10T17:00:00Z,UPS-B2,HALL-B,it,281.2,297.36,18.7,19.1,348.9,100,0,0,6
2026-09-10T18:00:00Z,UPS-B2,HALL-B,it,267.67,283.44,17.8,19.1,348.8,100,0,0,6
2026-09-10T19:00:00Z,UPS-B2,HALL-B,it,225.0,239.47,15.0,16.3,299.2,100,0,0,6
2026-09-10T20:00:00Z,UPS-B2,HALL-B,it,235.47,250.25,15.7,19.1,349.1,100,0,0,6
2026-09-10T21:00:00Z,UPS-B2,HALL-B,it,243.03,258.02,16.2,19.1,348.7,100,0,0,6
2026-09-10T22:00:00Z,UPS-B2,HALL-B,it,281.21,297.38,18.7,19.1,349.0,100,0,0,6
2026-09-10T23:00:00Z,UPS-B2,HALL-B,it,267.64,283.4,17.8,19.1,348.6,100,0,0,6
2026-09-11T00:00:00Z,UPS-B2,HALL-B,it,225.01,239.5,15.0,16.3,298.8,100,0,0,6
2026-09-11T01:00:00Z,UPS-B2,HALL-B,it,233.06,247.76,15.5,19.1,348.6,100,0,0,6
2026-09-11T02:00:00Z,UPS-B2,HALL-B,it,243.01,258.0,16.2,19.1,348.5,100,0,0,6
2026-09-11T03:00:00Z,UPS-B2,HALL-B,it,283.64,299.87,18.9,19.1,349.0,100,0,0,6
2026-09-11T04:00:00Z,UPS-B2,HALL-B,it,267.66,283.43,17.8,19.1,348.8,100,0,0,6
2026-09-11T05:00:00Z,UPS-B2,HALL-B,it,225.0,239.48,15.0,16.3,299.2,100,0,0,6
2026-09-11T06:00:00Z,UPS-B2,HALL-B,it,233.06,247.76,15.5,19.1,348.7,100,0,0,6
2026-09-11T07:00:00Z,UPS-B2,HALL-B,it,243.03,258.02,16.2,19.1,348.8,100,0,0,6
2026-09-11T08:00:00Z,UPS-B2,HALL-B,it,281.2,297.37,18.7,19.1,348.8,100,0,0,6
2026-09-11T09:00:00Z,UPS-B2,HALL-B,it,267.68,283.45,17.8,19.1,348.8,100,0,0,6
2026-09-11T10:00:00Z,UPS-B2,HALL-B,it,227.43,241.99,15.2,16.3,298.9,100,0,0,6
2026-09-11T11:00:00Z,UPS-B2,HALL-B,it,233.06,247.76,15.5,19.1,348.6,100,0,0,6
2026-09-11T12:00:00Z,UPS-B2,HALL-B,it,243.01,258.0,16.2,19.0,348.2,100,0,0,6
2026-09-11T13:00:00Z,UPS-B2,HALL-B,it,281.22,297.38,18.8,19.1,349.1,100,0,0,6
2026-09-11T14:00:00Z,UPS-B2,HALL-B,it,267.66,283.43,17.8,19.1,348.9,100,0,0,6
2026-09-11T15:00:00Z,UPS-B2,HALL-B,it,225.01,239.49,15.0,16.3,298.8,100,0,0,6
2026-09-11T16:00:00Z,UPS-B2,HALL-B,it,233.03,247.74,15.5,19.1,348.8,100,0,0,6
2026-09-11T17:00:00Z,UPS-B2,HALL-B,it,245.42,260.48,16.3,19.1,348.5,100,0,0,6
2026-09-11T18:00:00Z,UPS-B2,HALL-B,it,277.95,294.02,18.5,19.1,348.9,100,0,0,6
2026-09-11T19:00:00Z,UPS-B2,HALL-B,it,265.88,281.6,17.7,19.1,348.8,100,0,0,6
2026-09-11T20:00:00Z,UPS-B2,HALL-B,it,247.88,263.05,16.5,19.1,348.5,100,0,0,6
2026-09-11T21:00:00Z,UPS-B2,HALL-B,it,249.47,264.66,16.6,19.1,348.7,100,0,0,6
2026-09-11T22:00:00Z,UPS-B2,HALL-B,it,241.23,256.17,16.1,19.1,348.1,100,0,0,6
2026-09-11T23:00:00Z,UPS-B2,HALL-B,it,279.43,295.53,18.6,19.1,349.2,100,0,0,6
2026-09-12T00:00:00Z,UPS-B2,HALL-B,it,317.04,334.36,21.1,23.0,419.0,100,0,0,6
2026-09-12T01:00:00Z,UPS-B2,HALL-B,it,306.6,323.59,20.4,23.0,418.8,100,0,0,6
2026-09-12T02:00:00Z,UPS-B2,HALL-B,it,306.39,323.34,20.4,23.0,418.8,100,0,0,6
2026-09-12T03:00:00Z,UPS-B2,HALL-B,it,301.72,318.51,20.1,23.0,418.0,100,0,0,6
2026-09-12T04:00:00Z,UPS-B2,HALL-B,it,304.15,321.02,20.3,23.0,418.8,100,0,0,6
2026-09-12T05:00:00Z,UPS-B2,HALL-B,it,316.08,333.37,21.1,23.0,419.2,100,0,0,6
2026-09-12T06:00:00Z,UPS-B2,HALL-B,it,308.38,325.43,20.5,23.0,419.1,100,0,0,6
2026-09-12T07:00:00Z,UPS-B2,HALL-B,it,308.84,325.86,20.6,23.0,418.9,100,0,0,6
2026-09-12T08:00:00Z,UPS-B2,HALL-B,it,299.93,316.67,20.0,23.0,418.4,100,0,0,6
2026-09-12T09:00:00Z,UPS-B2,HALL-B,it,305.92,322.86,20.4,23.0,418.4,100,0,0,6
2026-09-12T10:00:00Z,UPS-B2,HALL-B,it,316.11,333.39,21.1,23.0,418.9,100,0,0,6
2026-09-12T11:00:00Z,UPS-B2,HALL-B,it,306.59,323.58,20.4,23.0,419.0,100,0,0,6
2026-09-12T12:00:00Z,UPS-B2,HALL-B,it,308.2,325.2,20.5,23.0,418.9,100,0,0,6
2026-09-12T13:00:00Z,UPS-B2,HALL-B,it,290.24,306.69,19.3,23.0,418.0,100,0,0,6
2026-09-12T14:00:00Z,UPS-B2,HALL-B,it,306.27,323.24,20.4,23.1,421.6,100,0,0,6
2026-09-12T15:00:00Z,UPS-B2,HALL-B,it,319.99,337.4,21.3,23.1,421.6,100,0,0,6
2026-09-12T16:00:00Z,UPS-B2,HALL-B,it,308.71,325.77,20.6,23.1,421.6,100,0,0,6
2026-09-12T17:00:00Z,UPS-B2,HALL-B,it,308.55,325.58,20.6,23.1,421.4,100,0,0,6
2026-09-12T18:00:00Z,UPS-B2,HALL-B,it,303.88,320.77,20.3,23.1,421.3,100,0,0,6
2026-09-12T19:00:00Z,UPS-B2,HALL-B,it,306.28,323.25,20.4,23.1,421.3,100,0,0,6
2026-09-12T20:00:00Z,UPS-B2,HALL-B,it,318.22,335.57,21.2,23.1,421.4,100,0,0,6
2026-09-12T21:00:00Z,UPS-B2,HALL-B,it,310.48,327.6,20.7,23.1,421.6,100,0,0,6
2026-09-12T22:00:00Z,UPS-B2,HALL-B,it,307.03,324.01,20.5,23.1,421.3,100,0,0,6
2026-09-12T23:00:00Z,UPS-B2,HALL-B,it,301.09,317.89,20.1,23.1,421.5,100,0,0,6
2026-09-13T00:00:00Z,UPS-B2,HALL-B,it,308.05,325.07,20.5,23.1,421.6,100,0,0,6
2026-09-13T01:00:00Z,UPS-B2,HALL-B,it,318.21,335.56,21.2,23.1,421.4,100,0,0,6
2026-09-13T02:00:00Z,UPS-B2,HALL-B,it,308.7,325.77,20.6,23.1,421.3,100,0,0,6
2026-09-13T03:00:00Z,UPS-B2,HALL-B,it,310.33,327.41,20.7,23.1,421.6,100,0,0,6
2026-09-13T04:00:00Z,UPS-B2,HALL-B,it,302.11,318.94,20.2,23.1,421.7,100,0,0,6
2026-09-13T05:00:00Z,UPS-B2,HALL-B,it,306.29,323.25,20.4,23.1,421.6,100,0,0,6
2026-09-13T06:00:00Z,UPS-B2,HALL-B,it,319.99,337.39,21.3,23.1,421.5,100,0,0,6
2026-09-13T07:00:00Z,UPS-B2,HALL-B,it,308.7,325.77,20.6,23.1,421.4,100,0,0,6
2026-09-13T08:00:00Z,UPS-B2,HALL-B,it,308.55,325.58,20.6,23.1,421.3,100,0,0,6
2026-09-13T09:00:00Z,UPS-B2,HALL-B,it,303.88,320.77,20.3,23.1,421.5,100,0,0,6
2026-09-13T10:00:00Z,UPS-B2,HALL-B,it,306.29,323.26,20.4,23.1,421.8,100,0,0,6
2026-09-13T11:00:00Z,UPS-B2,HALL-B,it,318.22,335.57,21.2,23.1,421.6,100,0,0,6
2026-09-13T12:00:00Z,UPS-B2,HALL-B,it,310.48,327.6,20.7,23.1,421.7,100,0,0,6
2026-09-13T13:00:00Z,UPS-B2,HALL-B,it,308.55,325.58,20.6,23.1,421.6,100,0,0,6
2026-09-13T14:00:00Z,UPS-B2,HALL-B,it,302.11,318.94,20.2,23.1,421.1,100,0,0,6
2026-09-13T15:00:00Z,UPS-B2,HALL-B,it,308.06,325.08,20.6,23.1,421.5,100,0,0,6
2026-09-13T16:00:00Z,UPS-B2,HALL-B,it,318.21,335.56,21.2,23.1,422.0,100,0,0,6
2026-09-13T17:00:00Z,UPS-B2,HALL-B,it,307.19,324.21,20.5,23.1,421.3,100,0,0,6
2026-09-13T18:00:00Z,UPS-B2,HALL-B,it,309.3,326.36,20.6,23.1,421.3,100,0,0,6
2026-09-13T19:00:00Z,UPS-B2,HALL-B,it,302.1,318.94,20.2,23.1,421.4,100,0,0,6
2026-09-13T20:00:00Z,UPS-B2,HALL-B,it,306.28,323.25,20.4,23.1,421.7,100,0,0,6
2026-09-13T21:00:00Z,UPS-B2,HALL-B,it,319.99,337.38,21.3,23.1,421.8,100,0,0,6
2026-09-13T22:00:00Z,UPS-B2,HALL-B,it,308.71,325.79,20.6,23.1,421.7,100,0,0,6
2026-09-13T23:00:00Z,UPS-B2,HALL-B,it,308.55,325.58,20.6,23.1,421.4,100,0,0,6
2026-09-14T00:00:00Z,UPS-B2,HALL-B,it,303.88,320.77,20.3,23.1,421.0,100,0,0,6
2026-09-14T01:00:00Z,UPS-B2,HALL-B,it,306.29,323.25,20.4,23.1,421.5,100,0,0,6
2026-09-14T02:00:00Z,UPS-B2,HALL-B,it,318.21,335.56,21.2,23.1,421.5,100,0,0,6
2026-09-14T03:00:00Z,UPS-B2,HALL-B,it,310.49,327.6,20.7,23.1,421.5,100,0,0,6
2026-09-14T04:00:00Z,UPS-B2,HALL-B,it,307.55,324.55,20.5,23.1,421.6,100,0,0,6
2026-09-14T05:00:00Z,UPS-B2,HALL-B,it,297.56,314.27,19.8,21.7,396.2,100,0,0,6
2026-09-14T06:00:00Z,UPS-B2,HALL-B,it,304.97,321.91,20.3,23.1,420.9,100,0,0,6
2026-09-14T07:00:00Z,UPS-B2,HALL-B,it,329.15,346.85,21.9,23.0,420.1,100,0,0,6
2026-09-14T08:00:00Z,UPS-B2,HALL-B,it,337.61,355.56,22.5,23.0,420.3,100,0,0,6
2026-09-14T09:00:00Z,UPS-B2,HALL-B,it,324.76,342.3,21.6,23.0,419.9,100,0,0,6
2026-09-14T10:00:00Z,UPS-B2,HALL-B,it,298.2,314.95,19.9,21.9,397.9,100,0,0,6
2026-09-14T11:00:00Z,UPS-B2,HALL-B,it,301.32,318.17,20.1,23.0,420.1,100,0,0,6
2026-09-14T12:00:00Z,UPS-B2,HALL-B,it,328.55,346.22,21.9,23.0,420.1,100,0,0,6
2026-09-14T13:00:00Z,UPS-B2,HALL-B,it,326.34,343.94,21.7,23.0,420.6,100,0,0,6
2026-09-14T14:00:00Z,UPS-B2,HALL-B,it,319.36,336.73,21.3,22.9,417.9,100,0,0,6
2026-09-14T15:00:00Z,UPS-B2,HALL-B,it,282.87,299.11,18.9,20.2,368.4,100,0,0,6
2026-09-14T16:00:00Z,UPS-B2,HALL-B,it,277.76,293.87,18.5,20.0,364.7,100,0,0,6
2026-09-14T17:00:00Z,UPS-B2,HALL-B,it,324.97,342.5,21.7,22.7,414.8,100,0,0,6
2026-09-14T18:00:00Z,UPS-B2,HALL-B,it,333.44,351.24,22.2,22.7,415.1,100,0,0,6
2026-09-14T19:00:00Z,UPS-B2,HALL-B,it,309.38,326.45,20.6,22.7,414.8,100,0,0,6
2026-09-14T20:00:00Z,UPS-B2,HALL-B,it,284.99,301.31,19.0,22.7,413.5,100,0,0,6
2026-09-14T21:00:00Z,UPS-B2,HALL-B,it,299.38,316.14,19.9,22.9,416.5,100,0,0,6
2026-09-14T22:00:00Z,UPS-B2,HALL-B,it,322.37,339.84,21.5,22.9,416.8,100,0,0,6
2026-09-14T23:00:00Z,UPS-B2,HALL-B,it,312.72,329.88,20.8,22.9,416.6,100,0,0,6
2026-09-15T00:00:00Z,UPS-B2,HALL-B,it,334.53,352.37,22.3,22.9,417.6,100,0,0,6
2026-09-15T01:00:00Z,UPS-B2,HALL-B,it,332.96,350.75,22.2,22.9,417.5,100,0,0,6
2026-09-15T02:00:00Z,UPS-B2,HALL-B,it,299.26,316.01,19.9,22.9,417.5,100,0,0,6
2026-09-15T03:00:00Z,UPS-B2,HALL-B,it,326.42,344.0,21.8,22.9,417.7,100,0,0,6
2026-09-15T04:00:00Z,UPS-B2,HALL-B,it,336.06,353.94,22.4,22.9,417.6,100,0,0,6
2026-09-15T05:00:00Z,UPS-B2,HALL-B,it,328.39,346.04,21.9,22.9,417.7,100,0,0,6
2026-09-15T06:00:00Z,UPS-B2,HALL-B,it,334.7,352.54,22.3,22.9,417.6,100,0,0,6
2026-09-15T07:00:00Z,UPS-B2,HALL-B,it,302.4,319.25,20.2,22.9,417.2,100,0,0,6
2026-09-15T08:00:00Z,UPS-B2,HALL-B,it,287.01,303.38,19.1,22.9,417.0,100,0,0,6
2026-09-15T09:00:00Z,UPS-B2,HALL-B,it,260.64,276.23,17.4,18.7,342.1,100,0,0,6
2026-09-15T10:00:00Z,UPS-B2,HALL-B,it,294.35,310.93,19.6,20.3,371.2,100,0,0,6
2026-09-15T11:00:00Z,UPS-B2,HALL-B,it,297.95,314.64,19.8,20.3,371.3,100,0,0,6
2026-09-15T12:00:00Z,UPS-B2,HALL-B,it,273.57,289.52,18.2,20.3,370.8,100,0,0,6
2026-09-15T13:00:00Z,UPS-B2,HALL-B,it,314.93,332.15,21.0,23.1,421.4,100,0,0,6
2026-09-15T14:00:00Z,UPS-B2,HALL-B,it,336.44,354.34,22.4,23.1,421.6,100,0,0,6
2026-09-15T15:00:00Z,UPS-B2,HALL-B,it,338.14,356.08,22.5,23.1,421.6,100,0,0,6
2026-09-15T16:00:00Z,UPS-B2,HALL-B,it,338.14,356.08,22.5,23.1,421.5,100,0,0,6
2026-09-15T17:00:00Z,UPS-B2,HALL-B,it,285.98,302.31,19.1,23.1,421.6,100,0,0,6
2026-09-15T18:00:00Z,UPS-B2,HALL-B,it,304.37,321.29,20.3,23.0,419.1,100,0,0,6
2026-09-15T19:00:00Z,UPS-B2,HALL-B,it,334.78,352.64,22.3,23.0,418.8,100,0,0,6
2026-09-15T20:00:00Z,UPS-B2,HALL-B,it,319.11,336.49,21.3,23.0,419.0,100,0,0,6
2026-09-15T21:00:00Z,UPS-B2,HALL-B,it,313.23,330.45,20.9,22.6,411.3,100,0,0,6
2026-09-15T22:00:00Z,UPS-B2,HALL-B,it,291.46,307.96,19.4,22.6,410.5,100,0,0,6
2026-09-15T23:00:00Z,UPS-B2,HALL-B,it,283.24,299.52,18.9,20.0,364.8,100,0,0,6
2026-09-16T00:00:00Z,UPS-B2,HALL-B,it,293.48,310.09,19.6,20.0,364.9,100,0,0,6
2026-09-16T01:00:00Z,UPS-B2,HALL-B,it,285.33,301.66,19.0,20.0,364.8,100,0,0,6
2026-09-16T02:00:00Z,UPS-B2,HALL-B,it,283.77,300.05,18.9,19.9,362.4,100,0,0,6
2026-09-16T03:00:00Z,UPS-B2,HALL-B,it,249.19,264.39,16.6,18.9,344.3,100,0,0,6
2026-09-16T04:00:00Z,UPS-B2,HALL-B,it,274.6,290.58,18.3,19.9,363.2,100,0,0,6
2026-09-16T05:00:00Z,UPS-B2,HALL-B,it,252.08,267.39,16.8,17.2,313.7,100,0,0,6
2026-09-16T06:00:00Z,UPS-B2,HALL-B,it,259.51,275.06,17.3,22.6,412.7,100,0,0,6
2026-09-16T07:00:00Z,UPS-B2,HALL-B,it,328.33,345.98,21.9,22.7,413.2,100,0,0,6
2026-09-16T08:00:00Z,UPS-B2,HALL-B,it,295.71,312.37,19.7,22.6,412.6,100,0,0,6
2026-09-16T09:00:00Z,UPS-B2,HALL-B,it,321.45,338.9,21.4,22.7,413.2,100,0,0,6
2026-09-16T10:00:00Z,UPS-B2,HALL-B,it,319.37,336.75,21.3,22.7,413.2,100,0,0,6
2026-09-16T11:00:00Z,UPS-B2,HALL-B,it,291.64,308.17,19.4,19.8,362.3,100,0,0,6
2026-09-16T12:00:00Z,UPS-B2,HALL-B,it,296.32,313.0,19.7,22.6,412.6,100,0,0,6
2026-09-16T13:00:00Z,UPS-B2,HALL-B,it,284.36,300.64,19.0,20.0,363.7,100,0,0,6
2026-09-16T14:00:00Z,UPS-B2,HALL-B,it,319.42,336.77,21.3,22.7,415.1,100,0,0,6
2026-09-16T15:00:00Z,UPS-B2,HALL-B,it,319.52,336.89,21.3,22.8,415.6,100,0,0,6
2026-09-16T16:00:00Z,UPS-B2,HALL-B,it,331.27,349.03,22.1,22.8,416.7,100,0,0,6
2026-09-16T17:00:00Z,UPS-B2,HALL-B,it,310.69,327.81,20.7,22.8,416.7,100,0,0,6
2026-09-16T18:00:00Z,UPS-B2,HALL-B,it,258.14,273.64,17.2,20.0,364.9,100,0,0,6
2026-09-16T19:00:00Z,UPS-B2,HALL-B,it,317.99,335.33,21.2,22.6,413.0,100,0,0,6
2026-09-16T20:00:00Z,UPS-B2,HALL-B,it,330.72,348.45,22.0,22.6,412.7,100,0,0,6
2026-09-16T21:00:00Z,UPS-B2,HALL-B,it,330.54,348.26,22.0,22.6,413.0,100,0,0,6
2026-09-16T22:00:00Z,UPS-B2,HALL-B,it,330.57,348.3,22.0,22.7,413.1,100,0,0,6
2026-09-16T23:00:00Z,UPS-B2,HALL-B,it,285.34,301.68,19.0,22.7,413.0,100,0,0,6
2026-09-17T00:00:00Z,UPS-B2,HALL-B,it,280.21,296.38,18.7,19.9,362.6,100,0,0,6
2026-09-17T01:00:00Z,UPS-B2,HALL-B,it,290.38,306.86,19.4,19.9,362.5,100,0,0,6
2026-09-17T02:00:00Z,UPS-B2,HALL-B,it,264.51,280.2,17.6,19.9,362.4,100,0,0,6
2026-09-17T03:00:00Z,UPS-B2,HALL-B,it,253.99,269.35,16.9,17.2,314.6,100,0,0,6
2026-09-17T04:00:00Z,UPS-B2,HALL-B,it,238.89,253.8,15.9,17.2,314.8,100,0,0,6
2026-09-17T05:00:00Z,UPS-B2,HALL-B,it,308.63,325.69,20.6,22.8,415.2,100,0,0,6
2026-09-17T06:00:00Z,UPS-B2,HALL-B,it,306.86,323.86,20.5,22.8,415.3,100,0,0,6
2026-09-17T07:00:00Z,UPS-B2,HALL-B,it,331.13,348.87,22.1,23.1,420.5,100,0,0,6
2026-09-17T08:00:00Z,UPS-B2,HALL-B,it,334.94,352.81,22.3,23.1,420.8,100,0,0,6
2026-09-17T09:00:00Z,UPS-B2,HALL-B,it,293.81,310.41,19.6,23.0,419.9,100,0,0,6
2026-09-17T10:00:00Z,UPS-B2,HALL-B,it,326.88,344.49,21.8,23.1,420.5,100,0,0,6
2026-09-17T11:00:00Z,UPS-B2,HALL-B,it,335.35,353.22,22.3,23.1,420.2,100,0,0,6
2026-09-17T12:00:00Z,UPS-B2,HALL-B,it,334.79,352.64,22.3,23.1,420.4,100,0,0,6
2026-09-17T13:00:00Z,UPS-B2,HALL-B,it,334.77,352.62,22.3,23.1,420.6,100,0,0,6
2026-09-17T14:00:00Z,UPS-B2,HALL-B,it,283.78,300.06,18.9,23.1,420.3,100,0,0,6
2026-09-17T15:00:00Z,UPS-B2,HALL-B,it,276.09,292.13,18.4,20.3,369.5,100,0,0,6
2026-09-17T16:00:00Z,UPS-B2,HALL-B,it,304.95,321.89,20.3,23.1,420.2,100,0,0,6
2026-09-17T17:00:00Z,UPS-B2,HALL-B,it,336.56,354.47,22.4,23.1,420.5,100,0,0,6
2026-09-17T18:00:00Z,UPS-B2,HALL-B,it,333.09,350.9,22.2,23.1,420.5,100,0,0,6
2026-09-17T19:00:00Z,UPS-B2,HALL-B,it,297.42,314.13,19.8,23.0,420.2,100,0,0,6
2026-09-17T20:00:00Z,UPS-B2,HALL-B,it,326.77,344.38,21.8,23.1,420.5,100,0,0,6
2026-09-17T21:00:00Z,UPS-B2,HALL-B,it,338.08,356.04,22.5,23.1,420.8,100,0,0,6
2026-09-17T22:00:00Z,UPS-B2,HALL-B,it,333.46,351.28,22.2,23.1,420.6,100,0,0,6
2026-09-17T23:00:00Z,UPS-B2,HALL-B,it,337.83,355.79,22.5,23.1,420.4,100,0,0,6
2026-09-18T00:00:00Z,UPS-B2,HALL-B,it,301.27,318.1,20.1,23.0,420.3,100,0,0,6
2026-09-18T01:00:00Z,UPS-B2,HALL-B,it,318.08,335.42,21.2,23.1,420.5,100,0,0,6
2026-09-18T02:00:00Z,UPS-B2,HALL-B,it,335.43,353.31,22.3,23.1,420.9,100,0,0,6
2026-09-18T03:00:00Z,UPS-B2,HALL-B,it,338.04,356.01,22.5,23.1,420.3,100,0,0,6
2026-09-18T04:00:00Z,UPS-B2,HALL-B,it,335.92,353.81,22.4,23.1,420.5,100,0,0,6
2026-09-18T05:00:00Z,UPS-B2,HALL-B,it,280.53,296.71,18.7,23.0,420.1,100,0,0,6
2026-09-18T06:00:00Z,UPS-B2,HALL-B,it,330.0,347.72,22.0,23.0,420.6,100,0,0,6
2026-09-18T07:00:00Z,UPS-B2,HALL-B,it,335.91,353.81,22.4,23.0,420.6,100,0,0,6
2026-09-18T08:00:00Z,UPS-B2,HALL-B,it,337.34,355.29,22.5,23.0,420.2,100,0,0,6
2026-09-18T09:00:00Z,UPS-B2,HALL-B,it,335.93,353.83,22.4,23.0,420.5,100,0,0,6
2026-09-18T10:00:00Z,UPS-B2,HALL-B,it,240.95,255.9,16.1,23.0,420.3,100,0,0,6
2026-09-18T11:00:00Z,UPS-B2,HALL-B,it,292.79,309.36,19.5,20.3,369.3,100,0,0,6
2026-09-18T12:00:00Z,UPS-B2,HALL-B,it,298.67,315.41,19.9,20.3,369.3,100,0,0,6
2026-09-18T13:00:00Z,UPS-B2,HALL-B,it,295.84,312.49,19.7,20.3,369.4,100,0,0,6
2026-09-18T14:00:00Z,UPS-B2,HALL-B,it,290.63,307.12,19.4,20.2,369.5,100,0,0,6
2026-09-18T15:00:00Z,UPS-B2,HALL-B,it,259.52,275.08,17.3,20.0,364.8,100,0,0,6
2026-09-18T16:00:00Z,UPS-B2,HALL-B,it,299.38,316.15,20.0,22.8,415.0,100,0,0,6
2026-09-18T17:00:00Z,UPS-B2,HALL-B,it,325.48,343.06,21.7,22.8,415.1,100,0,0,6
2026-09-18T18:00:00Z,UPS-B2,HALL-B,it,331.62,349.41,22.1,22.8,415.2,100,0,0,6
2026-09-18T19:00:00Z,UPS-B2,HALL-B,it,297.72,314.44,19.8,22.8,415.2,100,0,0,6
2026-09-18T20:00:00Z,UPS-B2,HALL-B,it,290.38,306.86,19.3,20.0,366.1,100,0,0,6
2026-09-18T21:00:00Z,UPS-B2,HALL-B,it,291.45,307.96,19.4,20.0,365.8,100,0,0,6
2026-09-18T22:00:00Z,UPS-B2,HALL-B,it,293.01,309.58,19.5,20.0,366.2,100,0,0,6
2026-09-18T23:00:00Z,UPS-B2,HALL-B,it,290.35,306.84,19.3,20.0,365.6,100,0,0,6
2026-09-19T00:00:00Z,UPS-B2,HALL-B,it,321.24,338.67,21.4,22.8,414.6,100,0,0,6
2026-09-19T01:00:00Z,UPS-B2,HALL-B,it,327.68,345.31,21.8,22.8,415.0,100,0,0,6
2026-09-19T02:00:00Z,UPS-B2,HALL-B,it,328.57,346.22,21.9,22.8,415.2,100,0,0,6
2026-09-19T03:00:00Z,UPS-B2,HALL-B,it,328.59,346.25,21.9,22.8,415.3,100,0,0,6
2026-09-19T04:00:00Z,UPS-B2,HALL-B,it,330.12,347.81,22.0,22.8,414.8,100,0,0,6
2026-09-19T05:00:00Z,UPS-B2,HALL-B,it,318.4,335.74,21.2,22.8,415.0,100,0,0,6
2026-09-19T06:00:00Z,UPS-B2,HALL-B,it,320.21,337.61,21.3,22.8,415.3,100,0,0,6
2026-09-19T07:00:00Z,UPS-B2,HALL-B,it,331.71,349.47,22.1,22.8,415.0,100,0,0,6
2026-09-19T08:00:00Z,UPS-B2,HALL-B,it,326.02,343.59,21.7,22.8,414.9,100,0,0,6
2026-09-19T09:00:00Z,UPS-B2,HALL-B,it,326.97,344.57,21.8,22.8,415.2,100,0,0,6
2026-09-19T10:00:00Z,UPS-B2,HALL-B,it,330.5,348.22,22.0,22.8,415.5,100,0,0,6
2026-09-19T11:00:00Z,UPS-B2,HALL-B,it,330.1,347.81,22.0,22.8,415.5,100,0,0,6
2026-09-19T12:00:00Z,UPS-B2,HALL-B,it,328.49,346.14,21.9,22.8,415.1,100,0,0,6
2026-09-19T13:00:00Z,UPS-B2,HALL-B,it,331.01,348.74,22.0,22.8,415.1,100,0,0,6
2026-09-19T14:00:00Z,UPS-B2,HALL-B,it,330.07,347.77,22.0,22.8,415.2,100,0,0,6
2026-09-19T15:00:00Z,UPS-B2,HALL-B,it,328.52,346.18,21.9,22.8,415.1,100,0,0,6
2026-09-19T16:00:00Z,UPS-B2,HALL-B,it,326.01,343.58,21.7,22.8,415.1,100,0,0,6
2026-09-19T17:00:00Z,UPS-B2,HALL-B,it,332.54,350.31,22.1,22.8,415.1,100,0,0,6
2026-09-19T18:00:00Z,UPS-B2,HALL-B,it,320.33,337.74,21.3,22.8,415.2,100,0,0,6
2026-09-19T19:00:00Z,UPS-B2,HALL-B,it,315.38,332.64,21.0,23.0,420.2,100,0,0,6
2026-09-19T20:00:00Z,UPS-B2,HALL-B,it,335.09,352.96,22.3,23.1,420.7,100,0,0,6
2026-09-19T21:00:00Z,UPS-B2,HALL-B,it,334.67,352.52,22.3,23.1,420.4,100,0,0,6
2026-09-19T22:00:00Z,UPS-B2,HALL-B,it,335.31,353.18,22.3,23.1,420.3,100,0,0,6
2026-09-19T23:00:00Z,UPS-B2,HALL-B,it,336.71,354.63,22.4,23.1,420.6,100,0,0,6
2026-09-20T00:00:00Z,UPS-B2,HALL-B,it,334.05,351.89,22.2,23.1,420.5,100,0,0,6
2026-09-20T01:00:00Z,UPS-B2,HALL-B,it,333.49,351.31,22.2,23.1,420.7,100,0,0,6
2026-09-20T02:00:00Z,UPS-B2,HALL-B,it,325.82,343.4,21.7,23.1,420.1,100,0,0,6
2026-09-20T03:00:00Z,UPS-B2,HALL-B,it,339.7,357.72,22.6,23.0,420.7,100,0,0,6
2026-09-20T04:00:00Z,UPS-B2,HALL-B,it,336.98,354.91,22.4,23.1,420.2,100,0,0,6
2026-09-20T05:00:00Z,UPS-B2,HALL-B,it,279.46,295.61,18.6,23.0,419.8,100,0,0,6
2026-09-20T06:00:00Z,UPS-B2,HALL-B,it,309.59,326.68,20.7,23.0,419.1,100,0,0,6
2026-09-20T07:00:00Z,UPS-B2,HALL-B,it,331.23,349.0,22.1,23.0,419.7,100,0,0,6
2026-09-20T08:00:00Z,UPS-B2,HALL-B,it,332.27,350.07,22.2,23.0,419.3,100,0,0,6
2026-09-20T09:00:00Z,UPS-B2,HALL-B,it,332.27,350.07,22.2,23.0,419.3,100,0,0,6
2026-09-20T10:00:00Z,UPS-B2,HALL-B,it,332.25,350.05,22.2,23.0,419.6,100,0,0,6
2026-09-20T11:00:00Z,UPS-B2,HALL-B,it,329.55,347.27,22.0,23.0,419.3,100,0,0,6
2026-09-20T12:00:00Z,UPS-B2,HALL-B,it,322.73,340.23,21.5,23.0,419.4,100,0,0,6
2026-09-20T13:00:00Z,UPS-B2,HALL-B,it,327.79,345.44,21.9,23.0,419.6,100,0,0,6
2026-09-20T14:00:00Z,UPS-B2,HALL-B,it,335.92,353.83,22.4,23.0,419.5,100,0,0,6
2026-09-20T15:00:00Z,UPS-B2,HALL-B,it,322.51,340.0,21.5,23.0,419.6,100,0,0,6
2026-09-20T16:00:00Z,UPS-B2,HALL-B,it,317.25,334.58,21.2,22.8,416.0,100,0,0,6
2026-09-20T17:00:00Z,UPS-B2,HALL-B,it,326.19,343.79,21.8,22.8,416.2,100,0,0,6
2026-09-20T18:00:00Z,UPS-B2,HALL-B,it,328.19,345.86,21.9,23.0,419.0,100,0,0,6
2026-09-20T19:00:00Z,UPS-B2,HALL-B,it,327.1,344.74,21.8,23.0,418.9,100,0,0,6
2026-09-20T20:00:00Z,UPS-B2,HALL-B,it,325.75,343.34,21.7,23.0,419.2,100,0,0,6
2026-09-20T21:00:00Z,UPS-B2,HALL-B,it,333.07,350.89,22.2,23.0,418.9,100,0,0,6
2026-09-20T22:00:00Z,UPS-B2,HALL-B,it,334.22,352.08,22.3,23.0,419.3,100,0,0,6
2026-09-20T23:00:00Z,UPS-B2,HALL-B,it,336.7,354.64,22.5,23.0,419.1,100,0,0,6
2026-09-21T00:00:00Z,UPS-B2,HALL-B,it,332.67,350.49,22.2,23.0,419.3,100,0,0,6
2026-09-21T01:00:00Z,UPS-B2,HALL-B,it,330.33,348.08,22.0,23.0,419.4,100,0,0,6
2026-09-21T02:00:00Z,UPS-B2,HALL-B,it,324.19,341.71,21.6,22.9,418.2,100,0,0,6
2026-09-21T03:00:00Z,UPS-B2,HALL-B,it,333.43,351.23,22.2,22.9,418.3,100,0,0,6
2026-09-21T04:00:00Z,UPS-B2,HALL-B,it,333.39,351.19,22.2,22.9,418.2,100,0,0,6
2026-09-21T05:00:00Z,UPS-B2,HALL-B,it,334.32,352.14,22.3,22.9,418.2,100,0,0,6
2026-09-21T06:00:00Z,UPS-B2,HALL-B,it,333.41,351.2,22.2,22.9,418.1,100,0,0,6
2026-09-21T07:00:00Z,UPS-B2,HALL-B,it,333.44,351.24,22.2,22.9,418.4,100,0,0,6
2026-09-21T08:00:00Z,UPS-B2,HALL-B,it,329.76,347.45,22.0,22.9,418.3,100,0,0,6
2026-09-21T09:00:00Z,UPS-B2,HALL-B,it,321.85,339.32,21.5,23.0,419.2,100,0,0,6
2026-09-21T10:00:00Z,UPS-B2,HALL-B,it,334.88,352.76,22.3,23.0,419.5,100,0,0,6
2026-09-21T11:00:00Z,UPS-B2,HALL-B,it,335.6,353.5,22.4,23.0,419.4,100,0,0,6
2026-09-21T12:00:00Z,UPS-B2,HALL-B,it,321.32,338.78,21.4,23.0,419.1,100,0,0,6
2026-09-21T13:00:00Z,UPS-B2,HALL-B,it,270.46,286.32,18.0,20.1,366.4,100,0,0,6
2026-09-21T14:00:00Z,UPS-B2,HALL-B,it,290.22,306.69,19.4,20.1,366.5,100,0,0,6
2026-09-21T15:00:00Z,UPS-B2,HALL-B,it,275.87,291.9,18.4,20.3,369.9,100,0,0,6
2026-09-21T16:00:00Z,UPS-B2,HALL-B,it,305.77,322.72,20.4,22.9,417.7,100,0,0,6
2026-09-21T17:00:00Z,UPS-B2,HALL-B,it,320.79,338.19,21.4,22.9,418.2,100,0,0,6
2026-09-21T18:00:00Z,UPS-B2,HALL-B,it,300.24,316.99,20.0,21.3,388.4,100,0,0,6
2026-09-21T19:00:00Z,UPS-B2,HALL-B,it,308.3,325.32,20.6,22.9,418.2,100,0,0,6
2026-09-21T20:00:00Z,UPS-B2,HALL-B,it,303.1,319.96,20.2,22.8,415.0,100,0,0,6
2026-09-21T21:00:00Z,UPS-B2,HALL-B,it,334.8,352.64,22.3,22.8,414.6,100,0,0,6
2026-09-21T22:00:00Z,UPS-B2,HALL-B,it,321.42,338.86,21.4,22.8,415.2,100,0,0,6
2026-09-21T23:00:00Z,UPS-B2,HALL-B,it,334.5,352.36,22.3,22.8,415.1,100,0,0,6
2026-09-22T00:00:00Z,UPS-B2,HALL-B,it,333.0,350.8,22.2,22.8,414.8,100,0,0,6
2026-09-22T01:00:00Z,UPS-B2,HALL-B,it,330.53,348.26,22.0,22.8,415.0,100,0,0,6
2026-09-22T02:00:00Z,UPS-B2,HALL-B,it,315.88,333.16,21.1,22.8,415.1,100,0,0,6
2026-09-22T03:00:00Z,UPS-B2,HALL-B,it,326.73,344.32,21.8,22.9,418.2,100,0,0,6
2026-09-22T04:00:00Z,UPS-B2,HALL-B,it,326.98,344.58,21.8,23.1,421.0,100,0,0,6
2026-09-22T05:00:00Z,UPS-B2,HALL-B,it,335.58,353.45,22.4,23.1,421.4,100,0,0,6
2026-09-22T06:00:00Z,UPS-B2,HALL-B,it,336.91,354.82,22.5,23.1,421.1,100,0,0,6
2026-09-22T07:00:00Z,UPS-B2,HALL-B,it,336.15,354.04,22.4,23.1,421.1,100,0,0,6
2026-09-22T08:00:00Z,UPS-B2,HALL-B,it,323.08,340.56,21.6,23.1,421.1,100,0,0,6
2026-09-22T09:00:00Z,UPS-B2,HALL-B,it,333.57,351.38,22.3,23.1,421.1,100,0,0,6
2026-09-22T10:00:00Z,UPS-B2,HALL-B,it,322.9,340.38,21.5,23.0,418.7,100,0,0,6
2026-09-22T11:00:00Z,UPS-B2,HALL-B,it,332.49,350.25,22.2,23.0,419.4,100,0,0,6
2026-09-22T12:00:00Z,UPS-B2,HALL-B,it,337.06,354.96,22.5,23.0,418.7,100,0,0,6
2026-09-22T13:00:00Z,UPS-B2,HALL-B,it,310.81,327.92,20.7,23.0,418.8,100,0,0,6
2026-09-22T14:00:00Z,UPS-B2,HALL-B,it,295.74,312.36,19.7,20.3,371.6,100,0,0,6
2026-09-22T15:00:00Z,UPS-B2,HALL-B,it,297.95,314.64,19.8,20.3,371.6,100,0,0,6
2026-09-22T16:00:00Z,UPS-B2,HALL-B,it,296.63,313.28,19.7,20.3,371.2,100,0,0,6
2026-09-22T17:00:00Z,UPS-B2,HALL-B,it,296.7,313.36,19.8,20.3,371.4,100,0,0,6
2026-09-22T18:00:00Z,UPS-B2,HALL-B,it,312.51,329.68,20.8,23.0,419.3,100,0,0,6
2026-09-22T19:00:00Z,UPS-B2,HALL-B,it,333.58,351.43,22.3,23.0,419.6,100,0,0,6
2026-09-22T20:00:00Z,UPS-B2,HALL-B,it,334.21,352.08,22.3,23.0,419.3,100,0,0,6
2026-09-22T21:00:00Z,UPS-B2,HALL-B,it,334.83,352.71,22.3,23.0,419.5,100,0,0,6
2026-09-22T22:00:00Z,UPS-B2,HALL-B,it,333.59,351.43,22.2,23.0,419.4,100,0,0,6
2026-09-22T23:00:00Z,UPS-B2,HALL-B,it,337.62,355.58,22.5,23.0,419.7,100,0,0,6
2026-09-23T00:00:00Z,UPS-B2,HALL-B,it,295.75,312.4,19.7,20.8,379.4,100,0,0,6
2026-09-23T01:00:00Z,UPS-B2,HALL-B,it,293.81,310.4,19.6,21.1,383.8,100,0,0,6
2026-09-23T02:00:00Z,UPS-B2,HALL-B,it,331.92,349.68,22.1,22.9,417.3,100,0,0,6
2026-09-23T03:00:00Z,UPS-B2,HALL-B,it,297.86,314.59,19.8,22.9,417.5,100,0,0,6
2026-09-23T04:00:00Z,UPS-B2,HALL-B,it,296.32,313.0,19.7,20.2,369.5,100,0,0,6
2026-09-23T05:00:00Z,UPS-B2,HALL-B,it,295.99,312.66,19.7,20.2,369.7,100,0,0,6
2026-09-23T06:00:00Z,UPS-B2,HALL-B,it,294.1,310.7,19.6,20.2,369.4,100,0,0,6
2026-09-23T07:00:00Z,UPS-B2,HALL-B,it,287.71,304.12,19.2,20.2,369.4,100,0,0,6
2026-09-23T08:00:00Z,UPS-B2,HALL-B,it,320.54,337.95,21.4,22.9,417.3,100,0,0,6
2026-09-23T09:00:00Z,UPS-B2,HALL-B,it,331.87,349.62,22.1,22.9,417.2,100,0,0,6
2026-09-23T10:00:00Z,UPS-B2,HALL-B,it,332.06,349.83,22.2,22.9,417.6,100,0,0,6
2026-09-23T11:00:00Z,UPS-B2,HALL-B,it,316.73,334.02,21.1,22.9,417.5,100,0,0,6
2026-09-23T12:00:00Z,UPS-B2,HALL-B,it,300.26,317.05,20.0,22.9,417.3,100,0,0,6
2026-09-23T13:00:00Z,UPS-B2,HALL-B,it,276.79,292.85,18.5,20.1,366.9,100,0,0,6
2026-09-23T14:00:00Z,UPS-B2,HALL-B,it,297.51,314.19,19.8,22.6,412.7,100,0,0,6
2026-09-23T15:00:00Z,UPS-B2,HALL-B,it,329.68,347.37,22.0,22.7,413.6,100,0,0,6
2026-09-23T16:00:00Z,UPS-B2,HALL-B,it,312.81,329.98,20.9,22.7,413.5,100,0,0,6
2026-09-23T17:00:00Z,UPS-B2,HALL-B,it,325.31,342.88,21.7,22.6,412.2,100,0,0,6
2026-09-23T18:00:00Z,UPS-B2,HALL-B,it,314.23,331.46,21.0,22.6,412.1,100,0,0,6
2026-09-23T19:00:00Z,UPS-B2,HALL-B,it,325.89,343.48,21.7,22.6,412.6,100,0,0,6
2026-09-23T20:00:00Z,UPS-B2,HALL-B,it,328.91,346.6,21.9,22.6,412.5,100,0,0,6
2026-09-23T21:00:00Z,UPS-B2,HALL-B,it,331.86,349.65,22.1,22.6,412.1,100,0,0,6
2026-09-23T22:00:00Z,UPS-B2,HALL-B,it,329.76,347.48,22.0,22.6,412.1,100,0,0,6
2026-09-23T23:00:00Z,UPS-B2,HALL-B,it,326.88,344.5,21.8,22.6,412.4,100,0,0,6
2026-09-24T00:00:00Z,UPS-B2,HALL-B,it,331.34,349.11,22.1,22.6,412.2,100,0,0,6
2026-09-24T01:00:00Z,UPS-B2,HALL-B,it,312.99,330.17,20.9,22.6,412.1,100,0,0,6
2026-09-24T02:00:00Z,UPS-B2,HALL-B,it,329.11,346.79,21.9,22.9,416.9,100,0,0,6
2026-09-24T03:00:00Z,UPS-B2,HALL-B,it,332.24,350.02,22.1,22.9,416.8,100,0,0,6
2026-09-24T04:00:00Z,UPS-B2,HALL-B,it,333.89,351.73,22.2,22.9,416.8,100,0,0,6
2026-09-24T05:00:00Z,UPS-B2,HALL-B,it,330.36,348.09,22.0,22.9,417.1,100,0,0,6
2026-09-24T06:00:00Z,UPS-B2,HALL-B,it,315.71,332.98,21.0,22.9,416.8,100,0,0,6
2026-09-24T07:00:00Z,UPS-B2,HALL-B,it,334.33,352.18,22.3,22.9,417.3,100,0,0,6
2026-09-24T08:00:00Z,UPS-B2,HALL-B,it,331.13,348.89,22.1,22.9,417.1,100,0,0,6
2026-09-24T09:00:00Z,UPS-B2,HALL-B,it,332.86,350.66,22.2,22.9,416.9,100,0,0,6
2026-09-24T10:00:00Z,UPS-B2,HALL-B,it,331.69,349.46,22.1,22.9,417.2,100,0,0,6
2026-09-24T11:00:00Z,UPS-B2,HALL-B,it,332.35,350.13,22.1,22.9,416.7,100,0,0,6
2026-09-24T12:00:00Z,UPS-B2,HALL-B,it,307.01,324.01,20.5,22.9,417.0,100,0,0,6
2026-09-24T13:00:00Z,UPS-B2,HALL-B,it,327.14,344.77,21.8,22.8,416.7,100,0,0,6
2026-09-24T14:00:00Z,UPS-B2,HALL-B,it,332.99,350.8,22.2,22.8,416.3,100,0,0,6
2026-09-24T15:00:00Z,UPS-B2,HALL-B,it,330.07,347.8,22.0,22.8,416.5,100,0,0,6
2026-09-24T16:00:00Z,UPS-B2,HALL-B,it,330.56,348.3,22.0,22.8,416.4,100,0,0,6
2026-09-24T17:00:00Z,UPS-B2,HALL-B,it,332.15,349.94,22.1,22.8,416.5,100,0,0,6
2026-09-24T18:00:00Z,UPS-B2,HALL-B,it,307.74,324.77,20.5,22.8,416.4,100,0,0,6
2026-09-24T19:00:00Z,UPS-B2,HALL-B,it,291.9,308.42,19.5,20.1,366.4,100,0,0,6
2026-09-24T20:00:00Z,UPS-B2,HALL-B,it,289.3,305.75,19.3,20.1,366.3,100,0,0,6
2026-09-24T21:00:00Z,UPS-B2,HALL-B,it,293.49,310.05,19.6,20.1,366.5,99,0,13,6
2026-09-24T22:00:00Z,UPS-B2,HALL-B,it,288.97,305.39,19.3,20.1,366.8,100,0,0,6
2026-09-24T23:00:00Z,UPS-B2,HALL-B,it,296.95,313.63,19.8,22.9,416.7,100,0,0,6
2026-09-25T00:00:00Z,UPS-B2,HALL-B,it,331.1,348.84,22.1,22.9,417.1,100,0,0,6
2026-09-25T01:00:00Z,UPS-B2,HALL-B,it,332.16,349.93,22.1,22.9,417.3,100,0,0,6
2026-09-25T02:00:00Z,UPS-B2,HALL-B,it,333.23,351.04,22.2,22.9,416.9,100,0,0,6
2026-09-25T03:00:00Z,UPS-B2,HALL-B,it,335.83,353.72,22.4,22.9,417.4,100,0,0,6
2026-09-25T04:00:00Z,UPS-B2,HALL-B,it,318.54,335.9,21.2,22.9,416.9,100,0,0,6
2026-09-25T05:00:00Z,UPS-B2,HALL-B,it,335.99,353.88,22.4,22.9,417.3,100,0,0,6
2026-09-25T06:00:00Z,UPS-B2,HALL-B,it,335.06,352.92,22.3,22.9,417.3,100,0,0,6
2026-09-25T07:00:00Z,UPS-B2,HALL-B,it,304.96,321.88,20.3,22.9,416.7,100,0,0,6
2026-09-25T08:00:00Z,UPS-B2,HALL-B,it,295.77,312.39,19.7,20.1,367.8,100,0,0,6
2026-09-25T09:00:00Z,UPS-B2,HALL-B,it,295.07,311.67,19.7,20.1,367.5,100,0,0,6
2026-09-25T10:00:00Z,UPS-B2,HALL-B,it,290.27,306.72,19.3,20.1,367.5,100,0,0,6
2026-09-25T11:00:00Z,UPS-B2,HALL-B,it,317.44,334.76,21.2,22.8,416.4,100,0,0,6
2026-09-25T12:00:00Z,UPS-B2,HALL-B,it,333.42,351.24,22.2,22.8,416.6,100,0,0,6
2026-09-25T13:00:00Z,UPS-B2,HALL-B,it,332.5,350.29,22.2,22.8,416.3,100,0,0,6
2026-09-25T14:00:00Z,UPS-B2,HALL-B,it,331.25,349.0,22.1,22.8,416.8,100,0,0,6
2026-09-25T15:00:00Z,UPS-B2,HALL-B,it,323.35,340.86,21.5,22.9,416.6,100,0,0,6
2026-09-25T16:00:00Z,UPS-B2,HALL-B,it,307.66,324.68,20.5,22.8,417.0,100,0,0,6
2026-09-25T17:00:00Z,UPS-B2,HALL-B,it,288.97,305.41,19.3,20.1,366.0,100,0,0,6
2026-09-25T18:00:00Z,UPS-B2,HALL-B,it,273.77,289.72,18.2,19.9,362.2,100,0,0,6
2026-09-25T19:00:00Z,UPS-B2,HALL-B,it,289.33,305.77,19.3,20.6,376.4,100,0,0,6
2026-09-25T20:00:00Z,UPS-B2,HALL-B,it,325.17,342.73,21.7,22.4,409.1,100,0,0,6
2026-09-25T21:00:00Z,UPS-B2,HALL-B,it,327.24,344.87,21.8,22.4,409.1,100,0,0,6
2026-09-25T22:00:00Z,UPS-B2,HALL-B,it,319.79,337.19,21.3,22.6,411.5,100,0,0,6
2026-09-25T23:00:00Z,UPS-B2,HALL-B,it,311.65,328.81,20.8,22.6,411.7,100,0,0,6
2026-09-26T00:00:00Z,UPS-B2,HALL-B,it,330.43,348.15,22.0,22.8,416.6,100,0,0,6
2026-09-26T01:00:00Z,UPS-B2,HALL-B,it,330.16,347.88,22.0,22.9,417.0,100,0,0,6
2026-09-26T02:00:00Z,UPS-B2,HALL-B,it,317.18,334.49,21.1,22.8,416.8,100,0,0,6
2026-09-26T03:00:00Z,UPS-B2,HALL-B,it,285.47,301.8,19.0,22.8,416.7,100,0,0,6
2026-09-26T04:00:00Z,UPS-B2,HALL-B,it,288.69,305.11,19.3,19.9,362.5,100,0,0,6
2026-09-26T05:00:00Z,UPS-B2,HALL-B,it,288.88,305.3,19.3,19.9,362.3,100,0,0,6
2026-09-26T06:00:00Z,UPS-B2,HALL-B,it,285.95,302.29,19.1,19.9,362.5,100,0,0,6
2026-09-26T07:00:00Z,UPS-B2,HALL-B,it,283.35,299.6,18.9,19.9,362.0,100,0,0,6
2026-09-26T08:00:00Z,UPS-B2,HALL-B,it,311.36,328.48,20.8,22.7,413.6,100,0,0,6
2026-09-26T09:00:00Z,UPS-B2,HALL-B,it,333.21,351.01,22.2,22.9,417.5,100,0,0,6
2026-09-26T10:00:00Z,UPS-B2,HALL-B,it,333.25,351.06,22.2,22.9,417.3,100,0,0,6
2026-09-26T11:00:00Z,UPS-B2,HALL-B,it,334.22,352.05,22.3,22.9,417.6,100,0,0,6
2026-09-26T12:00:00Z,UPS-B2,HALL-B,it,334.27,352.1,22.3,22.9,417.0,100,0,0,6
2026-09-26T13:00:00Z,UPS-B2,HALL-B,it,334.44,352.28,22.3,22.9,417.8,100,0,0,6
2026-09-26T14:00:00Z,UPS-B2,HALL-B,it,334.32,352.15,22.3,22.9,417.3,100,0,0,6
2026-09-26T15:00:00Z,UPS-B2,HALL-B,it,336.5,354.4,22.5,22.9,417.4,100,0,0,6
2026-09-26T16:00:00Z,UPS-B2,HALL-B,it,334.46,352.3,22.3,22.9,417.6,100,0,0,6
2026-09-26T17:00:00Z,UPS-B2,HALL-B,it,330.22,347.93,22.0,22.9,417.2,100,0,0,6
2026-09-26T18:00:00Z,UPS-B2,HALL-B,it,336.96,354.88,22.5,22.9,417.1,100,0,0,6
2026-09-26T19:00:00Z,UPS-B2,HALL-B,it,334.42,352.25,22.3,22.9,417.2,100,0,0,6
2026-09-26T20:00:00Z,UPS-B2,HALL-B,it,323.1,340.61,21.5,22.9,416.7,100,0,0,6
2026-09-26T21:00:00Z,UPS-B2,HALL-B,it,334.63,352.51,22.3,22.8,415.8,100,0,0,6
2026-09-26T22:00:00Z,UPS-B2,HALL-B,it,330.54,348.29,22.1,22.8,415.6,100,0,0,6
2026-09-26T23:00:00Z,UPS-B2,HALL-B,it,332.41,350.21,22.2,22.8,415.7,100,0,0,6
2026-09-27T00:00:00Z,UPS-B2,HALL-B,it,331.26,349.03,22.1,22.8,415.7,100,0,0,6
2026-09-27T01:00:00Z,UPS-B2,HALL-B,it,335.26,353.16,22.4,22.8,415.4,100,0,0,6
2026-09-27T02:00:00Z,UPS-B2,HALL-B,it,331.87,349.66,22.1,22.8,415.6,100,0,0,6
2026-09-27T03:00:00Z,UPS-B2,HALL-B,it,330.02,347.75,22.0,22.8,415.9,100,0,0,6
2026-09-27T04:00:00Z,UPS-B2,HALL-B,it,333.38,351.23,22.2,22.8,415.6,100,0,0,6
2026-09-27T05:00:00Z,UPS-B2,HALL-B,it,333.64,351.49,22.3,22.8,415.4,100,0,0,6
2026-09-27T06:00:00Z,UPS-B2,HALL-B,it,331.25,349.02,22.1,22.8,415.7,100,0,0,6
2026-09-27T07:00:00Z,UPS-B2,HALL-B,it,334.07,351.93,22.3,22.8,415.3,100,0,0,6
2026-09-27T08:00:00Z,UPS-B2,HALL-B,it,331.6,349.38,22.1,22.8,415.5,100,0,0,6
2026-09-27T09:00:00Z,UPS-B2,HALL-B,it,332.41,350.22,22.2,22.8,415.9,100,0,0,6
2026-09-27T10:00:00Z,UPS-B2,HALL-B,it,313.68,330.88,20.9,22.9,417.2,100,0,0,6
2026-09-27T11:00:00Z,UPS-B2,HALL-B,it,314.68,331.91,21.0,22.7,414.0,100,0,0,6
2026-09-27T12:00:00Z,UPS-B2,HALL-B,it,328.64,346.3,21.9,22.7,413.8,100,0,0,6
2026-09-27T13:00:00Z,UPS-B2,HALL-B,it,329.97,347.67,22.0,22.7,413.8,100,0,0,6
2026-09-27T14:00:00Z,UPS-B2,HALL-B,it,331.5,349.24,22.1,22.7,413.9,100,0,0,6
2026-09-27T15:00:00Z,UPS-B2,HALL-B,it,331.73,349.48,22.1,22.7,414.1,100,0,0,6
2026-09-27T16:00:00Z,UPS-B2,HALL-B,it,320.21,337.62,21.3,22.8,415.3,100,0,0,6
2026-09-27T17:00:00Z,UPS-B2,HALL-B,it,333.45,351.29,22.2,22.8,415.3,100,0,0,6
2026-09-27T18:00:00Z,UPS-B2,HALL-B,it,333.54,351.37,22.2,22.8,415.4,100,0,0,6
2026-09-27T19:00:00Z,UPS-B2,HALL-B,it,305.08,322.03,20.3,22.8,415.1,100,0,0,6
2026-09-27T20:00:00Z,UPS-B2,HALL-B,it,292.15,308.7,19.5,20.0,365.5,100,0,0,6
2026-09-27T21:00:00Z,UPS-B2,HALL-B,it,294.2,310.82,19.6,20.0,365.6,100,0,0,6
2026-09-27T22:00:00Z,UPS-B2,HALL-B,it,293.21,309.79,19.5,20.0,365.4,100,0,0,6
2026-09-27T23:00:00Z,UPS-B2,HALL-B,it,292.68,309.25,19.5,20.0,365.6,100,0,0,6
2026-08-31T00:00:00Z,UPS-B3,HALL-B,it,0.0,7.5,0.0,0.0,0.0,100,0,0,6
2026-08-31T01:00:00Z,UPS-B3,HALL-B,it,0.0,7.5,0.0,0.0,0.0,100,0,0,6
2026-08-31T02:00:00Z,UPS-B3,HALL-B,it,0.0,7.5,0.0,0.0,0.0,100,0,0,6
2026-08-31T03:00:00Z,UPS-B3,HALL-B,it,0.0,7.5,0.0,0.0,0.0,100,0,0,6
2026-08-31T04:00:00Z,UPS-B3,HALL-B,it,0.0,7.5,0.0,0.0,0.0,100,0,0,6
2026-08-31T05:00:00Z,UPS-B3,HALL-B,it,0.0,7.5,0.0,0.0,0.0,100,0,0,6
2026-08-31T06:00:00Z,UPS-B3,HALL-B,it,0.0,7.5,0.0,0.0,0.0,100,0,0,6
2026-08-31T07:00:00Z,UPS-B3,HALL-B,it,0.0,7.5,0.0,0.0,0.0,100,0,0,6
2026-08-31T08:00:00Z,UPS-B3,HALL-B,it,0.0,7.5,0.0,0.0,0.0,100,0,0,6
2026-08-31T09:00:00Z,UPS-B3,HALL-B,it,0.0,7.5,0.0,0.0,0.0,100,0,0,6
2026-08-31T10:00:00Z,UPS-B3,HALL-B,it,0.0,7.5,0.0,0.0,0.0,100,0,0,6
2026-08-31T11:00:00Z,UPS-B3,HALL-B,it,0.0,7.5,0.0,0.0,0.0,100,0,0,6
2026-08-31T12:00:00Z,UPS-B3,HALL-B,it,0.0,7.5,0.0,0.0,0.0,100,0,0,6
2026-08-31T13:00:00Z,UPS-B3,HALL-B,it,0.0,7.5,0.0,0.0,0.0,100,0,0,6
2026-08-31T14:00:00Z,UPS-B3,HALL-B,it,0.0,7.5,0.0,0.0,0.0,100,0,0,6
2026-08-31T15:00:00Z,UPS-B3,HALL-B,it,0.0,7.5,0.0,0.0,0.0,100,0,0,6
2026-08-31T16:00:00Z,UPS-B3,HALL-B,it,0.0,7.5,0.0,0.0,0.0,100,0,0,6
2026-08-31T17:00:00Z,UPS-B3,HALL-B,it,0.0,7.5,0.0,0.0,0.0,100,0,0,6
2026-08-31T18:00:00Z,UPS-B3,HALL-B,it,0.0,7.5,0.0,0.0,0.0,100,0,0,6
2026-08-31T19:00:00Z,UPS-B3,HALL-B,it,0.0,7.5,0.0,0.0,0.0,100,0,0,6
2026-08-31T20:00:00Z,UPS-B3,HALL-B,it,0.0,7.5,0.0,0.0,0.0,100,0,0,6
2026-08-31T21:00:00Z,UPS-B3,HALL-B,it,0.0,7.5,0.0,0.0,0.0,100,0,0,6
2026-08-31T22:00:00Z,UPS-B3,HALL-B,it,0.0,7.5,0.0,0.0,0.0,100,0,0,6
2026-08-31T23:00:00Z,UPS-B3,HALL-B,it,0.0,7.5,0.0,0.0,0.0,100,0,0,6
2026-09-01T00:00:00Z,UPS-B3,HALL-B,it,0.0,7.5,0.0,0.0,0.0,100,0,0,6
2026-09-01T01:00:00Z,UPS-B3,HALL-B,it,0.0,7.5,0.0,0.0,0.0,100,0,0,6
2026-09-01T02:00:00Z,UPS-B3,HALL-B,it,0.0,7.5,0.0,0.0,0.0,100,0,0,6
2026-09-01T03:00:00Z,UPS-B3,HALL-B,it,0.0,7.5,0.0,0.0,0.0,100,0,0,6
2026-09-01T04:00:00Z,UPS-B3,HALL-B,it,0.0,7.5,0.0,0.0,0.0,100,0,0,6
2026-09-01T05:00:00Z,UPS-B3,HALL-B,it,0.0,7.5,0.0,0.0,0.0,100,0,0,6
2026-09-01T06:00:00Z,UPS-B3,HALL-B,it,0.0,7.5,0.0,0.0,0.0,100,0,0,6
2026-09-01T07:00:00Z,UPS-B3,HALL-B,it,0.0,7.5,0.0,0.0,0.0,100,0,0,6
2026-09-01T08:00:00Z,UPS-B3,HALL-B,it,0.0,7.5,0.0,0.0,0.0,100,0,0,6
2026-09-01T09:00:00Z,UPS-B3,HALL-B,it,0.0,7.5,0.0,0.0,0.0,100,0,0,6
2026-09-01T10:00:00Z,UPS-B3,HALL-B,it,0.0,7.5,0.0,0.0,0.0,100,0,0,6
2026-09-01T11:00:00Z,UPS-B3,HALL-B,it,0.0,7.5,0.0,0.0,0.0,100,0,0,6
2026-09-01T12:00:00Z,UPS-B3,HALL-B,it,0.0,7.5,0.0,0.0,0.0,100,0,0,6
2026-09-01T13:00:00Z,UPS-B3,HALL-B,it,0.0,7.5,0.0,0.0,0.0,100,0,0,6
2026-09-01T14:00:00Z,UPS-B3,HALL-B,it,0.0,7.5,0.0,0.0,0.0,100,0,0,6
2026-09-01T15:00:00Z,UPS-B3,HALL-B,it,0.0,7.5,0.0,0.0,0.0,100,0,0,6
2026-09-01T16:00:00Z,UPS-B3,HALL-B,it,0.0,7.5,0.0,0.0,0.0,100,0,0,6
2026-09-01T17:00:00Z,UPS-B3,HALL-B,it,0.0,7.5,0.0,0.0,0.0,100,0,0,6
2026-09-01T18:00:00Z,UPS-B3,HALL-B,it,0.0,7.5,0.0,0.0,0.0,100,0,0,6
2026-09-01T19:00:00Z,UPS-B3,HALL-B,it,0.0,7.5,0.0,0.0,0.0,100,0,0,6
2026-09-01T20:00:00Z,UPS-B3,HALL-B,it,0.0,7.5,0.0,0.0,0.0,100,0,0,6
2026-09-01T21:00:00Z,UPS-B3,HALL-B,it,0.0,7.5,0.0,0.0,0.0,100,0,0,6
2026-09-01T22:00:00Z,UPS-B3,HALL-B,it,0.0,7.5,0.0,0.0,0.0,100,0,0,6
2026-09-01T23:00:00Z,UPS-B3,HALL-B,it,0.0,7.5,0.0,0.0,0.0,100,0,0,6
2026-09-02T00:00:00Z,UPS-B3,HALL-B,it,0.0,7.5,0.0,0.0,0.0,100,0,0,6
2026-09-02T01:00:00Z,UPS-B3,HALL-B,it,0.0,7.5,0.0,0.0,0.0,100,0,0,6
2026-09-02T02:00:00Z,UPS-B3,HALL-B,it,0.0,7.5,0.0,0.0,0.0,100,0,0,6
2026-09-02T03:00:00Z,UPS-B3,HALL-B,it,0.0,7.5,0.0,0.0,0.0,100,0,0,6
2026-09-02T04:00:00Z,UPS-B3,HALL-B,it,0.0,7.5,0.0,0.0,0.0,100,0,0,6
2026-09-02T05:00:00Z,UPS-B3,HALL-B,it,0.0,7.5,0.0,0.0,0.0,100,0,0,6
2026-09-02T06:00:00Z,UPS-B3,HALL-B,it,0.0,7.5,0.0,0.0,0.0,100,0,0,6
2026-09-02T07:00:00Z,UPS-B3,HALL-B,it,0.0,7.5,0.0,0.0,0.0,100,0,0,6
2026-09-02T08:00:00Z,UPS-B3,HALL-B,it,0.0,7.5,0.0,0.0,0.0,100,0,0,6
2026-09-02T09:00:00Z,UPS-B3,HALL-B,it,0.0,7.5,0.0,0.0,0.0,100,0,0,6
2026-09-02T10:00:00Z,UPS-B3,HALL-B,it,0.0,7.5,0.0,0.0,0.0,100,0,0,6
2026-09-02T11:00:00Z,UPS-B3,HALL-B,it,0.0,7.5,0.0,0.0,0.0,100,0,0,6
2026-09-02T12:00:00Z,UPS-B3,HALL-B,it,0.0,7.5,0.0,0.0,0.0,100,0,0,6
2026-09-02T13:00:00Z,UPS-B3,HALL-B,it,0.0,7.5,0.0,0.0,0.0,100,0,0,6
2026-09-02T14:00:00Z,UPS-B3,HALL-B,it,0.0,7.5,0.0,0.0,0.0,100,0,0,6
2026-09-02T15:00:00Z,UPS-B3,HALL-B,it,0.0,7.5,0.0,0.0,0.0,100,0,0,6
2026-09-02T16:00:00Z,UPS-B3,HALL-B,it,0.0,7.5,0.0,0.0,0.0,100,0,0,6
2026-09-02T17:00:00Z,UPS-B3,HALL-B,it,0.0,7.5,0.0,0.0,0.0,100,0,0,6
2026-09-02T18:00:00Z,UPS-B3,HALL-B,it,0.0,7.5,0.0,0.0,0.0,100,0,0,6
2026-09-02T19:00:00Z,UPS-B3,HALL-B,it,0.0,7.5,0.0,0.0,0.0,100,0,0,6
2026-09-02T20:00:00Z,UPS-B3,HALL-B,it,0.0,7.5,0.0,0.0,0.0,100,0,0,6
2026-09-02T21:00:00Z,UPS-B3,HALL-B,it,0.0,7.5,0.0,0.0,0.0,100,0,0,6
2026-09-02T22:00:00Z,UPS-B3,HALL-B,it,0.0,7.5,0.0,0.0,0.0,100,0,0,6
2026-09-02T23:00:00Z,UPS-B3,HALL-B,it,0.0,7.5,0.0,0.0,0.0,100,0,0,6
2026-09-03T00:00:00Z,UPS-B3,HALL-B,it,0.0,7.5,0.0,0.0,0.0,100,0,0,6
2026-09-03T01:00:00Z,UPS-B3,HALL-B,it,0.0,7.5,0.0,0.0,0.0,100,0,0,6
2026-09-03T02:00:00Z,UPS-B3,HALL-B,it,0.0,7.5,0.0,0.0,0.0,100,0,0,6
2026-09-03T03:00:00Z,UPS-B3,HALL-B,it,0.0,7.5,0.0,0.0,0.0,100,0,0,6
2026-09-03T04:00:00Z,UPS-B3,HALL-B,it,0.0,7.5,0.0,0.0,0.0,100,0,0,6
2026-09-03T05:00:00Z,UPS-B3,HALL-B,it,0.0,7.5,0.0,0.0,0.0,100,0,0,6
2026-09-03T06:00:00Z,UPS-B3,HALL-B,it,0.0,7.5,0.0,0.0,0.0,100,0,0,6
2026-09-03T07:00:00Z,UPS-B3,HALL-B,it,0.0,7.5,0.0,0.0,0.0,100,0,0,6
2026-09-03T08:00:00Z,UPS-B3,HALL-B,it,0.0,7.5,0.0,0.0,0.0,100,0,0,6
2026-09-03T09:00:00Z,UPS-B3,HALL-B,it,0.0,7.5,0.0,0.0,0.0,100,0,0,6
2026-09-03T10:00:00Z,UPS-B3,HALL-B,it,0.0,7.5,0.0,0.0,0.0,100,0,0,6
2026-09-03T11:00:00Z,UPS-B3,HALL-B,it,0.0,7.5,0.0,0.0,0.0,100,0,0,6
2026-09-03T12:00:00Z,UPS-B3,HALL-B,it,0.0,7.5,0.0,0.0,0.0,100,0,0,6
2026-09-03T13:00:00Z,UPS-B3,HALL-B,it,0.0,7.5,0.0,0.0,0.0,100,0,0,6
2026-09-03T14:00:00Z,UPS-B3,HALL-B,it,0.0,7.5,0.0,0.0,0.0,100,0,0,6
2026-09-03T15:00:00Z,UPS-B3,HALL-B,it,0.0,7.5,0.0,0.0,0.0,100,0,0,6
2026-09-03T16:00:00Z,UPS-B3,HALL-B,it,0.0,7.5,0.0,0.0,0.0,100,0,0,6
2026-09-03T17:00:00Z,UPS-B3,HALL-B,it,0.0,7.5,0.0,0.0,0.0,100,0,0,6
2026-09-03T18:00:00Z,UPS-B3,HALL-B,it,0.0,7.5,0.0,0.0,0.0,100,0,0,6
2026-09-03T19:00:00Z,UPS-B3,HALL-B,it,0.0,7.5,0.0,0.0,0.0,100,0,0,6
2026-09-03T20:00:00Z,UPS-B3,HALL-B,it,0.0,7.5,0.0,0.0,0.0,100,0,0,6
2026-09-03T21:00:00Z,UPS-B3,HALL-B,it,0.0,7.5,0.0,0.0,0.0,100,0,0,6
2026-09-03T22:00:00Z,UPS-B3,HALL-B,it,0.0,7.5,0.0,0.0,0.0,100,0,0,6
2026-09-03T23:00:00Z,UPS-B3,HALL-B,it,0.0,7.5,0.0,0.0,0.0,100,0,0,6
2026-09-04T00:00:00Z,UPS-B3,HALL-B,it,0.0,7.5,0.0,0.0,0.0,100,0,0,6
2026-09-04T01:00:00Z,UPS-B3,HALL-B,it,0.0,7.5,0.0,0.0,0.0,100,0,0,6
2026-09-04T02:00:00Z,UPS-B3,HALL-B,it,0.0,7.5,0.0,0.0,0.0,100,0,0,6
2026-09-04T03:00:00Z,UPS-B3,HALL-B,it,0.0,7.5,0.0,0.0,0.0,100,0,0,6
2026-09-04T04:00:00Z,UPS-B3,HALL-B,it,0.0,7.5,0.0,0.0,0.0,100,0,0,6
2026-09-04T05:00:00Z,UPS-B3,HALL-B,it,0.0,7.5,0.0,0.0,0.0,100,0,0,6
2026-09-04T06:00:00Z,UPS-B3,HALL-B,it,0.0,7.5,0.0,0.0,0.0,100,0,0,6
2026-09-04T07:00:00Z,UPS-B3,HALL-B,it,0.0,7.5,0.0,0.0,0.0,100,0,0,6
2026-09-04T08:00:00Z,UPS-B3,HALL-B,it,0.0,7.5,0.0,0.0,0.0,100,0,0,6
2026-09-04T09:00:00Z,UPS-B3,HALL-B,it,0.0,7.5,0.0,0.0,0.0,100,0,0,6
2026-09-04T10:00:00Z,UPS-B3,HALL-B,it,0.0,7.5,0.0,0.0,0.0,100,0,0,6
2026-09-04T11:00:00Z,UPS-B3,HALL-B,it,0.0,7.5,0.0,0.0,0.0,100,0,0,6
2026-09-04T12:00:00Z,UPS-B3,HALL-B,it,0.0,7.5,0.0,0.0,0.0,100,0,0,6
2026-09-04T13:00:00Z,UPS-B3,HALL-B,it,0.0,7.5,0.0,0.0,0.0,100,0,0,6
2026-09-04T14:00:00Z,UPS-B3,HALL-B,it,0.0,7.5,0.0,0.0,0.0,100,0,0,6
2026-09-04T15:00:00Z,UPS-B3,HALL-B,it,0.0,7.5,0.0,0.0,0.0,100,0,0,6
2026-09-04T16:00:00Z,UPS-B3,HALL-B,it,0.0,7.5,0.0,0.0,0.0,100,0,0,6
2026-09-04T17:00:00Z,UPS-B3,HALL-B,it,0.0,7.5,0.0,0.0,0.0,100,0,0,6
2026-09-04T18:00:00Z,UPS-B3,HALL-B,it,0.0,7.5,0.0,0.0,0.0,100,0,0,6
2026-09-04T19:00:00Z,UPS-B3,HALL-B,it,0.0,7.5,0.0,0.0,0.0,100,0,0,6
2026-09-04T20:00:00Z,UPS-B3,HALL-B,it,0.0,7.5,0.0,0.0,0.0,100,0,0,6
2026-09-04T21:00:00Z,UPS-B3,HALL-B,it,0.0,7.5,0.0,0.0,0.0,100,0,0,6
2026-09-04T22:00:00Z,UPS-B3,HALL-B,it,0.0,7.5,0.0,0.0,0.0,100,0,0,6
2026-09-04T23:00:00Z,UPS-B3,HALL-B,it,0.0,7.5,0.0,0.0,0.0,100,0,0,6
2026-09-05T00:00:00Z,UPS-B3,HALL-B,it,0.0,7.5,0.0,0.0,0.0,100,0,0,6
2026-09-05T01:00:00Z,UPS-B3,HALL-B,it,0.0,7.5,0.0,0.0,0.0,100,0,0,6
2026-09-05T02:00:00Z,UPS-B3,HALL-B,it,0.0,7.5,0.0,0.0,0.0,100,0,0,6
2026-09-05T03:00:00Z,UPS-B3,HALL-B,it,0.0,7.5,0.0,0.0,0.0,100,0,0,6
2026-09-05T04:00:00Z,UPS-B3,HALL-B,it,0.0,7.5,0.0,0.0,0.0,100,0,0,6
2026-09-05T05:00:00Z,UPS-B3,HALL-B,it,0.0,7.5,0.0,0.0,0.0,100,0,0,6
2026-09-05T06:00:00Z,UPS-B3,HALL-B,it,0.0,7.5,0.0,0.0,0.0,100,0,0,6
2026-09-05T07:00:00Z,UPS-B3,HALL-B,it,0.0,7.5,0.0,0.0,0.0,100,0,0,6
2026-09-05T08:00:00Z,UPS-B3,HALL-B,it,0.0,7.5,0.0,0.0,0.0,100,0,0,6
2026-09-05T09:00:00Z,UPS-B3,HALL-B,it,0.0,7.5,0.0,0.0,0.0,100,0,0,6
2026-09-05T10:00:00Z,UPS-B3,HALL-B,it,0.0,7.5,0.0,0.0,0.0,100,0,0,6
2026-09-05T11:00:00Z,UPS-B3,HALL-B,it,0.0,7.5,0.0,0.0,0.0,100,0,0,6
2026-09-05T12:00:00Z,UPS-B3,HALL-B,it,0.0,7.5,0.0,0.0,0.0,100,0,0,6
2026-09-05T13:00:00Z,UPS-B3,HALL-B,it,0.0,7.5,0.0,0.0,0.0,100,0,0,6
2026-09-05T14:00:00Z,UPS-B3,HALL-B,it,0.0,7.5,0.0,0.0,0.0,100,0,0,6
2026-09-05T15:00:00Z,UPS-B3,HALL-B,it,0.0,7.5,0.0,0.0,0.0,100,0,0,6
2026-09-05T16:00:00Z,UPS-B3,HALL-B,it,0.0,7.5,0.0,0.0,0.0,100,0,0,6
2026-09-05T17:00:00Z,UPS-B3,HALL-B,it,0.0,7.5,0.0,0.0,0.0,100,0,0,6
2026-09-05T18:00:00Z,UPS-B3,HALL-B,it,0.0,7.5,0.0,0.0,0.0,100,0,0,6
2026-09-05T19:00:00Z,UPS-B3,HALL-B,it,0.0,7.5,0.0,0.0,0.0,100,0,0,6
2026-09-05T20:00:00Z,UPS-B3,HALL-B,it,0.0,7.5,0.0,0.0,0.0,100,0,0,6
2026-09-05T21:00:00Z,UPS-B3,HALL-B,it,0.0,7.5,0.0,0.0,0.0,100,0,0,6
2026-09-05T22:00:00Z,UPS-B3,HALL-B,it,0.0,7.5,0.0,0.0,0.0,100,0,0,6
2026-09-05T23:00:00Z,UPS-B3,HALL-B,it,0.0,7.5,0.0,0.0,0.0,100,0,0,6
2026-09-06T00:00:00Z,UPS-B3,HALL-B,it,0.0,7.5,0.0,0.0,0.0,100,0,0,6
2026-09-06T01:00:00Z,UPS-B3,HALL-B,it,0.0,7.5,0.0,0.0,0.0,100,0,0,6
2026-09-06T02:00:00Z,UPS-B3,HALL-B,it,0.0,7.5,0.0,0.0,0.0,100,0,0,6
2026-09-06T03:00:00Z,UPS-B3,HALL-B,it,0.0,7.5,0.0,0.0,0.0,100,0,0,6
2026-09-06T04:00:00Z,UPS-B3,HALL-B,it,0.0,7.5,0.0,0.0,0.0,100,0,0,6
2026-09-06T05:00:00Z,UPS-B3,HALL-B,it,0.0,7.5,0.0,0.0,0.0,100,0,0,6
2026-09-06T06:00:00Z,UPS-B3,HALL-B,it,0.0,7.5,0.0,0.0,0.0,100,0,0,6
2026-09-06T07:00:00Z,UPS-B3,HALL-B,it,0.0,7.5,0.0,0.0,0.0,100,0,0,6
2026-09-06T08:00:00Z,UPS-B3,HALL-B,it,0.0,7.5,0.0,0.0,0.0,100,0,0,6
2026-09-06T09:00:00Z,UPS-B3,HALL-B,it,0.0,7.5,0.0,0.0,0.0,100,0,0,6
2026-09-06T10:00:00Z,UPS-B3,HALL-B,it,0.0,7.5,0.0,0.0,0.0,100,0,0,6
2026-09-06T11:00:00Z,UPS-B3,HALL-B,it,0.0,7.5,0.0,0.0,0.0,100,0,0,6
2026-09-06T12:00:00Z,UPS-B3,HALL-B,it,0.0,7.5,0.0,0.0,0.0,100,0,0,6
2026-09-06T13:00:00Z,UPS-B3,HALL-B,it,0.0,7.5,0.0,0.0,0.0,100,0,0,6
2026-09-06T14:00:00Z,UPS-B3,HALL-B,it,0.0,7.5,0.0,0.0,0.0,100,0,0,6
2026-09-06T15:00:00Z,UPS-B3,HALL-B,it,0.0,7.5,0.0,0.0,0.0,100,0,0,6
2026-09-06T16:00:00Z,UPS-B3,HALL-B,it,0.0,7.5,0.0,0.0,0.0,100,0,0,6
2026-09-06T17:00:00Z,UPS-B3,HALL-B,it,0.0,7.5,0.0,0.0,0.0,100,0,0,6
2026-09-06T18:00:00Z,UPS-B3,HALL-B,it,0.0,7.5,0.0,0.0,0.0,100,0,0,6
2026-09-06T19:00:00Z,UPS-B3,HALL-B,it,0.0,7.5,0.0,0.0,0.0,100,0,0,6
2026-09-06T20:00:00Z,UPS-B3,HALL-B,it,0.0,7.5,0.0,0.0,0.0,100,0,0,6
2026-09-06T21:00:00Z,UPS-B3,HALL-B,it,0.0,7.5,0.0,0.0,0.0,100,0,0,6
2026-09-06T22:00:00Z,UPS-B3,HALL-B,it,0.0,7.5,0.0,0.0,0.0,100,0,0,6
2026-09-06T23:00:00Z,UPS-B3,HALL-B,it,0.0,7.5,0.0,0.0,0.0,100,0,0,6
2026-09-07T00:00:00Z,UPS-B3,HALL-B,it,0.0,7.5,0.0,0.0,0.0,100,0,0,6
2026-09-07T01:00:00Z,UPS-B3,HALL-B,it,0.0,7.5,0.0,0.0,0.0,100,0,0,6
2026-09-07T02:00:00Z,UPS-B3,HALL-B,it,0.0,7.5,0.0,0.0,0.0,100,0,0,6
2026-09-07T03:00:00Z,UPS-B3,HALL-B,it,0.0,7.5,0.0,0.0,0.0,100,0,0,6
2026-09-07T04:00:00Z,UPS-B3,HALL-B,it,0.0,7.5,0.0,0.0,0.0,100,0,0,6
2026-09-07T05:00:00Z,UPS-B3,HALL-B,it,0.0,7.5,0.0,0.0,0.0,100,0,0,6
2026-09-07T06:00:00Z,UPS-B3,HALL-B,it,0.0,7.5,0.0,0.0,0.0,100,0,0,6
2026-09-07T07:00:00Z,UPS-B3,HALL-B,it,0.0,7.5,0.0,0.0,0.0,100,0,0,6
2026-09-07T08:00:00Z,UPS-B3,HALL-B,it,0.0,7.5,0.0,0.0,0.0,100,0,0,6
2026-09-07T09:00:00Z,UPS-B3,HALL-B,it,0.0,7.5,0.0,0.0,0.0,100,0,0,6
2026-09-07T10:00:00Z,UPS-B3,HALL-B,it,0.0,7.5,0.0,0.0,0.0,100,0,0,6
2026-09-07T11:00:00Z,UPS-B3,HALL-B,it,0.0,7.5,0.0,0.0,0.0,100,0,0,6
2026-09-07T12:00:00Z,UPS-B3,HALL-B,it,0.0,7.5,0.0,0.0,0.0,100,0,0,6
2026-09-07T13:00:00Z,UPS-B3,HALL-B,it,0.0,7.5,0.0,0.0,0.0,100,0,0,6
2026-09-07T14:00:00Z,UPS-B3,HALL-B,it,0.0,7.5,0.0,0.0,0.0,100,0,0,6
2026-09-07T15:00:00Z,UPS-B3,HALL-B,it,0.0,7.5,0.0,0.0,0.0,100,0,0,6
2026-09-07T16:00:00Z,UPS-B3,HALL-B,it,0.0,7.5,0.0,0.0,0.0,100,0,0,6
2026-09-07T17:00:00Z,UPS-B3,HALL-B,it,0.0,7.5,0.0,0.0,0.0,100,0,0,6
2026-09-07T18:00:00Z,UPS-B3,HALL-B,it,0.0,7.5,0.0,0.0,0.0,100,0,0,6
2026-09-07T19:00:00Z,UPS-B3,HALL-B,it,0.0,7.5,0.0,0.0,0.0,100,0,0,6
2026-09-07T20:00:00Z,UPS-B3,HALL-B,it,0.0,7.5,0.0,0.0,0.0,100,0,0,6
2026-09-07T21:00:00Z,UPS-B3,HALL-B,it,0.0,7.5,0.0,0.0,0.0,100,0,0,6
2026-09-07T22:00:00Z,UPS-B3,HALL-B,it,0.0,7.5,0.0,0.0,0.0,100,0,0,6
2026-09-07T23:00:00Z,UPS-B3,HALL-B,it,0.0,7.5,0.0,0.0,0.0,100,0,0,6
2026-09-08T00:00:00Z,UPS-B3,HALL-B,it,0.0,7.5,0.0,0.0,0.0,100,0,0,6
2026-09-08T01:00:00Z,UPS-B3,HALL-B,it,0.0,7.5,0.0,0.0,0.0,100,0,0,6
2026-09-08T02:00:00Z,UPS-B3,HALL-B,it,0.0,7.5,0.0,0.0,0.0,100,0,0,6
2026-09-08T03:00:00Z,UPS-B3,HALL-B,it,0.0,7.5,0.0,0.0,0.0,100,0,0,6
2026-09-08T04:00:00Z,UPS-B3,HALL-B,it,0.0,7.5,0.0,0.0,0.0,100,0,0,6
2026-09-08T05:00:00Z,UPS-B3,HALL-B,it,0.0,7.5,0.0,0.0,0.0,100,0,0,6
2026-09-08T06:00:00Z,UPS-B3,HALL-B,it,0.0,7.5,0.0,0.0,0.0,100,0,0,6
2026-09-08T07:00:00Z,UPS-B3,HALL-B,it,0.0,7.5,0.0,0.0,0.0,100,0,0,6
2026-09-08T08:00:00Z,UPS-B3,HALL-B,it,0.0,7.5,0.0,0.0,0.0,100,0,0,6
2026-09-08T09:00:00Z,UPS-B3,HALL-B,it,0.0,7.5,0.0,0.0,0.0,100,0,0,6
2026-09-08T10:00:00Z,UPS-B3,HALL-B,it,0.0,7.5,0.0,0.0,0.0,100,0,0,6
2026-09-08T11:00:00Z,UPS-B3,HALL-B,it,0.0,7.5,0.0,0.0,0.0,100,0,0,6
2026-09-08T12:00:00Z,UPS-B3,HALL-B,it,0.0,7.5,0.0,0.0,0.0,100,0,0,6
2026-09-08T13:00:00Z,UPS-B3,HALL-B,it,0.0,7.5,0.0,0.0,0.0,100,0,0,6
2026-09-08T14:00:00Z,UPS-B3,HALL-B,it,0.0,7.5,0.0,0.0,0.0,100,0,0,6
2026-09-08T15:00:00Z,UPS-B3,HALL-B,it,0.0,7.5,0.0,0.0,0.0,100,0,0,6
2026-09-08T16:00:00Z,UPS-B3,HALL-B,it,0.0,7.5,0.0,0.0,0.0,100,0,0,6
2026-09-08T17:00:00Z,UPS-B3,HALL-B,it,0.0,7.5,0.0,0.0,0.0,100,0,0,6
2026-09-08T18:00:00Z,UPS-B3,HALL-B,it,0.0,7.5,0.0,0.0,0.0,100,0,0,6
2026-09-08T19:00:00Z,UPS-B3,HALL-B,it,0.0,7.5,0.0,0.0,0.0,100,0,0,6
2026-09-08T20:00:00Z,UPS-B3,HALL-B,it,0.0,7.5,0.0,0.0,0.0,100,0,0,6
2026-09-08T21:00:00Z,UPS-B3,HALL-B,it,0.0,7.5,0.0,0.0,0.0,100,0,0,6
2026-09-08T22:00:00Z,UPS-B3,HALL-B,it,0.0,7.5,0.0,0.0,0.0,100,0,0,6
2026-09-08T23:00:00Z,UPS-B3,HALL-B,it,0.0,7.5,0.0,0.0,0.0,100,0,0,6
2026-09-09T00:00:00Z,UPS-B3,HALL-B,it,0.0,7.5,0.0,0.0,0.0,100,0,0,6
2026-09-09T01:00:00Z,UPS-B3,HALL-B,it,0.0,7.5,0.0,0.0,0.0,100,0,0,6
2026-09-09T02:00:00Z,UPS-B3,HALL-B,it,0.0,7.5,0.0,0.0,0.0,100,0,0,6
2026-09-09T03:00:00Z,UPS-B3,HALL-B,it,0.0,7.5,0.0,0.0,0.0,100,0,0,6
2026-09-09T04:00:00Z,UPS-B3,HALL-B,it,0.0,7.5,0.0,0.0,0.0,100,0,0,6
2026-09-09T05:00:00Z,UPS-B3,HALL-B,it,0.0,7.5,0.0,0.0,0.0,100,0,0,6
2026-09-09T06:00:00Z,UPS-B3,HALL-B,it,0.0,7.5,0.0,0.0,0.0,100,0,0,6
2026-09-09T07:00:00Z,UPS-B3,HALL-B,it,0.0,7.5,0.0,0.0,0.0,100,0,0,6
2026-09-09T08:00:00Z,UPS-B3,HALL-B,it,0.0,7.5,0.0,0.0,0.0,100,0,0,6
2026-09-09T09:00:00Z,UPS-B3,HALL-B,it,0.0,7.5,0.0,0.0,0.0,100,0,0,6
2026-09-09T10:00:00Z,UPS-B3,HALL-B,it,0.0,7.5,0.0,0.0,0.0,100,0,0,6
2026-09-09T11:00:00Z,UPS-B3,HALL-B,it,0.0,7.5,0.0,0.0,0.0,100,0,0,6
2026-09-09T12:00:00Z,UPS-B3,HALL-B,it,0.0,7.5,0.0,0.0,0.0,100,0,0,6
2026-09-09T13:00:00Z,UPS-B3,HALL-B,it,0.0,7.5,0.0,0.0,0.0,100,0,0,6
2026-09-09T14:00:00Z,UPS-B3,HALL-B,it,0.0,7.5,0.0,0.0,0.0,100,0,0,6
2026-09-09T15:00:00Z,UPS-B3,HALL-B,it,0.0,7.5,0.0,0.0,0.0,100,0,0,6
2026-09-09T16:00:00Z,UPS-B3,HALL-B,it,0.0,7.5,0.0,0.0,0.0,100,0,0,6
2026-09-09T17:00:00Z,UPS-B3,HALL-B,it,0.0,7.5,0.0,0.0,0.0,100,0,0,6
2026-09-09T18:00:00Z,UPS-B3,HALL-B,it,0.0,7.5,0.0,0.0,0.0,100,0,0,6
2026-09-09T19:00:00Z,UPS-B3,HALL-B,it,0.0,7.5,0.0,0.0,0.0,100,0,0,6
2026-09-09T20:00:00Z,UPS-B3,HALL-B,it,0.0,7.5,0.0,0.0,0.0,100,0,0,6
2026-09-09T21:00:00Z,UPS-B3,HALL-B,it,0.0,7.5,0.0,0.0,0.0,100,0,0,6
2026-09-09T22:00:00Z,UPS-B3,HALL-B,it,0.0,7.5,0.0,0.0,0.0,100,0,0,6
2026-09-09T23:00:00Z,UPS-B3,HALL-B,it,0.0,7.5,0.0,0.0,0.0,100,0,0,6
2026-09-10T00:00:00Z,UPS-B3,HALL-B,it,0.0,7.5,0.0,0.0,0.0,100,0,0,6
2026-09-10T01:00:00Z,UPS-B3,HALL-B,it,0.0,7.5,0.0,0.0,0.0,100,0,0,6
2026-09-10T02:00:00Z,UPS-B3,HALL-B,it,0.0,7.5,0.0,0.0,0.0,100,0,0,6
2026-09-10T03:00:00Z,UPS-B3,HALL-B,it,0.0,7.5,0.0,0.0,0.0,100,0,0,6
2026-09-10T04:00:00Z,UPS-B3,HALL-B,it,0.0,7.5,0.0,0.0,0.0,100,0,0,6
2026-09-10T05:00:00Z,UPS-B3,HALL-B,it,0.0,7.5,0.0,0.0,0.0,100,0,0,6
2026-09-10T06:00:00Z,UPS-B3,HALL-B,it,0.0,7.5,0.0,0.0,0.0,100,0,0,6
2026-09-10T07:00:00Z,UPS-B3,HALL-B,it,0.0,7.5,0.0,0.0,0.0,100,0,0,6
2026-09-10T08:00:00Z,UPS-B3,HALL-B,it,0.0,7.5,0.0,0.0,0.0,100,0,0,6
2026-09-10T09:00:00Z,UPS-B3,HALL-B,it,0.0,7.5,0.0,0.0,0.0,100,0,0,6
2026-09-10T10:00:00Z,UPS-B3,HALL-B,it,0.0,7.5,0.0,0.0,0.0,100,0,0,6
2026-09-10T11:00:00Z,UPS-B3,HALL-B,it,0.0,7.5,0.0,0.0,0.0,100,0,0,6
2026-09-10T12:00:00Z,UPS-B3,HALL-B,it,0.0,7.5,0.0,0.0,0.0,100,0,0,6
2026-09-10T13:00:00Z,UPS-B3,HALL-B,it,0.0,7.5,0.0,0.0,0.0,100,0,0,6
2026-09-10T14:00:00Z,UPS-B3,HALL-B,it,0.0,7.5,0.0,0.0,0.0,100,0,0,6
2026-09-10T15:00:00Z,UPS-B3,HALL-B,it,0.0,7.5,0.0,0.0,0.0,100,0,0,6
2026-09-10T16:00:00Z,UPS-B3,HALL-B,it,0.0,7.5,0.0,0.0,0.0,100,0,0,6
2026-09-10T17:00:00Z,UPS-B3,HALL-B,it,0.0,7.5,0.0,0.0,0.0,100,0,0,6
2026-09-10T18:00:00Z,UPS-B3,HALL-B,it,0.0,7.5,0.0,0.0,0.0,100,0,0,6
2026-09-10T19:00:00Z,UPS-B3,HALL-B,it,0.0,7.5,0.0,0.0,0.0,100,0,0,6
2026-09-10T20:00:00Z,UPS-B3,HALL-B,it,0.0,7.5,0.0,0.0,0.0,100,0,0,6
2026-09-10T21:00:00Z,UPS-B3,HALL-B,it,0.0,7.5,0.0,0.0,0.0,100,0,0,6
2026-09-10T22:00:00Z,UPS-B3,HALL-B,it,0.0,7.5,0.0,0.0,0.0,100,0,0,6
2026-09-10T23:00:00Z,UPS-B3,HALL-B,it,0.0,7.5,0.0,0.0,0.0,100,0,0,6
2026-09-11T00:00:00Z,UPS-B3,HALL-B,it,0.0,7.5,0.0,0.0,0.0,100,0,0,6
2026-09-11T01:00:00Z,UPS-B3,HALL-B,it,0.0,7.5,0.0,0.0,0.0,100,0,0,6
2026-09-11T02:00:00Z,UPS-B3,HALL-B,it,0.0,7.5,0.0,0.0,0.0,100,0,0,6
2026-09-11T03:00:00Z,UPS-B3,HALL-B,it,0.0,7.5,0.0,0.0,0.0,100,0,0,6
2026-09-11T04:00:00Z,UPS-B3,HALL-B,it,0.0,7.5,0.0,0.0,0.0,100,0,0,6
2026-09-11T05:00:00Z,UPS-B3,HALL-B,it,0.0,7.5,0.0,0.0,0.0,100,0,0,6
2026-09-11T06:00:00Z,UPS-B3,HALL-B,it,0.0,7.5,0.0,0.0,0.0,100,0,0,6
2026-09-11T07:00:00Z,UPS-B3,HALL-B,it,0.0,7.5,0.0,0.0,0.0,100,0,0,6
2026-09-11T08:00:00Z,UPS-B3,HALL-B,it,0.0,7.5,0.0,0.0,0.0,100,0,0,6
2026-09-11T09:00:00Z,UPS-B3,HALL-B,it,0.0,7.5,0.0,0.0,0.0,100,0,0,6
2026-09-11T10:00:00Z,UPS-B3,HALL-B,it,0.0,7.5,0.0,0.0,0.0,100,0,0,6
2026-09-11T11:00:00Z,UPS-B3,HALL-B,it,0.0,7.5,0.0,0.0,0.0,100,0,0,6
2026-09-11T12:00:00Z,UPS-B3,HALL-B,it,0.0,7.5,0.0,0.0,0.0,100,0,0,6
2026-09-11T13:00:00Z,UPS-B3,HALL-B,it,0.0,7.5,0.0,0.0,0.0,100,0,0,6
2026-09-11T14:00:00Z,UPS-B3,HALL-B,it,0.0,7.5,0.0,0.0,0.0,100,0,0,6
2026-09-11T15:00:00Z,UPS-B3,HALL-B,it,0.0,7.5,0.0,0.0,0.0,100,0,0,6
2026-09-11T16:00:00Z,UPS-B3,HALL-B,it,0.0,7.5,0.0,0.0,0.0,100,0,0,6
2026-09-11T17:00:00Z,UPS-B3,HALL-B,it,0.0,7.5,0.0,0.0,0.0,100,0,0,6
2026-09-11T18:00:00Z,UPS-B3,HALL-B,it,0.0,7.5,0.0,0.0,0.0,100,0,0,6
2026-09-11T19:00:00Z,UPS-B3,HALL-B,it,0.0,7.5,0.0,0.0,0.0,100,0,0,6
2026-09-11T20:00:00Z,UPS-B3,HALL-B,it,0.0,7.5,0.0,0.0,0.0,100,0,0,6
2026-09-11T21:00:00Z,UPS-B3,HALL-B,it,0.0,7.5,0.0,0.0,0.0,100,0,0,6
2026-09-11T22:00:00Z,UPS-B3,HALL-B,it,0.0,7.5,0.0,0.0,0.0,100,0,0,6
2026-09-11T23:00:00Z,UPS-B3,HALL-B,it,0.0,7.5,0.0,0.0,0.0,100,0,0,6
2026-09-12T00:00:00Z,UPS-B3,HALL-B,it,0.0,7.5,0.0,0.0,0.0,100,0,0,6
2026-09-12T01:00:00Z,UPS-B3,HALL-B,it,0.0,7.5,0.0,0.0,0.0,100,0,0,6
2026-09-12T02:00:00Z,UPS-B3,HALL-B,it,0.0,7.5,0.0,0.0,0.0,100,0,0,6
2026-09-12T03:00:00Z,UPS-B3,HALL-B,it,0.0,7.5,0.0,0.0,0.0,100,0,0,6
2026-09-12T04:00:00Z,UPS-B3,HALL-B,it,0.0,7.5,0.0,0.0,0.0,100,0,0,6
2026-09-12T05:00:00Z,UPS-B3,HALL-B,it,0.0,7.5,0.0,0.0,0.0,100,0,0,6
2026-09-12T06:00:00Z,UPS-B3,HALL-B,it,0.0,7.5,0.0,0.0,0.0,100,0,0,6
2026-09-12T07:00:00Z,UPS-B3,HALL-B,it,0.0,7.5,0.0,0.0,0.0,100,0,0,6
2026-09-12T08:00:00Z,UPS-B3,HALL-B,it,0.0,7.5,0.0,0.0,0.0,100,0,0,6
2026-09-12T09:00:00Z,UPS-B3,HALL-B,it,0.0,7.5,0.0,0.0,0.0,100,0,0,6
2026-09-12T10:00:00Z,UPS-B3,HALL-B,it,0.0,7.5,0.0,0.0,0.0,100,0,0,6
2026-09-12T11:00:00Z,UPS-B3,HALL-B,it,0.0,7.5,0.0,0.0,0.0,100,0,0,6
2026-09-12T12:00:00Z,UPS-B3,HALL-B,it,0.0,7.5,0.0,0.0,0.0,100,0,0,6
2026-09-12T13:00:00Z,UPS-B3,HALL-B,it,0.0,7.5,0.0,0.0,0.0,100,0,0,6
2026-09-12T14:00:00Z,UPS-B3,HALL-B,it,0.0,7.5,0.0,0.0,0.0,100,0,0,6
2026-09-12T15:00:00Z,UPS-B3,HALL-B,it,0.0,7.5,0.0,0.0,0.0,100,0,0,6
2026-09-12T16:00:00Z,UPS-B3,HALL-B,it,0.0,7.5,0.0,0.0,0.0,100,0,0,6
2026-09-12T17:00:00Z,UPS-B3,HALL-B,it,0.0,7.5,0.0,0.0,0.0,100,0,0,6
2026-09-12T18:00:00Z,UPS-B3,HALL-B,it,0.0,7.5,0.0,0.0,0.0,100,0,0,6
2026-09-12T19:00:00Z,UPS-B3,HALL-B,it,0.0,7.5,0.0,0.0,0.0,100,0,0,6
2026-09-12T20:00:00Z,UPS-B3,HALL-B,it,0.0,7.5,0.0,0.0,0.0,100,0,0,6
2026-09-12T21:00:00Z,UPS-B3,HALL-B,it,0.0,7.5,0.0,0.0,0.0,100,0,0,6
2026-09-12T22:00:00Z,UPS-B3,HALL-B,it,0.0,7.5,0.0,0.0,0.0,100,0,0,6
2026-09-12T23:00:00Z,UPS-B3,HALL-B,it,0.0,7.5,0.0,0.0,0.0,100,0,0,6
2026-09-13T00:00:00Z,UPS-B3,HALL-B,it,0.0,7.5,0.0,0.0,0.0,100,0,0,6
2026-09-13T01:00:00Z,UPS-B3,HALL-B,it,0.0,7.5,0.0,0.0,0.0,100,0,0,6
2026-09-13T02:00:00Z,UPS-B3,HALL-B,it,0.0,7.5,0.0,0.0,0.0,100,0,0,6
2026-09-13T03:00:00Z,UPS-B3,HALL-B,it,0.0,7.5,0.0,0.0,0.0,100,0,0,6
2026-09-13T04:00:00Z,UPS-B3,HALL-B,it,0.0,7.5,0.0,0.0,0.0,100,0,0,6
2026-09-13T05:00:00Z,UPS-B3,HALL-B,it,0.0,7.5,0.0,0.0,0.0,100,0,0,6
2026-09-13T06:00:00Z,UPS-B3,HALL-B,it,0.0,7.5,0.0,0.0,0.0,100,0,0,6
2026-09-13T07:00:00Z,UPS-B3,HALL-B,it,0.0,7.5,0.0,0.0,0.0,100,0,0,6
2026-09-13T08:00:00Z,UPS-B3,HALL-B,it,0.0,7.5,0.0,0.0,0.0,100,0,0,6
2026-09-13T09:00:00Z,UPS-B3,HALL-B,it,10.65,18.48,0.7,3.9,71.5,100,0,0,6
2026-09-13T10:00:00Z,UPS-B3,HALL-B,it,58.1,67.4,3.9,3.9,71.5,100,0,0,6
2026-09-13T11:00:00Z,UPS-B3,HALL-B,it,58.1,67.4,3.9,3.9,71.5,100,0,0,6
2026-09-13T12:00:00Z,UPS-B3,HALL-B,it,58.1,67.4,3.9,3.9,71.5,100,0,0,6
2026-09-13T13:00:00Z,UPS-B3,HALL-B,it,50.39,59.45,3.4,3.9,71.5,100,0,0,6
2026-09-13T14:00:00Z,UPS-B3,HALL-B,it,23.75,31.99,1.6,3.9,71.4,100,0,0,6
2026-09-13T15:00:00Z,UPS-B3,HALL-B,it,58.1,67.4,3.9,3.9,71.6,100,0,0,6
2026-09-13T16:00:00Z,UPS-B3,HALL-B,it,58.1,67.4,3.9,3.9,71.5,100,0,0,6
2026-09-13T17:00:00Z,UPS-B3,HALL-B,it,58.1,67.4,3.9,3.9,71.5,100,0,0,6
2026-09-13T18:00:00Z,UPS-B3,HALL-B,it,50.39,59.45,3.4,3.9,71.5,100,0,0,6
2026-09-13T19:00:00Z,UPS-B3,HALL-B,it,23.77,32.01,1.6,3.9,71.5,100,0,0,6
2026-09-13T20:00:00Z,UPS-B3,HALL-B,it,58.1,67.4,3.9,3.9,71.5,100,0,0,6
2026-09-13T21:00:00Z,UPS-B3,HALL-B,it,58.1,67.4,3.9,3.9,71.5,100,0,0,6
2026-09-13T22:00:00Z,UPS-B3,HALL-B,it,94.24,104.65,6.3,7.8,142.9,100,0,0,6
2026-09-13T23:00:00Z,UPS-B3,HALL-B,it,109.0,119.86,7.3,7.8,142.8,100,0,0,6
2026-09-14T00:00:00Z,UPS-B3,HALL-B,it,82.4,92.44,5.5,7.8,142.7,100,0,0,6
2026-09-14T01:00:00Z,UPS-B3,HALL-B,it,116.7,127.8,7.8,7.8,142.8,100,0,0,6
2026-09-14T02:00:00Z,UPS-B3,HALL-B,it,90.55,100.85,6.1,7.8,142.8,100,0,0,6
2026-09-14T03:00:00Z,UPS-B3,HALL-B,it,100.45,111.05,6.7,7.8,142.8,100,0,0,6
2026-09-14T04:00:00Z,UPS-B3,HALL-B,it,109.0,119.86,7.3,7.8,142.9,100,0,0,6
2026-09-14T05:00:00Z,UPS-B3,HALL-B,it,82.4,92.44,5.5,7.8,142.7,100,0,0,6
2026-09-14T06:00:00Z,UPS-B3,HALL-B,it,116.7,127.8,7.8,7.8,142.9,100,0,0,6
2026-09-14T07:00:00Z,UPS-B3,HALL-B,it,90.55,100.85,6.1,7.8,142.9,100,0,0,6
2026-09-14T08:00:00Z,UPS-B3,HALL-B,it,100.45,111.05,6.7,7.8,142.9,100,0,0,6
2026-09-14T09:00:00Z,UPS-B3,HALL-B,it,109.0,119.86,7.3,7.8,142.9,100,0,0,6
2026-09-14T10:00:00Z,UPS-B3,HALL-B,it,82.4,92.44,5.5,7.8,142.6,100,0,0,6
2026-09-14T11:00:00Z,UPS-B3,HALL-B,it,116.7,127.8,7.8,7.8,142.8,100,0,0,6
2026-09-14T12:00:00Z,UPS-B3,HALL-B,it,90.55,100.85,6.1,7.8,142.9,100,0,0,6
2026-09-14T13:00:00Z,UPS-B3,HALL-B,it,100.45,111.05,6.7,7.8,142.8,100,0,0,6
2026-09-14T14:00:00Z,UPS-B3,HALL-B,it,109.0,119.86,7.3,7.8,142.9,100,0,0,6
2026-09-14T15:00:00Z,UPS-B3,HALL-B,it,82.4,92.44,5.5,7.8,142.7,100,0,0,6
2026-09-14T16:00:00Z,UPS-B3,HALL-B,it,116.7,127.8,7.8,7.8,142.9,100,0,0,6
2026-09-14T17:00:00Z,UPS-B3,HALL-B,it,90.55,100.85,6.1,7.8,142.8,100,0,0,6
2026-09-14T18:00:00Z,UPS-B3,HALL-B,it,100.45,111.05,6.7,7.8,142.9,100,0,0,6
2026-09-14T19:00:00Z,UPS-B3,HALL-B,it,109.0,119.86,7.3,7.8,142.9,100,0,0,6
2026-09-14T20:00:00Z,UPS-B3,HALL-B,it,82.4,92.44,5.5,7.8,142.7,100,0,0,6
2026-09-14T21:00:00Z,UPS-B3,HALL-B,it,116.7,127.8,7.8,7.8,142.8,100,0,0,6
2026-09-14T22:00:00Z,UPS-B3,HALL-B,it,90.55,100.85,6.1,7.8,142.9,100,0,0,6
2026-09-14T23:00:00Z,UPS-B3,HALL-B,it,100.45,111.05,6.7,7.8,143.0,100,0,0,6
2026-09-15T00:00:00Z,UPS-B3,HALL-B,it,109.0,119.86,7.3,7.8,143.0,100,0,0,6
2026-09-15T01:00:00Z,UPS-B3,HALL-B,it,82.4,92.44,5.5,7.8,142.7,100,0,0,6
2026-09-15T02:00:00Z,UPS-B3,HALL-B,it,116.7,127.8,7.8,7.8,142.8,100,0,0,6
2026-09-15T03:00:00Z,UPS-B3,HALL-B,it,90.55,100.85,6.1,7.8,142.7,100,0,0,6
2026-09-15T04:00:00Z,UPS-B3,HALL-B,it,100.45,111.05,6.7,7.8,142.8,100,0,0,6
2026-09-15T05:00:00Z,UPS-B3,HALL-B,it,109.0,119.86,7.3,7.8,142.8,100,0,0,6
2026-09-15T06:00:00Z,UPS-B3,HALL-B,it,82.4,92.44,5.5,7.8,142.7,100,0,0,6
2026-09-15T07:00:00Z,UPS-B3,HALL-B,it,116.7,127.8,7.8,7.8,142.9,100,0,0,6
2026-09-15T08:00:00Z,UPS-B3,HALL-B,it,90.55,100.85,6.1,7.8,142.8,100,0,0,6
2026-09-15T09:00:00Z,UPS-B3,HALL-B,it,100.45,111.05,6.7,7.8,143.0,100,0,0,6
2026-09-15T10:00:00Z,UPS-B3,HALL-B,it,109.0,119.86,7.3,7.8,142.8,100,0,0,6
2026-09-15T11:00:00Z,UPS-B3,HALL-B,it,82.4,92.44,5.5,7.8,142.8,100,0,0,6
2026-09-15T12:00:00Z,UPS-B3,HALL-B,it,116.7,127.8,7.8,7.8,142.8,100,0,0,6
2026-09-15T13:00:00Z,UPS-B3,HALL-B,it,90.55,100.85,6.1,7.8,142.9,100,0,0,6
2026-09-15T14:00:00Z,UPS-B3,HALL-B,it,100.45,111.05,6.7,7.8,142.8,100,0,0,6
2026-09-15T15:00:00Z,UPS-B3,HALL-B,it,109.0,119.86,7.3,7.8,142.8,100,0,0,6
2026-09-15T16:00:00Z,UPS-B3,HALL-B,it,82.4,92.44,5.5,7.8,142.8,100,0,0,6
2026-09-15T17:00:00Z,UPS-B3,HALL-B,it,116.7,127.8,7.8,7.8,142.9,100,0,0,6
2026-09-15T18:00:00Z,UPS-B3,HALL-B,it,98.18,108.72,6.6,8.8,159.7,100,0,0,6
2026-09-15T19:00:00Z,UPS-B3,HALL-B,it,157.65,170.05,10.5,11.6,212.3,100,0,0,6
2026-09-15T20:00:00Z,UPS-B3,HALL-B,it,166.2,178.86,11.1,11.6,212.4,100,0,0,6
2026-09-15T21:00:00Z,UPS-B3,HALL-B,it,139.6,151.44,9.3,11.6,212.2,100,0,0,6
2026-09-15T22:00:00Z,UPS-B3,HALL-B,it,168.38,181.11,11.2,11.6,212.4,100,0,0,6
2026-09-15T23:00:00Z,UPS-B3,HALL-B,it,111.87,122.84,7.4,8.8,162.2,100,0,0,6
2026-09-16T00:00:00Z,UPS-B3,HALL-B,it,157.65,170.05,10.5,11.6,212.4,100,0,0,6
2026-09-16T01:00:00Z,UPS-B3,HALL-B,it,166.2,178.86,11.1,11.6,212.3,100,0,0,6
2026-09-16T02:00:00Z,UPS-B3,HALL-B,it,139.6,151.44,9.3,11.6,212.3,100,0,0,6
2026-09-16T03:00:00Z,UPS-B3,HALL-B,it,168.38,181.11,11.2,11.6,212.6,100,0,0,6
2026-09-16T04:00:00Z,UPS-B3,HALL-B,it,111.87,122.84,7.4,8.8,162.1,100,0,0,6
2026-09-16T05:00:00Z,UPS-B3,HALL-B,it,157.65,170.05,10.5,11.6,212.5,100,0,0,6
2026-09-16T06:00:00Z,UPS-B3,HALL-B,it,166.2,178.86,11.1,11.6,212.4,100,0,0,6
2026-09-16T07:00:00Z,UPS-B3,HALL-B,it,139.6,151.44,9.3,11.6,212.4,100,0,0,6
2026-09-16T08:00:00Z,UPS-B3,HALL-B,it,168.38,181.11,11.2,11.6,212.4,100,0,0,6
2026-09-16T09:00:00Z,UPS-B3,HALL-B,it,111.87,122.84,7.4,8.8,162.0,100,0,0,6
2026-09-16T10:00:00Z,UPS-B3,HALL-B,it,157.65,170.05,10.5,11.6,212.5,100,0,0,6
2026-09-16T11:00:00Z,UPS-B3,HALL-B,it,166.2,178.86,11.1,11.6,212.5,100,0,0,6
2026-09-16T12:00:00Z,UPS-B3,HALL-B,it,139.6,151.44,9.3,11.6,212.4,100,0,0,6
2026-09-16T13:00:00Z,UPS-B3,HALL-B,it,168.38,181.11,11.2,11.6,212.6,100,0,0,6
2026-09-16T14:00:00Z,UPS-B3,HALL-B,it,111.87,122.84,7.4,8.8,161.9,100,0,0,6
2026-09-16T15:00:00Z,UPS-B3,HALL-B,it,157.65,170.05,10.5,11.6,212.5,100,0,0,6
2026-09-16T16:00:00Z,UPS-B3,HALL-B,it,166.2,178.86,11.1,11.6,212.6,100,0,0,6
2026-09-16T17:00:00Z,UPS-B3,HALL-B,it,139.6,151.44,9.3,11.6,212.4,100,0,0,6
2026-09-16T18:00:00Z,UPS-B3,HALL-B,it,168.38,181.11,11.2,11.6,212.4,100,0,0,6
2026-09-16T19:00:00Z,UPS-B3,HALL-B,it,111.87,122.84,7.4,8.8,162.1,100,0,0,6
2026-09-16T20:00:00Z,UPS-B3,HALL-B,it,157.65,170.05,10.5,11.6,212.6,100,0,0,6
2026-09-16T21:00:00Z,UPS-B3,HALL-B,it,166.2,178.86,11.1,11.6,212.6,100,0,0,6
2026-09-16T22:00:00Z,UPS-B3,HALL-B,it,152.32,164.55,10.2,15.5,282.8,100,0,0,6
2026-09-16T23:00:00Z,UPS-B3,HALL-B,it,227.08,241.61,15.1,15.5,282.8,100,0,0,6
2026-09-17T00:00:00Z,UPS-B3,HALL-B,it,170.57,183.34,11.3,12.7,233.3,100,0,0,6
2026-09-17T01:00:00Z,UPS-B3,HALL-B,it,216.35,230.55,14.4,15.5,282.8,100,0,0,6
2026-09-17T02:00:00Z,UPS-B3,HALL-B,it,215.69,229.87,14.4,15.5,283.0,100,0,0,6
2026-09-17T03:00:00Z,UPS-B3,HALL-B,it,165.01,177.63,11.0,15.5,282.7,100,0,0,6
2026-09-17T04:00:00Z,UPS-B3,HALL-B,it,227.08,241.61,15.1,15.5,283.0,100,0,0,6
2026-09-17T05:00:00Z,UPS-B3,HALL-B,it,170.57,183.34,11.3,12.7,233.2,100,0,0,6
2026-09-17T06:00:00Z,UPS-B3,HALL-B,it,216.35,230.55,14.4,15.5,282.9,100,0,0,6
2026-09-17T07:00:00Z,UPS-B3,HALL-B,it,215.69,229.87,14.4,15.5,282.9,100,0,0,6
2026-09-17T08:00:00Z,UPS-B3,HALL-B,it,165.01,177.63,11.0,15.5,282.5,100,0,0,6
2026-09-17T09:00:00Z,UPS-B3,HALL-B,it,227.08,241.61,15.1,15.5,282.8,100,0,0,6
2026-09-17T10:00:00Z,UPS-B3,HALL-B,it,170.57,183.34,11.3,12.7,233.1,100,0,0,6
2026-09-17T11:00:00Z,UPS-B3,HALL-B,it,216.35,230.55,14.4,15.5,282.8,100,0,0,6
2026-09-17T12:00:00Z,UPS-B3,HALL-B,it,215.69,229.87,14.4,15.5,283.0,100,0,0,6
2026-09-17T13:00:00Z,UPS-B3,HALL-B,it,165.01,177.63,11.0,15.5,282.8,100,0,0,6
2026-09-17T14:00:00Z,UPS-B3,HALL-B,it,227.08,241.61,15.1,15.5,282.8,100,0,0,6
2026-09-17T15:00:00Z,UPS-B3,HALL-B,it,170.57,183.34,11.3,12.7,233.2,100,0,0,6
2026-09-17T16:00:00Z,UPS-B3,HALL-B,it,216.35,230.55,14.4,15.5,283.0,100,0,0,6
2026-09-17T17:00:00Z,UPS-B3,HALL-B,it,215.69,229.87,14.4,15.5,282.8,100,0,0,6
2026-09-17T18:00:00Z,UPS-B3,HALL-B,it,165.01,177.63,11.0,15.5,282.7,100,0,0,6
2026-09-17T19:00:00Z,UPS-B3,HALL-B,it,227.08,241.6,15.1,15.5,283.2,100,0,0,6
2026-09-17T20:00:00Z,UPS-B3,HALL-B,it,166.7,179.35,11.1,12.7,233.1,100,0,0,6
2026-09-17T21:00:00Z,UPS-B3,HALL-B,it,215.3,229.47,14.4,15.5,282.9,100,0,0,6
2026-09-17T22:00:00Z,UPS-B3,HALL-B,it,222.35,236.74,14.8,15.5,282.8,100,0,0,6
2026-09-17T23:00:00Z,UPS-B3,HALL-B,it,198.27,211.91,13.2,15.5,282.6,100,0,0,6
2026-09-18T00:00:00Z,UPS-B3,HALL-B,it,220.14,234.45,14.7,15.5,282.9,100,0,0,6
2026-09-18T01:00:00Z,UPS-B3,HALL-B,it,165.42,178.04,11.0,12.7,233.0,100,0,0,6
2026-09-18T02:00:00Z,UPS-B3,HALL-B,it,214.94,229.1,14.3,15.5,282.6,100,0,0,6
2026-09-18T03:00:00Z,UPS-B3,HALL-B,it,222.01,236.39,14.8,15.5,282.5,100,0,0,6
2026-09-18T04:00:00Z,UPS-B3,HALL-B,it,199.14,212.82,13.3,15.5,282.5,100,0,0,6
2026-09-18T05:00:00Z,UPS-B3,HALL-B,it,225.69,240.18,15.0,15.5,282.6,100,0,0,6
2026-09-18T06:00:00Z,UPS-B3,HALL-B,it,169.17,181.9,11.3,12.7,233.0,100,0,0,6
2026-09-18T07:00:00Z,UPS-B3,HALL-B,it,214.95,229.11,14.3,15.5,282.7,100,0,0,6
2026-09-18T08:00:00Z,UPS-B3,HALL-B,it,222.0,236.38,14.8,15.5,282.6,100,0,0,6
2026-09-18T09:00:00Z,UPS-B3,HALL-B,it,199.13,212.81,13.3,15.5,282.5,100,0,0,6
2026-09-18T10:00:00Z,UPS-B3,HALL-B,it,225.71,240.2,15.0,15.5,282.6,100,0,0,6
2026-09-18T11:00:00Z,UPS-B3,HALL-B,it,169.16,181.9,11.3,12.7,232.9,100,0,0,6
2026-09-18T12:00:00Z,UPS-B3,HALL-B,it,214.94,229.1,14.3,15.5,283.0,100,0,0,6
2026-09-18T13:00:00Z,UPS-B3,HALL-B,it,222.01,236.39,14.8,15.5,282.8,100,0,0,6
2026-09-18T14:00:00Z,UPS-B3,HALL-B,it,199.15,212.83,13.3,15.5,282.8,100,0,0,6
2026-09-18T15:00:00Z,UPS-B3,HALL-B,it,225.69,240.18,15.0,15.5,282.9,100,0,0,6
2026-09-18T16:00:00Z,UPS-B3,HALL-B,it,169.16,181.9,11.3,12.7,233.1,100,0,0,6
2026-09-18T17:00:00Z,UPS-B3,HALL-B,it,214.94,229.11,14.3,15.5,282.7,100,0,0,6
2026-09-18T18:00:00Z,UPS-B3,HALL-B,it,222.0,236.38,14.8,15.5,282.6,100,0,0,6
2026-09-18T19:00:00Z,UPS-B3,HALL-B,it,199.14,212.82,13.3,15.5,282.8,100,0,0,6
2026-09-18T20:00:00Z,UPS-B3,HALL-B,it,225.69,240.19,15.0,15.5,282.6,100,0,0,6
2026-09-18T21:00:00Z,UPS-B3,HALL-B,it,169.17,181.91,11.3,12.7,233.3,100,0,0,6
2026-09-18T22:00:00Z,UPS-B3,HALL-B,it,214.96,229.12,14.3,15.5,282.7,100,0,0,6
2026-09-18T23:00:00Z,UPS-B3,HALL-B,it,222.0,236.38,14.8,15.5,282.7,100,0,0,6
2026-09-19T00:00:00Z,UPS-B3,HALL-B,it,197.19,210.82,13.2,15.5,282.5,100,0,0,6
2026-09-19T01:00:00Z,UPS-B3,HALL-B,it,225.69,240.18,15.0,15.5,282.7,100,0,0,6
2026-09-19T02:00:00Z,UPS-B3,HALL-B,it,191.61,205.03,12.7,15.5,282.2,100,0,0,6
2026-09-19T03:00:00Z,UPS-B3,HALL-B,it,188.78,202.15,12.6,12.7,232.5,100,0,0,6
2026-09-19T04:00:00Z,UPS-B3,HALL-B,it,179.57,192.65,12.0,12.7,232.3,100,0,0,6
2026-09-19T05:00:00Z,UPS-B3,HALL-B,it,156.7,169.09,10.4,12.7,232.3,100,0,0,6
2026-09-19T06:00:00Z,UPS-B3,HALL-B,it,195.23,208.78,13.0,15.5,282.3,100,0,0,6
2026-09-19T07:00:00Z,UPS-B3,HALL-B,it,193.46,206.94,12.9,15.5,282.7,100,0,0,6
2026-09-19T08:00:00Z,UPS-B3,HALL-B,it,221.41,235.76,14.8,16.6,303.5,100,0,0,6
2026-09-19T09:00:00Z,UPS-B3,HALL-B,it,268.8,284.6,17.9,19.3,351.8,100,0,0,6
2026-09-19T10:00:00Z,UPS-B3,HALL-B,it,253.37,268.69,16.9,19.3,352.2,100,0,0,6
2026-09-19T11:00:00Z,UPS-B3,HALL-B,it,279.91,296.05,18.7,19.3,352.0,100,0,0,6
2026-09-19T12:00:00Z,UPS-B3,HALL-B,it,249.2,264.41,16.6,19.3,352.0,100,0,0,6
2026-09-19T13:00:00Z,UPS-B3,HALL-B,it,245.41,260.49,16.3,19.2,351.3,100,0,0,6
2026-09-19T14:00:00Z,UPS-B3,HALL-B,it,276.21,292.23,18.4,19.3,351.8,100,0,0,6
2026-09-19T15:00:00Z,UPS-B3,HALL-B,it,253.37,268.69,16.9,19.3,351.6,100,0,0,6
2026-09-19T16:00:00Z,UPS-B3,HALL-B,it,282.04,298.24,18.8,19.3,352.0,100,0,0,6
2026-09-19T17:00:00Z,UPS-B3,HALL-B,it,248.14,263.32,16.6,19.3,351.6,100,0,0,6
2026-09-19T18:00:00Z,UPS-B3,HALL-B,it,244.34,259.38,16.3,19.3,351.6,100,0,0,6
2026-09-19T19:00:00Z,UPS-B3,HALL-B,it,278.36,294.44,18.6,19.3,352.3,100,0,0,6
2026-09-19T20:00:00Z,UPS-B3,HALL-B,it,253.35,268.66,16.9,19.3,351.6,100,0,0,6
2026-09-19T21:00:00Z,UPS-B3,HALL-B,it,279.91,296.04,18.7,19.3,352.0,100,0,0,6
2026-09-19T22:00:00Z,UPS-B3,HALL-B,it,248.15,263.32,16.6,19.3,351.2,100,0,0,6
2026-09-19T23:00:00Z,UPS-B3,HALL-B,it,246.48,261.59,16.4,19.3,351.8,100,0,0,6
2026-09-20T00:00:00Z,UPS-B3,HALL-B,it,282.83,299.06,18.9,20.2,369.5,100,0,0,6
2026-09-20T01:00:00Z,UPS-B3,HALL-B,it,298.63,315.37,19.9,23.2,423.9,100,0,0,6
2026-09-20T02:00:00Z,UPS-B3,HALL-B,it,338.5,356.51,22.6,23.2,424.4,100,0,0,6
2026-09-20T03:00:00Z,UPS-B3,HALL-B,it,306.73,323.74,20.4,23.2,424.2,100,0,0,6
2026-09-20T04:00:00Z,UPS-B3,HALL-B,it,298.18,314.87,19.9,20.5,373.3,100,0,0,6
2026-09-20T05:00:00Z,UPS-B3,HALL-B,it,296.04,312.71,19.7,20.5,373.9,100,0,0,6
2026-09-20T06:00:00Z,UPS-B3,HALL-B,it,312.02,329.15,20.8,23.2,424.2,100,0,0,6
2026-09-20T07:00:00Z,UPS-B3,HALL-B,it,338.51,356.52,22.6,23.2,424.1,100,0,0,6
2026-09-20T08:00:00Z,UPS-B3,HALL-B,it,306.73,323.74,20.4,23.2,423.6,100,0,0,6
2026-09-20T09:00:00Z,UPS-B3,HALL-B,it,298.19,314.88,19.9,20.5,373.3,100,0,0,6
2026-09-20T10:00:00Z,UPS-B3,HALL-B,it,298.59,315.33,19.9,20.5,373.8,100,0,0,6
2026-09-20T11:00:00Z,UPS-B3,HALL-B,it,312.01,329.14,20.8,23.2,424.2,100,0,0,6
2026-09-20T12:00:00Z,UPS-B3,HALL-B,it,338.51,356.52,22.6,23.2,424.4,100,0,0,6
2026-09-20T13:00:00Z,UPS-B3,HALL-B,it,306.73,323.74,20.4,23.2,423.8,100,0,0,6
2026-09-20T14:00:00Z,UPS-B3,HALL-B,it,282.9,299.12,18.9,20.4,372.3,100,0,0,6
2026-09-20T15:00:00Z,UPS-B3,HALL-B,it,257.99,273.48,17.2,17.7,323.1,100,0,0,6
2026-09-20T16:00:00Z,UPS-B3,HALL-B,it,270.2,286.06,18.0,20.4,372.6,100,0,0,6
2026-09-20T17:00:00Z,UPS-B3,HALL-B,it,312.9,330.09,20.9,23.1,422.8,100,0,0,6
2026-09-20T18:00:00Z,UPS-B3,HALL-B,it,334.07,351.9,22.3,23.1,422.4,100,0,0,6
2026-09-20T19:00:00Z,UPS-B3,HALL-B,it,292.92,309.48,19.5,20.3,371.6,100,0,0,6
2026-09-20T20:00:00Z,UPS-B3,HALL-B,it,293.32,309.88,19.5,20.3,372.0,100,0,0,6
2026-09-20T21:00:00Z,UPS-B3,HALL-B,it,307.95,324.98,20.5,23.1,421.7,100,0,0,6
2026-09-20T22:00:00Z,UPS-B3,HALL-B,it,338.78,356.75,22.6,23.1,422.1,100,0,0,6
2026-09-20T23:00:00Z,UPS-B3,HALL-B,it,334.82,352.67,22.3,23.1,422.2,100,0,0,6
2026-09-21T00:00:00Z,UPS-B3,HALL-B,it,292.91,309.47,19.5,20.3,371.3,100,0,0,6
2026-09-21T01:00:00Z,UPS-B3,HALL-B,it,293.41,309.96,19.5,20.4,371.8,100,0,0,6
2026-09-21T02:00:00Z,UPS-B3,HALL-B,it,305.55,322.5,20.4,23.1,421.5,100,0,0,6
2026-09-21T03:00:00Z,UPS-B3,HALL-B,it,338.77,356.74,22.6,23.1,422.3,100,0,0,6
2026-09-21T04:00:00Z,UPS-B3,HALL-B,it,337.36,355.29,22.5,23.1,422.4,100,0,0,6
2026-09-21T05:00:00Z,UPS-B3,HALL-B,it,292.96,309.53,19.5,20.3,371.1,100,0,0,6
2026-09-21T06:00:00Z,UPS-B3,HALL-B,it,295.71,312.34,19.7,20.3,371.7,100,0,0,6
2026-09-21T07:00:00Z,UPS-B3,HALL-B,it,305.52,322.48,20.4,23.1,422.0,100,0,0,6
2026-09-21T08:00:00Z,UPS-B3,HALL-B,it,336.23,354.12,22.4,23.1,422.7,100,0,0,6
2026-09-21T09:00:00Z,UPS-B3,HALL-B,it,364.85,383.64,24.3,26.9,490.4,100,0,0,6
2026-09-21T10:00:00Z,UPS-B3,HALL-B,it,348.0,366.25,23.2,24.0,439.7,100,0,0,6
2026-09-21T11:00:00Z,UPS-B3,HALL-B,it,351.95,370.35,23.4,24.1,440.9,100,0,0,6
2026-09-21T12:00:00Z,UPS-B3,HALL-B,it,362.32,381.01,24.1,26.9,490.4,100,0,0,6
2026-09-21T13:00:00Z,UPS-B3,HALL-B,it,375.71,394.85,25.1,26.9,490.4,100,0,0,6
2026-09-21T14:00:00Z,UPS-B3,HALL-B,it,372.94,391.99,24.9,26.9,490.6,100,0,0,6
2026-09-21T15:00:00Z,UPS-B3,HALL-B,it,349.75,368.04,23.3,24.1,440.2,100,0,0,6
2026-09-21T16:00:00Z,UPS-B3,HALL-B,it,328.88,346.53,21.9,24.1,440.8,100,0,0,6
2026-09-21T17:00:00Z,UPS-B3,HALL-B,it,321.71,339.16,21.4,24.2,441.5,100,0,0,6
2026-09-21T18:00:00Z,UPS-B3,HALL-B,it,337.66,355.58,22.5,24.2,441.7,100,0,0,6
2026-09-21T19:00:00Z,UPS-B3,HALL-B,it,334.88,352.71,22.3,24.2,441.7,100,0,0,6
2026-09-21T20:00:00Z,UPS-B3,HALL-B,it,333.68,351.52,22.2,23.9,436.1,100,0,0,6
2026-09-21T21:00:00Z,UPS-B3,HALL-B,it,348.26,366.54,23.2,23.9,437.0,100,0,0,6
2026-09-21T22:00:00Z,UPS-B3,HALL-B,it,360.86,379.55,24.0,26.7,486.9,100,0,0,6
2026-09-21T23:00:00Z,UPS-B3,HALL-B,it,374.23,393.32,24.9,26.7,487.3,100,0,0,6
2026-09-22T00:00:00Z,UPS-B3,HALL-B,it,370.5,389.47,24.7,26.7,487.1,100,0,0,6
2026-09-22T01:00:00Z,UPS-B3,HALL-B,it,349.73,368.08,23.3,23.9,436.9,100,0,0,6
2026-09-22T02:00:00Z,UPS-B3,HALL-B,it,345.11,363.28,23.0,23.9,437.4,100,0,0,6
2026-09-22T03:00:00Z,UPS-B3,HALL-B,it,359.88,378.54,24.0,26.7,487.4,100,0,0,6
2026-09-22T04:00:00Z,UPS-B3,HALL-B,it,373.29,392.35,24.9,26.7,487.3,100,0,0,6
2026-09-22T05:00:00Z,UPS-B3,HALL-B,it,372.41,391.44,24.8,26.7,486.9,100,0,0,6
2026-09-22T06:00:00Z,UPS-B3,HALL-B,it,349.72,368.07,23.3,23.9,437.1,100,0,0,6
2026-09-22T07:00:00Z,UPS-B3,HALL-B,it,347.69,365.94,23.2,24.0,437.4,100,0,0,6
2026-09-22T08:00:00Z,UPS-B3,HALL-B,it,359.9,378.57,24.0,26.7,487.0,100,0,0,6
2026-09-22T09:00:00Z,UPS-B3,HALL-B,it,373.27,392.33,24.9,26.7,487.1,100,0,0,6
2026-09-22T10:00:00Z,UPS-B3,HALL-B,it,370.51,389.48,24.7,26.7,487.0,100,0,0,6
2026-09-22T11:00:00Z,UPS-B3,HALL-B,it,348.59,366.91,23.2,23.9,436.2,100,0,0,6
2026-09-22T12:00:00Z,UPS-B3,HALL-B,it,348.14,366.41,23.2,23.9,437.8,100,0,0,6
2026-09-22T13:00:00Z,UPS-B3,HALL-B,it,343.68,361.82,22.9,25.3,461.6,100,0,0,6
2026-09-22T14:00:00Z,UPS-B3,HALL-B,it,374.81,393.92,25.0,26.9,490.9,100,0,0,6
2026-09-22T15:00:00Z,UPS-B3,HALL-B,it,374.53,393.63,25.0,26.9,490.8,100,0,0,6
2026-09-22T16:00:00Z,UPS-B3,HALL-B,it,353.1,371.55,23.6,24.2,441.0,100,0,0,6
2026-09-22T17:00:00Z,UPS-B3,HALL-B,it,388.04,407.54,25.9,28.0,509.9,100,0,0,6
2026-09-22T18:00:00Z,UPS-B3,HALL-B,it,420.51,441.0,28.0,30.7,561.3,100,0,0,6
2026-09-22T19:00:00Z,UPS-B3,HALL-B,it,433.83,454.78,28.9,30.7,561.3,100,0,0,6
2026-09-22T20:00:00Z,UPS-B3,HALL-B,it,430.89,451.74,28.7,30.7,561.3,100,0,0,6
2026-09-22T21:00:00Z,UPS-B3,HALL-B,it,340.91,358.99,22.7,27.9,508.9,100,0,0,6
2026-09-22T22:00:00Z,UPS-B3,HALL-B,it,368.62,387.54,24.6,27.9,509.6,100,0,0,6
2026-09-22T23:00:00Z,UPS-B3,HALL-B,it,423.08,443.64,28.2,30.7,561.3,100,0,0,6
2026-09-23T00:00:00Z,UPS-B3,HALL-B,it,418.62,439.08,27.9,30.7,561.3,100,0,0,6
2026-09-23T01:00:00Z,UPS-B3,HALL-B,it,432.77,453.68,28.9,30.7,561.7,100,0,0,6
2026-09-23T02:00:00Z,UPS-B3,HALL-B,it,372.55,391.59,24.8,27.9,509.2,100,0,0,6
2026-09-23T03:00:00Z,UPS-B3,HALL-B,it,404.07,424.08,26.9,28.0,511.4,100,0,0,6
2026-09-23T04:00:00Z,UPS-B3,HALL-B,it,419.81,440.27,28.0,30.7,560.6,100,0,0,6
2026-09-23T05:00:00Z,UPS-B3,HALL-B,it,427.48,448.23,28.5,30.7,561.1,100,0,0,6
2026-09-23T06:00:00Z,UPS-B3,HALL-B,it,421.55,442.08,28.1,30.7,560.8,100,0,0,6
2026-09-23T07:00:00Z,UPS-B3,HALL-B,it,369.57,388.5,24.6,27.9,508.0,100,0,0,6
2026-09-23T08:00:00Z,UPS-B3,HALL-B,it,402.92,422.89,26.9,28.0,510.6,100,0,0,6
2026-09-23T09:00:00Z,UPS-B3,HALL-B,it,422.27,442.81,28.2,30.7,560.7,100,0,0,6
2026-09-23T10:00:00Z,UPS-B3,HALL-B,it,434.39,455.33,29.0,30.7,560.5,100,0,0,6
2026-09-23T11:00:00Z,UPS-B3,HALL-B,it,430.39,451.2,28.7,30.7,560.5,100,0,0,6
2026-09-23T12:00:00Z,UPS-B3,HALL-B,it,370.13,389.06,24.7,27.9,508.4,100,0,0,6
2026-09-23T13:00:00Z,UPS-B3,HALL-B,it,412.1,432.37,27.5,30.5,556.9,100,0,0,6
2026-09-23T14:00:00Z,UPS-B3,HALL-B,it,447.48,468.84,29.8,30.5,558.1,100,0,0,6
2026-09-23T15:00:00Z,UPS-B3,HALL-B,it,413.39,433.69,27.6,30.3,553.0,100,0,0,6
2026-09-23T16:00:00Z,UPS-B3,HALL-B,it,391.88,411.5,26.1,30.5,556.1,100,0,0,6
2026-09-23T17:00:00Z,UPS-B3,HALL-B,it,326.25,343.87,21.8,24.9,453.2,100,0,0,6
2026-09-23T18:00:00Z,UPS-B3,HALL-B,it,368.76,387.69,24.6,27.7,506.2,100,0,0,6
2026-09-23T19:00:00Z,UPS-B3,HALL-B,it,413.14,426.65,27.6,27.7,506.6,100,39,0,6
2026-09-23T20:00:00Z,UPS-B3,HALL-B,it,391.35,400.83,26.1,27.7,505.6,100,60,0,6
2026-09-23T21:00:00Z,UPS-B3,HALL-B,it,418.52,429.68,27.9,30.4,555.8,100,52,0,6
2026-09-23T22:00:00Z,UPS-B3,HALL-B,it,362.2,380.89,24.1,27.6,503.7,100,0,0,6
2026-09-23T23:00:00Z,UPS-B3,HALL-B,it,398.9,418.75,26.6,30.5,556.4,100,0,0,6
2026-09-24T00:00:00Z,UPS-B3,HALL-B,it,421.25,441.79,28.1,30.5,556.4,100,0,0,6
2026-09-24T01:00:00Z,UPS-B3,HALL-B,it,389.29,408.84,25.9,27.8,506.9,100,0,0,6
2026-09-24T02:00:00Z,UPS-B3,HALL-B,it,386.52,405.99,25.8,27.8,507.1,100,0,0,6
2026-09-24T03:00:00Z,UPS-B3,HALL-B,it,342.68,360.77,22.8,24.9,455.3,100,0,0,6
2026-09-24T04:00:00Z,UPS-B3,HALL-B,it,410.99,431.19,27.4,30.4,554.4,100,0,0,6
2026-09-24T05:00:00Z,UPS-B3,HALL-B,it,450.88,472.32,30.1,30.4,554.9,100,0,0,6
2026-09-24T06:00:00Z,UPS-B3,HALL-B,it,429.18,449.95,28.6,30.4,555.0,100,0,0,6
2026-09-24T07:00:00Z,UPS-B3,HALL-B,it,426.4,447.07,28.4,30.4,554.9,100,0,0,6
2026-09-24T08:00:00Z,UPS-B3,HALL-B,it,368.44,387.33,24.6,27.6,502.4,100,0,0,6
2026-09-24T09:00:00Z,UPS-B3,HALL-B,it,408.68,428.81,27.2,30.4,554.8,100,0,0,6
2026-09-24T10:00:00Z,UPS-B3,HALL-B,it,445.13,466.4,29.7,30.4,555.4,100,0,0,6
2026-09-24T11:00:00Z,UPS-B3,HALL-B,it,428.63,449.38,28.6,30.4,555.3,100,0,0,6
2026-09-24T12:00:00Z,UPS-B3,HALL-B,it,426.99,447.69,28.5,30.4,555.2,100,0,0,6
2026-09-24T13:00:00Z,UPS-B3,HALL-B,it,402.64,422.58,26.8,30.4,554.3,100,0,0,6
2026-09-24T14:00:00Z,UPS-B3,HALL-B,it,390.36,409.95,26.0,30.5,556.5,100,0,0,6
2026-09-24T15:00:00Z,UPS-B3,HALL-B,it,444.95,466.18,29.7,30.5,556.5,100,0,0,6
2026-09-24T16:00:00Z,UPS-B3,HALL-B,it,428.01,448.75,28.5,30.5,556.4,100,0,0,6
2026-09-24T17:00:00Z,UPS-B3,HALL-B,it,391.66,411.29,26.1,27.8,506.5,100,0,0,6
2026-09-24T18:00:00Z,UPS-B3,HALL-B,it,400.0,419.89,26.7,30.5,555.7,100,0,0,6
2026-09-24T19:00:00Z,UPS-B3,HALL-B,it,367.79,386.64,24.5,27.8,508.5,100,0,0,6
2026-09-24T20:00:00Z,UPS-B3,HALL-B,it,408.14,428.26,27.2,27.9,508.9,100,0,0,6
2026-09-24T21:00:00Z,UPS-B3,HALL-B,it,388.9,408.4,25.9,27.8,508.9,99,0,13,6
2026-09-24T22:00:00Z,UPS-B3,HALL-B,it,386.73,406.17,25.8,27.8,508.6,100,0,0,6
2026-09-24T23:00:00Z,UPS-B3,HALL-B,it,367.5,386.35,24.5,27.9,507.9,100,0,0,6
2026-09-25T00:00:00Z,UPS-B3,HALL-B,it,386.79,406.25,25.8,30.5,556.1,100,0,0,6
2026-09-25T01:00:00Z,UPS-B3,HALL-B,it,447.52,468.84,29.9,30.5,556.6,100,0,0,6
2026-09-25T02:00:00Z,UPS-B3,HALL-B,it,419.44,439.91,28.0,30.5,556.5,100,0,0,6
2026-09-25T03:00:00Z,UPS-B3,HALL-B,it,424.27,444.9,28.3,30.6,558.5,100,0,0,6
2026-09-25T04:00:00Z,UPS-B3,HALL-B,it,405.69,425.74,27.0,30.5,557.1,100,0,0,6
2026-09-25T05:00:00Z,UPS-B3,HALL-B,it,405.49,425.52,27.0,30.6,557.8,100,0,0,6
2026-09-25T06:00:00Z,UPS-B3,HALL-B,it,448.81,470.21,29.9,30.6,558.1,100,0,0,6
2026-09-25T07:00:00Z,UPS-B3,HALL-B,it,420.44,440.95,28.0,30.6,557.9,100,0,0,6
2026-09-25T08:00:00Z,UPS-B3,HALL-B,it,386.88,406.32,25.8,27.9,508.6,100,0,0,6
2026-09-25T09:00:00Z,UPS-B3,HALL-B,it,369.65,388.54,24.6,27.8,508.7,100,0,0,6
2026-09-25T10:00:00Z,UPS-B3,HALL-B,it,404.0,423.99,26.9,27.8,509.0,100,0,0,6
2026-09-25T11:00:00Z,UPS-B3,HALL-B,it,406.27,426.33,27.1,27.8,508.9,100,0,0,6
2026-09-25T12:00:00Z,UPS-B3,HALL-B,it,406.35,426.41,27.1,29.2,533.5,100,0,0,6
2026-09-25T13:00:00Z,UPS-B3,HALL-B,it,426.14,446.82,28.4,30.6,558.7,100,0,0,6
2026-09-25T14:00:00Z,UPS-B3,HALL-B,it,409.64,429.8,27.3,30.6,558.2,100,0,0,6
2026-09-25T15:00:00Z,UPS-B3,HALL-B,it,441.99,463.17,29.5,30.6,558.6,100,0,0,6
2026-09-25T16:00:00Z,UPS-B3,HALL-B,it,444.91,466.18,29.7,30.6,558.6,100,0,0,6
2026-09-25T17:00:00Z,UPS-B3,HALL-B,it,427.44,448.16,28.5,30.6,558.7,100,0,0,6
2026-09-25T18:00:00Z,UPS-B3,HALL-B,it,424.25,444.87,28.3,30.6,558.6,100,0,0,6
2026-09-25T19:00:00Z,UPS-B3,HALL-B,it,412.02,432.26,27.5,30.6,557.2,100,0,0,6
2026-09-25T20:00:00Z,UPS-B3,HALL-B,it,443.63,464.86,29.6,30.6,559.2,100,0,0,6
2026-09-25T21:00:00Z,UPS-B3,HALL-B,it,447.34,468.69,29.8,30.6,558.9,100,0,0,6
2026-09-25T22:00:00Z,UPS-B3,HALL-B,it,427.41,448.13,28.5,30.6,558.4,100,0,0,6
2026-09-25T23:00:00Z,UPS-B3,HALL-B,it,423.74,444.34,28.2,30.6,557.8,100,0,0,6
2026-09-26T00:00:00Z,UPS-B3,HALL-B,it,409.64,429.81,27.3,30.6,558.1,100,0,0,6
2026-09-26T01:00:00Z,UPS-B3,HALL-B,it,443.16,464.37,29.6,30.6,558.4,100,0,0,6
2026-09-26T02:00:00Z,UPS-B3,HALL-B,it,447.31,468.66,29.8,30.6,558.4,100,0,0,6
2026-09-26T03:00:00Z,UPS-B3,HALL-B,it,421.61,442.15,28.1,30.6,558.4,100,0,0,6
2026-09-26T04:00:00Z,UPS-B3,HALL-B,it,415.7,436.06,27.7,30.8,562.0,100,0,0,6
2026-09-26T05:00:00Z,UPS-B3,HALL-B,it,410.9,431.12,27.4,30.8,560.8,100,0,0,6
2026-09-26T06:00:00Z,UPS-B3,HALL-B,it,440.3,461.44,29.4,30.8,562.0,100,0,0,6
2026-09-26T07:00:00Z,UPS-B3,HALL-B,it,450.03,471.46,30.0,30.8,562.2,100,0,0,6
2026-09-26T08:00:00Z,UPS-B3,HALL-B,it,446.87,468.21,29.8,30.8,561.9,100,0,0,6
2026-09-26T09:00:00Z,UPS-B3,HALL-B,it,448.04,469.42,29.9,30.8,562.0,100,0,0,6
2026-09-26T10:00:00Z,UPS-B3,HALL-B,it,413.55,433.84,27.6,30.8,561.5,100,0,0,6
2026-09-26T11:00:00Z,UPS-B3,HALL-B,it,436.57,457.6,29.1,30.8,562.1,100,0,0,6
2026-09-26T12:00:00Z,UPS-B3,HALL-B,it,438.3,459.35,29.2,30.6,559.3,100,0,0,6
2026-09-26T13:00:00Z,UPS-B3,HALL-B,it,445.77,467.05,29.7,30.6,559.6,100,0,0,6
2026-09-26T14:00:00Z,UPS-B3,HALL-B,it,448.37,469.74,29.9,30.6,559.4,100,0,0,6
2026-09-26T15:00:00Z,UPS-B3,HALL-B,it,408.15,428.26,27.2,30.6,559.0,100,0,0,6
2026-09-26T16:00:00Z,UPS-B3,HALL-B,it,438.33,459.39,29.2,30.6,559.1,100,0,0,6
2026-09-26T17:00:00Z,UPS-B3,HALL-B,it,436.22,457.2,29.1,30.6,559.1,100,0,0,6
2026-09-26T18:00:00Z,UPS-B3,HALL-B,it,426.71,447.39,28.5,30.5,556.5,100,0,0,6
2026-09-26T19:00:00Z,UPS-B3,HALL-B,it,365.33,384.11,24.4,27.6,505.5,100,0,0,6
2026-09-26T20:00:00Z,UPS-B3,HALL-B,it,324.79,342.35,21.6,24.9,454.8,100,0,0,6
2026-09-26T21:00:00Z,UPS-B3,HALL-B,it,374.53,393.61,25.0,27.7,506.2,100,0,0,6
2026-09-26T22:00:00Z,UPS-B3,HALL-B,it,431.71,452.58,28.8,30.4,554.9,100,0,0,6
2026-09-26T23:00:00Z,UPS-B3,HALL-B,it,396.63,416.42,26.4,27.5,502.3,100,0,0,6
2026-09-27T00:00:00Z,UPS-B3,HALL-B,it,380.37,399.65,25.4,27.5,502.6,100,0,0,6
2026-09-27T01:00:00Z,UPS-B3,HALL-B,it,362.08,380.79,24.1,27.5,502.8,100,0,0,6
2026-09-27T02:00:00Z,UPS-B3,HALL-B,it,393.63,413.33,26.2,27.5,502.5,100,0,0,6
2026-09-27T03:00:00Z,UPS-B3,HALL-B,it,402.11,422.06,26.8,30.3,552.6,100,0,0,6
2026-09-27T04:00:00Z,UPS-B3,HALL-B,it,389.24,408.79,26.0,30.3,553.0,100,0,0,6
2026-09-27T05:00:00Z,UPS-B3,HALL-B,it,382.0,401.3,25.5,27.3,498.9,100,0,0,6
2026-09-27T06:00:00Z,UPS-B3,HALL-B,it,356.34,374.88,23.8,27.2,497.6,100,0,0,6
2026-09-27T07:00:00Z,UPS-B3,HALL-B,it,421.7,442.23,28.1,30.1,549.0,100,0,0,6
2026-09-27T08:00:00Z,UPS-B3,HALL-B,it,438.83,459.89,29.3,30.1,549.6,100,0,0,6
2026-09-27T09:00:00Z,UPS-B3,HALL-B,it,419.77,440.25,28.0,30.1,549.9,100,0,0,6
2026-09-27T10:00:00Z,UPS-B3,HALL-B,it,408.89,429.05,27.2,30.1,549.3,100,0,0,6
2026-09-27T11:00:00Z,UPS-B3,HALL-B,it,363.46,382.2,24.2,27.5,502.7,100,0,0,6
2026-09-27T12:00:00Z,UPS-B3,HALL-B,it,395.34,415.08,26.3,27.5,503.2,100,0,0,6
2026-09-27T13:00:00Z,UPS-B3,HALL-B,it,414.4,434.71,27.6,30.3,553.3,100,0,0,6
2026-09-27T14:00:00Z,UPS-B3,HALL-B,it,439.38,460.45,29.3,30.3,553.1,100,0,0,6
2026-09-27T15:00:00Z,UPS-B3,HALL-B,it,440.42,461.52,29.4,30.3,553.1,100,0,0,6
2026-09-27T16:00:00Z,UPS-B3,HALL-B,it,398.72,418.57,26.6,30.3,551.9,100,0,0,6
2026-09-27T17:00:00Z,UPS-B3,HALL-B,it,414.44,434.75,27.6,30.0,548.6,100,0,0,6
2026-09-27T18:00:00Z,UPS-B3,HALL-B,it,424.44,445.06,28.3,29.9,545.7,100,0,0,6
2026-09-27T19:00:00Z,UPS-B3,HALL-B,it,436.17,457.14,29.1,29.9,545.2,100,0,0,6
2026-09-27T20:00:00Z,UPS-B3,HALL-B,it,434.36,455.27,29.0,29.9,545.2,100,0,0,6
2026-09-27T21:00:00Z,UPS-B3,HALL-B,it,372.78,391.8,24.8,29.9,545.5,100,0,0,6
2026-09-27T22:00:00Z,UPS-B3,HALL-B,it,396.56,416.32,26.4,27.4,500.6,100,0,0,6
2026-09-27T23:00:00Z,UPS-B3,HALL-B,it,405.35,425.39,27.0,30.1,548.6,100,0,0,6
2026-08-31T00:00:00Z,UPS-B4,HALL-B,it,0.0,7.5,0.0,0.0,0.0,100,0,0,6
2026-08-31T01:00:00Z,UPS-B4,HALL-B,it,0.0,7.5,0.0,0.0,0.0,100,0,0,6
2026-08-31T02:00:00Z,UPS-B4,HALL-B,it,0.0,7.5,0.0,0.0,0.0,100,0,0,6
2026-08-31T03:00:00Z,UPS-B4,HALL-B,it,0.0,7.5,0.0,0.0,0.0,100,0,0,6
2026-08-31T04:00:00Z,UPS-B4,HALL-B,it,0.0,7.5,0.0,0.0,0.0,100,0,0,6
2026-08-31T05:00:00Z,UPS-B4,HALL-B,it,0.0,7.5,0.0,0.0,0.0,100,0,0,6
2026-08-31T06:00:00Z,UPS-B4,HALL-B,it,0.0,7.5,0.0,0.0,0.0,100,0,0,6
2026-08-31T07:00:00Z,UPS-B4,HALL-B,it,0.0,7.5,0.0,0.0,0.0,100,0,0,6
2026-08-31T08:00:00Z,UPS-B4,HALL-B,it,0.0,7.5,0.0,0.0,0.0,100,0,0,6
2026-08-31T09:00:00Z,UPS-B4,HALL-B,it,0.0,7.5,0.0,0.0,0.0,100,0,0,6
2026-08-31T10:00:00Z,UPS-B4,HALL-B,it,0.0,7.5,0.0,0.0,0.0,100,0,0,6
2026-08-31T11:00:00Z,UPS-B4,HALL-B,it,0.0,7.5,0.0,0.0,0.0,100,0,0,6
2026-08-31T12:00:00Z,UPS-B4,HALL-B,it,0.0,7.5,0.0,0.0,0.0,100,0,0,6
2026-08-31T13:00:00Z,UPS-B4,HALL-B,it,0.0,7.5,0.0,0.0,0.0,100,0,0,6
2026-08-31T14:00:00Z,UPS-B4,HALL-B,it,0.0,7.5,0.0,0.0,0.0,100,0,0,6
2026-08-31T15:00:00Z,UPS-B4,HALL-B,it,0.0,7.5,0.0,0.0,0.0,100,0,0,6
2026-08-31T16:00:00Z,UPS-B4,HALL-B,it,0.0,7.5,0.0,0.0,0.0,100,0,0,6
2026-08-31T17:00:00Z,UPS-B4,HALL-B,it,0.0,7.5,0.0,0.0,0.0,100,0,0,6
2026-08-31T18:00:00Z,UPS-B4,HALL-B,it,0.0,7.5,0.0,0.0,0.0,100,0,0,6
2026-08-31T19:00:00Z,UPS-B4,HALL-B,it,0.0,7.5,0.0,0.0,0.0,100,0,0,6
2026-08-31T20:00:00Z,UPS-B4,HALL-B,it,0.0,7.5,0.0,0.0,0.0,100,0,0,6
2026-08-31T21:00:00Z,UPS-B4,HALL-B,it,0.0,7.5,0.0,0.0,0.0,100,0,0,6
2026-08-31T22:00:00Z,UPS-B4,HALL-B,it,0.0,7.5,0.0,0.0,0.0,100,0,0,6
2026-08-31T23:00:00Z,UPS-B4,HALL-B,it,0.0,7.5,0.0,0.0,0.0,100,0,0,6
2026-09-01T00:00:00Z,UPS-B4,HALL-B,it,0.0,7.5,0.0,0.0,0.0,100,0,0,6
2026-09-01T01:00:00Z,UPS-B4,HALL-B,it,0.0,7.5,0.0,0.0,0.0,100,0,0,6
2026-09-01T02:00:00Z,UPS-B4,HALL-B,it,0.0,7.5,0.0,0.0,0.0,100,0,0,6
2026-09-01T03:00:00Z,UPS-B4,HALL-B,it,0.0,7.5,0.0,0.0,0.0,100,0,0,6
2026-09-01T04:00:00Z,UPS-B4,HALL-B,it,0.0,7.5,0.0,0.0,0.0,100,0,0,6
2026-09-01T05:00:00Z,UPS-B4,HALL-B,it,0.0,7.5,0.0,0.0,0.0,100,0,0,6
2026-09-01T06:00:00Z,UPS-B4,HALL-B,it,0.0,7.5,0.0,0.0,0.0,100,0,0,6
2026-09-01T07:00:00Z,UPS-B4,HALL-B,it,0.0,7.5,0.0,0.0,0.0,100,0,0,6
2026-09-01T08:00:00Z,UPS-B4,HALL-B,it,0.0,7.5,0.0,0.0,0.0,100,0,0,6
2026-09-01T09:00:00Z,UPS-B4,HALL-B,it,0.0,7.5,0.0,0.0,0.0,100,0,0,6
2026-09-01T10:00:00Z,UPS-B4,HALL-B,it,0.0,7.5,0.0,0.0,0.0,100,0,0,6
2026-09-01T11:00:00Z,UPS-B4,HALL-B,it,0.0,7.5,0.0,0.0,0.0,100,0,0,6
2026-09-01T12:00:00Z,UPS-B4,HALL-B,it,0.0,7.5,0.0,0.0,0.0,100,0,0,6
2026-09-01T13:00:00Z,UPS-B4,HALL-B,it,0.0,7.5,0.0,0.0,0.0,100,0,0,6
2026-09-01T14:00:00Z,UPS-B4,HALL-B,it,0.0,7.5,0.0,0.0,0.0,100,0,0,6
2026-09-01T15:00:00Z,UPS-B4,HALL-B,it,0.0,7.5,0.0,0.0,0.0,100,0,0,6
2026-09-01T16:00:00Z,UPS-B4,HALL-B,it,0.0,7.5,0.0,0.0,0.0,100,0,0,6
2026-09-01T17:00:00Z,UPS-B4,HALL-B,it,0.0,7.5,0.0,0.0,0.0,100,0,0,6
2026-09-01T18:00:00Z,UPS-B4,HALL-B,it,0.0,7.5,0.0,0.0,0.0,100,0,0,6
2026-09-01T19:00:00Z,UPS-B4,HALL-B,it,0.0,7.5,0.0,0.0,0.0,100,0,0,6
2026-09-01T20:00:00Z,UPS-B4,HALL-B,it,0.0,7.5,0.0,0.0,0.0,100,0,0,6
2026-09-01T21:00:00Z,UPS-B4,HALL-B,it,0.0,7.5,0.0,0.0,0.0,100,0,0,6
2026-09-01T22:00:00Z,UPS-B4,HALL-B,it,0.0,7.5,0.0,0.0,0.0,100,0,0,6
2026-09-01T23:00:00Z,UPS-B4,HALL-B,it,0.0,7.5,0.0,0.0,0.0,100,0,0,6
2026-09-02T00:00:00Z,UPS-B4,HALL-B,it,0.0,7.5,0.0,0.0,0.0,100,0,0,6
2026-09-02T01:00:00Z,UPS-B4,HALL-B,it,0.0,7.5,0.0,0.0,0.0,100,0,0,6
2026-09-02T02:00:00Z,UPS-B4,HALL-B,it,0.0,7.5,0.0,0.0,0.0,100,0,0,6
2026-09-02T03:00:00Z,UPS-B4,HALL-B,it,0.0,7.5,0.0,0.0,0.0,100,0,0,6
2026-09-02T04:00:00Z,UPS-B4,HALL-B,it,0.0,7.5,0.0,0.0,0.0,100,0,0,6
2026-09-02T05:00:00Z,UPS-B4,HALL-B,it,0.0,7.5,0.0,0.0,0.0,100,0,0,6
2026-09-02T06:00:00Z,UPS-B4,HALL-B,it,0.0,7.5,0.0,0.0,0.0,100,0,0,6
2026-09-02T07:00:00Z,UPS-B4,HALL-B,it,0.0,7.5,0.0,0.0,0.0,100,0,0,6
2026-09-02T08:00:00Z,UPS-B4,HALL-B,it,0.0,7.5,0.0,0.0,0.0,100,0,0,6
2026-09-02T09:00:00Z,UPS-B4,HALL-B,it,0.0,7.5,0.0,0.0,0.0,100,0,0,6
2026-09-02T10:00:00Z,UPS-B4,HALL-B,it,0.0,7.5,0.0,0.0,0.0,100,0,0,6
2026-09-02T11:00:00Z,UPS-B4,HALL-B,it,0.0,7.5,0.0,0.0,0.0,100,0,0,6
2026-09-02T12:00:00Z,UPS-B4,HALL-B,it,0.0,7.5,0.0,0.0,0.0,100,0,0,6
2026-09-02T13:00:00Z,UPS-B4,HALL-B,it,0.0,7.5,0.0,0.0,0.0,100,0,0,6
2026-09-02T14:00:00Z,UPS-B4,HALL-B,it,0.0,7.5,0.0,0.0,0.0,100,0,0,6
2026-09-02T15:00:00Z,UPS-B4,HALL-B,it,0.0,7.5,0.0,0.0,0.0,100,0,0,6
2026-09-02T16:00:00Z,UPS-B4,HALL-B,it,0.0,7.5,0.0,0.0,0.0,100,0,0,6
2026-09-02T17:00:00Z,UPS-B4,HALL-B,it,0.0,7.5,0.0,0.0,0.0,100,0,0,6
2026-09-02T18:00:00Z,UPS-B4,HALL-B,it,0.0,7.5,0.0,0.0,0.0,100,0,0,6
2026-09-02T19:00:00Z,UPS-B4,HALL-B,it,0.0,7.5,0.0,0.0,0.0,100,0,0,6
2026-09-02T20:00:00Z,UPS-B4,HALL-B,it,0.0,7.5,0.0,0.0,0.0,100,0,0,6
2026-09-02T21:00:00Z,UPS-B4,HALL-B,it,0.0,7.5,0.0,0.0,0.0,100,0,0,6
2026-09-02T22:00:00Z,UPS-B4,HALL-B,it,0.0,7.5,0.0,0.0,0.0,100,0,0,6
2026-09-02T23:00:00Z,UPS-B4,HALL-B,it,0.0,7.5,0.0,0.0,0.0,100,0,0,6
2026-09-03T00:00:00Z,UPS-B4,HALL-B,it,0.0,7.5,0.0,0.0,0.0,100,0,0,6
2026-09-03T01:00:00Z,UPS-B4,HALL-B,it,0.0,7.5,0.0,0.0,0.0,100,0,0,6
2026-09-03T02:00:00Z,UPS-B4,HALL-B,it,0.0,7.5,0.0,0.0,0.0,100,0,0,6
2026-09-03T03:00:00Z,UPS-B4,HALL-B,it,0.0,7.5,0.0,0.0,0.0,100,0,0,6
2026-09-03T04:00:00Z,UPS-B4,HALL-B,it,0.0,7.5,0.0,0.0,0.0,100,0,0,6
2026-09-03T05:00:00Z,UPS-B4,HALL-B,it,0.0,7.5,0.0,0.0,0.0,100,0,0,6
2026-09-03T06:00:00Z,UPS-B4,HALL-B,it,0.0,7.5,0.0,0.0,0.0,100,0,0,6
2026-09-03T07:00:00Z,UPS-B4,HALL-B,it,0.0,7.5,0.0,0.0,0.0,100,0,0,6
2026-09-03T08:00:00Z,UPS-B4,HALL-B,it,0.0,7.5,0.0,0.0,0.0,100,0,0,6
2026-09-03T09:00:00Z,UPS-B4,HALL-B,it,0.0,7.5,0.0,0.0,0.0,100,0,0,6
2026-09-03T10:00:00Z,UPS-B4,HALL-B,it,0.0,7.5,0.0,0.0,0.0,100,0,0,6
2026-09-03T11:00:00Z,UPS-B4,HALL-B,it,0.0,7.5,0.0,0.0,0.0,100,0,0,6
2026-09-03T12:00:00Z,UPS-B4,HALL-B,it,0.0,7.5,0.0,0.0,0.0,100,0,0,6
2026-09-03T13:00:00Z,UPS-B4,HALL-B,it,0.0,7.5,0.0,0.0,0.0,100,0,0,6
2026-09-03T14:00:00Z,UPS-B4,HALL-B,it,0.0,7.5,0.0,0.0,0.0,100,0,0,6
2026-09-03T15:00:00Z,UPS-B4,HALL-B,it,0.0,7.5,0.0,0.0,0.0,100,0,0,6
2026-09-03T16:00:00Z,UPS-B4,HALL-B,it,0.0,7.5,0.0,0.0,0.0,100,0,0,6
2026-09-03T17:00:00Z,UPS-B4,HALL-B,it,0.0,7.5,0.0,0.0,0.0,100,0,0,6
2026-09-03T18:00:00Z,UPS-B4,HALL-B,it,0.0,7.5,0.0,0.0,0.0,100,0,0,6
2026-09-03T19:00:00Z,UPS-B4,HALL-B,it,0.0,7.5,0.0,0.0,0.0,100,0,0,6
2026-09-03T20:00:00Z,UPS-B4,HALL-B,it,0.0,7.5,0.0,0.0,0.0,100,0,0,6
2026-09-03T21:00:00Z,UPS-B4,HALL-B,it,0.0,7.5,0.0,0.0,0.0,100,0,0,6
2026-09-03T22:00:00Z,UPS-B4,HALL-B,it,0.0,7.5,0.0,0.0,0.0,100,0,0,6
2026-09-03T23:00:00Z,UPS-B4,HALL-B,it,0.0,7.5,0.0,0.0,0.0,100,0,0,6
2026-09-04T00:00:00Z,UPS-B4,HALL-B,it,0.0,7.5,0.0,0.0,0.0,100,0,0,6
2026-09-04T01:00:00Z,UPS-B4,HALL-B,it,0.0,7.5,0.0,0.0,0.0,100,0,0,6
2026-09-04T02:00:00Z,UPS-B4,HALL-B,it,0.0,7.5,0.0,0.0,0.0,100,0,0,6
2026-09-04T03:00:00Z,UPS-B4,HALL-B,it,0.0,7.5,0.0,0.0,0.0,100,0,0,6
2026-09-04T04:00:00Z,UPS-B4,HALL-B,it,0.0,7.5,0.0,0.0,0.0,100,0,0,6
2026-09-04T05:00:00Z,UPS-B4,HALL-B,it,0.0,7.5,0.0,0.0,0.0,100,0,0,6
2026-09-04T06:00:00Z,UPS-B4,HALL-B,it,0.0,7.5,0.0,0.0,0.0,100,0,0,6
2026-09-04T07:00:00Z,UPS-B4,HALL-B,it,0.0,7.5,0.0,0.0,0.0,100,0,0,6
2026-09-04T08:00:00Z,UPS-B4,HALL-B,it,0.0,7.5,0.0,0.0,0.0,100,0,0,6
2026-09-04T09:00:00Z,UPS-B4,HALL-B,it,0.0,7.5,0.0,0.0,0.0,100,0,0,6
2026-09-04T10:00:00Z,UPS-B4,HALL-B,it,0.0,7.5,0.0,0.0,0.0,100,0,0,6
2026-09-04T11:00:00Z,UPS-B4,HALL-B,it,0.0,7.5,0.0,0.0,0.0,100,0,0,6
2026-09-04T12:00:00Z,UPS-B4,HALL-B,it,0.0,7.5,0.0,0.0,0.0,100,0,0,6
2026-09-04T13:00:00Z,UPS-B4,HALL-B,it,0.0,7.5,0.0,0.0,0.0,100,0,0,6
2026-09-04T14:00:00Z,UPS-B4,HALL-B,it,0.0,7.5,0.0,0.0,0.0,100,0,0,6
2026-09-04T15:00:00Z,UPS-B4,HALL-B,it,0.0,7.5,0.0,0.0,0.0,100,0,0,6
2026-09-04T16:00:00Z,UPS-B4,HALL-B,it,0.0,7.5,0.0,0.0,0.0,100,0,0,6
2026-09-04T17:00:00Z,UPS-B4,HALL-B,it,0.0,7.5,0.0,0.0,0.0,100,0,0,6
2026-09-04T18:00:00Z,UPS-B4,HALL-B,it,0.0,7.5,0.0,0.0,0.0,100,0,0,6
2026-09-04T19:00:00Z,UPS-B4,HALL-B,it,0.0,7.5,0.0,0.0,0.0,100,0,0,6
2026-09-04T20:00:00Z,UPS-B4,HALL-B,it,0.0,7.5,0.0,0.0,0.0,100,0,0,6
2026-09-04T21:00:00Z,UPS-B4,HALL-B,it,0.0,7.5,0.0,0.0,0.0,100,0,0,6
2026-09-04T22:00:00Z,UPS-B4,HALL-B,it,0.0,7.5,0.0,0.0,0.0,100,0,0,6
2026-09-04T23:00:00Z,UPS-B4,HALL-B,it,0.0,7.5,0.0,0.0,0.0,100,0,0,6
2026-09-05T00:00:00Z,UPS-B4,HALL-B,it,0.0,7.5,0.0,0.0,0.0,100,0,0,6
2026-09-05T01:00:00Z,UPS-B4,HALL-B,it,0.0,7.5,0.0,0.0,0.0,100,0,0,6
2026-09-05T02:00:00Z,UPS-B4,HALL-B,it,0.0,7.5,0.0,0.0,0.0,100,0,0,6
2026-09-05T03:00:00Z,UPS-B4,HALL-B,it,0.0,7.5,0.0,0.0,0.0,100,0,0,6
2026-09-05T04:00:00Z,UPS-B4,HALL-B,it,0.0,7.5,0.0,0.0,0.0,100,0,0,6
2026-09-05T05:00:00Z,UPS-B4,HALL-B,it,0.0,7.5,0.0,0.0,0.0,100,0,0,6
2026-09-05T06:00:00Z,UPS-B4,HALL-B,it,0.0,7.5,0.0,0.0,0.0,100,0,0,6
2026-09-05T07:00:00Z,UPS-B4,HALL-B,it,0.0,7.5,0.0,0.0,0.0,100,0,0,6
2026-09-05T08:00:00Z,UPS-B4,HALL-B,it,0.0,7.5,0.0,0.0,0.0,100,0,0,6
2026-09-05T09:00:00Z,UPS-B4,HALL-B,it,0.0,7.5,0.0,0.0,0.0,100,0,0,6
2026-09-05T10:00:00Z,UPS-B4,HALL-B,it,0.0,7.5,0.0,0.0,0.0,100,0,0,6
2026-09-05T11:00:00Z,UPS-B4,HALL-B,it,0.0,7.5,0.0,0.0,0.0,100,0,0,6
2026-09-05T12:00:00Z,UPS-B4,HALL-B,it,0.0,7.5,0.0,0.0,0.0,100,0,0,6
2026-09-05T13:00:00Z,UPS-B4,HALL-B,it,0.0,7.5,0.0,0.0,0.0,100,0,0,6
2026-09-05T14:00:00Z,UPS-B4,HALL-B,it,0.0,7.5,0.0,0.0,0.0,100,0,0,6
2026-09-05T15:00:00Z,UPS-B4,HALL-B,it,0.0,7.5,0.0,0.0,0.0,100,0,0,6
2026-09-05T16:00:00Z,UPS-B4,HALL-B,it,0.0,7.5,0.0,0.0,0.0,100,0,0,6
2026-09-05T17:00:00Z,UPS-B4,HALL-B,it,0.0,7.5,0.0,0.0,0.0,100,0,0,6
2026-09-05T18:00:00Z,UPS-B4,HALL-B,it,0.0,7.5,0.0,0.0,0.0,100,0,0,6
2026-09-05T19:00:00Z,UPS-B4,HALL-B,it,0.0,7.5,0.0,0.0,0.0,100,0,0,6
2026-09-05T20:00:00Z,UPS-B4,HALL-B,it,0.0,7.5,0.0,0.0,0.0,100,0,0,6
2026-09-05T21:00:00Z,UPS-B4,HALL-B,it,0.0,7.5,0.0,0.0,0.0,100,0,0,6
2026-09-05T22:00:00Z,UPS-B4,HALL-B,it,0.0,7.5,0.0,0.0,0.0,100,0,0,6
2026-09-05T23:00:00Z,UPS-B4,HALL-B,it,0.0,7.5,0.0,0.0,0.0,100,0,0,6
2026-09-06T00:00:00Z,UPS-B4,HALL-B,it,0.0,7.5,0.0,0.0,0.0,100,0,0,6
2026-09-06T01:00:00Z,UPS-B4,HALL-B,it,0.0,7.5,0.0,0.0,0.0,100,0,0,6
2026-09-06T02:00:00Z,UPS-B4,HALL-B,it,0.0,7.5,0.0,0.0,0.0,100,0,0,6
2026-09-06T03:00:00Z,UPS-B4,HALL-B,it,0.0,7.5,0.0,0.0,0.0,100,0,0,6
2026-09-06T04:00:00Z,UPS-B4,HALL-B,it,0.0,7.5,0.0,0.0,0.0,100,0,0,6
2026-09-06T05:00:00Z,UPS-B4,HALL-B,it,0.0,7.5,0.0,0.0,0.0,100,0,0,6
2026-09-06T06:00:00Z,UPS-B4,HALL-B,it,0.0,7.5,0.0,0.0,0.0,100,0,0,6
2026-09-06T07:00:00Z,UPS-B4,HALL-B,it,0.0,7.5,0.0,0.0,0.0,100,0,0,6
2026-09-06T08:00:00Z,UPS-B4,HALL-B,it,0.0,7.5,0.0,0.0,0.0,100,0,0,6
2026-09-06T09:00:00Z,UPS-B4,HALL-B,it,0.0,7.5,0.0,0.0,0.0,100,0,0,6
2026-09-06T10:00:00Z,UPS-B4,HALL-B,it,0.0,7.5,0.0,0.0,0.0,100,0,0,6
2026-09-06T11:00:00Z,UPS-B4,HALL-B,it,0.0,7.5,0.0,0.0,0.0,100,0,0,6
2026-09-06T12:00:00Z,UPS-B4,HALL-B,it,0.0,7.5,0.0,0.0,0.0,100,0,0,6
2026-09-06T13:00:00Z,UPS-B4,HALL-B,it,0.0,7.5,0.0,0.0,0.0,100,0,0,6
2026-09-06T14:00:00Z,UPS-B4,HALL-B,it,0.0,7.5,0.0,0.0,0.0,100,0,0,6
2026-09-06T15:00:00Z,UPS-B4,HALL-B,it,0.0,7.5,0.0,0.0,0.0,100,0,0,6
2026-09-06T16:00:00Z,UPS-B4,HALL-B,it,0.0,7.5,0.0,0.0,0.0,100,0,0,6
2026-09-06T17:00:00Z,UPS-B4,HALL-B,it,0.0,7.5,0.0,0.0,0.0,100,0,0,6
2026-09-06T18:00:00Z,UPS-B4,HALL-B,it,0.0,7.5,0.0,0.0,0.0,100,0,0,6
2026-09-06T19:00:00Z,UPS-B4,HALL-B,it,0.0,7.5,0.0,0.0,0.0,100,0,0,6
2026-09-06T20:00:00Z,UPS-B4,HALL-B,it,0.0,7.5,0.0,0.0,0.0,100,0,0,6
2026-09-06T21:00:00Z,UPS-B4,HALL-B,it,0.0,7.5,0.0,0.0,0.0,100,0,0,6
2026-09-06T22:00:00Z,UPS-B4,HALL-B,it,0.0,7.5,0.0,0.0,0.0,100,0,0,6
2026-09-06T23:00:00Z,UPS-B4,HALL-B,it,0.0,7.5,0.0,0.0,0.0,100,0,0,6
2026-09-07T00:00:00Z,UPS-B4,HALL-B,it,0.0,7.5,0.0,0.0,0.0,100,0,0,6
2026-09-07T01:00:00Z,UPS-B4,HALL-B,it,0.0,7.5,0.0,0.0,0.0,100,0,0,6
2026-09-07T02:00:00Z,UPS-B4,HALL-B,it,0.0,7.5,0.0,0.0,0.0,100,0,0,6
2026-09-07T03:00:00Z,UPS-B4,HALL-B,it,0.0,7.5,0.0,0.0,0.0,100,0,0,6
2026-09-07T04:00:00Z,UPS-B4,HALL-B,it,0.0,7.5,0.0,0.0,0.0,100,0,0,6
2026-09-07T05:00:00Z,UPS-B4,HALL-B,it,0.0,7.5,0.0,0.0,0.0,100,0,0,6
2026-09-07T06:00:00Z,UPS-B4,HALL-B,it,0.0,7.5,0.0,0.0,0.0,100,0,0,6
2026-09-07T07:00:00Z,UPS-B4,HALL-B,it,0.0,7.5,0.0,0.0,0.0,100,0,0,6
2026-09-07T08:00:00Z,UPS-B4,HALL-B,it,0.0,7.5,0.0,0.0,0.0,100,0,0,6
2026-09-07T09:00:00Z,UPS-B4,HALL-B,it,0.0,7.5,0.0,0.0,0.0,100,0,0,6
2026-09-07T10:00:00Z,UPS-B4,HALL-B,it,0.0,7.5,0.0,0.0,0.0,100,0,0,6
2026-09-07T11:00:00Z,UPS-B4,HALL-B,it,0.0,7.5,0.0,0.0,0.0,100,0,0,6
2026-09-07T12:00:00Z,UPS-B4,HALL-B,it,0.0,7.5,0.0,0.0,0.0,100,0,0,6
2026-09-07T13:00:00Z,UPS-B4,HALL-B,it,0.0,7.5,0.0,0.0,0.0,100,0,0,6
2026-09-07T14:00:00Z,UPS-B4,HALL-B,it,0.0,7.5,0.0,0.0,0.0,100,0,0,6
2026-09-07T15:00:00Z,UPS-B4,HALL-B,it,0.0,7.5,0.0,0.0,0.0,100,0,0,6
2026-09-07T16:00:00Z,UPS-B4,HALL-B,it,0.0,7.5,0.0,0.0,0.0,100,0,0,6
2026-09-07T17:00:00Z,UPS-B4,HALL-B,it,0.0,7.5,0.0,0.0,0.0,100,0,0,6
2026-09-07T18:00:00Z,UPS-B4,HALL-B,it,0.0,7.5,0.0,0.0,0.0,100,0,0,6
2026-09-07T19:00:00Z,UPS-B4,HALL-B,it,0.0,7.5,0.0,0.0,0.0,100,0,0,6
2026-09-07T20:00:00Z,UPS-B4,HALL-B,it,0.0,7.5,0.0,0.0,0.0,100,0,0,6
2026-09-07T21:00:00Z,UPS-B4,HALL-B,it,0.0,7.5,0.0,0.0,0.0,100,0,0,6
2026-09-07T22:00:00Z,UPS-B4,HALL-B,it,0.0,7.5,0.0,0.0,0.0,100,0,0,6
2026-09-07T23:00:00Z,UPS-B4,HALL-B,it,0.0,7.5,0.0,0.0,0.0,100,0,0,6
2026-09-08T00:00:00Z,UPS-B4,HALL-B,it,0.0,7.5,0.0,0.0,0.0,100,0,0,6
2026-09-08T01:00:00Z,UPS-B4,HALL-B,it,0.0,7.5,0.0,0.0,0.0,100,0,0,6
2026-09-08T02:00:00Z,UPS-B4,HALL-B,it,0.0,7.5,0.0,0.0,0.0,100,0,0,6
2026-09-08T03:00:00Z,UPS-B4,HALL-B,it,0.0,7.5,0.0,0.0,0.0,100,0,0,6
2026-09-08T04:00:00Z,UPS-B4,HALL-B,it,0.0,7.5,0.0,0.0,0.0,100,0,0,6
2026-09-08T05:00:00Z,UPS-B4,HALL-B,it,0.0,7.5,0.0,0.0,0.0,100,0,0,6
2026-09-08T06:00:00Z,UPS-B4,HALL-B,it,0.0,7.5,0.0,0.0,0.0,100,0,0,6
2026-09-08T07:00:00Z,UPS-B4,HALL-B,it,0.0,7.5,0.0,0.0,0.0,100,0,0,6
2026-09-08T08:00:00Z,UPS-B4,HALL-B,it,0.0,7.5,0.0,0.0,0.0,100,0,0,6
2026-09-08T09:00:00Z,UPS-B4,HALL-B,it,0.0,7.5,0.0,0.0,0.0,100,0,0,6
2026-09-08T10:00:00Z,UPS-B4,HALL-B,it,0.0,7.5,0.0,0.0,0.0,100,0,0,6
2026-09-08T11:00:00Z,UPS-B4,HALL-B,it,0.0,7.5,0.0,0.0,0.0,100,0,0,6
2026-09-08T12:00:00Z,UPS-B4,HALL-B,it,0.0,7.5,0.0,0.0,0.0,100,0,0,6
2026-09-08T13:00:00Z,UPS-B4,HALL-B,it,0.0,7.5,0.0,0.0,0.0,100,0,0,6
2026-09-08T14:00:00Z,UPS-B4,HALL-B,it,0.0,7.5,0.0,0.0,0.0,100,0,0,6
2026-09-08T15:00:00Z,UPS-B4,HALL-B,it,0.0,7.5,0.0,0.0,0.0,100,0,0,6
2026-09-08T16:00:00Z,UPS-B4,HALL-B,it,0.0,7.5,0.0,0.0,0.0,100,0,0,6
2026-09-08T17:00:00Z,UPS-B4,HALL-B,it,0.0,7.5,0.0,0.0,0.0,100,0,0,6
2026-09-08T18:00:00Z,UPS-B4,HALL-B,it,0.0,7.5,0.0,0.0,0.0,100,0,0,6
2026-09-08T19:00:00Z,UPS-B4,HALL-B,it,0.0,7.5,0.0,0.0,0.0,100,0,0,6
2026-09-08T20:00:00Z,UPS-B4,HALL-B,it,0.0,7.5,0.0,0.0,0.0,100,0,0,6
2026-09-08T21:00:00Z,UPS-B4,HALL-B,it,0.0,7.5,0.0,0.0,0.0,100,0,0,6
2026-09-08T22:00:00Z,UPS-B4,HALL-B,it,0.0,7.5,0.0,0.0,0.0,100,0,0,6
2026-09-08T23:00:00Z,UPS-B4,HALL-B,it,0.0,7.5,0.0,0.0,0.0,100,0,0,6
2026-09-09T00:00:00Z,UPS-B4,HALL-B,it,0.0,7.5,0.0,0.0,0.0,100,0,0,6
2026-09-09T01:00:00Z,UPS-B4,HALL-B,it,0.0,7.5,0.0,0.0,0.0,100,0,0,6
2026-09-09T02:00:00Z,UPS-B4,HALL-B,it,0.0,7.5,0.0,0.0,0.0,100,0,0,6
2026-09-09T03:00:00Z,UPS-B4,HALL-B,it,0.0,7.5,0.0,0.0,0.0,100,0,0,6
2026-09-09T04:00:00Z,UPS-B4,HALL-B,it,0.0,7.5,0.0,0.0,0.0,100,0,0,6
2026-09-09T05:00:00Z,UPS-B4,HALL-B,it,0.0,7.5,0.0,0.0,0.0,100,0,0,6
2026-09-09T06:00:00Z,UPS-B4,HALL-B,it,0.0,7.5,0.0,0.0,0.0,100,0,0,6
2026-09-09T07:00:00Z,UPS-B4,HALL-B,it,0.0,7.5,0.0,0.0,0.0,100,0,0,6
2026-09-09T08:00:00Z,UPS-B4,HALL-B,it,0.0,7.5,0.0,0.0,0.0,100,0,0,6
2026-09-09T09:00:00Z,UPS-B4,HALL-B,it,0.0,7.5,0.0,0.0,0.0,100,0,0,6
2026-09-09T10:00:00Z,UPS-B4,HALL-B,it,0.0,7.5,0.0,0.0,0.0,100,0,0,6
2026-09-09T11:00:00Z,UPS-B4,HALL-B,it,0.0,7.5,0.0,0.0,0.0,100,0,0,6
2026-09-09T12:00:00Z,UPS-B4,HALL-B,it,0.0,7.5,0.0,0.0,0.0,100,0,0,6
2026-09-09T13:00:00Z,UPS-B4,HALL-B,it,0.0,7.5,0.0,0.0,0.0,100,0,0,6
2026-09-09T14:00:00Z,UPS-B4,HALL-B,it,0.0,7.5,0.0,0.0,0.0,100,0,0,6
2026-09-09T15:00:00Z,UPS-B4,HALL-B,it,0.0,7.5,0.0,0.0,0.0,100,0,0,6
2026-09-09T16:00:00Z,UPS-B4,HALL-B,it,0.0,7.5,0.0,0.0,0.0,100,0,0,6
2026-09-09T17:00:00Z,UPS-B4,HALL-B,it,0.0,7.5,0.0,0.0,0.0,100,0,0,6
2026-09-09T18:00:00Z,UPS-B4,HALL-B,it,0.0,7.5,0.0,0.0,0.0,100,0,0,6
2026-09-09T19:00:00Z,UPS-B4,HALL-B,it,0.0,7.5,0.0,0.0,0.0,100,0,0,6
2026-09-09T20:00:00Z,UPS-B4,HALL-B,it,0.0,7.5,0.0,0.0,0.0,100,0,0,6
2026-09-09T21:00:00Z,UPS-B4,HALL-B,it,0.0,7.5,0.0,0.0,0.0,100,0,0,6
2026-09-09T22:00:00Z,UPS-B4,HALL-B,it,0.0,7.5,0.0,0.0,0.0,100,0,0,6
2026-09-09T23:00:00Z,UPS-B4,HALL-B,it,0.0,7.5,0.0,0.0,0.0,100,0,0,6
2026-09-10T00:00:00Z,UPS-B4,HALL-B,it,0.0,7.5,0.0,0.0,0.0,100,0,0,6
2026-09-10T01:00:00Z,UPS-B4,HALL-B,it,0.0,7.5,0.0,0.0,0.0,100,0,0,6
2026-09-10T02:00:00Z,UPS-B4,HALL-B,it,0.0,7.5,0.0,0.0,0.0,100,0,0,6
2026-09-10T03:00:00Z,UPS-B4,HALL-B,it,0.0,7.5,0.0,0.0,0.0,100,0,0,6
2026-09-10T04:00:00Z,UPS-B4,HALL-B,it,0.0,7.5,0.0,0.0,0.0,100,0,0,6
2026-09-10T05:00:00Z,UPS-B4,HALL-B,it,0.0,7.5,0.0,0.0,0.0,100,0,0,6
2026-09-10T06:00:00Z,UPS-B4,HALL-B,it,0.0,7.5,0.0,0.0,0.0,100,0,0,6
2026-09-10T07:00:00Z,UPS-B4,HALL-B,it,0.0,7.5,0.0,0.0,0.0,100,0,0,6
2026-09-10T08:00:00Z,UPS-B4,HALL-B,it,0.0,7.5,0.0,0.0,0.0,100,0,0,6
2026-09-10T09:00:00Z,UPS-B4,HALL-B,it,0.0,7.5,0.0,0.0,0.0,100,0,0,6
2026-09-10T10:00:00Z,UPS-B4,HALL-B,it,0.0,7.5,0.0,0.0,0.0,100,0,0,6
2026-09-10T11:00:00Z,UPS-B4,HALL-B,it,0.0,7.5,0.0,0.0,0.0,100,0,0,6
2026-09-10T12:00:00Z,UPS-B4,HALL-B,it,0.0,7.5,0.0,0.0,0.0,100,0,0,6
2026-09-10T13:00:00Z,UPS-B4,HALL-B,it,0.0,7.5,0.0,0.0,0.0,100,0,0,6
2026-09-10T14:00:00Z,UPS-B4,HALL-B,it,0.0,7.5,0.0,0.0,0.0,100,0,0,6
2026-09-10T15:00:00Z,UPS-B4,HALL-B,it,0.0,7.5,0.0,0.0,0.0,100,0,0,6
2026-09-10T16:00:00Z,UPS-B4,HALL-B,it,0.0,7.5,0.0,0.0,0.0,100,0,0,6
2026-09-10T17:00:00Z,UPS-B4,HALL-B,it,0.0,7.5,0.0,0.0,0.0,100,0,0,6
2026-09-10T18:00:00Z,UPS-B4,HALL-B,it,0.0,7.5,0.0,0.0,0.0,100,0,0,6
2026-09-10T19:00:00Z,UPS-B4,HALL-B,it,0.0,7.5,0.0,0.0,0.0,100,0,0,6
2026-09-10T20:00:00Z,UPS-B4,HALL-B,it,0.0,7.5,0.0,0.0,0.0,100,0,0,6
2026-09-10T21:00:00Z,UPS-B4,HALL-B,it,0.0,7.5,0.0,0.0,0.0,100,0,0,6
2026-09-10T22:00:00Z,UPS-B4,HALL-B,it,0.0,7.5,0.0,0.0,0.0,100,0,0,6
2026-09-10T23:00:00Z,UPS-B4,HALL-B,it,0.0,7.5,0.0,0.0,0.0,100,0,0,6
2026-09-11T00:00:00Z,UPS-B4,HALL-B,it,0.0,7.5,0.0,0.0,0.0,100,0,0,6
2026-09-11T01:00:00Z,UPS-B4,HALL-B,it,0.0,7.5,0.0,0.0,0.0,100,0,0,6
2026-09-11T02:00:00Z,UPS-B4,HALL-B,it,0.0,7.5,0.0,0.0,0.0,100,0,0,6
2026-09-11T03:00:00Z,UPS-B4,HALL-B,it,0.0,7.5,0.0,0.0,0.0,100,0,0,6
2026-09-11T04:00:00Z,UPS-B4,HALL-B,it,0.0,7.5,0.0,0.0,0.0,100,0,0,6
2026-09-11T05:00:00Z,UPS-B4,HALL-B,it,0.0,7.5,0.0,0.0,0.0,100,0,0,6
2026-09-11T06:00:00Z,UPS-B4,HALL-B,it,0.0,7.5,0.0,0.0,0.0,100,0,0,6
2026-09-11T07:00:00Z,UPS-B4,HALL-B,it,0.0,7.5,0.0,0.0,0.0,100,0,0,6
2026-09-11T08:00:00Z,UPS-B4,HALL-B,it,0.0,7.5,0.0,0.0,0.0,100,0,0,6
2026-09-11T09:00:00Z,UPS-B4,HALL-B,it,0.0,7.5,0.0,0.0,0.0,100,0,0,6
2026-09-11T10:00:00Z,UPS-B4,HALL-B,it,0.0,7.5,0.0,0.0,0.0,100,0,0,6
2026-09-11T11:00:00Z,UPS-B4,HALL-B,it,0.0,7.5,0.0,0.0,0.0,100,0,0,6
2026-09-11T12:00:00Z,UPS-B4,HALL-B,it,0.0,7.5,0.0,0.0,0.0,100,0,0,6
2026-09-11T13:00:00Z,UPS-B4,HALL-B,it,0.0,7.5,0.0,0.0,0.0,100,0,0,6
2026-09-11T14:00:00Z,UPS-B4,HALL-B,it,0.0,7.5,0.0,0.0,0.0,100,0,0,6
2026-09-11T15:00:00Z,UPS-B4,HALL-B,it,0.0,7.5,0.0,0.0,0.0,100,0,0,6
2026-09-11T16:00:00Z,UPS-B4,HALL-B,it,0.0,7.5,0.0,0.0,0.0,100,0,0,6
2026-09-11T17:00:00Z,UPS-B4,HALL-B,it,0.0,7.5,0.0,0.0,0.0,100,0,0,6
2026-09-11T18:00:00Z,UPS-B4,HALL-B,it,0.0,7.5,0.0,0.0,0.0,100,0,0,6
2026-09-11T19:00:00Z,UPS-B4,HALL-B,it,0.0,7.5,0.0,0.0,0.0,100,0,0,6
2026-09-11T20:00:00Z,UPS-B4,HALL-B,it,0.0,7.5,0.0,0.0,0.0,100,0,0,6
2026-09-11T21:00:00Z,UPS-B4,HALL-B,it,0.0,7.5,0.0,0.0,0.0,100,0,0,6
2026-09-11T22:00:00Z,UPS-B4,HALL-B,it,0.0,7.5,0.0,0.0,0.0,100,0,0,6
2026-09-11T23:00:00Z,UPS-B4,HALL-B,it,0.0,7.5,0.0,0.0,0.0,100,0,0,6
2026-09-12T00:00:00Z,UPS-B4,HALL-B,it,0.0,7.5,0.0,0.0,0.0,100,0,0,6
2026-09-12T01:00:00Z,UPS-B4,HALL-B,it,0.0,7.5,0.0,0.0,0.0,100,0,0,6
2026-09-12T02:00:00Z,UPS-B4,HALL-B,it,0.0,7.5,0.0,0.0,0.0,100,0,0,6
2026-09-12T03:00:00Z,UPS-B4,HALL-B,it,0.0,7.5,0.0,0.0,0.0,100,0,0,6
2026-09-12T04:00:00Z,UPS-B4,HALL-B,it,0.0,7.5,0.0,0.0,0.0,100,0,0,6
2026-09-12T05:00:00Z,UPS-B4,HALL-B,it,0.0,7.5,0.0,0.0,0.0,100,0,0,6
2026-09-12T06:00:00Z,UPS-B4,HALL-B,it,0.0,7.5,0.0,0.0,0.0,100,0,0,6
2026-09-12T07:00:00Z,UPS-B4,HALL-B,it,0.0,7.5,0.0,0.0,0.0,100,0,0,6
2026-09-12T08:00:00Z,UPS-B4,HALL-B,it,0.0,7.5,0.0,0.0,0.0,100,0,0,6
2026-09-12T09:00:00Z,UPS-B4,HALL-B,it,0.0,7.5,0.0,0.0,0.0,100,0,0,6
2026-09-12T10:00:00Z,UPS-B4,HALL-B,it,0.0,7.5,0.0,0.0,0.0,100,0,0,6
2026-09-12T11:00:00Z,UPS-B4,HALL-B,it,0.0,7.5,0.0,0.0,0.0,100,0,0,6
2026-09-12T12:00:00Z,UPS-B4,HALL-B,it,0.0,7.5,0.0,0.0,0.0,100,0,0,6
2026-09-12T13:00:00Z,UPS-B4,HALL-B,it,0.0,7.5,0.0,0.0,0.0,100,0,0,6
2026-09-12T14:00:00Z,UPS-B4,HALL-B,it,0.0,7.5,0.0,0.0,0.0,100,0,0,6
2026-09-12T15:00:00Z,UPS-B4,HALL-B,it,0.0,7.5,0.0,0.0,0.0,100,0,0,6
2026-09-12T16:00:00Z,UPS-B4,HALL-B,it,0.0,7.5,0.0,0.0,0.0,100,0,0,6
2026-09-12T17:00:00Z,UPS-B4,HALL-B,it,0.0,7.5,0.0,0.0,0.0,100,0,0,6
2026-09-12T18:00:00Z,UPS-B4,HALL-B,it,0.0,7.5,0.0,0.0,0.0,100,0,0,6
2026-09-12T19:00:00Z,UPS-B4,HALL-B,it,0.0,7.5,0.0,0.0,0.0,100,0,0,6
2026-09-12T20:00:00Z,UPS-B4,HALL-B,it,0.0,7.5,0.0,0.0,0.0,100,0,0,6
2026-09-12T21:00:00Z,UPS-B4,HALL-B,it,0.0,7.5,0.0,0.0,0.0,100,0,0,6
2026-09-12T22:00:00Z,UPS-B4,HALL-B,it,0.0,7.5,0.0,0.0,0.0,100,0,0,6
2026-09-12T23:00:00Z,UPS-B4,HALL-B,it,0.0,7.5,0.0,0.0,0.0,100,0,0,6
2026-09-13T00:00:00Z,UPS-B4,HALL-B,it,0.0,7.5,0.0,0.0,0.0,100,0,0,6
2026-09-13T01:00:00Z,UPS-B4,HALL-B,it,0.0,7.5,0.0,0.0,0.0,100,0,0,6
2026-09-13T02:00:00Z,UPS-B4,HALL-B,it,0.0,7.5,0.0,0.0,0.0,100,0,0,6
2026-09-13T03:00:00Z,UPS-B4,HALL-B,it,0.0,7.5,0.0,0.0,0.0,100,0,0,6
2026-09-13T04:00:00Z,UPS-B4,HALL-B,it,0.0,7.5,0.0,0.0,0.0,100,0,0,6
2026-09-13T05:00:00Z,UPS-B4,HALL-B,it,0.0,7.5,0.0,0.0,0.0,100,0,0,6
2026-09-13T06:00:00Z,UPS-B4,HALL-B,it,0.0,7.5,0.0,0.0,0.0,100,0,0,6
2026-09-13T07:00:00Z,UPS-B4,HALL-B,it,0.0,7.5,0.0,0.0,0.0,100,0,0,6
2026-09-13T08:00:00Z,UPS-B4,HALL-B,it,0.0,7.5,0.0,0.0,0.0,100,0,0,6
2026-09-13T09:00:00Z,UPS-B4,HALL-B,it,10.47,18.3,0.7,3.8,70.3,100,0,0,6
2026-09-13T10:00:00Z,UPS-B4,HALL-B,it,57.1,66.4,3.8,3.8,70.3,100,0,0,6
2026-09-13T11:00:00Z,UPS-B4,HALL-B,it,57.1,66.4,3.8,3.8,70.3,100,0,0,6
2026-09-13T12:00:00Z,UPS-B4,HALL-B,it,57.1,66.4,3.8,3.8,70.3,100,0,0,6
2026-09-13T13:00:00Z,UPS-B4,HALL-B,it,49.53,58.59,3.3,3.8,70.4,100,0,0,6
2026-09-13T14:00:00Z,UPS-B4,HALL-B,it,23.37,31.61,1.6,3.8,70.3,100,0,0,6
2026-09-13T15:00:00Z,UPS-B4,HALL-B,it,57.1,66.4,3.8,3.8,70.3,100,0,0,6
2026-09-13T16:00:00Z,UPS-B4,HALL-B,it,57.1,66.4,3.8,3.8,70.3,100,0,0,6
2026-09-13T17:00:00Z,UPS-B4,HALL-B,it,57.1,66.4,3.8,3.8,70.3,100,0,0,6
2026-09-13T18:00:00Z,UPS-B4,HALL-B,it,49.53,58.59,3.3,3.8,70.3,100,0,0,6
2026-09-13T19:00:00Z,UPS-B4,HALL-B,it,23.37,31.61,1.6,3.8,70.2,100,0,0,6
2026-09-13T20:00:00Z,UPS-B4,HALL-B,it,57.1,66.4,3.8,3.8,70.4,100,0,0,6
2026-09-13T21:00:00Z,UPS-B4,HALL-B,it,57.1,66.4,3.8,3.8,70.4,100,0,0,6
2026-09-13T22:00:00Z,UPS-B4,HALL-B,it,92.0,102.35,6.1,7.6,139.1,100,0,0,6
2026-09-13T23:00:00Z,UPS-B4,HALL-B,it,106.13,116.89,7.1,7.6,139.2,100,0,0,6
2026-09-14T00:00:00Z,UPS-B4,HALL-B,it,79.97,89.91,5.3,7.6,138.9,100,0,0,6
2026-09-14T01:00:00Z,UPS-B4,HALL-B,it,113.7,124.7,7.6,7.6,139.2,100,0,0,6
2026-09-14T02:00:00Z,UPS-B4,HALL-B,it,88.47,98.73,5.9,7.6,139.1,100,0,0,6
2026-09-14T03:00:00Z,UPS-B4,HALL-B,it,98.02,108.55,6.6,7.6,139.2,100,0,0,6
2026-09-14T04:00:00Z,UPS-B4,HALL-B,it,106.13,116.89,7.1,7.6,139.1,100,0,0,6
2026-09-14T05:00:00Z,UPS-B4,HALL-B,it,79.97,89.91,5.3,7.6,139.0,100,0,0,6
2026-09-14T06:00:00Z,UPS-B4,HALL-B,it,113.7,124.7,7.6,7.6,139.1,100,0,0,6
2026-09-14T07:00:00Z,UPS-B4,HALL-B,it,88.47,98.73,5.9,7.6,139.0,100,0,0,6
2026-09-14T08:00:00Z,UPS-B4,HALL-B,it,98.02,108.55,6.6,7.6,139.3,100,0,0,6
2026-09-14T09:00:00Z,UPS-B4,HALL-B,it,106.13,116.89,7.1,7.6,139.1,100,0,0,6
2026-09-14T10:00:00Z,UPS-B4,HALL-B,it,79.97,89.91,5.3,7.6,139.0,100,0,0,6
2026-09-14T11:00:00Z,UPS-B4,HALL-B,it,113.7,124.7,7.6,7.6,139.1,100,0,0,6
2026-09-14T12:00:00Z,UPS-B4,HALL-B,it,88.47,98.73,5.9,7.6,138.9,100,0,0,6
2026-09-14T13:00:00Z,UPS-B4,HALL-B,it,98.02,108.56,6.6,7.6,139.1,100,0,0,6
2026-09-14T14:00:00Z,UPS-B4,HALL-B,it,106.13,116.89,7.1,7.6,139.0,100,0,0,6
2026-09-14T15:00:00Z,UPS-B4,HALL-B,it,79.97,89.91,5.3,7.6,139.0,100,0,0,6
2026-09-14T16:00:00Z,UPS-B4,HALL-B,it,113.7,124.7,7.6,7.6,139.0,100,0,0,6
2026-09-14T17:00:00Z,UPS-B4,HALL-B,it,88.47,98.72,5.9,7.6,139.0,100,0,0,6
2026-09-14T18:00:00Z,UPS-B4,HALL-B,it,98.02,108.55,6.6,7.6,139.1,100,0,0,6
2026-09-14T19:00:00Z,UPS-B4,HALL-B,it,106.13,116.89,7.1,7.6,139.1,100,0,0,6
2026-09-14T20:00:00Z,UPS-B4,HALL-B,it,79.97,89.91,5.3,7.6,139.1,100,0,0,6
2026-09-14T21:00:00Z,UPS-B4,HALL-B,it,113.7,124.7,7.6,7.6,139.1,100,0,0,6
2026-09-14T22:00:00Z,UPS-B4,HALL-B,it,88.47,98.72,5.9,7.6,139.0,100,0,0,6
2026-09-14T23:00:00Z,UPS-B4,HALL-B,it,98.02,108.56,6.6,7.6,139.1,100,0,0,6
2026-09-15T00:00:00Z,UPS-B4,HALL-B,it,106.13,116.89,7.1,7.6,139.1,100,0,0,6
2026-09-15T01:00:00Z,UPS-B4,HALL-B,it,79.97,89.91,5.3,7.6,139.1,100,0,0,6
2026-09-15T02:00:00Z,UPS-B4,HALL-B,it,113.7,124.7,7.6,7.6,139.2,100,0,0,6
2026-09-15T03:00:00Z,UPS-B4,HALL-B,it,88.47,98.72,5.9,7.6,139.2,100,0,0,6
2026-09-15T04:00:00Z,UPS-B4,HALL-B,it,98.02,108.55,6.6,7.6,139.0,100,0,0,6
2026-09-15T05:00:00Z,UPS-B4,HALL-B,it,106.13,116.89,7.1,7.6,139.2,100,0,0,6
2026-09-15T06:00:00Z,UPS-B4,HALL-B,it,79.97,89.91,5.3,7.6,139.0,100,0,0,6
2026-09-15T07:00:00Z,UPS-B4,HALL-B,it,113.7,124.7,7.6,7.6,139.2,100,0,0,6
2026-09-15T08:00:00Z,UPS-B4,HALL-B,it,88.47,98.72,5.9,7.6,139.0,100,0,0,6
2026-09-15T09:00:00Z,UPS-B4,HALL-B,it,98.02,108.55,6.6,7.6,139.2,100,0,0,6
2026-09-15T10:00:00Z,UPS-B4,HALL-B,it,106.12,116.89,7.1,7.6,139.0,100,0,0,6
2026-09-15T11:00:00Z,UPS-B4,HALL-B,it,79.97,89.91,5.3,7.6,139.0,100,0,0,6
2026-09-15T12:00:00Z,UPS-B4,HALL-B,it,113.7,124.7,7.6,7.6,139.1,100,0,0,6
2026-09-15T13:00:00Z,UPS-B4,HALL-B,it,88.47,98.72,5.9,7.6,139.0,100,0,0,6
2026-09-15T14:00:00Z,UPS-B4,HALL-B,it,98.02,108.55,6.6,7.6,139.3,100,0,0,6
2026-09-15T15:00:00Z,UPS-B4,HALL-B,it,106.13,116.89,7.1,7.6,139.3,100,0,0,6
2026-09-15T16:00:00Z,UPS-B4,HALL-B,it,79.97,89.91,5.3,7.6,139.2,100,0,0,6
2026-09-15T17:00:00Z,UPS-B4,HALL-B,it,113.7,124.7,7.6,7.6,139.2,100,0,0,6
2026-09-15T18:00:00Z,UPS-B4,HALL-B,it,96.2,106.68,6.4,8.7,158.7,100,0,0,6
2026-09-15T19:00:00Z,UPS-B4,HALL-B,it,156.02,168.32,10.4,11.4,209.7,100,0,0,6
2026-09-15T20:00:00Z,UPS-B4,HALL-B,it,164.13,176.69,10.9,11.4,209.7,100,0,0,6
2026-09-15T21:00:00Z,UPS-B4,HALL-B,it,137.97,149.71,9.2,11.4,209.7,100,0,0,6
2026-09-15T22:00:00Z,UPS-B4,HALL-B,it,166.1,178.73,11.0,11.4,209.6,100,0,0,6
2026-09-15T23:00:00Z,UPS-B4,HALL-B,it,110.07,120.94,7.3,8.7,158.7,100,0,0,6
2026-09-16T00:00:00Z,UPS-B4,HALL-B,it,156.02,168.32,10.4,11.4,209.6,100,0,0,6
2026-09-16T01:00:00Z,UPS-B4,HALL-B,it,164.12,176.69,10.9,11.4,209.7,100,0,0,6
2026-09-16T02:00:00Z,UPS-B4,HALL-B,it,137.97,149.71,9.2,11.4,209.5,100,0,0,6
2026-09-16T03:00:00Z,UPS-B4,HALL-B,it,166.1,178.73,11.0,11.4,209.8,100,0,0,6
2026-09-16T04:00:00Z,UPS-B4,HALL-B,it,110.08,120.95,7.3,8.7,158.9,100,0,0,6
2026-09-16T05:00:00Z,UPS-B4,HALL-B,it,156.02,168.32,10.4,11.4,209.6,100,0,0,6
2026-09-16T06:00:00Z,UPS-B4,HALL-B,it,164.13,176.69,10.9,11.4,209.8,100,0,0,6
2026-09-16T07:00:00Z,UPS-B4,HALL-B,it,137.97,149.71,9.2,11.4,209.3,100,0,0,6
2026-09-16T08:00:00Z,UPS-B4,HALL-B,it,166.1,178.73,11.0,11.4,209.8,100,0,0,6
2026-09-16T09:00:00Z,UPS-B4,HALL-B,it,110.07,120.94,7.3,8.7,158.8,100,0,0,6
2026-09-16T10:00:00Z,UPS-B4,HALL-B,it,156.02,168.32,10.4,11.4,209.5,100,0,0,6
2026-09-16T11:00:00Z,UPS-B4,HALL-B,it,164.13,176.69,10.9,11.4,209.7,100,0,0,6
2026-09-16T12:00:00Z,UPS-B4,HALL-B,it,137.97,149.71,9.2,11.4,209.7,100,0,0,6
2026-09-16T13:00:00Z,UPS-B4,HALL-B,it,166.1,178.73,11.0,11.4,209.7,100,0,0,6
2026-09-16T14:00:00Z,UPS-B4,HALL-B,it,110.07,120.94,7.3,8.7,158.8,100,0,0,6
2026-09-16T15:00:00Z,UPS-B4,HALL-B,it,156.02,168.32,10.4,11.4,209.6,100,0,0,6
2026-09-16T16:00:00Z,UPS-B4,HALL-B,it,164.13,176.69,10.9,11.4,209.9,100,0,0,6
2026-09-16T17:00:00Z,UPS-B4,HALL-B,it,137.97,149.71,9.2,11.4,209.9,100,0,0,6
2026-09-16T18:00:00Z,UPS-B4,HALL-B,it,166.1,178.73,11.0,11.4,209.7,100,0,0,6
2026-09-16T19:00:00Z,UPS-B4,HALL-B,it,110.07,120.94,7.3,8.7,158.7,100,0,0,6
2026-09-16T20:00:00Z,UPS-B4,HALL-B,it,156.02,168.32,10.4,11.4,209.6,100,0,0,6
2026-09-16T21:00:00Z,UPS-B4,HALL-B,it,164.13,176.69,10.9,11.4,209.8,100,0,0,6
2026-09-16T22:00:00Z,UPS-B4,HALL-B,it,150.23,162.36,10.0,15.2,277.4,100,0,0,6
2026-09-16T23:00:00Z,UPS-B4,HALL-B,it,222.7,237.13,14.8,15.2,277.8,100,0,0,6
2026-09-17T00:00:00Z,UPS-B4,HALL-B,it,166.67,179.34,11.1,12.5,229.0,100,0,0,6
2026-09-17T01:00:00Z,UPS-B4,HALL-B,it,212.62,226.72,14.2,15.2,277.5,100,0,0,6
2026-09-17T02:00:00Z,UPS-B4,HALL-B,it,211.85,225.93,14.1,15.2,277.5,100,0,0,6
2026-09-17T03:00:00Z,UPS-B4,HALL-B,it,162.46,174.97,10.8,15.2,277.5,100,0,0,6
2026-09-17T04:00:00Z,UPS-B4,HALL-B,it,222.7,237.13,14.8,15.2,277.4,100,0,0,6
2026-09-17T05:00:00Z,UPS-B4,HALL-B,it,166.67,179.34,11.1,12.5,228.8,100,0,0,6
2026-09-17T06:00:00Z,UPS-B4,HALL-B,it,212.62,226.72,14.2,15.2,277.6,100,0,0,6
2026-09-17T07:00:00Z,UPS-B4,HALL-B,it,211.84,225.93,14.1,15.2,277.6,100,0,0,6
2026-09-17T08:00:00Z,UPS-B4,HALL-B,it,162.46,174.98,10.8,15.2,277.5,100,0,0,6
2026-09-17T09:00:00Z,UPS-B4,HALL-B,it,222.7,237.13,14.8,15.2,277.5,100,0,0,6
2026-09-17T10:00:00Z,UPS-B4,HALL-B,it,166.68,179.35,11.1,12.5,228.9,100,0,0,6
2026-09-17T11:00:00Z,UPS-B4,HALL-B,it,212.62,226.72,14.2,15.2,277.5,100,0,0,6
2026-09-17T12:00:00Z,UPS-B4,HALL-B,it,211.84,225.93,14.1,15.2,277.6,100,0,0,6
2026-09-17T13:00:00Z,UPS-B4,HALL-B,it,162.46,174.97,10.8,15.2,277.3,100,0,0,6
2026-09-17T14:00:00Z,UPS-B4,HALL-B,it,222.7,237.13,14.8,15.2,277.5,100,0,0,6
2026-09-17T15:00:00Z,UPS-B4,HALL-B,it,166.68,179.35,11.1,12.5,229.0,100,0,0,6
2026-09-17T16:00:00Z,UPS-B4,HALL-B,it,212.62,226.72,14.2,15.2,277.5,100,0,0,6
2026-09-17T17:00:00Z,UPS-B4,HALL-B,it,211.85,225.93,14.1,15.2,277.8,100,0,0,6
2026-09-17T18:00:00Z,UPS-B4,HALL-B,it,162.46,174.98,10.8,15.2,277.1,100,0,0,6
2026-09-17T19:00:00Z,UPS-B4,HALL-B,it,222.7,237.13,14.8,15.2,277.4,100,0,0,6
2026-09-17T20:00:00Z,UPS-B4,HALL-B,it,162.84,175.39,10.9,12.5,228.9,100,0,0,6
2026-09-17T21:00:00Z,UPS-B4,HALL-B,it,211.56,225.63,14.1,15.2,277.6,100,0,0,6
2026-09-17T22:00:00Z,UPS-B4,HALL-B,it,218.39,232.68,14.5,15.2,277.6,100,0,0,6
2026-09-17T23:00:00Z,UPS-B4,HALL-B,it,195.16,208.71,13.0,15.2,277.4,100,0,0,6
2026-09-18T00:00:00Z,UPS-B4,HALL-B,it,215.87,230.08,14.4,15.2,277.4,100,0,0,6
2026-09-18T01:00:00Z,UPS-B4,HALL-B,it,161.57,174.09,10.8,12.5,228.5,100,0,0,6
2026-09-18T02:00:00Z,UPS-B4,HALL-B,it,211.21,225.27,14.1,15.2,277.4,100,0,0,6
2026-09-18T03:00:00Z,UPS-B4,HALL-B,it,218.03,232.31,14.5,15.2,277.2,100,0,0,6
2026-09-18T04:00:00Z,UPS-B4,HALL-B,it,196.0,209.58,13.1,15.2,277.1,100,0,0,6
2026-09-18T05:00:00Z,UPS-B4,HALL-B,it,221.31,235.69,14.7,15.2,277.3,100,0,0,6
2026-09-18T06:00:00Z,UPS-B4,HALL-B,it,165.26,177.9,11.0,12.5,228.8,100,0,0,6
2026-09-18T07:00:00Z,UPS-B4,HALL-B,it,211.21,225.28,14.1,15.2,277.4,100,0,0,6
2026-09-18T08:00:00Z,UPS-B4,HALL-B,it,218.02,232.3,14.5,15.2,277.5,100,0,0,6
2026-09-18T09:00:00Z,UPS-B4,HALL-B,it,195.98,209.56,13.1,15.2,277.1,100,0,0,6
2026-09-18T10:00:00Z,UPS-B4,HALL-B,it,221.31,235.7,14.7,15.2,277.3,100,0,0,6
2026-09-18T11:00:00Z,UPS-B4,HALL-B,it,165.26,177.89,11.0,12.5,228.6,100,0,0,6
2026-09-18T12:00:00Z,UPS-B4,HALL-B,it,211.21,225.27,14.1,15.2,277.3,100,0,0,6
2026-09-18T13:00:00Z,UPS-B4,HALL-B,it,218.03,232.31,14.5,15.2,277.4,100,0,0,6
2026-09-18T14:00:00Z,UPS-B4,HALL-B,it,196.0,209.58,13.1,15.2,277.1,100,0,0,6
2026-09-18T15:00:00Z,UPS-B4,HALL-B,it,221.3,235.69,14.7,15.2,277.3,100,0,0,6
2026-09-18T16:00:00Z,UPS-B4,HALL-B,it,165.25,177.89,11.0,12.5,228.8,100,0,0,6
2026-09-18T17:00:00Z,UPS-B4,HALL-B,it,211.21,225.27,14.1,15.2,277.2,100,0,0,6
2026-09-18T18:00:00Z,UPS-B4,HALL-B,it,218.01,232.29,14.5,15.2,277.2,100,0,0,6
2026-09-18T19:00:00Z,UPS-B4,HALL-B,it,195.99,209.57,13.1,15.2,277.1,100,0,0,6
2026-09-18T20:00:00Z,UPS-B4,HALL-B,it,221.31,235.69,14.7,15.2,277.5,100,0,0,6
2026-09-18T21:00:00Z,UPS-B4,HALL-B,it,165.26,177.89,11.0,12.5,228.7,100,0,0,6
2026-09-18T22:00:00Z,UPS-B4,HALL-B,it,211.22,225.29,14.1,15.2,277.4,100,0,0,6
2026-09-18T23:00:00Z,UPS-B4,HALL-B,it,218.02,232.3,14.5,15.2,277.3,100,0,0,6
2026-09-19T00:00:00Z,UPS-B4,HALL-B,it,194.12,207.64,13.0,15.2,277.4,100,0,0,6
2026-09-19T01:00:00Z,UPS-B4,HALL-B,it,221.31,235.69,14.7,15.2,277.4,100,0,0,6
2026-09-19T02:00:00Z,UPS-B4,HALL-B,it,186.93,200.25,12.5,15.2,277.0,100,0,0,6
2026-09-19T03:00:00Z,UPS-B4,HALL-B,it,185.97,199.23,12.4,12.5,229.0,100,0,0,6
2026-09-19T04:00:00Z,UPS-B4,HALL-B,it,177.07,190.06,11.8,12.5,228.9,100,0,0,6
2026-09-19T05:00:00Z,UPS-B4,HALL-B,it,155.03,167.31,10.3,12.5,228.7,100,0,0,6
2026-09-19T06:00:00Z,UPS-B4,HALL-B,it,191.91,205.37,12.8,15.2,276.9,100,0,0,6
2026-09-19T07:00:00Z,UPS-B4,HALL-B,it,188.7,202.08,12.6,15.2,277.2,100,0,0,6
2026-09-19T08:00:00Z,UPS-B4,HALL-B,it,217.45,231.7,14.5,16.2,297.6,100,0,0,6
2026-09-19T09:00:00Z,UPS-B4,HALL-B,it,263.06,278.68,17.5,18.8,344.4,100,0,0,6
2026-09-19T10:00:00Z,UPS-B4,HALL-B,it,248.26,263.45,16.5,18.8,344.0,100,0,0,6
2026-09-19T11:00:00Z,UPS-B4,HALL-B,it,273.48,289.41,18.2,18.8,344.4,100,0,0,6
2026-09-19T12:00:00Z,UPS-B4,HALL-B,it,242.36,257.32,16.1,18.8,343.7,100,0,0,6
2026-09-19T13:00:00Z,UPS-B4,HALL-B,it,240.57,255.54,16.0,18.8,343.7,100,0,0,6
2026-09-19T14:00:00Z,UPS-B4,HALL-B,it,270.22,286.06,18.0,18.8,344.0,100,0,0,6
2026-09-19T15:00:00Z,UPS-B4,HALL-B,it,248.26,263.46,16.6,18.8,343.9,100,0,0,6
2026-09-19T16:00:00Z,UPS-B4,HALL-B,it,275.53,291.52,18.3,18.8,343.8,100,0,0,6
2026-09-19T17:00:00Z,UPS-B4,HALL-B,it,241.33,256.26,16.1,18.8,343.8,100,0,0,6
2026-09-19T18:00:00Z,UPS-B4,HALL-B,it,239.55,254.49,16.0,18.8,343.7,100,0,0,6
2026-09-19T19:00:00Z,UPS-B4,HALL-B,it,272.28,288.19,18.1,18.8,344.3,100,0,0,6
2026-09-19T20:00:00Z,UPS-B4,HALL-B,it,248.23,263.43,16.5,18.8,344.1,100,0,0,6
2026-09-19T21:00:00Z,UPS-B4,HALL-B,it,273.48,289.41,18.2,18.8,343.9,100,0,0,6
2026-09-19T22:00:00Z,UPS-B4,HALL-B,it,241.34,256.27,16.1,18.8,343.8,100,0,0,6
2026-09-19T23:00:00Z,UPS-B4,HALL-B,it,241.61,256.62,16.1,18.8,344.1,100,0,0,6
2026-09-20T00:00:00Z,UPS-B4,HALL-B,it,277.03,293.08,18.5,20.0,365.4,100,0,0,6
2026-09-20T01:00:00Z,UPS-B4,HALL-B,it,295.62,312.27,19.7,22.9,417.9,100,0,0,6
2026-09-20T02:00:00Z,UPS-B4,HALL-B,it,333.81,351.63,22.3,22.9,418.6,100,0,0,6
2026-09-20T03:00:00Z,UPS-B4,HALL-B,it,301.65,318.47,20.1,22.9,417.7,100,0,0,6
2026-09-20T04:00:00Z,UPS-B4,HALL-B,it,294.93,311.51,19.6,20.2,368.3,100,0,0,6
2026-09-20T05:00:00Z,UPS-B4,HALL-B,it,290.69,307.18,19.4,20.1,367.9,100,0,0,6
2026-09-20T06:00:00Z,UPS-B4,HALL-B,it,308.55,325.56,20.5,22.9,418.5,100,0,0,6
2026-09-20T07:00:00Z,UPS-B4,HALL-B,it,333.81,351.63,22.3,22.9,418.5,100,0,0,6
2026-09-20T08:00:00Z,UPS-B4,HALL-B,it,301.66,318.48,20.1,22.9,418.3,100,0,0,6
2026-09-20T09:00:00Z,UPS-B4,HALL-B,it,294.94,311.52,19.6,20.2,368.2,100,0,0,6
2026-09-20T10:00:00Z,UPS-B4,HALL-B,it,293.15,309.71,19.5,20.1,368.1,100,0,0,6
2026-09-20T11:00:00Z,UPS-B4,HALL-B,it,308.54,325.55,20.5,22.9,419.1,100,0,0,6
2026-09-20T12:00:00Z,UPS-B4,HALL-B,it,333.81,351.63,22.3,22.9,418.3,100,0,0,6
2026-09-20T13:00:00Z,UPS-B4,HALL-B,it,301.65,318.48,20.1,22.9,418.0,100,0,0,6
2026-09-20T14:00:00Z,UPS-B4,HALL-B,it,279.96,296.1,18.6,20.2,368.2,100,0,0,6
2026-09-20T15:00:00Z,UPS-B4,HALL-B,it,253.22,268.53,16.9,17.4,318.7,100,0,0,6
2026-09-20T16:00:00Z,UPS-B4,HALL-B,it,267.4,283.18,17.8,20.1,368.0,100,0,0,6
2026-09-20T17:00:00Z,UPS-B4,HALL-B,it,308.61,325.64,20.6,22.8,417.5,100,0,0,6
2026-09-20T18:00:00Z,UPS-B4,HALL-B,it,329.43,347.14,22.0,22.8,416.7,100,0,0,6
2026-09-20T19:00:00Z,UPS-B4,HALL-B,it,289.62,306.08,19.3,20.0,366.3,100,0,0,6
2026-09-20T20:00:00Z,UPS-B4,HALL-B,it,287.88,304.27,19.2,20.0,365.9,100,0,0,6
2026-09-20T21:00:00Z,UPS-B4,HALL-B,it,304.44,321.36,20.3,22.8,416.0,100,0,0,6
2026-09-20T22:00:00Z,UPS-B4,HALL-B,it,334.11,351.98,22.3,22.8,416.6,100,0,0,6
2026-09-20T23:00:00Z,UPS-B4,HALL-B,it,330.3,348.04,22.0,22.8,416.6,100,0,0,6
2026-09-21T00:00:00Z,UPS-B4,HALL-B,it,289.6,306.07,19.3,20.0,366.1,100,0,0,6
2026-09-21T01:00:00Z,UPS-B4,HALL-B,it,287.92,304.32,19.2,20.0,365.8,100,0,0,6
2026-09-21T02:00:00Z,UPS-B4,HALL-B,it,302.07,318.92,20.1,22.8,415.8,100,0,0,6
2026-09-21T03:00:00Z,UPS-B4,HALL-B,it,334.1,351.96,22.3,22.8,416.4,100,0,0,6
2026-09-21T04:00:00Z,UPS-B4,HALL-B,it,332.75,350.57,22.2,22.8,416.2,100,0,0,6
2026-09-21T05:00:00Z,UPS-B4,HALL-B,it,289.66,306.13,19.3,20.0,366.3,100,0,0,6
2026-09-21T06:00:00Z,UPS-B4,HALL-B,it,290.23,306.7,19.3,20.0,366.5,100,0,0,6
2026-09-21T07:00:00Z,UPS-B4,HALL-B,it,302.06,318.91,20.1,22.8,416.4,100,0,0,6
2026-09-21T08:00:00Z,UPS-B4,HALL-B,it,331.67,349.45,22.1,22.8,416.5,100,0,0,6
2026-09-21T09:00:00Z,UPS-B4,HALL-B,it,332.8,350.62,22.2,22.8,416.2,100,0,0,6
2026-09-21T10:00:00Z,UPS-B4,HALL-B,it,287.88,304.3,19.2,20.0,365.9,100,0,0,6
2026-09-21T11:00:00Z,UPS-B4,HALL-B,it,289.65,306.1,19.3,20.0,366.4,100,0,0,6
2026-09-21T12:00:00Z,UPS-B4,HALL-B,it,302.06,318.91,20.1,22.8,416.4,100,0,0,6
2026-09-21T13:00:00Z,UPS-B4,HALL-B,it,334.12,351.99,22.3,22.8,416.2,100,0,0,6
2026-09-21T14:00:00Z,UPS-B4,HALL-B,it,332.76,350.58,22.2,22.8,416.5,100,0,0,6
2026-09-21T15:00:00Z,UPS-B4,HALL-B,it,289.66,306.13,19.3,20.0,366.3,100,0,0,6
2026-09-21T16:00:00Z,UPS-B4,HALL-B,it,266.28,282.01,17.7,19.9,364.2,100,0,0,6
2026-09-21T17:00:00Z,UPS-B4,HALL-B,it,261.02,276.58,17.4,20.0,367.2,100,0,0,6
2026-09-21T18:00:00Z,UPS-B4,HALL-B,it,295.54,312.19,19.7,20.0,367.2,100,0,0,6
2026-09-21T19:00:00Z,UPS-B4,HALL-B,it,294.18,310.79,19.6,20.0,367.5,100,0,0,6
2026-09-21T20:00:00Z,UPS-B4,HALL-B,it,273.32,289.27,18.2,19.8,362.4,100,0,0,6
2026-09-21T21:00:00Z,UPS-B4,HALL-B,it,285.98,302.35,19.0,19.8,362.6,100,0,0,6
2026-09-21T22:00:00Z,UPS-B4,HALL-B,it,300.56,317.37,20.0,22.6,412.7,100,0,0,6
2026-09-21T23:00:00Z,UPS-B4,HALL-B,it,332.61,350.42,22.2,22.6,412.7,100,0,0,6
2026-09-22T00:00:00Z,UPS-B4,HALL-B,it,330.29,348.03,22.0,22.6,413.2,100,0,0,6
2026-09-22T01:00:00Z,UPS-B4,HALL-B,it,289.55,306.01,19.3,19.9,362.8,100,0,0,6
2026-09-22T02:00:00Z,UPS-B4,HALL-B,it,282.91,299.19,18.8,19.8,362.6,100,0,0,6
2026-09-22T03:00:00Z,UPS-B4,HALL-B,it,299.59,316.36,20.0,22.6,412.9,100,0,0,6
2026-09-22T04:00:00Z,UPS-B4,HALL-B,it,331.65,349.43,22.1,22.6,413.1,100,0,0,6
2026-09-22T05:00:00Z,UPS-B4,HALL-B,it,332.22,350.02,22.2,22.6,413.1,100,0,0,6
2026-09-22T06:00:00Z,UPS-B4,HALL-B,it,289.55,306.01,19.3,19.9,363.1,100,0,0,6
2026-09-22T07:00:00Z,UPS-B4,HALL-B,it,285.4,301.75,19.0,19.8,362.9,100,0,0,6
2026-09-22T08:00:00Z,UPS-B4,HALL-B,it,299.6,316.37,20.0,22.6,412.7,100,0,0,6
2026-09-22T09:00:00Z,UPS-B4,HALL-B,it,331.64,349.43,22.1,22.6,413.2,100,0,0,6
2026-09-22T10:00:00Z,UPS-B4,HALL-B,it,330.29,348.04,22.0,22.6,413.0,100,0,0,6
2026-09-22T11:00:00Z,UPS-B4,HALL-B,it,288.54,304.96,19.2,19.9,362.7,100,0,0,6
2026-09-22T12:00:00Z,UPS-B4,HALL-B,it,285.87,302.25,19.0,19.8,362.9,100,0,0,6
2026-09-22T13:00:00Z,UPS-B4,HALL-B,it,283.16,299.41,18.9,21.2,386.5,100,0,0,6
2026-09-22T14:00:00Z,UPS-B4,HALL-B,it,333.21,351.04,22.2,22.8,416.9,100,0,0,6
2026-09-22T15:00:00Z,UPS-B4,HALL-B,it,334.32,352.18,22.3,22.8,417.2,100,0,0,6
2026-09-22T16:00:00Z,UPS-B4,HALL-B,it,293.03,309.59,19.6,20.1,366.8,100,0,0,6
2026-09-22T17:00:00Z,UPS-B4,HALL-B,it,274.3,290.29,18.3,20.1,367.6,100,0,0,6
2026-09-22T18:00:00Z,UPS-B4,HALL-B,it,303.25,320.12,20.2,22.8,417.2,100,0,0,6
2026-09-22T19:00:00Z,UPS-B4,HALL-B,it,335.3,353.18,22.3,22.8,417.8,100,0,0,6
2026-09-22T20:00:00Z,UPS-B4,HALL-B,it,333.83,351.67,22.2,22.8,417.7,100,0,0,6
2026-09-22T21:00:00Z,UPS-B4,HALL-B,it,262.1,277.73,17.5,20.1,367.0,100,0,0,6
2026-09-22T22:00:00Z,UPS-B4,HALL-B,it,254.74,270.11,17.0,20.1,367.8,100,0,0,6
2026-09-22T23:00:00Z,UPS-B4,HALL-B,it,305.74,322.68,20.4,22.8,417.4,100,0,0,6
2026-09-23T00:00:00Z,UPS-B4,HALL-B,it,319.88,337.28,21.3,22.8,417.5,100,0,0,6
2026-09-23T01:00:00Z,UPS-B4,HALL-B,it,335.64,353.53,22.4,22.8,417.7,100,0,0,6
2026-09-23T02:00:00Z,UPS-B4,HALL-B,it,292.52,309.05,19.5,20.1,367.2,100,0,0,6
2026-09-23T03:00:00Z,UPS-B4,HALL-B,it,288.95,305.4,19.3,20.1,367.8,100,0,0,6
2026-09-23T04:00:00Z,UPS-B4,HALL-B,it,302.56,319.41,20.2,22.8,417.2,100,0,0,6
2026-09-23T05:00:00Z,UPS-B4,HALL-B,it,329.18,346.87,21.9,22.8,418.2,100,0,0,6
2026-09-23T06:00:00Z,UPS-B4,HALL-B,it,324.93,342.49,21.7,22.8,417.0,100,0,0,6
2026-09-23T07:00:00Z,UPS-B4,HALL-B,it,289.65,306.1,19.3,20.1,366.6,100,0,0,6
2026-09-23T08:00:00Z,UPS-B4,HALL-B,it,287.84,304.27,19.2,20.1,366.9,100,0,0,6
2026-09-23T09:00:00Z,UPS-B4,HALL-B,it,304.94,321.88,20.3,22.8,416.9,100,0,0,6
2026-09-23T10:00:00Z,UPS-B4,HALL-B,it,335.86,353.77,22.4,22.8,417.1,100,0,0,6
2026-09-23T11:00:00Z,UPS-B4,HALL-B,it,333.31,351.14,22.2,22.8,416.8,100,0,0,6
2026-09-23T12:00:00Z,UPS-B4,HALL-B,it,290.19,306.67,19.4,20.1,366.9,100,0,0,6
2026-09-23T13:00:00Z,UPS-B4,HALL-B,it,296.82,313.52,19.8,22.6,413.3,100,0,0,6
2026-09-23T14:00:00Z,UPS-B4,HALL-B,it,329.21,346.89,21.9,22.6,414.2,100,0,0,6
2026-09-23T15:00:00Z,UPS-B4,HALL-B,it,315.25,332.49,21.0,22.4,410.1,100,0,0,6
2026-09-23T16:00:00Z,UPS-B4,HALL-B,it,295.53,312.19,19.7,22.6,412.4,100,0,0,6
2026-09-23T17:00:00Z,UPS-B4,HALL-B,it,245.88,260.99,16.4,17.0,312.3,100,0,0,6
2026-09-23T18:00:00Z,UPS-B4,HALL-B,it,252.94,268.29,16.8,19.8,361.9,100,0,0,6
2026-09-23T19:00:00Z,UPS-B4,HALL-B,it,294.19,310.82,19.6,19.8,362.9,100,0,0,6
2026-09-23T20:00:00Z,UPS-B4,HALL-B,it,292.57,309.14,19.5,21.0,383.7,100,0,0,6
2026-09-23T21:00:00Z,UPS-B4,HALL-B,it,321.83,339.3,21.4,22.5,412.5,100,0,0,6
2026-09-23T22:00:00Z,UPS-B4,HALL-B,it,282.51,298.75,18.8,19.8,362.2,100,0,0,6
2026-09-23T23:00:00Z,UPS-B4,HALL-B,it,283.95,300.25,18.9,22.6,412.9,100,0,0,6
2026-09-24T00:00:00Z,UPS-B4,HALL-B,it,302.41,319.27,20.2,22.6,413.7,100,0,0,6
2026-09-24T01:00:00Z,UPS-B4,HALL-B,it,290.31,306.79,19.3,19.8,363.6,100,0,0,6
2026-09-24T02:00:00Z,UPS-B4,HALL-B,it,288.98,305.42,19.2,19.8,363.8,100,0,0,6
2026-09-24T03:00:00Z,UPS-B4,HALL-B,it,263.21,278.86,17.6,19.8,361.4,100,0,0,6
2026-09-24T04:00:00Z,UPS-B4,HALL-B,it,295.58,312.2,19.7,22.5,411.1,100,0,0,6
2026-09-24T05:00:00Z,UPS-B4,HALL-B,it,332.44,350.2,22.2,22.5,411.7,100,0,0,6
2026-09-24T06:00:00Z,UPS-B4,HALL-B,it,330.69,348.39,22.1,22.5,411.4,100,0,0,6
2026-09-24T07:00:00Z,UPS-B4,HALL-B,it,329.32,346.98,22.0,22.5,411.4,100,0,0,6
2026-09-24T08:00:00Z,UPS-B4,HALL-B,it,288.5,304.94,19.2,19.8,361.2,100,0,0,6
2026-09-24T09:00:00Z,UPS-B4,HALL-B,it,293.3,309.85,19.6,22.5,410.8,100,0,0,6
2026-09-24T10:00:00Z,UPS-B4,HALL-B,it,326.9,344.49,21.8,22.5,411.6,100,0,0,6
2026-09-24T11:00:00Z,UPS-B4,HALL-B,it,330.15,347.84,22.0,22.5,411.5,100,0,0,6
2026-09-24T12:00:00Z,UPS-B4,HALL-B,it,329.94,347.62,22.0,22.5,411.5,100,0,0,6
2026-09-24T13:00:00Z,UPS-B4,HALL-B,it,321.36,338.78,21.4,22.5,411.7,100,0,0,6
2026-09-24T14:00:00Z,UPS-B4,HALL-B,it,275.35,291.38,18.4,22.6,413.0,100,0,0,6
2026-09-24T15:00:00Z,UPS-B4,HALL-B,it,326.68,344.3,21.8,22.6,413.2,100,0,0,6
2026-09-24T16:00:00Z,UPS-B4,HALL-B,it,329.57,347.29,22.0,22.6,413.5,100,0,0,6
2026-09-24T17:00:00Z,UPS-B4,HALL-B,it,360.86,379.54,24.1,26.3,479.7,100,0,0,6
2026-09-24T18:00:00Z,UPS-B4,HALL-B,it,324.09,341.63,21.6,26.3,479.0,100,0,0,6
2026-09-24T19:00:00Z,UPS-B4,HALL-B,it,252.0,267.27,16.8,19.9,364.5,100,0,0,6
2026-09-24T20:00:00Z,UPS-B4,HALL-B,it,289.35,305.77,19.3,19.9,365.2,100,0,0,6
2026-09-24T21:00:00Z,UPS-B4,HALL-B,it,289.94,306.39,19.3,19.9,365.0,99,0,12,6
2026-09-24T22:00:00Z,UPS-B4,HALL-B,it,289.13,305.56,19.3,19.9,365.1,100,0,0,6
2026-09-24T23:00:00Z,UPS-B4,HALL-B,it,285.59,301.9,19.0,19.9,364.9,100,0,0,6
2026-09-25T00:00:00Z,UPS-B4,HALL-B,it,271.29,287.18,18.1,22.6,412.4,100,0,0,6
2026-09-25T01:00:00Z,UPS-B4,HALL-B,it,329.21,346.92,22.0,22.6,413.0,100,0,0,6
2026-09-25T02:00:00Z,UPS-B4,HALL-B,it,320.96,338.41,21.4,22.6,412.8,100,0,0,6
2026-09-25T03:00:00Z,UPS-B4,HALL-B,it,327.17,344.79,21.8,22.7,414.8,100,0,0,6
2026-09-25T04:00:00Z,UPS-B4,HALL-B,it,324.41,341.94,21.6,22.7,414.4,100,0,0,6
2026-09-25T05:00:00Z,UPS-B4,HALL-B,it,290.25,306.73,19.3,22.7,413.7,100,0,0,6
2026-09-25T06:00:00Z,UPS-B4,HALL-B,it,330.51,348.23,22.0,22.7,414.6,100,0,0,6
2026-09-25T07:00:00Z,UPS-B4,HALL-B,it,321.84,339.29,21.4,22.7,414.6,100,0,0,6
2026-09-25T08:00:00Z,UPS-B4,HALL-B,it,289.25,305.67,19.3,19.9,364.9,100,0,0,6
2026-09-25T09:00:00Z,UPS-B4,HALL-B,it,287.85,304.23,19.2,19.9,365.3,100,0,0,6
2026-09-25T10:00:00Z,UPS-B4,HALL-B,it,289.24,305.66,19.3,19.9,365.1,100,0,0,6
2026-09-25T11:00:00Z,UPS-B4,HALL-B,it,287.46,303.82,19.2,19.9,365.0,100,0,0,6
2026-09-25T12:00:00Z,UPS-B4,HALL-B,it,307.62,324.62,20.5,22.7,414.7,100,0,0,6
2026-09-25T13:00:00Z,UPS-B4,HALL-B,it,329.1,346.76,22.0,22.7,414.7,100,0,0,6
2026-09-25T14:00:00Z,UPS-B4,HALL-B,it,328.38,346.02,21.9,22.7,415.0,100,0,0,6
2026-09-25T15:00:00Z,UPS-B4,HALL-B,it,327.81,345.43,21.9,22.7,415.0,100,0,0,6
2026-09-25T16:00:00Z,UPS-B4,HALL-B,it,326.59,344.17,21.8,22.7,415.0,100,0,0,6
2026-09-25T17:00:00Z,UPS-B4,HALL-B,it,328.97,346.63,22.0,22.7,415.0,100,0,0,6
2026-09-25T18:00:00Z,UPS-B4,HALL-B,it,327.22,344.83,21.8,22.7,414.8,100,0,0,6
2026-09-25T19:00:00Z,UPS-B4,HALL-B,it,330.81,348.52,22.1,22.7,414.5,100,0,0,6
2026-09-25T20:00:00Z,UPS-B4,HALL-B,it,329.33,347.0,22.0,22.7,415.1,100,0,0,6
2026-09-25T21:00:00Z,UPS-B4,HALL-B,it,329.0,346.65,22.0,22.7,414.9,100,0,0,6
2026-09-25T22:00:00Z,UPS-B4,HALL-B,it,329.03,346.69,22.0,22.7,415.0,100,0,0,6
2026-09-25T23:00:00Z,UPS-B4,HALL-B,it,326.68,344.26,21.8,22.7,414.7,100,0,0,6
2026-09-26T00:00:00Z,UPS-B4,HALL-B,it,328.4,346.04,21.9,22.7,415.1,100,0,0,6
2026-09-26T01:00:00Z,UPS-B4,HALL-B,it,329.04,346.69,22.0,22.7,414.9,100,0,0,6
2026-09-26T02:00:00Z,UPS-B4,HALL-B,it,328.97,346.63,22.0,22.7,414.7,100,0,0,6
2026-09-26T03:00:00Z,UPS-B4,HALL-B,it,323.24,340.72,21.6,22.7,415.0,100,0,0,6
2026-09-26T04:00:00Z,UPS-B4,HALL-B,it,322.74,340.22,21.5,22.9,418.0,100,0,0,6
2026-09-26T05:00:00Z,UPS-B4,HALL-B,it,332.38,350.16,22.2,22.9,418.1,100,0,0,6
2026-09-26T06:00:00Z,UPS-B4,HALL-B,it,328.48,346.14,21.9,22.9,418.3,100,0,0,6
2026-09-26T07:00:00Z,UPS-B4,HALL-B,it,334.04,351.87,22.3,22.9,418.6,100,0,0,6
2026-09-26T08:00:00Z,UPS-B4,HALL-B,it,333.36,351.17,22.3,22.9,418.7,100,0,0,6
2026-09-26T09:00:00Z,UPS-B4,HALL-B,it,332.13,349.91,22.2,22.9,418.3,100,0,0,6
2026-09-26T10:00:00Z,UPS-B4,HALL-B,it,334.7,352.55,22.3,22.9,418.4,100,0,0,6
2026-09-26T11:00:00Z,UPS-B4,HALL-B,it,324.67,342.21,21.7,22.9,418.2,100,0,0,6
2026-09-26T12:00:00Z,UPS-B4,HALL-B,it,324.75,342.26,21.6,22.7,415.7,100,0,0,6
2026-09-26T13:00:00Z,UPS-B4,HALL-B,it,329.8,347.46,22.0,22.7,415.8,100,0,0,6
2026-09-26T14:00:00Z,UPS-B4,HALL-B,it,332.36,350.11,22.1,22.7,415.7,100,0,0,6
2026-09-26T15:00:00Z,UPS-B4,HALL-B,it,329.29,346.95,21.9,22.7,415.8,100,0,0,6
2026-09-26T16:00:00Z,UPS-B4,HALL-B,it,326.54,344.11,21.8,22.7,415.9,100,0,0,6
2026-09-26T17:00:00Z,UPS-B4,HALL-B,it,322.33,339.77,21.5,22.7,415.6,100,0,0,6
2026-09-26T18:00:00Z,UPS-B4,HALL-B,it,311.19,328.33,20.7,22.6,412.7,100,0,0,6
2026-09-26T19:00:00Z,UPS-B4,HALL-B,it,286.1,302.45,19.1,19.8,363.3,100,0,0,6
2026-09-26T20:00:00Z,UPS-B4,HALL-B,it,286.01,302.35,19.1,19.8,362.9,100,0,0,6
2026-09-26T21:00:00Z,UPS-B4,HALL-B,it,302.21,319.07,20.1,22.6,412.6,100,0,0,6
2026-09-26T22:00:00Z,UPS-B4,HALL-B,it,322.69,340.19,21.5,22.6,412.9,100,0,0,6
2026-09-26T23:00:00Z,UPS-B4,HALL-B,it,284.11,300.4,18.9,19.8,362.4,100,0,0,6
2026-09-27T00:00:00Z,UPS-B4,HALL-B,it,268.44,284.24,17.9,19.8,362.2,100,0,0,6
2026-09-27T01:00:00Z,UPS-B4,HALL-B,it,286.54,302.9,19.1,19.8,362.8,100,0,0,6
2026-09-27T02:00:00Z,UPS-B4,HALL-B,it,285.24,301.57,19.0,19.8,362.6,100,0,0,6
2026-09-27T03:00:00Z,UPS-B4,HALL-B,it,289.34,305.8,19.3,22.5,410.8,100,0,0,6
2026-09-27T04:00:00Z,UPS-B4,HALL-B,it,276.23,292.27,18.4,22.5,411.4,100,0,0,6
2026-09-27T05:00:00Z,UPS-B4,HALL-B,it,269.65,285.5,18.0,19.6,358.0,100,0,0,6
2026-09-27T06:00:00Z,UPS-B4,HALL-B,it,280.82,297.03,18.7,19.6,358.1,100,0,0,6
2026-09-27T07:00:00Z,UPS-B4,HALL-B,it,312.14,329.28,20.8,22.3,407.6,100,0,0,6
2026-09-27T08:00:00Z,UPS-B4,HALL-B,it,324.58,342.09,21.7,22.3,407.4,100,0,0,6
2026-09-27T09:00:00Z,UPS-B4,HALL-B,it,305.44,322.38,20.4,22.3,408.0,100,0,0,6
2026-09-27T10:00:00Z,UPS-B4,HALL-B,it,293.79,310.36,19.6,22.3,407.7,100,0,0,6
2026-09-27T11:00:00Z,UPS-B4,HALL-B,it,285.3,301.61,19.0,19.7,359.7,100,0,0,6
2026-09-27T12:00:00Z,UPS-B4,HALL-B,it,284.26,300.53,19.0,19.7,359.3,100,0,0,6
2026-09-27T13:00:00Z,UPS-B4,HALL-B,it,299.63,316.39,20.0,22.5,410.9,100,0,0,6
2026-09-27T14:00:00Z,UPS-B4,HALL-B,it,325.38,342.92,21.7,22.5,411.3,100,0,0,6
2026-09-27T15:00:00Z,UPS-B4,HALL-B,it,326.39,343.97,21.8,22.5,411.7,100,0,0,6
2026-09-27T16:00:00Z,UPS-B4,HALL-B,it,321.93,339.38,21.5,22.5,411.2,100,0,0,6
2026-09-27T17:00:00Z,UPS-B4,HALL-B,it,312.94,330.12,20.8,22.3,407.0,100,0,0,6
2026-09-27T18:00:00Z,UPS-B4,HALL-B,it,322.94,340.41,21.5,22.3,407.1,100,0,0,6
2026-09-27T19:00:00Z,UPS-B4,HALL-B,it,323.11,340.59,21.5,22.3,407.3,100,0,0,6
2026-09-27T20:00:00Z,UPS-B4,HALL-B,it,321.39,338.82,21.4,22.3,407.3,100,0,0,6
2026-09-27T21:00:00Z,UPS-B4,HALL-B,it,322.92,340.4,21.5,22.3,407.2,100,0,0,6
2026-09-27T22:00:00Z,UPS-B4,HALL-B,it,323.5,341.0,21.5,22.3,406.9,100,0,0,6
2026-09-27T23:00:00Z,UPS-B4,HALL-B,it,322.5,339.97,21.5,22.3,406.9,100,0,0,6
