hour,cdu,supply_c,supply_max_c,flow_lpm,flow_min_lpm
2026-08-31T00:00:00Z,CDU-A1,24.91,25.03,1808,1803
2026-08-31T00:00:00Z,CDU-A2,24.79,24.85,1814,1796
2026-08-31T00:00:00Z,CDU-A3,24.97,25.26,1800,1797
2026-08-31T00:00:00Z,CDU-A4,25.08,25.1,1783,1774
2026-08-31T00:00:00Z,CDU-B1,25.02,25.27,1800,1774
2026-08-31T00:00:00Z,CDU-B2,24.57,24.77,1813,1812
2026-08-31T00:00:00Z,CDU-B3,25.12,25.28,1797,1786
2026-08-31T00:00:00Z,CDU-B4,24.65,24.8,1780,1777
2026-08-31T01:00:00Z,CDU-A1,24.78,24.91,1802,1784
2026-08-31T01:00:00Z,CDU-A2,24.95,24.98,1809,1782
2026-08-31T01:00:00Z,CDU-A3,25.1,25.1,1803,1795
2026-08-31T01:00:00Z,CDU-A4,25.3,25.81,1792,1791
2026-08-31T01:00:00Z,CDU-B1,25.28,25.42,1795,1787
2026-08-31T01:00:00Z,CDU-B2,24.69,24.71,1804,1798
2026-08-31T01:00:00Z,CDU-B3,25.2,25.24,1797,1788
2026-08-31T01:00:00Z,CDU-B4,24.92,25.09,1805,1796
2026-08-31T02:00:00Z,CDU-A1,24.91,25.18,1790,1778
2026-08-31T02:00:00Z,CDU-A2,25.03,25.28,1810,1798
2026-08-31T02:00:00Z,CDU-A3,24.86,25.19,1791,1788
2026-08-31T02:00:00Z,CDU-A4,25.16,25.29,1807,1803
2026-08-31T02:00:00Z,CDU-B1,25.4,25.56,1817,1796
2026-08-31T02:00:00Z,CDU-B2,24.41,24.44,1816,1804
2026-08-31T02:00:00Z,CDU-B3,25.4,25.43,1802,1793
2026-08-31T02:00:00Z,CDU-B4,24.83,24.87,1814,1800
2026-08-31T03:00:00Z,CDU-A1,25.04,25.13,1802,1771
2026-08-31T03:00:00Z,CDU-A2,25.18,25.49,1796,1788
2026-08-31T03:00:00Z,CDU-A3,24.8,24.8,1792,1788
2026-08-31T03:00:00Z,CDU-A4,25.14,25.43,1787,1783
2026-08-31T03:00:00Z,CDU-B1,25.5,25.6,1791,1784
2026-08-31T03:00:00Z,CDU-B2,24.18,24.25,1804,1794
2026-08-31T03:00:00Z,CDU-B3,25.5,25.61,1811,1803
2026-08-31T03:00:00Z,CDU-B4,24.91,24.93,1791,1776
2026-08-31T04:00:00Z,CDU-A1,24.91,24.92,1808,1796
2026-08-31T04:00:00Z,CDU-A2,24.87,25.03,1808,1805
2026-08-31T04:00:00Z,CDU-A3,24.62,24.82,1817,1804
2026-08-31T04:00:00Z,CDU-A4,25.07,25.48,1809,1791
2026-08-31T04:00:00Z,CDU-B1,25.56,25.87,1803,1790
2026-08-31T04:00:00Z,CDU-B2,24.39,24.47,1818,1798
2026-08-31T04:00:00Z,CDU-B3,25.28,25.43,1796,1781
2026-08-31T04:00:00Z,CDU-B4,24.89,25.0,1802,1778
2026-08-31T05:00:00Z,CDU-A1,25.04,25.15,1806,1781
2026-08-31T05:00:00Z,CDU-A2,25.04,25.05,1814,1803
2026-08-31T05:00:00Z,CDU-A3,24.79,24.83,1802,1785
2026-08-31T05:00:00Z,CDU-A4,24.65,24.8,1799,1793
2026-08-31T05:00:00Z,CDU-B1,25.53,25.69,1790,1788
2026-08-31T05:00:00Z,CDU-B2,24.81,24.81,1795,1776
2026-08-31T05:00:00Z,CDU-B3,25.25,25.29,1808,1780
2026-08-31T05:00:00Z,CDU-B4,24.92,25.11,1818,1810
2026-08-31T06:00:00Z,CDU-A1,24.88,25.05,1795,1779
2026-08-31T06:00:00Z,CDU-A2,25.03,25.04,1814,1796
2026-08-31T06:00:00Z,CDU-A3,24.67,24.79,1793,1772
2026-08-31T06:00:00Z,CDU-A4,24.29,24.29,1800,1792
2026-08-31T06:00:00Z,CDU-B1,25.17,25.32,1818,1806
2026-08-31T06:00:00Z,CDU-B2,24.84,24.88,1808,1797
2026-08-31T06:00:00Z,CDU-B3,25.25,25.48,1805,1789
2026-08-31T06:00:00Z,CDU-B4,24.73,24.83,1798,1786
2026-08-31T07:00:00Z,CDU-A1,24.84,24.95,1817,1809
2026-08-31T07:00:00Z,CDU-A2,24.65,24.67,1794,1784
2026-08-31T07:00:00Z,CDU-A3,24.7,24.85,1790,1789
2026-08-31T07:00:00Z,CDU-A4,24.21,24.58,1791,1788
2026-08-31T07:00:00Z,CDU-B1,24.96,25.13,1796,1772
2026-08-31T07:00:00Z,CDU-B2,24.46,24.52,1786,1758
2026-08-31T07:00:00Z,CDU-B3,25.59,26.01,1799,1790
2026-08-31T07:00:00Z,CDU-B4,24.77,24.97,1783,1780
2026-08-31T08:00:00Z,CDU-A1,24.91,24.95,1799,1794
2026-08-31T08:00:00Z,CDU-A2,24.64,24.83,1803,1785
2026-08-31T08:00:00Z,CDU-A3,24.67,24.81,1798,1786
2026-08-31T08:00:00Z,CDU-A4,24.6,24.62,1806,1784
2026-08-31T08:00:00Z,CDU-B1,24.97,25.03,1802,1799
2026-08-31T08:00:00Z,CDU-B2,24.5,24.56,1804,1799
2026-08-31T08:00:00Z,CDU-B3,25.06,25.42,1777,1768
2026-08-31T08:00:00Z,CDU-B4,24.92,25.19,1786,1772
2026-08-31T09:00:00Z,CDU-A1,24.57,24.68,1791,1784
2026-08-31T09:00:00Z,CDU-A2,24.62,24.97,1813,1808
2026-08-31T09:00:00Z,CDU-A3,24.91,24.93,1811,1787
2026-08-31T09:00:00Z,CDU-A4,24.92,25.16,1809,1800
2026-08-31T09:00:00Z,CDU-B1,24.81,24.86,1798,1781
2026-08-31T09:00:00Z,CDU-B2,24.55,24.72,1800,1798
2026-08-31T09:00:00Z,CDU-B3,24.9,25.07,1806,1801
2026-08-31T09:00:00Z,CDU-B4,24.59,24.64,1794,1786
2026-08-31T10:00:00Z,CDU-A1,24.97,25.02,1782,1765
2026-08-31T10:00:00Z,CDU-A2,24.8,25.02,1818,1813
2026-08-31T10:00:00Z,CDU-A3,25.32,25.6,1808,1806
2026-08-31T10:00:00Z,CDU-A4,25.1,25.21,1796,1792
2026-08-31T10:00:00Z,CDU-B1,25.11,25.36,1802,1800
2026-08-31T10:00:00Z,CDU-B2,24.71,24.96,1790,1785
2026-08-31T10:00:00Z,CDU-B3,24.71,25.04,1783,1763
2026-08-31T10:00:00Z,CDU-B4,24.68,24.76,1803,1800
2026-08-31T11:00:00Z,CDU-A1,24.8,24.92,1790,1771
2026-08-31T11:00:00Z,CDU-A2,25.18,25.46,1799,1781
2026-08-31T11:00:00Z,CDU-A3,24.83,24.9,1795,1793
2026-08-31T11:00:00Z,CDU-A4,24.97,25.06,1800,1792
2026-08-31T11:00:00Z,CDU-B1,25.2,25.46,1791,1788
2026-08-31T11:00:00Z,CDU-B2,24.8,24.96,1806,1799
2026-08-31T11:00:00Z,CDU-B3,24.88,25.07,1797,1796
2026-08-31T11:00:00Z,CDU-B4,24.87,24.93,1793,1789
2026-08-31T12:00:00Z,CDU-A1,24.8,25.03,1782,1780
2026-08-31T12:00:00Z,CDU-A2,25.05,25.11,1784,1774
2026-08-31T12:00:00Z,CDU-A3,24.86,24.9,1813,1811
2026-08-31T12:00:00Z,CDU-A4,25.13,25.25,1802,1802
2026-08-31T12:00:00Z,CDU-B1,24.93,25.08,1783,1759
2026-08-31T12:00:00Z,CDU-B2,25.21,25.62,1798,1797
2026-08-31T12:00:00Z,CDU-B3,24.78,24.89,1793,1777
2026-08-31T12:00:00Z,CDU-B4,24.79,24.88,1800,1791
2026-08-31T13:00:00Z,CDU-A1,24.98,25.15,1796,1780
2026-08-31T13:00:00Z,CDU-A2,25.15,25.49,1804,1786
2026-08-31T13:00:00Z,CDU-A3,24.9,24.98,1811,1791
2026-08-31T13:00:00Z,CDU-A4,25.04,25.1,1797,1775
2026-08-31T13:00:00Z,CDU-B1,25.1,25.13,1814,1809
2026-08-31T13:00:00Z,CDU-B2,24.89,24.96,1784,1782
2026-08-31T13:00:00Z,CDU-B3,24.62,24.75,1790,1774
2026-08-31T13:00:00Z,CDU-B4,24.96,25.44,1801,1798
2026-08-31T14:00:00Z,CDU-A1,25.49,25.54,1801,1800
2026-08-31T14:00:00Z,CDU-A2,25.36,25.42,1799,1791
2026-08-31T14:00:00Z,CDU-A3,24.69,24.7,1813,1798
2026-08-31T14:00:00Z,CDU-A4,24.82,24.89,1802,1796
2026-08-31T14:00:00Z,CDU-B1,25.02,25.07,1801,1775
2026-08-31T14:00:00Z,CDU-B2,24.72,24.73,1800,1767
2026-08-31T14:00:00Z,CDU-B3,24.69,24.84,1779,1775
2026-08-31T14:00:00Z,CDU-B4,24.75,25.03,1790,1783
2026-08-31T15:00:00Z,CDU-A1,25.43,25.54,1794,1779
2026-08-31T15:00:00Z,CDU-A2,25.27,25.28,1805,1784
2026-08-31T15:00:00Z,CDU-A3,24.64,24.85,1799,1796
2026-08-31T15:00:00Z,CDU-A4,24.79,24.86,1799,1794
2026-08-31T15:00:00Z,CDU-B1,24.94,25.06,1799,1794
2026-08-31T15:00:00Z,CDU-B2,24.52,24.66,1785,1781
2026-08-31T15:00:00Z,CDU-B3,24.34,24.55,1809,1799
2026-08-31T15:00:00Z,CDU-B4,24.76,24.95,1801,1797
2026-08-31T16:00:00Z,CDU-A1,25.66,25.74,1796,1777
2026-08-31T16:00:00Z,CDU-A2,25.18,25.31,1803,1780
2026-08-31T16:00:00Z,CDU-A3,24.57,24.61,1790,1787
2026-08-31T16:00:00Z,CDU-A4,24.91,25.1,1796,1784
2026-08-31T16:00:00Z,CDU-B1,24.57,24.71,1801,1757
2026-08-31T16:00:00Z,CDU-B2,23.95,24.0,1793,1793
2026-08-31T16:00:00Z,CDU-B3,24.1,24.2,1792,1792
2026-08-31T16:00:00Z,CDU-B4,24.72,24.87,1793,1783
2026-08-31T17:00:00Z,CDU-A1,25.9,25.91,1804,1802
2026-08-31T17:00:00Z,CDU-A2,25.11,25.2,1803,1778
2026-08-31T17:00:00Z,CDU-A3,24.73,24.81,1816,1801
2026-08-31T17:00:00Z,CDU-A4,24.62,24.82,1811,1809
2026-08-31T17:00:00Z,CDU-B1,24.81,24.87,1808,1806
2026-08-31T17:00:00Z,CDU-B2,23.89,23.99,1807,1806
2026-08-31T17:00:00Z,CDU-B3,24.47,24.76,1811,1805
2026-08-31T17:00:00Z,CDU-B4,25.1,25.22,1795,1788
2026-08-31T18:00:00Z,CDU-A1,25.6,25.81,1794,1784
2026-08-31T18:00:00Z,CDU-A2,24.95,25.14,1793,1792
2026-08-31T18:00:00Z,CDU-A3,24.76,24.85,1804,1795
2026-08-31T18:00:00Z,CDU-A4,24.44,24.5,1774,1769
2026-08-31T18:00:00Z,CDU-B1,24.83,24.89,1790,1776
2026-08-31T18:00:00Z,CDU-B2,24.26,24.26,1813,1804
2026-08-31T18:00:00Z,CDU-B3,24.56,24.88,1809,1799
2026-08-31T18:00:00Z,CDU-B4,25.07,25.24,1806,1789
2026-08-31T19:00:00Z,CDU-A1,25.23,25.28,1804,1797
2026-08-31T19:00:00Z,CDU-A2,24.81,25.11,1789,1783
2026-08-31T19:00:00Z,CDU-A3,25.1,25.24,1805,1796
2026-08-31T19:00:00Z,CDU-A4,24.61,24.7,1802,1779
2026-08-31T19:00:00Z,CDU-B1,24.92,25.18,1823,1806
2026-08-31T19:00:00Z,CDU-B2,24.6,24.61,1800,1790
2026-08-31T19:00:00Z,CDU-B3,24.53,24.66,1789,1774
2026-08-31T19:00:00Z,CDU-B4,24.93,25.19,1797,1792
2026-08-31T20:00:00Z,CDU-A1,25.19,25.21,1784,1774
2026-08-31T20:00:00Z,CDU-A2,24.58,24.67,1808,1805
2026-08-31T20:00:00Z,CDU-A3,25.35,25.42,1797,1796
2026-08-31T20:00:00Z,CDU-A4,24.7,24.85,1802,1783
2026-08-31T20:00:00Z,CDU-B1,24.97,25.1,1783,1777
2026-08-31T20:00:00Z,CDU-B2,24.38,24.39,1795,1776
2026-08-31T20:00:00Z,CDU-B3,24.81,24.93,1796,1787
2026-08-31T20:00:00Z,CDU-B4,25.09,25.13,1809,1783
2026-08-31T21:00:00Z,CDU-A1,25.38,25.5,1793,1793
2026-08-31T21:00:00Z,CDU-A2,24.82,24.98,1798,1792
2026-08-31T21:00:00Z,CDU-A3,24.98,25.27,1807,1802
2026-08-31T21:00:00Z,CDU-A4,24.36,24.41,1782,1776
2026-08-31T21:00:00Z,CDU-B1,25.28,25.47,1787,1784
2026-08-31T21:00:00Z,CDU-B2,24.5,24.71,1802,1775
2026-08-31T21:00:00Z,CDU-B3,24.72,24.93,1815,1808
2026-08-31T21:00:00Z,CDU-B4,25.04,25.13,1817,1814
2026-08-31T22:00:00Z,CDU-A1,25.51,25.65,1798,1796
2026-08-31T22:00:00Z,CDU-A2,24.52,24.69,1800,1782
2026-08-31T22:00:00Z,CDU-A3,24.8,24.92,1816,1815
2026-08-31T22:00:00Z,CDU-A4,24.66,24.86,1810,1802
2026-08-31T22:00:00Z,CDU-B1,25.07,25.35,1798,1767
2026-08-31T22:00:00Z,CDU-B2,24.37,24.59,1815,1803
2026-08-31T22:00:00Z,CDU-B3,24.62,24.69,1790,1776
2026-08-31T22:00:00Z,CDU-B4,25.04,25.27,1802,1802
2026-08-31T23:00:00Z,CDU-A1,25.41,25.61,1804,1784
2026-08-31T23:00:00Z,CDU-A2,24.39,24.46,1816,1792
2026-08-31T23:00:00Z,CDU-A3,24.91,24.92,1808,1801
2026-08-31T23:00:00Z,CDU-A4,24.46,24.51,1784,1781
2026-08-31T23:00:00Z,CDU-B1,24.96,24.99,1793,1791
2026-08-31T23:00:00Z,CDU-B2,24.75,25.05,1805,1781
2026-08-31T23:00:00Z,CDU-B3,24.76,24.81,1810,1796
2026-08-31T23:00:00Z,CDU-B4,25.0,25.09,1807,1788
2026-09-01T00:00:00Z,CDU-A1,25.11,25.17,1807,1802
2026-09-01T00:00:00Z,CDU-A2,24.5,24.6,1806,1791
2026-09-01T00:00:00Z,CDU-A3,24.67,24.78,1791,1779
2026-09-01T00:00:00Z,CDU-A4,24.39,24.47,1790,1784
2026-09-01T00:00:00Z,CDU-B1,25.07,25.42,1791,1790
2026-09-01T00:00:00Z,CDU-B2,24.71,24.74,1805,1789
2026-09-01T00:00:00Z,CDU-B3,24.78,24.85,1773,1749
2026-09-01T00:00:00Z,CDU-B4,24.77,24.88,1789,1786
2026-09-01T01:00:00Z,CDU-A1,24.87,24.9,1815,1815
2026-09-01T01:00:00Z,CDU-A2,24.44,24.6,1797,1792
2026-09-01T01:00:00Z,CDU-A3,24.34,24.49,1783,1757
2026-09-01T01:00:00Z,CDU-A4,24.42,24.52,1825,1822
2026-09-01T01:00:00Z,CDU-B1,25.43,25.56,1804,1781
2026-09-01T01:00:00Z,CDU-B2,24.59,24.75,1791,1775
2026-09-01T01:00:00Z,CDU-B3,24.93,24.96,1806,1785
2026-09-01T01:00:00Z,CDU-B4,24.86,24.94,1817,1810
2026-09-01T02:00:00Z,CDU-A1,24.95,25.0,1774,1771
2026-09-01T02:00:00Z,CDU-A2,24.58,24.76,1786,1782
2026-09-01T02:00:00Z,CDU-A3,24.5,24.51,1808,1803
2026-09-01T02:00:00Z,CDU-A4,24.59,24.69,1810,1793
2026-09-01T02:00:00Z,CDU-B1,25.15,25.18,1791,1785
2026-09-01T02:00:00Z,CDU-B2,24.55,24.73,1792,1785
2026-09-01T02:00:00Z,CDU-B3,25.39,25.56,1795,1785
2026-09-01T02:00:00Z,CDU-B4,25.01,25.03,1811,1811
2026-09-01T03:00:00Z,CDU-A1,25.1,25.25,1789,1762
2026-09-01T03:00:00Z,CDU-A2,24.49,24.51,1795,1790
2026-09-01T03:00:00Z,CDU-A3,24.37,24.44,1794,1793
2026-09-01T03:00:00Z,CDU-A4,24.41,24.48,1814,1794
2026-09-01T03:00:00Z,CDU-B1,25.32,25.46,1809,1798
2026-09-01T03:00:00Z,CDU-B2,24.67,24.88,1801,1776
2026-09-01T03:00:00Z,CDU-B3,25.4,25.53,1793,1787
2026-09-01T03:00:00Z,CDU-B4,24.98,25.19,1788,1771
2026-09-01T04:00:00Z,CDU-A1,25.26,25.27,1789,1773
2026-09-01T04:00:00Z,CDU-A2,24.34,24.42,1795,1792
2026-09-01T04:00:00Z,CDU-A3,24.59,24.9,1783,1773
2026-09-01T04:00:00Z,CDU-A4,24.42,24.72,1818,1816
2026-09-01T04:00:00Z,CDU-B1,25.07,25.07,1788,1772
2026-09-01T04:00:00Z,CDU-B2,24.55,24.71,1802,1791
2026-09-01T04:00:00Z,CDU-B3,25.55,25.57,1807,1802
2026-09-01T04:00:00Z,CDU-B4,25.01,25.13,1815,1815
2026-09-01T05:00:00Z,CDU-A1,25.19,25.24,1797,1789
2026-09-01T05:00:00Z,CDU-A2,24.47,24.73,1804,1794
2026-09-01T05:00:00Z,CDU-A3,24.52,24.68,1782,1769
2026-09-01T05:00:00Z,CDU-A4,24.77,24.93,1783,1774
2026-09-01T05:00:00Z,CDU-B1,25.02,25.29,1792,1767
2026-09-01T05:00:00Z,CDU-B2,24.73,24.98,1796,1791
2026-09-01T05:00:00Z,CDU-B3,25.03,25.11,1803,1796
2026-09-01T05:00:00Z,CDU-B4,25.06,25.24,1791,1788
2026-09-01T06:00:00Z,CDU-A1,25.08,25.35,1797,1776
2026-09-01T06:00:00Z,CDU-A2,24.57,24.68,1789,1781
2026-09-01T06:00:00Z,CDU-A3,24.56,24.62,1799,1783
2026-09-01T06:00:00Z,CDU-A4,24.57,24.63,1806,1803
2026-09-01T06:00:00Z,CDU-B1,24.99,25.07,1802,1794
2026-09-01T06:00:00Z,CDU-B2,24.79,24.82,1812,1792
2026-09-01T06:00:00Z,CDU-B3,25.35,25.45,1799,1785
2026-09-01T06:00:00Z,CDU-B4,24.9,24.94,1791,1785
2026-09-01T07:00:00Z,CDU-A1,25.14,25.36,1802,1773
2026-09-01T07:00:00Z,CDU-A2,24.44,24.53,1803,1791
2026-09-01T07:00:00Z,CDU-A3,24.48,24.51,1802,1792
2026-09-01T07:00:00Z,CDU-A4,24.44,24.49,1790,1774
2026-09-01T07:00:00Z,CDU-B1,25.28,25.35,1800,1792
2026-09-01T07:00:00Z,CDU-B2,24.77,24.92,1800,1770
2026-09-01T07:00:00Z,CDU-B3,25.14,25.22,1803,1800
2026-09-01T07:00:00Z,CDU-B4,24.73,24.8,1818,1797
2026-09-01T08:00:00Z,CDU-A1,25.46,25.5,1794,1777
2026-09-01T08:00:00Z,CDU-A2,24.88,24.93,1802,1792
2026-09-01T08:00:00Z,CDU-A3,24.63,24.68,1801,1795
2026-09-01T08:00:00Z,CDU-A4,24.63,24.86,1804,1777
2026-09-01T08:00:00Z,CDU-B1,24.85,24.93,1797,1789
2026-09-01T08:00:00Z,CDU-B2,25.02,25.05,1806,1792
2026-09-01T08:00:00Z,CDU-B3,25.06,25.42,1803,1794
2026-09-01T08:00:00Z,CDU-B4,24.86,25.0,1805,1786
2026-09-01T09:00:00Z,CDU-A1,25.41,25.55,1798,1794
2026-09-01T09:00:00Z,CDU-A2,24.97,24.99,1802,1801
2026-09-01T09:00:00Z,CDU-A3,24.73,24.83,1809,1805
2026-09-01T09:00:00Z,CDU-A4,24.95,25.2,1799,1786
2026-09-01T09:00:00Z,CDU-B1,24.91,24.99,1781,1770
2026-09-01T09:00:00Z,CDU-B2,25.28,25.3,1809,1795
2026-09-01T09:00:00Z,CDU-B3,25.08,25.09,1795,1763
2026-09-01T09:00:00Z,CDU-B4,24.99,25.13,1805,1767
2026-09-01T10:00:00Z,CDU-A1,25.13,25.34,1790,1774
2026-09-01T10:00:00Z,CDU-A2,24.84,24.91,1795,1788
2026-09-01T10:00:00Z,CDU-A3,24.83,25.09,1804,1803
2026-09-01T10:00:00Z,CDU-A4,24.87,24.92,1811,1806
2026-09-01T10:00:00Z,CDU-B1,25.04,25.11,1808,1784
2026-09-01T10:00:00Z,CDU-B2,25.57,25.6,1790,1771
2026-09-01T10:00:00Z,CDU-B3,24.78,25.05,1804,1783
2026-09-01T10:00:00Z,CDU-B4,25.36,25.58,1771,1770
2026-09-01T11:00:00Z,CDU-A1,25.53,25.6,1794,1777
2026-09-01T11:00:00Z,CDU-A2,24.65,24.7,1785,1776
2026-09-01T11:00:00Z,CDU-A3,24.65,24.7,1790,1790
2026-09-01T11:00:00Z,CDU-A4,25.27,25.28,1797,1791
2026-09-01T11:00:00Z,CDU-B1,24.86,24.89,1807,1781
2026-09-01T11:00:00Z,CDU-B2,25.63,25.71,1796,1776
2026-09-01T11:00:00Z,CDU-B3,24.94,25.05,1794,1786
2026-09-01T11:00:00Z,CDU-B4,25.23,25.52,1795,1795
2026-09-01T12:00:00Z,CDU-A1,25.53,25.54,1774,1758
2026-09-01T12:00:00Z,CDU-A2,24.61,24.68,1802,1792
2026-09-01T12:00:00Z,CDU-A3,24.51,24.86,1816,1802
2026-09-01T12:00:00Z,CDU-A4,25.35,25.48,1794,1789
2026-09-01T12:00:00Z,CDU-B1,24.89,25.01,1779,1760
2026-09-01T12:00:00Z,CDU-B2,25.54,25.58,1817,1792
2026-09-01T12:00:00Z,CDU-B3,24.91,25.22,1793,1770
2026-09-01T12:00:00Z,CDU-B4,24.99,25.01,1782,1773
2026-09-01T13:00:00Z,CDU-A1,25.44,25.51,1810,1798
2026-09-01T13:00:00Z,CDU-A2,24.59,24.77,1798,1787
2026-09-01T13:00:00Z,CDU-A3,24.79,24.98,1813,1795
2026-09-01T13:00:00Z,CDU-A4,25.07,25.18,1798,1790
2026-09-01T13:00:00Z,CDU-B1,24.94,25.06,1807,1795
2026-09-01T13:00:00Z,CDU-B2,25.63,25.75,1808,1808
2026-09-01T13:00:00Z,CDU-B3,24.64,24.68,1796,1792
2026-09-01T13:00:00Z,CDU-B4,25.12,25.12,1806,1803
2026-09-01T14:00:00Z,CDU-A1,25.2,25.39,1797,1793
2026-09-01T14:00:00Z,CDU-A2,24.69,24.73,1791,1756
2026-09-01T14:00:00Z,CDU-A3,25.0,25.18,1791,1787
2026-09-01T14:00:00Z,CDU-A4,25.21,25.32,1808,1781
2026-09-01T14:00:00Z,CDU-B1,24.89,24.91,1801,1800
2026-09-01T14:00:00Z,CDU-B2,25.4,25.6,1791,1788
2026-09-01T14:00:00Z,CDU-B3,24.91,24.99,1807,1796
2026-09-01T14:00:00Z,CDU-B4,25.49,25.89,1798,1770
2026-09-01T15:00:00Z,CDU-A1,25.09,25.09,1806,1792
2026-09-01T15:00:00Z,CDU-A2,24.6,24.8,1810,1778
2026-09-01T15:00:00Z,CDU-A3,25.07,25.1,1806,1773
2026-09-01T15:00:00Z,CDU-A4,25.12,25.19,1816,1791
2026-09-01T15:00:00Z,CDU-B1,25.21,25.21,1799,1786
2026-09-01T15:00:00Z,CDU-B2,25.47,25.57,1789,1750
2026-09-01T15:00:00Z,CDU-B3,24.57,24.64,1795,1793
2026-09-01T15:00:00Z,CDU-B4,25.35,25.38,1783,1771
2026-09-01T16:00:00Z,CDU-A1,24.76,24.89,1796,1777
2026-09-01T16:00:00Z,CDU-A2,24.86,24.88,1788,1787
2026-09-01T16:00:00Z,CDU-A3,24.64,24.96,1799,1775
2026-09-01T16:00:00Z,CDU-A4,25.02,25.05,1796,1786
2026-09-01T16:00:00Z,CDU-B1,25.31,25.35,1803,1787
2026-09-01T16:00:00Z,CDU-B2,25.24,25.35,1798,1781
2026-09-01T16:00:00Z,CDU-B3,24.47,24.63,1797,1794
2026-09-01T16:00:00Z,CDU-B4,25.41,25.55,1807,1802
2026-09-01T17:00:00Z,CDU-A1,24.91,24.95,1794,1784
2026-09-01T17:00:00Z,CDU-A2,24.92,24.98,1789,1782
2026-09-01T17:00:00Z,CDU-A3,24.68,24.84,1791,1777
2026-09-01T17:00:00Z,CDU-A4,25.09,25.09,1795,1787
2026-09-01T17:00:00Z,CDU-B1,25.29,25.38,1801,1786
2026-09-01T17:00:00Z,CDU-B2,25.22,25.23,1796,1791
2026-09-01T17:00:00Z,CDU-B3,24.61,24.69,1793,1792
2026-09-01T17:00:00Z,CDU-B4,25.18,25.26,1787,1786
2026-09-01T18:00:00Z,CDU-A1,24.98,25.1,1809,1792
2026-09-01T18:00:00Z,CDU-A2,24.91,25.11,1801,1799
2026-09-01T18:00:00Z,CDU-A3,24.97,25.13,1790,1787
2026-09-01T18:00:00Z,CDU-A4,25.45,25.77,1809,1808
2026-09-01T18:00:00Z,CDU-B1,25.42,25.43,1814,1799
2026-09-01T18:00:00Z,CDU-B2,25.41,25.48,1791,1784
2026-09-01T18:00:00Z,CDU-B3,24.43,24.45,1795,1776
2026-09-01T18:00:00Z,CDU-B4,25.51,25.64,1801,1769
2026-09-01T19:00:00Z,CDU-A1,24.78,24.91,1808,1795
2026-09-01T19:00:00Z,CDU-A2,24.9,25.09,1803,1800
2026-09-01T19:00:00Z,CDU-A3,25.01,25.06,1798,1797
2026-09-01T19:00:00Z,CDU-A4,25.32,25.5,1807,1786
2026-09-01T19:00:00Z,CDU-B1,25.43,25.72,1799,1794
2026-09-01T19:00:00Z,CDU-B2,25.23,25.33,1794,1792
2026-09-01T19:00:00Z,CDU-B3,24.49,24.78,1822,1809
2026-09-01T19:00:00Z,CDU-B4,25.04,25.26,1807,1797
2026-09-01T20:00:00Z,CDU-A1,24.74,24.79,1805,1767
2026-09-01T20:00:00Z,CDU-A2,25.31,25.47,1801,1793
2026-09-01T20:00:00Z,CDU-A3,24.97,25.07,1809,1789
2026-09-01T20:00:00Z,CDU-A4,25.39,25.43,1789,1780
2026-09-01T20:00:00Z,CDU-B1,24.99,25.03,1810,1809
2026-09-01T20:00:00Z,CDU-B2,25.12,25.21,1780,1771
2026-09-01T20:00:00Z,CDU-B3,24.95,24.96,1818,1806
2026-09-01T20:00:00Z,CDU-B4,25.28,25.33,1790,1785
2026-09-01T21:00:00Z,CDU-A1,24.74,24.75,1817,1811
2026-09-01T21:00:00Z,CDU-A2,25.09,25.14,1796,1787
2026-09-01T21:00:00Z,CDU-A3,25.16,25.33,1792,1789
2026-09-01T21:00:00Z,CDU-A4,25.54,25.54,1787,1777
2026-09-01T21:00:00Z,CDU-B1,24.78,24.86,1808,1775
2026-09-01T21:00:00Z,CDU-B2,25.2,25.4,1789,1788
2026-09-01T21:00:00Z,CDU-B3,25.24,25.43,1800,1780
2026-09-01T21:00:00Z,CDU-B4,25.48,25.52,1807,1804
2026-09-01T22:00:00Z,CDU-A1,24.71,24.81,1802,1774
2026-09-01T22:00:00Z,CDU-A2,24.98,25.32,1796,1795
2026-09-01T22:00:00Z,CDU-A3,24.82,25.01,1824,1820
2026-09-01T22:00:00Z,CDU-A4,25.67,25.77,1795,1756
2026-09-01T22:00:00Z,CDU-B1,24.21,24.43,1780,1760
2026-09-01T22:00:00Z,CDU-B2,25.33,25.41,1795,1791
2026-09-01T22:00:00Z,CDU-B3,25.09,25.12,1805,1783
2026-09-01T22:00:00Z,CDU-B4,25.09,25.29,1798,1798
2026-09-01T23:00:00Z,CDU-A1,25.12,25.15,1806,1801
2026-09-01T23:00:00Z,CDU-A2,25.42,25.46,1792,1769
2026-09-01T23:00:00Z,CDU-A3,25.14,25.39,1793,1789
2026-09-01T23:00:00Z,CDU-A4,25.77,26.11,1809,1780
2026-09-01T23:00:00Z,CDU-B1,24.45,24.6,1797,1787
2026-09-01T23:00:00Z,CDU-B2,25.21,25.29,1797,1796
2026-09-01T23:00:00Z,CDU-B3,24.98,25.24,1813,1802
2026-09-01T23:00:00Z,CDU-B4,25.28,25.43,1790,1777
2026-09-02T00:00:00Z,CDU-A1,25.31,25.51,1802,1794
2026-09-02T00:00:00Z,CDU-A2,25.53,25.54,1808,1780
2026-09-02T00:00:00Z,CDU-A3,24.9,24.96,1787,1769
2026-09-02T00:00:00Z,CDU-A4,25.76,25.91,1791,1766
2026-09-02T00:00:00Z,CDU-B1,24.64,24.69,1792,1780
2026-09-02T00:00:00Z,CDU-B2,25.07,25.21,1820,1813
2026-09-02T00:00:00Z,CDU-B3,25.14,25.21,1799,1793
2026-09-02T00:00:00Z,CDU-B4,25.77,25.99,1798,1797
2026-09-02T01:00:00Z,CDU-A1,25.45,25.52,1805,1799
2026-09-02T01:00:00Z,CDU-A2,25.38,25.41,1783,1763
2026-09-02T01:00:00Z,CDU-A3,25.22,25.22,1809,1803
2026-09-02T01:00:00Z,CDU-A4,25.32,25.34,1795,1780
2026-09-02T01:00:00Z,CDU-B1,24.58,24.82,1807,1766
2026-09-02T01:00:00Z,CDU-B2,25.25,25.28,1789,1752
2026-09-02T01:00:00Z,CDU-B3,25.29,25.42,1820,1814
2026-09-02T01:00:00Z,CDU-B4,25.21,25.43,1799,1797
2026-09-02T02:00:00Z,CDU-A1,25.33,25.37,1800,1800
2026-09-02T02:00:00Z,CDU-A2,25.24,25.37,1800,1772
2026-09-02T02:00:00Z,CDU-A3,25.34,25.44,1791,1770
2026-09-02T02:00:00Z,CDU-A4,25.1,25.23,1804,1803
2026-09-02T02:00:00Z,CDU-B1,24.28,24.55,1800,1783
2026-09-02T02:00:00Z,CDU-B2,24.83,24.85,1798,1776
2026-09-02T02:00:00Z,CDU-B3,25.19,25.41,1791,1790
2026-09-02T02:00:00Z,CDU-B4,25.17,25.25,1795,1792
2026-09-02T03:00:00Z,CDU-A1,24.92,25.02,1805,1798
2026-09-02T03:00:00Z,CDU-A2,25.24,25.35,1800,1775
2026-09-02T03:00:00Z,CDU-A3,25.13,25.45,1804,1792
2026-09-02T03:00:00Z,CDU-A4,24.56,24.78,1804,1786
2026-09-02T03:00:00Z,CDU-B1,24.74,24.95,1828,1825
2026-09-02T03:00:00Z,CDU-B2,25.19,25.34,1799,1776
2026-09-02T03:00:00Z,CDU-B3,25.05,25.09,1801,1777
2026-09-02T03:00:00Z,CDU-B4,25.18,25.19,1796,1792
2026-09-02T04:00:00Z,CDU-A1,24.82,25.12,1790,1784
2026-09-02T04:00:00Z,CDU-A2,24.91,24.96,1796,1784
2026-09-02T04:00:00Z,CDU-A3,25.01,25.2,1797,1776
2026-09-02T04:00:00Z,CDU-A4,24.61,24.73,1785,1775
2026-09-02T04:00:00Z,CDU-B1,24.94,24.95,1805,1783
2026-09-02T04:00:00Z,CDU-B2,24.93,25.02,1776,1773
2026-09-02T04:00:00Z,CDU-B3,25.3,25.48,1795,1790
2026-09-02T04:00:00Z,CDU-B4,25.12,25.17,1785,1778
2026-09-02T05:00:00Z,CDU-A1,24.87,24.94,1800,1790
2026-09-02T05:00:00Z,CDU-A2,24.9,25.08,1804,1790
2026-09-02T05:00:00Z,CDU-A3,24.85,25.1,1788,1787
2026-09-02T05:00:00Z,CDU-A4,24.72,24.82,1802,1792
2026-09-02T05:00:00Z,CDU-B1,24.71,24.76,1799,1779
2026-09-02T05:00:00Z,CDU-B2,25.36,25.52,1793,1776
2026-09-02T05:00:00Z,CDU-B3,25.14,25.2,1797,1792
2026-09-02T05:00:00Z,CDU-B4,24.9,25.07,1801,1778
2026-09-02T06:00:00Z,CDU-A1,25.2,25.52,1792,1781
2026-09-02T06:00:00Z,CDU-A2,24.83,25.13,1793,1773
2026-09-02T06:00:00Z,CDU-A3,24.87,24.87,1812,1791
2026-09-02T06:00:00Z,CDU-A4,24.62,24.85,1801,1799
2026-09-02T06:00:00Z,CDU-B1,24.82,24.89,1790,1783
2026-09-02T06:00:00Z,CDU-B2,25.19,25.38,1813,1802
2026-09-02T06:00:00Z,CDU-B3,24.78,24.8,1790,1773
2026-09-02T06:00:00Z,CDU-B4,25.13,25.15,1810,1781
2026-09-02T07:00:00Z,CDU-A1,25.63,25.68,1815,1778
2026-09-02T07:00:00Z,CDU-A2,25.27,25.49,1795,1784
2026-09-02T07:00:00Z,CDU-A3,25.16,25.41,1804,1790
2026-09-02T07:00:00Z,CDU-A4,24.43,24.5,1792,1779
2026-09-02T07:00:00Z,CDU-B1,24.84,25.09,1790,1787
2026-09-02T07:00:00Z,CDU-B2,25.25,25.28,1794,1790
2026-09-02T07:00:00Z,CDU-B3,24.73,24.78,1811,1808
2026-09-02T07:00:00Z,CDU-B4,24.94,25.2,1812,1794
2026-09-02T08:00:00Z,CDU-A1,25.34,25.47,1807,1803
2026-09-02T08:00:00Z,CDU-A2,24.98,25.1,1794,1782
2026-09-02T08:00:00Z,CDU-A3,25.34,25.61,1810,1806
2026-09-02T08:00:00Z,CDU-A4,24.44,24.5,1791,1790
2026-09-02T08:00:00Z,CDU-B1,24.85,25.21,1797,1787
2026-09-02T08:00:00Z,CDU-B2,25.29,25.33,1806,1796
2026-09-02T08:00:00Z,CDU-B3,24.9,25.12,1796,1764
2026-09-02T08:00:00Z,CDU-B4,24.69,24.83,1800,1782
2026-09-02T09:00:00Z,CDU-A1,25.47,25.68,1813,1806
2026-09-02T09:00:00Z,CDU-A2,25.15,25.33,1788,1780
2026-09-02T09:00:00Z,CDU-A3,25.49,25.56,1810,1800
2026-09-02T09:00:00Z,CDU-A4,24.78,24.9,1795,1782
2026-09-02T09:00:00Z,CDU-B1,24.64,24.83,1802,1788
2026-09-02T09:00:00Z,CDU-B2,25.46,25.49,1795,1789
2026-09-02T09:00:00Z,CDU-B3,24.62,24.68,1782,1777
2026-09-02T09:00:00Z,CDU-B4,24.64,24.81,1791,1781
2026-09-02T10:00:00Z,CDU-A1,25.21,25.22,1789,1778
2026-09-02T10:00:00Z,CDU-A2,24.88,24.93,1804,1796
2026-09-02T10:00:00Z,CDU-A3,25.12,25.21,1821,1816
2026-09-02T10:00:00Z,CDU-A4,25.23,25.46,1798,1768
2026-09-02T10:00:00Z,CDU-B1,24.84,24.97,1807,1806
2026-09-02T10:00:00Z,CDU-B2,25.11,25.22,1793,1779
2026-09-02T10:00:00Z,CDU-B3,24.85,24.98,1792,1788
2026-09-02T10:00:00Z,CDU-B4,24.8,24.92,1789,1765
2026-09-02T11:00:00Z,CDU-A1,25.3,25.5,1789,1777
2026-09-02T11:00:00Z,CDU-A2,24.61,24.63,1820,1803
2026-09-02T11:00:00Z,CDU-A3,25.12,25.2,1811,1796
2026-09-02T11:00:00Z,CDU-A4,25.01,25.14,1816,1793
2026-09-02T11:00:00Z,CDU-B1,24.81,24.89,1813,1794
2026-09-02T11:00:00Z,CDU-B2,25.0,25.11,1808,1789
2026-09-02T11:00:00Z,CDU-B3,24.92,24.95,1782,1780
2026-09-02T11:00:00Z,CDU-B4,24.69,24.74,1798,1792
2026-09-02T12:00:00Z,CDU-A1,24.98,25.02,1785,1777
2026-09-02T12:00:00Z,CDU-A2,24.77,24.96,1810,1790
2026-09-02T12:00:00Z,CDU-A3,25.31,25.43,1805,1791
2026-09-02T12:00:00Z,CDU-A4,24.76,24.98,1800,1782
2026-09-02T12:00:00Z,CDU-B1,24.47,24.66,1801,1793
2026-09-02T12:00:00Z,CDU-B2,25.02,25.23,1800,1777
2026-09-02T12:00:00Z,CDU-B3,24.63,24.71,1794,1764
2026-09-02T12:00:00Z,CDU-B4,24.92,25.3,1791,1787
2026-09-02T13:00:00Z,CDU-A1,24.93,24.95,1792,1786
2026-09-02T13:00:00Z,CDU-A2,24.99,25.24,1797,1791
2026-09-02T13:00:00Z,CDU-A3,25.32,25.48,1814,1801
2026-09-02T13:00:00Z,CDU-A4,24.62,24.88,1814,1807
2026-09-02T13:00:00Z,CDU-B1,24.73,24.85,1792,1788
2026-09-02T13:00:00Z,CDU-B2,25.02,25.03,1807,1797
2026-09-02T13:00:00Z,CDU-B3,24.54,24.68,1806,1781
2026-09-02T13:00:00Z,CDU-B4,25.17,25.31,1797,1787
2026-09-02T14:00:00Z,CDU-A1,25.27,25.33,1803,1797
2026-09-02T14:00:00Z,CDU-A2,25.26,25.3,1797,1792
2026-09-02T14:00:00Z,CDU-A3,25.33,25.37,1782,1777
2026-09-02T14:00:00Z,CDU-A4,24.46,24.54,1809,1771
2026-09-02T14:00:00Z,CDU-B1,25.12,25.14,1794,1774
2026-09-02T14:00:00Z,CDU-B2,25.21,25.26,1800,1789
2026-09-02T14:00:00Z,CDU-B3,24.6,24.87,1794,1791
2026-09-02T14:00:00Z,CDU-B4,24.96,25.17,1793,1792
2026-09-02T15:00:00Z,CDU-A1,25.27,25.32,1806,1775
2026-09-02T15:00:00Z,CDU-A2,24.87,25.23,1809,1807
2026-09-02T15:00:00Z,CDU-A3,25.32,25.41,1791,1776
2026-09-02T15:00:00Z,CDU-A4,24.8,24.89,1788,1780
2026-09-02T15:00:00Z,CDU-B1,25.42,25.64,1807,1787
2026-09-02T15:00:00Z,CDU-B2,25.41,25.66,1785,1778
2026-09-02T15:00:00Z,CDU-B3,24.8,24.91,1800,1791
2026-09-02T15:00:00Z,CDU-B4,24.93,24.96,1793,1789
2026-09-02T16:00:00Z,CDU-A1,25.44,25.61,1797,1786
2026-09-02T16:00:00Z,CDU-A2,24.91,24.95,1792,1783
2026-09-02T16:00:00Z,CDU-A3,25.5,25.53,1811,1808
2026-09-02T16:00:00Z,CDU-A4,24.56,24.56,1798,1794
2026-09-02T16:00:00Z,CDU-B1,25.29,25.68,1794,1788
2026-09-02T16:00:00Z,CDU-B2,25.44,25.47,1802,1798
2026-09-02T16:00:00Z,CDU-B3,25.0,25.03,1806,1796
2026-09-02T16:00:00Z,CDU-B4,24.89,24.93,1809,1803
2026-09-02T17:00:00Z,CDU-A1,25.42,25.62,1810,1801
2026-09-02T17:00:00Z,CDU-A2,25.16,25.23,1805,1803
2026-09-02T17:00:00Z,CDU-A3,25.24,25.41,1807,1791
2026-09-02T17:00:00Z,CDU-A4,24.51,24.56,1811,1810
2026-09-02T17:00:00Z,CDU-B1,25.23,25.26,1797,1789
2026-09-02T17:00:00Z,CDU-B2,25.31,25.36,1807,1801
2026-09-02T17:00:00Z,CDU-B3,24.72,24.83,1793,1782
2026-09-02T17:00:00Z,CDU-B4,24.81,24.93,1803,1783
2026-09-02T18:00:00Z,CDU-A1,25.52,25.53,1796,1784
2026-09-02T18:00:00Z,CDU-A2,25.0,25.02,1806,1780
2026-09-02T18:00:00Z,CDU-A3,24.92,24.94,1795,1790
2026-09-02T18:00:00Z,CDU-A4,24.52,24.64,1808,1792
2026-09-02T18:00:00Z,CDU-B1,25.47,25.57,1794,1789
2026-09-02T18:00:00Z,CDU-B2,25.25,25.35,1798,1795
2026-09-02T18:00:00Z,CDU-B3,25.05,25.08,1797,1762
2026-09-02T18:00:00Z,CDU-B4,24.49,24.5,1798,1779
2026-09-02T19:00:00Z,CDU-A1,25.72,25.87,1804,1803
2026-09-02T19:00:00Z,CDU-A2,25.04,25.24,1799,1782
2026-09-02T19:00:00Z,CDU-A3,24.78,24.81,1797,1787
2026-09-02T19:00:00Z,CDU-A4,24.79,24.86,1796,1788
2026-09-02T19:00:00Z,CDU-B1,25.67,25.79,1799,1796
2026-09-02T19:00:00Z,CDU-B2,25.43,25.64,1797,1778
2026-09-02T19:00:00Z,CDU-B3,24.77,24.94,1798,1794
2026-09-02T19:00:00Z,CDU-B4,24.62,24.79,1796,1783
2026-09-02T20:00:00Z,CDU-A1,25.69,25.86,1806,1801
2026-09-02T20:00:00Z,CDU-A2,25.27,25.35,1791,1780
2026-09-02T20:00:00Z,CDU-A3,24.7,24.78,1793,1781
2026-09-02T20:00:00Z,CDU-A4,24.92,25.0,1787,1784
2026-09-02T20:00:00Z,CDU-B1,25.72,25.88,1786,1777
2026-09-02T20:00:00Z,CDU-B2,25.28,25.38,1801,1789
2026-09-02T20:00:00Z,CDU-B3,24.65,24.87,1787,1767
2026-09-02T20:00:00Z,CDU-B4,24.99,25.01,1796,1783
2026-09-02T21:00:00Z,CDU-A1,25.66,25.69,1797,1780
2026-09-02T21:00:00Z,CDU-A2,25.44,25.52,1794,1778
2026-09-02T21:00:00Z,CDU-A3,24.74,24.9,1788,1775
2026-09-02T21:00:00Z,CDU-A4,24.73,24.88,1813,1805
2026-09-02T21:00:00Z,CDU-B1,25.37,25.41,1810,1772
2026-09-02T21:00:00Z,CDU-B2,24.93,25.01,1819,1797
2026-09-02T21:00:00Z,CDU-B3,24.9,24.94,1801,1799
2026-09-02T21:00:00Z,CDU-B4,24.96,25.12,1803,1795
2026-09-02T22:00:00Z,CDU-A1,25.4,25.49,1790,1783
2026-09-02T22:00:00Z,CDU-A2,25.26,25.3,1799,1796
2026-09-02T22:00:00Z,CDU-A3,24.91,24.93,1797,1789
2026-09-02T22:00:00Z,CDU-A4,24.37,24.57,1795,1785
2026-09-02T22:00:00Z,CDU-B1,25.08,25.25,1811,1788
2026-09-02T22:00:00Z,CDU-B2,25.41,25.48,1793,1770
2026-09-02T22:00:00Z,CDU-B3,24.71,24.76,1805,1789
2026-09-02T22:00:00Z,CDU-B4,24.58,24.73,1783,1781
2026-09-02T23:00:00Z,CDU-A1,25.13,25.4,1810,1785
2026-09-02T23:00:00Z,CDU-A2,25.03,25.13,1799,1794
2026-09-02T23:00:00Z,CDU-A3,24.81,24.97,1791,1782
2026-09-02T23:00:00Z,CDU-A4,24.48,24.52,1798,1792
2026-09-02T23:00:00Z,CDU-B1,25.36,25.49,1816,1789
2026-09-02T23:00:00Z,CDU-B2,25.57,25.69,1813,1809
2026-09-02T23:00:00Z,CDU-B3,24.86,24.91,1782,1780
2026-09-02T23:00:00Z,CDU-B4,24.36,24.4,1800,1792
2026-09-03T00:00:00Z,CDU-A1,24.93,25.06,1818,1814
2026-09-03T00:00:00Z,CDU-A2,25.15,25.36,1806,1796
2026-09-03T00:00:00Z,CDU-A3,24.91,25.05,1803,1797
2026-09-03T00:00:00Z,CDU-A4,24.65,24.68,1778,1772
2026-09-03T00:00:00Z,CDU-B1,25.59,25.65,1793,1782
2026-09-03T00:00:00Z,CDU-B2,25.15,25.19,1802,1797
2026-09-03T00:00:00Z,CDU-B3,24.84,24.95,1787,1779
2026-09-03T00:00:00Z,CDU-B4,24.79,24.81,1807,1794
2026-09-03T01:00:00Z,CDU-A1,24.77,24.83,1791,1783
2026-09-03T01:00:00Z,CDU-A2,24.83,24.99,1809,1798
2026-09-03T01:00:00Z,CDU-A3,24.95,24.98,1787,1786
2026-09-03T01:00:00Z,CDU-A4,24.85,25.04,1780,1767
2026-09-03T01:00:00Z,CDU-B1,25.57,25.71,1789,1775
2026-09-03T01:00:00Z,CDU-B2,24.86,24.98,1806,1797
2026-09-03T01:00:00Z,CDU-B3,24.99,25.23,1798,1779
2026-09-03T01:00:00Z,CDU-B4,24.99,25.03,1799,1792
2026-09-03T02:00:00Z,CDU-A1,25.08,25.18,1797,1790
2026-09-03T02:00:00Z,CDU-A2,25.14,25.15,1800,1795
2026-09-03T02:00:00Z,CDU-A3,25.13,25.28,1813,1813
2026-09-03T02:00:00Z,CDU-A4,24.79,24.83,1801,1785
2026-09-03T02:00:00Z,CDU-B1,25.7,25.83,1795,1791
2026-09-03T02:00:00Z,CDU-B2,24.87,24.94,1804,1781
2026-09-03T02:00:00Z,CDU-B3,25.0,25.1,1796,1773
2026-09-03T02:00:00Z,CDU-B4,25.21,25.24,1790,1787
2026-09-03T03:00:00Z,CDU-A1,25.18,25.25,1808,1792
2026-09-03T03:00:00Z,CDU-A2,25.17,25.25,1807,1804
2026-09-03T03:00:00Z,CDU-A3,24.91,25.04,1811,1784
2026-09-03T03:00:00Z,CDU-A4,24.88,24.96,1806,1803
2026-09-03T03:00:00Z,CDU-B1,25.83,25.84,1797,1775
2026-09-03T03:00:00Z,CDU-B2,24.88,25.05,1792,1775
2026-09-03T03:00:00Z,CDU-B3,25.15,25.27,1812,1806
2026-09-03T03:00:00Z,CDU-B4,25.06,25.29,1780,1775
2026-09-03T04:00:00Z,CDU-A1,25.34,25.37,1802,1786
2026-09-03T04:00:00Z,CDU-A2,24.81,25.14,1783,1783
2026-09-03T04:00:00Z,CDU-A3,24.93,24.97,1789,1777
2026-09-03T04:00:00Z,CDU-A4,24.81,25.18,1801,1782
2026-09-03T04:00:00Z,CDU-B1,25.83,26.1,1814,1808
2026-09-03T04:00:00Z,CDU-B2,24.86,24.87,1784,1778
2026-09-03T04:00:00Z,CDU-B3,25.12,25.17,1809,1807
2026-09-03T04:00:00Z,CDU-B4,24.98,25.23,1796,1790
2026-09-03T05:00:00Z,CDU-A1,25.57,25.63,1797,1790
2026-09-03T05:00:00Z,CDU-A2,24.68,24.95,1807,1806
2026-09-03T05:00:00Z,CDU-A3,24.72,24.77,1799,1793
2026-09-03T05:00:00Z,CDU-A4,25.14,25.24,1801,1786
2026-09-03T05:00:00Z,CDU-B1,25.7,25.78,1813,1790
2026-09-03T05:00:00Z,CDU-B2,25.1,25.16,1795,1786
2026-09-03T05:00:00Z,CDU-B3,25.16,25.31,1791,1775
2026-09-03T05:00:00Z,CDU-B4,25.11,25.18,1791,1774
2026-09-03T06:00:00Z,CDU-A1,25.53,25.63,1813,1794
2026-09-03T06:00:00Z,CDU-A2,24.78,24.87,1803,1802
2026-09-03T06:00:00Z,CDU-A3,25.16,25.25,1808,1790
2026-09-03T06:00:00Z,CDU-A4,25.03,25.24,1793,1793
2026-09-03T06:00:00Z,CDU-B1,25.94,26.06,1810,1790
2026-09-03T06:00:00Z,CDU-B2,24.98,25.25,1782,1772
2026-09-03T06:00:00Z,CDU-B3,24.97,25.11,1815,1808
2026-09-03T06:00:00Z,CDU-B4,24.86,24.97,1806,1768
2026-09-03T07:00:00Z,CDU-A1,25.7,25.86,1811,1809
2026-09-03T07:00:00Z,CDU-A2,24.97,25.25,1801,1791
2026-09-03T07:00:00Z,CDU-A3,25.52,25.57,1802,1795
2026-09-03T07:00:00Z,CDU-A4,24.78,24.82,1807,1805
2026-09-03T07:00:00Z,CDU-B1,25.8,25.8,1804,1786
2026-09-03T07:00:00Z,CDU-B2,25.34,25.58,1799,1788
2026-09-03T07:00:00Z,CDU-B3,25.19,25.31,1792,1785
2026-09-03T07:00:00Z,CDU-B4,24.93,25.15,1802,1787
2026-09-03T08:00:00Z,CDU-A1,25.48,25.51,1806,1786
2026-09-03T08:00:00Z,CDU-A2,24.91,24.99,1800,1794
2026-09-03T08:00:00Z,CDU-A3,25.46,25.66,1796,1785
2026-09-03T08:00:00Z,CDU-A4,24.85,24.88,1813,1812
2026-09-03T08:00:00Z,CDU-B1,25.79,25.86,1808,1807
2026-09-03T08:00:00Z,CDU-B2,25.12,25.3,1788,1767
2026-09-03T08:00:00Z,CDU-B3,25.39,25.53,1800,1793
2026-09-03T08:00:00Z,CDU-B4,24.96,25.12,1802,1784
2026-09-03T09:00:00Z,CDU-A1,25.37,25.38,1797,1787
2026-09-03T09:00:00Z,CDU-A2,25.34,25.45,1799,1777
2026-09-03T09:00:00Z,CDU-A3,25.47,25.55,1790,1763
2026-09-03T09:00:00Z,CDU-A4,24.56,24.78,1813,1796
2026-09-03T09:00:00Z,CDU-B1,25.62,25.68,1803,1800
2026-09-03T09:00:00Z,CDU-B2,25.13,25.2,1797,1792
2026-09-03T09:00:00Z,CDU-B3,25.54,25.55,1802,1800
2026-09-03T09:00:00Z,CDU-B4,24.93,24.96,1807,1799
2026-09-03T10:00:00Z,CDU-A1,25.27,25.63,1799,1793
2026-09-03T10:00:00Z,CDU-A2,25.44,25.6,1804,1778
2026-09-03T10:00:00Z,CDU-A3,25.09,25.28,1797,1788
2026-09-03T10:00:00Z,CDU-A4,24.61,24.66,1819,1797
2026-09-03T10:00:00Z,CDU-B1,25.47,25.6,1791,1763
2026-09-03T10:00:00Z,CDU-B2,24.95,25.36,1782,1770
2026-09-03T10:00:00Z,CDU-B3,25.49,25.59,1810,1802
2026-09-03T10:00:00Z,CDU-B4,24.35,24.48,1798,1782
2026-09-03T11:00:00Z,CDU-A1,25.51,25.72,1799,1795
2026-09-03T11:00:00Z,CDU-A2,25.15,25.23,1813,1806
2026-09-03T11:00:00Z,CDU-A3,24.73,24.82,1804,1803
2026-09-03T11:00:00Z,CDU-A4,24.28,24.35,1812,1805
2026-09-03T11:00:00Z,CDU-B1,25.29,25.46,1784,1780
2026-09-03T11:00:00Z,CDU-B2,24.99,25.01,1812,1810
2026-09-03T11:00:00Z,CDU-B3,25.61,25.78,1812,1785
2026-09-03T11:00:00Z,CDU-B4,23.87,23.91,1806,1788
2026-09-03T12:00:00Z,CDU-A1,25.69,25.78,1793,1781
2026-09-03T12:00:00Z,CDU-A2,25.21,25.22,1794,1792
2026-09-03T12:00:00Z,CDU-A3,24.59,24.59,1794,1790
2026-09-03T12:00:00Z,CDU-A4,24.84,25.06,1802,1793
2026-09-03T12:00:00Z,CDU-B1,25.04,25.22,1792,1784
2026-09-03T12:00:00Z,CDU-B2,24.82,24.89,1811,1791
2026-09-03T12:00:00Z,CDU-B3,25.66,25.67,1785,1764
2026-09-03T12:00:00Z,CDU-B4,23.85,24.32,1811,1801
2026-09-03T13:00:00Z,CDU-A1,25.79,25.82,1792,1765
2026-09-03T13:00:00Z,CDU-A2,25.3,25.39,1791,1789
2026-09-03T13:00:00Z,CDU-A3,24.52,24.54,1791,1789
2026-09-03T13:00:00Z,CDU-A4,25.31,25.5,1810,1805
2026-09-03T13:00:00Z,CDU-B1,24.71,24.79,1807,1782
2026-09-03T13:00:00Z,CDU-B2,24.86,24.96,1806,1801
2026-09-03T13:00:00Z,CDU-B3,25.18,25.41,1799,1792
2026-09-03T13:00:00Z,CDU-B4,23.82,23.91,1790,1787
2026-09-03T14:00:00Z,CDU-A1,26.03,26.1,1811,1808
2026-09-03T14:00:00Z,CDU-A2,25.2,25.38,1788,1788
2026-09-03T14:00:00Z,CDU-A3,24.32,24.34,1810,1797
2026-09-03T14:00:00Z,CDU-A4,25.37,25.38,1799,1793
2026-09-03T14:00:00Z,CDU-B1,24.83,24.97,1797,1775
2026-09-03T14:00:00Z,CDU-B2,24.56,24.56,1813,1795
2026-09-03T14:00:00Z,CDU-B3,24.79,24.97,1792,1777
2026-09-03T14:00:00Z,CDU-B4,23.8,23.82,1785,1778
2026-09-03T15:00:00Z,CDU-A1,25.71,25.8,1804,1798
2026-09-03T15:00:00Z,CDU-A2,24.94,25.24,1824,1821
2026-09-03T15:00:00Z,CDU-A3,24.26,24.47,1817,1817
2026-09-03T15:00:00Z,CDU-A4,25.46,25.77,1782,1767
2026-09-03T15:00:00Z,CDU-B1,25.12,25.28,1814,1809
2026-09-03T15:00:00Z,CDU-B2,24.41,24.47,1795,1790
2026-09-03T15:00:00Z,CDU-B3,24.96,25.01,1794,1776
2026-09-03T15:00:00Z,CDU-B4,23.8,23.88,1804,1785
2026-09-03T16:00:00Z,CDU-A1,25.3,25.38,1800,1775
2026-09-03T16:00:00Z,CDU-A2,24.87,24.9,1786,1782
2026-09-03T16:00:00Z,CDU-A3,24.54,24.57,1806,1803
2026-09-03T16:00:00Z,CDU-A4,25.08,25.31,1796,1789
2026-09-03T16:00:00Z,CDU-B1,24.78,24.89,1810,1797
2026-09-03T16:00:00Z,CDU-B2,24.68,24.82,1815,1803
2026-09-03T16:00:00Z,CDU-B3,24.93,25.14,1790,1768
2026-09-03T16:00:00Z,CDU-B4,23.81,24.07,1799,1797
2026-09-03T17:00:00Z,CDU-A1,24.93,25.02,1784,1782
2026-09-03T17:00:00Z,CDU-A2,24.74,24.89,1791,1778
2026-09-03T17:00:00Z,CDU-A3,24.69,24.74,1804,1802
2026-09-03T17:00:00Z,CDU-A4,25.06,25.16,1788,1787
2026-09-03T17:00:00Z,CDU-B1,24.95,25.04,1797,1794
2026-09-03T17:00:00Z,CDU-B2,24.71,24.77,1795,1776
2026-09-03T17:00:00Z,CDU-B3,24.71,24.8,1813,1798
2026-09-03T17:00:00Z,CDU-B4,24.11,24.13,1794,1786
2026-09-03T18:00:00Z,CDU-A1,25.01,25.06,1794,1786
2026-09-03T18:00:00Z,CDU-A2,24.56,24.65,1812,1804
2026-09-03T18:00:00Z,CDU-A3,24.65,24.66,1809,1796
2026-09-03T18:00:00Z,CDU-A4,25.09,25.25,1791,1776
2026-09-03T18:00:00Z,CDU-B1,24.66,24.86,1798,1786
2026-09-03T18:00:00Z,CDU-B2,24.94,24.94,1794,1773
2026-09-03T18:00:00Z,CDU-B3,24.81,25.09,1808,1804
2026-09-03T18:00:00Z,CDU-B4,23.86,23.88,1804,1795
2026-09-03T19:00:00Z,CDU-A1,25.03,25.13,1803,1800
2026-09-03T19:00:00Z,CDU-A2,24.72,24.83,1794,1771
2026-09-03T19:00:00Z,CDU-A3,24.7,24.97,1808,1789
2026-09-03T19:00:00Z,CDU-A4,25.15,25.33,1788,1776
2026-09-03T19:00:00Z,CDU-B1,24.83,25.0,1793,1761
2026-09-03T19:00:00Z,CDU-B2,24.61,24.7,1808,1797
2026-09-03T19:00:00Z,CDU-B3,24.88,25.05,1810,1806
2026-09-03T19:00:00Z,CDU-B4,24.06,24.1,1796,1783
2026-09-03T20:00:00Z,CDU-A1,24.93,25.01,1817,1801
2026-09-03T20:00:00Z,CDU-A2,24.56,24.57,1818,1811
2026-09-03T20:00:00Z,CDU-A3,24.85,24.91,1806,1797
2026-09-03T20:00:00Z,CDU-A4,25.01,25.09,1807,1784
2026-09-03T20:00:00Z,CDU-B1,24.97,25.12,1793,1783
2026-09-03T20:00:00Z,CDU-B2,24.68,24.69,1795,1777
2026-09-03T20:00:00Z,CDU-B3,24.92,24.94,1814,1792
2026-09-03T20:00:00Z,CDU-B4,24.39,24.5,1795,1787
2026-09-03T21:00:00Z,CDU-A1,25.19,25.31,1815,1809
2026-09-03T21:00:00Z,CDU-A2,24.93,25.09,1793,1771
2026-09-03T21:00:00Z,CDU-A3,24.87,24.91,1778,1763
2026-09-03T21:00:00Z,CDU-A4,25.0,25.13,1808,1804
2026-09-03T21:00:00Z,CDU-B1,24.85,24.95,1791,1777
2026-09-03T21:00:00Z,CDU-B2,24.27,24.38,1800,1797
2026-09-03T21:00:00Z,CDU-B3,24.71,24.88,1805,1801
2026-09-03T21:00:00Z,CDU-B4,24.27,24.39,1789,1786
2026-09-03T22:00:00Z,CDU-A1,25.1,25.34,1805,1794
2026-09-03T22:00:00Z,CDU-A2,24.62,24.7,1796,1794
2026-09-03T22:00:00Z,CDU-A3,25.06,25.31,1801,1780
2026-09-03T22:00:00Z,CDU-A4,25.52,25.79,1787,1779
2026-09-03T22:00:00Z,CDU-B1,24.5,24.53,1822,1819
2026-09-03T22:00:00Z,CDU-B2,24.18,24.19,1801,1797
2026-09-03T22:00:00Z,CDU-B3,24.36,24.47,1801,1792
2026-09-03T22:00:00Z,CDU-B4,24.44,24.59,1799,1786
2026-09-03T23:00:00Z,CDU-A1,24.96,25.25,1810,1798
2026-09-03T23:00:00Z,CDU-A2,24.43,24.46,1804,1796
2026-09-03T23:00:00Z,CDU-A3,25.25,25.3,1820,1807
2026-09-03T23:00:00Z,CDU-A4,25.72,25.93,1785,1784
2026-09-03T23:00:00Z,CDU-B1,25.01,25.2,1792,1784
2026-09-03T23:00:00Z,CDU-B2,24.24,24.51,1799,1779
2026-09-03T23:00:00Z,CDU-B3,24.39,24.53,1790,1775
2026-09-03T23:00:00Z,CDU-B4,24.46,24.56,1793,1765
2026-09-04T00:00:00Z,CDU-A1,25.12,25.13,1818,1815
2026-09-04T00:00:00Z,CDU-A2,24.54,24.62,1800,1790
2026-09-04T00:00:00Z,CDU-A3,25.29,25.34,1823,1815
2026-09-04T00:00:00Z,CDU-A4,25.41,25.53,1795,1788
2026-09-04T00:00:00Z,CDU-B1,24.95,25.05,1797,1794
2026-09-04T00:00:00Z,CDU-B2,24.09,24.12,1795,1791
2026-09-04T00:00:00Z,CDU-B3,25.04,25.21,1800,1788
2026-09-04T00:00:00Z,CDU-B4,24.74,25.15,1807,1804
2026-09-04T01:00:00Z,CDU-A1,25.22,25.25,1787,1778
2026-09-04T01:00:00Z,CDU-A2,24.65,24.75,1801,1787
2026-09-04T01:00:00Z,CDU-A3,25.52,25.69,1803,1802
2026-09-04T01:00:00Z,CDU-A4,25.26,25.29,1799,1799
2026-09-04T01:00:00Z,CDU-B1,25.06,25.16,1795,1777
2026-09-04T01:00:00Z,CDU-B2,24.2,24.37,1794,1784
2026-09-04T01:00:00Z,CDU-B3,24.98,25.27,1785,1766
2026-09-04T01:00:00Z,CDU-B4,24.97,25.11,1789,1776
2026-09-04T02:00:00Z,CDU-A1,25.13,25.2,1793,1769
2026-09-04T02:00:00Z,CDU-A2,24.58,24.75,1781,1775
2026-09-04T02:00:00Z,CDU-A3,25.11,25.13,1788,1762
2026-09-04T02:00:00Z,CDU-A4,25.66,25.77,1814,1810
2026-09-04T02:00:00Z,CDU-B1,25.39,25.43,1813,1793
2026-09-04T02:00:00Z,CDU-B2,24.42,24.75,1803,1789
2026-09-04T02:00:00Z,CDU-B3,25.05,25.2,1798,1777
2026-09-04T02:00:00Z,CDU-B4,25.02,25.06,1791,1771
2026-09-04T03:00:00Z,CDU-A1,24.92,25.0,1792,1761
2026-09-04T03:00:00Z,CDU-A2,24.61,24.66,1795,1782
2026-09-04T03:00:00Z,CDU-A3,24.99,25.23,1797,1785
2026-09-04T03:00:00Z,CDU-A4,25.35,25.37,1810,1802
2026-09-04T03:00:00Z,CDU-B1,25.53,25.67,1785,1785
2026-09-04T03:00:00Z,CDU-B2,24.45,24.78,1808,1777
2026-09-04T03:00:00Z,CDU-B3,25.11,25.14,1784,1777
2026-09-04T03:00:00Z,CDU-B4,25.05,25.1,1789,1778
2026-09-04T04:00:00Z,CDU-A1,25.25,25.29,1792,1788
2026-09-04T04:00:00Z,CDU-A2,24.48,24.64,1805,1802
2026-09-04T04:00:00Z,CDU-A3,24.95,25.22,1791,1779
2026-09-04T04:00:00Z,CDU-A4,25.08,25.25,1773,1727
2026-09-04T04:00:00Z,CDU-B1,25.33,25.54,1794,1791
2026-09-04T04:00:00Z,CDU-B2,24.77,24.82,1806,1800
2026-09-04T04:00:00Z,CDU-B3,25.34,25.5,1790,1769
2026-09-04T04:00:00Z,CDU-B4,25.04,25.29,1807,1798
2026-09-04T05:00:00Z,CDU-A1,24.6,24.61,1803,1793
2026-09-04T05:00:00Z,CDU-A2,24.76,24.96,1790,1766
2026-09-04T05:00:00Z,CDU-A3,25.07,25.11,1770,1769
2026-09-04T05:00:00Z,CDU-A4,24.97,25.24,1818,1814
2026-09-04T05:00:00Z,CDU-B1,25.49,25.57,1786,1783
2026-09-04T05:00:00Z,CDU-B2,24.92,24.99,1794,1776
2026-09-04T05:00:00Z,CDU-B3,25.01,25.4,1805,1783
2026-09-04T05:00:00Z,CDU-B4,25.0,25.11,1794,1789
2026-09-04T06:00:00Z,CDU-A1,24.83,24.91,1800,1779
2026-09-04T06:00:00Z,CDU-A2,24.66,24.91,1809,1805
2026-09-04T06:00:00Z,CDU-A3,24.79,24.81,1792,1785
2026-09-04T06:00:00Z,CDU-A4,24.43,24.52,1806,1805
2026-09-04T06:00:00Z,CDU-B1,25.24,25.39,1795,1787
2026-09-04T06:00:00Z,CDU-B2,25.02,25.03,1798,1797
2026-09-04T06:00:00Z,CDU-B3,24.8,24.86,1800,1787
2026-09-04T06:00:00Z,CDU-B4,25.4,25.43,1807,1802
2026-09-04T07:00:00Z,CDU-A1,25.03,25.16,1803,1798
2026-09-04T07:00:00Z,CDU-A2,24.96,25.11,1803,1799
2026-09-04T07:00:00Z,CDU-A3,24.69,24.8,1792,1787
2026-09-04T07:00:00Z,CDU-A4,24.79,24.82,1794,1792
2026-09-04T07:00:00Z,CDU-B1,25.3,25.35,1787,1770
2026-09-04T07:00:00Z,CDU-B2,25.04,25.13,1799,1790
2026-09-04T07:00:00Z,CDU-B3,24.72,24.85,1787,1777
2026-09-04T07:00:00Z,CDU-B4,25.13,25.24,1791,1786
2026-09-04T08:00:00Z,CDU-A1,25.07,25.12,1807,1802
2026-09-04T08:00:00Z,CDU-A2,25.07,25.23,1806,1795
2026-09-04T08:00:00Z,CDU-A3,24.76,24.8,1795,1791
2026-09-04T08:00:00Z,CDU-A4,24.88,25.33,1817,1808
2026-09-04T08:00:00Z,CDU-B1,25.08,25.26,1812,1799
2026-09-04T08:00:00Z,CDU-B2,24.99,25.11,1802,1777
2026-09-04T08:00:00Z,CDU-B3,25.09,25.31,1808,1800
2026-09-04T08:00:00Z,CDU-B4,24.83,24.84,1800,1798
2026-09-04T09:00:00Z,CDU-A1,24.71,24.91,1794,1794
2026-09-04T09:00:00Z,CDU-A2,24.72,24.79,1796,1763
2026-09-04T09:00:00Z,CDU-A3,24.9,24.94,1802,1795
2026-09-04T09:00:00Z,CDU-A4,25.15,25.19,1805,1793
2026-09-04T09:00:00Z,CDU-B1,24.8,24.94,1813,1807
2026-09-04T09:00:00Z,CDU-B2,24.95,25.04,1796,1779
2026-09-04T09:00:00Z,CDU-B3,25.0,25.2,1784,1773
2026-09-04T09:00:00Z,CDU-B4,24.97,25.08,1813,1802
2026-09-04T10:00:00Z,CDU-A1,24.51,24.55,1794,1775
2026-09-04T10:00:00Z,CDU-A2,24.73,24.8,1793,1770
2026-09-04T10:00:00Z,CDU-A3,24.83,25.27,1779,1774
2026-09-04T10:00:00Z,CDU-A4,25.23,25.61,1788,1780
2026-09-04T10:00:00Z,CDU-B1,24.47,24.63,1803,1799
2026-09-04T10:00:00Z,CDU-B2,25.04,25.12,1813,1806
2026-09-04T10:00:00Z,CDU-B3,24.95,25.04,1786,1779
2026-09-04T10:00:00Z,CDU-B4,24.75,25.07,1808,1779
2026-09-04T11:00:00Z,CDU-A1,24.8,24.82,1804,1780
2026-09-04T11:00:00Z,CDU-A2,24.74,25.0,1786,1781
2026-09-04T11:00:00Z,CDU-A3,24.9,24.97,1787,1786
2026-09-04T11:00:00Z,CDU-A4,25.22,25.38,1797,1775
2026-09-04T11:00:00Z,CDU-B1,24.24,24.28,1810,1805
2026-09-04T11:00:00Z,CDU-B2,24.85,25.02,1793,1782
2026-09-04T11:00:00Z,CDU-B3,24.88,25.07,1798,1770
2026-09-04T11:00:00Z,CDU-B4,25.14,25.21,1808,1805
2026-09-04T12:00:00Z,CDU-A1,24.81,25.02,1808,1803
2026-09-04T12:00:00Z,CDU-A2,24.84,25.02,1797,1794
2026-09-04T12:00:00Z,CDU-A3,24.8,25.05,1813,1805
2026-09-04T12:00:00Z,CDU-A4,25.37,25.39,1797,1796
2026-09-04T12:00:00Z,CDU-B1,24.24,24.43,1807,1797
2026-09-04T12:00:00Z,CDU-B2,24.79,24.82,1819,1812
2026-09-04T12:00:00Z,CDU-B3,25.1,25.3,1800,1773
2026-09-04T12:00:00Z,CDU-B4,24.84,25.09,1801,1776
2026-09-04T13:00:00Z,CDU-A1,24.71,25.02,1806,1793
2026-09-04T13:00:00Z,CDU-A2,24.7,24.9,1793,1769
2026-09-04T13:00:00Z,CDU-A3,24.96,25.13,1780,1773
2026-09-04T13:00:00Z,CDU-A4,25.6,25.63,1788,1783
2026-09-04T13:00:00Z,CDU-B1,24.35,24.4,1790,1785
2026-09-04T13:00:00Z,CDU-B2,24.84,25.03,1814,1792
2026-09-04T13:00:00Z,CDU-B3,24.99,25.12,1800,1790
2026-09-04T13:00:00Z,CDU-B4,25.1,25.18,1799,1794
2026-09-04T14:00:00Z,CDU-A1,24.5,24.65,1802,1783
2026-09-04T14:00:00Z,CDU-A2,24.98,25.11,1793,1787
2026-09-04T14:00:00Z,CDU-A3,25.17,25.44,1834,1825
2026-09-04T14:00:00Z,CDU-A4,25.27,25.37,1813,1790
2026-09-04T14:00:00Z,CDU-B1,24.4,24.45,1792,1777
2026-09-04T14:00:00Z,CDU-B2,25.03,25.24,1808,1795
2026-09-04T14:00:00Z,CDU-B3,24.68,24.78,1778,1768
2026-09-04T14:00:00Z,CDU-B4,25.04,25.06,1803,1779
2026-09-04T15:00:00Z,CDU-A1,24.85,24.98,1815,1800
2026-09-04T15:00:00Z,CDU-A2,25.25,25.34,1783,1759
2026-09-04T15:00:00Z,CDU-A3,24.93,25.01,1815,1803
2026-09-04T15:00:00Z,CDU-A4,25.36,25.37,1795,1786
2026-09-04T15:00:00Z,CDU-B1,24.69,24.82,1800,1786
2026-09-04T15:00:00Z,CDU-B2,24.89,25.07,1797,1790
2026-09-04T15:00:00Z,CDU-B3,24.87,24.89,1804,1804
2026-09-04T15:00:00Z,CDU-B4,25.14,25.23,1805,1801
2026-09-04T16:00:00Z,CDU-A1,24.88,24.97,1796,1780
2026-09-04T16:00:00Z,CDU-A2,25.34,25.53,1773,1764
2026-09-04T16:00:00Z,CDU-A3,24.96,25.15,1797,1776
2026-09-04T16:00:00Z,CDU-A4,25.3,25.47,1792,1750
2026-09-04T16:00:00Z,CDU-B1,24.98,25.13,1798,1789
2026-09-04T16:00:00Z,CDU-B2,24.72,24.83,1805,1792
2026-09-04T16:00:00Z,CDU-B3,24.95,24.95,1788,1756
2026-09-04T16:00:00Z,CDU-B4,24.98,25.01,1794,1784
2026-09-04T17:00:00Z,CDU-A1,24.69,24.83,1801,1797
2026-09-04T17:00:00Z,CDU-A2,25.46,25.7,1799,1778
2026-09-04T17:00:00Z,CDU-A3,25.08,25.22,1792,1787
2026-09-04T17:00:00Z,CDU-A4,25.7,25.74,1804,1802
2026-09-04T17:00:00Z,CDU-B1,25.27,25.28,1795,1782
2026-09-04T17:00:00Z,CDU-B2,25.17,25.26,1817,1808
2026-09-04T17:00:00Z,CDU-B3,24.71,24.73,1789,1769
2026-09-04T17:00:00Z,CDU-B4,25.45,25.5,1801,1796
2026-09-04T18:00:00Z,CDU-A1,25.11,25.2,1821,1819
2026-09-04T18:00:00Z,CDU-A2,25.48,25.55,1813,1811
2026-09-04T18:00:00Z,CDU-A3,24.71,24.78,1806,1775
2026-09-04T18:00:00Z,CDU-A4,25.54,25.6,1804,1787
2026-09-04T18:00:00Z,CDU-B1,25.26,25.36,1808,1798
2026-09-04T18:00:00Z,CDU-B2,24.89,24.93,1790,1779
2026-09-04T18:00:00Z,CDU-B3,24.68,24.85,1795,1776
2026-09-04T18:00:00Z,CDU-B4,25.49,25.72,1812,1802
2026-09-04T19:00:00Z,CDU-A1,25.02,25.12,1798,1785
2026-09-04T19:00:00Z,CDU-A2,25.58,25.66,1797,1784
2026-09-04T19:00:00Z,CDU-A3,24.76,24.89,1801,1799
2026-09-04T19:00:00Z,CDU-A4,25.19,25.41,1816,1804
2026-09-04T19:00:00Z,CDU-B1,24.81,24.97,1791,1784
2026-09-04T19:00:00Z,CDU-B2,25.23,25.45,1813,1810
2026-09-04T19:00:00Z,CDU-B3,24.97,25.04,1809,1807
2026-09-04T19:00:00Z,CDU-B4,25.28,25.32,1802,1796
2026-09-04T20:00:00Z,CDU-A1,25.23,25.67,1796,1785
2026-09-04T20:00:00Z,CDU-A2,25.12,25.35,1811,1808
2026-09-04T20:00:00Z,CDU-A3,24.71,24.8,1814,1813
2026-09-04T20:00:00Z,CDU-A4,25.26,25.26,1812,1806
2026-09-04T20:00:00Z,CDU-B1,25.02,25.04,1797,1783
2026-09-04T20:00:00Z,CDU-B2,25.05,25.09,1808,1800
2026-09-04T20:00:00Z,CDU-B3,24.87,24.96,1809,1800
2026-09-04T20:00:00Z,CDU-B4,25.36,25.81,1801,1792
2026-09-04T21:00:00Z,CDU-A1,24.82,24.88,1798,1797
2026-09-04T21:00:00Z,CDU-A2,25.04,25.19,1803,1793
2026-09-04T21:00:00Z,CDU-A3,24.84,24.94,1788,1785
2026-09-04T21:00:00Z,CDU-A4,25.08,25.11,1800,1781
2026-09-04T21:00:00Z,CDU-B1,25.38,25.56,1797,1784
2026-09-04T21:00:00Z,CDU-B2,24.89,25.0,1805,1787
2026-09-04T21:00:00Z,CDU-B3,24.76,24.94,1800,1789
2026-09-04T21:00:00Z,CDU-B4,25.47,25.62,1806,1800
2026-09-04T22:00:00Z,CDU-A1,24.8,25.04,1808,1795
2026-09-04T22:00:00Z,CDU-A2,24.85,24.93,1828,1817
2026-09-04T22:00:00Z,CDU-A3,24.71,24.84,1797,1797
2026-09-04T22:00:00Z,CDU-A4,25.23,25.35,1800,1797
2026-09-04T22:00:00Z,CDU-B1,25.19,25.28,1791,1781
2026-09-04T22:00:00Z,CDU-B2,24.82,24.85,1764,1751
2026-09-04T22:00:00Z,CDU-B3,24.54,24.78,1812,1803
2026-09-04T22:00:00Z,CDU-B4,25.41,25.58,1805,1787
2026-09-04T23:00:00Z,CDU-A1,24.63,24.68,1792,1791
2026-09-04T23:00:00Z,CDU-A2,24.37,24.81,1800,1795
2026-09-04T23:00:00Z,CDU-A3,25.03,25.18,1795,1788
2026-09-04T23:00:00Z,CDU-A4,25.14,25.21,1805,1786
2026-09-04T23:00:00Z,CDU-B1,25.18,25.43,1807,1772
2026-09-04T23:00:00Z,CDU-B2,24.86,25.03,1796,1790
2026-09-04T23:00:00Z,CDU-B3,24.96,25.23,1801,1780
2026-09-04T23:00:00Z,CDU-B4,25.3,25.56,1796,1785
2026-09-05T00:00:00Z,CDU-A1,24.86,24.98,1801,1794
2026-09-05T00:00:00Z,CDU-A2,24.63,24.64,1780,1763
2026-09-05T00:00:00Z,CDU-A3,24.56,24.68,1800,1799
2026-09-05T00:00:00Z,CDU-A4,25.42,25.56,1786,1784
2026-09-05T00:00:00Z,CDU-B1,25.13,25.3,1801,1784
2026-09-05T00:00:00Z,CDU-B2,25.11,25.12,1804,1792
2026-09-05T00:00:00Z,CDU-B3,25.12,25.2,1776,1764
2026-09-05T00:00:00Z,CDU-B4,25.23,25.31,1823,1810
2026-09-05T01:00:00Z,CDU-A1,24.9,25.05,1790,1779
2026-09-05T01:00:00Z,CDU-A2,24.77,24.88,1799,1766
2026-09-05T01:00:00Z,CDU-A3,24.65,24.78,1799,1797
2026-09-05T01:00:00Z,CDU-A4,25.57,25.77,1787,1765
2026-09-05T01:00:00Z,CDU-B1,25.12,25.42,1797,1790
2026-09-05T01:00:00Z,CDU-B2,24.88,25.01,1791,1780
2026-09-05T01:00:00Z,CDU-B3,25.47,25.51,1811,1799
2026-09-05T01:00:00Z,CDU-B4,25.24,25.24,1803,1790
2026-09-05T02:00:00Z,CDU-A1,24.7,24.84,1799,1794
2026-09-05T02:00:00Z,CDU-A2,24.86,24.96,1790,1786
2026-09-05T02:00:00Z,CDU-A3,24.64,24.64,1793,1768
2026-09-05T02:00:00Z,CDU-A4,25.51,25.74,1805,1798
2026-09-05T02:00:00Z,CDU-B1,24.86,24.96,1805,1792
2026-09-05T02:00:00Z,CDU-B2,24.97,25.12,1804,1801
2026-09-05T02:00:00Z,CDU-B3,25.18,25.24,1800,1794
2026-09-05T02:00:00Z,CDU-B4,25.34,25.37,1793,1793
2026-09-05T03:00:00Z,CDU-A1,25.0,25.2,1780,1766
2026-09-05T03:00:00Z,CDU-A2,24.91,24.97,1802,1786
2026-09-05T03:00:00Z,CDU-A3,24.83,24.86,1814,1803
2026-09-05T03:00:00Z,CDU-A4,25.41,25.51,1794,1790
2026-09-05T03:00:00Z,CDU-B1,24.6,24.67,1791,1765
2026-09-05T03:00:00Z,CDU-B2,24.71,24.71,1812,1802
2026-09-05T03:00:00Z,CDU-B3,25.35,25.57,1810,1805
2026-09-05T03:00:00Z,CDU-B4,25.3,25.45,1812,1793
2026-09-05T04:00:00Z,CDU-A1,25.12,25.14,1808,1786
2026-09-05T04:00:00Z,CDU-A2,24.79,24.86,1815,1813
2026-09-05T04:00:00Z,CDU-A3,25.1,25.45,1806,1792
2026-09-05T04:00:00Z,CDU-A4,25.52,25.69,1791,1771
2026-09-05T04:00:00Z,CDU-B1,24.97,25.06,1833,1806
2026-09-05T04:00:00Z,CDU-B2,24.88,24.95,1805,1793
2026-09-05T04:00:00Z,CDU-B3,25.23,25.43,1814,1812
2026-09-05T04:00:00Z,CDU-B4,25.36,25.53,1805,1798
2026-09-05T05:00:00Z,CDU-A1,24.89,24.93,1790,1786
2026-09-05T05:00:00Z,CDU-A2,24.63,24.76,1807,1801
2026-09-05T05:00:00Z,CDU-A3,25.14,25.16,1798,1790
2026-09-05T05:00:00Z,CDU-A4,25.37,25.57,1817,1809
2026-09-05T05:00:00Z,CDU-B1,24.67,24.97,1795,1765
2026-09-05T05:00:00Z,CDU-B2,25.06,25.1,1793,1787
2026-09-05T05:00:00Z,CDU-B3,24.87,25.27,1804,1804
2026-09-05T05:00:00Z,CDU-B4,25.46,25.57,1812,1805
2026-09-05T06:00:00Z,CDU-A1,24.97,25.07,1806,1803
2026-09-05T06:00:00Z,CDU-A2,24.58,24.66,1801,1777
2026-09-05T06:00:00Z,CDU-A3,25.12,25.23,1792,1790
2026-09-05T06:00:00Z,CDU-A4,25.46,25.55,1812,1785
2026-09-05T06:00:00Z,CDU-B1,24.68,24.73,1794,1793
2026-09-05T06:00:00Z,CDU-B2,25.19,25.38,1805,1783
2026-09-05T06:00:00Z,CDU-B3,25.06,25.13,1786,1779
2026-09-05T06:00:00Z,CDU-B4,25.46,25.67,1780,1747
2026-09-05T07:00:00Z,CDU-A1,24.99,25.07,1787,1782
2026-09-05T07:00:00Z,CDU-A2,24.25,24.46,1812,1812
2026-09-05T07:00:00Z,CDU-A3,25.15,25.17,1808,1787
2026-09-05T07:00:00Z,CDU-A4,24.97,25.11,1809,1805
2026-09-05T07:00:00Z,CDU-B1,24.53,24.57,1802,1798
2026-09-05T07:00:00Z,CDU-B2,25.03,25.08,1805,1797
2026-09-05T07:00:00Z,CDU-B3,25.45,25.75,1798,1778
2026-09-05T07:00:00Z,CDU-B4,25.05,25.07,1793,1790
2026-09-05T08:00:00Z,CDU-A1,25.03,25.05,1795,1795
2026-09-05T08:00:00Z,CDU-A2,24.54,24.63,1786,1755
2026-09-05T08:00:00Z,CDU-A3,24.79,24.95,1827,1827
2026-09-05T08:00:00Z,CDU-A4,25.0,25.13,1789,1778
2026-09-05T08:00:00Z,CDU-B1,24.58,24.62,1794,1777
2026-09-05T08:00:00Z,CDU-B2,25.12,25.22,1790,1778
2026-09-05T08:00:00Z,CDU-B3,25.41,25.6,1797,1793
2026-09-05T08:00:00Z,CDU-B4,25.07,25.14,1793,1776
2026-09-05T09:00:00Z,CDU-A1,25.37,25.47,1795,1794
2026-09-05T09:00:00Z,CDU-A2,24.78,25.05,1780,1765
2026-09-05T09:00:00Z,CDU-A3,24.91,24.98,1793,1762
2026-09-05T09:00:00Z,CDU-A4,25.1,25.21,1809,1806
2026-09-05T09:00:00Z,CDU-B1,24.57,24.71,1807,1799
2026-09-05T09:00:00Z,CDU-B2,25.1,25.16,1807,1796
2026-09-05T09:00:00Z,CDU-B3,25.33,25.5,1787,1775
2026-09-05T09:00:00Z,CDU-B4,24.84,25.14,1799,1776
2026-09-05T10:00:00Z,CDU-A1,25.17,25.22,1817,1815
2026-09-05T10:00:00Z,CDU-A2,24.83,24.85,1794,1769
2026-09-05T10:00:00Z,CDU-A3,25.05,25.41,1803,1783
2026-09-05T10:00:00Z,CDU-A4,25.27,25.44,1800,1792
2026-09-05T10:00:00Z,CDU-B1,24.41,24.43,1809,1793
2026-09-05T10:00:00Z,CDU-B2,24.98,25.22,1791,1760
2026-09-05T10:00:00Z,CDU-B3,25.5,25.75,1805,1803
2026-09-05T10:00:00Z,CDU-B4,24.69,24.71,1807,1806
2026-09-05T11:00:00Z,CDU-A1,24.82,25.07,1798,1779
2026-09-05T11:00:00Z,CDU-A2,24.97,24.98,1808,1801
2026-09-05T11:00:00Z,CDU-A3,25.27,25.31,1822,1809
2026-09-05T11:00:00Z,CDU-A4,24.96,25.2,1792,1774
2026-09-05T11:00:00Z,CDU-B1,24.62,24.78,1789,1761
2026-09-05T11:00:00Z,CDU-B2,25.07,25.12,1795,1785
2026-09-05T11:00:00Z,CDU-B3,25.45,25.66,1804,1782
2026-09-05T11:00:00Z,CDU-B4,24.89,24.98,1794,1782
2026-09-05T12:00:00Z,CDU-A1,24.69,24.72,1789,1785
2026-09-05T12:00:00Z,CDU-A2,25.0,25.31,1802,1786
2026-09-05T12:00:00Z,CDU-A3,25.12,25.24,1799,1784
2026-09-05T12:00:00Z,CDU-A4,25.13,25.43,1799,1795
2026-09-05T12:00:00Z,CDU-B1,24.91,24.95,1788,1778
2026-09-05T12:00:00Z,CDU-B2,25.19,25.33,1790,1765
2026-09-05T12:00:00Z,CDU-B3,25.16,25.44,1803,1797
2026-09-05T12:00:00Z,CDU-B4,24.88,24.96,1781,1764
2026-09-05T13:00:00Z,CDU-A1,24.89,24.92,1781,1762
2026-09-05T13:00:00Z,CDU-A2,24.97,25.18,1805,1773
2026-09-05T13:00:00Z,CDU-A3,24.72,24.94,1810,1804
2026-09-05T13:00:00Z,CDU-A4,24.89,25.06,1790,1783
2026-09-05T13:00:00Z,CDU-B1,24.69,24.75,1816,1799
2026-09-05T13:00:00Z,CDU-B2,25.37,25.55,1820,1819
2026-09-05T13:00:00Z,CDU-B3,25.31,25.33,1800,1792
2026-09-05T13:00:00Z,CDU-B4,25.07,25.14,1817,1809
2026-09-05T14:00:00Z,CDU-A1,24.88,24.99,1807,1797
2026-09-05T14:00:00Z,CDU-A2,25.19,25.25,1809,1800
2026-09-05T14:00:00Z,CDU-A3,24.91,24.95,1815,1813
2026-09-05T14:00:00Z,CDU-A4,25.15,25.2,1790,1775
2026-09-05T14:00:00Z,CDU-B1,24.77,24.86,1805,1792
2026-09-05T14:00:00Z,CDU-B2,25.74,25.75,1793,1790
2026-09-05T14:00:00Z,CDU-B3,24.96,25.15,1800,1782
2026-09-05T14:00:00Z,CDU-B4,25.25,25.39,1797,1785
2026-09-05T15:00:00Z,CDU-A1,25.14,25.28,1792,1790
2026-09-05T15:00:00Z,CDU-A2,25.21,25.31,1792,1783
2026-09-05T15:00:00Z,CDU-A3,24.96,24.99,1787,1774
2026-09-05T15:00:00Z,CDU-A4,24.95,25.21,1780,1777
2026-09-05T15:00:00Z,CDU-B1,25.14,25.44,1787,1783
2026-09-05T15:00:00Z,CDU-B2,25.71,25.78,1815,1788
2026-09-05T15:00:00Z,CDU-B3,25.15,25.23,1790,1770
2026-09-05T15:00:00Z,CDU-B4,25.1,25.18,1771,1765
2026-09-05T16:00:00Z,CDU-A1,25.27,25.33,1789,1769
2026-09-05T16:00:00Z,CDU-A2,25.11,25.13,1814,1813
2026-09-05T16:00:00Z,CDU-A3,24.74,24.86,1802,1773
2026-09-05T16:00:00Z,CDU-A4,24.87,24.99,1803,1795
2026-09-05T16:00:00Z,CDU-B1,24.81,24.91,1809,1806
2026-09-05T16:00:00Z,CDU-B2,25.61,25.66,1795,1764
2026-09-05T16:00:00Z,CDU-B3,25.18,25.31,1797,1771
2026-09-05T16:00:00Z,CDU-B4,25.08,25.11,1799,1787
2026-09-05T17:00:00Z,CDU-A1,24.92,25.26,1796,1789
2026-09-05T17:00:00Z,CDU-A2,25.18,25.27,1795,1768
2026-09-05T17:00:00Z,CDU-A3,25.08,25.14,1776,1760
2026-09-05T17:00:00Z,CDU-A4,24.84,25.0,1795,1795
2026-09-05T17:00:00Z,CDU-B1,25.08,25.1,1804,1802
2026-09-05T17:00:00Z,CDU-B2,25.61,25.79,1815,1812
2026-09-05T17:00:00Z,CDU-B3,25.21,25.37,1784,1778
2026-09-05T17:00:00Z,CDU-B4,25.1,25.16,1804,1768
2026-09-05T18:00:00Z,CDU-A1,25.23,25.4,1801,1789
2026-09-05T18:00:00Z,CDU-A2,25.6,25.65,1812,1799
2026-09-05T18:00:00Z,CDU-A3,25.43,25.5,1805,1800
2026-09-05T18:00:00Z,CDU-A4,24.84,25.0,1801,1783
2026-09-05T18:00:00Z,CDU-B1,25.15,25.26,1782,1777
2026-09-05T18:00:00Z,CDU-B2,25.75,25.89,1805,1790
2026-09-05T18:00:00Z,CDU-B3,25.1,25.16,1795,1789
2026-09-05T18:00:00Z,CDU-B4,25.18,25.33,1810,1799
2026-09-05T19:00:00Z,CDU-A1,25.23,25.36,1827,1803
2026-09-05T19:00:00Z,CDU-A2,25.99,26.01,1820,1813
2026-09-05T19:00:00Z,CDU-A3,25.38,25.47,1810,1783
2026-09-05T19:00:00Z,CDU-A4,24.84,24.87,1805,1798
2026-09-05T19:00:00Z,CDU-B1,25.19,25.21,1804,1800
2026-09-05T19:00:00Z,CDU-B2,25.64,25.68,1803,1788
2026-09-05T19:00:00Z,CDU-B3,25.16,25.2,1793,1783
2026-09-05T19:00:00Z,CDU-B4,25.59,25.81,1798,1794
2026-09-05T20:00:00Z,CDU-A1,25.26,25.31,1800,1791
2026-09-05T20:00:00Z,CDU-A2,25.98,26.11,1797,1765
2026-09-05T20:00:00Z,CDU-A3,25.18,25.41,1788,1773
2026-09-05T20:00:00Z,CDU-A4,24.74,24.93,1796,1796
2026-09-05T20:00:00Z,CDU-B1,25.15,25.29,1812,1790
2026-09-05T20:00:00Z,CDU-B2,25.67,25.8,1793,1774
2026-09-05T20:00:00Z,CDU-B3,25.12,25.36,1800,1775
2026-09-05T20:00:00Z,CDU-B4,25.71,25.75,1802,1767
2026-09-05T21:00:00Z,CDU-A1,24.95,24.96,1805,1802
2026-09-05T21:00:00Z,CDU-A2,25.86,26.0,1798,1783
2026-09-05T21:00:00Z,CDU-A3,25.03,25.31,1804,1783
2026-09-05T21:00:00Z,CDU-A4,25.29,25.48,1803,1770
2026-09-05T21:00:00Z,CDU-B1,25.13,25.14,1805,1793
2026-09-05T21:00:00Z,CDU-B2,25.62,25.83,1808,1806
2026-09-05T21:00:00Z,CDU-B3,25.02,25.04,1808,1804
2026-09-05T21:00:00Z,CDU-B4,25.35,25.75,1804,1798
2026-09-05T22:00:00Z,CDU-A1,24.97,25.17,1803,1799
2026-09-05T22:00:00Z,CDU-A2,25.58,25.8,1812,1792
2026-09-05T22:00:00Z,CDU-A3,25.1,25.13,1797,1790
2026-09-05T22:00:00Z,CDU-A4,25.4,25.68,1795,1794
2026-09-05T22:00:00Z,CDU-B1,25.4,25.46,1788,1774
2026-09-05T22:00:00Z,CDU-B2,25.71,25.75,1800,1791
2026-09-05T22:00:00Z,CDU-B3,24.69,24.85,1789,1781
2026-09-05T22:00:00Z,CDU-B4,25.29,25.43,1794,1774
2026-09-05T23:00:00Z,CDU-A1,25.0,25.24,1802,1800
2026-09-05T23:00:00Z,CDU-A2,25.37,25.45,1800,1788
2026-09-05T23:00:00Z,CDU-A3,25.19,25.27,1812,1796
2026-09-05T23:00:00Z,CDU-A4,25.55,25.83,1803,1788
2026-09-05T23:00:00Z,CDU-B1,25.23,25.29,1797,1790
2026-09-05T23:00:00Z,CDU-B2,25.7,25.81,1805,1778
2026-09-05T23:00:00Z,CDU-B3,24.8,24.95,1840,1824
2026-09-05T23:00:00Z,CDU-B4,25.16,25.18,1813,1791
2026-09-06T00:00:00Z,CDU-A1,24.87,24.9,1809,1791
2026-09-06T00:00:00Z,CDU-A2,25.14,25.19,1788,1787
2026-09-06T00:00:00Z,CDU-A3,25.63,25.68,1806,1800
2026-09-06T00:00:00Z,CDU-A4,25.72,25.89,1795,1793
2026-09-06T00:00:00Z,CDU-B1,24.87,24.91,1790,1781
2026-09-06T00:00:00Z,CDU-B2,25.32,25.52,1808,1782
2026-09-06T00:00:00Z,CDU-B3,24.88,24.94,1810,1808
2026-09-06T00:00:00Z,CDU-B4,25.06,25.25,1786,1772
2026-09-06T01:00:00Z,CDU-A1,25.17,25.22,1798,1779
2026-09-06T01:00:00Z,CDU-A2,25.13,25.2,1809,1806
2026-09-06T01:00:00Z,CDU-A3,25.5,25.68,1795,1790
2026-09-06T01:00:00Z,CDU-A4,25.29,25.56,1810,1772
2026-09-06T01:00:00Z,CDU-B1,24.63,24.78,1779,1766
2026-09-06T01:00:00Z,CDU-B2,24.99,25.1,1797,1796
2026-09-06T01:00:00Z,CDU-B3,24.87,24.9,1793,1778
2026-09-06T01:00:00Z,CDU-B4,25.09,25.26,1796,1791
2026-09-06T02:00:00Z,CDU-A1,25.27,25.28,1793,1786
2026-09-06T02:00:00Z,CDU-A2,25.1,25.18,1809,1807
2026-09-06T02:00:00Z,CDU-A3,25.26,25.38,1815,1810
2026-09-06T02:00:00Z,CDU-A4,25.09,25.3,1823,1800
2026-09-06T02:00:00Z,CDU-B1,24.63,24.76,1786,1775
2026-09-06T02:00:00Z,CDU-B2,24.92,25.05,1781,1774
2026-09-06T02:00:00Z,CDU-B3,24.91,25.13,1800,1591
2026-09-06T02:00:00Z,CDU-B4,24.98,24.98,1798,1793
2026-09-06T03:00:00Z,CDU-A1,25.33,25.35,1791,1783
2026-09-06T03:00:00Z,CDU-A2,25.27,25.4,1811,1783
2026-09-06T03:00:00Z,CDU-A3,24.93,25.1,1815,1796
2026-09-06T03:00:00Z,CDU-A4,25.24,25.4,1793,1772
2026-09-06T03:00:00Z,CDU-B1,24.32,24.37,1801,1796
2026-09-06T03:00:00Z,CDU-B2,24.72,24.74,1805,1802
2026-09-06T03:00:00Z,CDU-B3,24.76,24.83,1796,1783
2026-09-06T03:00:00Z,CDU-B4,24.72,24.84,1805,1787
2026-09-06T04:00:00Z,CDU-A1,25.33,25.57,1812,1788
2026-09-06T04:00:00Z,CDU-A2,25.33,25.44,1787,1781
2026-09-06T04:00:00Z,CDU-A3,25.0,25.28,1796,1792
2026-09-06T04:00:00Z,CDU-A4,25.39,25.43,1797,1784
2026-09-06T04:00:00Z,CDU-B1,24.38,24.49,1803,1788
2026-09-06T04:00:00Z,CDU-B2,24.63,24.64,1793,1773
2026-09-06T04:00:00Z,CDU-B3,24.88,24.88,1811,1802
2026-09-06T04:00:00Z,CDU-B4,24.94,25.04,1814,1801
2026-09-06T05:00:00Z,CDU-A1,25.09,25.21,1804,1801
2026-09-06T05:00:00Z,CDU-A2,25.07,25.14,1787,1782
2026-09-06T05:00:00Z,CDU-A3,24.81,24.96,1788,1769
2026-09-06T05:00:00Z,CDU-A4,25.58,25.78,1801,1800
2026-09-06T05:00:00Z,CDU-B1,24.29,24.43,1807,1789
2026-09-06T05:00:00Z,CDU-B2,24.93,25.01,1792,1792
2026-09-06T05:00:00Z,CDU-B3,24.81,24.98,1797,1763
2026-09-06T05:00:00Z,CDU-B4,25.03,25.2,1811,1794
2026-09-06T06:00:00Z,CDU-A1,25.03,25.12,1782,1761
2026-09-06T06:00:00Z,CDU-A2,24.89,24.97,1803,1798
2026-09-06T06:00:00Z,CDU-A3,24.19,24.37,1807,1805
2026-09-06T06:00:00Z,CDU-A4,25.51,25.57,1816,1807
2026-09-06T06:00:00Z,CDU-B1,24.65,24.91,1808,1793
2026-09-06T06:00:00Z,CDU-B2,25.27,25.5,1808,1787
2026-09-06T06:00:00Z,CDU-B3,24.89,25.0,1794,1781
2026-09-06T06:00:00Z,CDU-B4,25.28,25.39,1807,1805
2026-09-06T07:00:00Z,CDU-A1,25.0,25.15,1790,1785
2026-09-06T07:00:00Z,CDU-A2,24.81,24.82,1828,1824
2026-09-06T07:00:00Z,CDU-A3,24.52,24.7,1806,1784
2026-09-06T07:00:00Z,CDU-A4,25.35,25.61,1802,1799
2026-09-06T07:00:00Z,CDU-B1,24.94,25.2,1791,1783
2026-09-06T07:00:00Z,CDU-B2,25.19,25.49,1817,1799
2026-09-06T07:00:00Z,CDU-B3,24.76,24.81,1802,1797
2026-09-06T07:00:00Z,CDU-B4,25.31,25.41,1790,1774
2026-09-06T08:00:00Z,CDU-A1,25.03,25.07,1810,1799
2026-09-06T08:00:00Z,CDU-A2,24.84,24.91,1788,1782
2026-09-06T08:00:00Z,CDU-A3,24.66,24.83,1800,1789
2026-09-06T08:00:00Z,CDU-A4,25.48,25.8,1802,1789
2026-09-06T08:00:00Z,CDU-B1,24.83,24.91,1801,1792
2026-09-06T08:00:00Z,CDU-B2,25.0,25.03,1802,1792
2026-09-06T08:00:00Z,CDU-B3,24.62,24.81,1811,1785
2026-09-06T08:00:00Z,CDU-B4,25.2,25.63,1802,1794
2026-09-06T09:00:00Z,CDU-A1,25.05,25.36,1800,1799
2026-09-06T09:00:00Z,CDU-A2,24.67,24.8,1794,1787
2026-09-06T09:00:00Z,CDU-A3,24.36,24.69,1785,1780
2026-09-06T09:00:00Z,CDU-A4,25.14,25.35,1803,1803
2026-09-06T09:00:00Z,CDU-B1,24.79,24.89,1800,1800
2026-09-06T09:00:00Z,CDU-B2,24.78,25.02,1817,1810
2026-09-06T09:00:00Z,CDU-B3,25.0,25.16,1811,1811
2026-09-06T09:00:00Z,CDU-B4,25.17,25.37,1786,1771
2026-09-06T10:00:00Z,CDU-A1,24.8,25.12,1813,1803
2026-09-06T10:00:00Z,CDU-A2,24.81,24.84,1784,1782
2026-09-06T10:00:00Z,CDU-A3,24.39,24.42,1805,1797
2026-09-06T10:00:00Z,CDU-A4,25.21,25.59,1819,1793
2026-09-06T10:00:00Z,CDU-B1,24.99,25.3,1784,1774
2026-09-06T10:00:00Z,CDU-B2,24.63,24.67,1783,1775
2026-09-06T10:00:00Z,CDU-B3,24.96,25.28,1819,1796
2026-09-06T10:00:00Z,CDU-B4,24.93,25.11,1808,1784
2026-09-06T11:00:00Z,CDU-A1,24.93,24.94,1810,1802
2026-09-06T11:00:00Z,CDU-A2,25.07,25.11,1798,1797
2026-09-06T11:00:00Z,CDU-A3,24.43,24.56,1801,1793
2026-09-06T11:00:00Z,CDU-A4,25.12,25.51,1798,1795
2026-09-06T11:00:00Z,CDU-B1,24.89,24.95,1799,1793
2026-09-06T11:00:00Z,CDU-B2,24.78,24.82,1800,1796
2026-09-06T11:00:00Z,CDU-B3,24.99,25.18,1792,1790
2026-09-06T11:00:00Z,CDU-B4,24.64,24.72,1800,1787
2026-09-06T12:00:00Z,CDU-A1,24.8,25.1,1806,1798
2026-09-06T12:00:00Z,CDU-A2,25.03,25.43,1788,1772
2026-09-06T12:00:00Z,CDU-A3,24.49,24.51,1806,1795
2026-09-06T12:00:00Z,CDU-A4,24.82,24.84,1798,1776
2026-09-06T12:00:00Z,CDU-B1,24.98,25.14,1808,1788
2026-09-06T12:00:00Z,CDU-B2,24.35,24.43,1787,1785
2026-09-06T12:00:00Z,CDU-B3,24.98,25.0,1821,1796
2026-09-06T12:00:00Z,CDU-B4,24.62,24.8,1784,1776
2026-09-06T13:00:00Z,CDU-A1,25.02,25.18,1798,1780
2026-09-06T13:00:00Z,CDU-A2,25.45,25.77,1806,1793
2026-09-06T13:00:00Z,CDU-A3,24.68,24.74,1813,1811
2026-09-06T13:00:00Z,CDU-A4,25.14,25.31,1800,1776
2026-09-06T13:00:00Z,CDU-B1,25.4,25.44,1809,1803
2026-09-06T13:00:00Z,CDU-B2,24.42,24.47,1822,1817
2026-09-06T13:00:00Z,CDU-B3,24.82,25.1,1791,1788
2026-09-06T13:00:00Z,CDU-B4,24.69,24.9,1796,1789
2026-09-06T14:00:00Z,CDU-A1,24.74,24.95,1771,1756
2026-09-06T14:00:00Z,CDU-A2,25.25,25.31,1801,1774
2026-09-06T14:00:00Z,CDU-A3,24.6,24.62,1800,1778
2026-09-06T14:00:00Z,CDU-A4,25.14,25.34,1796,1778
2026-09-06T14:00:00Z,CDU-B1,25.43,25.47,1805,1797
2026-09-06T14:00:00Z,CDU-B2,24.72,24.73,1805,1802
2026-09-06T14:00:00Z,CDU-B3,24.84,24.9,1797,1793
2026-09-06T14:00:00Z,CDU-B4,24.57,24.75,1798,1776
2026-09-06T15:00:00Z,CDU-A1,24.67,24.8,1804,1799
2026-09-06T15:00:00Z,CDU-A2,24.95,25.11,1786,1773
2026-09-06T15:00:00Z,CDU-A3,24.92,24.93,1819,1795
2026-09-06T15:00:00Z,CDU-A4,25.38,25.41,1792,1781
2026-09-06T15:00:00Z,CDU-B1,25.26,25.31,1814,1793
2026-09-06T15:00:00Z,CDU-B2,24.6,24.77,1808,1778
2026-09-06T15:00:00Z,CDU-B3,25.02,25.16,1804,1789
2026-09-06T15:00:00Z,CDU-B4,24.6,24.65,1796,1775
2026-09-06T16:00:00Z,CDU-A1,24.56,24.83,1811,1804
2026-09-06T16:00:00Z,CDU-A2,24.81,24.84,1799,1794
2026-09-06T16:00:00Z,CDU-A3,24.91,25.0,1793,1788
2026-09-06T16:00:00Z,CDU-A4,25.07,25.15,1792,1775
2026-09-06T16:00:00Z,CDU-B1,25.63,25.69,1792,1765
2026-09-06T16:00:00Z,CDU-B2,24.51,24.6,1802,1783
2026-09-06T16:00:00Z,CDU-B3,24.98,25.06,1810,1797
2026-09-06T16:00:00Z,CDU-B4,24.59,24.77,1789,1771
2026-09-06T17:00:00Z,CDU-A1,24.55,24.57,1810,1809
2026-09-06T17:00:00Z,CDU-A2,24.94,25.19,1803,1787
2026-09-06T17:00:00Z,CDU-A3,24.86,24.96,1785,1778
2026-09-06T17:00:00Z,CDU-A4,24.93,24.93,1796,1788
2026-09-06T17:00:00Z,CDU-B1,25.48,25.59,1806,1782
2026-09-06T17:00:00Z,CDU-B2,24.87,25.01,1809,1798
2026-09-06T17:00:00Z,CDU-B3,25.21,25.38,1815,1801
2026-09-06T17:00:00Z,CDU-B4,24.47,24.56,1810,1794
2026-09-06T18:00:00Z,CDU-A1,24.82,24.93,1793,1786
2026-09-06T18:00:00Z,CDU-A2,24.96,25.02,1799,1786
2026-09-06T18:00:00Z,CDU-A3,24.57,24.74,1807,1798
2026-09-06T18:00:00Z,CDU-A4,24.52,24.73,1811,1796
2026-09-06T18:00:00Z,CDU-B1,25.47,25.52,1795,1768
2026-09-06T18:00:00Z,CDU-B2,25.11,25.53,1786,1779
2026-09-06T18:00:00Z,CDU-B3,25.1,25.1,1791,1773
2026-09-06T18:00:00Z,CDU-B4,24.82,24.95,1793,1782
2026-09-06T19:00:00Z,CDU-A1,25.08,25.24,1793,1781
2026-09-06T19:00:00Z,CDU-A2,24.76,24.79,1814,1804
2026-09-06T19:00:00Z,CDU-A3,24.78,24.95,1797,1793
2026-09-06T19:00:00Z,CDU-A4,24.41,24.52,1791,1790
2026-09-06T19:00:00Z,CDU-B1,25.59,25.96,1780,1744
2026-09-06T19:00:00Z,CDU-B2,25.19,25.41,1800,1794
2026-09-06T19:00:00Z,CDU-B3,25.08,25.18,1796,1781
2026-09-06T19:00:00Z,CDU-B4,25.15,25.44,1806,1793
2026-09-06T20:00:00Z,CDU-A1,24.71,24.83,1811,1796
2026-09-06T20:00:00Z,CDU-A2,24.69,24.88,1795,1782
2026-09-06T20:00:00Z,CDU-A3,24.85,24.99,1805,1788
2026-09-06T20:00:00Z,CDU-A4,24.49,24.68,1783,1773
2026-09-06T20:00:00Z,CDU-B1,25.79,26.11,1804,1795
2026-09-06T20:00:00Z,CDU-B2,25.35,25.53,1811,1810
2026-09-06T20:00:00Z,CDU-B3,24.76,24.93,1828,1821
2026-09-06T20:00:00Z,CDU-B4,24.94,25.18,1795,1795
2026-09-06T21:00:00Z,CDU-A1,24.79,24.95,1805,1787
2026-09-06T21:00:00Z,CDU-A2,24.76,24.83,1808,1800
2026-09-06T21:00:00Z,CDU-A3,25.01,25.14,1787,1783
2026-09-06T21:00:00Z,CDU-A4,24.29,24.3,1810,1803
2026-09-06T21:00:00Z,CDU-B1,26.06,26.08,1803,1794
2026-09-06T21:00:00Z,CDU-B2,25.21,25.63,1816,1784
2026-09-06T21:00:00Z,CDU-B3,24.75,25.06,1809,1787
2026-09-06T21:00:00Z,CDU-B4,25.18,25.54,1795,1764
2026-09-06T22:00:00Z,CDU-A1,24.86,24.97,1787,1781
2026-09-06T22:00:00Z,CDU-A2,24.63,24.65,1812,1810
2026-09-06T22:00:00Z,CDU-A3,25.28,25.35,1825,1811
2026-09-06T22:00:00Z,CDU-A4,24.82,24.89,1806,1760
2026-09-06T22:00:00Z,CDU-B1,25.97,26.06,1799,1789
2026-09-06T22:00:00Z,CDU-B2,25.18,25.24,1799,1796
2026-09-06T22:00:00Z,CDU-B3,25.09,25.46,1800,1797
2026-09-06T22:00:00Z,CDU-B4,25.45,25.58,1793,1782
2026-09-06T23:00:00Z,CDU-A1,24.79,24.81,1809,1806
2026-09-06T23:00:00Z,CDU-A2,24.25,24.45,1794,1787
2026-09-06T23:00:00Z,CDU-A3,25.45,25.48,1791,1787
2026-09-06T23:00:00Z,CDU-A4,24.75,24.89,1787,1780
2026-09-06T23:00:00Z,CDU-B1,25.88,26.34,1808,1791
2026-09-06T23:00:00Z,CDU-B2,25.25,25.34,1789,1778
2026-09-06T23:00:00Z,CDU-B3,25.13,25.25,1795,1794
2026-09-06T23:00:00Z,CDU-B4,25.09,25.23,1803,1779
2026-09-07T00:00:00Z,CDU-A1,24.61,24.7,1821,1819
2026-09-07T00:00:00Z,CDU-A2,24.42,24.43,1787,1770
2026-09-07T00:00:00Z,CDU-A3,25.38,25.42,1797,1784
2026-09-07T00:00:00Z,CDU-A4,24.79,25.0,1810,1803
2026-09-07T00:00:00Z,CDU-B1,26.11,26.31,1807,1793
2026-09-07T00:00:00Z,CDU-B2,25.45,25.53,1805,1799
2026-09-07T00:00:00Z,CDU-B3,25.06,25.15,1790,1781
2026-09-07T00:00:00Z,CDU-B4,25.33,25.43,1792,1770
2026-09-07T01:00:00Z,CDU-A1,24.72,24.87,1789,1784
2026-09-07T01:00:00Z,CDU-A2,24.74,24.8,1800,1764
2026-09-07T01:00:00Z,CDU-A3,25.29,25.46,1785,1773
2026-09-07T01:00:00Z,CDU-A4,24.94,25.05,1793,1770
2026-09-07T01:00:00Z,CDU-B1,25.93,26.03,1800,1773
2026-09-07T01:00:00Z,CDU-B2,25.27,25.44,1802,1780
2026-09-07T01:00:00Z,CDU-B3,24.78,24.93,1801,1779
2026-09-07T01:00:00Z,CDU-B4,25.18,25.26,1794,1786
2026-09-07T02:00:00Z,CDU-A1,24.68,24.82,1806,1799
2026-09-07T02:00:00Z,CDU-A2,24.43,24.43,1793,1787
2026-09-07T02:00:00Z,CDU-A3,25.52,25.58,1805,1800
2026-09-07T02:00:00Z,CDU-A4,25.31,25.31,1799,1791
2026-09-07T02:00:00Z,CDU-B1,25.77,25.88,1798,1792
2026-09-07T02:00:00Z,CDU-B2,25.24,25.28,1804,1799
2026-09-07T02:00:00Z,CDU-B3,25.0,25.12,1798,1794
2026-09-07T02:00:00Z,CDU-B4,25.16,25.29,1780,1766
2026-09-07T03:00:00Z,CDU-A1,24.82,24.82,1802,1798
2026-09-07T03:00:00Z,CDU-A2,24.26,24.32,1813,1803
2026-09-07T03:00:00Z,CDU-A3,25.36,25.7,1819,1789
2026-09-07T03:00:00Z,CDU-A4,25.0,25.21,1815,1815
2026-09-07T03:00:00Z,CDU-B1,25.64,25.64,1796,1790
2026-09-07T03:00:00Z,CDU-B2,25.2,25.23,1801,1783
2026-09-07T03:00:00Z,CDU-B3,25.02,25.1,1798,1790
2026-09-07T03:00:00Z,CDU-B4,25.05,25.07,1783,1778
2026-09-07T04:00:00Z,CDU-A1,24.91,24.97,1788,1782
2026-09-07T04:00:00Z,CDU-A2,24.44,24.45,1787,1786
2026-09-07T04:00:00Z,CDU-A3,25.16,25.23,1797,1791
2026-09-07T04:00:00Z,CDU-A4,24.98,25.08,1794,1782
2026-09-07T04:00:00Z,CDU-B1,25.37,25.69,1789,1750
2026-09-07T04:00:00Z,CDU-B2,25.36,25.37,1808,1794
2026-09-07T04:00:00Z,CDU-B3,24.91,24.98,1806,1793
2026-09-07T04:00:00Z,CDU-B4,24.97,25.16,1802,1768
2026-09-07T05:00:00Z,CDU-A1,25.1,25.26,1800,1792
2026-09-07T05:00:00Z,CDU-A2,24.56,24.63,1800,1780
2026-09-07T05:00:00Z,CDU-A3,25.42,25.69,1793,1752
2026-09-07T05:00:00Z,CDU-A4,25.0,25.06,1777,1771
2026-09-07T05:00:00Z,CDU-B1,25.4,25.43,1787,1763
2026-09-07T05:00:00Z,CDU-B2,25.32,25.34,1784,1784
2026-09-07T05:00:00Z,CDU-B3,24.9,25.0,1800,1772
2026-09-07T05:00:00Z,CDU-B4,24.93,24.94,1808,1806
2026-09-07T06:00:00Z,CDU-A1,25.13,25.13,1821,1820
2026-09-07T06:00:00Z,CDU-A2,24.9,25.2,1789,1769
2026-09-07T06:00:00Z,CDU-A3,25.25,25.41,1800,1783
2026-09-07T06:00:00Z,CDU-A4,24.84,24.88,1814,1778
2026-09-07T06:00:00Z,CDU-B1,25.55,25.58,1818,1800
2026-09-07T06:00:00Z,CDU-B2,25.07,25.36,1816,1789
2026-09-07T06:00:00Z,CDU-B3,24.88,25.04,1802,1797
2026-09-07T06:00:00Z,CDU-B4,24.74,24.87,1805,1771
2026-09-07T07:00:00Z,CDU-A1,25.14,25.35,1788,1780
2026-09-07T07:00:00Z,CDU-A2,24.88,24.99,1828,1806
2026-09-07T07:00:00Z,CDU-A3,25.34,25.38,1795,1770
2026-09-07T07:00:00Z,CDU-A4,25.2,25.2,1816,1808
2026-09-07T07:00:00Z,CDU-B1,25.54,25.89,1786,1781
2026-09-07T07:00:00Z,CDU-B2,24.82,24.87,1806,1804
2026-09-07T07:00:00Z,CDU-B3,25.01,25.03,1787,1783
2026-09-07T07:00:00Z,CDU-B4,25.13,25.21,1805,1796
2026-09-07T08:00:00Z,CDU-A1,25.19,25.44,1795,1777
2026-09-07T08:00:00Z,CDU-A2,24.86,24.89,1785,1762
2026-09-07T08:00:00Z,CDU-A3,25.27,25.37,1798,1792
2026-09-07T08:00:00Z,CDU-A4,25.21,25.21,1787,1756
2026-09-07T08:00:00Z,CDU-B1,25.62,25.74,1825,1779
2026-09-07T08:00:00Z,CDU-B2,24.94,25.0,1798,1796
2026-09-07T08:00:00Z,CDU-B3,24.89,25.04,1807,1805
2026-09-07T08:00:00Z,CDU-B4,24.95,24.97,1803,1798
2026-09-07T09:00:00Z,CDU-A1,25.5,25.53,1796,1778
2026-09-07T09:00:00Z,CDU-A2,25.09,25.18,1794,1784
2026-09-07T09:00:00Z,CDU-A3,25.66,25.84,1786,1760
2026-09-07T09:00:00Z,CDU-A4,24.91,25.12,1780,1753
2026-09-07T09:00:00Z,CDU-B1,25.33,25.4,1805,1800
2026-09-07T09:00:00Z,CDU-B2,25.13,25.34,1789,1779
2026-09-07T09:00:00Z,CDU-B3,24.85,24.91,1784,1774
2026-09-07T09:00:00Z,CDU-B4,25.27,25.39,1808,1794
2026-09-07T10:00:00Z,CDU-A1,25.12,25.19,1786,1782
2026-09-07T10:00:00Z,CDU-A2,25.14,25.28,1785,1784
2026-09-07T10:00:00Z,CDU-A3,25.17,25.31,1803,1786
2026-09-07T10:00:00Z,CDU-A4,24.83,25.03,1792,1786
2026-09-07T10:00:00Z,CDU-B1,24.94,25.06,1788,1786
2026-09-07T10:00:00Z,CDU-B2,24.97,24.99,1813,1809
2026-09-07T10:00:00Z,CDU-B3,24.95,24.98,1796,1786
2026-09-07T10:00:00Z,CDU-B4,25.3,25.4,1796,1794
2026-09-07T11:00:00Z,CDU-A1,25.0,25.01,1796,1793
2026-09-07T11:00:00Z,CDU-A2,25.08,25.17,1800,1798
2026-09-07T11:00:00Z,CDU-A3,25.34,25.42,1806,1800
2026-09-07T11:00:00Z,CDU-A4,24.59,24.62,1794,1786
2026-09-07T11:00:00Z,CDU-B1,25.0,25.05,1789,1774
2026-09-07T11:00:00Z,CDU-B2,24.99,25.04,1819,1818
2026-09-07T11:00:00Z,CDU-B3,25.41,25.6,1812,1810
2026-09-07T11:00:00Z,CDU-B4,25.26,25.59,1807,1777
2026-09-07T12:00:00Z,CDU-A1,24.68,24.97,1803,1803
2026-09-07T12:00:00Z,CDU-A2,25.07,25.17,1805,1778
2026-09-07T12:00:00Z,CDU-A3,25.18,25.19,1805,1787
2026-09-07T12:00:00Z,CDU-A4,24.43,24.59,1815,1809
2026-09-07T12:00:00Z,CDU-B1,24.9,25.06,1802,1779
2026-09-07T12:00:00Z,CDU-B2,25.02,25.18,1792,1790
2026-09-07T12:00:00Z,CDU-B3,25.61,25.69,1813,1804
2026-09-07T12:00:00Z,CDU-B4,25.4,25.63,1795,1794
2026-09-07T13:00:00Z,CDU-A1,24.79,24.81,1810,1793
2026-09-07T13:00:00Z,CDU-A2,25.28,25.28,1801,1792
2026-09-07T13:00:00Z,CDU-A3,25.36,25.48,1799,1798
2026-09-07T13:00:00Z,CDU-A4,24.2,24.24,1793,1790
2026-09-07T13:00:00Z,CDU-B1,24.54,24.8,1816,1809
2026-09-07T13:00:00Z,CDU-B2,24.88,24.95,1802,1801
2026-09-07T13:00:00Z,CDU-B3,25.68,25.83,1801,1768
2026-09-07T13:00:00Z,CDU-B4,24.86,24.91,1784,1783
2026-09-07T14:00:00Z,CDU-A1,24.7,24.72,1791,1750
2026-09-07T14:00:00Z,CDU-A2,25.22,25.35,1804,1786
2026-09-07T14:00:00Z,CDU-A3,25.32,25.46,1806,1806
2026-09-07T14:00:00Z,CDU-A4,24.27,24.46,1792,1790
2026-09-07T14:00:00Z,CDU-B1,24.91,24.95,1799,1786
2026-09-07T14:00:00Z,CDU-B2,24.88,24.97,1821,1814
2026-09-07T14:00:00Z,CDU-B3,25.65,25.84,1804,1800
2026-09-07T14:00:00Z,CDU-B4,24.89,25.15,1795,1787
2026-09-07T15:00:00Z,CDU-A1,24.9,25.15,1789,1775
2026-09-07T15:00:00Z,CDU-A2,25.36,25.42,1809,1806
2026-09-07T15:00:00Z,CDU-A3,25.22,25.34,1795,1774
2026-09-07T15:00:00Z,CDU-A4,24.29,24.36,1813,1789
2026-09-07T15:00:00Z,CDU-B1,24.94,25.05,1798,1783
2026-09-07T15:00:00Z,CDU-B2,24.98,25.01,1776,1772
2026-09-07T15:00:00Z,CDU-B3,25.27,25.4,1803,1794
2026-09-07T15:00:00Z,CDU-B4,24.88,25.07,1783,1765
2026-09-07T16:00:00Z,CDU-A1,24.66,24.67,1803,1801
2026-09-07T16:00:00Z,CDU-A2,25.54,25.62,1783,1775
2026-09-07T16:00:00Z,CDU-A3,25.35,25.58,1792,1790
2026-09-07T16:00:00Z,CDU-A4,24.12,24.23,1819,1805
2026-09-07T16:00:00Z,CDU-B1,25.05,25.32,1809,1808
2026-09-07T16:00:00Z,CDU-B2,24.91,24.92,1806,1800
2026-09-07T16:00:00Z,CDU-B3,25.18,25.25,1789,1767
2026-09-07T16:00:00Z,CDU-B4,25.04,25.19,1807,1781
2026-09-07T17:00:00Z,CDU-A1,24.92,25.06,1803,1776
2026-09-07T17:00:00Z,CDU-A2,25.78,25.82,1809,1778
2026-09-07T17:00:00Z,CDU-A3,25.49,25.68,1777,1770
2026-09-07T17:00:00Z,CDU-A4,24.81,25.01,1814,1812
2026-09-07T17:00:00Z,CDU-B1,25.3,25.38,1805,1788
2026-09-07T17:00:00Z,CDU-B2,24.72,24.76,1803,1780
2026-09-07T17:00:00Z,CDU-B3,24.93,25.03,1797,1785
2026-09-07T17:00:00Z,CDU-B4,25.01,25.23,1795,1775
2026-09-07T18:00:00Z,CDU-A1,24.92,25.05,1798,1791
2026-09-07T18:00:00Z,CDU-A2,26.09,26.26,1802,1790
2026-09-07T18:00:00Z,CDU-A3,25.57,25.61,1801,1800
2026-09-07T18:00:00Z,CDU-A4,24.84,24.88,1798,1776
2026-09-07T18:00:00Z,CDU-B1,25.19,25.44,1797,1766
2026-09-07T18:00:00Z,CDU-B2,24.6,24.71,1810,1808
2026-09-07T18:00:00Z,CDU-B3,24.52,24.73,1815,1813
2026-09-07T18:00:00Z,CDU-B4,24.86,24.89,1786,1763
2026-09-07T19:00:00Z,CDU-A1,25.01,25.04,1801,1787
2026-09-07T19:00:00Z,CDU-A2,25.71,25.75,1806,1784
2026-09-07T19:00:00Z,CDU-A3,25.37,25.44,1787,1783
2026-09-07T19:00:00Z,CDU-A4,25.16,25.39,1821,1818
2026-09-07T19:00:00Z,CDU-B1,24.94,25.11,1806,1782
2026-09-07T19:00:00Z,CDU-B2,24.64,24.68,1794,1781
2026-09-07T19:00:00Z,CDU-B3,24.75,24.75,1802,1799
2026-09-07T19:00:00Z,CDU-B4,24.91,25.15,1788,1770
2026-09-07T20:00:00Z,CDU-A1,24.98,25.29,1793,1755
2026-09-07T20:00:00Z,CDU-A2,25.74,25.89,1791,1782
2026-09-07T20:00:00Z,CDU-A3,25.49,25.69,1807,1792
2026-09-07T20:00:00Z,CDU-A4,25.11,25.39,1789,1778
2026-09-07T20:00:00Z,CDU-B1,25.35,25.58,1799,1783
2026-09-07T20:00:00Z,CDU-B2,25.0,25.3,1802,1782
2026-09-07T20:00:00Z,CDU-B3,24.89,25.05,1791,1784
2026-09-07T20:00:00Z,CDU-B4,24.81,24.96,1809,1797
2026-09-07T21:00:00Z,CDU-A1,24.89,25.03,1814,1771
2026-09-07T21:00:00Z,CDU-A2,25.72,25.88,1800,1793
2026-09-07T21:00:00Z,CDU-A3,25.53,25.72,1810,1809
2026-09-07T21:00:00Z,CDU-A4,25.14,25.15,1803,1782
2026-09-07T21:00:00Z,CDU-B1,25.33,25.44,1791,1767
2026-09-07T21:00:00Z,CDU-B2,25.19,25.35,1791,1762
2026-09-07T21:00:00Z,CDU-B3,24.86,24.91,1801,1779
2026-09-07T21:00:00Z,CDU-B4,24.93,25.01,1818,1805
2026-09-07T22:00:00Z,CDU-A1,24.92,24.94,1804,1783
2026-09-07T22:00:00Z,CDU-A2,25.48,25.55,1781,1776
2026-09-07T22:00:00Z,CDU-A3,25.35,25.37,1806,1802
2026-09-07T22:00:00Z,CDU-A4,25.16,25.21,1801,1791
2026-09-07T22:00:00Z,CDU-B1,25.14,25.18,1784,1778
2026-09-07T22:00:00Z,CDU-B2,25.4,25.6,1797,1789
2026-09-07T22:00:00Z,CDU-B3,24.78,24.86,1804,1798
2026-09-07T22:00:00Z,CDU-B4,24.82,25.04,1800,1777
2026-09-07T23:00:00Z,CDU-A1,24.99,25.16,1780,1742
2026-09-07T23:00:00Z,CDU-A2,25.24,25.33,1794,1792
2026-09-07T23:00:00Z,CDU-A3,25.32,25.44,1804,1794
2026-09-07T23:00:00Z,CDU-A4,25.14,25.31,1799,1789
2026-09-07T23:00:00Z,CDU-B1,25.09,25.19,1817,1801
2026-09-07T23:00:00Z,CDU-B2,25.48,25.69,1805,1789
2026-09-07T23:00:00Z,CDU-B3,24.83,24.99,1825,1820
2026-09-07T23:00:00Z,CDU-B4,25.0,25.05,1795,1781
2026-09-08T00:00:00Z,CDU-A1,24.94,24.94,1767,1746
2026-09-08T00:00:00Z,CDU-A2,24.95,25.13,1796,1790
2026-09-08T00:00:00Z,CDU-A3,25.15,25.29,1813,1800
2026-09-08T00:00:00Z,CDU-A4,25.08,25.1,1802,1787
2026-09-08T00:00:00Z,CDU-B1,25.05,25.1,1806,1776
2026-09-08T00:00:00Z,CDU-B2,25.27,25.33,1797,1772
2026-09-08T00:00:00Z,CDU-B3,24.5,24.52,1786,1782
2026-09-08T00:00:00Z,CDU-B4,25.43,25.53,1800,1780
2026-09-08T01:00:00Z,CDU-A1,24.63,24.85,1805,1803
2026-09-08T01:00:00Z,CDU-A2,24.98,24.99,1807,1803
2026-09-08T01:00:00Z,CDU-A3,24.85,25.17,1805,1781
2026-09-08T01:00:00Z,CDU-A4,24.96,25.0,1779,1771
2026-09-08T01:00:00Z,CDU-B1,25.14,25.2,1803,1782
2026-09-08T01:00:00Z,CDU-B2,25.21,25.41,1803,1787
2026-09-08T01:00:00Z,CDU-B3,24.35,24.41,1790,1763
2026-09-08T01:00:00Z,CDU-B4,25.24,25.51,1797,1785
2026-09-08T02:00:00Z,CDU-A1,24.44,24.44,1796,1791
2026-09-08T02:00:00Z,CDU-A2,25.04,25.12,1806,1793
2026-09-08T02:00:00Z,CDU-A3,24.43,24.53,1796,1782
2026-09-08T02:00:00Z,CDU-A4,24.88,25.06,1791,1787
2026-09-08T02:00:00Z,CDU-B1,25.16,25.3,1799,1792
2026-09-08T02:00:00Z,CDU-B2,25.44,25.5,1793,1762
2026-09-08T02:00:00Z,CDU-B3,24.78,24.84,1802,1775
2026-09-08T02:00:00Z,CDU-B4,25.5,25.57,1818,1798
2026-09-08T03:00:00Z,CDU-A1,24.91,25.05,1809,1788
2026-09-08T03:00:00Z,CDU-A2,25.12,25.32,1812,1802
2026-09-08T03:00:00Z,CDU-A3,24.74,24.78,1801,1767
2026-09-08T03:00:00Z,CDU-A4,25.0,25.37,1795,1785
2026-09-08T03:00:00Z,CDU-B1,25.28,25.44,1796,1787
2026-09-08T03:00:00Z,CDU-B2,25.34,25.59,1798,1793
2026-09-08T03:00:00Z,CDU-B3,24.98,25.0,1803,1794
2026-09-08T03:00:00Z,CDU-B4,25.42,25.65,1808,1803
2026-09-08T04:00:00Z,CDU-A1,25.11,25.22,1800,1770
2026-09-08T04:00:00Z,CDU-A2,25.03,25.27,1787,1786
2026-09-08T04:00:00Z,CDU-A3,24.73,24.79,1795,1795
2026-09-08T04:00:00Z,CDU-A4,25.05,25.23,1791,1782
2026-09-08T04:00:00Z,CDU-B1,25.17,25.35,1799,1774
2026-09-08T04:00:00Z,CDU-B2,25.44,25.45,1829,1814
2026-09-08T04:00:00Z,CDU-B3,25.05,25.14,1814,1789
2026-09-08T04:00:00Z,CDU-B4,25.33,25.51,1805,1801
2026-09-08T05:00:00Z,CDU-A1,25.24,25.42,1802,1776
2026-09-08T05:00:00Z,CDU-A2,25.26,25.31,1802,1800
2026-09-08T05:00:00Z,CDU-A3,24.77,25.06,1802,1801
2026-09-08T05:00:00Z,CDU-A4,25.23,25.47,1813,1801
2026-09-08T05:00:00Z,CDU-B1,25.02,25.06,1797,1779
2026-09-08T05:00:00Z,CDU-B2,25.29,25.39,1789,1786
2026-09-08T05:00:00Z,CDU-B3,24.77,24.77,1788,1784
2026-09-08T05:00:00Z,CDU-B4,25.24,25.27,1795,1785
2026-09-08T06:00:00Z,CDU-A1,24.98,25.09,1796,1791
2026-09-08T06:00:00Z,CDU-A2,25.69,26.15,1814,1801
2026-09-08T06:00:00Z,CDU-A3,24.75,25.02,1813,1795
2026-09-08T06:00:00Z,CDU-A4,25.27,25.65,1823,1820
2026-09-08T06:00:00Z,CDU-B1,24.95,25.02,1803,1792
2026-09-08T06:00:00Z,CDU-B2,25.42,25.51,1809,1796
2026-09-08T06:00:00Z,CDU-B3,24.7,24.91,1814,1795
2026-09-08T06:00:00Z,CDU-B4,24.88,24.96,1777,1765
2026-09-08T07:00:00Z,CDU-A1,24.88,24.94,1801,1777
2026-09-08T07:00:00Z,CDU-A2,25.62,25.72,1801,1791
2026-09-08T07:00:00Z,CDU-A3,24.34,24.55,1797,1786
2026-09-08T07:00:00Z,CDU-A4,24.93,25.0,1801,1801
2026-09-08T07:00:00Z,CDU-B1,25.17,25.17,1798,1786
2026-09-08T07:00:00Z,CDU-B2,25.28,25.29,1792,1780
2026-09-08T07:00:00Z,CDU-B3,24.74,24.79,1800,1771
2026-09-08T07:00:00Z,CDU-B4,24.85,25.0,1803,1793
2026-09-08T08:00:00Z,CDU-A1,24.45,24.54,1785,1780
2026-09-08T08:00:00Z,CDU-A2,25.38,25.46,1808,1800
2026-09-08T08:00:00Z,CDU-A3,24.23,24.35,1814,1810
2026-09-08T08:00:00Z,CDU-A4,24.96,24.98,1797,1788
2026-09-08T08:00:00Z,CDU-B1,25.2,25.22,1816,1795
2026-09-08T08:00:00Z,CDU-B2,25.29,25.35,1800,1790
2026-09-08T08:00:00Z,CDU-B3,25.13,25.24,1820,1814
2026-09-08T08:00:00Z,CDU-B4,25.04,25.07,1810,1775
2026-09-08T09:00:00Z,CDU-A1,24.59,24.83,1802,1793
2026-09-08T09:00:00Z,CDU-A2,25.3,25.56,1813,1800
2026-09-08T09:00:00Z,CDU-A3,24.45,24.58,1803,1788
2026-09-08T09:00:00Z,CDU-A4,24.97,25.09,1799,1786
2026-09-08T09:00:00Z,CDU-B1,25.07,25.14,1788,1775
2026-09-08T09:00:00Z,CDU-B2,25.28,25.33,1788,1778
2026-09-08T09:00:00Z,CDU-B3,25.12,25.18,1785,1785
2026-09-08T09:00:00Z,CDU-B4,25.01,25.02,1804,1800
2026-09-08T10:00:00Z,CDU-A1,24.64,24.67,1818,1812
2026-09-08T10:00:00Z,CDU-A2,25.2,25.34,1796,1792
2026-09-08T10:00:00Z,CDU-A3,24.45,24.62,1807,1796
2026-09-08T10:00:00Z,CDU-A4,25.41,25.45,1801,1798
2026-09-08T10:00:00Z,CDU-B1,24.83,24.87,1803,1801
2026-09-08T10:00:00Z,CDU-B2,25.27,25.4,1804,1795
2026-09-08T10:00:00Z,CDU-B3,25.18,25.25,1803,1790
2026-09-08T10:00:00Z,CDU-B4,25.34,25.43,1796,1784
2026-09-08T11:00:00Z,CDU-A1,24.62,24.77,1806,1797
2026-09-08T11:00:00Z,CDU-A2,24.96,25.07,1797,1793
2026-09-08T11:00:00Z,CDU-A3,24.67,24.74,1796,1741
2026-09-08T11:00:00Z,CDU-A4,25.17,25.27,1796,1790
2026-09-08T11:00:00Z,CDU-B1,24.96,24.96,1809,1805
2026-09-08T11:00:00Z,CDU-B2,25.2,25.36,1819,1796
2026-09-08T11:00:00Z,CDU-B3,25.15,25.32,1786,1783
2026-09-08T11:00:00Z,CDU-B4,25.26,25.27,1806,1777
2026-09-08T12:00:00Z,CDU-A1,25.29,25.33,1816,1792
2026-09-08T12:00:00Z,CDU-A2,24.96,25.01,1783,1751
2026-09-08T12:00:00Z,CDU-A3,24.83,24.94,1813,1810
2026-09-08T12:00:00Z,CDU-A4,24.8,24.83,1811,1806
2026-09-08T12:00:00Z,CDU-B1,24.96,25.27,1802,1771
2026-09-08T12:00:00Z,CDU-B2,25.23,25.41,1814,1803
2026-09-08T12:00:00Z,CDU-B3,25.32,25.33,1804,1779
2026-09-08T12:00:00Z,CDU-B4,25.45,25.47,1799,1773
2026-09-08T13:00:00Z,CDU-A1,25.03,25.07,1807,1781
2026-09-08T13:00:00Z,CDU-A2,25.11,25.26,1796,1781
2026-09-08T13:00:00Z,CDU-A3,24.98,25.05,1803,1788
2026-09-08T13:00:00Z,CDU-A4,24.59,24.72,1787,1778
2026-09-08T13:00:00Z,CDU-B1,25.1,25.32,1794,1762
2026-09-08T13:00:00Z,CDU-B2,25.52,25.7,1801,1794
2026-09-08T13:00:00Z,CDU-B3,24.71,24.82,1793,1782
2026-09-08T13:00:00Z,CDU-B4,25.77,25.93,1786,1764
2026-09-08T14:00:00Z,CDU-A1,25.0,25.07,1793,1765
2026-09-08T14:00:00Z,CDU-A2,25.06,25.21,1790,1781
2026-09-08T14:00:00Z,CDU-A3,24.73,24.8,1816,1808
2026-09-08T14:00:00Z,CDU-A4,24.69,24.74,1790,1790
2026-09-08T14:00:00Z,CDU-B1,25.02,25.23,1783,1776
2026-09-08T14:00:00Z,CDU-B2,25.33,25.36,1810,1791
2026-09-08T14:00:00Z,CDU-B3,24.72,24.77,1803,1784
2026-09-08T14:00:00Z,CDU-B4,25.8,25.83,1785,1766
2026-09-08T15:00:00Z,CDU-A1,25.41,25.48,1787,1769
2026-09-08T15:00:00Z,CDU-A2,24.95,25.13,1783,1777
2026-09-08T15:00:00Z,CDU-A3,25.35,25.51,1796,1781
2026-09-08T15:00:00Z,CDU-A4,24.65,24.71,1794,1782
2026-09-08T15:00:00Z,CDU-B1,25.26,25.33,1792,1789
2026-09-08T15:00:00Z,CDU-B2,25.33,25.56,1799,1792
2026-09-08T15:00:00Z,CDU-B3,24.77,24.88,1799,1778
2026-09-08T15:00:00Z,CDU-B4,25.68,25.99,1814,1804
2026-09-08T16:00:00Z,CDU-A1,25.04,25.18,1786,1775
2026-09-08T16:00:00Z,CDU-A2,25.02,25.17,1794,1770
2026-09-08T16:00:00Z,CDU-A3,25.23,25.52,1808,1802
2026-09-08T16:00:00Z,CDU-A4,24.58,24.69,1803,1802
2026-09-08T16:00:00Z,CDU-B1,25.34,25.35,1788,1770
2026-09-08T16:00:00Z,CDU-B2,25.56,25.59,1798,1787
2026-09-08T16:00:00Z,CDU-B3,24.55,24.62,1808,1805
2026-09-08T16:00:00Z,CDU-B4,25.5,25.6,1803,1799
2026-09-08T17:00:00Z,CDU-A1,24.86,25.16,1796,1780
2026-09-08T17:00:00Z,CDU-A2,25.11,25.3,1794,1788
2026-09-08T17:00:00Z,CDU-A3,25.14,25.24,1791,1767
2026-09-08T17:00:00Z,CDU-A4,24.45,24.64,1786,1775
2026-09-08T17:00:00Z,CDU-B1,25.64,25.72,1806,1789
2026-09-08T17:00:00Z,CDU-B2,25.48,25.55,1800,1799
2026-09-08T17:00:00Z,CDU-B3,24.59,24.64,1797,1793
2026-09-08T17:00:00Z,CDU-B4,25.45,25.49,1801,1782
2026-09-08T18:00:00Z,CDU-A1,24.98,25.06,1786,1765
2026-09-08T18:00:00Z,CDU-A2,25.0,25.24,1782,1775
2026-09-08T18:00:00Z,CDU-A3,25.19,25.39,1807,1796
2026-09-08T18:00:00Z,CDU-A4,24.6,24.68,1787,1750
2026-09-08T18:00:00Z,CDU-B1,25.73,25.82,1799,1779
2026-09-08T18:00:00Z,CDU-B2,25.71,26.06,1789,1785
2026-09-08T18:00:00Z,CDU-B3,24.61,24.65,1824,1817
2026-09-08T18:00:00Z,CDU-B4,24.93,25.01,1788,1784
2026-09-08T19:00:00Z,CDU-A1,25.29,25.58,1808,1807
2026-09-08T19:00:00Z,CDU-A2,24.87,24.94,1796,1793
2026-09-08T19:00:00Z,CDU-A3,24.93,25.12,1802,1795
2026-09-08T19:00:00Z,CDU-A4,24.42,24.43,1822,1816
2026-09-08T19:00:00Z,CDU-B1,25.61,25.67,1812,1798
2026-09-08T19:00:00Z,CDU-B2,25.48,25.59,1783,1780
2026-09-08T19:00:00Z,CDU-B3,25.2,25.31,1808,1806
2026-09-08T19:00:00Z,CDU-B4,25.19,25.34,1797,1773
2026-09-08T20:00:00Z,CDU-A1,24.79,24.92,1796,1795
2026-09-08T20:00:00Z,CDU-A2,24.65,24.68,1806,1799
2026-09-08T20:00:00Z,CDU-A3,25.07,25.27,1805,1796
2026-09-08T20:00:00Z,CDU-A4,24.58,24.72,1802,1786
2026-09-08T20:00:00Z,CDU-B1,25.43,25.5,1807,1795
2026-09-08T20:00:00Z,CDU-B2,25.31,25.34,1782,1756
2026-09-08T20:00:00Z,CDU-B3,25.29,25.35,1802,1789
2026-09-08T20:00:00Z,CDU-B4,25.08,25.13,1791,1786
2026-09-08T21:00:00Z,CDU-A1,25.21,25.34,1811,1804
2026-09-08T21:00:00Z,CDU-A2,24.76,24.8,1801,1795
2026-09-08T21:00:00Z,CDU-A3,24.83,25.0,1800,1797
2026-09-08T21:00:00Z,CDU-A4,24.65,24.67,1812,1809
2026-09-08T21:00:00Z,CDU-B1,24.94,25.0,1807,1807
2026-09-08T21:00:00Z,CDU-B2,25.05,25.19,1815,1810
2026-09-08T21:00:00Z,CDU-B3,25.34,25.42,1795,1791
2026-09-08T21:00:00Z,CDU-B4,25.04,25.23,1789,1776
2026-09-08T22:00:00Z,CDU-A1,25.0,25.04,1789,1789
2026-09-08T22:00:00Z,CDU-A2,24.99,25.13,1808,1799
2026-09-08T22:00:00Z,CDU-A3,24.69,24.69,1827,1803
2026-09-08T22:00:00Z,CDU-A4,24.67,24.93,1821,1810
2026-09-08T22:00:00Z,CDU-B1,24.99,25.14,1788,1776
2026-09-08T22:00:00Z,CDU-B2,25.05,25.13,1794,1788
2026-09-08T22:00:00Z,CDU-B3,25.28,25.73,1779,1765
2026-09-08T22:00:00Z,CDU-B4,24.78,24.97,1800,1788
2026-09-08T23:00:00Z,CDU-A1,25.09,25.19,1787,1780
2026-09-08T23:00:00Z,CDU-A2,25.08,25.09,1802,1796
2026-09-08T23:00:00Z,CDU-A3,24.47,24.48,1801,1785
2026-09-08T23:00:00Z,CDU-A4,24.7,24.8,1831,1823
2026-09-08T23:00:00Z,CDU-B1,25.22,25.53,1807,1788
2026-09-08T23:00:00Z,CDU-B2,25.09,25.28,1805,1802
2026-09-08T23:00:00Z,CDU-B3,25.03,25.06,1794,1785
2026-09-08T23:00:00Z,CDU-B4,24.84,25.0,1786,1772
2026-09-09T00:00:00Z,CDU-A1,24.98,25.18,1809,1806
2026-09-09T00:00:00Z,CDU-A2,25.04,25.18,1794,1776
2026-09-09T00:00:00Z,CDU-A3,24.49,24.63,1809,1793
2026-09-09T00:00:00Z,CDU-A4,24.8,25.11,1799,1799
2026-09-09T00:00:00Z,CDU-B1,25.09,25.16,1796,1795
2026-09-09T00:00:00Z,CDU-B2,25.09,25.16,1795,1769
2026-09-09T00:00:00Z,CDU-B3,25.26,25.3,1811,1794
2026-09-09T00:00:00Z,CDU-B4,24.92,25.14,1786,1783
2026-09-09T01:00:00Z,CDU-A1,25.26,25.46,1795,1789
2026-09-09T01:00:00Z,CDU-A2,24.85,24.89,1809,1801
2026-09-09T01:00:00Z,CDU-A3,24.76,24.79,1788,1758
2026-09-09T01:00:00Z,CDU-A4,24.8,25.07,1800,1785
2026-09-09T01:00:00Z,CDU-B1,24.97,25.08,1773,1742
2026-09-09T01:00:00Z,CDU-B2,25.11,25.18,1795,1792
2026-09-09T01:00:00Z,CDU-B3,25.37,25.51,1796,1788
2026-09-09T01:00:00Z,CDU-B4,24.78,24.94,1797,1784
2026-09-09T02:00:00Z,CDU-A1,25.26,25.32,1807,1801
2026-09-09T02:00:00Z,CDU-A2,24.77,24.92,1807,1784
2026-09-09T02:00:00Z,CDU-A3,24.7,24.78,1794,1777
2026-09-09T02:00:00Z,CDU-A4,24.42,24.44,1809,1797
2026-09-09T02:00:00Z,CDU-B1,25.07,25.16,1792,1772
2026-09-09T02:00:00Z,CDU-B2,25.05,25.15,1787,1770
2026-09-09T02:00:00Z,CDU-B3,25.14,25.19,1789,1777
2026-09-09T02:00:00Z,CDU-B4,24.81,24.9,1806,1797
2026-09-09T03:00:00Z,CDU-A1,25.51,26.02,1782,1764
2026-09-09T03:00:00Z,CDU-A2,24.43,24.8,1800,1785
2026-09-09T03:00:00Z,CDU-A3,24.83,24.9,1787,1767
2026-09-09T03:00:00Z,CDU-A4,24.46,24.46,1794,1763
2026-09-09T03:00:00Z,CDU-B1,25.0,25.05,1789,1774
2026-09-09T03:00:00Z,CDU-B2,24.91,25.05,1809,1809
2026-09-09T03:00:00Z,CDU-B3,25.08,25.22,1808,1794
2026-09-09T03:00:00Z,CDU-B4,24.72,24.82,1790,1772
2026-09-09T04:00:00Z,CDU-A1,25.24,25.42,1807,1785
2026-09-09T04:00:00Z,CDU-A2,24.35,24.44,1793,1792
2026-09-09T04:00:00Z,CDU-A3,24.94,25.0,1803,1792
2026-09-09T04:00:00Z,CDU-A4,24.77,24.85,1811,1800
2026-09-09T04:00:00Z,CDU-B1,25.17,25.38,1807,1805
2026-09-09T04:00:00Z,CDU-B2,25.09,25.25,1809,1792
2026-09-09T04:00:00Z,CDU-B3,24.98,25.09,1795,1792
2026-09-09T04:00:00Z,CDU-B4,24.6,24.77,1799,1775
2026-09-09T05:00:00Z,CDU-A1,25.05,25.06,1799,1793
2026-09-09T05:00:00Z,CDU-A2,24.29,24.37,1812,1810
2026-09-09T05:00:00Z,CDU-A3,24.99,25.38,1806,1777
2026-09-09T05:00:00Z,CDU-A4,24.58,24.63,1803,1783
2026-09-09T05:00:00Z,CDU-B1,25.06,25.28,1818,1791
2026-09-09T05:00:00Z,CDU-B2,24.68,24.91,1800,1787
2026-09-09T05:00:00Z,CDU-B3,25.13,25.13,1807,1793
2026-09-09T05:00:00Z,CDU-B4,24.83,24.99,1815,1813
2026-09-09T06:00:00Z,CDU-A1,25.45,25.66,1780,1762
2026-09-09T06:00:00Z,CDU-A2,24.37,24.61,1813,1801
2026-09-09T06:00:00Z,CDU-A3,25.02,25.23,1797,1764
2026-09-09T06:00:00Z,CDU-A4,24.74,24.8,1807,1797
2026-09-09T06:00:00Z,CDU-B1,25.24,25.41,1793,1771
2026-09-09T06:00:00Z,CDU-B2,25.02,25.02,1804,1800
2026-09-09T06:00:00Z,CDU-B3,25.11,25.18,1784,1769
2026-09-09T06:00:00Z,CDU-B4,25.07,25.18,1810,1809
2026-09-09T07:00:00Z,CDU-A1,25.51,25.52,1803,1783
2026-09-09T07:00:00Z,CDU-A2,24.74,24.81,1803,1794
2026-09-09T07:00:00Z,CDU-A3,25.21,25.42,1800,1799
2026-09-09T07:00:00Z,CDU-A4,25.33,25.47,1807,1801
2026-09-09T07:00:00Z,CDU-B1,25.29,25.32,1803,1773
2026-09-09T07:00:00Z,CDU-B2,24.45,24.69,1798,1794
2026-09-09T07:00:00Z,CDU-B3,25.35,25.67,1800,1799
2026-09-09T07:00:00Z,CDU-B4,24.9,25.11,1804,1795
2026-09-09T08:00:00Z,CDU-A1,25.67,25.75,1802,1795
2026-09-09T08:00:00Z,CDU-A2,24.64,24.7,1785,1779
2026-09-09T08:00:00Z,CDU-A3,25.07,25.4,1800,1792
2026-09-09T08:00:00Z,CDU-A4,25.57,25.65,1798,1795
2026-09-09T08:00:00Z,CDU-B1,25.48,25.67,1805,1801
2026-09-09T08:00:00Z,CDU-B2,24.64,24.79,1806,1786
2026-09-09T08:00:00Z,CDU-B3,25.06,25.1,1796,1786
2026-09-09T08:00:00Z,CDU-B4,25.02,25.18,1781,1771
2026-09-09T09:00:00Z,CDU-A1,25.79,25.84,1798,1780
2026-09-09T09:00:00Z,CDU-A2,24.96,25.02,1794,1771
2026-09-09T09:00:00Z,CDU-A3,25.08,25.19,1792,1763
2026-09-09T09:00:00Z,CDU-A4,25.5,25.65,1801,1794
2026-09-09T09:00:00Z,CDU-B1,24.97,25.02,1798,1770
2026-09-09T09:00:00Z,CDU-B2,24.62,24.64,1806,1788
2026-09-09T09:00:00Z,CDU-B3,24.98,25.17,1819,1814
2026-09-09T09:00:00Z,CDU-B4,24.77,25.01,1773,1768
2026-09-09T10:00:00Z,CDU-A1,25.58,25.79,1796,1795
2026-09-09T10:00:00Z,CDU-A2,25.13,25.34,1813,1799
2026-09-09T10:00:00Z,CDU-A3,25.21,25.34,1798,1796
2026-09-09T10:00:00Z,CDU-A4,25.58,25.73,1804,1788
2026-09-09T10:00:00Z,CDU-B1,25.19,25.5,1788,1749
2026-09-09T10:00:00Z,CDU-B2,24.94,25.02,1808,1791
2026-09-09T10:00:00Z,CDU-B3,24.97,25.03,1788,1779
2026-09-09T10:00:00Z,CDU-B4,24.78,25.01,1795,1777
2026-09-09T11:00:00Z,CDU-A1,25.28,25.47,1788,1782
2026-09-09T11:00:00Z,CDU-A2,25.27,25.3,1811,1810
2026-09-09T11:00:00Z,CDU-A3,25.19,25.31,1794,1768
2026-09-09T11:00:00Z,CDU-A4,25.56,25.56,1789,1777
2026-09-09T11:00:00Z,CDU-B1,25.38,25.4,1801,1793
2026-09-09T11:00:00Z,CDU-B2,24.69,24.91,1797,1781
2026-09-09T11:00:00Z,CDU-B3,24.94,24.97,1791,1790
2026-09-09T11:00:00Z,CDU-B4,24.81,25.04,1797,1788
2026-09-09T12:00:00Z,CDU-A1,25.34,25.34,1795,1773
2026-09-09T12:00:00Z,CDU-A2,24.95,25.13,1800,1791
2026-09-09T12:00:00Z,CDU-A3,24.93,25.09,1804,1800
2026-09-09T12:00:00Z,CDU-A4,25.12,25.18,1804,1798
2026-09-09T12:00:00Z,CDU-B1,25.52,25.65,1785,1758
2026-09-09T12:00:00Z,CDU-B2,24.36,24.65,1809,1795
2026-09-09T12:00:00Z,CDU-B3,24.94,24.96,1795,1787
2026-09-09T12:00:00Z,CDU-B4,24.73,24.83,1790,1749
2026-09-09T13:00:00Z,CDU-A1,25.3,25.48,1801,1793
2026-09-09T13:00:00Z,CDU-A2,25.23,25.25,1800,1788
2026-09-09T13:00:00Z,CDU-A3,24.67,24.67,1803,1799
2026-09-09T13:00:00Z,CDU-A4,25.0,25.13,1793,1781
2026-09-09T13:00:00Z,CDU-B1,25.39,25.51,1794,1773
2026-09-09T13:00:00Z,CDU-B2,24.58,24.76,1800,1795
2026-09-09T13:00:00Z,CDU-B3,24.77,24.85,1807,1806
2026-09-09T13:00:00Z,CDU-B4,24.91,25.03,1801,1788
2026-09-09T14:00:00Z,CDU-A1,25.08,25.32,1804,1795
2026-09-09T14:00:00Z,CDU-A2,25.1,25.35,1810,1753
2026-09-09T14:00:00Z,CDU-A3,24.77,24.89,1809,1792
2026-09-09T14:00:00Z,CDU-A4,25.11,25.24,1802,1792
2026-09-09T14:00:00Z,CDU-B1,25.24,25.25,1799,1772
2026-09-09T14:00:00Z,CDU-B2,24.55,24.58,1784,1757
2026-09-09T14:00:00Z,CDU-B3,24.88,25.0,1807,1797
2026-09-09T14:00:00Z,CDU-B4,24.98,25.36,1822,1799
2026-09-09T15:00:00Z,CDU-A1,24.58,24.7,1805,1804
2026-09-09T15:00:00Z,CDU-A2,24.93,24.99,1819,1804
2026-09-09T15:00:00Z,CDU-A3,24.39,24.54,1797,1796
2026-09-09T15:00:00Z,CDU-A4,25.31,25.43,1811,1810
2026-09-09T15:00:00Z,CDU-B1,25.15,25.17,1792,1788
2026-09-09T15:00:00Z,CDU-B2,24.57,24.75,1797,1789
2026-09-09T15:00:00Z,CDU-B3,24.75,24.83,1810,1805
2026-09-09T15:00:00Z,CDU-B4,25.11,25.24,1798,1785
2026-09-09T16:00:00Z,CDU-A1,24.35,24.37,1804,1787
2026-09-09T16:00:00Z,CDU-A2,24.92,24.96,1790,1783
2026-09-09T16:00:00Z,CDU-A3,24.24,24.31,1796,1795
2026-09-09T16:00:00Z,CDU-A4,25.33,25.35,1802,1801
2026-09-09T16:00:00Z,CDU-B1,25.45,25.5,1798,1787
2026-09-09T16:00:00Z,CDU-B2,24.49,24.53,1797,1784
2026-09-09T16:00:00Z,CDU-B3,24.73,24.82,1800,1793
2026-09-09T16:00:00Z,CDU-B4,25.44,25.69,1805,1796
2026-09-09T17:00:00Z,CDU-A1,24.46,24.52,1794,1779
2026-09-09T17:00:00Z,CDU-A2,24.72,24.75,1782,1773
2026-09-09T17:00:00Z,CDU-A3,24.33,24.43,1798,1794
2026-09-09T17:00:00Z,CDU-A4,25.5,25.6,1801,1790
2026-09-09T17:00:00Z,CDU-B1,25.65,25.74,1810,1774
2026-09-09T17:00:00Z,CDU-B2,24.45,24.64,1795,1794
2026-09-09T17:00:00Z,CDU-B3,24.99,25.07,1799,1793
2026-09-09T17:00:00Z,CDU-B4,25.2,25.39,1781,1761
2026-09-09T18:00:00Z,CDU-A1,24.2,24.24,1805,1801
2026-09-09T18:00:00Z,CDU-A2,24.6,24.69,1804,1800
2026-09-09T18:00:00Z,CDU-A3,24.59,24.77,1805,1803
2026-09-09T18:00:00Z,CDU-A4,25.64,25.67,1815,1779
2026-09-09T18:00:00Z,CDU-B1,25.27,25.31,1817,1791
2026-09-09T18:00:00Z,CDU-B2,24.61,24.61,1811,1798
2026-09-09T18:00:00Z,CDU-B3,24.84,24.85,1807,1806
2026-09-09T18:00:00Z,CDU-B4,25.38,25.42,1785,1780
2026-09-09T19:00:00Z,CDU-A1,24.46,24.53,1801,1792
2026-09-09T19:00:00Z,CDU-A2,24.73,24.8,1809,1784
2026-09-09T19:00:00Z,CDU-A3,24.93,24.94,1802,1792
2026-09-09T19:00:00Z,CDU-A4,25.57,25.73,1812,1810
2026-09-09T19:00:00Z,CDU-B1,25.03,25.09,1797,1778
2026-09-09T19:00:00Z,CDU-B2,24.7,24.78,1815,1787
2026-09-09T19:00:00Z,CDU-B3,24.82,25.0,1776,1770
2026-09-09T19:00:00Z,CDU-B4,25.4,25.48,1808,1786
2026-09-09T20:00:00Z,CDU-A1,24.86,24.94,1791,1787
2026-09-09T20:00:00Z,CDU-A2,24.79,24.98,1812,1798
2026-09-09T20:00:00Z,CDU-A3,24.96,24.98,1802,1765
2026-09-09T20:00:00Z,CDU-A4,25.39,25.42,1784,1772
2026-09-09T20:00:00Z,CDU-B1,25.22,25.33,1813,1795
2026-09-09T20:00:00Z,CDU-B2,24.65,24.7,1815,1811
2026-09-09T20:00:00Z,CDU-B3,24.88,25.18,1788,1787
2026-09-09T20:00:00Z,CDU-B4,25.43,25.58,1784,1768
2026-09-09T21:00:00Z,CDU-A1,24.86,24.97,1780,1772
2026-09-09T21:00:00Z,CDU-A2,24.9,25.05,1787,1778
2026-09-09T21:00:00Z,CDU-A3,25.18,25.22,1793,1783
2026-09-09T21:00:00Z,CDU-A4,25.11,25.12,1819,1814
2026-09-09T21:00:00Z,CDU-B1,25.68,25.82,1779,1765
2026-09-09T21:00:00Z,CDU-B2,24.79,24.83,1814,1791
2026-09-09T21:00:00Z,CDU-B3,25.23,25.25,1809,1806
2026-09-09T21:00:00Z,CDU-B4,25.34,25.56,1792,1787
2026-09-09T22:00:00Z,CDU-A1,24.8,24.87,1805,1795
2026-09-09T22:00:00Z,CDU-A2,25.21,25.56,1797,1785
2026-09-09T22:00:00Z,CDU-A3,25.44,25.57,1811,1810
2026-09-09T22:00:00Z,CDU-A4,25.0,25.28,1801,1796
2026-09-09T22:00:00Z,CDU-B1,25.62,25.85,1816,1809
2026-09-09T22:00:00Z,CDU-B2,24.85,25.09,1810,1787
2026-09-09T22:00:00Z,CDU-B3,25.37,25.58,1801,1779
2026-09-09T22:00:00Z,CDU-B4,25.18,25.32,1806,1791
2026-09-09T23:00:00Z,CDU-A1,24.79,24.97,1820,1807
2026-09-09T23:00:00Z,CDU-A2,25.08,25.14,1802,1792
2026-09-09T23:00:00Z,CDU-A3,25.55,25.68,1803,1760
2026-09-09T23:00:00Z,CDU-A4,25.14,25.18,1791,1774
2026-09-09T23:00:00Z,CDU-B1,25.33,25.44,1790,1780
2026-09-09T23:00:00Z,CDU-B2,25.04,25.32,1783,1781
2026-09-09T23:00:00Z,CDU-B3,25.19,25.2,1811,1803
2026-09-09T23:00:00Z,CDU-B4,25.06,25.15,1791,1762
2026-09-10T00:00:00Z,CDU-A1,24.89,25.01,1803,1802
2026-09-10T00:00:00Z,CDU-A2,24.85,24.98,1807,1804
2026-09-10T00:00:00Z,CDU-A3,25.67,25.8,1784,1779
2026-09-10T00:00:00Z,CDU-A4,25.08,25.22,1811,1806
2026-09-10T00:00:00Z,CDU-B1,24.85,25.09,1813,1803
2026-09-10T00:00:00Z,CDU-B2,25.07,25.14,1802,1764
2026-09-10T00:00:00Z,CDU-B3,25.22,25.33,1809,1799
2026-09-10T00:00:00Z,CDU-B4,25.16,25.31,1773,1743
2026-09-10T01:00:00Z,CDU-A1,24.66,24.87,1791,1775
2026-09-10T01:00:00Z,CDU-A2,24.63,24.65,1808,1808
2026-09-10T01:00:00Z,CDU-A3,25.63,25.97,1813,1794
2026-09-10T01:00:00Z,CDU-A4,25.31,25.38,1800,1798
2026-09-10T01:00:00Z,CDU-B1,24.76,24.79,1791,1781
2026-09-10T01:00:00Z,CDU-B2,25.41,25.66,1803,1794
2026-09-10T01:00:00Z,CDU-B3,24.98,25.18,1796,1791
2026-09-10T01:00:00Z,CDU-B4,25.12,25.2,1805,1801
2026-09-10T02:00:00Z,CDU-A1,24.63,24.85,1804,1799
2026-09-10T02:00:00Z,CDU-A2,24.61,24.68,1799,1794
2026-09-10T02:00:00Z,CDU-A3,25.4,25.53,1808,1792
2026-09-10T02:00:00Z,CDU-A4,25.12,25.25,1794,1785
2026-09-10T02:00:00Z,CDU-B1,24.85,25.01,1810,1792
2026-09-10T02:00:00Z,CDU-B2,25.3,25.49,1788,1783
2026-09-10T02:00:00Z,CDU-B3,25.29,25.51,1802,1800
2026-09-10T02:00:00Z,CDU-B4,25.16,25.42,1806,1783
2026-09-10T03:00:00Z,CDU-A1,24.75,24.88,1793,1791
2026-09-10T03:00:00Z,CDU-A2,24.76,24.93,1784,1773
2026-09-10T03:00:00Z,CDU-A3,25.4,25.59,1801,1794
2026-09-10T03:00:00Z,CDU-A4,24.91,25.02,1808,1802
2026-09-10T03:00:00Z,CDU-B1,24.89,24.96,1806,1793
2026-09-10T03:00:00Z,CDU-B2,25.02,25.07,1811,1789
2026-09-10T03:00:00Z,CDU-B3,24.92,25.02,1808,1791
2026-09-10T03:00:00Z,CDU-B4,25.31,25.32,1820,1785
2026-09-10T04:00:00Z,CDU-A1,24.85,24.88,1798,1795
2026-09-10T04:00:00Z,CDU-A2,24.71,24.86,1796,1782
2026-09-10T04:00:00Z,CDU-A3,25.45,25.48,1790,1790
2026-09-10T04:00:00Z,CDU-A4,24.97,25.02,1786,1780
2026-09-10T04:00:00Z,CDU-B1,24.91,25.08,1791,1755
2026-09-10T04:00:00Z,CDU-B2,24.91,24.92,1791,1758
2026-09-10T04:00:00Z,CDU-B3,24.99,25.06,1796,1783
2026-09-10T04:00:00Z,CDU-B4,25.05,25.23,1786,1779
2026-09-10T05:00:00Z,CDU-A1,25.08,25.09,1784,1780
2026-09-10T05:00:00Z,CDU-A2,24.82,24.94,1808,1803
2026-09-10T05:00:00Z,CDU-A3,25.49,25.52,1787,1771
2026-09-10T05:00:00Z,CDU-A4,24.91,25.04,1798,1785
2026-09-10T05:00:00Z,CDU-B1,25.33,25.39,1814,1796
2026-09-10T05:00:00Z,CDU-B2,25.07,25.11,1798,1769
2026-09-10T05:00:00Z,CDU-B3,25.09,25.09,1803,1798
2026-09-10T05:00:00Z,CDU-B4,25.22,25.22,1807,1785
2026-09-10T06:00:00Z,CDU-A1,25.36,25.4,1789,1772
2026-09-10T06:00:00Z,CDU-A2,24.99,25.06,1791,1764
2026-09-10T06:00:00Z,CDU-A3,25.08,25.26,1805,1776
2026-09-10T06:00:00Z,CDU-A4,24.87,24.98,1790,1788
2026-09-10T06:00:00Z,CDU-B1,24.89,25.16,1805,1787
2026-09-10T06:00:00Z,CDU-B2,25.15,25.25,1792,1780
2026-09-10T06:00:00Z,CDU-B3,24.74,24.87,1818,1814
2026-09-10T06:00:00Z,CDU-B4,25.21,25.33,1795,1779
2026-09-10T07:00:00Z,CDU-A1,25.2,25.41,1809,1802
2026-09-10T07:00:00Z,CDU-A2,24.86,24.96,1795,1781
2026-09-10T07:00:00Z,CDU-A3,24.99,25.02,1807,1805
2026-09-10T07:00:00Z,CDU-A4,24.99,25.13,1803,1784
2026-09-10T07:00:00Z,CDU-B1,24.85,24.89,1797,1781
2026-09-10T07:00:00Z,CDU-B2,25.17,25.45,1820,1817
2026-09-10T07:00:00Z,CDU-B3,24.71,24.74,1812,1799
2026-09-10T07:00:00Z,CDU-B4,25.41,25.66,1815,1806
2026-09-10T08:00:00Z,CDU-A1,25.28,25.34,1804,1783
2026-09-10T08:00:00Z,CDU-A2,24.85,25.06,1800,1773
2026-09-10T08:00:00Z,CDU-A3,25.21,25.39,1784,1784
2026-09-10T08:00:00Z,CDU-A4,24.75,24.78,1789,1764
2026-09-10T08:00:00Z,CDU-B1,25.18,25.19,1805,1801
2026-09-10T08:00:00Z,CDU-B2,25.08,25.2,1803,1783
2026-09-10T08:00:00Z,CDU-B3,24.41,24.51,1799,1771
2026-09-10T08:00:00Z,CDU-B4,25.28,25.33,1774,1749
2026-09-10T09:00:00Z,CDU-A1,25.17,25.3,1809,1796
2026-09-10T09:00:00Z,CDU-A2,24.92,25.06,1801,1782
2026-09-10T09:00:00Z,CDU-A3,25.31,25.45,1788,1770
2026-09-10T09:00:00Z,CDU-A4,24.37,24.44,1811,1799
2026-09-10T09:00:00Z,CDU-B1,25.16,25.24,1804,1797
2026-09-10T09:00:00Z,CDU-B2,25.09,25.13,1807,1797
2026-09-10T09:00:00Z,CDU-B3,24.9,24.95,1813,1793
2026-09-10T09:00:00Z,CDU-B4,25.27,25.48,1788,1750
2026-09-10T10:00:00Z,CDU-A1,25.03,25.41,1794,1790
2026-09-10T10:00:00Z,CDU-A2,24.7,24.77,1788,1763
2026-09-10T10:00:00Z,CDU-A3,25.29,25.33,1805,1793
2026-09-10T10:00:00Z,CDU-A4,24.38,24.6,1805,1774
2026-09-10T10:00:00Z,CDU-B1,25.38,25.46,1810,1784
2026-09-10T10:00:00Z,CDU-B2,24.75,24.79,1790,1758
2026-09-10T10:00:00Z,CDU-B3,24.93,25.01,1803,1800
2026-09-10T10:00:00Z,CDU-B4,25.26,25.63,1789,1780
2026-09-10T11:00:00Z,CDU-A1,24.66,24.74,1819,1810
2026-09-10T11:00:00Z,CDU-A2,24.73,24.78,1809,1803
2026-09-10T11:00:00Z,CDU-A3,25.17,25.33,1815,1805
2026-09-10T11:00:00Z,CDU-A4,24.14,24.34,1787,1776
2026-09-10T11:00:00Z,CDU-B1,25.31,25.52,1821,1804
2026-09-10T11:00:00Z,CDU-B2,24.99,25.35,1784,1741
2026-09-10T11:00:00Z,CDU-B3,25.07,25.34,1803,1783
2026-09-10T11:00:00Z,CDU-B4,25.4,25.52,1800,1752
2026-09-10T12:00:00Z,CDU-A1,24.7,24.86,1807,1793
2026-09-10T12:00:00Z,CDU-A2,24.97,25.14,1789,1779
2026-09-10T12:00:00Z,CDU-A3,25.11,25.22,1793,1789
2026-09-10T12:00:00Z,CDU-A4,24.37,24.37,1797,1789
2026-09-10T12:00:00Z,CDU-B1,24.94,24.96,1796,1785
2026-09-10T12:00:00Z,CDU-B2,25.13,25.22,1807,1790
2026-09-10T12:00:00Z,CDU-B3,24.98,25.12,1796,1795
2026-09-10T12:00:00Z,CDU-B4,25.02,25.23,1789,1775
2026-09-10T13:00:00Z,CDU-A1,24.55,24.62,1790,1770
2026-09-10T13:00:00Z,CDU-A2,24.54,24.66,1802,1785
2026-09-10T13:00:00Z,CDU-A3,25.06,25.24,1798,1786
2026-09-10T13:00:00Z,CDU-A4,24.47,24.49,1794,1781
2026-09-10T13:00:00Z,CDU-B1,24.66,24.78,1810,1794
2026-09-10T13:00:00Z,CDU-B2,25.15,25.26,1793,1788
2026-09-10T13:00:00Z,CDU-B3,25.17,25.32,1795,1783
2026-09-10T13:00:00Z,CDU-B4,25.08,25.3,1812,1799
2026-09-10T14:00:00Z,CDU-A1,24.47,24.5,1784,1755
2026-09-10T14:00:00Z,CDU-A2,24.51,24.55,1800,1798
2026-09-10T14:00:00Z,CDU-A3,25.0,25.01,1803,1793
2026-09-10T14:00:00Z,CDU-A4,25.09,25.22,1802,1797
2026-09-10T14:00:00Z,CDU-B1,24.71,24.78,1796,1777
2026-09-10T14:00:00Z,CDU-B2,24.68,24.81,1801,1794
2026-09-10T14:00:00Z,CDU-B3,25.34,25.59,1799,1791
2026-09-10T14:00:00Z,CDU-B4,25.28,25.39,1799,1781
2026-09-10T15:00:00Z,CDU-A1,24.44,24.63,1798,1798
2026-09-10T15:00:00Z,CDU-A2,24.64,24.72,1807,1799
2026-09-10T15:00:00Z,CDU-A3,25.16,25.16,1805,1788
2026-09-10T15:00:00Z,CDU-A4,24.96,25.2,1790,1765
2026-09-10T15:00:00Z,CDU-B1,24.79,25.02,1812,1811
2026-09-10T15:00:00Z,CDU-B2,24.68,24.8,1806,1805
2026-09-10T15:00:00Z,CDU-B3,25.54,25.71,1797,1787
2026-09-10T15:00:00Z,CDU-B4,25.43,25.44,1793,1786
2026-09-10T16:00:00Z,CDU-A1,24.37,24.49,1811,1803
2026-09-10T16:00:00Z,CDU-A2,24.49,24.62,1784,1775
2026-09-10T16:00:00Z,CDU-A3,25.06,25.17,1797,1786
2026-09-10T16:00:00Z,CDU-A4,25.32,25.46,1804,1793
2026-09-10T16:00:00Z,CDU-B1,24.82,24.83,1804,1783
2026-09-10T16:00:00Z,CDU-B2,24.66,24.69,1808,1801
2026-09-10T16:00:00Z,CDU-B3,25.64,25.73,1810,1799
2026-09-10T16:00:00Z,CDU-B4,25.29,25.32,1797,1781
2026-09-10T17:00:00Z,CDU-A1,24.44,24.52,1794,1776
2026-09-10T17:00:00Z,CDU-A2,24.31,24.36,1794,1787
2026-09-10T17:00:00Z,CDU-A3,24.89,24.99,1814,1802
2026-09-10T17:00:00Z,CDU-A4,24.89,25.19,1797,1782
2026-09-10T17:00:00Z,CDU-B1,24.87,24.89,1802,1797
2026-09-10T17:00:00Z,CDU-B2,24.81,25.12,1788,1781
2026-09-10T17:00:00Z,CDU-B3,25.48,25.52,1807,1806
2026-09-10T17:00:00Z,CDU-B4,25.43,25.67,1800,1785
2026-09-10T18:00:00Z,CDU-A1,24.33,24.59,1784,1778
2026-09-10T18:00:00Z,CDU-A2,24.42,24.62,1806,1803
2026-09-10T18:00:00Z,CDU-A3,24.6,24.76,1797,1792
2026-09-10T18:00:00Z,CDU-A4,24.83,24.87,1780,1776
2026-09-10T18:00:00Z,CDU-B1,24.55,24.58,1805,1793
2026-09-10T18:00:00Z,CDU-B2,24.52,24.63,1778,1760
2026-09-10T18:00:00Z,CDU-B3,25.39,25.54,1793,1791
2026-09-10T18:00:00Z,CDU-B4,25.21,25.5,1795,1793
2026-09-10T19:00:00Z,CDU-A1,24.4,24.61,1797,1791
2026-09-10T19:00:00Z,CDU-A2,24.6,24.73,1790,1771
2026-09-10T19:00:00Z,CDU-A3,24.5,24.55,1800,1799
2026-09-10T19:00:00Z,CDU-A4,24.67,24.7,1813,1797
2026-09-10T19:00:00Z,CDU-B1,24.66,24.77,1814,1801
2026-09-10T19:00:00Z,CDU-B2,25.07,25.26,1799,1795
2026-09-10T19:00:00Z,CDU-B3,25.19,25.29,1811,1810
2026-09-10T19:00:00Z,CDU-B4,24.79,24.89,1791,1781
2026-09-10T20:00:00Z,CDU-A1,24.29,24.45,1790,1757
2026-09-10T20:00:00Z,CDU-A2,24.98,25.01,1823,1811
2026-09-10T20:00:00Z,CDU-A3,25.32,25.47,1812,1798
2026-09-10T20:00:00Z,CDU-A4,24.49,24.71,1798,1775
2026-09-10T20:00:00Z,CDU-B1,24.51,24.69,1786,1782
2026-09-10T20:00:00Z,CDU-B2,25.26,25.4,1804,1785
2026-09-10T20:00:00Z,CDU-B3,25.32,25.56,1792,1778
2026-09-10T20:00:00Z,CDU-B4,24.84,24.91,1802,1796
2026-09-10T21:00:00Z,CDU-A1,24.41,24.5,1823,1798
2026-09-10T21:00:00Z,CDU-A2,25.0,25.09,1827,1805
2026-09-10T21:00:00Z,CDU-A3,24.93,25.13,1809,1784
2026-09-10T21:00:00Z,CDU-A4,24.55,24.61,1791,1783
2026-09-10T21:00:00Z,CDU-B1,24.49,24.68,1811,1797
2026-09-10T21:00:00Z,CDU-B2,25.44,25.58,1807,1801
2026-09-10T21:00:00Z,CDU-B3,25.26,25.38,1794,1780
2026-09-10T21:00:00Z,CDU-B4,24.86,24.89,1799,1766
2026-09-10T22:00:00Z,CDU-A1,24.84,24.87,1799,1775
2026-09-10T22:00:00Z,CDU-A2,25.08,25.14,1798,1793
2026-09-10T22:00:00Z,CDU-A3,24.88,25.09,1797,1791
2026-09-10T22:00:00Z,CDU-A4,25.0,25.19,1795,1793
2026-09-10T22:00:00Z,CDU-B1,24.64,24.68,1790,1761
2026-09-10T22:00:00Z,CDU-B2,25.42,25.68,1814,1810
2026-09-10T22:00:00Z,CDU-B3,25.24,25.38,1806,1774
2026-09-10T22:00:00Z,CDU-B4,24.75,24.87,1803,1799
2026-09-10T23:00:00Z,CDU-A1,24.99,25.08,1785,1767
2026-09-10T23:00:00Z,CDU-A2,25.04,25.05,1803,1790
2026-09-10T23:00:00Z,CDU-A3,25.03,25.1,1800,1790
2026-09-10T23:00:00Z,CDU-A4,25.04,25.31,1804,1794
2026-09-10T23:00:00Z,CDU-B1,25.25,25.3,1808,1804
2026-09-10T23:00:00Z,CDU-B2,25.48,25.56,1795,1795
2026-09-10T23:00:00Z,CDU-B3,25.0,25.04,1789,1789
2026-09-10T23:00:00Z,CDU-B4,25.0,25.21,1797,1776
2026-09-11T00:00:00Z,CDU-A1,25.04,25.09,1807,1803
2026-09-11T00:00:00Z,CDU-A2,24.95,25.0,1782,1775
2026-09-11T00:00:00Z,CDU-A3,25.19,25.45,1794,1792
2026-09-11T00:00:00Z,CDU-A4,25.09,25.15,1802,1800
2026-09-11T00:00:00Z,CDU-B1,25.42,25.87,1796,1786
2026-09-11T00:00:00Z,CDU-B2,25.29,25.35,1800,1763
2026-09-11T00:00:00Z,CDU-B3,25.2,25.3,1802,1779
2026-09-11T00:00:00Z,CDU-B4,24.97,25.1,1801,1790
2026-09-11T01:00:00Z,CDU-A1,25.1,25.28,1789,1786
2026-09-11T01:00:00Z,CDU-A2,24.97,25.22,1807,1769
2026-09-11T01:00:00Z,CDU-A3,24.99,25.05,1804,1786
2026-09-11T01:00:00Z,CDU-A4,25.14,25.34,1791,1786
2026-09-11T01:00:00Z,CDU-B1,25.41,25.42,1804,1791
2026-09-11T01:00:00Z,CDU-B2,25.08,25.11,1801,1784
2026-09-11T01:00:00Z,CDU-B3,25.27,25.28,1801,1798
2026-09-11T01:00:00Z,CDU-B4,25.0,25.39,1797,1790
2026-09-11T02:00:00Z,CDU-A1,24.73,24.82,1799,1773
2026-09-11T02:00:00Z,CDU-A2,24.95,25.0,1794,1779
2026-09-11T02:00:00Z,CDU-A3,25.13,25.15,1787,1778
2026-09-11T02:00:00Z,CDU-A4,24.93,24.96,1811,1790
2026-09-11T02:00:00Z,CDU-B1,25.39,25.62,1804,1792
2026-09-11T02:00:00Z,CDU-B2,25.16,25.25,1793,1778
2026-09-11T02:00:00Z,CDU-B3,25.15,25.25,1811,1785
2026-09-11T02:00:00Z,CDU-B4,24.79,24.84,1795,1788
2026-09-11T03:00:00Z,CDU-A1,24.77,24.98,1818,1812
2026-09-11T03:00:00Z,CDU-A2,24.98,25.13,1817,1793
2026-09-11T03:00:00Z,CDU-A3,24.84,24.9,1819,1814
2026-09-11T03:00:00Z,CDU-A4,24.99,25.02,1802,1796
2026-09-11T03:00:00Z,CDU-B1,25.43,25.5,1798,1779
2026-09-11T03:00:00Z,CDU-B2,25.16,25.41,1808,1798
2026-09-11T03:00:00Z,CDU-B3,25.53,25.56,1793,1777
2026-09-11T03:00:00Z,CDU-B4,24.69,24.75,1807,1787
2026-09-11T04:00:00Z,CDU-A1,24.67,24.88,1810,1801
2026-09-11T04:00:00Z,CDU-A2,25.16,25.16,1814,1808
2026-09-11T04:00:00Z,CDU-A3,24.44,24.47,1777,1771
2026-09-11T04:00:00Z,CDU-A4,24.72,24.93,1807,1801
2026-09-11T04:00:00Z,CDU-B1,25.27,25.36,1783,1778
2026-09-11T04:00:00Z,CDU-B2,25.52,25.81,1785,1775
2026-09-11T04:00:00Z,CDU-B3,25.51,25.73,1807,1794
2026-09-11T04:00:00Z,CDU-B4,24.48,24.84,1809,1790
2026-09-11T05:00:00Z,CDU-A1,24.99,25.07,1787,1766
2026-09-11T05:00:00Z,CDU-A2,25.23,25.33,1779,1769
2026-09-11T05:00:00Z,CDU-A3,24.49,24.68,1788,1769
2026-09-11T05:00:00Z,CDU-A4,24.7,24.83,1830,1828
2026-09-11T05:00:00Z,CDU-B1,25.26,25.43,1818,1816
2026-09-11T05:00:00Z,CDU-B2,25.47,25.59,1790,1790
2026-09-11T05:00:00Z,CDU-B3,25.13,25.25,1793,1786
2026-09-11T05:00:00Z,CDU-B4,24.16,24.23,1796,1794
2026-09-11T06:00:00Z,CDU-A1,25.05,25.21,1802,1783
2026-09-11T06:00:00Z,CDU-A2,25.05,25.07,1780,1753
2026-09-11T06:00:00Z,CDU-A3,24.75,24.83,1788,1772
2026-09-11T06:00:00Z,CDU-A4,24.89,24.95,1800,1783
2026-09-11T06:00:00Z,CDU-B1,25.45,25.54,1812,1808
2026-09-11T06:00:00Z,CDU-B2,25.27,25.53,1799,1798
2026-09-11T06:00:00Z,CDU-B3,24.92,25.33,1802,1797
2026-09-11T06:00:00Z,CDU-B4,24.11,24.29,1799,1791
2026-09-11T07:00:00Z,CDU-A1,25.04,25.06,1794,1791
2026-09-11T07:00:00Z,CDU-A2,25.07,25.19,1786,1770
2026-09-11T07:00:00Z,CDU-A3,24.61,24.87,1791,1784
2026-09-11T07:00:00Z,CDU-A4,25.2,25.33,1801,1796
2026-09-11T07:00:00Z,CDU-B1,25.69,25.78,1807,1786
2026-09-11T07:00:00Z,CDU-B2,25.05,25.06,1821,1813
2026-09-11T07:00:00Z,CDU-B3,24.87,25.13,1811,1808
2026-09-11T07:00:00Z,CDU-B4,24.32,24.56,1794,1790
2026-09-11T08:00:00Z,CDU-A1,25.09,25.11,1796,1793
2026-09-11T08:00:00Z,CDU-A2,25.01,25.07,1802,1790
2026-09-11T08:00:00Z,CDU-A3,24.56,24.81,1826,1823
2026-09-11T08:00:00Z,CDU-A4,25.37,25.64,1780,1753
2026-09-11T08:00:00Z,CDU-B1,25.39,25.47,1811,1799
2026-09-11T08:00:00Z,CDU-B2,25.0,25.11,1808,1795
2026-09-11T08:00:00Z,CDU-B3,24.94,25.41,1815,1792
2026-09-11T08:00:00Z,CDU-B4,24.52,24.67,1798,1779
2026-09-11T09:00:00Z,CDU-A1,25.14,25.16,1798,1793
2026-09-11T09:00:00Z,CDU-A2,25.25,25.56,1786,1786
2026-09-11T09:00:00Z,CDU-A3,24.81,24.91,1807,1790
2026-09-11T09:00:00Z,CDU-A4,25.02,25.17,1809,1808
2026-09-11T09:00:00Z,CDU-B1,25.11,25.29,1815,1805
2026-09-11T09:00:00Z,CDU-B2,25.11,25.29,1821,1807
2026-09-11T09:00:00Z,CDU-B3,24.72,24.89,1811,1785
2026-09-11T09:00:00Z,CDU-B4,24.87,24.98,1800,1790
2026-09-11T10:00:00Z,CDU-A1,24.71,24.78,1801,1798
2026-09-11T10:00:00Z,CDU-A2,24.97,25.01,1795,1782
2026-09-11T10:00:00Z,CDU-A3,24.8,24.92,1807,1783
2026-09-11T10:00:00Z,CDU-A4,25.03,25.09,1801,1791
2026-09-11T10:00:00Z,CDU-B1,25.0,25.02,1802,1791
2026-09-11T10:00:00Z,CDU-B2,25.22,25.23,1790,1773
2026-09-11T10:00:00Z,CDU-B3,24.93,24.98,1804,1782
2026-09-11T10:00:00Z,CDU-B4,25.08,25.24,1795,1771
2026-09-11T11:00:00Z,CDU-A1,24.73,24.8,1801,1794
2026-09-11T11:00:00Z,CDU-A2,24.96,25.11,1789,1778
2026-09-11T11:00:00Z,CDU-A3,24.92,25.1,1795,1793
2026-09-11T11:00:00Z,CDU-A4,24.95,25.03,1799,1779
2026-09-11T11:00:00Z,CDU-B1,25.28,25.6,1810,1796
2026-09-11T11:00:00Z,CDU-B2,25.12,25.27,1813,1785
2026-09-11T11:00:00Z,CDU-B3,25.07,25.09,1794,1787
2026-09-11T11:00:00Z,CDU-B4,25.12,25.43,1826,1825
2026-09-11T12:00:00Z,CDU-A1,24.83,24.97,1775,1747
2026-09-11T12:00:00Z,CDU-A2,24.92,25.03,1807,1784
2026-09-11T12:00:00Z,CDU-A3,24.98,25.1,1787,1771
2026-09-11T12:00:00Z,CDU-A4,25.09,25.12,1799,1792
2026-09-11T12:00:00Z,CDU-B1,25.01,25.22,1793,1778
2026-09-11T12:00:00Z,CDU-B2,25.24,25.26,1808,1794
2026-09-11T12:00:00Z,CDU-B3,25.07,25.09,1786,1783
2026-09-11T12:00:00Z,CDU-B4,25.0,25.17,1822,1821
2026-09-11T13:00:00Z,CDU-A1,24.76,24.87,1818,1795
2026-09-11T13:00:00Z,CDU-A2,25.22,25.49,1789,1783
2026-09-11T13:00:00Z,CDU-A3,24.72,24.73,1817,1812
2026-09-11T13:00:00Z,CDU-A4,25.07,25.09,1791,1785
2026-09-11T13:00:00Z,CDU-B1,25.3,25.36,1778,1769
2026-09-11T13:00:00Z,CDU-B2,25.05,25.24,1814,1804
2026-09-11T13:00:00Z,CDU-B3,25.22,25.3,1800,1791
2026-09-11T13:00:00Z,CDU-B4,25.23,25.25,1802,1800
2026-09-11T14:00:00Z,CDU-A1,24.51,24.71,1796,1795
2026-09-11T14:00:00Z,CDU-A2,24.98,25.24,1815,1810
2026-09-11T14:00:00Z,CDU-A3,24.77,24.93,1791,1784
2026-09-11T14:00:00Z,CDU-A4,25.15,25.39,1800,1790
2026-09-11T14:00:00Z,CDU-B1,25.33,25.35,1805,1805
2026-09-11T14:00:00Z,CDU-B2,24.89,24.97,1798,1797
2026-09-11T14:00:00Z,CDU-B3,24.84,25.21,1802,1798
2026-09-11T14:00:00Z,CDU-B4,25.1,25.12,1821,1817
2026-09-11T15:00:00Z,CDU-A1,24.48,24.62,1809,1799
2026-09-11T15:00:00Z,CDU-A2,24.98,25.09,1783,1782
2026-09-11T15:00:00Z,CDU-A3,25.42,25.55,1811,1810
2026-09-11T15:00:00Z,CDU-A4,24.93,25.26,1797,1789
2026-09-11T15:00:00Z,CDU-B1,25.39,25.44,1803,1798
2026-09-11T15:00:00Z,CDU-B2,25.17,25.21,1799,1785
2026-09-11T15:00:00Z,CDU-B3,24.72,24.72,1794,1785
2026-09-11T15:00:00Z,CDU-B4,25.2,25.23,1800,1776
2026-09-11T16:00:00Z,CDU-A1,24.71,24.75,1794,1772
2026-09-11T16:00:00Z,CDU-A2,24.88,24.99,1806,1794
2026-09-11T16:00:00Z,CDU-A3,25.4,25.42,1797,1778
2026-09-11T16:00:00Z,CDU-A4,24.78,24.8,1800,1799
2026-09-11T16:00:00Z,CDU-B1,25.35,25.41,1811,1792
2026-09-11T16:00:00Z,CDU-B2,25.21,25.38,1799,1770
2026-09-11T16:00:00Z,CDU-B3,24.81,25.05,1789,1763
2026-09-11T16:00:00Z,CDU-B4,25.06,25.43,1804,1786
2026-09-11T17:00:00Z,CDU-A1,24.52,24.62,1818,1775
2026-09-11T17:00:00Z,CDU-A2,24.91,24.95,1803,1787
2026-09-11T17:00:00Z,CDU-A3,25.46,25.51,1814,1800
2026-09-11T17:00:00Z,CDU-A4,25.08,25.17,1815,1793
2026-09-11T17:00:00Z,CDU-B1,25.52,25.63,1793,1773
2026-09-11T17:00:00Z,CDU-B2,25.63,25.85,1799,1797
2026-09-11T17:00:00Z,CDU-B3,24.79,24.88,1792,1781
2026-09-11T17:00:00Z,CDU-B4,24.78,24.97,1817,1805
2026-09-11T18:00:00Z,CDU-A1,24.84,24.87,1807,1802
2026-09-11T18:00:00Z,CDU-A2,24.94,25.22,1790,1780
2026-09-11T18:00:00Z,CDU-A3,25.14,25.3,1794,1792
2026-09-11T18:00:00Z,CDU-A4,24.86,24.93,1797,1788
2026-09-11T18:00:00Z,CDU-B1,25.45,25.71,1805,1788
2026-09-11T18:00:00Z,CDU-B2,25.71,25.71,1803,1784
2026-09-11T18:00:00Z,CDU-B3,25.06,25.17,1801,1797
2026-09-11T18:00:00Z,CDU-B4,24.92,24.93,1793,1780
2026-09-11T19:00:00Z,CDU-A1,25.02,25.08,1801,1769
2026-09-11T19:00:00Z,CDU-A2,24.94,24.96,1812,1805
2026-09-11T19:00:00Z,CDU-A3,25.2,25.44,1811,1790
2026-09-11T19:00:00Z,CDU-A4,24.72,24.92,1806,1805
2026-09-11T19:00:00Z,CDU-B1,25.3,25.52,1797,1758
2026-09-11T19:00:00Z,CDU-B2,25.67,25.82,1795,1792
2026-09-11T19:00:00Z,CDU-B3,25.28,25.52,1804,1793
2026-09-11T19:00:00Z,CDU-B4,24.73,24.82,1787,1780
2026-09-11T20:00:00Z,CDU-A1,25.12,25.36,1816,1815
2026-09-11T20:00:00Z,CDU-A2,24.75,24.81,1810,1805
2026-09-11T20:00:00Z,CDU-A3,25.48,25.51,1775,1774
2026-09-11T20:00:00Z,CDU-A4,24.2,24.28,1791,1778
2026-09-11T20:00:00Z,CDU-B1,25.32,25.44,1798,1797
2026-09-11T20:00:00Z,CDU-B2,25.51,25.53,1809,1804
2026-09-11T20:00:00Z,CDU-B3,25.24,25.38,1796,1786
2026-09-11T20:00:00Z,CDU-B4,24.84,24.85,1801,1783
2026-09-11T21:00:00Z,CDU-A1,25.04,25.18,1808,1805
2026-09-11T21:00:00Z,CDU-A2,24.72,24.89,1801,1793
2026-09-11T21:00:00Z,CDU-A3,25.95,26.11,1779,1763
2026-09-11T21:00:00Z,CDU-A4,24.07,24.15,1801,1795
2026-09-11T21:00:00Z,CDU-B1,25.16,25.39,1804,1800
2026-09-11T21:00:00Z,CDU-B2,25.32,25.33,1797,1778
2026-09-11T21:00:00Z,CDU-B3,25.5,25.72,1799,1777
2026-09-11T21:00:00Z,CDU-B4,24.99,25.01,1816,1815
2026-09-11T22:00:00Z,CDU-A1,25.27,25.33,1804,1784
2026-09-11T22:00:00Z,CDU-A2,24.76,24.86,1782,1778
2026-09-11T22:00:00Z,CDU-A3,25.85,25.92,1805,1785
2026-09-11T22:00:00Z,CDU-A4,24.35,24.48,1791,1772
2026-09-11T22:00:00Z,CDU-B1,24.97,25.15,1802,1793
2026-09-11T22:00:00Z,CDU-B2,25.2,25.44,1800,1800
2026-09-11T22:00:00Z,CDU-B3,25.3,25.68,1791,1790
2026-09-11T22:00:00Z,CDU-B4,24.97,25.03,1791,1783
2026-09-11T23:00:00Z,CDU-A1,24.98,25.01,1801,1779
2026-09-11T23:00:00Z,CDU-A2,25.03,25.18,1789,1777
2026-09-11T23:00:00Z,CDU-A3,25.51,25.72,1821,1790
2026-09-11T23:00:00Z,CDU-A4,24.25,24.4,1801,1796
2026-09-11T23:00:00Z,CDU-B1,25.25,25.25,1789,1778
2026-09-11T23:00:00Z,CDU-B2,25.33,25.39,1797,1792
2026-09-11T23:00:00Z,CDU-B3,25.08,25.41,1788,1780
2026-09-11T23:00:00Z,CDU-B4,24.94,25.15,1803,1799
2026-09-12T00:00:00Z,CDU-A1,25.07,25.08,1798,1798
2026-09-12T00:00:00Z,CDU-A2,24.8,25.15,1778,1764
2026-09-12T00:00:00Z,CDU-A3,25.2,25.48,1790,1774
2026-09-12T00:00:00Z,CDU-A4,24.41,24.45,1803,1802
2026-09-12T00:00:00Z,CDU-B1,25.26,25.41,1814,1802
2026-09-12T00:00:00Z,CDU-B2,25.46,25.56,1807,1804
2026-09-12T00:00:00Z,CDU-B3,25.48,25.6,1796,1795
2026-09-12T00:00:00Z,CDU-B4,24.98,25.06,1795,1772
2026-09-12T01:00:00Z,CDU-A1,25.02,25.04,1790,1774
2026-09-12T01:00:00Z,CDU-A2,24.89,25.04,1795,1795
2026-09-12T01:00:00Z,CDU-A3,25.19,25.27,1806,1806
2026-09-12T01:00:00Z,CDU-A4,24.68,24.76,1811,1795
2026-09-12T01:00:00Z,CDU-B1,25.08,25.33,1802,1800
2026-09-12T01:00:00Z,CDU-B2,25.66,25.7,1801,1792
2026-09-12T01:00:00Z,CDU-B3,25.15,25.15,1796,1790
2026-09-12T01:00:00Z,CDU-B4,24.91,25.11,1795,1792
2026-09-12T02:00:00Z,CDU-A1,24.83,25.19,1798,1757
2026-09-12T02:00:00Z,CDU-A2,24.62,24.71,1812,1796
2026-09-12T02:00:00Z,CDU-A3,25.15,25.27,1806,1805
2026-09-12T02:00:00Z,CDU-A4,25.01,25.02,1795,1788
2026-09-12T02:00:00Z,CDU-B1,24.66,25.03,1792,1778
2026-09-12T02:00:00Z,CDU-B2,25.35,25.55,1794,1790
2026-09-12T02:00:00Z,CDU-B3,25.19,25.49,1786,1783
2026-09-12T02:00:00Z,CDU-B4,25.01,25.11,1804,1764
2026-09-12T03:00:00Z,CDU-A1,24.61,24.64,1805,1791
2026-09-12T03:00:00Z,CDU-A2,25.09,25.16,1807,1786
2026-09-12T03:00:00Z,CDU-A3,25.03,25.32,1795,1793
2026-09-12T03:00:00Z,CDU-A4,25.34,25.61,1805,1799
2026-09-12T03:00:00Z,CDU-B1,24.83,25.07,1814,1805
2026-09-12T03:00:00Z,CDU-B2,25.45,25.54,1808,1804
2026-09-12T03:00:00Z,CDU-B3,24.88,25.04,1797,1795
2026-09-12T03:00:00Z,CDU-B4,24.61,24.75,1815,1813
2026-09-12T04:00:00Z,CDU-A1,24.75,24.76,1806,1797
2026-09-12T04:00:00Z,CDU-A2,25.23,25.43,1784,1766
2026-09-12T04:00:00Z,CDU-A3,24.81,25.06,1791,1778
2026-09-12T04:00:00Z,CDU-A4,25.35,25.4,1812,1812
2026-09-12T04:00:00Z,CDU-B1,25.01,25.18,1814,1793
2026-09-12T04:00:00Z,CDU-B2,25.65,25.7,1795,1783
2026-09-12T04:00:00Z,CDU-B3,25.03,25.16,1798,1792
2026-09-12T04:00:00Z,CDU-B4,24.73,24.77,1794,1773
2026-09-12T05:00:00Z,CDU-A1,25.04,25.23,1794,1766
2026-09-12T05:00:00Z,CDU-A2,25.23,25.26,1802,1797
2026-09-12T05:00:00Z,CDU-A3,24.53,24.68,1809,1804
2026-09-12T05:00:00Z,CDU-A4,25.41,25.47,1797,1772
2026-09-12T05:00:00Z,CDU-B1,24.47,24.65,1802,1799
2026-09-12T05:00:00Z,CDU-B2,25.5,25.51,1818,1812
2026-09-12T05:00:00Z,CDU-B3,24.97,25.05,1789,1772
2026-09-12T05:00:00Z,CDU-B4,24.84,24.95,1802,1784
2026-09-12T06:00:00Z,CDU-A1,24.59,24.71,1790,1781
2026-09-12T06:00:00Z,CDU-A2,25.49,25.59,1801,1795
2026-09-12T06:00:00Z,CDU-A3,24.73,24.87,1804,1799
2026-09-12T06:00:00Z,CDU-A4,25.6,25.75,1819,1808
2026-09-12T06:00:00Z,CDU-B1,24.73,24.86,1804,1797
2026-09-12T06:00:00Z,CDU-B2,25.68,25.83,1794,1787
2026-09-12T06:00:00Z,CDU-B3,25.32,25.33,1801,1791
2026-09-12T06:00:00Z,CDU-B4,24.57,24.94,1803,1801
2026-09-12T07:00:00Z,CDU-A1,24.76,24.87,1784,1778
2026-09-12T07:00:00Z,CDU-A2,25.57,25.77,1821,1801
2026-09-12T07:00:00Z,CDU-A3,25.07,25.11,1791,1783
2026-09-12T07:00:00Z,CDU-A4,25.49,25.54,1805,1786
2026-09-12T07:00:00Z,CDU-B1,24.91,24.98,1767,1737
2026-09-12T07:00:00Z,CDU-B2,25.62,25.81,1791,1771
2026-09-12T07:00:00Z,CDU-B3,25.21,25.35,1804,1783
2026-09-12T07:00:00Z,CDU-B4,24.73,24.81,1807,1796
2026-09-12T08:00:00Z,CDU-A1,24.82,24.88,1814,1813
2026-09-12T08:00:00Z,CDU-A2,25.03,25.22,1787,1786
2026-09-12T08:00:00Z,CDU-A3,24.91,25.07,1779,1772
2026-09-12T08:00:00Z,CDU-A4,25.03,25.08,1816,1810
2026-09-12T08:00:00Z,CDU-B1,25.19,25.28,1796,1787
2026-09-12T08:00:00Z,CDU-B2,25.27,25.49,1796,1772
2026-09-12T08:00:00Z,CDU-B3,25.13,25.27,1800,1793
2026-09-12T08:00:00Z,CDU-B4,25.03,25.3,1821,1816
2026-09-12T09:00:00Z,CDU-A1,24.9,25.07,1793,1785
2026-09-12T09:00:00Z,CDU-A2,25.01,25.14,1798,1796
2026-09-12T09:00:00Z,CDU-A3,24.82,25.02,1818,1810
2026-09-12T09:00:00Z,CDU-A4,24.88,24.95,1799,1773
2026-09-12T09:00:00Z,CDU-B1,25.12,25.13,1795,1774
2026-09-12T09:00:00Z,CDU-B2,25.35,25.46,1810,1792
2026-09-12T09:00:00Z,CDU-B3,25.26,25.35,1789,1761
2026-09-12T09:00:00Z,CDU-B4,25.27,25.36,1803,1775
2026-09-12T10:00:00Z,CDU-A1,24.84,25.03,1795,1780
2026-09-12T10:00:00Z,CDU-A2,25.02,25.14,1803,1782
2026-09-12T10:00:00Z,CDU-A3,24.96,25.1,1811,1798
2026-09-12T10:00:00Z,CDU-A4,24.61,24.71,1798,1782
2026-09-12T10:00:00Z,CDU-B1,24.73,24.93,1784,1782
2026-09-12T10:00:00Z,CDU-B2,25.29,25.62,1794,1788
2026-09-12T10:00:00Z,CDU-B3,25.13,25.15,1796,1779
2026-09-12T10:00:00Z,CDU-B4,25.49,25.62,1792,1792
2026-09-12T11:00:00Z,CDU-A1,24.5,24.96,1801,1793
2026-09-12T11:00:00Z,CDU-A2,24.98,25.01,1795,1771
2026-09-12T11:00:00Z,CDU-A3,24.87,24.93,1794,1789
2026-09-12T11:00:00Z,CDU-A4,24.62,24.75,1812,1803
2026-09-12T11:00:00Z,CDU-B1,24.59,24.76,1789,1788
2026-09-12T11:00:00Z,CDU-B2,25.01,25.11,1812,1790
2026-09-12T11:00:00Z,CDU-B3,25.03,25.1,1799,1798
2026-09-12T11:00:00Z,CDU-B4,25.54,25.54,1803,1798
2026-09-12T12:00:00Z,CDU-A1,24.45,24.61,1819,1807
2026-09-12T12:00:00Z,CDU-A2,25.37,25.51,1797,1765
2026-09-12T12:00:00Z,CDU-A3,24.38,24.61,1790,1790
2026-09-12T12:00:00Z,CDU-A4,24.61,24.79,1809,1795
2026-09-12T12:00:00Z,CDU-B1,25.01,25.04,1803,1795
2026-09-12T12:00:00Z,CDU-B2,24.98,24.99,1803,1800
2026-09-12T12:00:00Z,CDU-B3,25.22,25.34,1807,1789
2026-09-12T12:00:00Z,CDU-B4,25.27,25.42,1800,1790
2026-09-12T13:00:00Z,CDU-A1,24.47,24.55,1814,1797
2026-09-12T13:00:00Z,CDU-A2,25.39,25.49,1810,1801
2026-09-12T13:00:00Z,CDU-A3,24.59,24.84,1796,1785
2026-09-12T13:00:00Z,CDU-A4,24.71,25.12,1810,1807
2026-09-12T13:00:00Z,CDU-B1,25.2,25.57,1801,1782
2026-09-12T13:00:00Z,CDU-B2,25.27,25.3,1804,1799
2026-09-12T13:00:00Z,CDU-B3,25.12,25.24,1802,1781
2026-09-12T13:00:00Z,CDU-B4,25.02,25.17,1810,1794
2026-09-12T14:00:00Z,CDU-A1,24.52,24.68,1813,1811
2026-09-12T14:00:00Z,CDU-A2,25.55,25.74,1804,1782
2026-09-12T14:00:00Z,CDU-A3,24.77,24.9,1809,1806
2026-09-12T14:00:00Z,CDU-A4,24.84,25.08,1789,1777
2026-09-12T14:00:00Z,CDU-B1,24.98,25.15,1801,1790
2026-09-12T14:00:00Z,CDU-B2,25.23,25.42,1802,1780
2026-09-12T14:00:00Z,CDU-B3,24.91,24.95,1792,1784
2026-09-12T14:00:00Z,CDU-B4,24.78,24.86,1782,1781
2026-09-12T15:00:00Z,CDU-A1,24.64,24.78,1800,1793
2026-09-12T15:00:00Z,CDU-A2,25.27,25.4,1800,1791
2026-09-12T15:00:00Z,CDU-A3,24.97,25.01,1824,1813
2026-09-12T15:00:00Z,CDU-A4,24.77,24.96,1785,1779
2026-09-12T15:00:00Z,CDU-B1,24.88,24.93,1786,1783
2026-09-12T15:00:00Z,CDU-B2,25.62,25.96,1788,1785
2026-09-12T15:00:00Z,CDU-B3,25.01,25.11,1807,1793
2026-09-12T15:00:00Z,CDU-B4,25.12,25.25,1818,1803
2026-09-12T16:00:00Z,CDU-A1,24.74,24.75,1803,1797
2026-09-12T16:00:00Z,CDU-A2,25.54,25.55,1802,1795
2026-09-12T16:00:00Z,CDU-A3,25.07,25.16,1797,1784
2026-09-12T16:00:00Z,CDU-A4,24.73,24.77,1826,1818
2026-09-12T16:00:00Z,CDU-B1,24.92,24.99,1786,1784
2026-09-12T16:00:00Z,CDU-B2,25.46,25.67,1805,1798
2026-09-12T16:00:00Z,CDU-B3,24.68,24.71,1799,1782
2026-09-12T16:00:00Z,CDU-B4,24.72,24.87,1794,1792
2026-09-12T17:00:00Z,CDU-A1,24.6,24.69,1815,1807
2026-09-12T17:00:00Z,CDU-A2,25.67,25.77,1786,1777
2026-09-12T17:00:00Z,CDU-A3,24.93,25.0,1806,1772
2026-09-12T17:00:00Z,CDU-A4,24.93,25.0,1804,1790
2026-09-12T17:00:00Z,CDU-B1,24.71,24.74,1803,1802
2026-09-12T17:00:00Z,CDU-B2,25.24,25.32,1806,1802
2026-09-12T17:00:00Z,CDU-B3,24.64,24.76,1788,1778
2026-09-12T17:00:00Z,CDU-B4,24.94,25.17,1814,1813
2026-09-12T18:00:00Z,CDU-A1,24.87,25.06,1795,1769
2026-09-12T18:00:00Z,CDU-A2,25.57,25.67,1790,1773
2026-09-12T18:00:00Z,CDU-A3,24.99,25.18,1809,1804
2026-09-12T18:00:00Z,CDU-A4,25.06,25.12,1804,1796
2026-09-12T18:00:00Z,CDU-B1,24.82,24.91,1814,1809
2026-09-12T18:00:00Z,CDU-B2,25.38,25.56,1807,1804
2026-09-12T18:00:00Z,CDU-B3,24.91,25.08,1820,1812
2026-09-12T18:00:00Z,CDU-B4,24.67,24.69,1797,1795
2026-09-12T19:00:00Z,CDU-A1,24.86,24.88,1780,1764
2026-09-12T19:00:00Z,CDU-A2,25.44,25.46,1794,1781
2026-09-12T19:00:00Z,CDU-A3,24.65,24.8,1807,1797
2026-09-12T19:00:00Z,CDU-A4,24.91,25.06,1805,1800
2026-09-12T19:00:00Z,CDU-B1,25.03,25.04,1809,1792
2026-09-12T19:00:00Z,CDU-B2,25.23,25.51,1791,1780
2026-09-12T19:00:00Z,CDU-B3,24.68,24.99,1785,1775
2026-09-12T19:00:00Z,CDU-B4,24.34,24.41,1807,1796
2026-09-12T20:00:00Z,CDU-A1,25.08,25.14,1790,1768
2026-09-12T20:00:00Z,CDU-A2,25.14,25.15,1799,1786
2026-09-12T20:00:00Z,CDU-A3,24.77,24.85,1807,1807
2026-09-12T20:00:00Z,CDU-A4,24.67,24.69,1785,1782
2026-09-12T20:00:00Z,CDU-B1,24.79,25.06,1812,1781
2026-09-12T20:00:00Z,CDU-B2,24.75,24.86,1809,1791
2026-09-12T20:00:00Z,CDU-B3,24.66,24.94,1796,1790
2026-09-12T20:00:00Z,CDU-B4,24.37,24.41,1815,1803
2026-09-12T21:00:00Z,CDU-A1,24.8,24.87,1789,1786
2026-09-12T21:00:00Z,CDU-A2,25.44,25.6,1807,1801
2026-09-12T21:00:00Z,CDU-A3,24.81,24.93,1802,1788
2026-09-12T21:00:00Z,CDU-A4,24.71,24.75,1801,1780
2026-09-12T21:00:00Z,CDU-B1,24.57,24.88,1797,1776
2026-09-12T21:00:00Z,CDU-B2,24.83,24.85,1788,1784
2026-09-12T21:00:00Z,CDU-B3,24.2,24.21,1796,1769
2026-09-12T21:00:00Z,CDU-B4,24.13,24.26,1799,1796
2026-09-12T22:00:00Z,CDU-A1,24.75,24.81,1802,1788
2026-09-12T22:00:00Z,CDU-A2,25.3,25.35,1794,1791
2026-09-12T22:00:00Z,CDU-A3,24.65,24.85,1822,1820
2026-09-12T22:00:00Z,CDU-A4,24.73,24.97,1799,1785
2026-09-12T22:00:00Z,CDU-B1,24.6,24.75,1786,1784
2026-09-12T22:00:00Z,CDU-B2,24.66,24.82,1803,1793
2026-09-12T22:00:00Z,CDU-B3,24.2,24.21,1804,1802
2026-09-12T22:00:00Z,CDU-B4,24.31,24.32,1803,1803
2026-09-12T23:00:00Z,CDU-A1,25.02,25.23,1790,1789
2026-09-12T23:00:00Z,CDU-A2,25.17,25.21,1802,1789
2026-09-12T23:00:00Z,CDU-A3,24.64,24.65,1799,1777
2026-09-12T23:00:00Z,CDU-A4,24.54,24.82,1790,1779
2026-09-12T23:00:00Z,CDU-B1,24.51,24.8,1807,1796
2026-09-12T23:00:00Z,CDU-B2,25.04,25.22,1792,1792
2026-09-12T23:00:00Z,CDU-B3,24.32,24.43,1806,1784
2026-09-12T23:00:00Z,CDU-B4,24.54,24.65,1807,1804
2026-09-13T00:00:00Z,CDU-A1,25.06,25.24,1782,1755
2026-09-13T00:00:00Z,CDU-A2,25.23,25.28,1784,1781
2026-09-13T00:00:00Z,CDU-A3,24.38,24.42,1802,1799
2026-09-13T00:00:00Z,CDU-A4,24.54,24.7,1803,1801
2026-09-13T00:00:00Z,CDU-B1,24.5,24.63,1800,1786
2026-09-13T00:00:00Z,CDU-B2,25.32,25.33,1804,1800
2026-09-13T00:00:00Z,CDU-B3,24.08,24.35,1798,1797
2026-09-13T00:00:00Z,CDU-B4,24.91,24.95,1787,1767
2026-09-13T01:00:00Z,CDU-A1,24.81,24.83,1806,1804
2026-09-13T01:00:00Z,CDU-A2,25.2,25.23,1789,1776
2026-09-13T01:00:00Z,CDU-A3,24.57,24.58,1777,1777
2026-09-13T01:00:00Z,CDU-A4,24.34,24.52,1788,1764
2026-09-13T01:00:00Z,CDU-B1,24.21,24.43,1807,1803
2026-09-13T01:00:00Z,CDU-B2,25.17,25.32,1787,1776
2026-09-13T01:00:00Z,CDU-B3,24.08,24.27,1794,1784
2026-09-13T01:00:00Z,CDU-B4,24.92,25.24,1804,1788
2026-09-13T02:00:00Z,CDU-A1,24.64,24.74,1800,1771
2026-09-13T02:00:00Z,CDU-A2,24.77,24.82,1809,1795
2026-09-13T02:00:00Z,CDU-A3,24.49,24.57,1814,1804
2026-09-13T02:00:00Z,CDU-A4,24.34,24.41,1791,1788
2026-09-13T02:00:00Z,CDU-B1,24.53,24.59,1795,1771
2026-09-13T02:00:00Z,CDU-B2,25.18,25.5,1790,1781
2026-09-13T02:00:00Z,CDU-B3,24.27,24.4,1804,1803
2026-09-13T02:00:00Z,CDU-B4,25.08,25.13,1787,1781
2026-09-13T03:00:00Z,CDU-A1,24.62,24.7,1788,1786
2026-09-13T03:00:00Z,CDU-A2,24.95,25.08,1792,1786
2026-09-13T03:00:00Z,CDU-A3,24.43,24.6,1809,1793
2026-09-13T03:00:00Z,CDU-A4,24.61,24.62,1799,1788
2026-09-13T03:00:00Z,CDU-B1,24.41,24.45,1798,1789
2026-09-13T03:00:00Z,CDU-B2,25.39,25.64,1794,1769
2026-09-13T03:00:00Z,CDU-B3,24.59,24.93,1798,1772
2026-09-13T03:00:00Z,CDU-B4,25.2,25.25,1801,1795
2026-09-13T04:00:00Z,CDU-A1,24.71,24.86,1803,1788
2026-09-13T04:00:00Z,CDU-A2,24.79,24.89,1794,1779
2026-09-13T04:00:00Z,CDU-A3,24.92,24.93,1805,1800
2026-09-13T04:00:00Z,CDU-A4,25.05,25.2,1812,1779
2026-09-13T04:00:00Z,CDU-B1,24.76,24.89,1792,1792
2026-09-13T04:00:00Z,CDU-B2,25.12,25.35,1774,1773
2026-09-13T04:00:00Z,CDU-B3,24.63,24.79,1805,1804
2026-09-13T04:00:00Z,CDU-B4,25.1,25.18,1799,1794
2026-09-13T05:00:00Z,CDU-A1,24.69,24.83,1790,1789
2026-09-13T05:00:00Z,CDU-A2,25.23,25.25,1797,1795
2026-09-13T05:00:00Z,CDU-A3,25.08,25.1,1822,1810
2026-09-13T05:00:00Z,CDU-A4,25.08,25.4,1796,1786
2026-09-13T05:00:00Z,CDU-B1,25.09,25.23,1800,1799
2026-09-13T05:00:00Z,CDU-B2,25.19,25.21,1792,1785
2026-09-13T05:00:00Z,CDU-B3,25.11,25.18,1807,1801
2026-09-13T05:00:00Z,CDU-B4,24.92,24.93,1801,1796
2026-09-13T06:00:00Z,CDU-A1,24.59,24.7,1789,1785
2026-09-13T06:00:00Z,CDU-A2,25.58,25.59,1803,1792
2026-09-13T06:00:00Z,CDU-A3,24.87,24.99,1811,1810
2026-09-13T06:00:00Z,CDU-A4,25.29,25.4,1803,1793
2026-09-13T06:00:00Z,CDU-B1,25.12,25.25,1805,1780
2026-09-13T06:00:00Z,CDU-B2,25.25,25.37,1787,1785
2026-09-13T06:00:00Z,CDU-B3,24.94,24.95,1800,1799
2026-09-13T06:00:00Z,CDU-B4,24.85,25.08,1787,1757
2026-09-13T07:00:00Z,CDU-A1,24.51,24.69,1806,1801
2026-09-13T07:00:00Z,CDU-A2,25.27,25.46,1795,1785
2026-09-13T07:00:00Z,CDU-A3,24.69,24.82,1807,1799
2026-09-13T07:00:00Z,CDU-A4,24.84,24.9,1792,1783
2026-09-13T07:00:00Z,CDU-B1,25.48,25.53,1807,1786
2026-09-13T07:00:00Z,CDU-B2,25.21,25.28,1772,1761
2026-09-13T07:00:00Z,CDU-B3,24.75,25.02,1793,1782
2026-09-13T07:00:00Z,CDU-B4,24.97,25.16,1801,1793
2026-09-13T08:00:00Z,CDU-A1,24.6,24.62,1787,1779
2026-09-13T08:00:00Z,CDU-A2,25.4,25.59,1790,1786
2026-09-13T08:00:00Z,CDU-A3,24.54,24.58,1799,1796
2026-09-13T08:00:00Z,CDU-A4,24.76,24.96,1816,1805
2026-09-13T08:00:00Z,CDU-B1,25.45,25.53,1805,1768
2026-09-13T08:00:00Z,CDU-B2,25.43,25.54,1792,1772
2026-09-13T08:00:00Z,CDU-B3,24.65,24.81,1788,1774
2026-09-13T08:00:00Z,CDU-B4,24.87,25.12,1796,1769
2026-09-13T09:00:00Z,CDU-A1,25.08,25.16,1800,1783
2026-09-13T09:00:00Z,CDU-A2,24.99,25.0,1810,1804
2026-09-13T09:00:00Z,CDU-A3,24.58,24.63,1802,1783
2026-09-13T09:00:00Z,CDU-A4,24.48,24.71,1798,1789
2026-09-13T09:00:00Z,CDU-B1,25.44,25.66,1808,1804
2026-09-13T09:00:00Z,CDU-B2,25.69,25.86,1808,1804
2026-09-13T09:00:00Z,CDU-B3,24.36,24.39,1806,1773
2026-09-13T09:00:00Z,CDU-B4,24.83,24.97,1804,1802
2026-09-13T10:00:00Z,CDU-A1,24.77,24.77,1789,1785
2026-09-13T10:00:00Z,CDU-A2,24.85,24.9,1783,1782
2026-09-13T10:00:00Z,CDU-A3,25.02,25.03,1803,1786
2026-09-13T10:00:00Z,CDU-A4,24.55,24.58,1805,1781
2026-09-13T10:00:00Z,CDU-B1,25.53,25.71,1796,1771
2026-09-13T10:00:00Z,CDU-B2,25.64,25.75,1820,1809
2026-09-13T10:00:00Z,CDU-B3,24.22,24.35,1787,1779
2026-09-13T10:00:00Z,CDU-B4,24.69,24.84,1797,1785
2026-09-13T11:00:00Z,CDU-A1,24.8,25.08,1793,1789
2026-09-13T11:00:00Z,CDU-A2,25.08,25.11,1796,1772
2026-09-13T11:00:00Z,CDU-A3,25.41,25.51,1820,1810
2026-09-13T11:00:00Z,CDU-A4,24.72,24.76,1801,1784
2026-09-13T11:00:00Z,CDU-B1,25.27,25.36,1801,1776
2026-09-13T11:00:00Z,CDU-B2,25.32,25.41,1807,1807
2026-09-13T11:00:00Z,CDU-B3,24.49,24.56,1809,1787
2026-09-13T11:00:00Z,CDU-B4,24.49,24.59,1807,1799
2026-09-13T12:00:00Z,CDU-A1,24.77,24.81,1800,1787
2026-09-13T12:00:00Z,CDU-A2,25.27,25.41,1793,1793
2026-09-13T12:00:00Z,CDU-A3,25.18,25.27,1789,1783
2026-09-13T12:00:00Z,CDU-A4,25.08,25.22,1800,1793
2026-09-13T12:00:00Z,CDU-B1,25.46,25.62,1800,1789
2026-09-13T12:00:00Z,CDU-B2,25.01,25.14,1797,1791
2026-09-13T12:00:00Z,CDU-B3,24.41,24.42,1800,1795
2026-09-13T12:00:00Z,CDU-B4,24.78,24.86,1800,1791
2026-09-13T13:00:00Z,CDU-A1,24.39,24.41,1803,1796
2026-09-13T13:00:00Z,CDU-A2,25.24,25.48,1807,1788
2026-09-13T13:00:00Z,CDU-A3,25.2,25.42,1787,1764
2026-09-13T13:00:00Z,CDU-A4,24.83,24.88,1795,1795
2026-09-13T13:00:00Z,CDU-B1,25.24,25.26,1809,1801
2026-09-13T13:00:00Z,CDU-B2,24.76,24.85,1802,1781
2026-09-13T13:00:00Z,CDU-B3,24.42,24.53,1812,1793
2026-09-13T13:00:00Z,CDU-B4,24.71,24.72,1796,1782
2026-09-13T14:00:00Z,CDU-A1,24.38,24.49,1794,1780
2026-09-13T14:00:00Z,CDU-A2,24.74,24.89,1786,1780
2026-09-13T14:00:00Z,CDU-A3,24.86,24.95,1794,1765
2026-09-13T14:00:00Z,CDU-A4,24.74,24.83,1793,1788
2026-09-13T14:00:00Z,CDU-B1,25.13,25.14,1805,1804
2026-09-13T14:00:00Z,CDU-B2,25.0,25.07,1799,1792
2026-09-13T14:00:00Z,CDU-B3,24.45,24.48,1803,1800
2026-09-13T14:00:00Z,CDU-B4,24.71,24.73,1815,1796
2026-09-13T15:00:00Z,CDU-A1,24.53,24.73,1804,1796
2026-09-13T15:00:00Z,CDU-A2,25.08,25.24,1803,1785
2026-09-13T15:00:00Z,CDU-A3,24.7,24.81,1814,1814
2026-09-13T15:00:00Z,CDU-A4,24.68,24.86,1780,1775
2026-09-13T15:00:00Z,CDU-B1,25.13,25.26,1798,1795
2026-09-13T15:00:00Z,CDU-B2,24.95,25.0,1797,1789
2026-09-13T15:00:00Z,CDU-B3,24.68,24.79,1806,1800
2026-09-13T15:00:00Z,CDU-B4,24.6,24.77,1801,1789
2026-09-13T16:00:00Z,CDU-A1,24.6,24.64,1807,1802
2026-09-13T16:00:00Z,CDU-A2,25.21,25.23,1800,1755
2026-09-13T16:00:00Z,CDU-A3,24.95,25.16,1815,1806
2026-09-13T16:00:00Z,CDU-A4,24.54,24.6,1781,1777
2026-09-13T16:00:00Z,CDU-B1,25.39,25.5,1798,1766
2026-09-13T16:00:00Z,CDU-B2,24.97,25.17,1784,1779
2026-09-13T16:00:00Z,CDU-B3,24.88,25.01,1800,1788
2026-09-13T16:00:00Z,CDU-B4,24.72,24.98,1805,1804
2026-09-13T17:00:00Z,CDU-A1,24.74,24.76,1792,1775
2026-09-13T17:00:00Z,CDU-A2,25.36,25.52,1808,1791
2026-09-13T17:00:00Z,CDU-A3,25.09,25.17,1804,1798
2026-09-13T17:00:00Z,CDU-A4,24.7,24.83,1785,1784
2026-09-13T17:00:00Z,CDU-B1,25.59,25.64,1790,1773
2026-09-13T17:00:00Z,CDU-B2,25.37,25.6,1801,1782
2026-09-13T17:00:00Z,CDU-B3,24.94,25.18,1811,1806
2026-09-13T17:00:00Z,CDU-B4,24.48,24.59,1795,1777
2026-09-13T18:00:00Z,CDU-A1,24.46,24.52,1787,1783
2026-09-13T18:00:00Z,CDU-A2,25.45,25.61,1779,1776
2026-09-13T18:00:00Z,CDU-A3,24.81,24.86,1797,1796
2026-09-13T18:00:00Z,CDU-A4,24.41,24.6,1798,1791
2026-09-13T18:00:00Z,CDU-B1,25.48,25.64,1793,1780
2026-09-13T18:00:00Z,CDU-B2,25.39,25.51,1807,1807
2026-09-13T18:00:00Z,CDU-B3,25.21,25.37,1806,1791
2026-09-13T18:00:00Z,CDU-B4,24.29,24.33,1817,1804
2026-09-13T19:00:00Z,CDU-A1,24.85,24.93,1789,1786
2026-09-13T19:00:00Z,CDU-A2,25.34,25.36,1788,1785
2026-09-13T19:00:00Z,CDU-A3,25.0,25.04,1798,1781
2026-09-13T19:00:00Z,CDU-A4,24.3,24.38,1801,1782
2026-09-13T19:00:00Z,CDU-B1,25.44,25.54,1808,1803
2026-09-13T19:00:00Z,CDU-B2,24.91,24.97,1798,1791
2026-09-13T19:00:00Z,CDU-B3,25.19,25.26,1799,1793
2026-09-13T19:00:00Z,CDU-B4,24.55,24.77,1822,1813
2026-09-13T20:00:00Z,CDU-A1,24.78,24.8,1782,1756
2026-09-13T20:00:00Z,CDU-A2,25.23,25.52,1801,1792
2026-09-13T20:00:00Z,CDU-A3,25.05,25.05,1792,1792
2026-09-13T20:00:00Z,CDU-A4,24.6,24.68,1789,1783
2026-09-13T20:00:00Z,CDU-B1,25.43,25.47,1813,1798
2026-09-13T20:00:00Z,CDU-B2,25.44,25.62,1813,1798
2026-09-13T20:00:00Z,CDU-B3,25.57,25.77,1800,1793
2026-09-13T20:00:00Z,CDU-B4,24.87,24.93,1799,1796
2026-09-13T21:00:00Z,CDU-A1,24.76,24.81,1792,1772
2026-09-13T21:00:00Z,CDU-A2,25.29,25.35,1791,1784
2026-09-13T21:00:00Z,CDU-A3,25.14,25.39,1812,1810
2026-09-13T21:00:00Z,CDU-A4,24.69,24.74,1788,1773
2026-09-13T21:00:00Z,CDU-B1,25.2,25.53,1799,1786
2026-09-13T21:00:00Z,CDU-B2,25.32,25.48,1804,1769
2026-09-13T21:00:00Z,CDU-B3,25.12,25.18,1791,1776
2026-09-13T21:00:00Z,CDU-B4,24.93,25.07,1786,1754
2026-09-13T22:00:00Z,CDU-A1,24.73,24.73,1789,1764
2026-09-13T22:00:00Z,CDU-A2,25.08,25.17,1805,1798
2026-09-13T22:00:00Z,CDU-A3,24.77,24.86,1802,1777
2026-09-13T22:00:00Z,CDU-A4,24.71,24.77,1802,1780
2026-09-13T22:00:00Z,CDU-B1,25.06,25.24,1798,1789
2026-09-13T22:00:00Z,CDU-B2,25.11,25.2,1791,1781
2026-09-13T22:00:00Z,CDU-B3,25.08,25.34,1798,1797
2026-09-13T22:00:00Z,CDU-B4,24.96,25.0,1797,1794
2026-09-13T23:00:00Z,CDU-A1,24.9,24.96,1801,1789
2026-09-13T23:00:00Z,CDU-A2,24.71,24.96,1805,1797
2026-09-13T23:00:00Z,CDU-A3,24.93,25.01,1789,1778
2026-09-13T23:00:00Z,CDU-A4,24.48,24.51,1803,1774
2026-09-13T23:00:00Z,CDU-B1,24.96,24.96,1799,1774
2026-09-13T23:00:00Z,CDU-B2,25.3,25.38,1803,1797
2026-09-13T23:00:00Z,CDU-B3,25.24,25.49,1797,1773
2026-09-13T23:00:00Z,CDU-B4,24.86,24.94,1783,1761
2026-09-14T00:00:00Z,CDU-A1,24.88,24.95,1785,1785
2026-09-14T00:00:00Z,CDU-A2,25.23,25.35,1801,1800
2026-09-14T00:00:00Z,CDU-A3,24.97,24.98,1783,1766
2026-09-14T00:00:00Z,CDU-A4,24.88,25.0,1803,1795
2026-09-14T00:00:00Z,CDU-B1,24.88,24.98,1811,1774
2026-09-14T00:00:00Z,CDU-B2,25.48,25.59,1799,1780
2026-09-14T00:00:00Z,CDU-B3,25.32,25.46,1802,1777
2026-09-14T00:00:00Z,CDU-B4,24.64,24.79,1803,1793
2026-09-14T01:00:00Z,CDU-A1,25.21,25.29,1782,1763
2026-09-14T01:00:00Z,CDU-A2,25.25,25.27,1806,1780
2026-09-14T01:00:00Z,CDU-A3,25.05,25.14,1824,1815
2026-09-14T01:00:00Z,CDU-A4,24.63,24.96,1785,1779
2026-09-14T01:00:00Z,CDU-B1,25.25,25.31,1780,1778
2026-09-14T01:00:00Z,CDU-B2,25.17,25.2,1793,1776
2026-09-14T01:00:00Z,CDU-B3,25.41,25.46,1789,1783
2026-09-14T01:00:00Z,CDU-B4,24.89,25.01,1787,1787
2026-09-14T02:00:00Z,CDU-A1,25.32,25.33,1796,1778
2026-09-14T02:00:00Z,CDU-A2,25.29,25.35,1801,1764
2026-09-14T02:00:00Z,CDU-A3,24.89,25.01,1790,1777
2026-09-14T02:00:00Z,CDU-A4,24.57,24.6,1811,1803
2026-09-14T02:00:00Z,CDU-B1,25.63,25.73,1787,1781
2026-09-14T02:00:00Z,CDU-B2,25.0,25.11,1798,1796
2026-09-14T02:00:00Z,CDU-B3,25.08,25.1,1800,1800
2026-09-14T02:00:00Z,CDU-B4,24.89,25.09,1784,1778
2026-09-14T03:00:00Z,CDU-A1,25.05,25.17,1793,1791
2026-09-14T03:00:00Z,CDU-A2,25.14,25.21,1802,1792
2026-09-14T03:00:00Z,CDU-A3,24.87,24.95,1823,1808
2026-09-14T03:00:00Z,CDU-A4,24.24,24.55,1797,1795
2026-09-14T03:00:00Z,CDU-B1,25.4,25.46,1786,1783
2026-09-14T03:00:00Z,CDU-B2,24.9,25.13,1796,1792
2026-09-14T03:00:00Z,CDU-B3,24.97,24.98,1808,1797
2026-09-14T03:00:00Z,CDU-B4,25.09,25.22,1804,1797
2026-09-14T04:00:00Z,CDU-A1,24.82,24.85,1794,1758
2026-09-14T04:00:00Z,CDU-A2,24.97,25.06,1788,1757
2026-09-14T04:00:00Z,CDU-A3,24.82,24.82,1809,1798
2026-09-14T04:00:00Z,CDU-A4,24.47,24.62,1802,1789
2026-09-14T04:00:00Z,CDU-B1,25.3,25.37,1806,1805
2026-09-14T04:00:00Z,CDU-B2,25.08,25.25,1786,1781
2026-09-14T04:00:00Z,CDU-B3,25.05,25.14,1800,1792
2026-09-14T04:00:00Z,CDU-B4,25.21,25.46,1820,1819
2026-09-14T05:00:00Z,CDU-A1,24.99,25.27,1804,1798
2026-09-14T05:00:00Z,CDU-A2,24.81,24.92,1790,1772
2026-09-14T05:00:00Z,CDU-A3,24.77,24.99,1805,1799
2026-09-14T05:00:00Z,CDU-A4,24.58,24.66,1797,1795
2026-09-14T05:00:00Z,CDU-B1,25.33,25.5,1801,1785
2026-09-14T05:00:00Z,CDU-B2,25.1,25.15,1785,1752
2026-09-14T05:00:00Z,CDU-B3,25.19,25.25,1784,1766
2026-09-14T05:00:00Z,CDU-B4,24.86,24.94,1796,1776
2026-09-14T06:00:00Z,CDU-A1,24.93,25.14,1807,1798
2026-09-14T06:00:00Z,CDU-A2,25.18,25.22,1808,1799
2026-09-14T06:00:00Z,CDU-A3,24.8,24.89,1806,1798
2026-09-14T06:00:00Z,CDU-A4,24.7,24.7,1794,1782
2026-09-14T06:00:00Z,CDU-B1,25.34,25.68,1798,1780
2026-09-14T06:00:00Z,CDU-B2,25.49,25.52,1799,1777
2026-09-14T06:00:00Z,CDU-B3,25.17,25.23,1808,1799
2026-09-14T06:00:00Z,CDU-B4,25.05,25.15,1790,1789
2026-09-14T07:00:00Z,CDU-A1,25.43,25.46,1799,1784
2026-09-14T07:00:00Z,CDU-A2,25.26,25.38,1799,1796
2026-09-14T07:00:00Z,CDU-A3,24.84,25.17,1812,1784
2026-09-14T07:00:00Z,CDU-A4,24.95,25.01,1801,1790
2026-09-14T07:00:00Z,CDU-B1,25.17,25.22,1815,1814
2026-09-14T07:00:00Z,CDU-B2,25.12,25.27,1803,1797
2026-09-14T07:00:00Z,CDU-B3,24.7,24.74,1793,1770
2026-09-14T07:00:00Z,CDU-B4,25.24,25.32,1799,1793
2026-09-14T08:00:00Z,CDU-A1,25.42,25.45,1780,1773
2026-09-14T08:00:00Z,CDU-A2,25.01,25.14,1794,1791
2026-09-14T08:00:00Z,CDU-A3,24.99,25.0,1777,1773
2026-09-14T08:00:00Z,CDU-A4,24.91,25.01,1797,1777
2026-09-14T08:00:00Z,CDU-B1,25.51,25.55,1799,1788
2026-09-14T08:00:00Z,CDU-B2,24.68,24.96,1802,1783
2026-09-14T08:00:00Z,CDU-B3,24.74,24.79,1810,1785
2026-09-14T08:00:00Z,CDU-B4,24.87,24.96,1790,1781
2026-09-14T09:00:00Z,CDU-A1,25.25,25.25,1816,1812
2026-09-14T09:00:00Z,CDU-A2,25.04,25.14,1806,1796
2026-09-14T09:00:00Z,CDU-A3,24.78,25.01,1808,1786
2026-09-14T09:00:00Z,CDU-A4,24.77,25.15,1820,1794
2026-09-14T09:00:00Z,CDU-B1,25.34,25.43,1799,1795
2026-09-14T09:00:00Z,CDU-B2,24.59,24.84,1806,1805
2026-09-14T09:00:00Z,CDU-B3,24.62,24.68,1798,1777
2026-09-14T09:00:00Z,CDU-B4,25.37,25.4,1800,1780
2026-09-14T10:00:00Z,CDU-A1,25.27,25.42,1786,1772
2026-09-14T10:00:00Z,CDU-A2,25.25,25.27,1804,1799
2026-09-14T10:00:00Z,CDU-A3,24.98,25.07,1788,1760
2026-09-14T10:00:00Z,CDU-A4,24.71,24.72,1812,1807
2026-09-14T10:00:00Z,CDU-B1,24.92,24.95,1790,1767
2026-09-14T10:00:00Z,CDU-B2,24.69,24.87,1807,1786
2026-09-14T10:00:00Z,CDU-B3,24.6,24.61,1798,1771
2026-09-14T10:00:00Z,CDU-B4,25.03,25.03,1796,1782
2026-09-14T11:00:00Z,CDU-A1,25.23,25.47,1774,1767
2026-09-14T11:00:00Z,CDU-A2,25.37,25.4,1784,1775
2026-09-14T11:00:00Z,CDU-A3,25.27,25.41,1817,1813
2026-09-14T11:00:00Z,CDU-A4,24.77,24.99,1792,1786
2026-09-14T11:00:00Z,CDU-B1,24.88,25.02,1795,1776
2026-09-14T11:00:00Z,CDU-B2,24.84,24.89,1782,1773
2026-09-14T11:00:00Z,CDU-B3,24.73,24.74,1801,1800
2026-09-14T11:00:00Z,CDU-B4,25.05,25.05,1809,1802
2026-09-14T12:00:00Z,CDU-A1,25.3,25.54,1788,1760
2026-09-14T12:00:00Z,CDU-A2,25.11,25.3,1804,1793
2026-09-14T12:00:00Z,CDU-A3,25.11,25.18,1812,1804
2026-09-14T12:00:00Z,CDU-A4,24.85,25.07,1797,1782
2026-09-14T12:00:00Z,CDU-B1,24.67,24.84,1806,1783
2026-09-14T12:00:00Z,CDU-B2,24.93,25.29,1818,1804
2026-09-14T12:00:00Z,CDU-B3,25.17,25.2,1806,1795
2026-09-14T12:00:00Z,CDU-B4,24.84,25.0,1809,1796
2026-09-14T13:00:00Z,CDU-A1,25.29,25.32,1796,1795
2026-09-14T13:00:00Z,CDU-A2,25.17,25.27,1785,1767
2026-09-14T13:00:00Z,CDU-A3,25.1,25.18,1791,1788
2026-09-14T13:00:00Z,CDU-A4,24.79,24.84,1788,1778
2026-09-14T13:00:00Z,CDU-B1,24.58,24.68,1807,1799
2026-09-14T13:00:00Z,CDU-B2,24.84,24.98,1796,1781
2026-09-14T13:00:00Z,CDU-B3,24.81,24.83,1792,1763
2026-09-14T13:00:00Z,CDU-B4,24.88,24.91,1786,1763
2026-09-14T14:00:00Z,CDU-A1,25.06,25.2,1787,1773
2026-09-14T14:00:00Z,CDU-A2,25.37,25.8,1793,1780
2026-09-14T14:00:00Z,CDU-A3,24.94,24.96,1794,1790
2026-09-14T14:00:00Z,CDU-A4,24.6,24.73,1788,1769
2026-09-14T14:00:00Z,CDU-B1,24.85,24.93,1793,1770
2026-09-14T14:00:00Z,CDU-B2,25.15,25.31,1801,1798
2026-09-14T14:00:00Z,CDU-B3,25.05,25.23,1809,1799
2026-09-14T14:00:00Z,CDU-B4,24.75,24.84,1800,1796
2026-09-14T15:00:00Z,CDU-A1,24.81,24.84,1799,1798
2026-09-14T15:00:00Z,CDU-A2,25.34,25.37,1810,1793
2026-09-14T15:00:00Z,CDU-A3,24.7,24.78,1787,1778
2026-09-14T15:00:00Z,CDU-A4,24.4,24.41,1786,1780
2026-09-14T15:00:00Z,CDU-B1,25.12,25.15,1794,1777
2026-09-14T15:00:00Z,CDU-B2,25.36,25.51,1808,1808
2026-09-14T15:00:00Z,CDU-B3,25.06,25.14,1790,1783
2026-09-14T15:00:00Z,CDU-B4,25.01,25.13,1801,1789
2026-09-14T16:00:00Z,CDU-A1,24.85,24.95,1790,1777
2026-09-14T16:00:00Z,CDU-A2,25.37,25.61,1813,1811
2026-09-14T16:00:00Z,CDU-A3,24.73,24.74,1800,1796
2026-09-14T16:00:00Z,CDU-A4,24.23,24.4,1799,1776
2026-09-14T16:00:00Z,CDU-B1,25.2,25.36,1807,1805
2026-09-14T16:00:00Z,CDU-B2,25.23,25.57,1810,1803
2026-09-14T16:00:00Z,CDU-B3,25.2,25.5,1800,1791
2026-09-14T16:00:00Z,CDU-B4,24.99,25.04,1804,1788
2026-09-14T17:00:00Z,CDU-A1,24.42,24.48,1794,1785
2026-09-14T17:00:00Z,CDU-A2,25.41,25.57,1791,1787
2026-09-14T17:00:00Z,CDU-A3,24.88,24.97,1813,1802
2026-09-14T17:00:00Z,CDU-A4,24.49,24.52,1813,1800
2026-09-14T17:00:00Z,CDU-B1,24.9,24.92,1813,1792
2026-09-14T17:00:00Z,CDU-B2,25.07,25.16,1802,1791
2026-09-14T17:00:00Z,CDU-B3,24.98,25.15,1805,1775
2026-09-14T17:00:00Z,CDU-B4,25.29,25.42,1805,1801
2026-09-14T18:00:00Z,CDU-A1,24.56,24.6,1793,1792
2026-09-14T18:00:00Z,CDU-A2,24.95,25.11,1808,1785
2026-09-14T18:00:00Z,CDU-A3,24.96,25.07,1802,1799
2026-09-14T18:00:00Z,CDU-A4,24.78,24.84,1807,1791
2026-09-14T18:00:00Z,CDU-B1,24.88,25.11,1791,1782
2026-09-14T18:00:00Z,CDU-B2,25.39,25.47,1797,1784
2026-09-14T18:00:00Z,CDU-B3,25.26,25.32,1795,1787
2026-09-14T18:00:00Z,CDU-B4,24.97,25.0,1794,1791
2026-09-14T19:00:00Z,CDU-A1,24.59,24.68,1810,1809
2026-09-14T19:00:00Z,CDU-A2,24.91,25.06,1822,1809
2026-09-14T19:00:00Z,CDU-A3,25.07,25.44,1794,1793
2026-09-14T19:00:00Z,CDU-A4,24.99,25.11,1800,1796
2026-09-14T19:00:00Z,CDU-B1,24.91,25.1,1785,1783
2026-09-14T19:00:00Z,CDU-B2,25.46,25.62,1802,1768
2026-09-14T19:00:00Z,CDU-B3,25.41,25.46,1808,1791
2026-09-14T19:00:00Z,CDU-B4,25.12,25.31,1815,1805
2026-09-14T20:00:00Z,CDU-A1,24.84,25.04,1800,1797
2026-09-14T20:00:00Z,CDU-A2,24.99,25.14,1804,1776
2026-09-14T20:00:00Z,CDU-A3,25.24,25.43,1796,1785
2026-09-14T20:00:00Z,CDU-A4,24.92,25.05,1802,1797
2026-09-14T20:00:00Z,CDU-B1,24.71,24.75,1796,1789
2026-09-14T20:00:00Z,CDU-B2,25.44,25.45,1806,1801
2026-09-14T20:00:00Z,CDU-B3,24.83,24.94,1806,1798
2026-09-14T20:00:00Z,CDU-B4,25.14,25.35,1797,1790
2026-09-14T21:00:00Z,CDU-A1,24.82,24.83,1804,1798
2026-09-14T21:00:00Z,CDU-A2,25.0,25.16,1793,1782
2026-09-14T21:00:00Z,CDU-A3,25.17,25.26,1791,1788
2026-09-14T21:00:00Z,CDU-A4,25.08,25.19,1803,1787
2026-09-14T21:00:00Z,CDU-B1,24.7,24.72,1819,1818
2026-09-14T21:00:00Z,CDU-B2,25.83,25.84,1783,1766
2026-09-14T21:00:00Z,CDU-B3,24.84,25.09,1810,1804
2026-09-14T21:00:00Z,CDU-B4,25.31,25.34,1802,1758
2026-09-14T22:00:00Z,CDU-A1,24.9,25.18,1811,1767
2026-09-14T22:00:00Z,CDU-A2,25.04,25.05,1799,1794
2026-09-14T22:00:00Z,CDU-A3,25.16,25.2,1814,1813
2026-09-14T22:00:00Z,CDU-A4,25.05,25.23,1796,1788
2026-09-14T22:00:00Z,CDU-B1,24.93,25.12,1794,1769
2026-09-14T22:00:00Z,CDU-B2,25.23,25.31,1808,1792
2026-09-14T22:00:00Z,CDU-B3,24.86,25.03,1784,1764
2026-09-14T22:00:00Z,CDU-B4,25.0,25.02,1775,1775
2026-09-14T23:00:00Z,CDU-A1,24.58,24.67,1812,1787
2026-09-14T23:00:00Z,CDU-A2,25.32,25.56,1795,1790
2026-09-14T23:00:00Z,CDU-A3,25.4,25.45,1818,1810
2026-09-14T23:00:00Z,CDU-A4,25.12,25.22,1788,1788
2026-09-14T23:00:00Z,CDU-B1,24.87,25.16,1798,1763
2026-09-14T23:00:00Z,CDU-B2,25.42,25.45,1803,1778
2026-09-14T23:00:00Z,CDU-B3,24.69,24.91,1806,1788
2026-09-14T23:00:00Z,CDU-B4,24.69,24.84,1804,1798
2026-09-15T00:00:00Z,CDU-A1,24.47,24.57,1805,1780
2026-09-15T00:00:00Z,CDU-A2,25.28,25.42,1800,1797
2026-09-15T00:00:00Z,CDU-A3,25.35,25.39,1799,1795
2026-09-15T00:00:00Z,CDU-A4,24.54,24.55,1803,1800
2026-09-15T00:00:00Z,CDU-B1,24.45,24.46,1791,1779
2026-09-15T00:00:00Z,CDU-B2,25.11,25.22,1794,1777
2026-09-15T00:00:00Z,CDU-B3,24.83,24.84,1808,1805
2026-09-15T00:00:00Z,CDU-B4,24.64,24.85,1805,1785
2026-09-15T01:00:00Z,CDU-A1,24.61,24.79,1792,1789
2026-09-15T01:00:00Z,CDU-A2,25.25,25.44,1807,1802
2026-09-15T01:00:00Z,CDU-A3,25.46,25.66,1817,1807
2026-09-15T01:00:00Z,CDU-A4,24.33,24.37,1803,1793
2026-09-15T01:00:00Z,CDU-B1,24.73,24.73,1804,1788
2026-09-15T01:00:00Z,CDU-B2,24.98,25.19,1806,1793
2026-09-15T01:00:00Z,CDU-B3,24.95,25.16,1793,1788
2026-09-15T01:00:00Z,CDU-B4,24.48,24.56,1787,1752
2026-09-15T02:00:00Z,CDU-A1,24.47,24.77,1794,1782
2026-09-15T02:00:00Z,CDU-A2,25.12,25.14,1795,1771
2026-09-15T02:00:00Z,CDU-A3,25.39,25.39,1798,1778
2026-09-15T02:00:00Z,CDU-A4,24.65,24.68,1787,1785
2026-09-15T02:00:00Z,CDU-B1,24.8,24.88,1805,1797
2026-09-15T02:00:00Z,CDU-B2,24.9,25.18,1809,1806
2026-09-15T02:00:00Z,CDU-B3,24.99,25.05,1812,1794
2026-09-15T02:00:00Z,CDU-B4,24.54,24.74,1794,1776
2026-09-15T03:00:00Z,CDU-A1,24.84,24.91,1802,1775
2026-09-15T03:00:00Z,CDU-A2,25.4,25.42,1804,1769
2026-09-15T03:00:00Z,CDU-A3,25.42,25.5,1799,1797
2026-09-15T03:00:00Z,CDU-A4,24.7,24.76,1799,1778
2026-09-15T03:00:00Z,CDU-B1,24.81,25.0,1773,1755
2026-09-15T03:00:00Z,CDU-B2,24.93,25.23,1803,1788
2026-09-15T03:00:00Z,CDU-B3,25.23,25.47,1800,1764
2026-09-15T03:00:00Z,CDU-B4,24.8,25.0,1794,1790
2026-09-15T04:00:00Z,CDU-A1,24.61,24.63,1802,1793
2026-09-15T04:00:00Z,CDU-A2,25.28,25.32,1802,1785
2026-09-15T04:00:00Z,CDU-A3,25.21,25.28,1807,1790
2026-09-15T04:00:00Z,CDU-A4,24.87,24.88,1815,1802
2026-09-15T04:00:00Z,CDU-B1,25.42,25.74,1801,1797
2026-09-15T04:00:00Z,CDU-B2,24.99,25.12,1790,1788
2026-09-15T04:00:00Z,CDU-B3,25.06,25.12,1797,1764
2026-09-15T04:00:00Z,CDU-B4,25.06,25.1,1799,1798
2026-09-15T05:00:00Z,CDU-A1,24.35,24.4,1790,1788
2026-09-15T05:00:00Z,CDU-A2,25.28,25.44,1808,1803
2026-09-15T05:00:00Z,CDU-A3,24.83,24.94,1807,1793
2026-09-15T05:00:00Z,CDU-A4,24.51,24.65,1808,1807
2026-09-15T05:00:00Z,CDU-B1,25.73,25.73,1804,1789
2026-09-15T05:00:00Z,CDU-B2,25.01,25.22,1805,1783
2026-09-15T05:00:00Z,CDU-B3,25.05,25.13,1790,1756
2026-09-15T05:00:00Z,CDU-B4,24.79,24.81,1782,1781
2026-09-15T06:00:00Z,CDU-A1,24.56,24.73,1792,1786
2026-09-15T06:00:00Z,CDU-A2,25.3,25.39,1810,1805
2026-09-15T06:00:00Z,CDU-A3,25.04,25.11,1799,1792
2026-09-15T06:00:00Z,CDU-A4,24.66,24.76,1797,1792
2026-09-15T06:00:00Z,CDU-B1,25.69,25.7,1783,1782
2026-09-15T06:00:00Z,CDU-B2,25.16,25.2,1780,1778
2026-09-15T06:00:00Z,CDU-B3,25.11,25.29,1794,1775
2026-09-15T06:00:00Z,CDU-B4,24.39,24.61,1801,1795
2026-09-15T07:00:00Z,CDU-A1,24.89,24.9,1808,1786
2026-09-15T07:00:00Z,CDU-A2,25.4,25.46,1793,1792
2026-09-15T07:00:00Z,CDU-A3,25.42,25.46,1791,1778
2026-09-15T07:00:00Z,CDU-A4,24.83,24.98,1799,1782
2026-09-15T07:00:00Z,CDU-B1,25.41,25.47,1803,1798
2026-09-15T07:00:00Z,CDU-B2,25.22,25.32,1812,1807
2026-09-15T07:00:00Z,CDU-B3,24.68,24.82,1814,1793
2026-09-15T07:00:00Z,CDU-B4,24.26,24.35,1788,1770
2026-09-15T08:00:00Z,CDU-A1,25.05,25.07,1819,1814
2026-09-15T08:00:00Z,CDU-A2,24.95,25.22,1792,1782
2026-09-15T08:00:00Z,CDU-A3,25.28,25.37,1807,1790
2026-09-15T08:00:00Z,CDU-A4,24.75,24.75,1796,1769
2026-09-15T08:00:00Z,CDU-B1,25.27,25.27,1792,1778
2026-09-15T08:00:00Z,CDU-B2,25.49,25.53,1790,1783
2026-09-15T08:00:00Z,CDU-B3,24.73,24.76,1792,1761
2026-09-15T08:00:00Z,CDU-B4,24.24,24.29,1799,1785
2026-09-15T09:00:00Z,CDU-A1,25.12,25.22,1791,1767
2026-09-15T09:00:00Z,CDU-A2,25.33,25.5,1811,1806
2026-09-15T09:00:00Z,CDU-A3,25.32,25.48,1803,1784
2026-09-15T09:00:00Z,CDU-A4,24.57,24.69,1805,1797
2026-09-15T09:00:00Z,CDU-B1,25.29,25.48,1818,1803
2026-09-15T09:00:00Z,CDU-B2,25.76,25.85,1810,1796
2026-09-15T09:00:00Z,CDU-B3,24.78,24.91,1782,1771
2026-09-15T09:00:00Z,CDU-B4,24.58,24.79,1788,1779
2026-09-15T10:00:00Z,CDU-A1,25.22,25.23,1813,1809
2026-09-15T10:00:00Z,CDU-A2,25.17,25.41,1800,1776
2026-09-15T10:00:00Z,CDU-A3,25.6,25.69,1782,1769
2026-09-15T10:00:00Z,CDU-A4,24.37,24.44,1793,1789
2026-09-15T10:00:00Z,CDU-B1,25.09,25.25,1789,1767
2026-09-15T10:00:00Z,CDU-B2,25.66,26.11,1796,1795
2026-09-15T10:00:00Z,CDU-B3,24.9,25.08,1802,1786
2026-09-15T10:00:00Z,CDU-B4,24.94,25.05,1790,1782
2026-09-15T11:00:00Z,CDU-A1,25.14,25.26,1796,1775
2026-09-15T11:00:00Z,CDU-A2,24.94,24.99,1810,1802
2026-09-15T11:00:00Z,CDU-A3,25.49,25.58,1803,1801
2026-09-15T11:00:00Z,CDU-A4,24.34,24.46,1792,1785
2026-09-15T11:00:00Z,CDU-B1,25.32,25.37,1786,1779
2026-09-15T11:00:00Z,CDU-B2,25.83,25.92,1799,1774
2026-09-15T11:00:00Z,CDU-B3,24.93,24.95,1805,1779
2026-09-15T11:00:00Z,CDU-B4,25.24,25.36,1777,1764
2026-09-15T12:00:00Z,CDU-A1,25.01,25.09,1797,1778
2026-09-15T12:00:00Z,CDU-A2,25.24,25.38,1792,1767
2026-09-15T12:00:00Z,CDU-A3,25.21,25.36,1798,1788
2026-09-15T12:00:00Z,CDU-A4,24.27,24.52,1805,1801
2026-09-15T12:00:00Z,CDU-B1,25.2,25.28,1794,1788
2026-09-15T12:00:00Z,CDU-B2,25.39,25.45,1804,1778
2026-09-15T12:00:00Z,CDU-B3,25.07,25.17,1804,1798
2026-09-15T12:00:00Z,CDU-B4,25.27,25.67,1815,1791
2026-09-15T13:00:00Z,CDU-A1,25.29,25.32,1818,1815
2026-09-15T13:00:00Z,CDU-A2,24.91,25.12,1796,1792
2026-09-15T13:00:00Z,CDU-A3,25.43,25.54,1800,1783
2026-09-15T13:00:00Z,CDU-A4,24.84,25.02,1791,1782
2026-09-15T13:00:00Z,CDU-B1,25.14,25.28,1800,1782
2026-09-15T13:00:00Z,CDU-B2,25.48,25.68,1796,1795
2026-09-15T13:00:00Z,CDU-B3,25.17,25.26,1790,1786
2026-09-15T13:00:00Z,CDU-B4,25.15,25.21,1789,1778
2026-09-15T14:00:00Z,CDU-A1,25.13,25.21,1790,1787
2026-09-15T14:00:00Z,CDU-A2,25.23,25.31,1802,1788
2026-09-15T14:00:00Z,CDU-A3,25.23,25.31,1809,1787
2026-09-15T14:00:00Z,CDU-A4,24.69,24.76,1791,1786
2026-09-15T14:00:00Z,CDU-B1,25.52,25.54,1798,1772
2026-09-15T14:00:00Z,CDU-B2,25.5,25.5,1795,1774
2026-09-15T14:00:00Z,CDU-B3,24.84,24.91,1811,1785
2026-09-15T14:00:00Z,CDU-B4,25.21,25.24,1823,1820
2026-09-15T15:00:00Z,CDU-A1,24.87,25.04,1795,1786
2026-09-15T15:00:00Z,CDU-A2,24.87,24.95,1808,1793
2026-09-15T15:00:00Z,CDU-A3,25.22,25.36,1805,1795
2026-09-15T15:00:00Z,CDU-A4,24.86,24.95,1815,1815
2026-09-15T15:00:00Z,CDU-B1,25.58,25.85,1795,1755
2026-09-15T15:00:00Z,CDU-B2,25.27,25.29,1790,1774
2026-09-15T15:00:00Z,CDU-B3,24.9,24.97,1810,1798
2026-09-15T15:00:00Z,CDU-B4,25.01,25.18,1794,1782
2026-09-15T16:00:00Z,CDU-A1,24.72,24.79,1810,1806
2026-09-15T16:00:00Z,CDU-A2,24.87,24.99,1802,1784
2026-09-15T16:00:00Z,CDU-A3,25.08,25.16,1807,1782
2026-09-15T16:00:00Z,CDU-A4,24.87,25.19,1791,1782
2026-09-15T16:00:00Z,CDU-B1,25.78,25.87,1814,1784
2026-09-15T16:00:00Z,CDU-B2,25.35,25.47,1795,1791
2026-09-15T16:00:00Z,CDU-B3,24.58,24.74,1798,1780
2026-09-15T16:00:00Z,CDU-B4,25.02,25.13,1785,1770
2026-09-15T17:00:00Z,CDU-A1,24.98,25.15,1807,1781
2026-09-15T17:00:00Z,CDU-A2,24.7,24.77,1791,1749
2026-09-15T17:00:00Z,CDU-A3,25.21,25.42,1803,1780
2026-09-15T17:00:00Z,CDU-A4,25.01,25.08,1791,1785
2026-09-15T17:00:00Z,CDU-B1,25.63,25.74,1806,1792
2026-09-15T17:00:00Z,CDU-B2,25.39,25.43,1818,1811
2026-09-15T17:00:00Z,CDU-B3,24.89,24.96,1783,1760
2026-09-15T17:00:00Z,CDU-B4,25.01,25.17,1798,1797
2026-09-15T18:00:00Z,CDU-A1,25.02,25.16,1812,1787
2026-09-15T18:00:00Z,CDU-A2,24.88,25.02,1804,1798
2026-09-15T18:00:00Z,CDU-A3,25.1,25.32,1791,1769
2026-09-15T18:00:00Z,CDU-A4,24.96,25.01,1795,1788
2026-09-15T18:00:00Z,CDU-B1,25.73,26.01,1811,1802
2026-09-15T18:00:00Z,CDU-B2,25.31,25.65,1785,1763
2026-09-15T18:00:00Z,CDU-B3,24.88,25.07,1816,1797
2026-09-15T18:00:00Z,CDU-B4,24.96,25.18,1806,1801
2026-09-15T19:00:00Z,CDU-A1,24.89,24.94,1804,1803
2026-09-15T19:00:00Z,CDU-A2,24.82,24.98,1813,1809
2026-09-15T19:00:00Z,CDU-A3,24.8,24.83,1819,1818
2026-09-15T19:00:00Z,CDU-A4,24.83,25.04,1810,1777
2026-09-15T19:00:00Z,CDU-B1,25.63,25.86,1794,1758
2026-09-15T19:00:00Z,CDU-B2,24.95,24.99,1790,1790
2026-09-15T19:00:00Z,CDU-B3,24.84,24.93,1803,1788
2026-09-15T19:00:00Z,CDU-B4,24.91,25.07,1801,1789
2026-09-15T20:00:00Z,CDU-A1,24.68,24.79,1803,1790
2026-09-15T20:00:00Z,CDU-A2,24.71,24.75,1796,1789
2026-09-15T20:00:00Z,CDU-A3,24.65,24.94,1803,1796
2026-09-15T20:00:00Z,CDU-A4,24.53,24.57,1789,1783
2026-09-15T20:00:00Z,CDU-B1,25.35,25.57,1801,1800
2026-09-15T20:00:00Z,CDU-B2,25.04,25.15,1801,1799
2026-09-15T20:00:00Z,CDU-B3,24.99,25.1,1788,1767
2026-09-15T20:00:00Z,CDU-B4,24.82,24.9,1824,1808
2026-09-15T21:00:00Z,CDU-A1,24.9,25.04,1811,1808
2026-09-15T21:00:00Z,CDU-A2,25.04,25.1,1797,1792
2026-09-15T21:00:00Z,CDU-A3,24.74,24.82,1790,1785
2026-09-15T21:00:00Z,CDU-A4,24.59,24.62,1797,1782
2026-09-15T21:00:00Z,CDU-B1,25.31,25.48,1779,1763
2026-09-15T21:00:00Z,CDU-B2,24.95,25.0,1816,1791
2026-09-15T21:00:00Z,CDU-B3,25.12,25.29,1789,1783
2026-09-15T21:00:00Z,CDU-B4,24.99,25.17,1794,1790
2026-09-15T22:00:00Z,CDU-A1,24.77,24.91,1804,1787
2026-09-15T22:00:00Z,CDU-A2,25.01,25.14,1789,1774
2026-09-15T22:00:00Z,CDU-A3,25.05,25.09,1805,1804
2026-09-15T22:00:00Z,CDU-A4,24.95,25.2,1801,1796
2026-09-15T22:00:00Z,CDU-B1,25.2,25.22,1786,1757
2026-09-15T22:00:00Z,CDU-B2,25.05,25.13,1791,1787
2026-09-15T22:00:00Z,CDU-B3,25.18,25.34,1777,1769
2026-09-15T22:00:00Z,CDU-B4,25.14,25.2,1793,1784
2026-09-15T23:00:00Z,CDU-A1,25.2,25.33,1798,1769
2026-09-15T23:00:00Z,CDU-A2,24.96,25.06,1801,1790
2026-09-15T23:00:00Z,CDU-A3,25.04,25.13,1779,1777
2026-09-15T23:00:00Z,CDU-A4,25.16,25.19,1795,1786
2026-09-15T23:00:00Z,CDU-B1,25.04,25.27,1795,1776
2026-09-15T23:00:00Z,CDU-B2,25.49,25.54,1805,1800
2026-09-15T23:00:00Z,CDU-B3,25.39,25.49,1810,1798
2026-09-15T23:00:00Z,CDU-B4,25.22,25.28,1830,1824
2026-09-16T00:00:00Z,CDU-A1,25.16,25.37,1808,1807
2026-09-16T00:00:00Z,CDU-A2,25.03,25.36,1813,1799
2026-09-16T00:00:00Z,CDU-A3,25.12,25.21,1796,1776
2026-09-16T00:00:00Z,CDU-A4,25.0,25.2,1808,1805
2026-09-16T00:00:00Z,CDU-B1,25.13,25.35,1802,1790
2026-09-16T00:00:00Z,CDU-B2,25.38,25.5,1806,1795
2026-09-16T00:00:00Z,CDU-B3,25.39,25.5,1784,1773
2026-09-16T00:00:00Z,CDU-B4,25.14,25.35,1807,1788
2026-09-16T01:00:00Z,CDU-A1,25.05,25.05,1807,1806
2026-09-16T01:00:00Z,CDU-A2,24.8,24.83,1796,1784
2026-09-16T01:00:00Z,CDU-A3,25.12,25.35,1802,1799
2026-09-16T01:00:00Z,CDU-A4,24.89,25.0,1795,1773
2026-09-16T01:00:00Z,CDU-B1,25.34,25.47,1797,1797
2026-09-16T01:00:00Z,CDU-B2,25.56,25.57,1792,1770
2026-09-16T01:00:00Z,CDU-B3,25.46,25.65,1798,1774
2026-09-16T01:00:00Z,CDU-B4,25.08,25.24,1795,1779
2026-09-16T02:00:00Z,CDU-A1,24.61,24.76,1797,1772
2026-09-16T02:00:00Z,CDU-A2,25.11,25.25,1790,1772
2026-09-16T02:00:00Z,CDU-A3,25.09,25.41,1797,1789
2026-09-16T02:00:00Z,CDU-A4,24.84,24.91,1787,1769
2026-09-16T02:00:00Z,CDU-B1,25.3,25.71,1786,1765
2026-09-16T02:00:00Z,CDU-B2,25.47,25.62,1806,1786
2026-09-16T02:00:00Z,CDU-B3,25.41,25.7,1783,1773
2026-09-16T02:00:00Z,CDU-B4,25.27,25.38,1811,1794
2026-09-16T03:00:00Z,CDU-A1,24.69,24.86,1798,1779
2026-09-16T03:00:00Z,CDU-A2,25.05,25.25,1808,1806
2026-09-16T03:00:00Z,CDU-A3,24.99,25.06,1774,1739
2026-09-16T03:00:00Z,CDU-A4,25.05,25.13,1803,1803
2026-09-16T03:00:00Z,CDU-B1,25.18,25.32,1789,1786
2026-09-16T03:00:00Z,CDU-B2,25.72,25.73,1804,1777
2026-09-16T03:00:00Z,CDU-B3,25.29,25.52,1800,1786
2026-09-16T03:00:00Z,CDU-B4,24.99,25.12,1804,1801
2026-09-16T04:00:00Z,CDU-A1,24.59,24.66,1808,1801
2026-09-16T04:00:00Z,CDU-A2,24.91,24.92,1803,1789
2026-09-16T04:00:00Z,CDU-A3,24.97,25.0,1798,1783
2026-09-16T04:00:00Z,CDU-A4,25.2,25.31,1791,1787
2026-09-16T04:00:00Z,CDU-B1,24.76,25.0,1804,1762
2026-09-16T04:00:00Z,CDU-B2,25.59,25.64,1794,1768
2026-09-16T04:00:00Z,CDU-B3,25.31,25.34,1812,1806
2026-09-16T04:00:00Z,CDU-B4,24.77,24.78,1802,1797
2026-09-16T05:00:00Z,CDU-A1,24.69,24.73,1810,1793
2026-09-16T05:00:00Z,CDU-A2,25.07,25.39,1811,1799
2026-09-16T05:00:00Z,CDU-A3,24.56,24.67,1792,1781
2026-09-16T05:00:00Z,CDU-A4,24.98,25.2,1803,1781
2026-09-16T05:00:00Z,CDU-B1,24.98,25.06,1785,1783
2026-09-16T05:00:00Z,CDU-B2,25.4,25.42,1802,1769
2026-09-16T05:00:00Z,CDU-B3,25.38,25.45,1797,1779
2026-09-16T05:00:00Z,CDU-B4,24.75,24.83,1793,1781
2026-09-16T06:00:00Z,CDU-A1,24.53,24.72,1802,1796
2026-09-16T06:00:00Z,CDU-A2,25.31,25.4,1817,1778
2026-09-16T06:00:00Z,CDU-A3,24.78,24.99,1795,1793
2026-09-16T06:00:00Z,CDU-A4,24.9,25.08,1785,1772
2026-09-16T06:00:00Z,CDU-B1,25.19,25.2,1791,1760
2026-09-16T06:00:00Z,CDU-B2,25.67,25.85,1790,1781
2026-09-16T06:00:00Z,CDU-B3,25.4,25.53,1809,1797
2026-09-16T06:00:00Z,CDU-B4,25.03,25.03,1814,1812
2026-09-16T07:00:00Z,CDU-A1,24.99,25.14,1793,1777
2026-09-16T07:00:00Z,CDU-A2,25.03,25.4,1800,1781
2026-09-16T07:00:00Z,CDU-A3,24.33,24.44,1789,1783
2026-09-16T07:00:00Z,CDU-A4,25.06,25.11,1798,1795
2026-09-16T07:00:00Z,CDU-B1,24.9,25.06,1804,1790
2026-09-16T07:00:00Z,CDU-B2,25.71,25.76,1803,1798
2026-09-16T07:00:00Z,CDU-B3,25.43,25.52,1799,1779
2026-09-16T07:00:00Z,CDU-B4,24.98,25.32,1788,1779
2026-09-16T08:00:00Z,CDU-A1,25.18,25.19,1807,1804
2026-09-16T08:00:00Z,CDU-A2,24.95,24.98,1783,1757
2026-09-16T08:00:00Z,CDU-A3,24.44,24.46,1814,1799
2026-09-16T08:00:00Z,CDU-A4,24.78,24.94,1795,1783
2026-09-16T08:00:00Z,CDU-B1,24.92,24.97,1787,1768
2026-09-16T08:00:00Z,CDU-B2,25.51,25.76,1804,1788
2026-09-16T08:00:00Z,CDU-B3,25.26,25.46,1800,1797
2026-09-16T08:00:00Z,CDU-B4,24.98,25.29,1796,1794
2026-09-16T09:00:00Z,CDU-A1,24.68,24.9,1795,1793
2026-09-16T09:00:00Z,CDU-A2,24.9,25.05,1807,1796
2026-09-16T09:00:00Z,CDU-A3,24.4,24.59,1793,1779
2026-09-16T09:00:00Z,CDU-A4,24.93,25.0,1802,1791
2026-09-16T09:00:00Z,CDU-B1,25.42,25.42,1805,1793
2026-09-16T09:00:00Z,CDU-B2,25.48,25.71,1793,1780
2026-09-16T09:00:00Z,CDU-B3,25.45,25.6,1790,1783
2026-09-16T09:00:00Z,CDU-B4,25.2,25.35,1791,1775
2026-09-16T10:00:00Z,CDU-A1,25.04,25.07,1781,1756
2026-09-16T10:00:00Z,CDU-A2,24.62,24.85,1800,1799
2026-09-16T10:00:00Z,CDU-A3,24.72,24.85,1810,1804
2026-09-16T10:00:00Z,CDU-A4,24.94,25.0,1792,1784
2026-09-16T10:00:00Z,CDU-B1,25.54,25.55,1789,1770
2026-09-16T10:00:00Z,CDU-B2,25.15,25.15,1809,1804
2026-09-16T10:00:00Z,CDU-B3,25.25,25.41,1792,1787
2026-09-16T10:00:00Z,CDU-B4,25.23,25.39,1817,1811
2026-09-16T11:00:00Z,CDU-A1,25.15,25.25,1798,1793
2026-09-16T11:00:00Z,CDU-A2,24.69,24.75,1804,1802
2026-09-16T11:00:00Z,CDU-A3,24.85,25.05,1802,1802
2026-09-16T11:00:00Z,CDU-A4,24.99,25.01,1797,1788
2026-09-16T11:00:00Z,CDU-B1,25.47,25.49,1818,1808
2026-09-16T11:00:00Z,CDU-B2,25.13,25.13,1795,1789
2026-09-16T11:00:00Z,CDU-B3,25.36,25.37,1806,1794
2026-09-16T11:00:00Z,CDU-B4,25.08,25.25,1784,1746
2026-09-16T12:00:00Z,CDU-A1,25.4,25.77,1819,1800
2026-09-16T12:00:00Z,CDU-A2,24.24,24.33,1790,1763
2026-09-16T12:00:00Z,CDU-A3,24.75,24.84,1799,1792
2026-09-16T12:00:00Z,CDU-A4,25.31,25.47,1786,1765
2026-09-16T12:00:00Z,CDU-B1,25.67,25.94,1784,1781
2026-09-16T12:00:00Z,CDU-B2,24.91,25.02,1792,1783
2026-09-16T12:00:00Z,CDU-B3,25.45,25.49,1793,1787
2026-09-16T12:00:00Z,CDU-B4,24.88,25.12,1802,1785
2026-09-16T13:00:00Z,CDU-A1,25.28,25.5,1804,1796
2026-09-16T13:00:00Z,CDU-A2,24.43,24.5,1793,1765
2026-09-16T13:00:00Z,CDU-A3,24.86,25.14,1800,1781
2026-09-16T13:00:00Z,CDU-A4,25.42,25.57,1795,1793
2026-09-16T13:00:00Z,CDU-B1,25.25,25.52,1816,1802
2026-09-16T13:00:00Z,CDU-B2,24.53,24.54,1801,1787
2026-09-16T13:00:00Z,CDU-B3,25.46,25.59,1821,1796
2026-09-16T13:00:00Z,CDU-B4,25.21,25.38,1784,1758
2026-09-16T14:00:00Z,CDU-A1,25.15,25.27,1806,1799
2026-09-16T14:00:00Z,CDU-A2,24.4,24.44,1798,1791
2026-09-16T14:00:00Z,CDU-A3,25.02,25.04,1789,1783
2026-09-16T14:00:00Z,CDU-A4,25.47,25.69,1804,1801
2026-09-16T14:00:00Z,CDU-B1,25.34,25.35,1810,1805
2026-09-16T14:00:00Z,CDU-B2,24.59,24.65,1798,1783
2026-09-16T14:00:00Z,CDU-B3,25.65,25.65,1791,1789
2026-09-16T14:00:00Z,CDU-B4,25.45,25.6,1789,1789
2026-09-16T15:00:00Z,CDU-A1,25.13,25.18,1775,1760
2026-09-16T15:00:00Z,CDU-A2,24.3,24.34,1793,1776
2026-09-16T15:00:00Z,CDU-A3,25.06,25.19,1818,1811
2026-09-16T15:00:00Z,CDU-A4,25.51,25.63,1806,1778
2026-09-16T15:00:00Z,CDU-B1,25.36,25.48,1805,1794
2026-09-16T15:00:00Z,CDU-B2,24.61,24.78,1797,1787
2026-09-16T15:00:00Z,CDU-B3,25.68,25.72,1797,1791
2026-09-16T15:00:00Z,CDU-B4,25.35,25.44,1798,1778
2026-09-16T16:00:00Z,CDU-A1,24.88,25.05,1800,1799
2026-09-16T16:00:00Z,CDU-A2,24.3,24.32,1806,1795
2026-09-16T16:00:00Z,CDU-A3,24.85,25.07,1800,1779
2026-09-16T16:00:00Z,CDU-A4,25.24,25.24,1789,1787
2026-09-16T16:00:00Z,CDU-B1,25.14,25.26,1801,1784
2026-09-16T16:00:00Z,CDU-B2,24.92,25.08,1806,1805
2026-09-16T16:00:00Z,CDU-B3,25.42,25.55,1794,1776
2026-09-16T16:00:00Z,CDU-B4,25.08,25.16,1783,1770
2026-09-16T17:00:00Z,CDU-A1,24.53,24.7,1807,1806
2026-09-16T17:00:00Z,CDU-A2,24.36,24.38,1797,1788
2026-09-16T17:00:00Z,CDU-A3,24.95,25.18,1784,1775
2026-09-16T17:00:00Z,CDU-A4,25.35,25.41,1804,1802
2026-09-16T17:00:00Z,CDU-B1,25.01,25.07,1799,1797
2026-09-16T17:00:00Z,CDU-B2,24.83,24.84,1813,1782
2026-09-16T17:00:00Z,CDU-B3,25.63,25.84,1814,1806
2026-09-16T17:00:00Z,CDU-B4,24.89,24.94,1776,1765
2026-09-16T18:00:00Z,CDU-A1,24.39,24.5,1797,1794
2026-09-16T18:00:00Z,CDU-A2,24.49,24.85,1801,1786
2026-09-16T18:00:00Z,CDU-A3,25.31,25.35,1794,1773
2026-09-16T18:00:00Z,CDU-A4,25.48,25.55,1809,1792
2026-09-16T18:00:00Z,CDU-B1,25.09,25.18,1805,1799
2026-09-16T18:00:00Z,CDU-B2,24.84,24.99,1806,1785
2026-09-16T18:00:00Z,CDU-B3,25.49,25.56,1810,1806
2026-09-16T18:00:00Z,CDU-B4,25.32,25.36,1799,1798
2026-09-16T19:00:00Z,CDU-A1,24.72,24.88,1805,1790
2026-09-16T19:00:00Z,CDU-A2,24.38,24.53,1792,1782
2026-09-16T19:00:00Z,CDU-A3,25.21,25.34,1817,1812
2026-09-16T19:00:00Z,CDU-A4,25.3,25.44,1803,1788
2026-09-16T19:00:00Z,CDU-B1,25.17,25.21,1793,1784
2026-09-16T19:00:00Z,CDU-B2,24.88,24.89,1789,1769
2026-09-16T19:00:00Z,CDU-B3,25.26,25.43,1807,1802
2026-09-16T19:00:00Z,CDU-B4,25.37,25.59,1794,1764
2026-09-16T20:00:00Z,CDU-A1,25.04,25.31,1792,1759
2026-09-16T20:00:00Z,CDU-A2,24.64,24.95,1800,1786
2026-09-16T20:00:00Z,CDU-A3,25.32,25.65,1800,1769
2026-09-16T20:00:00Z,CDU-A4,25.18,25.46,1781,1762
2026-09-16T20:00:00Z,CDU-B1,25.2,25.22,1795,1792
2026-09-16T20:00:00Z,CDU-B2,24.77,24.88,1797,1780
2026-09-16T20:00:00Z,CDU-B3,25.33,25.43,1801,1795
2026-09-16T20:00:00Z,CDU-B4,25.38,25.4,1809,1808
2026-09-16T21:00:00Z,CDU-A1,25.12,25.44,1809,1806
2026-09-16T21:00:00Z,CDU-A2,24.88,24.96,1787,1777
2026-09-16T21:00:00Z,CDU-A3,25.41,25.51,1807,1788
2026-09-16T21:00:00Z,CDU-A4,25.24,25.34,1787,1758
2026-09-16T21:00:00Z,CDU-B1,25.57,25.61,1798,1768
2026-09-16T21:00:00Z,CDU-B2,24.9,25.11,1791,1781
2026-09-16T21:00:00Z,CDU-B3,25.02,25.05,1806,1780
2026-09-16T21:00:00Z,CDU-B4,25.59,25.77,1788,1785
2026-09-16T22:00:00Z,CDU-A1,25.03,25.12,1811,1775
2026-09-16T22:00:00Z,CDU-A2,24.76,25.02,1801,1792
2026-09-16T22:00:00Z,CDU-A3,25.13,25.35,1787,1778
2026-09-16T22:00:00Z,CDU-A4,25.13,25.17,1803,1798
2026-09-16T22:00:00Z,CDU-B1,25.52,25.68,1778,1759
2026-09-16T22:00:00Z,CDU-B2,25.16,25.23,1788,1780
2026-09-16T22:00:00Z,CDU-B3,24.85,24.89,1806,1798
2026-09-16T22:00:00Z,CDU-B4,25.13,25.18,1792,1771
2026-09-16T23:00:00Z,CDU-A1,24.97,25.2,1795,1784
2026-09-16T23:00:00Z,CDU-A2,24.89,25.13,1797,1775
2026-09-16T23:00:00Z,CDU-A3,24.91,25.06,1807,1792
2026-09-16T23:00:00Z,CDU-A4,25.37,25.51,1799,1771
2026-09-16T23:00:00Z,CDU-B1,25.29,25.4,1804,1792
2026-09-16T23:00:00Z,CDU-B2,25.19,25.25,1805,1802
2026-09-16T23:00:00Z,CDU-B3,25.02,25.14,1801,1800
2026-09-16T23:00:00Z,CDU-B4,25.17,25.27,1795,1782
2026-09-17T00:00:00Z,CDU-A1,25.13,25.17,1807,1794
2026-09-17T00:00:00Z,CDU-A2,25.29,25.3,1800,1790
2026-09-17T00:00:00Z,CDU-A3,25.09,25.16,1797,1768
2026-09-17T00:00:00Z,CDU-A4,24.91,25.03,1817,1798
2026-09-17T00:00:00Z,CDU-B1,25.16,25.19,1801,1796
2026-09-17T00:00:00Z,CDU-B2,25.31,25.65,1791,1774
2026-09-17T00:00:00Z,CDU-B3,25.19,25.21,1804,1794
2026-09-17T00:00:00Z,CDU-B4,25.47,25.67,1815,1809
2026-09-17T01:00:00Z,CDU-A1,24.98,25.11,1800,1796
2026-09-17T01:00:00Z,CDU-A2,25.4,25.53,1806,1805
2026-09-17T01:00:00Z,CDU-A3,25.01,25.32,1795,1791
2026-09-17T01:00:00Z,CDU-A4,25.02,25.34,1796,1781
2026-09-17T01:00:00Z,CDU-B1,24.83,24.91,1801,1792
2026-09-17T01:00:00Z,CDU-B2,25.72,25.77,1814,1804
2026-09-17T01:00:00Z,CDU-B3,25.11,25.15,1804,1802
2026-09-17T01:00:00Z,CDU-B4,25.81,25.81,1794,1777
2026-09-17T02:00:00Z,CDU-A1,25.01,25.05,1805,1791
2026-09-17T02:00:00Z,CDU-A2,25.25,25.32,1790,1772
2026-09-17T02:00:00Z,CDU-A3,24.7,24.71,1822,1818
2026-09-17T02:00:00Z,CDU-A4,24.98,24.99,1813,1808
2026-09-17T02:00:00Z,CDU-B1,24.97,25.09,1794,1769
2026-09-17T02:00:00Z,CDU-B2,25.63,25.63,1799,1797
2026-09-17T02:00:00Z,CDU-B3,24.83,24.89,1824,1822
2026-09-17T02:00:00Z,CDU-B4,25.76,25.77,1794,1781
2026-09-17T03:00:00Z,CDU-A1,24.77,24.88,1807,1800
2026-09-17T03:00:00Z,CDU-A2,25.05,25.28,1797,1788
2026-09-17T03:00:00Z,CDU-A3,24.5,24.68,1807,1806
2026-09-17T03:00:00Z,CDU-A4,25.01,25.24,1796,1788
2026-09-17T03:00:00Z,CDU-B1,24.77,24.77,1819,1800
2026-09-17T03:00:00Z,CDU-B2,25.3,25.42,1802,1771
2026-09-17T03:00:00Z,CDU-B3,24.55,24.68,1800,1770
2026-09-17T03:00:00Z,CDU-B4,25.71,25.76,1806,1798
2026-09-17T04:00:00Z,CDU-A1,24.73,24.81,1803,1790
2026-09-17T04:00:00Z,CDU-A2,25.08,25.23,1799,1794
2026-09-17T04:00:00Z,CDU-A3,24.52,24.71,1815,1800
2026-09-17T04:00:00Z,CDU-A4,24.85,24.88,1811,1768
2026-09-17T04:00:00Z,CDU-B1,24.7,24.93,1787,1780
2026-09-17T04:00:00Z,CDU-B2,25.01,25.12,1803,1783
2026-09-17T04:00:00Z,CDU-B3,24.59,24.82,1802,1794
2026-09-17T04:00:00Z,CDU-B4,25.26,25.34,1808,1807
2026-09-17T05:00:00Z,CDU-A1,24.42,24.55,1816,1813
2026-09-17T05:00:00Z,CDU-A2,25.48,25.56,1823,1803
2026-09-17T05:00:00Z,CDU-A3,24.63,24.81,1803,1790
2026-09-17T05:00:00Z,CDU-A4,24.93,24.93,1810,1793
2026-09-17T05:00:00Z,CDU-B1,24.68,24.93,1814,1807
2026-09-17T05:00:00Z,CDU-B2,25.14,25.15,1803,1795
2026-09-17T05:00:00Z,CDU-B3,24.23,24.32,1787,1774
2026-09-17T05:00:00Z,CDU-B4,24.98,25.06,1809,1797
2026-09-17T06:00:00Z,CDU-A1,24.48,24.8,1802,1777
2026-09-17T06:00:00Z,CDU-A2,25.49,25.56,1789,1778
2026-09-17T06:00:00Z,CDU-A3,24.71,24.72,1795,1776
2026-09-17T06:00:00Z,CDU-A4,25.15,25.28,1816,1813
2026-09-17T06:00:00Z,CDU-B1,25.42,25.46,1814,1813
2026-09-17T06:00:00Z,CDU-B2,25.71,25.82,1797,1776
2026-09-17T06:00:00Z,CDU-B3,24.56,24.72,1804,1787
2026-09-17T06:00:00Z,CDU-B4,25.18,25.45,1817,1802
2026-09-17T07:00:00Z,CDU-A1,24.95,25.17,1801,1790
2026-09-17T07:00:00Z,CDU-A2,25.5,25.64,1808,1785
2026-09-17T07:00:00Z,CDU-A3,24.61,24.73,1804,1786
2026-09-17T07:00:00Z,CDU-A4,25.02,25.04,1806,1792
2026-09-17T07:00:00Z,CDU-B1,25.5,25.6,1807,1799
2026-09-17T07:00:00Z,CDU-B2,25.51,25.75,1780,1762
2026-09-17T07:00:00Z,CDU-B3,24.56,24.63,1785,1769
2026-09-17T07:00:00Z,CDU-B4,25.51,25.67,1815,1806
2026-09-17T08:00:00Z,CDU-A1,25.34,25.48,1795,1788
2026-09-17T08:00:00Z,CDU-A2,25.38,25.51,1795,1784
2026-09-17T08:00:00Z,CDU-A3,24.94,24.96,1795,1778
2026-09-17T08:00:00Z,CDU-A4,24.99,25.05,1797,1790
2026-09-17T08:00:00Z,CDU-B1,25.35,25.48,1810,1804
2026-09-17T08:00:00Z,CDU-B2,25.73,25.73,1813,1798
2026-09-17T08:00:00Z,CDU-B3,24.7,24.75,1788,1775
2026-09-17T08:00:00Z,CDU-B4,25.2,25.26,1825,1817
2026-09-17T09:00:00Z,CDU-A1,24.93,24.98,1805,1800
2026-09-17T09:00:00Z,CDU-A2,25.15,25.16,1783,1782
2026-09-17T09:00:00Z,CDU-A3,24.7,24.77,1793,1788
2026-09-17T09:00:00Z,CDU-A4,24.94,24.95,1793,1790
2026-09-17T09:00:00Z,CDU-B1,25.04,25.1,1811,1801
2026-09-17T09:00:00Z,CDU-B2,25.87,25.87,1803,1796
2026-09-17T09:00:00Z,CDU-B3,24.53,24.67,1804,1782
2026-09-17T09:00:00Z,CDU-B4,25.34,25.49,1794,1786
2026-09-17T10:00:00Z,CDU-A1,24.82,24.99,1810,1793
2026-09-17T10:00:00Z,CDU-A2,25.15,25.16,1800,1780
2026-09-17T10:00:00Z,CDU-A3,24.86,24.92,1813,1812
2026-09-17T10:00:00Z,CDU-A4,24.79,24.83,1794,1788
2026-09-17T10:00:00Z,CDU-B1,24.55,24.61,1811,1806
2026-09-17T10:00:00Z,CDU-B2,25.85,25.91,1818,1812
2026-09-17T10:00:00Z,CDU-B3,24.45,24.6,1798,1796
2026-09-17T10:00:00Z,CDU-B4,25.45,25.54,1798,1786
2026-09-17T11:00:00Z,CDU-A1,24.6,24.75,1786,1770
2026-09-17T11:00:00Z,CDU-A2,24.91,25.07,1802,1793
2026-09-17T11:00:00Z,CDU-A3,24.89,25.01,1802,1781
2026-09-17T11:00:00Z,CDU-A4,24.72,24.93,1782,1755
2026-09-17T11:00:00Z,CDU-B1,24.82,25.04,1788,1768
2026-09-17T11:00:00Z,CDU-B2,25.67,25.68,1805,1798
2026-09-17T11:00:00Z,CDU-B3,24.29,24.5,1790,1777
2026-09-17T11:00:00Z,CDU-B4,25.19,25.42,1802,1794
2026-09-17T12:00:00Z,CDU-A1,24.64,24.82,1810,1792
2026-09-17T12:00:00Z,CDU-A2,25.45,25.64,1807,1783
2026-09-17T12:00:00Z,CDU-A3,24.91,24.92,1787,1773
2026-09-17T12:00:00Z,CDU-A4,24.73,24.78,1798,1786
2026-09-17T12:00:00Z,CDU-B1,25.16,25.3,1806,1795
2026-09-17T12:00:00Z,CDU-B2,25.89,26.0,1792,1778
2026-09-17T12:00:00Z,CDU-B3,24.41,24.6,1794,1791
2026-09-17T12:00:00Z,CDU-B4,25.18,25.19,1797,1787
2026-09-17T13:00:00Z,CDU-A1,24.82,24.93,1790,1768
2026-09-17T13:00:00Z,CDU-A2,25.58,25.82,1795,1766
2026-09-17T13:00:00Z,CDU-A3,25.03,25.14,1806,1795
2026-09-17T13:00:00Z,CDU-A4,25.07,25.09,1797,1781
2026-09-17T13:00:00Z,CDU-B1,25.29,25.29,1801,1784
2026-09-17T13:00:00Z,CDU-B2,25.95,25.99,1791,1777
2026-09-17T13:00:00Z,CDU-B3,24.18,24.3,1802,1792
2026-09-17T13:00:00Z,CDU-B4,25.05,25.27,1787,1783
2026-09-17T14:00:00Z,CDU-A1,24.67,24.97,1795,1781
2026-09-17T14:00:00Z,CDU-A2,25.52,25.61,1788,1777
2026-09-17T14:00:00Z,CDU-A3,25.35,25.45,1814,1813
2026-09-17T14:00:00Z,CDU-A4,25.26,25.52,1802,1789
2026-09-17T14:00:00Z,CDU-B1,25.15,25.15,1822,1806
2026-09-17T14:00:00Z,CDU-B2,25.61,25.86,1792,1792
2026-09-17T14:00:00Z,CDU-B3,24.38,24.42,1805,1772
2026-09-17T14:00:00Z,CDU-B4,25.02,25.35,1782,1773
2026-09-17T15:00:00Z,CDU-A1,24.43,24.52,1800,1797
2026-09-17T15:00:00Z,CDU-A2,25.74,25.82,1790,1788
2026-09-17T15:00:00Z,CDU-A3,25.29,25.36,1786,1775
2026-09-17T15:00:00Z,CDU-A4,24.99,25.06,1809,1806
2026-09-17T15:00:00Z,CDU-B1,24.68,24.71,1810,1809
2026-09-17T15:00:00Z,CDU-B2,25.48,25.58,1801,1799
2026-09-17T15:00:00Z,CDU-B3,24.66,24.69,1789,1767
2026-09-17T15:00:00Z,CDU-B4,24.89,25.18,1782,1772
2026-09-17T16:00:00Z,CDU-A1,24.52,24.62,1825,1792
2026-09-17T16:00:00Z,CDU-A2,25.55,25.77,1792,1787
2026-09-17T16:00:00Z,CDU-A3,25.05,25.19,1801,1793
2026-09-17T16:00:00Z,CDU-A4,25.27,25.3,1810,1801
2026-09-17T16:00:00Z,CDU-B1,24.86,25.08,1799,1779
2026-09-17T16:00:00Z,CDU-B2,25.58,25.76,1783,1775
2026-09-17T16:00:00Z,CDU-B3,24.63,24.88,1793,1776
2026-09-17T16:00:00Z,CDU-B4,24.96,25.04,1806,1799
2026-09-17T17:00:00Z,CDU-A1,24.85,24.93,1797,1783
2026-09-17T17:00:00Z,CDU-A2,25.27,25.28,1810,1799
2026-09-17T17:00:00Z,CDU-A3,25.03,25.1,1804,1804
2026-09-17T17:00:00Z,CDU-A4,25.55,25.57,1804,1791
2026-09-17T17:00:00Z,CDU-B1,25.06,25.25,1790,1784
2026-09-17T17:00:00Z,CDU-B2,25.21,25.25,1793,1781
2026-09-17T17:00:00Z,CDU-B3,24.78,24.98,1813,1804
2026-09-17T17:00:00Z,CDU-B4,24.69,24.8,1788,1764
2026-09-17T18:00:00Z,CDU-A1,25.0,25.16,1792,1767
2026-09-17T18:00:00Z,CDU-A2,25.08,25.15,1808,1760
2026-09-17T18:00:00Z,CDU-A3,24.99,25.01,1795,1781
2026-09-17T18:00:00Z,CDU-A4,25.25,25.28,1802,1779
2026-09-17T18:00:00Z,CDU-B1,24.98,25.08,1807,1806
2026-09-17T18:00:00Z,CDU-B2,24.96,25.1,1789,1783
2026-09-17T18:00:00Z,CDU-B3,24.69,24.7,1784,1775
2026-09-17T18:00:00Z,CDU-B4,24.53,24.64,1802,1795
2026-09-17T19:00:00Z,CDU-A1,24.92,24.97,1793,1787
2026-09-17T19:00:00Z,CDU-A2,25.02,25.2,1809,1788
2026-09-17T19:00:00Z,CDU-A3,24.96,24.97,1813,1804
2026-09-17T19:00:00Z,CDU-A4,25.03,25.2,1798,1793
2026-09-17T19:00:00Z,CDU-B1,25.42,25.55,1809,1778
2026-09-17T19:00:00Z,CDU-B2,24.91,25.01,1819,1802
2026-09-17T19:00:00Z,CDU-B3,24.54,24.74,1805,1786
2026-09-17T19:00:00Z,CDU-B4,24.84,24.91,1807,1776
2026-09-17T20:00:00Z,CDU-A1,25.2,25.48,1813,1788
2026-09-17T20:00:00Z,CDU-A2,25.33,25.33,1793,1771
2026-09-17T20:00:00Z,CDU-A3,25.02,25.03,1792,1784
2026-09-17T20:00:00Z,CDU-A4,25.55,25.75,1802,1793
2026-09-17T20:00:00Z,CDU-B1,25.4,25.55,1797,1786
2026-09-17T20:00:00Z,CDU-B2,25.09,25.1,1789,1766
2026-09-17T20:00:00Z,CDU-B3,24.26,24.28,1798,1784
2026-09-17T20:00:00Z,CDU-B4,24.71,24.79,1815,1812
2026-09-17T21:00:00Z,CDU-A1,25.19,25.32,1811,1803
2026-09-17T21:00:00Z,CDU-A2,25.57,25.79,1793,1761
2026-09-17T21:00:00Z,CDU-A3,25.05,25.07,1805,1805
2026-09-17T21:00:00Z,CDU-A4,25.37,25.45,1790,1776
2026-09-17T21:00:00Z,CDU-B1,25.26,25.34,1807,1799
2026-09-17T21:00:00Z,CDU-B2,24.87,25.06,1811,1793
2026-09-17T21:00:00Z,CDU-B3,24.2,24.33,1806,1798
2026-09-17T21:00:00Z,CDU-B4,24.76,24.79,1808,1799
2026-09-17T22:00:00Z,CDU-A1,24.96,25.01,1800,1794
2026-09-17T22:00:00Z,CDU-A2,25.25,25.35,1798,1775
2026-09-17T22:00:00Z,CDU-A3,25.1,25.28,1802,1786
2026-09-17T22:00:00Z,CDU-A4,25.14,25.21,1813,1809
2026-09-17T22:00:00Z,CDU-B1,25.07,25.31,1804,1797
2026-09-17T22:00:00Z,CDU-B2,24.98,25.07,1806,1796
2026-09-17T22:00:00Z,CDU-B3,24.32,24.36,1780,1774
2026-09-17T22:00:00Z,CDU-B4,24.94,25.11,1805,1789
2026-09-17T23:00:00Z,CDU-A1,24.89,24.95,1794,1772
2026-09-17T23:00:00Z,CDU-A2,25.12,25.13,1822,1821
2026-09-17T23:00:00Z,CDU-A3,25.29,25.31,1790,1789
2026-09-17T23:00:00Z,CDU-A4,25.33,25.39,1820,1816
2026-09-17T23:00:00Z,CDU-B1,24.79,24.83,1805,1798
2026-09-17T23:00:00Z,CDU-B2,25.09,25.1,1802,1763
2026-09-17T23:00:00Z,CDU-B3,24.41,24.53,1792,1787
2026-09-17T23:00:00Z,CDU-B4,24.89,25.08,1804,1798
2026-09-18T00:00:00Z,CDU-A1,24.57,24.69,1796,1776
2026-09-18T00:00:00Z,CDU-A2,25.17,25.19,1809,1792
2026-09-18T00:00:00Z,CDU-A3,25.43,25.45,1801,1784
2026-09-18T00:00:00Z,CDU-A4,25.13,25.13,1780,1773
2026-09-18T00:00:00Z,CDU-B1,24.67,24.71,1805,1784
2026-09-18T00:00:00Z,CDU-B2,24.97,25.03,1804,1784
2026-09-18T00:00:00Z,CDU-B3,24.19,24.38,1805,1802
2026-09-18T00:00:00Z,CDU-B4,25.02,25.09,1802,1791
2026-09-18T01:00:00Z,CDU-A1,25.02,25.2,1809,1805
2026-09-18T01:00:00Z,CDU-A2,24.6,24.67,1791,1778
2026-09-18T01:00:00Z,CDU-A3,25.28,25.29,1801,1780
2026-09-18T01:00:00Z,CDU-A4,25.49,25.73,1808,1788
2026-09-18T01:00:00Z,CDU-B1,24.51,24.57,1800,1790
2026-09-18T01:00:00Z,CDU-B2,24.95,24.98,1796,1790
2026-09-18T01:00:00Z,CDU-B3,24.11,24.16,1793,1772
2026-09-18T01:00:00Z,CDU-B4,25.23,25.31,1812,1808
2026-09-18T02:00:00Z,CDU-A1,25.08,25.22,1803,1793
2026-09-18T02:00:00Z,CDU-A2,24.98,25.14,1803,1796
2026-09-18T02:00:00Z,CDU-A3,25.45,25.51,1803,1778
2026-09-18T02:00:00Z,CDU-A4,25.23,25.44,1795,1782
2026-09-18T02:00:00Z,CDU-B1,24.74,24.75,1796,1771
2026-09-18T02:00:00Z,CDU-B2,24.44,24.6,1816,1812
2026-09-18T02:00:00Z,CDU-B3,24.5,24.68,1790,1786
2026-09-18T02:00:00Z,CDU-B4,25.29,25.69,1789,1754
2026-09-18T03:00:00Z,CDU-A1,25.04,25.19,1797,1785
2026-09-18T03:00:00Z,CDU-A2,24.97,25.19,1811,1799
2026-09-18T03:00:00Z,CDU-A3,25.46,25.78,1803,1786
2026-09-18T03:00:00Z,CDU-A4,25.07,25.16,1792,1779
2026-09-18T03:00:00Z,CDU-B1,24.56,24.58,1802,1796
2026-09-18T03:00:00Z,CDU-B2,24.55,24.74,1793,1781
2026-09-18T03:00:00Z,CDU-B3,24.16,24.29,1806,1796
2026-09-18T03:00:00Z,CDU-B4,25.3,25.41,1801,1783
2026-09-18T04:00:00Z,CDU-A1,25.11,25.33,1793,1757
2026-09-18T04:00:00Z,CDU-A2,24.9,25.04,1788,1767
2026-09-18T04:00:00Z,CDU-A3,25.31,25.51,1799,1779
2026-09-18T04:00:00Z,CDU-A4,25.06,25.18,1803,1780
2026-09-18T04:00:00Z,CDU-B1,24.48,24.72,1794,1791
2026-09-18T04:00:00Z,CDU-B2,24.75,24.77,1809,1792
2026-09-18T04:00:00Z,CDU-B3,24.21,24.28,1814,1805
2026-09-18T04:00:00Z,CDU-B4,25.31,25.47,1804,1789
2026-09-18T05:00:00Z,CDU-A1,24.95,25.1,1804,1800
2026-09-18T05:00:00Z,CDU-A2,25.2,25.24,1804,1778
2026-09-18T05:00:00Z,CDU-A3,24.97,25.15,1805,1790
2026-09-18T05:00:00Z,CDU-A4,24.9,25.23,1810,1799
2026-09-18T05:00:00Z,CDU-B1,24.51,24.61,1797,1779
2026-09-18T05:00:00Z,CDU-B2,24.75,25.09,1797,1787
2026-09-18T05:00:00Z,CDU-B3,24.38,24.43,1794,1793
2026-09-18T05:00:00Z,CDU-B4,25.01,25.24,1800,1794
2026-09-18T06:00:00Z,CDU-A1,25.01,25.04,1792,1787
2026-09-18T06:00:00Z,CDU-A2,25.54,25.55,1794,1792
2026-09-18T06:00:00Z,CDU-A3,24.78,24.92,1807,1802
2026-09-18T06:00:00Z,CDU-A4,25.04,25.16,1814,1801
2026-09-18T06:00:00Z,CDU-B1,24.29,24.34,1801,1781
2026-09-18T06:00:00Z,CDU-B2,24.54,24.62,1806,1779
2026-09-18T06:00:00Z,CDU-B3,24.79,24.9,1798,1779
2026-09-18T06:00:00Z,CDU-B4,24.86,25.0,1803,1790
2026-09-18T07:00:00Z,CDU-A1,25.13,25.25,1798,1768
2026-09-18T07:00:00Z,CDU-A2,25.34,25.41,1780,1775
2026-09-18T07:00:00Z,CDU-A3,25.07,25.13,1800,1793
2026-09-18T07:00:00Z,CDU-A4,24.86,24.99,1802,1766
2026-09-18T07:00:00Z,CDU-B1,24.21,24.27,1794,1793
2026-09-18T07:00:00Z,CDU-B2,24.48,24.49,1802,1801
2026-09-18T07:00:00Z,CDU-B3,24.89,24.95,1809,1801
2026-09-18T07:00:00Z,CDU-B4,24.83,24.92,1802,1795
2026-09-18T08:00:00Z,CDU-A1,25.17,25.39,1781,1764
2026-09-18T08:00:00Z,CDU-A2,25.22,25.29,1793,1789
2026-09-18T08:00:00Z,CDU-A3,25.28,25.46,1807,1783
2026-09-18T08:00:00Z,CDU-A4,24.83,25.3,1820,1815
2026-09-18T08:00:00Z,CDU-B1,24.61,24.61,1802,1775
2026-09-18T08:00:00Z,CDU-B2,24.74,24.85,1810,1807
2026-09-18T08:00:00Z,CDU-B3,24.57,24.58,1787,1784
2026-09-18T08:00:00Z,CDU-B4,24.73,24.81,1810,1806
2026-09-18T09:00:00Z,CDU-A1,25.22,25.29,1793,1787
2026-09-18T09:00:00Z,CDU-A2,24.92,25.0,1794,1777
2026-09-18T09:00:00Z,CDU-A3,25.08,25.21,1806,1802
2026-09-18T09:00:00Z,CDU-A4,24.81,24.86,1804,1802
2026-09-18T09:00:00Z,CDU-B1,25.14,25.2,1802,1786
2026-09-18T09:00:00Z,CDU-B2,24.76,24.8,1802,1790
2026-09-18T09:00:00Z,CDU-B3,24.72,24.77,1787,1777
2026-09-18T09:00:00Z,CDU-B4,24.88,25.23,1794,1785
2026-09-18T10:00:00Z,CDU-A1,25.23,25.27,1791,1781
2026-09-18T10:00:00Z,CDU-A2,24.82,24.92,1807,1797
2026-09-18T10:00:00Z,CDU-A3,25.04,25.18,1796,1793
2026-09-18T10:00:00Z,CDU-A4,25.14,25.39,1809,1802
2026-09-18T10:00:00Z,CDU-B1,25.11,25.14,1811,1808
2026-09-18T10:00:00Z,CDU-B2,24.76,24.84,1805,1802
2026-09-18T10:00:00Z,CDU-B3,24.51,24.62,1825,1801
2026-09-18T10:00:00Z,CDU-B4,24.82,24.87,1790,1787
2026-09-18T11:00:00Z,CDU-A1,25.42,25.44,1801,1797
2026-09-18T11:00:00Z,CDU-A2,24.39,24.47,1794,1789
2026-09-18T11:00:00Z,CDU-A3,24.76,24.77,1807,1802
2026-09-18T11:00:00Z,CDU-A4,24.76,24.92,1771,1729
2026-09-18T11:00:00Z,CDU-B1,24.75,24.8,1804,1800
2026-09-18T11:00:00Z,CDU-B2,24.41,24.57,1807,1789
2026-09-18T11:00:00Z,CDU-B3,24.71,24.8,1805,1799
2026-09-18T11:00:00Z,CDU-B4,24.84,24.89,1782,1760
2026-09-18T12:00:00Z,CDU-A1,25.17,25.47,1792,1768
2026-09-18T12:00:00Z,CDU-A2,24.63,24.68,1788,1783
2026-09-18T12:00:00Z,CDU-A3,24.81,24.98,1787,1766
2026-09-18T12:00:00Z,CDU-A4,24.81,24.93,1798,1782
2026-09-18T12:00:00Z,CDU-B1,25.06,25.3,1803,1798
2026-09-18T12:00:00Z,CDU-B2,24.49,24.76,1820,1812
2026-09-18T12:00:00Z,CDU-B3,24.6,24.73,1799,1779
2026-09-18T12:00:00Z,CDU-B4,24.81,24.9,1793,1770
2026-09-18T13:00:00Z,CDU-A1,25.33,25.41,1804,1801
2026-09-18T13:00:00Z,CDU-A2,24.78,24.88,1813,1784
2026-09-18T13:00:00Z,CDU-A3,24.76,24.97,1798,1778
2026-09-18T13:00:00Z,CDU-A4,24.88,24.93,1798,1794
2026-09-18T13:00:00Z,CDU-B1,25.04,25.06,1802,1788
2026-09-18T13:00:00Z,CDU-B2,24.8,24.87,1794,1776
2026-09-18T13:00:00Z,CDU-B3,24.49,24.5,1799,1780
2026-09-18T13:00:00Z,CDU-B4,24.83,24.92,1799,1781
2026-09-18T14:00:00Z,CDU-A1,25.24,25.49,1805,1773
2026-09-18T14:00:00Z,CDU-A2,24.65,24.73,1803,1796
2026-09-18T14:00:00Z,CDU-A3,24.85,24.95,1805,1774
2026-09-18T14:00:00Z,CDU-A4,24.84,24.86,1810,1794
2026-09-18T14:00:00Z,CDU-B1,25.1,25.23,1798,1793
2026-09-18T14:00:00Z,CDU-B2,25.21,25.36,1811,1809
2026-09-18T14:00:00Z,CDU-B3,24.5,24.51,1806,1797
2026-09-18T14:00:00Z,CDU-B4,24.77,24.97,1802,1785
2026-09-18T15:00:00Z,CDU-A1,25.02,25.06,1789,1757
2026-09-18T15:00:00Z,CDU-A2,24.68,24.86,1805,1804
2026-09-18T15:00:00Z,CDU-A3,24.98,25.19,1809,1792
2026-09-18T15:00:00Z,CDU-A4,24.72,24.77,1808,1800
2026-09-18T15:00:00Z,CDU-B1,25.1,25.12,1799,1798
2026-09-18T15:00:00Z,CDU-B2,25.12,25.16,1797,1788
2026-09-18T15:00:00Z,CDU-B3,24.5,24.62,1800,1793
2026-09-18T15:00:00Z,CDU-B4,24.61,24.7,1812,1788
2026-09-18T16:00:00Z,CDU-A1,25.21,25.27,1814,1792
2026-09-18T16:00:00Z,CDU-A2,24.49,24.56,1809,1791
2026-09-18T16:00:00Z,CDU-A3,24.95,25.06,1802,1779
2026-09-18T16:00:00Z,CDU-A4,24.81,24.83,1794,1794
2026-09-18T16:00:00Z,CDU-B1,25.19,25.24,1792,1790
2026-09-18T16:00:00Z,CDU-B2,24.92,24.94,1811,1792
2026-09-18T16:00:00Z,CDU-B3,24.65,24.71,1780,1769
2026-09-18T16:00:00Z,CDU-B4,24.39,24.57,1785,1772
2026-09-18T17:00:00Z,CDU-A1,25.12,25.26,1810,1804
2026-09-18T17:00:00Z,CDU-A2,24.42,24.53,1801,1790
2026-09-18T17:00:00Z,CDU-A3,24.97,25.15,1794,1785
2026-09-18T17:00:00Z,CDU-A4,24.51,24.7,1798,1786
2026-09-18T17:00:00Z,CDU-B1,25.14,25.2,1800,1785
2026-09-18T17:00:00Z,CDU-B2,25.19,25.37,1802,1794
2026-09-18T17:00:00Z,CDU-B3,24.73,24.77,1802,1783
2026-09-18T17:00:00Z,CDU-B4,24.43,24.44,1800,1797
2026-09-18T18:00:00Z,CDU-A1,25.22,25.24,1810,1806
2026-09-18T18:00:00Z,CDU-A2,24.95,25.06,1797,1786
2026-09-18T18:00:00Z,CDU-A3,24.84,24.89,1792,1762
2026-09-18T18:00:00Z,CDU-A4,24.48,24.56,1821,1814
2026-09-18T18:00:00Z,CDU-B1,25.2,25.29,1816,1814
2026-09-18T18:00:00Z,CDU-B2,25.44,25.66,1793,1781
2026-09-18T18:00:00Z,CDU-B3,24.78,24.81,1796,1795
2026-09-18T18:00:00Z,CDU-B4,24.69,24.72,1792,1785
2026-09-18T19:00:00Z,CDU-A1,24.93,25.01,1809,1806
2026-09-18T19:00:00Z,CDU-A2,24.8,24.87,1799,1788
2026-09-18T19:00:00Z,CDU-A3,24.39,24.56,1808,1779
2026-09-18T19:00:00Z,CDU-A4,24.69,24.75,1804,1795
2026-09-18T19:00:00Z,CDU-B1,24.93,25.05,1809,1803
2026-09-18T19:00:00Z,CDU-B2,25.47,25.69,1804,1790
2026-09-18T19:00:00Z,CDU-B3,25.03,25.1,1808,1800
2026-09-18T19:00:00Z,CDU-B4,25.2,25.22,1792,1785
2026-09-18T20:00:00Z,CDU-A1,24.7,24.85,1806,1796
2026-09-18T20:00:00Z,CDU-A2,24.62,24.78,1812,1803
2026-09-18T20:00:00Z,CDU-A3,24.27,24.46,1810,1808
2026-09-18T20:00:00Z,CDU-A4,24.56,24.66,1802,1786
2026-09-18T20:00:00Z,CDU-B1,24.7,24.86,1815,1792
2026-09-18T20:00:00Z,CDU-B2,25.06,25.07,1809,1788
2026-09-18T20:00:00Z,CDU-B3,25.07,25.3,1789,1779
2026-09-18T20:00:00Z,CDU-B4,25.04,25.38,1808,1804
2026-09-18T21:00:00Z,CDU-A1,24.33,24.72,1802,1780
2026-09-18T21:00:00Z,CDU-A2,25.07,25.11,1806,1805
2026-09-18T21:00:00Z,CDU-A3,24.42,24.42,1788,1768
2026-09-18T21:00:00Z,CDU-A4,24.7,24.9,1798,1792
2026-09-18T21:00:00Z,CDU-B1,24.46,24.61,1819,1811
2026-09-18T21:00:00Z,CDU-B2,24.85,24.87,1808,1789
2026-09-18T21:00:00Z,CDU-B3,24.85,24.96,1797,1772
2026-09-18T21:00:00Z,CDU-B4,25.18,25.23,1788,1774
2026-09-18T22:00:00Z,CDU-A1,24.08,24.29,1798,1781
2026-09-18T22:00:00Z,CDU-A2,25.11,25.34,1800,1799
2026-09-18T22:00:00Z,CDU-A3,24.98,25.01,1821,1820
2026-09-18T22:00:00Z,CDU-A4,25.11,25.34,1798,1791
2026-09-18T22:00:00Z,CDU-B1,24.42,24.51,1782,1776
2026-09-18T22:00:00Z,CDU-B2,24.95,25.12,1806,1792
2026-09-18T22:00:00Z,CDU-B3,24.87,24.88,1818,1814
2026-09-18T22:00:00Z,CDU-B4,25.01,25.16,1816,1805
2026-09-18T23:00:00Z,CDU-A1,24.45,24.48,1784,1783
2026-09-18T23:00:00Z,CDU-A2,25.18,25.46,1793,1766
2026-09-18T23:00:00Z,CDU-A3,24.99,25.01,1809,1788
2026-09-18T23:00:00Z,CDU-A4,25.31,25.43,1806,1798
2026-09-18T23:00:00Z,CDU-B1,24.72,25.04,1794,1785
2026-09-18T23:00:00Z,CDU-B2,25.17,25.2,1803,1791
2026-09-18T23:00:00Z,CDU-B3,24.64,24.66,1800,1798
2026-09-18T23:00:00Z,CDU-B4,25.16,25.41,1807,1806
2026-09-19T00:00:00Z,CDU-A1,24.63,24.66,1804,1795
2026-09-19T00:00:00Z,CDU-A2,25.22,25.25,1818,1812
2026-09-19T00:00:00Z,CDU-A3,24.9,25.13,1801,1797
2026-09-19T00:00:00Z,CDU-A4,24.69,24.73,1809,1803
2026-09-19T00:00:00Z,CDU-B1,24.88,24.92,1788,1786
2026-09-19T00:00:00Z,CDU-B2,24.87,25.33,1806,1790
2026-09-19T00:00:00Z,CDU-B3,24.67,24.95,1785,1758
2026-09-19T00:00:00Z,CDU-B4,25.16,25.23,1803,1793
2026-09-19T01:00:00Z,CDU-A1,24.63,24.89,1818,1812
2026-09-19T01:00:00Z,CDU-A2,25.19,25.38,1801,1800
2026-09-19T01:00:00Z,CDU-A3,24.88,24.98,1801,1793
2026-09-19T01:00:00Z,CDU-A4,24.43,24.49,1796,1777
2026-09-19T01:00:00Z,CDU-B1,24.7,24.71,1796,1778
2026-09-19T01:00:00Z,CDU-B2,25.13,25.24,1805,1783
2026-09-19T01:00:00Z,CDU-B3,24.58,24.66,1810,1788
2026-09-19T01:00:00Z,CDU-B4,24.99,25.07,1785,1780
2026-09-19T02:00:00Z,CDU-A1,25.11,25.18,1793,1781
2026-09-19T02:00:00Z,CDU-A2,24.94,25.01,1799,1780
2026-09-19T02:00:00Z,CDU-A3,24.73,24.8,1792,1787
2026-09-19T02:00:00Z,CDU-A4,24.87,24.97,1798,1767
2026-09-19T02:00:00Z,CDU-B1,24.69,24.82,1799,1770
2026-09-19T02:00:00Z,CDU-B2,25.33,25.56,1791,1755
2026-09-19T02:00:00Z,CDU-B3,24.62,24.99,1807,1802
2026-09-19T02:00:00Z,CDU-B4,25.51,25.73,1803,1801
2026-09-19T03:00:00Z,CDU-A1,25.44,25.56,1804,1804
2026-09-19T03:00:00Z,CDU-A2,24.94,24.97,1791,1786
2026-09-19T03:00:00Z,CDU-A3,24.97,25.17,1808,1779
2026-09-19T03:00:00Z,CDU-A4,24.98,25.13,1811,1806
2026-09-19T03:00:00Z,CDU-B1,24.6,24.76,1809,1793
2026-09-19T03:00:00Z,CDU-B2,25.14,25.29,1797,1775
2026-09-19T03:00:00Z,CDU-B3,24.7,24.7,1796,1778
2026-09-19T03:00:00Z,CDU-B4,25.17,25.35,1799,1783
2026-09-19T04:00:00Z,CDU-A1,25.06,25.12,1794,1773
2026-09-19T04:00:00Z,CDU-A2,25.09,25.27,1802,1800
2026-09-19T04:00:00Z,CDU-A3,25.0,25.02,1787,1762
2026-09-19T04:00:00Z,CDU-A4,25.31,25.61,1804,1786
2026-09-19T04:00:00Z,CDU-B1,24.58,24.97,1799,1775
2026-09-19T04:00:00Z,CDU-B2,25.32,25.47,1787,1759
2026-09-19T04:00:00Z,CDU-B3,25.0,25.01,1807,1804
2026-09-19T04:00:00Z,CDU-B4,25.47,25.49,1812,1772
2026-09-19T05:00:00Z,CDU-A1,25.05,25.34,1791,1779
2026-09-19T05:00:00Z,CDU-A2,25.03,25.14,1812,1782
2026-09-19T05:00:00Z,CDU-A3,25.22,25.26,1806,1798
2026-09-19T05:00:00Z,CDU-A4,25.3,25.37,1817,1814
2026-09-19T05:00:00Z,CDU-B1,24.44,24.66,1815,1794
2026-09-19T05:00:00Z,CDU-B2,25.25,25.33,1794,1783
2026-09-19T05:00:00Z,CDU-B3,24.84,24.84,1788,1780
2026-09-19T05:00:00Z,CDU-B4,25.81,25.89,1784,1768
2026-09-19T06:00:00Z,CDU-A1,25.01,25.02,1811,1805
2026-09-19T06:00:00Z,CDU-A2,25.24,25.3,1809,1804
2026-09-19T06:00:00Z,CDU-A3,24.92,24.96,1797,1788
2026-09-19T06:00:00Z,CDU-A4,25.15,25.34,1799,1797
2026-09-19T06:00:00Z,CDU-B1,24.79,25.05,1786,1779
2026-09-19T06:00:00Z,CDU-B2,25.12,25.21,1807,1788
2026-09-19T06:00:00Z,CDU-B3,24.89,24.92,1785,1778
2026-09-19T06:00:00Z,CDU-B4,25.53,25.63,1796,1793
2026-09-19T07:00:00Z,CDU-A1,25.1,25.13,1804,1794
2026-09-19T07:00:00Z,CDU-A2,25.14,25.14,1794,1780
2026-09-19T07:00:00Z,CDU-A3,24.92,25.03,1794,1778
2026-09-19T07:00:00Z,CDU-A4,25.23,25.31,1795,1794
2026-09-19T07:00:00Z,CDU-B1,24.88,25.04,1793,1784
2026-09-19T07:00:00Z,CDU-B2,25.01,25.17,1796,1786
2026-09-19T07:00:00Z,CDU-B3,24.55,24.72,1802,1798
2026-09-19T07:00:00Z,CDU-B4,25.63,25.66,1795,1792
2026-09-19T08:00:00Z,CDU-A1,25.17,25.37,1806,1806
2026-09-19T08:00:00Z,CDU-A2,25.24,25.36,1803,1792
2026-09-19T08:00:00Z,CDU-A3,25.05,25.19,1810,1805
2026-09-19T08:00:00Z,CDU-A4,25.29,25.38,1810,1779
2026-09-19T08:00:00Z,CDU-B1,25.22,25.41,1797,1785
2026-09-19T08:00:00Z,CDU-B2,25.08,25.15,1815,1811
2026-09-19T08:00:00Z,CDU-B3,24.53,24.65,1792,1785
2026-09-19T08:00:00Z,CDU-B4,25.69,25.92,1793,1782
2026-09-19T09:00:00Z,CDU-A1,24.95,25.01,1809,1809
2026-09-19T09:00:00Z,CDU-A2,25.13,25.42,1790,1778
2026-09-19T09:00:00Z,CDU-A3,25.07,25.09,1798,1776
2026-09-19T09:00:00Z,CDU-A4,25.48,25.61,1798,1795
2026-09-19T09:00:00Z,CDU-B1,25.0,25.23,1798,1794
2026-09-19T09:00:00Z,CDU-B2,25.26,25.35,1784,1769
2026-09-19T09:00:00Z,CDU-B3,24.79,24.94,1795,1763
2026-09-19T09:00:00Z,CDU-B4,25.18,25.18,1807,1793
2026-09-19T10:00:00Z,CDU-A1,24.86,25.07,1795,1782
2026-09-19T10:00:00Z,CDU-A2,25.39,25.55,1797,1794
2026-09-19T10:00:00Z,CDU-A3,24.99,25.07,1810,1803
2026-09-19T10:00:00Z,CDU-A4,25.24,25.53,1811,1797
2026-09-19T10:00:00Z,CDU-B1,25.11,25.42,1813,1793
2026-09-19T10:00:00Z,CDU-B2,25.27,25.3,1805,1800
2026-09-19T10:00:00Z,CDU-B3,24.71,24.87,1791,1787
2026-09-19T10:00:00Z,CDU-B4,25.39,25.48,1792,1785
2026-09-19T11:00:00Z,CDU-A1,24.81,24.87,1799,1783
2026-09-19T11:00:00Z,CDU-A2,25.23,25.49,1785,1782
2026-09-19T11:00:00Z,CDU-A3,24.8,25.04,1802,1784
2026-09-19T11:00:00Z,CDU-A4,25.22,25.39,1797,1795
2026-09-19T11:00:00Z,CDU-B1,25.16,25.19,1783,1770
2026-09-19T11:00:00Z,CDU-B2,25.11,25.11,1818,1807
2026-09-19T11:00:00Z,CDU-B3,24.74,24.74,1818,1808
2026-09-19T11:00:00Z,CDU-B4,25.3,25.42,1806,1794
2026-09-19T12:00:00Z,CDU-A1,24.61,25.04,1798,1772
2026-09-19T12:00:00Z,CDU-A2,25.17,25.21,1795,1792
2026-09-19T12:00:00Z,CDU-A3,24.77,24.82,1789,1778
2026-09-19T12:00:00Z,CDU-A4,25.11,25.13,1798,1794
2026-09-19T12:00:00Z,CDU-B1,25.26,25.46,1808,1800
2026-09-19T12:00:00Z,CDU-B2,25.18,25.26,1793,1782
2026-09-19T12:00:00Z,CDU-B3,24.97,25.11,1811,1801
2026-09-19T12:00:00Z,CDU-B4,25.35,25.51,1804,1804
2026-09-19T13:00:00Z,CDU-A1,24.15,24.16,1811,1799
2026-09-19T13:00:00Z,CDU-A2,25.3,25.41,1792,1787
2026-09-19T13:00:00Z,CDU-A3,24.95,25.02,1800,1786
2026-09-19T13:00:00Z,CDU-A4,25.09,25.18,1808,1804
2026-09-19T13:00:00Z,CDU-B1,24.99,25.04,1798,1791
2026-09-19T13:00:00Z,CDU-B2,25.22,25.57,1800,1786
2026-09-19T13:00:00Z,CDU-B3,24.53,24.65,1784,1770
2026-09-19T13:00:00Z,CDU-B4,25.34,25.46,1800,1782
2026-09-19T14:00:00Z,CDU-A1,24.17,24.32,1798,1792
2026-09-19T14:00:00Z,CDU-A2,25.22,25.42,1818,1809
2026-09-19T14:00:00Z,CDU-A3,24.8,24.86,1806,1786
2026-09-19T14:00:00Z,CDU-A4,24.84,24.95,1804,1765
2026-09-19T14:00:00Z,CDU-B1,24.96,25.22,1805,1777
2026-09-19T14:00:00Z,CDU-B2,24.98,25.0,1802,1796
2026-09-19T14:00:00Z,CDU-B3,24.7,24.78,1801,1794
2026-09-19T14:00:00Z,CDU-B4,24.86,24.89,1803,1764
2026-09-19T15:00:00Z,CDU-A1,24.22,24.35,1808,1806
2026-09-19T15:00:00Z,CDU-A2,24.96,25.1,1809,1802
2026-09-19T15:00:00Z,CDU-A3,24.83,24.89,1813,1806
2026-09-19T15:00:00Z,CDU-A4,24.98,25.03,1803,1787
2026-09-19T15:00:00Z,CDU-B1,25.45,25.76,1819,1806
2026-09-19T15:00:00Z,CDU-B2,25.27,25.5,1798,1773
2026-09-19T15:00:00Z,CDU-B3,24.69,24.73,1795,1789
2026-09-19T15:00:00Z,CDU-B4,24.95,25.06,1802,1792
2026-09-19T16:00:00Z,CDU-A1,24.42,24.56,1799,1785
2026-09-19T16:00:00Z,CDU-A2,24.87,24.98,1780,1753
2026-09-19T16:00:00Z,CDU-A3,24.88,24.89,1784,1778
2026-09-19T16:00:00Z,CDU-A4,24.78,24.81,1813,1807
2026-09-19T16:00:00Z,CDU-B1,25.48,25.63,1806,1798
2026-09-19T16:00:00Z,CDU-B2,25.39,25.52,1808,1783
2026-09-19T16:00:00Z,CDU-B3,24.9,24.96,1809,1808
2026-09-19T16:00:00Z,CDU-B4,25.21,25.24,1791,1786
2026-09-19T17:00:00Z,CDU-A1,24.81,24.85,1825,1820
2026-09-19T17:00:00Z,CDU-A2,25.0,25.04,1802,1789
2026-09-19T17:00:00Z,CDU-A3,24.76,24.91,1803,1792
2026-09-19T17:00:00Z,CDU-A4,24.45,24.48,1811,1791
2026-09-19T17:00:00Z,CDU-B1,25.32,25.35,1799,1796
2026-09-19T17:00:00Z,CDU-B2,25.51,25.58,1804,1800
2026-09-19T17:00:00Z,CDU-B3,25.3,25.34,1791,1770
2026-09-19T17:00:00Z,CDU-B4,25.32,25.32,1798,1792
2026-09-19T18:00:00Z,CDU-A1,24.39,24.4,1807,1800
2026-09-19T18:00:00Z,CDU-A2,24.82,24.96,1792,1782
2026-09-19T18:00:00Z,CDU-A3,24.97,25.06,1791,1788
2026-09-19T18:00:00Z,CDU-A4,24.32,24.42,1810,1803
2026-09-19T18:00:00Z,CDU-B1,25.23,25.31,1799,1788
2026-09-19T18:00:00Z,CDU-B2,25.27,25.31,1795,1784
2026-09-19T18:00:00Z,CDU-B3,25.04,25.37,1800,1787
2026-09-19T18:00:00Z,CDU-B4,25.34,25.51,1809,1806
2026-09-19T19:00:00Z,CDU-A1,24.49,24.53,1801,1795
2026-09-19T19:00:00Z,CDU-A2,25.03,25.14,1807,1803
2026-09-19T19:00:00Z,CDU-A3,25.1,25.17,1798,1786
2026-09-19T19:00:00Z,CDU-A4,24.34,24.6,1791,1769
2026-09-19T19:00:00Z,CDU-B1,24.95,24.98,1810,1803
2026-09-19T19:00:00Z,CDU-B2,25.16,25.48,1810,1791
2026-09-19T19:00:00Z,CDU-B3,25.16,25.44,1784,1776
2026-09-19T19:00:00Z,CDU-B4,25.42,25.75,1813,1810
2026-09-19T20:00:00Z,CDU-A1,24.48,24.58,1791,1785
2026-09-19T20:00:00Z,CDU-A2,24.9,25.04,1796,1787
2026-09-19T20:00:00Z,CDU-A3,24.97,25.21,1798,1770
2026-09-19T20:00:00Z,CDU-A4,24.46,24.7,1797,1784
2026-09-19T20:00:00Z,CDU-B1,25.16,25.29,1798,1786
2026-09-19T20:00:00Z,CDU-B2,24.94,25.05,1818,1814
2026-09-19T20:00:00Z,CDU-B3,25.05,25.18,1791,1775
2026-09-19T20:00:00Z,CDU-B4,25.21,25.32,1803,1780
2026-09-19T21:00:00Z,CDU-A1,24.79,25.12,1798,1797
2026-09-19T21:00:00Z,CDU-A2,24.91,24.99,1806,1779
2026-09-19T21:00:00Z,CDU-A3,24.71,24.83,1798,1779
2026-09-19T21:00:00Z,CDU-A4,24.3,24.37,1793,1781
2026-09-19T21:00:00Z,CDU-B1,25.08,25.25,1806,1793
2026-09-19T21:00:00Z,CDU-B2,24.69,24.73,1822,1812
2026-09-19T21:00:00Z,CDU-B3,25.31,25.37,1813,1803
2026-09-19T21:00:00Z,CDU-B4,25.35,25.46,1790,1783
2026-09-19T22:00:00Z,CDU-A1,24.85,25.2,1807,1789
2026-09-19T22:00:00Z,CDU-A2,25.09,25.2,1807,1790
2026-09-19T22:00:00Z,CDU-A3,24.55,24.56,1809,1799
2026-09-19T22:00:00Z,CDU-A4,24.47,24.57,1781,1757
2026-09-19T22:00:00Z,CDU-B1,25.06,25.31,1794,1789
2026-09-19T22:00:00Z,CDU-B2,24.8,24.89,1792,1781
2026-09-19T22:00:00Z,CDU-B3,25.04,25.23,1798,1794
2026-09-19T22:00:00Z,CDU-B4,25.55,25.73,1816,1802
2026-09-19T23:00:00Z,CDU-A1,24.95,25.04,1820,1814
2026-09-19T23:00:00Z,CDU-A2,25.12,25.3,1813,1797
2026-09-19T23:00:00Z,CDU-A3,24.54,24.79,1791,1768
2026-09-19T23:00:00Z,CDU-A4,24.6,24.67,1801,1800
2026-09-19T23:00:00Z,CDU-B1,25.08,25.24,1793,1787
2026-09-19T23:00:00Z,CDU-B2,24.89,25.07,1801,1787
2026-09-19T23:00:00Z,CDU-B3,24.81,24.83,1797,1793
2026-09-19T23:00:00Z,CDU-B4,25.21,25.37,1803,1795
2026-09-20T00:00:00Z,CDU-A1,24.85,25.13,1809,1796
2026-09-20T00:00:00Z,CDU-A2,24.98,24.99,1786,1777
2026-09-20T00:00:00Z,CDU-A3,24.59,24.6,1811,1790
2026-09-20T00:00:00Z,CDU-A4,24.5,24.71,1799,1780
2026-09-20T00:00:00Z,CDU-B1,25.27,25.37,1804,1780
2026-09-20T00:00:00Z,CDU-B2,25.05,25.11,1799,1787
2026-09-20T00:00:00Z,CDU-B3,24.83,25.02,1808,1783
2026-09-20T00:00:00Z,CDU-B4,25.1,25.22,1816,1808
2026-09-20T01:00:00Z,CDU-A1,24.98,25.21,1801,1794
2026-09-20T01:00:00Z,CDU-A2,25.01,25.06,1808,1798
2026-09-20T01:00:00Z,CDU-A3,24.59,24.67,1804,1789
2026-09-20T01:00:00Z,CDU-A4,24.59,24.89,1811,1808
2026-09-20T01:00:00Z,CDU-B1,25.58,25.61,1789,1772
2026-09-20T01:00:00Z,CDU-B2,24.77,24.86,1791,1768
2026-09-20T01:00:00Z,CDU-B3,24.93,25.11,1808,1791
2026-09-20T01:00:00Z,CDU-B4,25.03,25.07,1786,1772
2026-09-20T02:00:00Z,CDU-A1,24.83,24.92,1802,1782
2026-09-20T02:00:00Z,CDU-A2,25.0,25.07,1784,1770
2026-09-20T02:00:00Z,CDU-A3,25.01,25.05,1804,1779
2026-09-20T02:00:00Z,CDU-A4,24.62,24.74,1799,1776
2026-09-20T02:00:00Z,CDU-B1,25.55,25.73,1809,1808
2026-09-20T02:00:00Z,CDU-B2,25.09,25.36,1804,1800
2026-09-20T02:00:00Z,CDU-B3,24.87,24.94,1797,1790
2026-09-20T02:00:00Z,CDU-B4,25.04,25.04,1806,1794
2026-09-20T03:00:00Z,CDU-A1,24.81,25.03,1805,1778
2026-09-20T03:00:00Z,CDU-A2,24.94,25.29,1784,1777
2026-09-20T03:00:00Z,CDU-A3,25.37,25.41,1803,1793
2026-09-20T03:00:00Z,CDU-A4,24.7,24.86,1805,1794
2026-09-20T03:00:00Z,CDU-B1,25.64,25.66,1783,1758
2026-09-20T03:00:00Z,CDU-B2,25.44,25.46,1789,1780
2026-09-20T03:00:00Z,CDU-B3,25.02,25.15,1786,1770
2026-09-20T03:00:00Z,CDU-B4,25.29,25.45,1798,1768
2026-09-20T04:00:00Z,CDU-A1,24.92,24.99,1811,1793
2026-09-20T04:00:00Z,CDU-A2,25.03,25.07,1807,1789
2026-09-20T04:00:00Z,CDU-A3,25.32,25.45,1810,1807
2026-09-20T04:00:00Z,CDU-A4,24.71,24.75,1802,1785
2026-09-20T04:00:00Z,CDU-B1,25.56,25.65,1817,1773
2026-09-20T04:00:00Z,CDU-B2,25.45,25.57,1788,1786
2026-09-20T04:00:00Z,CDU-B3,25.01,25.01,1804,1757
2026-09-20T04:00:00Z,CDU-B4,25.31,25.4,1798,1790
2026-09-20T05:00:00Z,CDU-A1,24.68,24.71,1783,1767
2026-09-20T05:00:00Z,CDU-A2,25.21,25.34,1797,1793
2026-09-20T05:00:00Z,CDU-A3,25.47,25.59,1801,1781
2026-09-20T05:00:00Z,CDU-A4,24.55,24.71,1801,1800
2026-09-20T05:00:00Z,CDU-B1,25.29,25.5,1812,1807
2026-09-20T05:00:00Z,CDU-B2,25.35,25.37,1808,1792
2026-09-20T05:00:00Z,CDU-B3,24.73,24.78,1797,1786
2026-09-20T05:00:00Z,CDU-B4,25.13,25.32,1806,1796
2026-09-20T06:00:00Z,CDU-A1,24.87,24.96,1804,1790
2026-09-20T06:00:00Z,CDU-A2,25.05,25.13,1796,1776
2026-09-20T06:00:00Z,CDU-A3,25.45,25.66,1787,1783
2026-09-20T06:00:00Z,CDU-A4,24.75,24.81,1801,1800
2026-09-20T06:00:00Z,CDU-B1,25.49,25.79,1796,1794
2026-09-20T06:00:00Z,CDU-B2,25.59,25.6,1805,1804
2026-09-20T06:00:00Z,CDU-B3,24.55,24.65,1790,1754
2026-09-20T06:00:00Z,CDU-B4,25.44,25.5,1820,1816
2026-09-20T07:00:00Z,CDU-A1,25.14,25.31,1806,1777
2026-09-20T07:00:00Z,CDU-A2,25.22,25.75,1795,1781
2026-09-20T07:00:00Z,CDU-A3,25.4,25.44,1797,1790
2026-09-20T07:00:00Z,CDU-A4,24.83,24.86,1810,1799
2026-09-20T07:00:00Z,CDU-B1,25.21,25.21,1807,1802
2026-09-20T07:00:00Z,CDU-B2,25.62,25.73,1809,1799
2026-09-20T07:00:00Z,CDU-B3,24.95,25.03,1799,1797
2026-09-20T07:00:00Z,CDU-B4,25.14,25.24,1794,1762
2026-09-20T08:00:00Z,CDU-A1,25.08,25.1,1796,1760
2026-09-20T08:00:00Z,CDU-A2,25.2,25.23,1815,1800
2026-09-20T08:00:00Z,CDU-A3,25.28,25.35,1792,1783
2026-09-20T08:00:00Z,CDU-A4,24.74,24.77,1788,1770
2026-09-20T08:00:00Z,CDU-B1,24.88,25.03,1782,1769
2026-09-20T08:00:00Z,CDU-B2,25.63,25.77,1795,1756
2026-09-20T08:00:00Z,CDU-B3,24.92,24.96,1787,1779
2026-09-20T08:00:00Z,CDU-B4,25.26,25.28,1795,1781
2026-09-20T09:00:00Z,CDU-A1,24.88,25.1,1820,1798
2026-09-20T09:00:00Z,CDU-A2,24.93,25.0,1808,1805
2026-09-20T09:00:00Z,CDU-A3,25.39,25.66,1803,1782
2026-09-20T09:00:00Z,CDU-A4,24.68,24.71,1822,1794
2026-09-20T09:00:00Z,CDU-B1,25.16,25.18,1790,1781
2026-09-20T09:00:00Z,CDU-B2,25.64,25.68,1793,1793
2026-09-20T09:00:00Z,CDU-B3,25.01,25.1,1801,1787
2026-09-20T09:00:00Z,CDU-B4,25.22,25.24,1799,1786
2026-09-20T10:00:00Z,CDU-A1,25.12,25.14,1787,1781
2026-09-20T10:00:00Z,CDU-A2,24.54,24.62,1796,1772
2026-09-20T10:00:00Z,CDU-A3,25.39,25.41,1803,1795
2026-09-20T10:00:00Z,CDU-A4,24.34,24.35,1818,1815
2026-09-20T10:00:00Z,CDU-B1,25.18,25.33,1807,1795
2026-09-20T10:00:00Z,CDU-B2,25.59,25.66,1792,1787
2026-09-20T10:00:00Z,CDU-B3,25.01,25.17,1804,1793
2026-09-20T10:00:00Z,CDU-B4,25.35,25.43,1808,1804
2026-09-20T11:00:00Z,CDU-A1,25.21,25.48,1831,1810
2026-09-20T11:00:00Z,CDU-A2,24.57,24.65,1798,1795
2026-09-20T11:00:00Z,CDU-A3,25.1,25.21,1795,1774
2026-09-20T11:00:00Z,CDU-A4,24.83,25.1,1810,1798
2026-09-20T11:00:00Z,CDU-B1,25.01,25.07,1795,1789
2026-09-20T11:00:00Z,CDU-B2,25.24,25.48,1780,1755
2026-09-20T11:00:00Z,CDU-B3,25.05,25.34,1781,1766
2026-09-20T11:00:00Z,CDU-B4,25.49,25.56,1790,1763
2026-09-20T12:00:00Z,CDU-A1,25.22,25.25,1791,1767
2026-09-20T12:00:00Z,CDU-A2,24.7,24.97,1800,1799
2026-09-20T12:00:00Z,CDU-A3,24.85,25.0,1797,1784
2026-09-20T12:00:00Z,CDU-A4,25.02,25.2,1808,1799
2026-09-20T12:00:00Z,CDU-B1,24.93,24.99,1803,1798
2026-09-20T12:00:00Z,CDU-B2,25.2,25.5,1804,1790
2026-09-20T12:00:00Z,CDU-B3,25.3,25.35,1792,1777
2026-09-20T12:00:00Z,CDU-B4,25.36,25.45,1787,1771
2026-09-20T13:00:00Z,CDU-A1,25.31,25.36,1794,1779
2026-09-20T13:00:00Z,CDU-A2,24.79,24.82,1794,1794
2026-09-20T13:00:00Z,CDU-A3,24.64,24.74,1807,1786
2026-09-20T13:00:00Z,CDU-A4,24.74,24.82,1810,1798
2026-09-20T13:00:00Z,CDU-B1,25.09,25.28,1800,1774
2026-09-20T13:00:00Z,CDU-B2,25.14,25.2,1808,1794
2026-09-20T13:00:00Z,CDU-B3,25.52,25.66,1785,1769
2026-09-20T13:00:00Z,CDU-B4,25.18,25.23,1797,1794
2026-09-20T14:00:00Z,CDU-A1,25.28,25.34,1790,1776
2026-09-20T14:00:00Z,CDU-A2,25.09,25.15,1795,1794
2026-09-20T14:00:00Z,CDU-A3,25.02,25.15,1812,1759
2026-09-20T14:00:00Z,CDU-A4,24.85,25.01,1786,1768
2026-09-20T14:00:00Z,CDU-B1,25.1,25.25,1791,1781
2026-09-20T14:00:00Z,CDU-B2,25.01,25.02,1792,1786
2026-09-20T14:00:00Z,CDU-B3,25.57,25.63,1816,1807
2026-09-20T14:00:00Z,CDU-B4,25.21,25.6,1788,1781
2026-09-20T15:00:00Z,CDU-A1,25.35,25.6,1786,1761
2026-09-20T15:00:00Z,CDU-A2,25.24,25.27,1798,1775
2026-09-20T15:00:00Z,CDU-A3,25.19,25.24,1798,1797
2026-09-20T15:00:00Z,CDU-A4,24.94,25.2,1784,1749
2026-09-20T15:00:00Z,CDU-B1,24.73,24.78,1796,1779
2026-09-20T15:00:00Z,CDU-B2,24.82,24.94,1797,1785
2026-09-20T15:00:00Z,CDU-B3,25.19,25.41,1814,1811
2026-09-20T15:00:00Z,CDU-B4,25.44,25.58,1793,1782
2026-09-20T16:00:00Z,CDU-A1,25.09,25.4,1809,1794
2026-09-20T16:00:00Z,CDU-A2,25.12,25.23,1821,1808
2026-09-20T16:00:00Z,CDU-A3,25.26,25.43,1783,1762
2026-09-20T16:00:00Z,CDU-A4,25.17,25.28,1818,1816
2026-09-20T16:00:00Z,CDU-B1,24.86,24.97,1794,1793
2026-09-20T16:00:00Z,CDU-B2,24.69,24.75,1795,1780
2026-09-20T16:00:00Z,CDU-B3,24.93,24.93,1809,1802
2026-09-20T16:00:00Z,CDU-B4,25.39,25.46,1787,1760
2026-09-20T17:00:00Z,CDU-A1,25.2,25.43,1812,1797
2026-09-20T17:00:00Z,CDU-A2,25.12,25.22,1796,1770
2026-09-20T17:00:00Z,CDU-A3,25.21,25.3,1812,1803
2026-09-20T17:00:00Z,CDU-A4,25.05,25.08,1794,1778
2026-09-20T17:00:00Z,CDU-B1,24.74,24.91,1798,1775
2026-09-20T17:00:00Z,CDU-B2,24.66,24.77,1824,1816
2026-09-20T17:00:00Z,CDU-B3,25.0,25.11,1812,1806
2026-09-20T17:00:00Z,CDU-B4,25.39,25.59,1797,1795
2026-09-20T18:00:00Z,CDU-A1,25.48,25.71,1798,1786
2026-09-20T18:00:00Z,CDU-A2,25.48,25.55,1803,1794
2026-09-20T18:00:00Z,CDU-A3,25.23,25.26,1799,1786
2026-09-20T18:00:00Z,CDU-A4,24.92,24.95,1798,1797
2026-09-20T18:00:00Z,CDU-B1,24.91,24.93,1796,1766
2026-09-20T18:00:00Z,CDU-B2,24.56,24.62,1800,1795
2026-09-20T18:00:00Z,CDU-B3,25.09,25.39,1792,1788
2026-09-20T18:00:00Z,CDU-B4,25.1,25.12,1800,1782
2026-09-20T19:00:00Z,CDU-A1,25.16,25.22,1809,1782
2026-09-20T19:00:00Z,CDU-A2,25.17,25.41,1812,1809
2026-09-20T19:00:00Z,CDU-A3,25.07,25.27,1791,1780
2026-09-20T19:00:00Z,CDU-A4,24.65,24.73,1797,1790
2026-09-20T19:00:00Z,CDU-B1,24.97,25.04,1800,1787
2026-09-20T19:00:00Z,CDU-B2,24.48,24.68,1812,1786
2026-09-20T19:00:00Z,CDU-B3,25.23,25.38,1800,1767
2026-09-20T19:00:00Z,CDU-B4,24.96,24.97,1798,1784
2026-09-20T20:00:00Z,CDU-A1,24.96,25.19,1788,1784
2026-09-20T20:00:00Z,CDU-A2,25.19,25.26,1789,1787
2026-09-20T20:00:00Z,CDU-A3,25.11,25.17,1794,1789
2026-09-20T20:00:00Z,CDU-A4,24.82,25.09,1805,1790
2026-09-20T20:00:00Z,CDU-B1,24.82,25.01,1801,1794
2026-09-20T20:00:00Z,CDU-B2,24.2,24.22,1821,1814
2026-09-20T20:00:00Z,CDU-B3,24.77,24.82,1775,1772
2026-09-20T20:00:00Z,CDU-B4,25.06,25.18,1797,1782
2026-09-20T21:00:00Z,CDU-A1,25.11,25.13,1802,1793
2026-09-20T21:00:00Z,CDU-A2,25.13,25.42,1789,1761
2026-09-20T21:00:00Z,CDU-A3,24.98,25.21,1784,1769
2026-09-20T21:00:00Z,CDU-A4,24.79,24.94,1811,1798
2026-09-20T21:00:00Z,CDU-B1,24.91,24.95,1806,1791
2026-09-20T21:00:00Z,CDU-B2,24.37,24.42,1797,1788
2026-09-20T21:00:00Z,CDU-B3,25.04,25.27,1789,1787
2026-09-20T21:00:00Z,CDU-B4,24.95,24.95,1784,1780
2026-09-20T22:00:00Z,CDU-A1,25.54,25.8,1812,1804
2026-09-20T22:00:00Z,CDU-A2,25.01,25.12,1798,1790
2026-09-20T22:00:00Z,CDU-A3,25.11,25.12,1811,1793
2026-09-20T22:00:00Z,CDU-A4,24.8,24.84,1793,1760
2026-09-20T22:00:00Z,CDU-B1,25.02,25.07,1799,1784
2026-09-20T22:00:00Z,CDU-B2,23.95,23.96,1814,1801
2026-09-20T22:00:00Z,CDU-B3,24.97,24.99,1805,1796
2026-09-20T22:00:00Z,CDU-B4,24.94,24.95,1783,1759
2026-09-20T23:00:00Z,CDU-A1,25.33,25.38,1793,1787
2026-09-20T23:00:00Z,CDU-A2,24.99,25.02,1811,1798
2026-09-20T23:00:00Z,CDU-A3,25.07,25.37,1813,1788
2026-09-20T23:00:00Z,CDU-A4,24.84,24.85,1789,1781
2026-09-20T23:00:00Z,CDU-B1,25.02,25.2,1801,1796
2026-09-20T23:00:00Z,CDU-B2,24.02,24.07,1797,1776
2026-09-20T23:00:00Z,CDU-B3,25.13,25.34,1819,1798
2026-09-20T23:00:00Z,CDU-B4,24.6,24.96,1776,1765
2026-09-21T00:00:00Z,CDU-A1,25.51,25.56,1805,1794
2026-09-21T00:00:00Z,CDU-A2,24.92,25.08,1809,1792
2026-09-21T00:00:00Z,CDU-A3,25.25,25.31,1794,1788
2026-09-21T00:00:00Z,CDU-A4,24.42,24.83,1794,1789
2026-09-21T00:00:00Z,CDU-B1,25.0,25.04,1807,1797
2026-09-21T00:00:00Z,CDU-B2,24.17,24.44,1812,1807
2026-09-21T00:00:00Z,CDU-B3,24.82,24.85,1800,1783
2026-09-21T00:00:00Z,CDU-B4,24.96,25.04,1791,1778
2026-09-21T01:00:00Z,CDU-A1,25.95,26.02,1803,1798
2026-09-21T01:00:00Z,CDU-A2,25.06,25.34,1803,1772
2026-09-21T01:00:00Z,CDU-A3,25.53,25.75,1805,1800
2026-09-21T01:00:00Z,CDU-A4,24.56,24.62,1789,1785
2026-09-21T01:00:00Z,CDU-B1,24.59,24.6,1782,1781
2026-09-21T01:00:00Z,CDU-B2,24.38,24.48,1822,1806
2026-09-21T01:00:00Z,CDU-B3,24.67,24.9,1768,1764
2026-09-21T01:00:00Z,CDU-B4,25.09,25.17,1798,1796
2026-09-21T02:00:00Z,CDU-A1,26.08,26.15,1789,1781
2026-09-21T02:00:00Z,CDU-A2,24.98,24.99,1801,1787
2026-09-21T02:00:00Z,CDU-A3,25.51,25.51,1790,1783
2026-09-21T02:00:00Z,CDU-A4,24.61,24.73,1807,1798
2026-09-21T02:00:00Z,CDU-B1,24.67,24.85,1793,1786
2026-09-21T02:00:00Z,CDU-B2,24.53,24.62,1806,1802
2026-09-21T02:00:00Z,CDU-B3,24.75,24.75,1796,1772
2026-09-21T02:00:00Z,CDU-B4,25.01,25.06,1803,1786
2026-09-21T03:00:00Z,CDU-A1,26.08,26.21,1791,1788
2026-09-21T03:00:00Z,CDU-A2,25.04,25.35,1794,1777
2026-09-21T03:00:00Z,CDU-A3,25.81,25.98,1805,1804
2026-09-21T03:00:00Z,CDU-A4,24.74,24.75,1805,1802
2026-09-21T03:00:00Z,CDU-B1,24.67,24.78,1793,1772
2026-09-21T03:00:00Z,CDU-B2,24.59,24.77,1789,1786
2026-09-21T03:00:00Z,CDU-B3,25.07,25.13,1800,1787
2026-09-21T03:00:00Z,CDU-B4,25.1,25.17,1779,1774
2026-09-21T04:00:00Z,CDU-A1,25.57,25.76,1800,1790
2026-09-21T04:00:00Z,CDU-A2,25.21,25.29,1796,1775
2026-09-21T04:00:00Z,CDU-A3,25.46,25.51,1783,1774
2026-09-21T04:00:00Z,CDU-A4,25.25,25.39,1800,1789
2026-09-21T04:00:00Z,CDU-B1,24.83,25.08,1792,1787
2026-09-21T04:00:00Z,CDU-B2,24.56,24.59,1801,1793
2026-09-21T04:00:00Z,CDU-B3,25.0,25.15,1793,1791
2026-09-21T04:00:00Z,CDU-B4,25.3,25.51,1798,1794
2026-09-21T05:00:00Z,CDU-A1,25.59,25.66,1803,1777
2026-09-21T05:00:00Z,CDU-A2,25.47,25.48,1805,1789
2026-09-21T05:00:00Z,CDU-A3,25.06,25.07,1805,1801
2026-09-21T05:00:00Z,CDU-A4,25.06,25.44,1813,1798
2026-09-21T05:00:00Z,CDU-B1,25.09,25.15,1795,1778
2026-09-21T05:00:00Z,CDU-B2,24.55,24.67,1800,1797
2026-09-21T05:00:00Z,CDU-B3,25.39,25.63,1793,1784
2026-09-21T05:00:00Z,CDU-B4,25.09,25.31,1790,1763
2026-09-21T06:00:00Z,CDU-A1,25.31,25.34,1806,1800
2026-09-21T06:00:00Z,CDU-A2,25.57,25.63,1804,1789
2026-09-21T06:00:00Z,CDU-A3,24.99,25.26,1810,1805
2026-09-21T06:00:00Z,CDU-A4,24.95,25.03,1807,1789
2026-09-21T06:00:00Z,CDU-B1,25.23,25.31,1803,1786
2026-09-21T06:00:00Z,CDU-B2,24.54,24.56,1794,1789
2026-09-21T06:00:00Z,CDU-B3,25.36,25.4,1800,1797
2026-09-21T06:00:00Z,CDU-B4,25.06,25.23,1798,1771
2026-09-21T07:00:00Z,CDU-A1,25.29,25.47,1792,1767
2026-09-21T07:00:00Z,CDU-A2,25.66,25.72,1790,1771
2026-09-21T07:00:00Z,CDU-A3,24.86,24.91,1797,1780
2026-09-21T07:00:00Z,CDU-A4,24.98,25.18,1794,1759
2026-09-21T07:00:00Z,CDU-B1,25.05,25.15,1805,1786
2026-09-21T07:00:00Z,CDU-B2,24.52,24.64,1792,1778
2026-09-21T07:00:00Z,CDU-B3,25.56,25.63,1799,1789
2026-09-21T07:00:00Z,CDU-B4,25.29,25.48,1815,1805
2026-09-21T08:00:00Z,CDU-A1,25.22,25.4,1803,1783
2026-09-21T08:00:00Z,CDU-A2,25.62,25.68,1822,1813
2026-09-21T08:00:00Z,CDU-A3,24.63,24.67,1826,1806
2026-09-21T08:00:00Z,CDU-A4,25.21,25.24,1808,1805
2026-09-21T08:00:00Z,CDU-B1,25.06,25.19,1805,1793
2026-09-21T08:00:00Z,CDU-B2,24.79,24.95,1801,1794
2026-09-21T08:00:00Z,CDU-B3,25.33,25.67,1807,1794
2026-09-21T08:00:00Z,CDU-B4,25.37,25.39,1806,1803
2026-09-21T09:00:00Z,CDU-A1,25.19,25.37,1794,1793
2026-09-21T09:00:00Z,CDU-A2,25.64,25.7,1805,1793
2026-09-21T09:00:00Z,CDU-A3,24.98,25.01,1779,1759
2026-09-21T09:00:00Z,CDU-A4,25.3,25.31,1796,1760
2026-09-21T09:00:00Z,CDU-B1,25.0,25.19,1805,1793
2026-09-21T09:00:00Z,CDU-B2,24.78,24.87,1785,1780
2026-09-21T09:00:00Z,CDU-B3,25.32,25.72,1800,1789
2026-09-21T09:00:00Z,CDU-B4,25.17,25.27,1803,1802
2026-09-21T10:00:00Z,CDU-A1,24.98,25.35,1813,1799
2026-09-21T10:00:00Z,CDU-A2,25.49,25.55,1803,1795
2026-09-21T10:00:00Z,CDU-A3,24.34,24.5,1807,1798
2026-09-21T10:00:00Z,CDU-A4,25.16,25.29,1802,1794
2026-09-21T10:00:00Z,CDU-B1,24.94,24.95,1794,1782
2026-09-21T10:00:00Z,CDU-B2,24.63,24.82,1791,1788
2026-09-21T10:00:00Z,CDU-B3,25.54,25.56,1796,1770
2026-09-21T10:00:00Z,CDU-B4,25.13,25.22,1800,1786
2026-09-21T11:00:00Z,CDU-A1,24.96,25.05,1807,1804
2026-09-21T11:00:00Z,CDU-A2,25.38,25.53,1805,1775
2026-09-21T11:00:00Z,CDU-A3,24.74,24.75,1800,1790
2026-09-21T11:00:00Z,CDU-A4,25.08,25.17,1788,1782
2026-09-21T11:00:00Z,CDU-B1,24.79,25.01,1786,1741
2026-09-21T11:00:00Z,CDU-B2,24.98,25.07,1814,1797
2026-09-21T11:00:00Z,CDU-B3,25.2,25.44,1796,1786
2026-09-21T11:00:00Z,CDU-B4,25.44,25.67,1791,1785
2026-09-21T12:00:00Z,CDU-A1,24.78,24.86,1799,1788
2026-09-21T12:00:00Z,CDU-A2,25.49,25.72,1803,1799
2026-09-21T12:00:00Z,CDU-A3,25.14,25.21,1791,1788
2026-09-21T12:00:00Z,CDU-A4,25.08,25.33,1788,1769
2026-09-21T12:00:00Z,CDU-B1,24.7,24.84,1793,1769
2026-09-21T12:00:00Z,CDU-B2,25.14,25.23,1793,1785
2026-09-21T12:00:00Z,CDU-B3,25.1,25.15,1790,1772
2026-09-21T12:00:00Z,CDU-B4,25.22,25.45,1822,1821
2026-09-21T13:00:00Z,CDU-A1,24.77,24.88,1803,1781
2026-09-21T13:00:00Z,CDU-A2,25.51,25.59,1808,1789
2026-09-21T13:00:00Z,CDU-A3,25.16,25.28,1810,1806
2026-09-21T13:00:00Z,CDU-A4,25.04,25.18,1794,1784
2026-09-21T13:00:00Z,CDU-B1,24.51,24.54,1789,1787
2026-09-21T13:00:00Z,CDU-B2,25.02,25.06,1809,1787
2026-09-21T13:00:00Z,CDU-B3,25.22,25.25,1796,1777
2026-09-21T13:00:00Z,CDU-B4,25.42,25.58,1802,1782
2026-09-21T14:00:00Z,CDU-A1,25.19,25.23,1798,1787
2026-09-21T14:00:00Z,CDU-A2,25.76,25.77,1804,1774
2026-09-21T14:00:00Z,CDU-A3,25.47,25.53,1791,1790
2026-09-21T14:00:00Z,CDU-A4,25.04,25.13,1809,1807
2026-09-21T14:00:00Z,CDU-B1,24.71,24.74,1812,1794
2026-09-21T14:00:00Z,CDU-B2,24.82,24.85,1812,1802
2026-09-21T14:00:00Z,CDU-B3,25.19,25.34,1795,1790
2026-09-21T14:00:00Z,CDU-B4,25.66,25.82,1803,1783
2026-09-21T15:00:00Z,CDU-A1,24.91,25.08,1805,1788
2026-09-21T15:00:00Z,CDU-A2,25.64,25.72,1805,1798
2026-09-21T15:00:00Z,CDU-A3,25.33,25.39,1785,1781
2026-09-21T15:00:00Z,CDU-A4,25.11,25.16,1800,1788
2026-09-21T15:00:00Z,CDU-B1,24.66,24.79,1803,1797
2026-09-21T15:00:00Z,CDU-B2,24.88,25.07,1788,1767
2026-09-21T15:00:00Z,CDU-B3,25.18,25.29,1804,1785
2026-09-21T15:00:00Z,CDU-B4,25.58,25.62,1804,1798
2026-09-21T16:00:00Z,CDU-A1,25.18,25.32,1796,1780
2026-09-21T16:00:00Z,CDU-A2,25.74,25.8,1787,1765
2026-09-21T16:00:00Z,CDU-A3,25.16,25.18,1797,1782
2026-09-21T16:00:00Z,CDU-A4,25.04,25.16,1793,1792
2026-09-21T16:00:00Z,CDU-B1,24.71,24.8,1805,1790
2026-09-21T16:00:00Z,CDU-B2,24.89,25.01,1795,1787
2026-09-21T16:00:00Z,CDU-B3,25.47,25.53,1813,1798
2026-09-21T16:00:00Z,CDU-B4,25.34,25.37,1808,1799
2026-09-21T17:00:00Z,CDU-A1,25.41,25.49,1800,1798
2026-09-21T17:00:00Z,CDU-A2,25.64,25.78,1800,1792
2026-09-21T17:00:00Z,CDU-A3,25.05,25.17,1800,1795
2026-09-21T17:00:00Z,CDU-A4,25.09,25.12,1783,1770
2026-09-21T17:00:00Z,CDU-B1,24.34,24.37,1799,1795
2026-09-21T17:00:00Z,CDU-B2,24.54,24.73,1794,1783
2026-09-21T17:00:00Z,CDU-B3,25.5,25.53,1795,1794
2026-09-21T17:00:00Z,CDU-B4,25.5,25.68,1784,1771
2026-09-21T18:00:00Z,CDU-A1,25.31,25.46,1797,1788
2026-09-21T18:00:00Z,CDU-A2,25.67,25.69,1799,1773
2026-09-21T18:00:00Z,CDU-A3,25.25,25.48,1809,1798
2026-09-21T18:00:00Z,CDU-A4,24.7,24.73,1796,1786
2026-09-21T18:00:00Z,CDU-B1,24.58,24.6,1795,1770
2026-09-21T18:00:00Z,CDU-B2,24.78,24.78,1806,1796
2026-09-21T18:00:00Z,CDU-B3,25.42,25.67,1800,1790
2026-09-21T18:00:00Z,CDU-B4,25.61,25.76,1814,1777
2026-09-21T19:00:00Z,CDU-A1,25.36,25.72,1808,1791
2026-09-21T19:00:00Z,CDU-A2,25.26,25.26,1788,1775
2026-09-21T19:00:00Z,CDU-A3,25.36,25.39,1787,1758
2026-09-21T19:00:00Z,CDU-A4,24.69,24.88,1804,1801
2026-09-21T19:00:00Z,CDU-B1,24.71,24.95,1802,1799
2026-09-21T19:00:00Z,CDU-B2,24.76,24.86,1781,1778
2026-09-21T19:00:00Z,CDU-B3,25.36,25.49,1805,1803
2026-09-21T19:00:00Z,CDU-B4,25.68,25.78,1817,1814
2026-09-21T20:00:00Z,CDU-A1,25.64,25.9,1818,1770
2026-09-21T20:00:00Z,CDU-A2,25.33,25.34,1819,1812
2026-09-21T20:00:00Z,CDU-A3,25.33,25.46,1817,1803
2026-09-21T20:00:00Z,CDU-A4,24.39,24.46,1801,1786
2026-09-21T20:00:00Z,CDU-B1,24.79,24.89,1797,1795
2026-09-21T20:00:00Z,CDU-B2,24.75,25.01,1818,1808
2026-09-21T20:00:00Z,CDU-B3,25.56,25.59,1805,1778
2026-09-21T20:00:00Z,CDU-B4,25.77,25.93,1805,1778
2026-09-21T21:00:00Z,CDU-A1,25.61,25.73,1797,1784
2026-09-21T21:00:00Z,CDU-A2,25.19,25.2,1799,1779
2026-09-21T21:00:00Z,CDU-A3,25.41,25.55,1793,1759
2026-09-21T21:00:00Z,CDU-A4,24.73,24.8,1805,1782
2026-09-21T21:00:00Z,CDU-B1,24.68,24.71,1800,1788
2026-09-21T21:00:00Z,CDU-B2,24.98,25.1,1791,1772
2026-09-21T21:00:00Z,CDU-B3,25.3,25.31,1792,1787
2026-09-21T21:00:00Z,CDU-B4,25.69,25.76,1831,1813
2026-09-21T22:00:00Z,CDU-A1,25.41,25.57,1782,1744
2026-09-21T22:00:00Z,CDU-A2,25.41,25.44,1794,1781
2026-09-21T22:00:00Z,CDU-A3,24.96,24.97,1796,1794
2026-09-21T22:00:00Z,CDU-A4,24.62,24.65,1800,1776
2026-09-21T22:00:00Z,CDU-B1,25.06,25.27,1790,1769
2026-09-21T22:00:00Z,CDU-B2,25.09,25.18,1803,1800
2026-09-21T22:00:00Z,CDU-B3,25.39,25.42,1798,1783
2026-09-21T22:00:00Z,CDU-B4,25.56,26.0,1785,1778
2026-09-21T23:00:00Z,CDU-A1,25.11,25.33,1798,1779
2026-09-21T23:00:00Z,CDU-A2,25.18,25.25,1798,1778
2026-09-21T23:00:00Z,CDU-A3,25.02,25.11,1797,1772
2026-09-21T23:00:00Z,CDU-A4,24.9,25.01,1796,1776
2026-09-21T23:00:00Z,CDU-B1,24.69,24.84,1807,1798
2026-09-21T23:00:00Z,CDU-B2,24.92,25.12,1782,1781
2026-09-21T23:00:00Z,CDU-B3,24.97,25.13,1798,1779
2026-09-21T23:00:00Z,CDU-B4,25.56,25.72,1806,1799
2026-09-22T00:00:00Z,CDU-A1,24.96,25.05,1790,1788
2026-09-22T00:00:00Z,CDU-A2,25.07,25.15,1806,1790
2026-09-22T00:00:00Z,CDU-A3,25.23,25.35,1797,1782
2026-09-22T00:00:00Z,CDU-A4,24.8,24.82,1811,1793
2026-09-22T00:00:00Z,CDU-B1,24.54,24.64,1816,1799
2026-09-22T00:00:00Z,CDU-B2,25.19,25.36,1798,1757
2026-09-22T00:00:00Z,CDU-B3,25.08,25.2,1796,1782
2026-09-22T00:00:00Z,CDU-B4,25.36,25.46,1803,1801
2026-09-22T01:00:00Z,CDU-A1,24.86,25.22,1811,1804
2026-09-22T01:00:00Z,CDU-A2,25.21,25.26,1804,1789
2026-09-22T01:00:00Z,CDU-A3,25.18,25.24,1783,1781
2026-09-22T01:00:00Z,CDU-A4,25.06,25.18,1780,1767
2026-09-22T01:00:00Z,CDU-B1,24.6,24.66,1801,1783
2026-09-22T01:00:00Z,CDU-B2,24.84,24.86,1803,1776
2026-09-22T01:00:00Z,CDU-B3,25.13,25.21,1793,1788
2026-09-22T01:00:00Z,CDU-B4,25.18,25.49,1803,1791
2026-09-22T02:00:00Z,CDU-A1,24.97,25.0,1783,1754
2026-09-22T02:00:00Z,CDU-A2,25.44,25.56,1791,1790
2026-09-22T02:00:00Z,CDU-A3,25.4,25.45,1803,1784
2026-09-22T02:00:00Z,CDU-A4,25.1,25.27,1803,1771
2026-09-22T02:00:00Z,CDU-B1,24.68,24.81,1813,1805
2026-09-22T02:00:00Z,CDU-B2,25.12,25.18,1806,1787
2026-09-22T02:00:00Z,CDU-B3,25.41,25.53,1789,1771
2026-09-22T02:00:00Z,CDU-B4,25.35,25.53,1780,1750
2026-09-22T03:00:00Z,CDU-A1,24.91,25.04,1811,1792
2026-09-22T03:00:00Z,CDU-A2,25.66,25.94,1795,1778
2026-09-22T03:00:00Z,CDU-A3,25.42,25.46,1803,1771
2026-09-22T03:00:00Z,CDU-A4,25.11,25.32,1766,1755
2026-09-22T03:00:00Z,CDU-B1,25.11,25.41,1796,1792
2026-09-22T03:00:00Z,CDU-B2,24.99,25.1,1781,1778
2026-09-22T03:00:00Z,CDU-B3,25.46,25.46,1804,1789
2026-09-22T03:00:00Z,CDU-B4,25.53,26.05,1793,1791
2026-09-22T04:00:00Z,CDU-A1,24.6,24.85,1799,1798
2026-09-22T04:00:00Z,CDU-A2,25.52,25.78,1781,1779
2026-09-22T04:00:00Z,CDU-A3,25.23,25.28,1787,1782
2026-09-22T04:00:00Z,CDU-A4,24.95,24.99,1797,1795
2026-09-22T04:00:00Z,CDU-B1,24.87,25.03,1807,1793
2026-09-22T04:00:00Z,CDU-B2,24.97,25.08,1806,1806
2026-09-22T04:00:00Z,CDU-B3,25.13,25.24,1799,1786
2026-09-22T04:00:00Z,CDU-B4,25.23,25.25,1795,1784
2026-09-22T05:00:00Z,CDU-A1,24.75,24.95,1801,1785
2026-09-22T05:00:00Z,CDU-A2,25.18,25.2,1797,1789
2026-09-22T05:00:00Z,CDU-A3,24.87,25.01,1794,1779
2026-09-22T05:00:00Z,CDU-A4,24.99,25.13,1798,1793
2026-09-22T05:00:00Z,CDU-B1,24.64,24.71,1807,1789
2026-09-22T05:00:00Z,CDU-B2,25.0,25.05,1797,1768
2026-09-22T05:00:00Z,CDU-B3,25.53,25.59,1814,1814
2026-09-22T05:00:00Z,CDU-B4,25.33,25.42,1804,1795
2026-09-22T06:00:00Z,CDU-A1,24.64,24.77,1828,1822
2026-09-22T06:00:00Z,CDU-A2,24.88,24.97,1799,1779
2026-09-22T06:00:00Z,CDU-A3,25.0,25.08,1805,1801
2026-09-22T06:00:00Z,CDU-A4,24.6,24.64,1811,1809
2026-09-22T06:00:00Z,CDU-B1,24.66,24.68,1812,1811
2026-09-22T06:00:00Z,CDU-B2,25.07,25.1,1803,1800
2026-09-22T06:00:00Z,CDU-B3,25.54,25.54,1808,1803
2026-09-22T06:00:00Z,CDU-B4,25.5,25.95,1808,1802
2026-09-22T07:00:00Z,CDU-A1,24.83,24.98,1803,1785
2026-09-22T07:00:00Z,CDU-A2,24.73,24.88,1787,1784
2026-09-22T07:00:00Z,CDU-A3,24.95,25.11,1804,1802
2026-09-22T07:00:00Z,CDU-A4,24.53,24.65,1805,1776
2026-09-22T07:00:00Z,CDU-B1,24.49,24.69,1786,1785
2026-09-22T07:00:00Z,CDU-B2,24.91,25.19,1794,1780
2026-09-22T07:00:00Z,CDU-B3,25.1,25.37,1792,1784
2026-09-22T07:00:00Z,CDU-B4,25.26,25.42,1794,1752
2026-09-22T08:00:00Z,CDU-A1,25.03,25.06,1788,1781
2026-09-22T08:00:00Z,CDU-A2,24.69,24.97,1806,1805
2026-09-22T08:00:00Z,CDU-A3,25.0,25.06,1801,1797
2026-09-22T08:00:00Z,CDU-A4,24.39,24.48,1800,1790
2026-09-22T08:00:00Z,CDU-B1,24.36,24.6,1791,1770
2026-09-22T08:00:00Z,CDU-B2,25.17,25.44,1803,1798
2026-09-22T08:00:00Z,CDU-B3,24.98,25.07,1803,1789
2026-09-22T08:00:00Z,CDU-B4,25.39,25.7,1787,1767
2026-09-22T09:00:00Z,CDU-A1,25.19,25.31,1819,1793
2026-09-22T09:00:00Z,CDU-A2,25.0,25.03,1804,1801
2026-09-22T09:00:00Z,CDU-A3,25.08,25.26,1833,1815
2026-09-22T09:00:00Z,CDU-A4,24.56,24.68,1803,1773
2026-09-22T09:00:00Z,CDU-B1,24.65,24.67,1785,1781
2026-09-22T09:00:00Z,CDU-B2,25.22,25.3,1784,1777
2026-09-22T09:00:00Z,CDU-B3,24.82,24.85,1813,1800
2026-09-22T09:00:00Z,CDU-B4,25.35,25.38,1781,1768
2026-09-22T10:00:00Z,CDU-A1,24.9,25.19,1791,1787
2026-09-22T10:00:00Z,CDU-A2,25.15,25.26,1825,1795
2026-09-22T10:00:00Z,CDU-A3,24.9,25.05,1806,1796
2026-09-22T10:00:00Z,CDU-A4,24.8,24.91,1804,1789
2026-09-22T10:00:00Z,CDU-B1,24.6,24.72,1804,1802
2026-09-22T10:00:00Z,CDU-B2,25.03,25.05,1816,1790
2026-09-22T10:00:00Z,CDU-B3,25.07,25.11,1806,1802
2026-09-22T10:00:00Z,CDU-B4,25.61,25.78,1813,1799
2026-09-22T11:00:00Z,CDU-A1,24.9,25.13,1799,1775
2026-09-22T11:00:00Z,CDU-A2,25.25,25.41,1788,1787
2026-09-22T11:00:00Z,CDU-A3,24.75,24.81,1798,1791
2026-09-22T11:00:00Z,CDU-A4,24.88,24.9,1784,1777
2026-09-22T11:00:00Z,CDU-B1,24.63,24.91,1796,1779
2026-09-22T11:00:00Z,CDU-B2,25.3,25.32,1812,1802
2026-09-22T11:00:00Z,CDU-B3,25.28,25.44,1806,1786
2026-09-22T11:00:00Z,CDU-B4,25.54,25.55,1784,1768
2026-09-22T12:00:00Z,CDU-A1,24.74,24.76,1805,1794
2026-09-22T12:00:00Z,CDU-A2,25.28,25.43,1804,1770
2026-09-22T12:00:00Z,CDU-A3,24.63,24.67,1795,1789
2026-09-22T12:00:00Z,CDU-A4,24.88,25.0,1782,1758
2026-09-22T12:00:00Z,CDU-B1,24.64,24.74,1821,1801
2026-09-22T12:00:00Z,CDU-B2,25.06,25.36,1818,1776
2026-09-22T12:00:00Z,CDU-B3,25.2,25.21,1793,1793
2026-09-22T12:00:00Z,CDU-B4,25.39,25.4,1791,1788
2026-09-22T13:00:00Z,CDU-A1,24.99,25.19,1807,1789
2026-09-22T13:00:00Z,CDU-A2,25.17,25.32,1787,1784
2026-09-22T13:00:00Z,CDU-A3,24.77,24.87,1803,1791
2026-09-22T13:00:00Z,CDU-A4,24.74,24.79,1803,1794
2026-09-22T13:00:00Z,CDU-B1,24.67,24.76,1806,1800
2026-09-22T13:00:00Z,CDU-B2,25.19,25.26,1803,1797
2026-09-22T13:00:00Z,CDU-B3,25.01,25.02,1791,1789
2026-09-22T13:00:00Z,CDU-B4,25.47,25.48,1798,1781
2026-09-22T14:00:00Z,CDU-A1,25.01,25.27,1798,1789
2026-09-22T14:00:00Z,CDU-A2,25.4,25.74,1808,1797
2026-09-22T14:00:00Z,CDU-A3,24.87,24.92,1787,1782
2026-09-22T14:00:00Z,CDU-A4,24.85,24.96,1813,1785
2026-09-22T14:00:00Z,CDU-B1,24.76,24.79,1814,1804
2026-09-22T14:00:00Z,CDU-B2,24.96,25.13,1798,1792
2026-09-22T14:00:00Z,CDU-B3,24.69,24.85,1808,1801
2026-09-22T14:00:00Z,CDU-B4,25.32,25.41,1800,1799
2026-09-22T15:00:00Z,CDU-A1,24.72,24.92,1808,1799
2026-09-22T15:00:00Z,CDU-A2,25.13,25.34,1791,1782
2026-09-22T15:00:00Z,CDU-A3,24.9,25.1,1797,1784
2026-09-22T15:00:00Z,CDU-A4,24.76,25.08,1787,1772
2026-09-22T15:00:00Z,CDU-B1,24.86,25.05,1806,1806
2026-09-22T15:00:00Z,CDU-B2,25.31,25.56,1794,1786
2026-09-22T15:00:00Z,CDU-B3,24.55,24.58,1783,1776
2026-09-22T15:00:00Z,CDU-B4,25.17,25.26,1799,1798
2026-09-22T16:00:00Z,CDU-A1,25.0,25.09,1798,1775
2026-09-22T16:00:00Z,CDU-A2,25.29,25.35,1791,1762
2026-09-22T16:00:00Z,CDU-A3,24.77,24.79,1801,1782
2026-09-22T16:00:00Z,CDU-A4,25.0,25.01,1806,1804
2026-09-22T16:00:00Z,CDU-B1,24.99,25.0,1787,1776
2026-09-22T16:00:00Z,CDU-B2,25.44,25.52,1803,1782
2026-09-22T16:00:00Z,CDU-B3,24.1,24.28,1802,1781
2026-09-22T16:00:00Z,CDU-B4,25.07,25.25,1795,1783
2026-09-22T17:00:00Z,CDU-A1,24.99,25.3,1808,1803
2026-09-22T17:00:00Z,CDU-A2,25.34,25.46,1809,1798
2026-09-22T17:00:00Z,CDU-A3,24.65,24.67,1791,1784
2026-09-22T17:00:00Z,CDU-A4,25.03,25.3,1816,1779
2026-09-22T17:00:00Z,CDU-B1,25.34,25.67,1796,1773
2026-09-22T17:00:00Z,CDU-B2,25.38,25.44,1817,1808
2026-09-22T17:00:00Z,CDU-B3,24.38,24.57,1812,1786
2026-09-22T17:00:00Z,CDU-B4,24.76,24.81,1798,1784
2026-09-22T18:00:00Z,CDU-A1,24.95,25.05,1783,1771
2026-09-22T18:00:00Z,CDU-A2,24.87,24.89,1816,1806
2026-09-22T18:00:00Z,CDU-A3,24.54,24.75,1811,1796
2026-09-22T18:00:00Z,CDU-A4,24.86,24.93,1811,1810
2026-09-22T18:00:00Z,CDU-B1,25.14,25.21,1786,1783
2026-09-22T18:00:00Z,CDU-B2,25.26,25.36,1802,1797
2026-09-22T18:00:00Z,CDU-B3,24.16,24.25,1795,1789
2026-09-22T18:00:00Z,CDU-B4,24.87,24.87,1809,1796
2026-09-22T19:00:00Z,CDU-A1,24.96,25.04,1817,1799
2026-09-22T19:00:00Z,CDU-A2,24.8,24.95,1789,1784
2026-09-22T19:00:00Z,CDU-A3,24.68,24.94,1801,1797
2026-09-22T19:00:00Z,CDU-A4,24.81,24.96,1814,1811
2026-09-22T19:00:00Z,CDU-B1,25.16,25.26,1809,1803
2026-09-22T19:00:00Z,CDU-B2,25.33,25.49,1818,1812
2026-09-22T19:00:00Z,CDU-B3,24.11,24.25,1801,1754
2026-09-22T19:00:00Z,CDU-B4,24.64,24.71,1803,1799
2026-09-22T20:00:00Z,CDU-A1,25.05,25.23,1805,1793
2026-09-22T20:00:00Z,CDU-A2,25.27,25.34,1795,1785
2026-09-22T20:00:00Z,CDU-A3,24.92,25.0,1794,1775
2026-09-22T20:00:00Z,CDU-A4,24.6,24.74,1795,1780
2026-09-22T20:00:00Z,CDU-B1,25.27,25.35,1802,1769
2026-09-22T20:00:00Z,CDU-B2,25.38,25.38,1800,1797
2026-09-22T20:00:00Z,CDU-B3,24.43,24.51,1815,1792
2026-09-22T20:00:00Z,CDU-B4,24.77,24.81,1797,1790
2026-09-22T21:00:00Z,CDU-A1,25.27,25.31,1798,1779
2026-09-22T21:00:00Z,CDU-A2,25.36,25.43,1794,1790
2026-09-22T21:00:00Z,CDU-A3,24.78,24.85,1812,1794
2026-09-22T21:00:00Z,CDU-A4,24.52,24.68,1784,1776
2026-09-22T21:00:00Z,CDU-B1,25.26,25.29,1816,1798
2026-09-22T21:00:00Z,CDU-B2,24.89,25.0,1801,1789
2026-09-22T21:00:00Z,CDU-B3,24.64,24.88,1808,1802
2026-09-22T21:00:00Z,CDU-B4,24.82,24.84,1795,1786
2026-09-22T22:00:00Z,CDU-A1,25.29,25.38,1812,1807
2026-09-22T22:00:00Z,CDU-A2,24.96,24.99,1785,1769
2026-09-22T22:00:00Z,CDU-A3,25.02,25.03,1805,1802
2026-09-22T22:00:00Z,CDU-A4,24.31,24.38,1800,1779
2026-09-22T22:00:00Z,CDU-B1,25.39,25.41,1798,1793
2026-09-22T22:00:00Z,CDU-B2,24.82,24.9,1801,1790
2026-09-22T22:00:00Z,CDU-B3,24.65,24.71,1801,1796
2026-09-22T22:00:00Z,CDU-B4,24.91,25.12,1808,1799
2026-09-22T23:00:00Z,CDU-A1,25.19,25.38,1796,1773
2026-09-22T23:00:00Z,CDU-A2,24.88,24.92,1815,1810
2026-09-22T23:00:00Z,CDU-A3,25.1,25.2,1806,1798
2026-09-22T23:00:00Z,CDU-A4,24.15,24.18,1805,1796
2026-09-22T23:00:00Z,CDU-B1,25.58,25.77,1793,1776
2026-09-22T23:00:00Z,CDU-B2,24.69,24.94,1776,1750
2026-09-22T23:00:00Z,CDU-B3,24.55,24.76,1804,1784
2026-09-22T23:00:00Z,CDU-B4,24.87,25.08,1808,1793
2026-09-23T00:00:00Z,CDU-A1,25.64,25.68,1817,1815
2026-09-23T00:00:00Z,CDU-A2,24.74,24.77,1798,1759
2026-09-23T00:00:00Z,CDU-A3,24.87,24.88,1802,1797
2026-09-23T00:00:00Z,CDU-A4,24.3,24.48,1797,1795
2026-09-23T00:00:00Z,CDU-B1,25.62,25.84,1788,1781
2026-09-23T00:00:00Z,CDU-B2,24.65,24.73,1796,1794
2026-09-23T00:00:00Z,CDU-B3,25.01,25.29,1783,1782
2026-09-23T00:00:00Z,CDU-B4,24.68,24.68,1807,1806
2026-09-23T01:00:00Z,CDU-A1,25.33,25.77,1807,1804
2026-09-23T01:00:00Z,CDU-A2,24.51,24.55,1805,1792
2026-09-23T01:00:00Z,CDU-A3,24.7,24.91,1806,1798
2026-09-23T01:00:00Z,CDU-A4,24.46,24.48,1794,1783
2026-09-23T01:00:00Z,CDU-B1,25.52,25.53,1797,1774
2026-09-23T01:00:00Z,CDU-B2,24.95,24.96,1796,1780
2026-09-23T01:00:00Z,CDU-B3,25.12,25.32,1797,1781
2026-09-23T01:00:00Z,CDU-B4,25.06,25.08,1798,1784
2026-09-23T02:00:00Z,CDU-A1,25.06,25.33,1811,1806
2026-09-23T02:00:00Z,CDU-A2,24.51,24.53,1802,1789
2026-09-23T02:00:00Z,CDU-A3,24.75,25.01,1810,1783
2026-09-23T02:00:00Z,CDU-A4,24.55,24.71,1814,1785
2026-09-23T02:00:00Z,CDU-B1,25.41,25.5,1795,1782
2026-09-23T02:00:00Z,CDU-B2,24.73,24.76,1821,1814
2026-09-23T02:00:00Z,CDU-B3,25.23,25.5,1806,1802
2026-09-23T02:00:00Z,CDU-B4,25.12,25.34,1802,1788
2026-09-23T03:00:00Z,CDU-A1,24.9,24.97,1808,1803
2026-09-23T03:00:00Z,CDU-A2,24.8,24.89,1790,1765
2026-09-23T03:00:00Z,CDU-A3,24.74,24.85,1813,1790
2026-09-23T03:00:00Z,CDU-A4,24.67,24.81,1809,1799
2026-09-23T03:00:00Z,CDU-B1,25.38,25.59,1796,1771
2026-09-23T03:00:00Z,CDU-B2,24.75,24.89,1808,1782
2026-09-23T03:00:00Z,CDU-B3,25.16,25.33,1810,1808
2026-09-23T03:00:00Z,CDU-B4,25.14,25.24,1796,1795
2026-09-23T04:00:00Z,CDU-A1,24.85,24.86,1773,1763
2026-09-23T04:00:00Z,CDU-A2,24.73,24.84,1800,1549
2026-09-23T04:00:00Z,CDU-A3,24.43,24.44,1802,1772
2026-09-23T04:00:00Z,CDU-A4,24.67,24.81,1821,1813
2026-09-23T04:00:00Z,CDU-B1,25.28,25.36,1804,1781
2026-09-23T04:00:00Z,CDU-B2,24.85,24.95,1787,1778
2026-09-23T04:00:00Z,CDU-B3,25.14,25.14,1794,1766
2026-09-23T04:00:00Z,CDU-B4,25.08,25.31,1801,1773
2026-09-23T05:00:00Z,CDU-A1,25.01,25.1,1798,1785
2026-09-23T05:00:00Z,CDU-A2,25.07,25.3,1801,1801
2026-09-23T05:00:00Z,CDU-A3,24.49,24.55,1797,1772
2026-09-23T05:00:00Z,CDU-A4,24.63,24.67,1812,1794
2026-09-23T05:00:00Z,CDU-B1,25.11,25.19,1789,1762
2026-09-23T05:00:00Z,CDU-B2,24.78,24.92,1809,1786
2026-09-23T05:00:00Z,CDU-B3,24.94,24.96,1801,1761
2026-09-23T05:00:00Z,CDU-B4,24.82,24.88,1796,1786
2026-09-23T06:00:00Z,CDU-A1,24.88,25.04,1783,1780
2026-09-23T06:00:00Z,CDU-A2,24.63,24.77,1804,1799
2026-09-23T06:00:00Z,CDU-A3,24.85,25.17,1785,1768
2026-09-23T06:00:00Z,CDU-A4,24.79,24.81,1803,1789
2026-09-23T06:00:00Z,CDU-B1,25.01,25.04,1805,1790
2026-09-23T06:00:00Z,CDU-B2,24.74,24.77,1787,1760
2026-09-23T06:00:00Z,CDU-B3,24.96,24.97,1774,1767
2026-09-23T06:00:00Z,CDU-B4,25.03,25.05,1816,1815
2026-09-23T07:00:00Z,CDU-A1,25.02,25.25,1800,1777
2026-09-23T07:00:00Z,CDU-A2,24.88,25.13,1807,1797
2026-09-23T07:00:00Z,CDU-A3,24.85,24.92,1793,1778
2026-09-23T07:00:00Z,CDU-A4,24.84,25.06,1808,1778
2026-09-23T07:00:00Z,CDU-B1,24.98,25.17,1796,1795
2026-09-23T07:00:00Z,CDU-B2,24.49,24.76,1807,1803
2026-09-23T07:00:00Z,CDU-B3,24.99,25.0,1801,1800
2026-09-23T07:00:00Z,CDU-B4,24.97,25.0,1786,1773
2026-09-23T08:00:00Z,CDU-A1,25.0,25.23,1817,1817
2026-09-23T08:00:00Z,CDU-A2,24.99,25.14,1828,1826
2026-09-23T08:00:00Z,CDU-A3,24.99,25.2,1792,1782
2026-09-23T08:00:00Z,CDU-A4,24.57,24.65,1800,1777
2026-09-23T08:00:00Z,CDU-B1,25.16,25.32,1803,1791
2026-09-23T08:00:00Z,CDU-B2,24.23,24.36,1799,1787
2026-09-23T08:00:00Z,CDU-B3,24.89,25.15,1787,1776
2026-09-23T08:00:00Z,CDU-B4,24.98,25.2,1801,1782
2026-09-23T09:00:00Z,CDU-A1,25.09,25.26,1791,1785
2026-09-23T09:00:00Z,CDU-A2,25.29,25.29,1802,1795
2026-09-23T09:00:00Z,CDU-A3,25.26,25.28,1795,1771
2026-09-23T09:00:00Z,CDU-A4,24.83,24.92,1800,1762
2026-09-23T09:00:00Z,CDU-B1,25.01,25.14,1791,1780
2026-09-23T09:00:00Z,CDU-B2,24.46,24.69,1822,1813
2026-09-23T09:00:00Z,CDU-B3,24.71,24.77,1805,1775
2026-09-23T09:00:00Z,CDU-B4,24.42,24.61,1808,1801
2026-09-23T10:00:00Z,CDU-A1,24.95,25.21,1791,1782
2026-09-23T10:00:00Z,CDU-A2,25.0,25.09,1815,1801
2026-09-23T10:00:00Z,CDU-A3,24.94,25.12,1796,1778
2026-09-23T10:00:00Z,CDU-A4,24.9,24.91,1783,1780
2026-09-23T10:00:00Z,CDU-B1,25.11,25.24,1804,1781
2026-09-23T10:00:00Z,CDU-B2,24.33,24.46,1810,1809
2026-09-23T10:00:00Z,CDU-B3,24.82,25.01,1806,1799
2026-09-23T10:00:00Z,CDU-B4,24.4,24.69,1795,1764
2026-09-23T11:00:00Z,CDU-A1,25.11,25.24,1802,1761
2026-09-23T11:00:00Z,CDU-A2,24.73,24.86,1796,1788
2026-09-23T11:00:00Z,CDU-A3,25.0,25.22,1811,1805
2026-09-23T11:00:00Z,CDU-A4,24.89,25.04,1797,1796
2026-09-23T11:00:00Z,CDU-B1,25.03,25.11,1813,1785
2026-09-23T11:00:00Z,CDU-B2,24.47,24.65,1805,1803
2026-09-23T11:00:00Z,CDU-B3,24.99,25.11,1797,1786
2026-09-23T11:00:00Z,CDU-B4,24.42,24.75,1795,1793
2026-09-23T12:00:00Z,CDU-A1,25.22,25.26,1804,1791
2026-09-23T12:00:00Z,CDU-A2,24.89,25.06,1800,1792
2026-09-23T12:00:00Z,CDU-A3,24.79,24.87,1817,1800
2026-09-23T12:00:00Z,CDU-A4,25.35,25.55,1805,1797
2026-09-23T12:00:00Z,CDU-B1,24.81,24.84,1808,1784
2026-09-23T12:00:00Z,CDU-B2,24.72,24.73,1797,1786
2026-09-23T12:00:00Z,CDU-B3,25.17,25.45,1801,1797
2026-09-23T12:00:00Z,CDU-B4,24.32,24.35,1804,1788
2026-09-23T13:00:00Z,CDU-A1,25.03,25.12,1797,1751
2026-09-23T13:00:00Z,CDU-A2,24.72,24.86,1811,1810
2026-09-23T13:00:00Z,CDU-A3,25.07,25.27,1801,1779
2026-09-23T13:00:00Z,CDU-A4,24.97,25.05,1795,1778
2026-09-23T13:00:00Z,CDU-B1,25.04,25.11,1809,1806
2026-09-23T13:00:00Z,CDU-B2,24.42,24.48,1782,1779
2026-09-23T13:00:00Z,CDU-B3,25.0,25.07,1794,1766
2026-09-23T13:00:00Z,CDU-B4,24.47,24.47,1790,1786
2026-09-23T14:00:00Z,CDU-A1,24.99,25.11,1790,1774
2026-09-23T14:00:00Z,CDU-A2,25.04,25.23,1800,1787
2026-09-23T14:00:00Z,CDU-A3,25.31,25.4,1803,1796
2026-09-23T14:00:00Z,CDU-A4,25.25,25.28,1777,1750
2026-09-23T14:00:00Z,CDU-B1,24.83,24.85,1799,1789
2026-09-23T14:00:00Z,CDU-B2,24.44,24.59,1794,1778
2026-09-23T14:00:00Z,CDU-B3,25.34,25.39,1802,1802
2026-09-23T14:00:00Z,CDU-B4,24.67,24.84,1790,1779
2026-09-23T15:00:00Z,CDU-A1,24.97,25.23,1784,1767
2026-09-23T15:00:00Z,CDU-A2,25.19,25.59,1769,1762
2026-09-23T15:00:00Z,CDU-A3,25.34,25.38,1813,1809
2026-09-23T15:00:00Z,CDU-A4,24.98,25.08,1797,1791
2026-09-23T15:00:00Z,CDU-B1,24.76,25.05,1808,1792
2026-09-23T15:00:00Z,CDU-B2,24.81,25.02,1805,1796
2026-09-23T15:00:00Z,CDU-B3,25.62,25.84,1808,1797
2026-09-23T15:00:00Z,CDU-B4,24.82,25.0,1805,1797
2026-09-23T16:00:00Z,CDU-A1,24.76,25.02,1788,1782
2026-09-23T16:00:00Z,CDU-A2,25.28,25.43,1812,1808
2026-09-23T16:00:00Z,CDU-A3,25.51,25.56,1773,1770
2026-09-23T16:00:00Z,CDU-A4,24.94,24.95,1779,1760
2026-09-23T16:00:00Z,CDU-B1,24.71,24.72,1796,1777
2026-09-23T16:00:00Z,CDU-B2,24.97,24.97,1786,1776
2026-09-23T16:00:00Z,CDU-B3,25.04,25.41,1817,1795
2026-09-23T16:00:00Z,CDU-B4,24.76,24.82,1811,1808
2026-09-23T17:00:00Z,CDU-A1,24.93,25.05,1794,1778
2026-09-23T17:00:00Z,CDU-A2,25.23,25.37,1809,1797
2026-09-23T17:00:00Z,CDU-A3,25.47,25.66,1801,1791
2026-09-23T17:00:00Z,CDU-A4,24.95,25.02,1793,1765
2026-09-23T17:00:00Z,CDU-B1,24.36,24.48,1810,1796
2026-09-23T17:00:00Z,CDU-B2,25.22,25.33,1794,1793
2026-09-23T17:00:00Z,CDU-B3,25.26,25.32,1784,1770
2026-09-23T17:00:00Z,CDU-B4,24.84,24.96,1820,1806
2026-09-23T18:00:00Z,CDU-A1,24.47,24.64,1801,1792
2026-09-23T18:00:00Z,CDU-A2,25.51,25.54,1812,1811
2026-09-23T18:00:00Z,CDU-A3,25.29,25.34,1799,1776
2026-09-23T18:00:00Z,CDU-A4,24.92,25.21,1772,1763
2026-09-23T18:00:00Z,CDU-B1,24.46,24.51,1805,1793
2026-09-23T18:00:00Z,CDU-B2,25.56,25.56,1799,1774
2026-09-23T18:00:00Z,CDU-B3,25.07,25.14,1806,1799
2026-09-23T18:00:00Z,CDU-B4,24.74,24.93,1805,1804
2026-09-23T19:00:00Z,CDU-A1,24.86,24.88,1801,1799
2026-09-23T19:00:00Z,CDU-A2,25.48,25.59,1798,1783
2026-09-23T19:00:00Z,CDU-A3,25.28,25.34,1809,1803
2026-09-23T19:00:00Z,CDU-A4,24.84,24.87,1784,1770
2026-09-23T19:00:00Z,CDU-B1,24.42,24.6,1780,1768
2026-09-23T19:00:00Z,CDU-B2,25.42,25.59,1803,1793
2026-09-23T19:00:00Z,CDU-B3,24.78,24.93,1796,1786
2026-09-23T19:00:00Z,CDU-B4,25.16,25.26,1788,1787
2026-09-23T20:00:00Z,CDU-A1,24.79,24.9,1802,1773
2026-09-23T20:00:00Z,CDU-A2,25.49,25.61,1790,1781
2026-09-23T20:00:00Z,CDU-A3,25.15,25.21,1809,1804
2026-09-23T20:00:00Z,CDU-A4,24.8,24.85,1795,1787
2026-09-23T20:00:00Z,CDU-B1,24.85,24.92,1802,1777
2026-09-23T20:00:00Z,CDU-B2,25.02,25.05,1812,1810
2026-09-23T20:00:00Z,CDU-B3,24.65,24.83,1808,1806
2026-09-23T20:00:00Z,CDU-B4,25.29,25.32,1797,1787
2026-09-23T21:00:00Z,CDU-A1,24.9,25.09,1793,1774
2026-09-23T21:00:00Z,CDU-A2,25.37,25.46,1805,1799
2026-09-23T21:00:00Z,CDU-A3,25.1,25.22,1800,1785
2026-09-23T21:00:00Z,CDU-A4,24.82,25.0,1795,1791
2026-09-23T21:00:00Z,CDU-B1,25.28,25.35,1804,1787
2026-09-23T21:00:00Z,CDU-B2,24.9,25.13,1799,1793
2026-09-23T21:00:00Z,CDU-B3,24.7,24.92,1802,1790
2026-09-23T21:00:00Z,CDU-B4,25.32,25.47,1828,1823
2026-09-23T22:00:00Z,CDU-A1,24.69,24.82,1807,1801
2026-09-23T22:00:00Z,CDU-A2,25.46,25.52,1802,1796
2026-09-23T22:00:00Z,CDU-A3,24.89,25.03,1802,1801
2026-09-23T22:00:00Z,CDU-A4,24.92,24.97,1805,1802
2026-09-23T22:00:00Z,CDU-B1,25.2,25.26,1811,1806
2026-09-23T22:00:00Z,CDU-B2,24.67,24.87,1810,1795
2026-09-23T22:00:00Z,CDU-B3,24.72,24.74,1806,1777
2026-09-23T22:00:00Z,CDU-B4,25.42,25.63,1796,1788
2026-09-23T23:00:00Z,CDU-A1,24.69,24.93,1791,1779
2026-09-23T23:00:00Z,CDU-A2,25.36,25.39,1805,1780
2026-09-23T23:00:00Z,CDU-A3,24.59,24.61,1783,1775
2026-09-23T23:00:00Z,CDU-A4,24.9,24.94,1795,1785
2026-09-23T23:00:00Z,CDU-B1,25.25,25.49,1797,1794
2026-09-23T23:00:00Z,CDU-B2,24.74,24.86,1794,1792
2026-09-23T23:00:00Z,CDU-B3,24.5,24.53,1799,1780
2026-09-23T23:00:00Z,CDU-B4,25.22,25.4,1802,1767
2026-09-24T00:00:00Z,CDU-A1,25.09,25.11,1804,1794
2026-09-24T00:00:00Z,CDU-A2,25.02,25.21,1803,1790
2026-09-24T00:00:00Z,CDU-A3,24.79,24.82,1807,1798
2026-09-24T00:00:00Z,CDU-A4,24.99,25.11,1784,1764
2026-09-24T00:00:00Z,CDU-B1,25.03,25.13,1826,1816
2026-09-24T00:00:00Z,CDU-B2,24.55,24.69,1790,1779
2026-09-24T00:00:00Z,CDU-B3,24.51,24.6,1798,1787
2026-09-24T00:00:00Z,CDU-B4,25.31,25.47,1806,1795
2026-09-24T01:00:00Z,CDU-A1,24.96,25.11,1800,1781
2026-09-24T01:00:00Z,CDU-A2,25.07,25.07,1820,1787
2026-09-24T01:00:00Z,CDU-A3,25.09,25.22,1812,1804
2026-09-24T01:00:00Z,CDU-A4,25.14,25.27,1804,1800
2026-09-24T01:00:00Z,CDU-B1,24.4,24.69,1798,1794
2026-09-24T01:00:00Z,CDU-B2,24.83,24.89,1784,1781
2026-09-24T01:00:00Z,CDU-B3,24.76,24.92,1806,1802
2026-09-24T01:00:00Z,CDU-B4,25.18,25.19,1792,1791
2026-09-24T02:00:00Z,CDU-A1,24.94,25.06,1812,1809
2026-09-24T02:00:00Z,CDU-A2,25.03,25.1,1790,1761
2026-09-24T02:00:00Z,CDU-A3,25.0,25.19,1803,1771
2026-09-24T02:00:00Z,CDU-A4,25.05,25.06,1791,1789
2026-09-24T02:00:00Z,CDU-B1,24.56,24.7,1783,1772
2026-09-24T02:00:00Z,CDU-B2,25.22,25.42,1797,1779
2026-09-24T02:00:00Z,CDU-B3,25.06,25.18,1798,1793
2026-09-24T02:00:00Z,CDU-B4,25.1,25.23,1802,1798
2026-09-24T03:00:00Z,CDU-A1,24.8,25.15,1793,1791
2026-09-24T03:00:00Z,CDU-A2,24.83,25.14,1802,1782
2026-09-24T03:00:00Z,CDU-A3,24.37,24.5,1785,1743
2026-09-24T03:00:00Z,CDU-A4,25.21,25.27,1797,1791
2026-09-24T03:00:00Z,CDU-B1,24.72,25.0,1812,1799
2026-09-24T03:00:00Z,CDU-B2,25.29,25.39,1801,1792
2026-09-24T03:00:00Z,CDU-B3,24.92,25.14,1791,1786
2026-09-24T03:00:00Z,CDU-B4,25.1,25.19,1791,1784
2026-09-24T04:00:00Z,CDU-A1,24.72,24.88,1795,1792
2026-09-24T04:00:00Z,CDU-A2,24.62,24.66,1799,1798
2026-09-24T04:00:00Z,CDU-A3,24.58,24.78,1795,1769
2026-09-24T04:00:00Z,CDU-A4,25.15,25.16,1800,1794
2026-09-24T04:00:00Z,CDU-B1,24.68,24.68,1802,1783
2026-09-24T04:00:00Z,CDU-B2,25.25,25.36,1799,1796
2026-09-24T04:00:00Z,CDU-B3,24.63,24.68,1813,1801
2026-09-24T04:00:00Z,CDU-B4,25.06,25.11,1812,1804
2026-09-24T05:00:00Z,CDU-A1,24.94,25.08,1805,1795
2026-09-24T05:00:00Z,CDU-A2,24.57,24.77,1816,1797
2026-09-24T05:00:00Z,CDU-A3,24.69,24.73,1792,1756
2026-09-24T05:00:00Z,CDU-A4,25.18,25.35,1803,1788
2026-09-24T05:00:00Z,CDU-B1,24.86,25.02,1788,1765
2026-09-24T05:00:00Z,CDU-B2,25.17,25.19,1789,1776
2026-09-24T05:00:00Z,CDU-B3,24.77,24.86,1792,1753
2026-09-24T05:00:00Z,CDU-B4,25.08,25.19,1787,1770
2026-09-24T06:00:00Z,CDU-A1,24.78,24.81,1790,1788
2026-09-24T06:00:00Z,CDU-A2,24.7,24.72,1808,1788
2026-09-24T06:00:00Z,CDU-A3,24.61,24.69,1792,1783
2026-09-24T06:00:00Z,CDU-A4,25.15,25.18,1798,1787
2026-09-24T06:00:00Z,CDU-B1,25.1,25.23,1791,1786
2026-09-24T06:00:00Z,CDU-B2,25.27,25.5,1788,1774
2026-09-24T06:00:00Z,CDU-B3,24.7,24.73,1794,1793
2026-09-24T06:00:00Z,CDU-B4,24.89,24.98,1789,1765
2026-09-24T07:00:00Z,CDU-A1,25.04,25.15,1805,1780
2026-09-24T07:00:00Z,CDU-A2,25.05,25.19,1793,1772
2026-09-24T07:00:00Z,CDU-A3,24.57,24.65,1801,1798
2026-09-24T07:00:00Z,CDU-A4,25.35,25.36,1793,1792
2026-09-24T07:00:00Z,CDU-B1,25.09,25.16,1794,1781
2026-09-24T07:00:00Z,CDU-B2,25.07,25.27,1790,1769
2026-09-24T07:00:00Z,CDU-B3,24.77,24.8,1792,1786
2026-09-24T07:00:00Z,CDU-B4,24.89,24.93,1809,1791
2026-09-24T08:00:00Z,CDU-A1,24.88,24.95,1791,1780
2026-09-24T08:00:00Z,CDU-A2,25.17,25.18,1809,1766
2026-09-24T08:00:00Z,CDU-A3,24.6,24.64,1788,1778
2026-09-24T08:00:00Z,CDU-A4,25.36,25.51,1791,1773
2026-09-24T08:00:00Z,CDU-B1,25.11,25.18,1797,1785
2026-09-24T08:00:00Z,CDU-B2,24.98,25.1,1802,1799
2026-09-24T08:00:00Z,CDU-B3,24.69,24.75,1806,1802
2026-09-24T08:00:00Z,CDU-B4,25.17,25.21,1791,1790
2026-09-24T09:00:00Z,CDU-A1,24.79,24.94,1800,1792
2026-09-24T09:00:00Z,CDU-A2,25.05,25.33,1805,1778
2026-09-24T09:00:00Z,CDU-A3,24.61,24.67,1803,1795
2026-09-24T09:00:00Z,CDU-A4,25.01,25.13,1812,1809
2026-09-24T09:00:00Z,CDU-B1,24.97,25.01,1803,1778
2026-09-24T09:00:00Z,CDU-B2,24.84,24.87,1795,1775
2026-09-24T09:00:00Z,CDU-B3,24.78,24.79,1792,1791
2026-09-24T09:00:00Z,CDU-B4,24.91,25.04,1792,1789
2026-09-24T10:00:00Z,CDU-A1,25.13,25.14,1803,1785
2026-09-24T10:00:00Z,CDU-A2,25.13,25.17,1795,1780
2026-09-24T10:00:00Z,CDU-A3,24.7,24.8,1795,1786
2026-09-24T10:00:00Z,CDU-A4,25.29,25.35,1797,1786
2026-09-24T10:00:00Z,CDU-B1,24.69,25.01,1774,1767
2026-09-24T10:00:00Z,CDU-B2,24.63,24.83,1817,1796
2026-09-24T10:00:00Z,CDU-B3,24.64,24.88,1801,1795
2026-09-24T10:00:00Z,CDU-B4,25.45,25.61,1812,1804
2026-09-24T11:00:00Z,CDU-A1,25.14,25.44,1790,1785
2026-09-24T11:00:00Z,CDU-A2,25.3,25.6,1802,1788
2026-09-24T11:00:00Z,CDU-A3,24.51,24.61,1811,1807
2026-09-24T11:00:00Z,CDU-A4,24.92,25.16,1824,1814
2026-09-24T11:00:00Z,CDU-B1,24.77,25.06,1800,1786
2026-09-24T11:00:00Z,CDU-B2,24.77,24.77,1797,1786
2026-09-24T11:00:00Z,CDU-B3,24.48,24.6,1787,1776
2026-09-24T11:00:00Z,CDU-B4,25.36,25.41,1795,1781
2026-09-24T12:00:00Z,CDU-A1,25.26,25.27,1806,1791
2026-09-24T12:00:00Z,CDU-A2,25.46,25.6,1806,1775
2026-09-24T12:00:00Z,CDU-A3,24.74,24.79,1789,1781
2026-09-24T12:00:00Z,CDU-A4,25.05,25.33,1809,1797
2026-09-24T12:00:00Z,CDU-B1,24.73,24.73,1802,1797
2026-09-24T12:00:00Z,CDU-B2,24.81,24.87,1814,1804
2026-09-24T12:00:00Z,CDU-B3,25.08,25.1,1802,1781
2026-09-24T12:00:00Z,CDU-B4,25.46,25.58,1783,1769
2026-09-24T13:00:00Z,CDU-A1,25.25,25.48,1800,1791
2026-09-24T13:00:00Z,CDU-A2,25.49,25.59,1799,1774
2026-09-24T13:00:00Z,CDU-A3,25.03,25.05,1803,1792
2026-09-24T13:00:00Z,CDU-A4,25.35,25.39,1789,1766
2026-09-24T13:00:00Z,CDU-B1,24.81,24.9,1795,1785
2026-09-24T13:00:00Z,CDU-B2,24.74,24.77,1815,1813
2026-09-24T13:00:00Z,CDU-B3,25.2,25.31,1815,1796
2026-09-24T13:00:00Z,CDU-B4,25.14,25.22,1807,1804
2026-09-24T14:00:00Z,CDU-A1,25.39,25.43,1809,1778
2026-09-24T14:00:00Z,CDU-A2,25.57,25.59,1814,1810
2026-09-24T14:00:00Z,CDU-A3,25.42,25.46,1800,1793
2026-09-24T14:00:00Z,CDU-A4,25.43,25.64,1802,1793
2026-09-24T14:00:00Z,CDU-B1,24.9,24.97,1794,1774
2026-09-24T14:00:00Z,CDU-B2,24.63,24.73,1803,1787
2026-09-24T14:00:00Z,CDU-B3,25.31,25.39,1800,1799
2026-09-24T14:00:00Z,CDU-B4,24.68,24.7,1789,1765
2026-09-24T15:00:00Z,CDU-A1,25.52,25.53,1797,1796
2026-09-24T15:00:00Z,CDU-A2,25.51,25.56,1805,1786
2026-09-24T15:00:00Z,CDU-A3,25.45,25.47,1793,1787
2026-09-24T15:00:00Z,CDU-A4,25.48,25.58,1795,1779
2026-09-24T15:00:00Z,CDU-B1,25.23,25.52,1785,1773
2026-09-24T15:00:00Z,CDU-B2,24.8,24.9,1808,1802
2026-09-24T15:00:00Z,CDU-B3,25.13,25.15,1811,1780
2026-09-24T15:00:00Z,CDU-B4,25.15,25.28,1795,1790
2026-09-24T16:00:00Z,CDU-A1,25.66,25.83,1804,1802
2026-09-24T16:00:00Z,CDU-A2,25.17,25.43,1795,1779
2026-09-24T16:00:00Z,CDU-A3,25.67,25.97,1801,1781
2026-09-24T16:00:00Z,CDU-A4,25.56,25.57,1803,1787
2026-09-24T16:00:00Z,CDU-B1,24.97,25.08,1811,1804
2026-09-24T16:00:00Z,CDU-B2,24.92,24.94,1807,1781
2026-09-24T16:00:00Z,CDU-B3,24.79,25.06,1791,1762
2026-09-24T16:00:00Z,CDU-B4,25.1,25.23,1808,1800
2026-09-24T17:00:00Z,CDU-A1,25.53,25.54,1803,1796
2026-09-24T17:00:00Z,CDU-A2,25.06,25.09,1798,1792
2026-09-24T17:00:00Z,CDU-A3,25.74,25.81,1803,1801
2026-09-24T17:00:00Z,CDU-A4,25.42,25.55,1788,1781
2026-09-24T17:00:00Z,CDU-B1,25.3,25.36,1794,1791
2026-09-24T17:00:00Z,CDU-B2,25.2,25.23,1794,1766
2026-09-24T17:00:00Z,CDU-B3,24.99,25.0,1817,1794
2026-09-24T17:00:00Z,CDU-B4,25.0,25.06,1806,1788
2026-09-24T18:00:00Z,CDU-A1,25.02,25.13,1793,1791
2026-09-24T18:00:00Z,CDU-A2,24.91,25.04,1805,1791
2026-09-24T18:00:00Z,CDU-A3,25.71,25.89,1778,1771
2026-09-24T18:00:00Z,CDU-A4,25.44,25.48,1808,1780
2026-09-24T18:00:00Z,CDU-B1,24.95,25.01,1791,1773
2026-09-24T18:00:00Z,CDU-B2,25.03,25.05,1797,1760
2026-09-24T18:00:00Z,CDU-B3,24.98,25.06,1809,1806
2026-09-24T18:00:00Z,CDU-B4,24.97,25.14,1801,1786
2026-09-24T19:00:00Z,CDU-A1,24.93,25.18,1796,1781
2026-09-24T19:00:00Z,CDU-A2,25.28,25.46,1795,1786
2026-09-24T19:00:00Z,CDU-A3,25.63,25.68,1803,1797
2026-09-24T19:00:00Z,CDU-A4,25.64,25.81,1783,1763
2026-09-24T19:00:00Z,CDU-B1,25.13,25.17,1800,1799
2026-09-24T19:00:00Z,CDU-B2,24.94,25.02,1781,1762
2026-09-24T19:00:00Z,CDU-B3,24.65,24.65,1787,1771
2026-09-24T19:00:00Z,CDU-B4,24.59,24.85,1794,1788
2026-09-24T20:00:00Z,CDU-A1,25.0,25.05,1797,1796
2026-09-24T20:00:00Z,CDU-A2,24.97,24.98,1822,1822
2026-09-24T20:00:00Z,CDU-A3,25.63,25.82,1806,1795
2026-09-24T20:00:00Z,CDU-A4,25.4,25.53,1821,1810
2026-09-24T20:00:00Z,CDU-B1,24.94,25.03,1807,1782
2026-09-24T20:00:00Z,CDU-B2,24.86,25.03,1798,1790
2026-09-24T20:00:00Z,CDU-B3,24.53,24.66,1799,1798
2026-09-24T20:00:00Z,CDU-B4,24.69,24.95,1815,1807
2026-09-24T21:00:00Z,CDU-A1,24.8,24.81,1788,1765
2026-09-24T21:00:00Z,CDU-A2,25.14,25.36,1796,1796
2026-09-24T21:00:00Z,CDU-A3,25.25,25.46,1812,1805
2026-09-24T21:00:00Z,CDU-A4,24.85,24.98,1791,1785
2026-09-24T21:00:00Z,CDU-B1,25.01,25.26,1790,1786
2026-09-24T21:00:00Z,CDU-B2,25.19,25.24,1789,1774
2026-09-24T21:00:00Z,CDU-B3,24.89,24.93,1808,1802
2026-09-24T21:00:00Z,CDU-B4,24.54,24.55,1804,1774
2026-09-24T22:00:00Z,CDU-A1,24.84,24.85,1796,1764
2026-09-24T22:00:00Z,CDU-A2,25.59,25.62,1794,1785
2026-09-24T22:00:00Z,CDU-A3,24.73,25.05,1812,1796
2026-09-24T22:00:00Z,CDU-A4,24.78,24.89,1794,1792
2026-09-24T22:00:00Z,CDU-B1,25.15,25.18,1800,1797
2026-09-24T22:00:00Z,CDU-B2,25.07,25.11,1792,1757
2026-09-24T22:00:00Z,CDU-B3,24.69,24.84,1817,1814
2026-09-24T22:00:00Z,CDU-B4,24.61,24.81,1776,1774
2026-09-24T23:00:00Z,CDU-A1,24.87,24.98,1780,1755
2026-09-24T23:00:00Z,CDU-A2,25.41,25.68,1800,1799
2026-09-24T23:00:00Z,CDU-A3,24.77,24.94,1788,1777
2026-09-24T23:00:00Z,CDU-A4,24.77,24.91,1804,1803
2026-09-24T23:00:00Z,CDU-B1,24.95,24.95,1816,1802
2026-09-24T23:00:00Z,CDU-B2,25.09,25.17,1800,1785
2026-09-24T23:00:00Z,CDU-B3,24.69,24.76,1799,1789
2026-09-24T23:00:00Z,CDU-B4,24.73,24.77,1790,1780
2026-09-25T00:00:00Z,CDU-A1,24.97,25.09,1801,1798
2026-09-25T00:00:00Z,CDU-A2,25.0,25.11,1798,1778
2026-09-25T00:00:00Z,CDU-A3,24.71,24.89,1795,1779
2026-09-25T00:00:00Z,CDU-A4,25.09,25.18,1809,1807
2026-09-25T00:00:00Z,CDU-B1,25.0,25.28,1792,1783
2026-09-25T00:00:00Z,CDU-B2,25.2,25.29,1819,1808
2026-09-25T00:00:00Z,CDU-B3,24.88,24.95,1814,1795
2026-09-25T00:00:00Z,CDU-B4,24.74,24.91,1800,1789
2026-09-25T01:00:00Z,CDU-A1,25.11,25.54,1787,1769
2026-09-25T01:00:00Z,CDU-A2,25.08,25.23,1802,1796
2026-09-25T01:00:00Z,CDU-A3,24.84,25.13,1812,1784
2026-09-25T01:00:00Z,CDU-A4,25.18,25.4,1823,1801
2026-09-25T01:00:00Z,CDU-B1,25.04,25.06,1806,1791
2026-09-25T01:00:00Z,CDU-B2,24.73,24.8,1779,1767
2026-09-25T01:00:00Z,CDU-B3,24.67,24.73,1800,1793
2026-09-25T01:00:00Z,CDU-B4,24.98,25.25,1815,1807
2026-09-25T02:00:00Z,CDU-A1,25.09,25.14,1795,1782
2026-09-25T02:00:00Z,CDU-A2,25.03,25.07,1800,1794
2026-09-25T02:00:00Z,CDU-A3,24.85,25.09,1794,1771
2026-09-25T02:00:00Z,CDU-A4,25.32,25.36,1781,1779
2026-09-25T02:00:00Z,CDU-B1,25.06,25.21,1803,1785
2026-09-25T02:00:00Z,CDU-B2,24.76,24.83,1805,1789
2026-09-25T02:00:00Z,CDU-B3,25.08,25.21,1812,1799
2026-09-25T02:00:00Z,CDU-B4,25.2,25.29,1815,1808
2026-09-25T03:00:00Z,CDU-A1,24.78,24.9,1804,1800
2026-09-25T03:00:00Z,CDU-A2,25.2,25.33,1788,1784
2026-09-25T03:00:00Z,CDU-A3,24.9,24.95,1800,1789
2026-09-25T03:00:00Z,CDU-A4,25.21,25.29,1794,1777
2026-09-25T03:00:00Z,CDU-B1,24.87,25.03,1808,1788
2026-09-25T03:00:00Z,CDU-B2,24.46,24.64,1799,1798
2026-09-25T03:00:00Z,CDU-B3,24.9,25.12,1798,1775
2026-09-25T03:00:00Z,CDU-B4,25.18,25.19,1796,1768
2026-09-25T04:00:00Z,CDU-A1,24.9,24.96,1794,1792
2026-09-25T04:00:00Z,CDU-A2,25.22,25.28,1807,1799
2026-09-25T04:00:00Z,CDU-A3,24.89,24.89,1804,1789
2026-09-25T04:00:00Z,CDU-A4,24.99,25.07,1806,1793
2026-09-25T04:00:00Z,CDU-B1,25.22,25.36,1806,1806
2026-09-25T04:00:00Z,CDU-B2,24.81,25.05,1789,1777
2026-09-25T04:00:00Z,CDU-B3,24.78,24.95,1809,1804
2026-09-25T04:00:00Z,CDU-B4,25.09,25.29,1803,1795
2026-09-25T05:00:00Z,CDU-A1,25.03,25.06,1786,1767
2026-09-25T05:00:00Z,CDU-A2,25.18,25.19,1808,1791
2026-09-25T05:00:00Z,CDU-A3,24.57,24.58,1816,1804
2026-09-25T05:00:00Z,CDU-A4,24.99,25.23,1793,1779
2026-09-25T05:00:00Z,CDU-B1,25.11,25.3,1816,1811
2026-09-25T05:00:00Z,CDU-B2,24.99,25.08,1786,1757
2026-09-25T05:00:00Z,CDU-B3,24.77,24.86,1802,1796
2026-09-25T05:00:00Z,CDU-B4,25.47,25.56,1806,1806
2026-09-25T06:00:00Z,CDU-A1,24.97,25.18,1809,1786
2026-09-25T06:00:00Z,CDU-A2,25.23,25.29,1804,1793
2026-09-25T06:00:00Z,CDU-A3,24.96,25.15,1787,1771
2026-09-25T06:00:00Z,CDU-A4,24.97,25.1,1805,1803
2026-09-25T06:00:00Z,CDU-B1,24.83,24.9,1783,1781
2026-09-25T06:00:00Z,CDU-B2,25.15,25.29,1787,1783
2026-09-25T06:00:00Z,CDU-B3,24.84,24.94,1784,1779
2026-09-25T06:00:00Z,CDU-B4,25.27,25.34,1804,1803
2026-09-25T07:00:00Z,CDU-A1,25.13,25.13,1802,1785
2026-09-25T07:00:00Z,CDU-A2,25.21,25.35,1786,1785
2026-09-25T07:00:00Z,CDU-A3,25.09,25.24,1813,1797
2026-09-25T07:00:00Z,CDU-A4,25.07,25.24,1797,1776
2026-09-25T07:00:00Z,CDU-B1,24.69,24.79,1802,1797
2026-09-25T07:00:00Z,CDU-B2,25.19,25.29,1810,1797
2026-09-25T07:00:00Z,CDU-B3,25.04,25.14,1794,1785
2026-09-25T07:00:00Z,CDU-B4,24.9,25.06,1786,1785
2026-09-25T08:00:00Z,CDU-A1,25.36,25.45,1812,1811
2026-09-25T08:00:00Z,CDU-A2,25.45,25.45,1787,1779
2026-09-25T08:00:00Z,CDU-A3,25.39,25.49,1805,1795
2026-09-25T08:00:00Z,CDU-A4,25.18,25.39,1816,1782
2026-09-25T08:00:00Z,CDU-B1,24.52,24.54,1808,1791
2026-09-25T08:00:00Z,CDU-B2,25.19,25.29,1793,1778
2026-09-25T08:00:00Z,CDU-B3,24.6,24.64,1795,1784
2026-09-25T08:00:00Z,CDU-B4,25.17,25.3,1798,1796
2026-09-25T09:00:00Z,CDU-A1,25.31,25.49,1786,1779
2026-09-25T09:00:00Z,CDU-A2,25.41,25.53,1793,1790
2026-09-25T09:00:00Z,CDU-A3,25.41,25.52,1791,1779
2026-09-25T09:00:00Z,CDU-A4,24.88,24.94,1795,1790
2026-09-25T09:00:00Z,CDU-B1,24.57,24.68,1802,1785
2026-09-25T09:00:00Z,CDU-B2,25.15,25.26,1786,1784
2026-09-25T09:00:00Z,CDU-B3,24.72,24.9,1797,1777
2026-09-25T09:00:00Z,CDU-B4,24.95,24.96,1810,1800
2026-09-25T10:00:00Z,CDU-A1,25.43,25.55,1811,1806
2026-09-25T10:00:00Z,CDU-A2,24.83,24.98,1782,1769
2026-09-25T10:00:00Z,CDU-A3,25.5,25.59,1798,1779
2026-09-25T10:00:00Z,CDU-A4,24.88,25.04,1811,1806
2026-09-25T10:00:00Z,CDU-B1,24.76,25.01,1778,1776
2026-09-25T10:00:00Z,CDU-B2,25.09,25.12,1804,1784
2026-09-25T10:00:00Z,CDU-B3,24.73,25.02,1797,1767
2026-09-25T10:00:00Z,CDU-B4,24.87,24.97,1781,1768
2026-09-25T11:00:00Z,CDU-A1,25.44,25.46,1813,1793
2026-09-25T11:00:00Z,CDU-A2,24.77,24.82,1812,1812
2026-09-25T11:00:00Z,CDU-A3,25.27,25.34,1800,1788
2026-09-25T11:00:00Z,CDU-A4,24.6,24.71,1827,1797
2026-09-25T11:00:00Z,CDU-B1,24.68,24.74,1806,1800
2026-09-25T11:00:00Z,CDU-B2,24.79,24.95,1809,1792
2026-09-25T11:00:00Z,CDU-B3,24.69,24.97,1801,1798
2026-09-25T11:00:00Z,CDU-B4,24.46,24.61,1808,1802
2026-09-25T12:00:00Z,CDU-A1,25.49,25.59,1805,1792
2026-09-25T12:00:00Z,CDU-A2,25.1,25.25,1816,1794
2026-09-25T12:00:00Z,CDU-A3,25.3,25.31,1803,1803
2026-09-25T12:00:00Z,CDU-A4,24.86,24.87,1803,1796
2026-09-25T12:00:00Z,CDU-B1,24.73,24.78,1804,1782
2026-09-25T12:00:00Z,CDU-B2,24.97,25.0,1791,1790
2026-09-25T12:00:00Z,CDU-B3,24.73,24.87,1798,1765
2026-09-25T12:00:00Z,CDU-B4,24.88,25.0,1798,1771
2026-09-25T13:00:00Z,CDU-A1,25.77,25.81,1798,1788
2026-09-25T13:00:00Z,CDU-A2,25.12,25.2,1801,1783
2026-09-25T13:00:00Z,CDU-A3,25.21,25.43,1816,1790
2026-09-25T13:00:00Z,CDU-A4,25.2,25.45,1796,1780
2026-09-25T13:00:00Z,CDU-B1,24.72,24.79,1820,1810
2026-09-25T13:00:00Z,CDU-B2,25.11,25.37,1801,1785
2026-09-25T13:00:00Z,CDU-B3,25.15,25.17,1800,1794
2026-09-25T13:00:00Z,CDU-B4,24.84,25.09,1802,1796
2026-09-25T14:00:00Z,CDU-A1,25.3,25.42,1784,1764
2026-09-25T14:00:00Z,CDU-A2,25.21,25.24,1804,1792
2026-09-25T14:00:00Z,CDU-A3,25.14,25.18,1805,1794
2026-09-25T14:00:00Z,CDU-A4,25.24,25.59,1779,1770
2026-09-25T14:00:00Z,CDU-B1,24.95,25.03,1791,1785
2026-09-25T14:00:00Z,CDU-B2,24.87,25.03,1790,1781
2026-09-25T14:00:00Z,CDU-B3,24.97,25.03,1782,1763
2026-09-25T14:00:00Z,CDU-B4,24.79,24.82,1824,1818
2026-09-25T15:00:00Z,CDU-A1,25.14,25.34,1780,1763
2026-09-25T15:00:00Z,CDU-A2,25.48,25.75,1789,1782
2026-09-25T15:00:00Z,CDU-A3,25.01,25.07,1799,1795
2026-09-25T15:00:00Z,CDU-A4,25.36,25.56,1793,1791
2026-09-25T15:00:00Z,CDU-B1,24.7,24.75,1797,1795
2026-09-25T15:00:00Z,CDU-B2,24.83,24.85,1787,1777
2026-09-25T15:00:00Z,CDU-B3,24.96,25.14,1796,1780
2026-09-25T15:00:00Z,CDU-B4,24.78,24.79,1815,1807
2026-09-25T16:00:00Z,CDU-A1,25.13,25.22,1809,1790
2026-09-25T16:00:00Z,CDU-A2,25.46,25.63,1812,1800
2026-09-25T16:00:00Z,CDU-A3,25.19,25.27,1804,1792
2026-09-25T16:00:00Z,CDU-A4,25.54,25.55,1783,1783
2026-09-25T16:00:00Z,CDU-B1,24.78,24.92,1800,1775
2026-09-25T16:00:00Z,CDU-B2,24.94,24.95,1801,1794
2026-09-25T16:00:00Z,CDU-B3,25.08,25.34,1788,1784
2026-09-25T16:00:00Z,CDU-B4,25.05,25.08,1802,1787
2026-09-25T17:00:00Z,CDU-A1,24.8,24.83,1799,1783
2026-09-25T17:00:00Z,CDU-A2,25.31,25.32,1800,1780
2026-09-25T17:00:00Z,CDU-A3,25.05,25.44,1794,1787
2026-09-25T17:00:00Z,CDU-A4,25.52,25.54,1798,1776
2026-09-25T17:00:00Z,CDU-B1,24.56,24.56,1805,1793
2026-09-25T17:00:00Z,CDU-B2,24.91,24.93,1808,1802
2026-09-25T17:00:00Z,CDU-B3,24.82,24.96,1789,1788
2026-09-25T17:00:00Z,CDU-B4,25.01,25.05,1810,1796
2026-09-25T18:00:00Z,CDU-A1,24.92,25.12,1796,1786
2026-09-25T18:00:00Z,CDU-A2,25.19,25.33,1791,1788
2026-09-25T18:00:00Z,CDU-A3,24.92,25.1,1794,1792
2026-09-25T18:00:00Z,CDU-A4,25.2,25.33,1803,1785
2026-09-25T18:00:00Z,CDU-B1,24.51,24.57,1797,1788
2026-09-25T18:00:00Z,CDU-B2,24.92,25.24,1802,1791
2026-09-25T18:00:00Z,CDU-B3,24.55,24.7,1815,1814
2026-09-25T18:00:00Z,CDU-B4,25.06,25.18,1799,1781
2026-09-25T19:00:00Z,CDU-A1,24.85,25.03,1775,1762
2026-09-25T19:00:00Z,CDU-A2,25.42,25.61,1805,1793
2026-09-25T19:00:00Z,CDU-A3,25.04,25.17,1796,1784
2026-09-25T19:00:00Z,CDU-A4,24.93,24.94,1803,1797
2026-09-25T19:00:00Z,CDU-B1,24.67,24.78,1808,1798
2026-09-25T19:00:00Z,CDU-B2,24.88,25.11,1822,1818
2026-09-25T19:00:00Z,CDU-B3,24.46,24.58,1798,1793
2026-09-25T19:00:00Z,CDU-B4,25.01,25.02,1805,1792
2026-09-25T20:00:00Z,CDU-A1,24.96,25.15,1789,1785
2026-09-25T20:00:00Z,CDU-A2,25.37,25.4,1807,1800
2026-09-25T20:00:00Z,CDU-A3,25.21,25.39,1815,1807
2026-09-25T20:00:00Z,CDU-A4,25.16,25.16,1794,1781
2026-09-25T20:00:00Z,CDU-B1,24.56,24.59,1803,1797
2026-09-25T20:00:00Z,CDU-B2,24.74,24.95,1812,1803
2026-09-25T20:00:00Z,CDU-B3,24.69,24.77,1794,1771
2026-09-25T20:00:00Z,CDU-B4,25.24,25.52,1791,1784
2026-09-25T21:00:00Z,CDU-A1,24.91,24.98,1806,1795
2026-09-25T21:00:00Z,CDU-A2,25.21,25.54,1820,1809
2026-09-25T21:00:00Z,CDU-A3,24.86,24.94,1792,1787
2026-09-25T21:00:00Z,CDU-A4,25.26,25.45,1804,1802
2026-09-25T21:00:00Z,CDU-B1,24.69,24.79,1821,1803
2026-09-25T21:00:00Z,CDU-B2,24.95,25.09,1797,1793
2026-09-25T21:00:00Z,CDU-B3,25.04,25.04,1806,1798
2026-09-25T21:00:00Z,CDU-B4,25.41,25.56,1806,1803
2026-09-25T22:00:00Z,CDU-A1,24.84,25.13,1816,1812
2026-09-25T22:00:00Z,CDU-A2,25.3,25.51,1802,1794
2026-09-25T22:00:00Z,CDU-A3,24.69,24.76,1813,1802
2026-09-25T22:00:00Z,CDU-A4,25.2,25.26,1793,1778
2026-09-25T22:00:00Z,CDU-B1,24.48,24.74,1806,1793
2026-09-25T22:00:00Z,CDU-B2,25.03,25.38,1799,1779
2026-09-25T22:00:00Z,CDU-B3,25.32,25.35,1804,1801
2026-09-25T22:00:00Z,CDU-B4,25.37,25.5,1797,1786
2026-09-25T23:00:00Z,CDU-A1,25.17,25.3,1801,1767
2026-09-25T23:00:00Z,CDU-A2,25.36,25.68,1784,1779
2026-09-25T23:00:00Z,CDU-A3,24.73,24.76,1809,1787
2026-09-25T23:00:00Z,CDU-A4,25.36,25.38,1776,1773
2026-09-25T23:00:00Z,CDU-B1,24.83,24.93,1797,1795
2026-09-25T23:00:00Z,CDU-B2,25.46,25.5,1823,1816
2026-09-25T23:00:00Z,CDU-B3,25.41,25.5,1791,1782
2026-09-25T23:00:00Z,CDU-B4,25.1,25.32,1803,1790
2026-09-26T00:00:00Z,CDU-A1,25.24,25.25,1805,1784
2026-09-26T00:00:00Z,CDU-A2,25.38,25.47,1809,1808
2026-09-26T00:00:00Z,CDU-A3,24.8,24.97,1795,1777
2026-09-26T00:00:00Z,CDU-A4,25.3,25.31,1807,1780
2026-09-26T00:00:00Z,CDU-B1,25.09,25.51,1794,1792
2026-09-26T00:00:00Z,CDU-B2,25.21,25.26,1812,1805
2026-09-26T00:00:00Z,CDU-B3,25.4,25.45,1791,1788
2026-09-26T00:00:00Z,CDU-B4,25.03,25.25,1799,1791
2026-09-26T01:00:00Z,CDU-A1,25.51,25.66,1805,1798
2026-09-26T01:00:00Z,CDU-A2,24.96,25.17,1801,1793
2026-09-26T01:00:00Z,CDU-A3,24.83,24.88,1803,1800
2026-09-26T01:00:00Z,CDU-A4,25.27,25.29,1806,1804
2026-09-26T01:00:00Z,CDU-B1,24.97,25.06,1790,1786
2026-09-26T01:00:00Z,CDU-B2,25.16,25.2,1789,1777
2026-09-26T01:00:00Z,CDU-B3,25.21,25.25,1801,1789
2026-09-26T01:00:00Z,CDU-B4,25.18,25.28,1806,1802
2026-09-26T02:00:00Z,CDU-A1,25.26,25.57,1797,1774
2026-09-26T02:00:00Z,CDU-A2,24.68,24.73,1788,1771
2026-09-26T02:00:00Z,CDU-A3,24.9,24.98,1807,1800
2026-09-26T02:00:00Z,CDU-A4,25.19,25.4,1789,1773
2026-09-26T02:00:00Z,CDU-B1,24.89,25.07,1804,1793
2026-09-26T02:00:00Z,CDU-B2,25.26,25.37,1801,1795
2026-09-26T02:00:00Z,CDU-B3,25.2,25.37,1798,1793
2026-09-26T02:00:00Z,CDU-B4,24.97,25.16,1795,1781
2026-09-26T03:00:00Z,CDU-A1,25.67,25.92,1792,1780
2026-09-26T03:00:00Z,CDU-A2,25.03,25.11,1801,1785
2026-09-26T03:00:00Z,CDU-A3,25.09,25.29,1790,1787
2026-09-26T03:00:00Z,CDU-A4,25.11,25.36,1795,1785
2026-09-26T03:00:00Z,CDU-B1,24.7,24.82,1799,1764
2026-09-26T03:00:00Z,CDU-B2,24.96,25.1,1795,1788
2026-09-26T03:00:00Z,CDU-B3,25.1,25.23,1800,1795
2026-09-26T03:00:00Z,CDU-B4,24.77,24.85,1814,1791
2026-09-26T04:00:00Z,CDU-A1,25.81,25.82,1810,1802
2026-09-26T04:00:00Z,CDU-A2,25.15,25.29,1793,1791
2026-09-26T04:00:00Z,CDU-A3,24.92,25.05,1799,1796
2026-09-26T04:00:00Z,CDU-A4,24.84,24.84,1795,1786
2026-09-26T04:00:00Z,CDU-B1,24.67,24.75,1785,1782
2026-09-26T04:00:00Z,CDU-B2,25.08,25.1,1802,1798
2026-09-26T04:00:00Z,CDU-B3,25.02,25.08,1778,1773
2026-09-26T04:00:00Z,CDU-B4,24.7,24.82,1798,1794
2026-09-26T05:00:00Z,CDU-A1,25.71,25.77,1803,1802
2026-09-26T05:00:00Z,CDU-A2,25.48,25.5,1791,1790
2026-09-26T05:00:00Z,CDU-A3,25.02,25.06,1787,1775
2026-09-26T05:00:00Z,CDU-A4,24.48,24.65,1813,1800
2026-09-26T05:00:00Z,CDU-B1,24.98,25.08,1822,1821
2026-09-26T05:00:00Z,CDU-B2,25.39,25.46,1773,1771
2026-09-26T05:00:00Z,CDU-B3,24.88,25.11,1789,1778
2026-09-26T05:00:00Z,CDU-B4,24.78,24.78,1797,1772
2026-09-26T06:00:00Z,CDU-A1,25.44,25.69,1797,1756
2026-09-26T06:00:00Z,CDU-A2,25.58,25.79,1794,1782
2026-09-26T06:00:00Z,CDU-A3,24.94,24.95,1791,1770
2026-09-26T06:00:00Z,CDU-A4,24.28,24.41,1807,1793
2026-09-26T06:00:00Z,CDU-B1,24.73,25.09,1796,1785
2026-09-26T06:00:00Z,CDU-B2,24.98,25.13,1816,1783
2026-09-26T06:00:00Z,CDU-B3,25.12,25.14,1790,1774
2026-09-26T06:00:00Z,CDU-B4,25.06,25.21,1805,1795
2026-09-26T07:00:00Z,CDU-A1,25.27,25.39,1797,1784
2026-09-26T07:00:00Z,CDU-A2,25.5,25.64,1811,1779
2026-09-26T07:00:00Z,CDU-A3,24.79,24.8,1801,1792
2026-09-26T07:00:00Z,CDU-A4,24.27,24.3,1810,1806
2026-09-26T07:00:00Z,CDU-B1,24.92,24.94,1807,1806
2026-09-26T07:00:00Z,CDU-B2,24.97,25.06,1790,1787
2026-09-26T07:00:00Z,CDU-B3,25.16,25.32,1791,1787
2026-09-26T07:00:00Z,CDU-B4,24.95,25.05,1813,1788
2026-09-26T08:00:00Z,CDU-A1,24.7,24.72,1799,1797
2026-09-26T08:00:00Z,CDU-A2,25.63,25.77,1801,1772
2026-09-26T08:00:00Z,CDU-A3,24.74,24.77,1803,1802
2026-09-26T08:00:00Z,CDU-A4,24.38,24.4,1810,1785
2026-09-26T08:00:00Z,CDU-B1,24.78,24.87,1800,1781
2026-09-26T08:00:00Z,CDU-B2,24.96,25.01,1808,1805
2026-09-26T08:00:00Z,CDU-B3,24.97,25.21,1779,1763
2026-09-26T08:00:00Z,CDU-B4,24.91,25.01,1795,1773
2026-09-26T09:00:00Z,CDU-A1,24.85,25.03,1793,1787
2026-09-26T09:00:00Z,CDU-A2,25.74,25.88,1797,1791
2026-09-26T09:00:00Z,CDU-A3,24.72,24.9,1809,1807
2026-09-26T09:00:00Z,CDU-A4,24.6,24.69,1803,1801
2026-09-26T09:00:00Z,CDU-B1,24.73,24.84,1800,1800
2026-09-26T09:00:00Z,CDU-B2,24.89,24.95,1801,1779
2026-09-26T09:00:00Z,CDU-B3,24.91,24.96,1805,1803
2026-09-26T09:00:00Z,CDU-B4,25.0,25.19,1795,1794
2026-09-26T10:00:00Z,CDU-A1,24.74,25.07,1798,1789
2026-09-26T10:00:00Z,CDU-A2,25.56,25.58,1807,1774
2026-09-26T10:00:00Z,CDU-A3,24.72,24.94,1796,1796
2026-09-26T10:00:00Z,CDU-A4,25.28,25.34,1789,1770
2026-09-26T10:00:00Z,CDU-B1,24.92,25.02,1808,1808
2026-09-26T10:00:00Z,CDU-B2,24.94,24.96,1800,1790
2026-09-26T10:00:00Z,CDU-B3,24.88,25.27,1775,1758
2026-09-26T10:00:00Z,CDU-B4,24.96,25.08,1798,1779
2026-09-26T11:00:00Z,CDU-A1,24.74,24.93,1797,1784
2026-09-26T11:00:00Z,CDU-A2,25.28,25.32,1802,1797
2026-09-26T11:00:00Z,CDU-A3,24.93,24.94,1803,1782
2026-09-26T11:00:00Z,CDU-A4,25.36,25.68,1803,1771
2026-09-26T11:00:00Z,CDU-B1,25.33,25.34,1795,1772
2026-09-26T11:00:00Z,CDU-B2,24.8,25.3,1782,1767
2026-09-26T11:00:00Z,CDU-B3,25.09,25.22,1806,1776
2026-09-26T11:00:00Z,CDU-B4,25.04,25.05,1793,1792
2026-09-26T12:00:00Z,CDU-A1,24.67,24.71,1792,1783
2026-09-26T12:00:00Z,CDU-A2,25.17,25.32,1791,1790
2026-09-26T12:00:00Z,CDU-A3,25.2,25.22,1802,1774
2026-09-26T12:00:00Z,CDU-A4,25.41,25.55,1815,1806
2026-09-26T12:00:00Z,CDU-B1,25.27,25.39,1796,1793
2026-09-26T12:00:00Z,CDU-B2,24.4,24.46,1804,1784
2026-09-26T12:00:00Z,CDU-B3,25.3,25.47,1808,1801
2026-09-26T12:00:00Z,CDU-B4,24.94,24.99,1815,1805
2026-09-26T13:00:00Z,CDU-A1,24.81,24.86,1797,1776
2026-09-26T13:00:00Z,CDU-A2,25.26,25.51,1798,1786
2026-09-26T13:00:00Z,CDU-A3,25.07,25.16,1808,1798
2026-09-26T13:00:00Z,CDU-A4,25.32,25.51,1819,1799
2026-09-26T13:00:00Z,CDU-B1,24.98,25.35,1835,1825
2026-09-26T13:00:00Z,CDU-B2,24.32,24.34,1814,1788
2026-09-26T13:00:00Z,CDU-B3,25.07,25.25,1808,1802
2026-09-26T13:00:00Z,CDU-B4,24.89,24.96,1794,1782
2026-09-26T14:00:00Z,CDU-A1,25.02,25.11,1792,1777
2026-09-26T14:00:00Z,CDU-A2,25.08,25.17,1816,1815
2026-09-26T14:00:00Z,CDU-A3,25.12,25.13,1808,1803
2026-09-26T14:00:00Z,CDU-A4,25.41,25.72,1806,1797
2026-09-26T14:00:00Z,CDU-B1,24.78,25.13,1789,1783
2026-09-26T14:00:00Z,CDU-B2,24.39,24.46,1796,1788
2026-09-26T14:00:00Z,CDU-B3,24.99,25.01,1795,1794
2026-09-26T14:00:00Z,CDU-B4,25.48,25.51,1802,1781
2026-09-26T15:00:00Z,CDU-A1,25.2,25.45,1788,1774
2026-09-26T15:00:00Z,CDU-A2,25.34,25.54,1796,1775
2026-09-26T15:00:00Z,CDU-A3,25.13,25.26,1806,1798
2026-09-26T15:00:00Z,CDU-A4,25.47,25.56,1779,1769
2026-09-26T15:00:00Z,CDU-B1,24.73,24.74,1793,1790
2026-09-26T15:00:00Z,CDU-B2,24.33,24.42,1804,1799
2026-09-26T15:00:00Z,CDU-B3,24.71,24.86,1797,1793
2026-09-26T15:00:00Z,CDU-B4,25.75,25.79,1797,1788
2026-09-26T16:00:00Z,CDU-A1,25.09,25.26,1798,1796
2026-09-26T16:00:00Z,CDU-A2,25.54,25.8,1784,1757
2026-09-26T16:00:00Z,CDU-A3,25.14,25.21,1808,1775
2026-09-26T16:00:00Z,CDU-A4,25.48,25.67,1816,1794
2026-09-26T16:00:00Z,CDU-B1,24.6,24.64,1789,1781
2026-09-26T16:00:00Z,CDU-B2,24.38,24.43,1796,1793
2026-09-26T16:00:00Z,CDU-B3,24.74,24.76,1802,1772
2026-09-26T16:00:00Z,CDU-B4,25.67,25.68,1804,1798
2026-09-26T17:00:00Z,CDU-A1,24.94,25.15,1808,1804
2026-09-26T17:00:00Z,CDU-A2,24.93,25.06,1806,1764
2026-09-26T17:00:00Z,CDU-A3,25.29,25.37,1805,1787
2026-09-26T17:00:00Z,CDU-A4,25.42,25.68,1802,1793
2026-09-26T17:00:00Z,CDU-B1,24.49,24.66,1801,1783
2026-09-26T17:00:00Z,CDU-B2,24.48,24.55,1802,1793
2026-09-26T17:00:00Z,CDU-B3,24.96,25.3,1800,1782
2026-09-26T17:00:00Z,CDU-B4,25.47,25.62,1801,1800
2026-09-26T18:00:00Z,CDU-A1,25.16,25.21,1783,1782
2026-09-26T18:00:00Z,CDU-A2,24.88,24.95,1806,1777
2026-09-26T18:00:00Z,CDU-A3,25.42,25.53,1810,1806
2026-09-26T18:00:00Z,CDU-A4,25.32,25.52,1800,1798
2026-09-26T18:00:00Z,CDU-B1,24.46,24.57,1790,1778
2026-09-26T18:00:00Z,CDU-B2,24.71,24.82,1783,1779
2026-09-26T18:00:00Z,CDU-B3,25.16,25.25,1821,1818
2026-09-26T18:00:00Z,CDU-B4,25.32,25.44,1790,1789
2026-09-26T19:00:00Z,CDU-A1,24.93,25.0,1810,1808
2026-09-26T19:00:00Z,CDU-A2,25.28,25.35,1795,1777
2026-09-26T19:00:00Z,CDU-A3,25.12,25.18,1796,1792
2026-09-26T19:00:00Z,CDU-A4,25.53,25.57,1800,1780
2026-09-26T19:00:00Z,CDU-B1,24.51,24.56,1806,1804
2026-09-26T19:00:00Z,CDU-B2,24.85,24.91,1814,1790
2026-09-26T19:00:00Z,CDU-B3,25.35,25.39,1810,1799
2026-09-26T19:00:00Z,CDU-B4,25.46,25.66,1796,1794
2026-09-26T20:00:00Z,CDU-A1,25.07,25.23,1821,1812
2026-09-26T20:00:00Z,CDU-A2,25.14,25.19,1787,1780
2026-09-26T20:00:00Z,CDU-A3,25.16,25.41,1800,1782
2026-09-26T20:00:00Z,CDU-A4,25.43,25.44,1792,1750
2026-09-26T20:00:00Z,CDU-B1,24.73,24.76,1808,1802
2026-09-26T20:00:00Z,CDU-B2,24.7,24.77,1797,1797
2026-09-26T20:00:00Z,CDU-B3,25.25,25.46,1809,1809
2026-09-26T20:00:00Z,CDU-B4,25.4,25.46,1796,1776
2026-09-26T21:00:00Z,CDU-A1,24.99,25.23,1789,1772
2026-09-26T21:00:00Z,CDU-A2,25.22,25.33,1801,1756
2026-09-26T21:00:00Z,CDU-A3,25.06,25.09,1811,1786
2026-09-26T21:00:00Z,CDU-A4,25.13,25.34,1789,1769
2026-09-26T21:00:00Z,CDU-B1,24.94,25.12,1805,1781
2026-09-26T21:00:00Z,CDU-B2,24.93,25.08,1796,1761
2026-09-26T21:00:00Z,CDU-B3,24.97,25.07,1786,1774
2026-09-26T21:00:00Z,CDU-B4,25.56,25.57,1800,1779
2026-09-26T22:00:00Z,CDU-A1,25.09,25.18,1806,1801
2026-09-26T22:00:00Z,CDU-A2,25.19,25.27,1790,1778
2026-09-26T22:00:00Z,CDU-A3,24.81,25.24,1796,1793
2026-09-26T22:00:00Z,CDU-A4,25.34,25.72,1809,1785
2026-09-26T22:00:00Z,CDU-B1,24.8,24.95,1787,1786
2026-09-26T22:00:00Z,CDU-B2,24.85,24.9,1791,1781
2026-09-26T22:00:00Z,CDU-B3,24.73,24.82,1822,1814
2026-09-26T22:00:00Z,CDU-B4,25.28,25.49,1808,1802
2026-09-26T23:00:00Z,CDU-A1,25.12,25.16,1804,1774
2026-09-26T23:00:00Z,CDU-A2,25.36,25.55,1801,1798
2026-09-26T23:00:00Z,CDU-A3,24.79,24.94,1806,1805
2026-09-26T23:00:00Z,CDU-A4,25.44,25.52,1788,1771
2026-09-26T23:00:00Z,CDU-B1,24.67,24.79,1793,1771
2026-09-26T23:00:00Z,CDU-B2,25.15,25.23,1794,1770
2026-09-26T23:00:00Z,CDU-B3,24.64,24.75,1809,1805
2026-09-26T23:00:00Z,CDU-B4,25.06,25.36,1790,1780
2026-09-27T00:00:00Z,CDU-A1,25.16,25.23,1789,1785
2026-09-27T00:00:00Z,CDU-A2,25.27,25.36,1797,1763
2026-09-27T00:00:00Z,CDU-A3,24.96,25.13,1805,1788
2026-09-27T00:00:00Z,CDU-A4,25.0,25.17,1811,1808
2026-09-27T00:00:00Z,CDU-B1,24.59,24.69,1802,1780
2026-09-27T00:00:00Z,CDU-B2,25.05,25.07,1786,1782
2026-09-27T00:00:00Z,CDU-B3,24.75,24.82,1809,1785
2026-09-27T00:00:00Z,CDU-B4,25.42,25.5,1774,1763
2026-09-27T01:00:00Z,CDU-A1,24.73,24.8,1788,1787
2026-09-27T01:00:00Z,CDU-A2,25.88,25.96,1792,1786
2026-09-27T01:00:00Z,CDU-A3,25.19,25.27,1812,1797
2026-09-27T01:00:00Z,CDU-A4,24.95,24.99,1793,1786
2026-09-27T01:00:00Z,CDU-B1,24.54,24.73,1805,1788
2026-09-27T01:00:00Z,CDU-B2,24.75,24.96,1789,1781
2026-09-27T01:00:00Z,CDU-B3,24.98,25.17,1804,1803
2026-09-27T01:00:00Z,CDU-B4,25.36,25.4,1801,1800
2026-09-27T02:00:00Z,CDU-A1,24.8,24.85,1785,1785
2026-09-27T02:00:00Z,CDU-A2,25.74,25.78,1801,1784
2026-09-27T02:00:00Z,CDU-A3,25.25,25.28,1807,1788
2026-09-27T02:00:00Z,CDU-A4,25.41,25.56,1798,1789
2026-09-27T02:00:00Z,CDU-B1,24.83,25.02,1789,1780
2026-09-27T02:00:00Z,CDU-B2,24.98,25.03,1799,1776
2026-09-27T02:00:00Z,CDU-B3,24.89,25.1,1808,1800
2026-09-27T02:00:00Z,CDU-B4,25.1,25.2,1782,1777
2026-09-27T03:00:00Z,CDU-A1,24.87,25.05,1823,1823
2026-09-27T03:00:00Z,CDU-A2,25.33,25.38,1800,1790
2026-09-27T03:00:00Z,CDU-A3,25.28,25.28,1799,1797
2026-09-27T03:00:00Z,CDU-A4,25.42,25.46,1811,1794
2026-09-27T03:00:00Z,CDU-B1,25.08,25.11,1799,1783
2026-09-27T03:00:00Z,CDU-B2,24.93,25.33,1790,1780
2026-09-27T03:00:00Z,CDU-B3,24.61,24.71,1797,1781
2026-09-27T03:00:00Z,CDU-B4,25.07,25.11,1813,1812
2026-09-27T04:00:00Z,CDU-A1,24.73,24.82,1791,1786
2026-09-27T04:00:00Z,CDU-A2,25.14,25.27,1813,1795
2026-09-27T04:00:00Z,CDU-A3,24.99,25.07,1794,1790
2026-09-27T04:00:00Z,CDU-A4,25.39,25.52,1811,1799
2026-09-27T04:00:00Z,CDU-B1,25.3,25.35,1787,1782
2026-09-27T04:00:00Z,CDU-B2,24.93,25.11,1806,1793
2026-09-27T04:00:00Z,CDU-B3,25.18,25.34,1787,1779
2026-09-27T04:00:00Z,CDU-B4,25.09,25.19,1794,1778
2026-09-27T05:00:00Z,CDU-A1,24.85,24.93,1794,1789
2026-09-27T05:00:00Z,CDU-A2,24.78,24.81,1807,1786
2026-09-27T05:00:00Z,CDU-A3,24.63,24.75,1799,1790
2026-09-27T05:00:00Z,CDU-A4,25.47,25.68,1793,1775
2026-09-27T05:00:00Z,CDU-B1,25.38,25.4,1804,1777
2026-09-27T05:00:00Z,CDU-B2,24.67,24.85,1786,1776
2026-09-27T05:00:00Z,CDU-B3,25.34,25.35,1791,1759
2026-09-27T05:00:00Z,CDU-B4,24.97,25.14,1812,1788
2026-09-27T06:00:00Z,CDU-A1,24.87,24.87,1785,1778
2026-09-27T06:00:00Z,CDU-A2,24.73,24.82,1792,1756
2026-09-27T06:00:00Z,CDU-A3,24.56,24.61,1796,1791
2026-09-27T06:00:00Z,CDU-A4,25.29,25.3,1797,1788
2026-09-27T06:00:00Z,CDU-B1,25.44,25.65,1801,1798
2026-09-27T06:00:00Z,CDU-B2,24.59,24.67,1806,1802
2026-09-27T06:00:00Z,CDU-B3,25.35,25.44,1798,1776
2026-09-27T06:00:00Z,CDU-B4,24.99,25.2,1785,1766
2026-09-27T07:00:00Z,CDU-A1,24.79,24.89,1827,1819
2026-09-27T07:00:00Z,CDU-A2,24.67,24.89,1806,1788
2026-09-27T07:00:00Z,CDU-A3,24.23,24.28,1818,1791
2026-09-27T07:00:00Z,CDU-A4,24.96,25.02,1805,1796
2026-09-27T07:00:00Z,CDU-B1,25.01,25.27,1804,1804
2026-09-27T07:00:00Z,CDU-B2,25.02,25.27,1801,1788
2026-09-27T07:00:00Z,CDU-B3,25.35,25.44,1804,1803
2026-09-27T07:00:00Z,CDU-B4,24.87,24.95,1795,1789
2026-09-27T08:00:00Z,CDU-A1,24.8,25.02,1784,1774
2026-09-27T08:00:00Z,CDU-A2,24.54,24.56,1802,1787
2026-09-27T08:00:00Z,CDU-A3,24.55,24.72,1799,1778
2026-09-27T08:00:00Z,CDU-A4,24.71,24.76,1788,1778
2026-09-27T08:00:00Z,CDU-B1,24.97,25.02,1805,1784
2026-09-27T08:00:00Z,CDU-B2,25.01,25.02,1805,1796
2026-09-27T08:00:00Z,CDU-B3,25.22,25.28,1793,1792
2026-09-27T08:00:00Z,CDU-B4,24.59,24.71,1812,1804
2026-09-27T09:00:00Z,CDU-A1,24.61,24.66,1796,1767
2026-09-27T09:00:00Z,CDU-A2,24.51,24.6,1794,1769
2026-09-27T09:00:00Z,CDU-A3,24.63,24.68,1808,1799
2026-09-27T09:00:00Z,CDU-A4,24.71,24.91,1790,1782
2026-09-27T09:00:00Z,CDU-B1,25.16,25.26,1785,1773
2026-09-27T09:00:00Z,CDU-B2,25.04,25.09,1806,1790
2026-09-27T09:00:00Z,CDU-B3,25.28,25.57,1806,1790
2026-09-27T09:00:00Z,CDU-B4,25.1,25.14,1815,1814
2026-09-27T10:00:00Z,CDU-A1,24.37,24.37,1806,1803
2026-09-27T10:00:00Z,CDU-A2,24.59,24.68,1799,1796
2026-09-27T10:00:00Z,CDU-A3,24.73,24.73,1819,1796
2026-09-27T10:00:00Z,CDU-A4,24.89,25.05,1805,1776
2026-09-27T10:00:00Z,CDU-B1,25.14,25.16,1789,1781
2026-09-27T10:00:00Z,CDU-B2,25.21,25.43,1819,1809
2026-09-27T10:00:00Z,CDU-B3,25.14,25.17,1812,1799
2026-09-27T10:00:00Z,CDU-B4,25.01,25.12,1804,1781
2026-09-27T11:00:00Z,CDU-A1,24.3,24.37,1802,1790
2026-09-27T11:00:00Z,CDU-A2,24.82,25.03,1782,1780
2026-09-27T11:00:00Z,CDU-A3,24.8,24.97,1810,1802
2026-09-27T11:00:00Z,CDU-A4,25.12,25.26,1779,1770
2026-09-27T11:00:00Z,CDU-B1,25.02,25.17,1800,1791
2026-09-27T11:00:00Z,CDU-B2,24.98,25.07,1796,1785
2026-09-27T11:00:00Z,CDU-B3,25.19,25.57,1803,1798
2026-09-27T11:00:00Z,CDU-B4,24.81,25.03,1785,1775
2026-09-27T12:00:00Z,CDU-A1,24.17,24.21,1812,1799
2026-09-27T12:00:00Z,CDU-A2,25.16,25.28,1804,1799
2026-09-27T12:00:00Z,CDU-A3,24.8,24.82,1792,1788
2026-09-27T12:00:00Z,CDU-A4,24.89,24.91,1813,1787
2026-09-27T12:00:00Z,CDU-B1,25.06,25.23,1808,1806
2026-09-27T12:00:00Z,CDU-B2,25.1,25.12,1774,1754
2026-09-27T12:00:00Z,CDU-B3,25.25,25.36,1815,1793
2026-09-27T12:00:00Z,CDU-B4,25.18,25.2,1792,1788
2026-09-27T13:00:00Z,CDU-A1,24.24,24.41,1805,1789
2026-09-27T13:00:00Z,CDU-A2,25.43,25.62,1787,1784
2026-09-27T13:00:00Z,CDU-A3,25.33,25.39,1791,1773
2026-09-27T13:00:00Z,CDU-A4,24.67,24.83,1790,1777
2026-09-27T13:00:00Z,CDU-B1,25.47,25.65,1801,1785
2026-09-27T13:00:00Z,CDU-B2,24.95,25.0,1798,1796
2026-09-27T13:00:00Z,CDU-B3,25.01,25.1,1807,1781
2026-09-27T13:00:00Z,CDU-B4,25.51,25.55,1794,1791
2026-09-27T14:00:00Z,CDU-A1,24.49,24.58,1791,1789
2026-09-27T14:00:00Z,CDU-A2,25.28,25.29,1794,1771
2026-09-27T14:00:00Z,CDU-A3,25.07,25.28,1802,1788
2026-09-27T14:00:00Z,CDU-A4,24.77,25.06,1791,1791
2026-09-27T14:00:00Z,CDU-B1,25.77,25.78,1781,1752
2026-09-27T14:00:00Z,CDU-B2,24.96,25.03,1820,1818
2026-09-27T14:00:00Z,CDU-B3,25.16,25.3,1820,1796
2026-09-27T14:00:00Z,CDU-B4,25.27,25.28,1813,1800
2026-09-27T15:00:00Z,CDU-A1,24.62,24.66,1810,1791
2026-09-27T15:00:00Z,CDU-A2,25.21,25.28,1824,1822
2026-09-27T15:00:00Z,CDU-A3,25.2,25.43,1804,1797
2026-09-27T15:00:00Z,CDU-A4,25.23,25.33,1789,1765
2026-09-27T15:00:00Z,CDU-B1,25.41,25.48,1786,1778
2026-09-27T15:00:00Z,CDU-B2,24.89,25.06,1813,1794
2026-09-27T15:00:00Z,CDU-B3,25.44,25.47,1800,1780
2026-09-27T15:00:00Z,CDU-B4,25.4,25.64,1794,1791
2026-09-27T16:00:00Z,CDU-A1,24.6,24.82,1798,1791
2026-09-27T16:00:00Z,CDU-A2,25.46,25.52,1797,1795
2026-09-27T16:00:00Z,CDU-A3,24.97,25.18,1802,1791
2026-09-27T16:00:00Z,CDU-A4,25.16,25.34,1791,1778
2026-09-27T16:00:00Z,CDU-B1,25.37,25.62,1787,1784
2026-09-27T16:00:00Z,CDU-B2,24.86,25.01,1786,1774
2026-09-27T16:00:00Z,CDU-B3,24.99,25.08,1804,1797
2026-09-27T16:00:00Z,CDU-B4,25.18,25.48,1800,1799
2026-09-27T17:00:00Z,CDU-A1,25.19,25.3,1794,1791
2026-09-27T17:00:00Z,CDU-A2,24.96,24.97,1815,1815
2026-09-27T17:00:00Z,CDU-A3,25.14,25.4,1782,1774
2026-09-27T17:00:00Z,CDU-A4,25.14,25.16,1770,1754
2026-09-27T17:00:00Z,CDU-B1,24.76,24.89,1792,1760
2026-09-27T17:00:00Z,CDU-B2,24.66,24.75,1808,1791
2026-09-27T17:00:00Z,CDU-B3,24.75,24.93,1794,1783
2026-09-27T17:00:00Z,CDU-B4,25.24,25.29,1799,1769
2026-09-27T18:00:00Z,CDU-A1,25.08,25.16,1804,1793
2026-09-27T18:00:00Z,CDU-A2,25.06,25.2,1792,1786
2026-09-27T18:00:00Z,CDU-A3,25.16,25.2,1805,1785
2026-09-27T18:00:00Z,CDU-A4,25.15,25.19,1816,1801
2026-09-27T18:00:00Z,CDU-B1,24.57,24.9,1788,1786
2026-09-27T18:00:00Z,CDU-B2,24.86,24.97,1780,1772
2026-09-27T18:00:00Z,CDU-B3,24.99,25.0,1793,1791
2026-09-27T18:00:00Z,CDU-B4,25.15,25.22,1802,1798
2026-09-27T19:00:00Z,CDU-A1,25.37,25.46,1799,1769
2026-09-27T19:00:00Z,CDU-A2,24.87,25.04,1818,1802
2026-09-27T19:00:00Z,CDU-A3,25.52,25.71,1796,1786
2026-09-27T19:00:00Z,CDU-A4,24.8,24.82,1788,1760
2026-09-27T19:00:00Z,CDU-B1,24.12,24.25,1809,1804
2026-09-27T19:00:00Z,CDU-B2,25.13,25.18,1789,1779
2026-09-27T19:00:00Z,CDU-B3,24.8,24.82,1789,1757
2026-09-27T19:00:00Z,CDU-B4,25.12,25.32,1798,1782
2026-09-27T20:00:00Z,CDU-A1,25.19,25.32,1813,1810
2026-09-27T20:00:00Z,CDU-A2,24.92,25.01,1790,1782
2026-09-27T20:00:00Z,CDU-A3,25.33,25.45,1817,1811
2026-09-27T20:00:00Z,CDU-A4,24.6,24.65,1800,1790
2026-09-27T20:00:00Z,CDU-B1,24.06,24.22,1792,1785
2026-09-27T20:00:00Z,CDU-B2,25.29,25.8,1813,1798
2026-09-27T20:00:00Z,CDU-B3,24.5,24.5,1800,1795
2026-09-27T20:00:00Z,CDU-B4,25.41,25.45,1820,1809
2026-09-27T21:00:00Z,CDU-A1,25.18,25.23,1802,1800
2026-09-27T21:00:00Z,CDU-A2,24.96,25.27,1798,1790
2026-09-27T21:00:00Z,CDU-A3,25.13,25.29,1804,1802
2026-09-27T21:00:00Z,CDU-A4,24.52,24.67,1808,1794
2026-09-27T21:00:00Z,CDU-B1,24.26,24.28,1801,1782
2026-09-27T21:00:00Z,CDU-B2,25.21,25.33,1801,1777
2026-09-27T21:00:00Z,CDU-B3,24.72,24.9,1811,1802
2026-09-27T21:00:00Z,CDU-B4,25.72,25.82,1786,1782
2026-09-27T22:00:00Z,CDU-A1,24.9,24.93,1803,1785
2026-09-27T22:00:00Z,CDU-A2,24.56,24.71,1817,1815
2026-09-27T22:00:00Z,CDU-A3,25.0,25.17,1783,1765
2026-09-27T22:00:00Z,CDU-A4,24.89,24.94,1805,1804
2026-09-27T22:00:00Z,CDU-B1,24.24,24.37,1781,1762
2026-09-27T22:00:00Z,CDU-B2,25.31,25.46,1816,1811
2026-09-27T22:00:00Z,CDU-B3,25.02,25.02,1794,1779
2026-09-27T22:00:00Z,CDU-B4,25.44,25.62,1803,1785
2026-09-27T23:00:00Z,CDU-A1,24.67,24.78,1811,1808
2026-09-27T23:00:00Z,CDU-A2,24.34,24.42,1797,1788
2026-09-27T23:00:00Z,CDU-A3,25.03,25.18,1800,1776
2026-09-27T23:00:00Z,CDU-A4,24.89,25.08,1793,1791
2026-09-27T23:00:00Z,CDU-B1,24.21,24.22,1802,1777
2026-09-27T23:00:00Z,CDU-B2,25.33,25.38,1784,1780
2026-09-27T23:00:00Z,CDU-B3,25.01,25.17,1791,1781
2026-09-27T23:00:00Z,CDU-B4,25.26,25.26,1808,1785
