location,end,rack,serial,lot,installed,removed
a01-ct01:mlx5_0,host,A01,OSG7QMGE90,LOT-2539,2026-02-16,
leaf-a01-r0:swp1,switch,A01,OSIIDUEDQ1,LOT-2550,2026-02-16,
a01-ct01:mlx5_1,host,A01,OSODQM2OR5,LOT-2544,2026-02-16,
leaf-a01-r1:swp1,switch,A01,OSTVB2JDW5,LOT-2541,2026-02-16,
a01-ct01:mlx5_2,host,A01,OS49HAECCJ,LOT-2539,2026-02-16,
leaf-a01-r2:swp1,switch,A01,OSBLCXO88M,LOT-2544,2026-02-16,
a01-ct01:mlx5_3,host,A01,OSXDRWXRV5,LOT-2539,2026-02-16,
leaf-a01-r3:swp1,switch,A01,OSK5ZPPBYL,LOT-2605,2026-02-16,
a01-ct02:mlx5_0,host,A01,OSFO63W215,LOT-2548,2026-02-16,2026-08-22
leaf-a01-r0:swp2,switch,A01,OS1JN8ONFJ,LOT-2550,2026-02-16,
a01-ct02:mlx5_1,host,A01,OSS2PT2TYJ,LOT-2544,2026-02-16,
leaf-a01-r1:swp2,switch,A01,OSOB2KIEVY,LOT-2605,2026-02-16,
a01-ct02:mlx5_2,host,A01,OSG31CN8CU,LOT-2539,2026-02-16,
leaf-a01-r2:swp2,switch,A01,OSIK78UOFH,LOT-2546,2026-02-16,
a01-ct02:mlx5_3,host,A01,OSZEU22TRX,LOT-2539,2026-02-16,
leaf-a01-r3:swp2,switch,A01,OSNE6852LY,LOT-2541,2026-02-16,
a01-ct03:mlx5_0,host,A01,OSK88TT7NN,LOT-2539,2026-02-16,
leaf-a01-r0:swp3,switch,A01,OS2THIQROW,LOT-2541,2026-02-16,
a01-ct03:mlx5_1,host,A01,OSEJX1KX39,LOT-2548,2026-02-16,
leaf-a01-r1:swp3,switch,A01,OSPOM2OYHH,LOT-2602,2026-02-16,
a01-ct03:mlx5_2,host,A01,OSXW112OKD,LOT-2544,2026-02-16,
leaf-a01-r2:swp3,switch,A01,OS9KT02ZPG,LOT-2605,2026-02-16,2026-05-07
a01-ct03:mlx5_3,host,A01,OSTCE3F0CQ,LOT-2539,2026-02-16,
leaf-a01-r3:swp3,switch,A01,OSUIWSIF04,LOT-2546,2026-02-16,
a01-ct04:mlx5_0,host,A01,OSEWKXU7MC,LOT-2546,2026-02-16,
leaf-a01-r0:swp4,switch,A01,OS7XYYD5C1,LOT-2544,2026-02-16,
a01-ct04:mlx5_1,host,A01,OS9Y4OJJP6,LOT-2546,2026-02-16,
leaf-a01-r1:swp4,switch,A01,OSBHDDSWLA,LOT-2539,2026-02-16,
a01-ct04:mlx5_2,host,A01,OSO31H4TAC,LOT-2539,2026-02-16,
leaf-a01-r2:swp4,switch,A01,OSDVJLMKR8,LOT-2550,2026-02-16,
a01-ct04:mlx5_3,host,A01,OS0POIGF4N,LOT-2539,2026-02-16,
leaf-a01-r3:swp4,switch,A01,OSUOASJ26M,LOT-2548,2026-02-16,
a01-ct05:mlx5_0,host,A01,OSXPSVNLGC,LOT-2539,2026-02-16,
leaf-a01-r0:swp5,switch,A01,OSNM0TMZAR,LOT-2548,2026-02-16,
a01-ct05:mlx5_1,host,A01,OS51JZPMTQ,LOT-2548,2026-02-16,
leaf-a01-r1:swp5,switch,A01,OSHILOUTCC,LOT-2541,2026-02-16,
a01-ct05:mlx5_2,host,A01,OSRHBVYAE5,LOT-2546,2026-02-16,
leaf-a01-r2:swp5,switch,A01,OSDEZBT5Z1,LOT-2539,2026-02-16,
a01-ct05:mlx5_3,host,A01,OS30YI91WT,LOT-2605,2026-02-16,
leaf-a01-r3:swp5,switch,A01,OS4YGR143F,LOT-2544,2026-02-16,
a01-ct06:mlx5_0,host,A01,OS9FBDSEG5,LOT-2541,2026-02-16,
leaf-a01-r0:swp6,switch,A01,OS7E6ZHDAB,LOT-2539,2026-02-16,
a01-ct06:mlx5_1,host,A01,OSER2DXMNJ,LOT-2541,2026-02-16,
leaf-a01-r1:swp6,switch,A01,OSN1ANV8CS,LOT-2544,2026-02-16,
a01-ct06:mlx5_2,host,A01,OSAREDFVJJ,LOT-2539,2026-02-16,
leaf-a01-r2:swp6,switch,A01,OSM32ZUAP7,LOT-2550,2026-02-16,
a01-ct06:mlx5_3,host,A01,OSVGZS9JTA,LOT-2539,2026-02-16,
leaf-a01-r3:swp6,switch,A01,OSKLASG9IL,LOT-2548,2026-02-16,
a01-ct07:mlx5_0,host,A01,OS4JE9GEWU,LOT-2546,2026-02-16,
leaf-a01-r0:swp7,switch,A01,OSNINU6VA8,LOT-2541,2026-02-16,
a01-ct07:mlx5_1,host,A01,OSIDMWLARD,LOT-2602,2026-02-16,
leaf-a01-r1:swp7,switch,A01,OS318HJJAO,LOT-2539,2026-02-16,
a01-ct07:mlx5_2,host,A01,OSX39RA30Q,LOT-2548,2026-02-16,
leaf-a01-r2:swp7,switch,A01,OSXOOOJ6JR,LOT-2602,2026-02-16,2026-05-14
a01-ct07:mlx5_3,host,A01,OSKTFAKCN1,LOT-2546,2026-02-16,
leaf-a01-r3:swp7,switch,A01,OS76DR3F8J,LOT-2546,2026-02-16,
a01-ct08:mlx5_0,host,A01,OSPHMTRA8A,LOT-2602,2026-02-16,
leaf-a01-r0:swp8,switch,A01,OSS6MS1Q1M,LOT-2544,2026-02-16,2026-08-12
a01-ct08:mlx5_1,host,A01,OSQ4154XTU,LOT-2605,2026-02-16,2026-05-04
leaf-a01-r1:swp8,switch,A01,OSCI2WPDER,LOT-2548,2026-02-16,
a01-ct08:mlx5_2,host,A01,OSDDZYO60G,LOT-2605,2026-02-16,
leaf-a01-r2:swp8,switch,A01,OS01EINAX7,LOT-2539,2026-02-16,
a01-ct08:mlx5_3,host,A01,OSRM5CL5G2,LOT-2546,2026-02-16,
leaf-a01-r3:swp8,switch,A01,OSROOANZS1,LOT-2541,2026-02-16,
a01-ct09:mlx5_0,host,A01,OSJHLUN9A3,LOT-2550,2026-02-16,
leaf-a01-r0:swp9,switch,A01,OSSY4CPZPS,LOT-2548,2026-02-16,
a01-ct09:mlx5_1,host,A01,OSSS63H8WB,LOT-2546,2026-02-16,
leaf-a01-r1:swp9,switch,A01,OSZ7R61WKT,LOT-2602,2026-02-16,
a01-ct09:mlx5_2,host,A01,OSIESWVYL0,LOT-2602,2026-02-16,
leaf-a01-r2:swp9,switch,A01,OS0JUOOLYS,LOT-2546,2026-02-16,
a01-ct09:mlx5_3,host,A01,OSQNRQDNXZ,LOT-2544,2026-02-16,
leaf-a01-r3:swp9,switch,A01,OSIYIQRAQI,LOT-2544,2026-02-16,
a01-ct10:mlx5_0,host,A01,OSZ1T00GFN,LOT-2548,2026-02-16,
leaf-a01-r0:swp10,switch,A01,OSVW7BKB87,LOT-2546,2026-02-16,
a01-ct10:mlx5_1,host,A01,OS4DEGY6JJ,LOT-2605,2026-02-16,
leaf-a01-r1:swp10,switch,A01,OSE5YP46PC,LOT-2541,2026-02-16,
a01-ct10:mlx5_2,host,A01,OS2V1ELPYH,LOT-2602,2026-02-16,
leaf-a01-r2:swp10,switch,A01,OSNNX20RUG,LOT-2539,2026-02-16,
a01-ct10:mlx5_3,host,A01,OSI4U10WKU,LOT-2539,2026-02-16,
leaf-a01-r3:swp10,switch,A01,OS5D8CKF23,LOT-2541,2026-02-16,
a01-ct11:mlx5_0,host,A01,OSKUDFGC2P,LOT-2550,2026-02-16,
leaf-a01-r0:swp11,switch,A01,OSEUB4JNHI,LOT-2550,2026-02-16,
a01-ct11:mlx5_1,host,A01,OSCEP96SW8,LOT-2541,2026-02-16,
leaf-a01-r1:swp11,switch,A01,OSMVJQVHR2,LOT-2546,2026-02-16,
a01-ct11:mlx5_2,host,A01,OSFXGWOZ10,LOT-2548,2026-02-16,
leaf-a01-r2:swp11,switch,A01,OS2M61Y66S,LOT-2544,2026-02-16,
a01-ct11:mlx5_3,host,A01,OSNYISL2GT,LOT-2541,2026-02-16,
leaf-a01-r3:swp11,switch,A01,OSEL211NXF,LOT-2602,2026-02-16,
a01-ct12:mlx5_0,host,A01,OS7937C1CK,LOT-2546,2026-02-16,
leaf-a01-r0:swp12,switch,A01,OST5NJZ8BU,LOT-2605,2026-02-16,
a01-ct12:mlx5_1,host,A01,OS5IM9TAGO,LOT-2539,2026-02-16,
leaf-a01-r1:swp12,switch,A01,OS2A5J2FXK,LOT-2544,2026-02-16,
a01-ct12:mlx5_2,host,A01,OSCN0OUX2M,LOT-2544,2026-02-16,
leaf-a01-r2:swp12,switch,A01,OS15Z56ZE7,LOT-2602,2026-02-16,
a01-ct12:mlx5_3,host,A01,OSDAJLKS6N,LOT-2602,2026-02-16,
leaf-a01-r3:swp12,switch,A01,OSITN99WL8,LOT-2546,2026-02-16,
a01-ct13:mlx5_0,host,A01,OSBLOLMC4Q,LOT-2539,2026-02-16,
leaf-a01-r0:swp13,switch,A01,OSZZJSLUPX,LOT-2539,2026-02-16,
a01-ct13:mlx5_1,host,A01,OSVHGLSZ4Z,LOT-2539,2026-02-16,
leaf-a01-r1:swp13,switch,A01,OS2Q332792,LOT-2544,2026-02-16,
a01-ct13:mlx5_2,host,A01,OS5KDR2CQH,LOT-2605,2026-02-16,2026-07-25
leaf-a01-r2:swp13,switch,A01,OSS6KA0DT2,LOT-2541,2026-02-16,
a01-ct13:mlx5_3,host,A01,OSUZBWHEV5,LOT-2541,2026-02-16,
leaf-a01-r3:swp13,switch,A01,OS67O9A5QG,LOT-2539,2026-02-16,2026-07-04
a01-ct14:mlx5_0,host,A01,OSIO8SM6NG,LOT-2539,2026-02-16,
leaf-a01-r0:swp14,switch,A01,OS1KOQ91Z1,LOT-2541,2026-02-16,
a01-ct14:mlx5_1,host,A01,OS87JZ4WCR,LOT-2544,2026-02-16,
leaf-a01-r1:swp14,switch,A01,OS4W7XKFCN,LOT-2539,2026-02-16,
a01-ct14:mlx5_2,host,A01,OSE95RHSMZ,LOT-2544,2026-02-16,
leaf-a01-r2:swp14,switch,A01,OSIEW6XLR1,LOT-2539,2026-02-16,
a01-ct14:mlx5_3,host,A01,OS5XFTVCFC,LOT-2546,2026-02-16,
leaf-a01-r3:swp14,switch,A01,OSG7G2NGW1,LOT-2544,2026-02-16,
a01-ct15:mlx5_0,host,A01,OS5ZM367ZB,LOT-2539,2026-02-16,
leaf-a01-r0:swp15,switch,A01,OSWEL5JEPQ,LOT-2539,2026-02-16,
a01-ct15:mlx5_1,host,A01,OSBW6Y70G4,LOT-2602,2026-02-16,
leaf-a01-r1:swp15,switch,A01,OS7H5OXEIP,LOT-2546,2026-02-16,
a01-ct15:mlx5_2,host,A01,OSAPAXT6I9,LOT-2541,2026-02-16,
leaf-a01-r2:swp15,switch,A01,OSKV7EB6WC,LOT-2544,2026-02-16,2026-05-08
a01-ct15:mlx5_3,host,A01,OSTBSSII14,LOT-2541,2026-02-16,
leaf-a01-r3:swp15,switch,A01,OS1RQ3OK95,LOT-2539,2026-02-16,
a01-ct16:mlx5_0,host,A01,OSHL3EE7RH,LOT-2541,2026-02-16,
leaf-a01-r0:swp16,switch,A01,OSHAGLHQVJ,LOT-2602,2026-02-16,
a01-ct16:mlx5_1,host,A01,OSRT8M4OYQ,LOT-2546,2026-02-16,
leaf-a01-r1:swp16,switch,A01,OSFGSBRBI2,LOT-2544,2026-02-16,
a01-ct16:mlx5_2,host,A01,OSCHQG1XV4,LOT-2602,2026-02-16,
leaf-a01-r2:swp16,switch,A01,OSUEZ0632U,LOT-2544,2026-02-16,2026-06-10
a01-ct16:mlx5_3,host,A01,OS5YRNFQGT,LOT-2539,2026-02-16,
leaf-a01-r3:swp16,switch,A01,OS35X7CT2S,LOT-2548,2026-02-16,
a01-ct17:mlx5_0,host,A01,OSE8RO73UE,LOT-2548,2026-02-16,
leaf-a01-r0:swp17,switch,A01,OS99SDWMUJ,LOT-2541,2026-02-16,
a01-ct17:mlx5_1,host,A01,OS1MNHPQUU,LOT-2541,2026-02-16,
leaf-a01-r1:swp17,switch,A01,OSLXZCCHPZ,LOT-2539,2026-02-16,
a01-ct17:mlx5_2,host,A01,OSSSL4TM8O,LOT-2605,2026-02-16,
leaf-a01-r2:swp17,switch,A01,OSZ0A0IFHR,LOT-2539,2026-02-16,
a01-ct17:mlx5_3,host,A01,OSFMX504XG,LOT-2539,2026-02-16,
leaf-a01-r3:swp17,switch,A01,OSLH0ZZWIB,LOT-2550,2026-02-16,
a01-ct18:mlx5_0,host,A01,OS1H13CUD6,LOT-2544,2026-02-16,
leaf-a01-r0:swp18,switch,A01,OS91DG8UNA,LOT-2546,2026-02-16,
a01-ct18:mlx5_1,host,A01,OSOM2UZ3IO,LOT-2548,2026-02-16,
leaf-a01-r1:swp18,switch,A01,OSL6PCBUWI,LOT-2548,2026-02-16,
a01-ct18:mlx5_2,host,A01,OSPSINOEGN,LOT-2544,2026-02-16,
leaf-a01-r2:swp18,switch,A01,OSY3606ZDR,LOT-2546,2026-02-16,
a01-ct18:mlx5_3,host,A01,OS35A88CO0,LOT-2546,2026-02-16,
leaf-a01-r3:swp18,switch,A01,OSJIUNE45J,LOT-2550,2026-02-16,
a02-ct01:mlx5_0,host,A02,OSK0XXVWX4,LOT-2544,2026-02-16,
leaf-a01-r0:swp19,switch,A02,OSD5L5SH7X,LOT-2548,2026-02-16,
a02-ct01:mlx5_1,host,A02,OSIWZDS9JS,LOT-2548,2026-02-16,
leaf-a01-r1:swp19,switch,A02,OSASDQMH76,LOT-2539,2026-02-16,
a02-ct01:mlx5_2,host,A02,OSVDAN9F81,LOT-2544,2026-02-16,
leaf-a01-r2:swp19,switch,A02,OSM6NW35JF,LOT-2539,2026-02-16,
a02-ct01:mlx5_3,host,A02,OSC1RNJ2PO,LOT-2544,2026-02-16,
leaf-a01-r3:swp19,switch,A02,OS365JGZUO,LOT-2539,2026-02-16,
a02-ct02:mlx5_0,host,A02,OS53KZQ8OS,LOT-2541,2026-02-16,
leaf-a01-r0:swp20,switch,A02,OSNBJAZ6YI,LOT-2548,2026-02-16,
a02-ct02:mlx5_1,host,A02,OSY4KXQB1G,LOT-2541,2026-02-16,
leaf-a01-r1:swp20,switch,A02,OSVPFJT758,LOT-2548,2026-02-16,
a02-ct02:mlx5_2,host,A02,OSWUFLW97A,LOT-2602,2026-02-16,
leaf-a01-r2:swp20,switch,A02,OS8KHI5LKP,LOT-2548,2026-02-16,
a02-ct02:mlx5_3,host,A02,OS54HH050D,LOT-2539,2026-02-16,
leaf-a01-r3:swp20,switch,A02,OSJ12563MR,LOT-2544,2026-02-16,
a02-ct03:mlx5_0,host,A02,OSYNJH15R9,LOT-2539,2026-02-16,
leaf-a01-r0:swp21,switch,A02,OSSV9UXO1J,LOT-2539,2026-02-16,
a02-ct03:mlx5_1,host,A02,OSH81G7E8G,LOT-2546,2026-02-16,
leaf-a01-r1:swp21,switch,A02,OS3WQJSAX3,LOT-2541,2026-02-16,
a02-ct03:mlx5_2,host,A02,OSQ61HG709,LOT-2544,2026-02-16,
leaf-a01-r2:swp21,switch,A02,OSUPSPN344,LOT-2539,2026-02-16,
a02-ct03:mlx5_3,host,A02,OSISXFULZK,LOT-2539,2026-02-16,
leaf-a01-r3:swp21,switch,A02,OS88AMHDC2,LOT-2539,2026-02-16,
a02-ct04:mlx5_0,host,A02,OSVJVLD2EY,LOT-2550,2026-02-16,
leaf-a01-r0:swp22,switch,A02,OS9XO0TD9P,LOT-2539,2026-02-16,
a02-ct04:mlx5_1,host,A02,OSB15S5RFH,LOT-2548,2026-02-16,
leaf-a01-r1:swp22,switch,A02,OS216WGRZS,LOT-2548,2026-02-16,
a02-ct04:mlx5_2,host,A02,OSPNPZKOSD,LOT-2544,2026-02-16,2026-04-27
leaf-a01-r2:swp22,switch,A02,OSWE7MCCNI,LOT-2548,2026-02-16,
a02-ct04:mlx5_3,host,A02,OS89AL7H20,LOT-2550,2026-02-16,
leaf-a01-r3:swp22,switch,A02,OSO93OTSZI,LOT-2550,2026-02-16,
a02-ct05:mlx5_0,host,A02,OS9MBHBNAG,LOT-2539,2026-02-16,
leaf-a01-r0:swp23,switch,A02,OSQODX1RI0,LOT-2541,2026-02-16,
a02-ct05:mlx5_1,host,A02,OSXYAVVYJW,LOT-2539,2026-02-16,
leaf-a01-r1:swp23,switch,A02,OSDQGIV0ME,LOT-2539,2026-02-16,
a02-ct05:mlx5_2,host,A02,OSMZG49ZQ0,LOT-2548,2026-02-16,
leaf-a01-r2:swp23,switch,A02,OSXD8Q1OQP,LOT-2544,2026-02-16,
a02-ct05:mlx5_3,host,A02,OS4715W660,LOT-2539,2026-02-16,
leaf-a01-r3:swp23,switch,A02,OSJQVTW7NY,LOT-2544,2026-02-16,
a02-ct06:mlx5_0,host,A02,OSZLQDD8MQ,LOT-2541,2026-02-16,
leaf-a01-r0:swp24,switch,A02,OS6SZM273H,LOT-2546,2026-02-16,
a02-ct06:mlx5_1,host,A02,OS762T6RIM,LOT-2541,2026-02-16,
leaf-a01-r1:swp24,switch,A02,OSGTC9NEKD,LOT-2602,2026-02-16,
a02-ct06:mlx5_2,host,A02,OS0DU1C3RV,LOT-2605,2026-02-16,
leaf-a01-r2:swp24,switch,A02,OSQ3736MN3,LOT-2541,2026-02-16,
a02-ct06:mlx5_3,host,A02,OSRTWGK1BN,LOT-2548,2026-02-16,
leaf-a01-r3:swp24,switch,A02,OS4A99UQNL,LOT-2541,2026-02-16,
a02-ct07:mlx5_0,host,A02,OSZFVEGU9L,LOT-2539,2026-02-16,
leaf-a01-r0:swp25,switch,A02,OS7EJRXLDC,LOT-2550,2026-02-16,
a02-ct07:mlx5_1,host,A02,OSUNPG9BJ9,LOT-2602,2026-02-16,
leaf-a01-r1:swp25,switch,A02,OSQLE16Y90,LOT-2541,2026-02-16,
a02-ct07:mlx5_2,host,A02,OSFLRSQVSL,LOT-2546,2026-02-16,
leaf-a01-r2:swp25,switch,A02,OSDYEZOEHT,LOT-2539,2026-02-16,
a02-ct07:mlx5_3,host,A02,OSPOZ7LLYW,LOT-2602,2026-02-16,2026-06-28
leaf-a01-r3:swp25,switch,A02,OS5B45MDTH,LOT-2605,2026-02-16,
a02-ct08:mlx5_0,host,A02,OSJJ5RWZHR,LOT-2548,2026-02-16,
leaf-a01-r0:swp26,switch,A02,OST2O860N4,LOT-2539,2026-02-16,
a02-ct08:mlx5_1,host,A02,OSJ4CVADPV,LOT-2605,2026-02-16,
leaf-a01-r1:swp26,switch,A02,OS0IXW667M,LOT-2544,2026-02-16,
a02-ct08:mlx5_2,host,A02,OSJUUH2GKW,LOT-2539,2026-02-16,
leaf-a01-r2:swp26,switch,A02,OSND1KWV58,LOT-2548,2026-02-16,
a02-ct08:mlx5_3,host,A02,OSDNNBHAQH,LOT-2550,2026-02-16,
leaf-a01-r3:swp26,switch,A02,OS4WGNRID7,LOT-2539,2026-02-16,
a02-ct09:mlx5_0,host,A02,OSF9D6JNTB,LOT-2550,2026-02-16,
leaf-a01-r0:swp27,switch,A02,OS4M1G4OZ1,LOT-2541,2026-02-16,
a02-ct09:mlx5_1,host,A02,OS28QF36U1,LOT-2541,2026-02-16,
leaf-a01-r1:swp27,switch,A02,OSQ2017PHX,LOT-2541,2026-02-16,
a02-ct09:mlx5_2,host,A02,OS5PZ7BB6B,LOT-2546,2026-02-16,
leaf-a01-r2:swp27,switch,A02,OSS9U9EERB,LOT-2602,2026-02-16,
a02-ct09:mlx5_3,host,A02,OSGEZSW9VS,LOT-2605,2026-02-16,
leaf-a01-r3:swp27,switch,A02,OSC8M1F75D,LOT-2544,2026-02-16,
a02-ct10:mlx5_0,host,A02,OSMXVF5FWD,LOT-2605,2026-02-16,
leaf-a01-r0:swp28,switch,A02,OS0VDMR8XS,LOT-2539,2026-02-16,
a02-ct10:mlx5_1,host,A02,OSLEVU7XZE,LOT-2539,2026-02-16,
leaf-a01-r1:swp28,switch,A02,OSM2V74U18,LOT-2539,2026-02-16,
a02-ct10:mlx5_2,host,A02,OSM4Y9H92G,LOT-2602,2026-02-16,
leaf-a01-r2:swp28,switch,A02,OSHVG85QCS,LOT-2548,2026-02-16,
a02-ct10:mlx5_3,host,A02,OSOWS67HWO,LOT-2548,2026-02-16,
leaf-a01-r3:swp28,switch,A02,OSPYKN5M4S,LOT-2541,2026-02-16,
a02-ct11:mlx5_0,host,A02,OS34UQAJ7N,LOT-2539,2026-02-16,
leaf-a01-r0:swp29,switch,A02,OSKUMCBJ2H,LOT-2541,2026-02-16,
a02-ct11:mlx5_1,host,A02,OSLV5WG70Q,LOT-2544,2026-02-16,
leaf-a01-r1:swp29,switch,A02,OSDLWI9B2D,LOT-2605,2026-02-16,
a02-ct11:mlx5_2,host,A02,OSQ7OBO1S0,LOT-2539,2026-02-16,
leaf-a01-r2:swp29,switch,A02,OS1PMTQZDY,LOT-2541,2026-02-16,
a02-ct11:mlx5_3,host,A02,OSEERJEXQ2,LOT-2544,2026-02-16,
leaf-a01-r3:swp29,switch,A02,OS0SWCHQX3,LOT-2602,2026-02-16,
a02-ct12:mlx5_0,host,A02,OS7ON87ZVA,LOT-2546,2026-02-16,
leaf-a01-r0:swp30,switch,A02,OSVEMC95DL,LOT-2539,2026-02-16,
a02-ct12:mlx5_1,host,A02,OSTWR9J9RK,LOT-2602,2026-02-16,
leaf-a01-r1:swp30,switch,A02,OSZT89MNA9,LOT-2548,2026-02-16,
a02-ct12:mlx5_2,host,A02,OSO6HRNBAN,LOT-2541,2026-02-16,
leaf-a01-r2:swp30,switch,A02,OSO2EBTEZ7,LOT-2541,2026-02-16,
a02-ct12:mlx5_3,host,A02,OSXWAWJI6W,LOT-2548,2026-02-16,
leaf-a01-r3:swp30,switch,A02,OSXUEAYWTL,LOT-2541,2026-02-16,
a02-ct13:mlx5_0,host,A02,OSHXHJVIOB,LOT-2544,2026-02-16,
leaf-a01-r0:swp31,switch,A02,OSUPBOQFAZ,LOT-2541,2026-02-16,
a02-ct13:mlx5_1,host,A02,OS9RTEFFWD,LOT-2550,2026-02-16,
leaf-a01-r1:swp31,switch,A02,OSZM3LB29E,LOT-2541,2026-02-16,
a02-ct13:mlx5_2,host,A02,OSNYUD4IFQ,LOT-2602,2026-02-16,
leaf-a01-r2:swp31,switch,A02,OS9Z3BW99K,LOT-2546,2026-02-16,
a02-ct13:mlx5_3,host,A02,OS559T2P7S,LOT-2541,2026-02-16,
leaf-a01-r3:swp31,switch,A02,OSEJQVD8NF,LOT-2541,2026-02-16,
a02-ct14:mlx5_0,host,A02,OSHXVYSVXU,LOT-2550,2026-02-16,
leaf-a01-r0:swp32,switch,A02,OSJVBUX7V4,LOT-2539,2026-02-16,
a02-ct14:mlx5_1,host,A02,OSPIDEG5DM,LOT-2548,2026-02-16,
leaf-a01-r1:swp32,switch,A02,OSP5Y19S1R,LOT-2544,2026-02-16,
a02-ct14:mlx5_2,host,A02,OSN50UK8Y2,LOT-2602,2026-02-16,
leaf-a01-r2:swp32,switch,A02,OSMUEUWA44,LOT-2548,2026-02-16,
a02-ct14:mlx5_3,host,A02,OSFI50LBHS,LOT-2541,2026-02-16,
leaf-a01-r3:swp32,switch,A02,OS3QTIZJKV,LOT-2544,2026-02-16,
a02-ct15:mlx5_0,host,A02,OSXMI9GC0M,LOT-2605,2026-02-16,
leaf-a01-r0:swp33,switch,A02,OSOJ3291OZ,LOT-2602,2026-02-16,
a02-ct15:mlx5_1,host,A02,OSNVF02SGM,LOT-2539,2026-02-16,
leaf-a01-r1:swp33,switch,A02,OSF8UMVJQI,LOT-2546,2026-02-16,
a02-ct15:mlx5_2,host,A02,OSJNJOWZUC,LOT-2550,2026-02-16,
leaf-a01-r2:swp33,switch,A02,OS7GPXGR2P,LOT-2541,2026-02-16,
a02-ct15:mlx5_3,host,A02,OSLL6MX832,LOT-2539,2026-02-16,
leaf-a01-r3:swp33,switch,A02,OSR84OIKH8,LOT-2539,2026-02-16,
a02-ct16:mlx5_0,host,A02,OSCJ4XHB5P,LOT-2605,2026-02-16,
leaf-a01-r0:swp34,switch,A02,OS2IJ7D73T,LOT-2541,2026-02-16,
a02-ct16:mlx5_1,host,A02,OS1Z5P2386,LOT-2605,2026-02-16,
leaf-a01-r1:swp34,switch,A02,OSUZNWNX1E,LOT-2541,2026-02-16,
a02-ct16:mlx5_2,host,A02,OSI9IR68U4,LOT-2546,2026-02-16,
leaf-a01-r2:swp34,switch,A02,OSWEAMHBWA,LOT-2544,2026-02-16,
a02-ct16:mlx5_3,host,A02,OS2Q9UDWQ0,LOT-2539,2026-02-16,
leaf-a01-r3:swp34,switch,A02,OSV5C8UVT9,LOT-2546,2026-02-16,
a02-ct17:mlx5_0,host,A02,OSG6THAA3B,LOT-2605,2026-02-16,
leaf-a01-r0:swp35,switch,A02,OS9F2IV9HF,LOT-2541,2026-02-16,
a02-ct17:mlx5_1,host,A02,OSR0KP2LUL,LOT-2541,2026-02-16,
leaf-a01-r1:swp35,switch,A02,OS0UD9XE8A,LOT-2602,2026-02-16,
a02-ct17:mlx5_2,host,A02,OSQ3B3PWEV,LOT-2605,2026-02-16,
leaf-a01-r2:swp35,switch,A02,OS89DS78VV,LOT-2546,2026-02-16,2026-05-16
a02-ct17:mlx5_3,host,A02,OSJPQK6OPC,LOT-2539,2026-02-16,
leaf-a01-r3:swp35,switch,A02,OSFFARKGVW,LOT-2539,2026-02-16,
a02-ct18:mlx5_0,host,A02,OSVTUEEGZK,LOT-2539,2026-02-16,
leaf-a01-r0:swp36,switch,A02,OSAOL8RMLY,LOT-2539,2026-02-16,
a02-ct18:mlx5_1,host,A02,OSCGD5P9GW,LOT-2548,2026-02-16,
leaf-a01-r1:swp36,switch,A02,OS0MAA44CX,LOT-2544,2026-02-16,
a02-ct18:mlx5_2,host,A02,OSKGJHYEQL,LOT-2548,2026-02-16,
leaf-a01-r2:swp36,switch,A02,OS8DJYQYVJ,LOT-2605,2026-02-16,
a02-ct18:mlx5_3,host,A02,OSR6GP8NW9,LOT-2539,2026-02-16,
leaf-a01-r3:swp36,switch,A02,OSELER4S1E,LOT-2548,2026-02-16,
a03-ct01:mlx5_0,host,A03,OSVO2BBHD8,LOT-2605,2026-02-16,
leaf-a02-r0:swp1,switch,A03,OS0GQZOS8D,LOT-2602,2026-02-16,
a03-ct01:mlx5_1,host,A03,OSTTZOVTI9,LOT-2546,2026-02-16,
leaf-a02-r1:swp1,switch,A03,OSEZ28UQWY,LOT-2548,2026-02-16,
a03-ct01:mlx5_2,host,A03,OSOO4YD6IC,LOT-2550,2026-02-16,
leaf-a02-r2:swp1,switch,A03,OSLUYCRHWL,LOT-2548,2026-02-16,
a03-ct01:mlx5_3,host,A03,OSLLJDBUW4,LOT-2541,2026-02-16,
leaf-a02-r3:swp1,switch,A03,OS13JWQ5SI,LOT-2544,2026-02-16,
a03-ct02:mlx5_0,host,A03,OSLNL8EF7L,LOT-2546,2026-02-16,
leaf-a02-r0:swp2,switch,A03,OS8AS8BMLS,LOT-2541,2026-02-16,
a03-ct02:mlx5_1,host,A03,OSNOPAIBHD,LOT-2546,2026-02-16,
leaf-a02-r1:swp2,switch,A03,OSDHZJAOJY,LOT-2602,2026-02-16,
a03-ct02:mlx5_2,host,A03,OSAHQZRPGB,LOT-2550,2026-02-16,
leaf-a02-r2:swp2,switch,A03,OSE87AL2X8,LOT-2550,2026-02-16,
a03-ct02:mlx5_3,host,A03,OS9KYH3Q5Q,LOT-2539,2026-02-16,
leaf-a02-r3:swp2,switch,A03,OSMDRHDNM1,LOT-2539,2026-02-16,
a03-ct03:mlx5_0,host,A03,OSF0787ST7,LOT-2548,2026-02-16,
leaf-a02-r0:swp3,switch,A03,OS9BX5RC9K,LOT-2605,2026-02-16,
a03-ct03:mlx5_1,host,A03,OSYVENUGTH,LOT-2539,2026-02-16,
leaf-a02-r1:swp3,switch,A03,OSD51P2PBN,LOT-2548,2026-02-16,
a03-ct03:mlx5_2,host,A03,OS36MJX18N,LOT-2550,2026-02-16,
leaf-a02-r2:swp3,switch,A03,OSGVO688NP,LOT-2546,2026-02-16,
a03-ct03:mlx5_3,host,A03,OSJVQ0Q0WK,LOT-2550,2026-02-16,
leaf-a02-r3:swp3,switch,A03,OSB51J3AXU,LOT-2541,2026-02-16,
a03-ct04:mlx5_0,host,A03,OSNT7KGTZB,LOT-2544,2026-02-16,
leaf-a02-r0:swp4,switch,A03,OSIW9FJYF0,LOT-2546,2026-02-16,
a03-ct04:mlx5_1,host,A03,OSWL3C5CKA,LOT-2550,2026-02-16,
leaf-a02-r1:swp4,switch,A03,OSID4BBNI6,LOT-2546,2026-02-16,
a03-ct04:mlx5_2,host,A03,OSFBQXSFUP,LOT-2539,2026-02-16,
leaf-a02-r2:swp4,switch,A03,OSW5L0OHIN,LOT-2539,2026-02-16,
a03-ct04:mlx5_3,host,A03,OSQ27FUXV1,LOT-2548,2026-02-16,
leaf-a02-r3:swp4,switch,A03,OS5FR9WKZG,LOT-2539,2026-02-16,
a03-ct05:mlx5_0,host,A03,OSPJ0WGNK8,LOT-2548,2026-02-16,
leaf-a02-r0:swp5,switch,A03,OS14RWYOJK,LOT-2539,2026-02-16,
a03-ct05:mlx5_1,host,A03,OSR8ZG1E4M,LOT-2548,2026-02-16,
leaf-a02-r1:swp5,switch,A03,OSGC90DLYQ,LOT-2550,2026-02-16,
a03-ct05:mlx5_2,host,A03,OS6AH6378C,LOT-2539,2026-02-16,
leaf-a02-r2:swp5,switch,A03,OSDL054WTE,LOT-2544,2026-02-16,
a03-ct05:mlx5_3,host,A03,OS71STJ2GN,LOT-2544,2026-02-16,2026-06-24
leaf-a02-r3:swp5,switch,A03,OS4WA7FOOM,LOT-2550,2026-02-16,
a03-ct06:mlx5_0,host,A03,OS8TAJ73H2,LOT-2541,2026-02-16,
leaf-a02-r0:swp6,switch,A03,OS0OI9PMUV,LOT-2546,2026-02-16,
a03-ct06:mlx5_1,host,A03,OSGQTWG9A1,LOT-2541,2026-02-16,
leaf-a02-r1:swp6,switch,A03,OSSJZ507SA,LOT-2541,2026-02-16,
a03-ct06:mlx5_2,host,A03,OSEZEFG8ZF,LOT-2544,2026-02-16,
leaf-a02-r2:swp6,switch,A03,OS8B3WSR67,LOT-2539,2026-02-16,
a03-ct06:mlx5_3,host,A03,OS1SO6OON4,LOT-2602,2026-02-16,
leaf-a02-r3:swp6,switch,A03,OS96V3SMA6,LOT-2539,2026-02-16,
a03-ct07:mlx5_0,host,A03,OSYQE26KCM,LOT-2539,2026-02-16,
leaf-a02-r0:swp7,switch,A03,OS423YBBLH,LOT-2541,2026-02-16,
a03-ct07:mlx5_1,host,A03,OSBSUYEMKD,LOT-2539,2026-02-16,
leaf-a02-r1:swp7,switch,A03,OSYIYVWEP9,LOT-2548,2026-02-16,
a03-ct07:mlx5_2,host,A03,OSD1EMSR3C,LOT-2541,2026-02-16,2026-07-24
leaf-a02-r2:swp7,switch,A03,OSESVOVL3N,LOT-2544,2026-02-16,
a03-ct07:mlx5_3,host,A03,OSUJ56Z07U,LOT-2541,2026-02-16,
leaf-a02-r3:swp7,switch,A03,OSW2K48UYL,LOT-2544,2026-02-16,
a03-ct08:mlx5_0,host,A03,OSWL60CRI4,LOT-2550,2026-02-16,
leaf-a02-r0:swp8,switch,A03,OSVW5ZD0LS,LOT-2605,2026-02-16,
a03-ct08:mlx5_1,host,A03,OSQWEADLD6,LOT-2602,2026-02-16,
leaf-a02-r1:swp8,switch,A03,OSUP8O8ND3,LOT-2605,2026-02-16,
a03-ct08:mlx5_2,host,A03,OSTLN0UFWG,LOT-2548,2026-02-16,
leaf-a02-r2:swp8,switch,A03,OSOI2SCDMY,LOT-2539,2026-02-16,
a03-ct08:mlx5_3,host,A03,OS7M3SHHFZ,LOT-2544,2026-02-16,
leaf-a02-r3:swp8,switch,A03,OS1T5J2DNX,LOT-2546,2026-02-16,2026-08-01
a03-ct09:mlx5_0,host,A03,OSRC4YVBRB,LOT-2539,2026-02-16,
leaf-a02-r0:swp9,switch,A03,OSTB19TOG5,LOT-2546,2026-02-16,
a03-ct09:mlx5_1,host,A03,OS2IAE72Y7,LOT-2541,2026-02-16,
leaf-a02-r1:swp9,switch,A03,OSEBEPL09J,LOT-2546,2026-02-16,
a03-ct09:mlx5_2,host,A03,OS875AARY1,LOT-2544,2026-02-16,
leaf-a02-r2:swp9,switch,A03,OSS5VR0WI0,LOT-2541,2026-02-16,
a03-ct09:mlx5_3,host,A03,OSWGL6ICA8,LOT-2544,2026-02-16,
leaf-a02-r3:swp9,switch,A03,OSKV3FU42U,LOT-2550,2026-02-16,
a03-ct10:mlx5_0,host,A03,OSPWXBPXDB,LOT-2546,2026-02-16,
leaf-a02-r0:swp10,switch,A03,OS1MN8JM14,LOT-2539,2026-02-16,
a03-ct10:mlx5_1,host,A03,OSEGMP8PFH,LOT-2602,2026-02-16,
leaf-a02-r1:swp10,switch,A03,OSNC291JRX,LOT-2539,2026-02-16,
a03-ct10:mlx5_2,host,A03,OSKB1JHXC4,LOT-2548,2026-02-16,
leaf-a02-r2:swp10,switch,A03,OSF8JQCEPE,LOT-2546,2026-02-16,
a03-ct10:mlx5_3,host,A03,OSXOMJCFO7,LOT-2541,2026-02-16,
leaf-a02-r3:swp10,switch,A03,OS0RXDBVPC,LOT-2550,2026-02-16,
a03-ct11:mlx5_0,host,A03,OSBJFA3PSN,LOT-2544,2026-02-16,
leaf-a02-r0:swp11,switch,A03,OS6S4WN9CV,LOT-2602,2026-02-16,
a03-ct11:mlx5_1,host,A03,OSBKT8J2KP,LOT-2539,2026-02-16,
leaf-a02-r1:swp11,switch,A03,OSK29Z43GT,LOT-2548,2026-02-16,
a03-ct11:mlx5_2,host,A03,OS1460UHSZ,LOT-2546,2026-02-16,
leaf-a02-r2:swp11,switch,A03,OS88PKBK85,LOT-2605,2026-02-16,
a03-ct11:mlx5_3,host,A03,OSY1YRU27D,LOT-2548,2026-02-16,
leaf-a02-r3:swp11,switch,A03,OSAVO82UYX,LOT-2541,2026-02-16,
a03-ct12:mlx5_0,host,A03,OS2JV41P2I,LOT-2544,2026-02-16,
leaf-a02-r0:swp12,switch,A03,OSVXD39T3N,LOT-2550,2026-02-16,
a03-ct12:mlx5_1,host,A03,OS5E81ATV3,LOT-2548,2026-02-16,
leaf-a02-r1:swp12,switch,A03,OS2APOJ4B9,LOT-2541,2026-02-16,
a03-ct12:mlx5_2,host,A03,OS28MSIKNV,LOT-2548,2026-02-16,
leaf-a02-r2:swp12,switch,A03,OS3YX2FDTC,LOT-2544,2026-02-16,
a03-ct12:mlx5_3,host,A03,OSXATL9IGS,LOT-2548,2026-02-16,
leaf-a02-r3:swp12,switch,A03,OSSB97Z3W5,LOT-2539,2026-02-16,
a03-ct13:mlx5_0,host,A03,OSI5EV6UWP,LOT-2544,2026-02-16,
leaf-a02-r0:swp13,switch,A03,OSL7SAHMXD,LOT-2546,2026-02-16,
a03-ct13:mlx5_1,host,A03,OSY1ZQWUNS,LOT-2539,2026-02-16,
leaf-a02-r1:swp13,switch,A03,OS8SSLZH4Q,LOT-2546,2026-02-16,
a03-ct13:mlx5_2,host,A03,OSLGKXMM6L,LOT-2539,2026-02-16,
leaf-a02-r2:swp13,switch,A03,OSAOFO8BJ7,LOT-2541,2026-02-16,
a03-ct13:mlx5_3,host,A03,OSZNOORI2X,LOT-2546,2026-02-16,
leaf-a02-r3:swp13,switch,A03,OSMG4A0W74,LOT-2550,2026-02-16,
a03-ct14:mlx5_0,host,A03,OSXUM029F2,LOT-2539,2026-02-16,
leaf-a02-r0:swp14,switch,A03,OSPHL8ZH3T,LOT-2550,2026-02-16,
a03-ct14:mlx5_1,host,A03,OSDYY0TT4T,LOT-2539,2026-02-16,
leaf-a02-r1:swp14,switch,A03,OSNBI6U0M7,LOT-2541,2026-02-16,
a03-ct14:mlx5_2,host,A03,OS7AXPXTWP,LOT-2539,2026-02-16,
leaf-a02-r2:swp14,switch,A03,OSSD1J68C7,LOT-2539,2026-02-16,
a03-ct14:mlx5_3,host,A03,OSPFURRAIR,LOT-2546,2026-02-16,
leaf-a02-r3:swp14,switch,A03,OSOADORI3T,LOT-2541,2026-02-16,
a03-ct15:mlx5_0,host,A03,OSE5YVD9RF,LOT-2548,2026-02-16,
leaf-a02-r0:swp15,switch,A03,OSL8C2Y63Z,LOT-2546,2026-02-16,
a03-ct15:mlx5_1,host,A03,OS0UAM55GH,LOT-2539,2026-02-16,
leaf-a02-r1:swp15,switch,A03,OS129468TJ,LOT-2548,2026-02-16,
a03-ct15:mlx5_2,host,A03,OSQ127L4NP,LOT-2546,2026-02-16,
leaf-a02-r2:swp15,switch,A03,OSA3GEYMY6,LOT-2539,2026-02-16,
a03-ct15:mlx5_3,host,A03,OSNPOIA2AC,LOT-2539,2026-02-16,
leaf-a02-r3:swp15,switch,A03,OSAM0AYLK5,LOT-2548,2026-02-16,
a03-ct16:mlx5_0,host,A03,OS739K6IAZ,LOT-2544,2026-02-16,
leaf-a02-r0:swp16,switch,A03,OSP124E46B,LOT-2544,2026-02-16,
a03-ct16:mlx5_1,host,A03,OS63R3J8H7,LOT-2550,2026-02-16,
leaf-a02-r1:swp16,switch,A03,OSSO3Z5JIZ,LOT-2548,2026-02-16,2026-04-27
a03-ct16:mlx5_2,host,A03,OSAHACGB33,LOT-2548,2026-02-16,
leaf-a02-r2:swp16,switch,A03,OSB2XDA5LA,LOT-2539,2026-02-16,
a03-ct16:mlx5_3,host,A03,OSKL8MV21B,LOT-2544,2026-02-16,2026-07-13
leaf-a02-r3:swp16,switch,A03,OS5FQ27YMK,LOT-2548,2026-02-16,2026-03-05
a03-ct17:mlx5_0,host,A03,OSO8Q5R0EK,LOT-2539,2026-02-16,
leaf-a02-r0:swp17,switch,A03,OSPS28UY2X,LOT-2546,2026-02-16,
a03-ct17:mlx5_1,host,A03,OSDEQQLLLM,LOT-2546,2026-02-16,
leaf-a02-r1:swp17,switch,A03,OSVAWA342H,LOT-2541,2026-02-16,
a03-ct17:mlx5_2,host,A03,OSEH8TG7NB,LOT-2605,2026-02-16,
leaf-a02-r2:swp17,switch,A03,OSWEO3VAIF,LOT-2550,2026-02-16,
a03-ct17:mlx5_3,host,A03,OSN8HTTOWT,LOT-2548,2026-02-16,
leaf-a02-r3:swp17,switch,A03,OS3I56L9F6,LOT-2550,2026-02-16,
a03-ct18:mlx5_0,host,A03,OSVR2V2DZQ,LOT-2539,2026-02-16,
leaf-a02-r0:swp18,switch,A03,OSYPMI7FWK,LOT-2539,2026-02-16,
a03-ct18:mlx5_1,host,A03,OSHMNHOUWZ,LOT-2602,2026-02-16,
leaf-a02-r1:swp18,switch,A03,OSM7HO5O6X,LOT-2539,2026-02-16,
a03-ct18:mlx5_2,host,A03,OS7X9GDX1Y,LOT-2548,2026-02-16,
leaf-a02-r2:swp18,switch,A03,OS2QP266EX,LOT-2602,2026-02-16,
a03-ct18:mlx5_3,host,A03,OSAPS8SBN4,LOT-2546,2026-02-16,2026-03-05
leaf-a02-r3:swp18,switch,A03,OSRJEN9F7A,LOT-2546,2026-02-16,
a04-ct01:mlx5_0,host,A04,OSJ1V4UE3K,LOT-2602,2026-02-16,
leaf-a02-r0:swp19,switch,A04,OSGB48DQWR,LOT-2548,2026-02-16,
a04-ct01:mlx5_1,host,A04,OSTKE85V8D,LOT-2548,2026-02-16,
leaf-a02-r1:swp19,switch,A04,OSLH3QMRAX,LOT-2539,2026-02-16,
a04-ct01:mlx5_2,host,A04,OSI7G2F1WS,LOT-2548,2026-02-16,
leaf-a02-r2:swp19,switch,A04,OSYDQLX1AH,LOT-2605,2026-02-16,
a04-ct01:mlx5_3,host,A04,OSTH8V2SEU,LOT-2602,2026-02-16,
leaf-a02-r3:swp19,switch,A04,OS1JI0XPM4,LOT-2548,2026-02-16,
a04-ct02:mlx5_0,host,A04,OS5GCMX3OW,LOT-2605,2026-02-16,
leaf-a02-r0:swp20,switch,A04,OSECDXCY8Q,LOT-2546,2026-02-16,
a04-ct02:mlx5_1,host,A04,OSOVKBMN1T,LOT-2548,2026-02-16,
leaf-a02-r1:swp20,switch,A04,OSSNAZC3TY,LOT-2539,2026-02-16,
a04-ct02:mlx5_2,host,A04,OS91N6M00Z,LOT-2550,2026-02-16,
leaf-a02-r2:swp20,switch,A04,OSEX4NIFVQ,LOT-2548,2026-02-16,
a04-ct02:mlx5_3,host,A04,OSPUT8JSMT,LOT-2605,2026-02-16,
leaf-a02-r3:swp20,switch,A04,OSY4R6JQ9M,LOT-2548,2026-02-16,
a04-ct03:mlx5_0,host,A04,OS5OJZZ8YK,LOT-2539,2026-02-16,
leaf-a02-r0:swp21,switch,A04,OSU6O7IFUD,LOT-2546,2026-02-16,
a04-ct03:mlx5_1,host,A04,OST3TFDE0M,LOT-2605,2026-02-16,
leaf-a02-r1:swp21,switch,A04,OSOHXYSMZH,LOT-2546,2026-02-16,
a04-ct03:mlx5_2,host,A04,OS9O8O7GYT,LOT-2550,2026-02-16,
leaf-a02-r2:swp21,switch,A04,OSE4PLL5NG,LOT-2539,2026-02-16,
a04-ct03:mlx5_3,host,A04,OS6G8TFO4B,LOT-2546,2026-02-16,
leaf-a02-r3:swp21,switch,A04,OS345SVCSR,LOT-2544,2026-02-16,
a04-ct04:mlx5_0,host,A04,OSG0LFM2PV,LOT-2546,2026-02-16,
leaf-a02-r0:swp22,switch,A04,OSKCNF5G1D,LOT-2541,2026-02-16,
a04-ct04:mlx5_1,host,A04,OSTOWRCPB7,LOT-2539,2026-02-16,
leaf-a02-r1:swp22,switch,A04,OSV60FOT6L,LOT-2605,2026-02-16,
a04-ct04:mlx5_2,host,A04,OSXJ1H7ZP1,LOT-2539,2026-02-16,
leaf-a02-r2:swp22,switch,A04,OSPW23UKSQ,LOT-2539,2026-02-16,
a04-ct04:mlx5_3,host,A04,OSEGIPLHR5,LOT-2541,2026-02-16,
leaf-a02-r3:swp22,switch,A04,OSZTAUPBE4,LOT-2546,2026-02-16,
a04-ct05:mlx5_0,host,A04,OS1J54VQX4,LOT-2605,2026-02-16,
leaf-a02-r0:swp23,switch,A04,OSP8CWMYV7,LOT-2546,2026-02-16,
a04-ct05:mlx5_1,host,A04,OS63KKRQYR,LOT-2541,2026-02-16,
leaf-a02-r1:swp23,switch,A04,OSBJ53YUNO,LOT-2544,2026-02-16,
a04-ct05:mlx5_2,host,A04,OSLMQNKLNZ,LOT-2548,2026-02-16,
leaf-a02-r2:swp23,switch,A04,OSS3X1YBZZ,LOT-2539,2026-02-16,
a04-ct05:mlx5_3,host,A04,OSD1E9HRZ8,LOT-2541,2026-02-16,
leaf-a02-r3:swp23,switch,A04,OSMD5T11HN,LOT-2544,2026-02-16,2026-05-24
a04-ct06:mlx5_0,host,A04,OSWX47TPY6,LOT-2550,2026-02-16,
leaf-a02-r0:swp24,switch,A04,OSFV2MJKV2,LOT-2539,2026-02-16,
a04-ct06:mlx5_1,host,A04,OSIA8FFLYK,LOT-2539,2026-02-16,
leaf-a02-r1:swp24,switch,A04,OSGW8G2K4N,LOT-2550,2026-02-16,
a04-ct06:mlx5_2,host,A04,OS4MDKXCWO,LOT-2602,2026-02-16,
leaf-a02-r2:swp24,switch,A04,OS7R0HR4BY,LOT-2539,2026-02-16,
a04-ct06:mlx5_3,host,A04,OSNKGBU8MW,LOT-2539,2026-02-16,
leaf-a02-r3:swp24,switch,A04,OSOUGQZCNT,LOT-2539,2026-02-16,
a04-ct07:mlx5_0,host,A04,OSFCEGB7C3,LOT-2546,2026-02-16,
leaf-a02-r0:swp25,switch,A04,OS1QC9HQ5I,LOT-2605,2026-02-16,
a04-ct07:mlx5_1,host,A04,OSQEPFE8A2,LOT-2546,2026-02-16,
leaf-a02-r1:swp25,switch,A04,OS68TEJG5D,LOT-2546,2026-02-16,
a04-ct07:mlx5_2,host,A04,OSASWFL2IJ,LOT-2541,2026-02-16,
leaf-a02-r2:swp25,switch,A04,OS6HX60JR5,LOT-2546,2026-02-16,
a04-ct07:mlx5_3,host,A04,OSVY2I8V47,LOT-2546,2026-02-16,
leaf-a02-r3:swp25,switch,A04,OS80WNOGMF,LOT-2550,2026-02-16,
a04-ct08:mlx5_0,host,A04,OS69QLS8OF,LOT-2539,2026-02-16,
leaf-a02-r0:swp26,switch,A04,OS7YKX9G5Z,LOT-2548,2026-02-16,
a04-ct08:mlx5_1,host,A04,OSV4NLRPF5,LOT-2550,2026-02-16,
leaf-a02-r1:swp26,switch,A04,OSHK0O97EC,LOT-2550,2026-02-16,
a04-ct08:mlx5_2,host,A04,OSC7W4P027,LOT-2539,2026-02-16,
leaf-a02-r2:swp26,switch,A04,OSVH4RZPYG,LOT-2539,2026-02-16,
a04-ct08:mlx5_3,host,A04,OSDOGBXL8C,LOT-2539,2026-02-16,
leaf-a02-r3:swp26,switch,A04,OSKQI87XQ6,LOT-2544,2026-02-16,
a04-ct09:mlx5_0,host,A04,OS4WIQ52S6,LOT-2541,2026-02-16,
leaf-a02-r0:swp27,switch,A04,OS8QZUJ1MH,LOT-2605,2026-02-16,
a04-ct09:mlx5_1,host,A04,OSTO89AW64,LOT-2539,2026-02-16,
leaf-a02-r1:swp27,switch,A04,OSO07M2S6B,LOT-2541,2026-02-16,
a04-ct09:mlx5_2,host,A04,OSQJECZV0P,LOT-2541,2026-02-16,
leaf-a02-r2:swp27,switch,A04,OSYQKDSY8V,LOT-2541,2026-02-16,
a04-ct09:mlx5_3,host,A04,OSJ93R0A7G,LOT-2539,2026-02-16,
leaf-a02-r3:swp27,switch,A04,OS2ZXU8MD4,LOT-2544,2026-02-16,
a04-ct10:mlx5_0,host,A04,OSP6FPDVA7,LOT-2602,2026-02-16,
leaf-a02-r0:swp28,switch,A04,OSGQJ1GE56,LOT-2539,2026-02-16,
a04-ct10:mlx5_1,host,A04,OSPKCC0CI2,LOT-2550,2026-02-16,
leaf-a02-r1:swp28,switch,A04,OSF3L0MVHG,LOT-2602,2026-02-16,
a04-ct10:mlx5_2,host,A04,OSHKP6BMUU,LOT-2548,2026-02-16,
leaf-a02-r2:swp28,switch,A04,OSMD92UQFN,LOT-2541,2026-02-16,
a04-ct10:mlx5_3,host,A04,OSU36HBY1Z,LOT-2539,2026-02-16,
leaf-a02-r3:swp28,switch,A04,OSFPPNTD1I,LOT-2550,2026-02-16,
a04-ct11:mlx5_0,host,A04,OSDJ2MJI13,LOT-2539,2026-02-16,
leaf-a02-r0:swp29,switch,A04,OSN7LWCCCB,LOT-2544,2026-02-16,
a04-ct11:mlx5_1,host,A04,OSI2OTVJX7,LOT-2541,2026-02-16,
leaf-a02-r1:swp29,switch,A04,OS32PSB5HF,LOT-2548,2026-02-16,
a04-ct11:mlx5_2,host,A04,OSHN6QR7WP,LOT-2541,2026-02-16,
leaf-a02-r2:swp29,switch,A04,OSMV1FH9LE,LOT-2541,2026-02-16,
a04-ct11:mlx5_3,host,A04,OSI6Q8DJTK,LOT-2548,2026-02-16,
leaf-a02-r3:swp29,switch,A04,OS1GAAXZIL,LOT-2548,2026-02-16,
a04-ct12:mlx5_0,host,A04,OSRIJSL3RE,LOT-2539,2026-02-16,
leaf-a02-r0:swp30,switch,A04,OSPGMQV5K2,LOT-2541,2026-02-16,
a04-ct12:mlx5_1,host,A04,OSBZGNDCOA,LOT-2544,2026-02-16,
leaf-a02-r1:swp30,switch,A04,OSDO237C18,LOT-2550,2026-02-16,
a04-ct12:mlx5_2,host,A04,OS4DNPDOWC,LOT-2546,2026-02-16,
leaf-a02-r2:swp30,switch,A04,OSFH6SIV46,LOT-2544,2026-02-16,
a04-ct12:mlx5_3,host,A04,OSDGYU8K2F,LOT-2541,2026-02-16,
leaf-a02-r3:swp30,switch,A04,OSXJGI3QWK,LOT-2605,2026-02-16,
a04-ct13:mlx5_0,host,A04,OS1I2HAP9V,LOT-2550,2026-02-16,
leaf-a02-r0:swp31,switch,A04,OSTX8L6JOS,LOT-2550,2026-02-16,
a04-ct13:mlx5_1,host,A04,OSLPPL5BQ7,LOT-2539,2026-02-16,
leaf-a02-r1:swp31,switch,A04,OSLKDLTUSK,LOT-2546,2026-02-16,
a04-ct13:mlx5_2,host,A04,OS8DV68A8I,LOT-2539,2026-02-16,
leaf-a02-r2:swp31,switch,A04,OSMATUYN0G,LOT-2605,2026-02-16,
a04-ct13:mlx5_3,host,A04,OSVOWEQ70S,LOT-2605,2026-02-16,
leaf-a02-r3:swp31,switch,A04,OSJ4U7YVUN,LOT-2546,2026-02-16,
a04-ct14:mlx5_0,host,A04,OSR3DHOKPF,LOT-2548,2026-02-16,
leaf-a02-r0:swp32,switch,A04,OSMQBYRQ7F,LOT-2546,2026-02-16,
a04-ct14:mlx5_1,host,A04,OSDUKP6OVD,LOT-2544,2026-02-16,
leaf-a02-r1:swp32,switch,A04,OSYK79W6RV,LOT-2605,2026-02-16,
a04-ct14:mlx5_2,host,A04,OSANPM1IB2,LOT-2544,2026-02-16,
leaf-a02-r2:swp32,switch,A04,OS9JK75337,LOT-2605,2026-02-16,
a04-ct14:mlx5_3,host,A04,OS8E50IC7C,LOT-2550,2026-02-16,
leaf-a02-r3:swp32,switch,A04,OSYPE7H6XS,LOT-2605,2026-02-16,
a04-ct15:mlx5_0,host,A04,OSK9PEZ66K,LOT-2605,2026-02-16,
leaf-a02-r0:swp33,switch,A04,OSZX1V75UN,LOT-2546,2026-02-16,
a04-ct15:mlx5_1,host,A04,OSROQ3YDZM,LOT-2548,2026-02-16,
leaf-a02-r1:swp33,switch,A04,OS44KP17A5,LOT-2546,2026-02-16,
a04-ct15:mlx5_2,host,A04,OSYHXRWZRR,LOT-2602,2026-02-16,
leaf-a02-r2:swp33,switch,A04,OSFIR2ZBGQ,LOT-2602,2026-02-16,
a04-ct15:mlx5_3,host,A04,OS1LBYXDNZ,LOT-2544,2026-02-16,
leaf-a02-r3:swp33,switch,A04,OSU1SF45W9,LOT-2541,2026-02-16,
a04-ct16:mlx5_0,host,A04,OSZT1UGJJL,LOT-2602,2026-02-16,
leaf-a02-r0:swp34,switch,A04,OS6NJJG3VR,LOT-2544,2026-02-16,
a04-ct16:mlx5_1,host,A04,OS5H9VF36D,LOT-2544,2026-02-16,
leaf-a02-r1:swp34,switch,A04,OSXEC1Z0IG,LOT-2541,2026-02-16,
a04-ct16:mlx5_2,host,A04,OSF0SK7L53,LOT-2544,2026-02-16,
leaf-a02-r2:swp34,switch,A04,OSHFSTZR5H,LOT-2605,2026-02-16,
a04-ct16:mlx5_3,host,A04,OSXUAGW4LA,LOT-2544,2026-02-16,
leaf-a02-r3:swp34,switch,A04,OSV8PAN1D6,LOT-2539,2026-02-16,
a04-ct17:mlx5_0,host,A04,OSSWLRV8P2,LOT-2539,2026-02-16,
leaf-a02-r0:swp35,switch,A04,OSMVI01539,LOT-2605,2026-02-16,
a04-ct17:mlx5_1,host,A04,OSDGX3FW6V,LOT-2544,2026-02-16,
leaf-a02-r1:swp35,switch,A04,OSR0RQW34N,LOT-2539,2026-02-16,
a04-ct17:mlx5_2,host,A04,OSQNFGLD73,LOT-2546,2026-02-16,
leaf-a02-r2:swp35,switch,A04,OSOEE2F22A,LOT-2602,2026-02-16,
a04-ct17:mlx5_3,host,A04,OS15Q68413,LOT-2605,2026-02-16,2026-07-11
leaf-a02-r3:swp35,switch,A04,OSD1JCXEUB,LOT-2541,2026-02-16,
a04-ct18:mlx5_0,host,A04,OS6EVNNEVS,LOT-2539,2026-02-16,
leaf-a02-r0:swp36,switch,A04,OSSY6OQVRF,LOT-2548,2026-02-16,
a04-ct18:mlx5_1,host,A04,OSJQ30C0EC,LOT-2550,2026-02-16,
leaf-a02-r1:swp36,switch,A04,OSV5F78AHO,LOT-2541,2026-02-16,
a04-ct18:mlx5_2,host,A04,OSE977X268,LOT-2546,2026-02-16,
leaf-a02-r2:swp36,switch,A04,OS2PTW6TN2,LOT-2541,2026-02-16,
a04-ct18:mlx5_3,host,A04,OSTE32ABKV,LOT-2546,2026-02-16,
leaf-a02-r3:swp36,switch,A04,OSZI66IKX0,LOT-2546,2026-02-16,
a05-ct01:mlx5_0,host,A05,OSW4J8X51R,LOT-2544,2026-02-16,
leaf-a03-r0:swp1,switch,A05,OST8UXN1JD,LOT-2548,2026-02-16,
a05-ct01:mlx5_1,host,A05,OS6F0AEKGS,LOT-2548,2026-02-16,
leaf-a03-r1:swp1,switch,A05,OS3374S7K5,LOT-2539,2026-02-16,
a05-ct01:mlx5_2,host,A05,OSEFRJJAF4,LOT-2544,2026-02-16,
leaf-a03-r2:swp1,switch,A05,OS5M4561PG,LOT-2602,2026-02-16,
a05-ct01:mlx5_3,host,A05,OSMLIT9B93,LOT-2539,2026-02-16,
leaf-a03-r3:swp1,switch,A05,OSP8QAX5BB,LOT-2546,2026-02-16,
a05-ct02:mlx5_0,host,A05,OSROZVFEWS,LOT-2539,2026-02-16,
leaf-a03-r0:swp2,switch,A05,OS0IXU1WVR,LOT-2550,2026-02-16,
a05-ct02:mlx5_1,host,A05,OSCRW4FCMR,LOT-2539,2026-02-16,
leaf-a03-r1:swp2,switch,A05,OSBV31OOLL,LOT-2548,2026-02-16,
a05-ct02:mlx5_2,host,A05,OS6UGDRANP,LOT-2546,2026-02-16,
leaf-a03-r2:swp2,switch,A05,OSXG1X0SPX,LOT-2541,2026-02-16,
a05-ct02:mlx5_3,host,A05,OSFB8ROH76,LOT-2541,2026-02-16,
leaf-a03-r3:swp2,switch,A05,OSOEGL9ZCM,LOT-2546,2026-02-16,
a05-ct03:mlx5_0,host,A05,OS3DT32XW6,LOT-2550,2026-02-16,
leaf-a03-r0:swp3,switch,A05,OS6SGZZHM8,LOT-2550,2026-02-16,
a05-ct03:mlx5_1,host,A05,OSFRM5KPOP,LOT-2550,2026-02-16,
leaf-a03-r1:swp3,switch,A05,OSGWQXLSOT,LOT-2548,2026-02-16,
a05-ct03:mlx5_2,host,A05,OSQWZ282OH,LOT-2544,2026-02-16,
leaf-a03-r2:swp3,switch,A05,OSBNBC3ECI,LOT-2546,2026-02-16,
a05-ct03:mlx5_3,host,A05,OSNAT2RPAT,LOT-2539,2026-02-16,
leaf-a03-r3:swp3,switch,A05,OSWDX7CCWD,LOT-2539,2026-02-16,
a05-ct04:mlx5_0,host,A05,OSH12US7O0,LOT-2550,2026-02-16,
leaf-a03-r0:swp4,switch,A05,OSJ2W5X1CH,LOT-2539,2026-02-16,
a05-ct04:mlx5_1,host,A05,OS8GDE0INP,LOT-2546,2026-02-16,
leaf-a03-r1:swp4,switch,A05,OSQ9E9734D,LOT-2544,2026-02-16,
a05-ct04:mlx5_2,host,A05,OS8HINO8YI,LOT-2539,2026-02-16,
leaf-a03-r2:swp4,switch,A05,OS8GGINEIE,LOT-2544,2026-02-16,2026-03-15
a05-ct04:mlx5_3,host,A05,OSLIT2SG7C,LOT-2548,2026-02-16,
leaf-a03-r3:swp4,switch,A05,OSXBRRTBB2,LOT-2605,2026-02-16,
a05-ct05:mlx5_0,host,A05,OSPCVPUH97,LOT-2548,2026-02-16,
leaf-a03-r0:swp5,switch,A05,OSQEON9QRE,LOT-2544,2026-02-16,
a05-ct05:mlx5_1,host,A05,OS7RT8L233,LOT-2548,2026-02-16,
leaf-a03-r1:swp5,switch,A05,OSOY0R5LCS,LOT-2548,2026-02-16,
a05-ct05:mlx5_2,host,A05,OSDBLJXHSL,LOT-2546,2026-02-16,
leaf-a03-r2:swp5,switch,A05,OS5I9EE20X,LOT-2548,2026-02-16,
a05-ct05:mlx5_3,host,A05,OS9NBDDJVU,LOT-2602,2026-02-16,
leaf-a03-r3:swp5,switch,A05,OSP68DHUCU,LOT-2539,2026-02-16,
a05-ct06:mlx5_0,host,A05,OSG9EYNY7V,LOT-2539,2026-02-16,
leaf-a03-r0:swp6,switch,A05,OSBOYO2CYG,LOT-2546,2026-02-16,
a05-ct06:mlx5_1,host,A05,OSDX7USQR2,LOT-2546,2026-02-16,
leaf-a03-r1:swp6,switch,A05,OSN9WGZ7HV,LOT-2541,2026-02-16,
a05-ct06:mlx5_2,host,A05,OSMH04M34U,LOT-2548,2026-02-16,
leaf-a03-r2:swp6,switch,A05,OS0JM8G5XN,LOT-2550,2026-02-16,
a05-ct06:mlx5_3,host,A05,OS2609XRNG,LOT-2546,2026-02-16,
leaf-a03-r3:swp6,switch,A05,OSYJK798EU,LOT-2546,2026-02-16,
a05-ct07:mlx5_0,host,A05,OSXSXTEXR0,LOT-2548,2026-02-16,
leaf-a03-r0:swp7,switch,A05,OSOUK9A5MO,LOT-2548,2026-02-16,
a05-ct07:mlx5_1,host,A05,OSK8LIR57H,LOT-2539,2026-02-16,
leaf-a03-r1:swp7,switch,A05,OS6XHGDILE,LOT-2546,2026-02-16,
a05-ct07:mlx5_2,host,A05,OS7PLVDHVE,LOT-2546,2026-02-16,
leaf-a03-r2:swp7,switch,A05,OSLOU6GPYH,LOT-2546,2026-02-16,
a05-ct07:mlx5_3,host,A05,OSCOL134CQ,LOT-2602,2026-02-16,
leaf-a03-r3:swp7,switch,A05,OSF9SEUDYS,LOT-2546,2026-02-16,
a05-ct08:mlx5_0,host,A05,OSDVSL8VU4,LOT-2550,2026-02-16,
leaf-a03-r0:swp8,switch,A05,OSM8HCCW4I,LOT-2539,2026-02-16,
a05-ct08:mlx5_1,host,A05,OSPQIOSDY9,LOT-2544,2026-02-16,
leaf-a03-r1:swp8,switch,A05,OSMY812GLL,LOT-2544,2026-02-16,
a05-ct08:mlx5_2,host,A05,OS8A61W211,LOT-2602,2026-02-16,2026-03-29
leaf-a03-r2:swp8,switch,A05,OS2KFBSMHP,LOT-2539,2026-02-16,
a05-ct08:mlx5_3,host,A05,OSA3ZGSRCN,LOT-2544,2026-02-16,
leaf-a03-r3:swp8,switch,A05,OS9VK4DDXJ,LOT-2602,2026-02-16,
a05-ct09:mlx5_0,host,A05,OSRF8AJJBK,LOT-2550,2026-02-16,
leaf-a03-r0:swp9,switch,A05,OS1T3E0TTK,LOT-2539,2026-02-16,
a05-ct09:mlx5_1,host,A05,OSNDK46EXM,LOT-2546,2026-02-16,
leaf-a03-r1:swp9,switch,A05,OSPL8BONTS,LOT-2541,2026-02-16,
a05-ct09:mlx5_2,host,A05,OSPT5M78OT,LOT-2546,2026-02-16,
leaf-a03-r2:swp9,switch,A05,OSXQN3MRC4,LOT-2550,2026-02-16,
a05-ct09:mlx5_3,host,A05,OSPN3MBV1S,LOT-2539,2026-02-16,
leaf-a03-r3:swp9,switch,A05,OSL70YBWJ2,LOT-2550,2026-02-16,
a05-ct10:mlx5_0,host,A05,OSRT6Y250D,LOT-2541,2026-02-16,
leaf-a03-r0:swp10,switch,A05,OSNGISFE22,LOT-2539,2026-02-16,
a05-ct10:mlx5_1,host,A05,OSKU5YE9CK,LOT-2550,2026-02-16,
leaf-a03-r1:swp10,switch,A05,OS6W8S38UF,LOT-2602,2026-02-16,
a05-ct10:mlx5_2,host,A05,OST7H47XES,LOT-2541,2026-02-16,
leaf-a03-r2:swp10,switch,A05,OSIXE93LRS,LOT-2546,2026-02-16,
a05-ct10:mlx5_3,host,A05,OS879ZMMQX,LOT-2539,2026-02-16,
leaf-a03-r3:swp10,switch,A05,OS4ZDU7G0M,LOT-2605,2026-02-16,
a05-ct11:mlx5_0,host,A05,OSDFGVM6H5,LOT-2546,2026-02-16,
leaf-a03-r0:swp11,switch,A05,OSM5HS675H,LOT-2546,2026-02-16,
a05-ct11:mlx5_1,host,A05,OSPZI8BGEG,LOT-2541,2026-02-16,
leaf-a03-r1:swp11,switch,A05,OSRS2I8G94,LOT-2539,2026-02-16,
a05-ct11:mlx5_2,host,A05,OS1JYSGQS4,LOT-2541,2026-02-16,
leaf-a03-r2:swp11,switch,A05,OSE881S97D,LOT-2539,2026-02-16,
a05-ct11:mlx5_3,host,A05,OSQZJAALXU,LOT-2544,2026-02-16,
leaf-a03-r3:swp11,switch,A05,OSJLVGUC51,LOT-2541,2026-02-16,
a05-ct12:mlx5_0,host,A05,OSD5WEPY6W,LOT-2605,2026-02-16,
leaf-a03-r0:swp12,switch,A05,OS24FSSVHW,LOT-2605,2026-02-16,
a05-ct12:mlx5_1,host,A05,OSWIL1JU65,LOT-2605,2026-02-16,
leaf-a03-r1:swp12,switch,A05,OSUGPBJY4D,LOT-2605,2026-02-16,
a05-ct12:mlx5_2,host,A05,OS4197PK5Y,LOT-2546,2026-02-16,
leaf-a03-r2:swp12,switch,A05,OS584DP212,LOT-2546,2026-02-16,
a05-ct12:mlx5_3,host,A05,OS9LXHMKK7,LOT-2544,2026-02-16,
leaf-a03-r3:swp12,switch,A05,OSUZEQF7CQ,LOT-2544,2026-02-16,
a05-ct13:mlx5_0,host,A05,OSXZ0ZA961,LOT-2546,2026-02-16,
leaf-a03-r0:swp13,switch,A05,OS5Z6RUSNQ,LOT-2605,2026-02-16,
a05-ct13:mlx5_1,host,A05,OSHKWSZW46,LOT-2550,2026-02-16,
leaf-a03-r1:swp13,switch,A05,OS53UL234B,LOT-2541,2026-02-16,
a05-ct13:mlx5_2,host,A05,OS28C222Q3,LOT-2550,2026-02-16,
leaf-a03-r2:swp13,switch,A05,OSJKV3ZODU,LOT-2544,2026-02-16,
a05-ct13:mlx5_3,host,A05,OSHMLK9BUM,LOT-2544,2026-02-16,
leaf-a03-r3:swp13,switch,A05,OST34D21JG,LOT-2539,2026-02-16,
a05-ct14:mlx5_0,host,A05,OSPQAQUNT7,LOT-2539,2026-02-16,
leaf-a03-r0:swp14,switch,A05,OSE5DXY8MZ,LOT-2544,2026-02-16,
a05-ct14:mlx5_1,host,A05,OSPSMKDR61,LOT-2539,2026-02-16,
leaf-a03-r1:swp14,switch,A05,OSTW46VGFP,LOT-2541,2026-02-16,
a05-ct14:mlx5_2,host,A05,OSM4K3VMTB,LOT-2602,2026-02-16,
leaf-a03-r2:swp14,switch,A05,OSU412E7H9,LOT-2546,2026-02-16,
a05-ct14:mlx5_3,host,A05,OS5FLXI7ZZ,LOT-2550,2026-02-16,
leaf-a03-r3:swp14,switch,A05,OS17E1J2B5,LOT-2546,2026-02-16,
a05-ct15:mlx5_0,host,A05,OSRPWZ2726,LOT-2544,2026-02-16,
leaf-a03-r0:swp15,switch,A05,OSHO7DX879,LOT-2548,2026-02-16,
a05-ct15:mlx5_1,host,A05,OSN0JCNU2Y,LOT-2541,2026-02-16,
leaf-a03-r1:swp15,switch,A05,OSAJP0FVEH,LOT-2548,2026-02-16,
a05-ct15:mlx5_2,host,A05,OSHEFJBLWX,LOT-2541,2026-02-16,
leaf-a03-r2:swp15,switch,A05,OSLT23FXQZ,LOT-2548,2026-02-16,
a05-ct15:mlx5_3,host,A05,OS9HZVHUW6,LOT-2541,2026-02-16,
leaf-a03-r3:swp15,switch,A05,OSAVOOBZES,LOT-2605,2026-02-16,
a05-ct16:mlx5_0,host,A05,OSTON67ATV,LOT-2550,2026-02-16,
leaf-a03-r0:swp16,switch,A05,OSTBRH86YY,LOT-2546,2026-02-16,
a05-ct16:mlx5_1,host,A05,OSNNSQ1E5R,LOT-2539,2026-02-16,
leaf-a03-r1:swp16,switch,A05,OSRFQ4VFFW,LOT-2546,2026-02-16,
a05-ct16:mlx5_2,host,A05,OSM33RLUZI,LOT-2541,2026-02-16,
leaf-a03-r2:swp16,switch,A05,OS1FH96LFR,LOT-2544,2026-02-16,
a05-ct16:mlx5_3,host,A05,OS6GUOMFI9,LOT-2544,2026-02-16,
leaf-a03-r3:swp16,switch,A05,OSB0PCQY0D,LOT-2605,2026-02-16,
a05-ct17:mlx5_0,host,A05,OSGV7QQ36S,LOT-2605,2026-02-16,
leaf-a03-r0:swp17,switch,A05,OSQ0XLBZ2G,LOT-2605,2026-02-16,
a05-ct17:mlx5_1,host,A05,OSX8DBXM5X,LOT-2548,2026-02-16,
leaf-a03-r1:swp17,switch,A05,OSU39HVNTC,LOT-2550,2026-02-16,
a05-ct17:mlx5_2,host,A05,OSTKSS7A25,LOT-2548,2026-02-16,
leaf-a03-r2:swp17,switch,A05,OSL3OZ62J5,LOT-2541,2026-02-16,
a05-ct17:mlx5_3,host,A05,OSPKTDCHQL,LOT-2548,2026-02-16,
leaf-a03-r3:swp17,switch,A05,OS6WQR8A22,LOT-2544,2026-02-16,
a05-ct18:mlx5_0,host,A05,OSIQW45MEH,LOT-2539,2026-02-16,
leaf-a03-r0:swp18,switch,A05,OSS5XRVGGG,LOT-2539,2026-02-16,
a05-ct18:mlx5_1,host,A05,OS10O5ANQT,LOT-2605,2026-02-16,
leaf-a03-r1:swp18,switch,A05,OSTXLQYVLH,LOT-2602,2026-02-16,
a05-ct18:mlx5_2,host,A05,OSL1QBO7KH,LOT-2605,2026-02-16,
leaf-a03-r2:swp18,switch,A05,OS1JEK52L9,LOT-2539,2026-02-16,
a05-ct18:mlx5_3,host,A05,OSJ7LXIPR7,LOT-2544,2026-02-16,
leaf-a03-r3:swp18,switch,A05,OSEOGZSBSJ,LOT-2602,2026-02-16,
a06-ct01:mlx5_0,host,A06,OSQW19797S,LOT-2544,2026-02-16,
leaf-a03-r0:swp19,switch,A06,OSCFAL649I,LOT-2539,2026-02-16,
a06-ct01:mlx5_1,host,A06,OS2KFUYXTB,LOT-2546,2026-02-16,
leaf-a03-r1:swp19,switch,A06,OSX7RKZ38J,LOT-2602,2026-02-16,
a06-ct01:mlx5_2,host,A06,OS9EGHGFA3,LOT-2602,2026-02-16,
leaf-a03-r2:swp19,switch,A06,OS5VUQP3SX,LOT-2548,2026-02-16,
a06-ct01:mlx5_3,host,A06,OSREZRPQJH,LOT-2539,2026-02-16,
leaf-a03-r3:swp19,switch,A06,OSWJCOSMEW,LOT-2550,2026-02-16,
a06-ct02:mlx5_0,host,A06,OS3EPHN3OA,LOT-2544,2026-02-16,
leaf-a03-r0:swp20,switch,A06,OS1UGX81LD,LOT-2541,2026-02-16,
a06-ct02:mlx5_1,host,A06,OSR0N78WMR,LOT-2605,2026-02-16,
leaf-a03-r1:swp20,switch,A06,OSJZQWRKMJ,LOT-2539,2026-02-16,
a06-ct02:mlx5_2,host,A06,OS83XM1T8B,LOT-2541,2026-02-16,
leaf-a03-r2:swp20,switch,A06,OS1YTI0TA3,LOT-2541,2026-02-16,
a06-ct02:mlx5_3,host,A06,OSDJEGO4JB,LOT-2539,2026-02-16,
leaf-a03-r3:swp20,switch,A06,OSGKBDAY26,LOT-2544,2026-02-16,
a06-ct03:mlx5_0,host,A06,OSAQEMSKVP,LOT-2548,2026-02-16,
leaf-a03-r0:swp21,switch,A06,OSHVJF2CDD,LOT-2550,2026-02-16,
a06-ct03:mlx5_1,host,A06,OSWOKJMM9K,LOT-2548,2026-02-16,
leaf-a03-r1:swp21,switch,A06,OS23417XYQ,LOT-2539,2026-02-16,
a06-ct03:mlx5_2,host,A06,OSH1BV5YME,LOT-2539,2026-02-16,
leaf-a03-r2:swp21,switch,A06,OSE3MEAKIY,LOT-2546,2026-02-16,
a06-ct03:mlx5_3,host,A06,OSGGY05CBU,LOT-2539,2026-02-16,
leaf-a03-r3:swp21,switch,A06,OSWOCC8TOU,LOT-2546,2026-02-16,
a06-ct04:mlx5_0,host,A06,OS77G4N1UU,LOT-2546,2026-02-16,
leaf-a03-r0:swp22,switch,A06,OSK5HCT4QW,LOT-2605,2026-02-16,
a06-ct04:mlx5_1,host,A06,OS0G6M01XH,LOT-2546,2026-02-16,
leaf-a03-r1:swp22,switch,A06,OS25GX99TS,LOT-2602,2026-02-16,
a06-ct04:mlx5_2,host,A06,OSGASNSBNS,LOT-2544,2026-02-16,
leaf-a03-r2:swp22,switch,A06,OSNK0YCP6M,LOT-2539,2026-02-16,
a06-ct04:mlx5_3,host,A06,OS338JHC3Z,LOT-2605,2026-02-16,
leaf-a03-r3:swp22,switch,A06,OS3XI2X121,LOT-2544,2026-02-16,
a06-ct05:mlx5_0,host,A06,OSQHWJJLA9,LOT-2605,2026-02-16,
leaf-a03-r0:swp23,switch,A06,OS68TDI8NQ,LOT-2550,2026-02-16,
a06-ct05:mlx5_1,host,A06,OSSSMV7F0D,LOT-2548,2026-02-16,
leaf-a03-r1:swp23,switch,A06,OSTQFKSCTV,LOT-2546,2026-02-16,
a06-ct05:mlx5_2,host,A06,OS82ZZ0UUA,LOT-2539,2026-02-16,
leaf-a03-r2:swp23,switch,A06,OSB8550HTR,LOT-2602,2026-02-16,2026-05-14
a06-ct05:mlx5_3,host,A06,OS44SRKWC3,LOT-2539,2026-02-16,
leaf-a03-r3:swp23,switch,A06,OSBOJM7HFJ,LOT-2605,2026-02-16,
a06-ct06:mlx5_0,host,A06,OSRL4GPFU8,LOT-2548,2026-02-16,
leaf-a03-r0:swp24,switch,A06,OSWC13VHTQ,LOT-2546,2026-02-16,
a06-ct06:mlx5_1,host,A06,OSIDMH2GNX,LOT-2544,2026-02-16,
leaf-a03-r1:swp24,switch,A06,OSMMKEVNB1,LOT-2550,2026-02-16,
a06-ct06:mlx5_2,host,A06,OSHEIT4SF4,LOT-2544,2026-02-16,
leaf-a03-r2:swp24,switch,A06,OSOIE0196D,LOT-2548,2026-02-16,
a06-ct06:mlx5_3,host,A06,OSTANEC6NY,LOT-2550,2026-02-16,
leaf-a03-r3:swp24,switch,A06,OSQKHOFMKT,LOT-2541,2026-02-16,
a06-ct07:mlx5_0,host,A06,OSF4DHI57F,LOT-2544,2026-02-16,
leaf-a03-r0:swp25,switch,A06,OS945XLWLF,LOT-2541,2026-02-16,
a06-ct07:mlx5_1,host,A06,OSXUY0CR6Y,LOT-2602,2026-02-16,
leaf-a03-r1:swp25,switch,A06,OSAJA2EW6T,LOT-2539,2026-02-16,
a06-ct07:mlx5_2,host,A06,OS03YK7D7V,LOT-2548,2026-02-16,
leaf-a03-r2:swp25,switch,A06,OSGGF73XMM,LOT-2605,2026-02-16,
a06-ct07:mlx5_3,host,A06,OSCQ1TC0YK,LOT-2550,2026-02-16,
leaf-a03-r3:swp25,switch,A06,OSNKYQLML6,LOT-2550,2026-02-16,
a06-ct08:mlx5_0,host,A06,OSVJ7FIEJC,LOT-2544,2026-02-16,
leaf-a03-r0:swp26,switch,A06,OSW5AKA7WC,LOT-2602,2026-02-16,
a06-ct08:mlx5_1,host,A06,OS4PWCYD9G,LOT-2539,2026-02-16,
leaf-a03-r1:swp26,switch,A06,OS6N7Y1W4N,LOT-2548,2026-02-16,
a06-ct08:mlx5_2,host,A06,OSTE59EU7O,LOT-2546,2026-02-16,2026-03-15
leaf-a03-r2:swp26,switch,A06,OS1TOBK5UW,LOT-2541,2026-02-16,
a06-ct08:mlx5_3,host,A06,OSIAFBZTUX,LOT-2544,2026-02-16,
leaf-a03-r3:swp26,switch,A06,OS02EXQ5I3,LOT-2541,2026-02-16,
a06-ct09:mlx5_0,host,A06,OSSPSWTXGJ,LOT-2602,2026-02-16,
leaf-a03-r0:swp27,switch,A06,OSPSWC44CE,LOT-2541,2026-02-16,
a06-ct09:mlx5_1,host,A06,OSKXJG60XG,LOT-2550,2026-02-16,
leaf-a03-r1:swp27,switch,A06,OS2Z6EHRR0,LOT-2539,2026-02-16,
a06-ct09:mlx5_2,host,A06,OSI33RBSZ4,LOT-2541,2026-02-16,
leaf-a03-r2:swp27,switch,A06,OS07ZB0H4H,LOT-2539,2026-02-16,
a06-ct09:mlx5_3,host,A06,OSKS9Y5NF5,LOT-2539,2026-02-16,
leaf-a03-r3:swp27,switch,A06,OSAPSP4XD3,LOT-2548,2026-02-16,
a06-ct10:mlx5_0,host,A06,OSC10T74O2,LOT-2546,2026-02-16,
leaf-a03-r0:swp28,switch,A06,OSTULYZU5J,LOT-2544,2026-02-16,
a06-ct10:mlx5_1,host,A06,OS6SF2Y4ZR,LOT-2541,2026-02-16,
leaf-a03-r1:swp28,switch,A06,OSUKT68VY7,LOT-2539,2026-02-16,
a06-ct10:mlx5_2,host,A06,OSFJ1MD1VL,LOT-2602,2026-02-16,
leaf-a03-r2:swp28,switch,A06,OSLVW0QXQL,LOT-2550,2026-02-16,
a06-ct10:mlx5_3,host,A06,OS1LHLJLYL,LOT-2548,2026-02-16,
leaf-a03-r3:swp28,switch,A06,OSG4ABF7AP,LOT-2544,2026-02-16,
a06-ct11:mlx5_0,host,A06,OSHHNQVV76,LOT-2541,2026-02-16,
leaf-a03-r0:swp29,switch,A06,OSFBZA7IIK,LOT-2544,2026-02-16,
a06-ct11:mlx5_1,host,A06,OS2KB3OVAW,LOT-2548,2026-02-16,
leaf-a03-r1:swp29,switch,A06,OSB7X502D1,LOT-2541,2026-02-16,
a06-ct11:mlx5_2,host,A06,OSUTWNYACB,LOT-2605,2026-02-16,
leaf-a03-r2:swp29,switch,A06,OS5I6CVWAV,LOT-2541,2026-02-16,
a06-ct11:mlx5_3,host,A06,OSBSU0YU91,LOT-2541,2026-02-16,
leaf-a03-r3:swp29,switch,A06,OS0FTAKUFQ,LOT-2548,2026-02-16,
a06-ct12:mlx5_0,host,A06,OSF5C2LIZA,LOT-2550,2026-02-16,
leaf-a03-r0:swp30,switch,A06,OSR2INZYG6,LOT-2548,2026-02-16,
a06-ct12:mlx5_1,host,A06,OSRY7SGVME,LOT-2539,2026-02-16,
leaf-a03-r1:swp30,switch,A06,OSCZSBFHNQ,LOT-2546,2026-02-16,
a06-ct12:mlx5_2,host,A06,OSHQ23FDWJ,LOT-2548,2026-02-16,
leaf-a03-r2:swp30,switch,A06,OSY5AEVAUG,LOT-2550,2026-02-16,
a06-ct12:mlx5_3,host,A06,OSF0945CGI,LOT-2602,2026-02-16,
leaf-a03-r3:swp30,switch,A06,OSHA3N7FUP,LOT-2541,2026-02-16,
a06-ct13:mlx5_0,host,A06,OSGQ5N5R1A,LOT-2546,2026-02-16,
leaf-a03-r0:swp31,switch,A06,OSOQHH9IS9,LOT-2539,2026-02-16,
a06-ct13:mlx5_1,host,A06,OSXH5XAHW7,LOT-2548,2026-02-16,
leaf-a03-r1:swp31,switch,A06,OSLIGYU9OR,LOT-2544,2026-02-16,
a06-ct13:mlx5_2,host,A06,OSETBH6L8A,LOT-2602,2026-02-16,
leaf-a03-r2:swp31,switch,A06,OS8Z9NMZDY,LOT-2544,2026-02-16,
a06-ct13:mlx5_3,host,A06,OSULCFOVLA,LOT-2605,2026-02-16,
leaf-a03-r3:swp31,switch,A06,OSBDEB9GAI,LOT-2539,2026-02-16,
a06-ct14:mlx5_0,host,A06,OS436O0A23,LOT-2539,2026-02-16,
leaf-a03-r0:swp32,switch,A06,OSMJ1U1RJ5,LOT-2539,2026-02-16,
a06-ct14:mlx5_1,host,A06,OSEHKTJYEE,LOT-2544,2026-02-16,
leaf-a03-r1:swp32,switch,A06,OSLEGRNFR7,LOT-2605,2026-02-16,
a06-ct14:mlx5_2,host,A06,OSFZOUKORR,LOT-2602,2026-02-16,
leaf-a03-r2:swp32,switch,A06,OS3Q0MJK23,LOT-2550,2026-02-16,
a06-ct14:mlx5_3,host,A06,OSE1S49QT8,LOT-2539,2026-02-16,
leaf-a03-r3:swp32,switch,A06,OS2ZBONW54,LOT-2541,2026-02-16,
a06-ct15:mlx5_0,host,A06,OS6ZIEV4PN,LOT-2544,2026-02-16,
leaf-a03-r0:swp33,switch,A06,OSY613XLDU,LOT-2539,2026-02-16,
a06-ct15:mlx5_1,host,A06,OS21E62GGX,LOT-2539,2026-02-16,
leaf-a03-r1:swp33,switch,A06,OSE1ZR02DQ,LOT-2541,2026-02-16,
a06-ct15:mlx5_2,host,A06,OS5OIVQPRF,LOT-2605,2026-02-16,
leaf-a03-r2:swp33,switch,A06,OSFBDIPPUU,LOT-2541,2026-02-16,
a06-ct15:mlx5_3,host,A06,OSDTGF7WBI,LOT-2546,2026-02-16,
leaf-a03-r3:swp33,switch,A06,OSNKO4YB26,LOT-2548,2026-02-16,
a06-ct16:mlx5_0,host,A06,OS3XT2OE5Z,LOT-2546,2026-02-16,
leaf-a03-r0:swp34,switch,A06,OS1997Y9LG,LOT-2539,2026-02-16,
a06-ct16:mlx5_1,host,A06,OSL2B46TTF,LOT-2539,2026-02-16,
leaf-a03-r1:swp34,switch,A06,OSI5541M7R,LOT-2548,2026-02-16,
a06-ct16:mlx5_2,host,A06,OS5HU4OWEM,LOT-2546,2026-02-16,
leaf-a03-r2:swp34,switch,A06,OSS8YXUSOJ,LOT-2605,2026-02-16,
a06-ct16:mlx5_3,host,A06,OSHP5RT5XU,LOT-2548,2026-02-16,
leaf-a03-r3:swp34,switch,A06,OSFQXF1689,LOT-2539,2026-02-16,
a06-ct17:mlx5_0,host,A06,OS4D7ZLAES,LOT-2602,2026-02-16,
leaf-a03-r0:swp35,switch,A06,OSZIJXR5F5,LOT-2548,2026-02-16,
a06-ct17:mlx5_1,host,A06,OS5ZE3L74S,LOT-2602,2026-02-16,
leaf-a03-r1:swp35,switch,A06,OSV61O1CR1,LOT-2602,2026-02-16,
a06-ct17:mlx5_2,host,A06,OSLQAI0XE5,LOT-2546,2026-02-16,
leaf-a03-r2:swp35,switch,A06,OSS08KVNU7,LOT-2541,2026-02-16,
a06-ct17:mlx5_3,host,A06,OSRE2XJ6IG,LOT-2602,2026-02-16,
leaf-a03-r3:swp35,switch,A06,OSBAA7Z1X4,LOT-2539,2026-02-16,
a06-ct18:mlx5_0,host,A06,OSOYL7EP3Y,LOT-2602,2026-02-16,2026-06-17
leaf-a03-r0:swp36,switch,A06,OSXPF3IBCV,LOT-2550,2026-02-16,
a06-ct18:mlx5_1,host,A06,OSDA7WFTN0,LOT-2539,2026-02-16,
leaf-a03-r1:swp36,switch,A06,OS0979WU8J,LOT-2539,2026-02-16,
a06-ct18:mlx5_2,host,A06,OSKXP1Q001,LOT-2546,2026-02-16,
leaf-a03-r2:swp36,switch,A06,OSW4G0EYEJ,LOT-2550,2026-02-16,
a06-ct18:mlx5_3,host,A06,OSDHHAY1ZB,LOT-2544,2026-02-16,
leaf-a03-r3:swp36,switch,A06,OS2BONUYK9,LOT-2546,2026-02-16,
a07-ct01:mlx5_0,host,A07,OSG82V5W2M,LOT-2544,2026-02-16,
leaf-a04-r0:swp1,switch,A07,OSLB5YUI49,LOT-2548,2026-02-16,
a07-ct01:mlx5_1,host,A07,OS6CDCF4Q8,LOT-2541,2026-02-16,
leaf-a04-r1:swp1,switch,A07,OS8ID6C5DR,LOT-2605,2026-02-16,
a07-ct01:mlx5_2,host,A07,OS4D9FXI3S,LOT-2541,2026-02-16,
leaf-a04-r2:swp1,switch,A07,OSHBBGTDPH,LOT-2550,2026-02-16,
a07-ct01:mlx5_3,host,A07,OSB9FH57HJ,LOT-2541,2026-02-16,
leaf-a04-r3:swp1,switch,A07,OSVU2LZUDP,LOT-2548,2026-02-16,
a07-ct02:mlx5_0,host,A07,OSZM8WZKCZ,LOT-2539,2026-02-16,
leaf-a04-r0:swp2,switch,A07,OSVQZB01HT,LOT-2548,2026-02-16,
a07-ct02:mlx5_1,host,A07,OSTRPSNMI1,LOT-2539,2026-02-16,
leaf-a04-r1:swp2,switch,A07,OSUP59QNKT,LOT-2539,2026-02-16,
a07-ct02:mlx5_2,host,A07,OSC874XMQF,LOT-2546,2026-02-16,
leaf-a04-r2:swp2,switch,A07,OSF6O4LGK2,LOT-2541,2026-02-16,
a07-ct02:mlx5_3,host,A07,OSPBP7NL1L,LOT-2544,2026-02-16,
leaf-a04-r3:swp2,switch,A07,OSB3RIG0BO,LOT-2544,2026-02-16,
a07-ct03:mlx5_0,host,A07,OSGYLXH5QQ,LOT-2539,2026-02-16,
leaf-a04-r0:swp3,switch,A07,OSCI19TGI5,LOT-2539,2026-02-16,
a07-ct03:mlx5_1,host,A07,OSG72SOTJU,LOT-2546,2026-02-16,
leaf-a04-r1:swp3,switch,A07,OST8T7ELMV,LOT-2550,2026-02-16,
a07-ct03:mlx5_2,host,A07,OS0ZZ0S4KN,LOT-2550,2026-02-16,
leaf-a04-r2:swp3,switch,A07,OSLYIWDGQ5,LOT-2546,2026-02-16,
a07-ct03:mlx5_3,host,A07,OSCG0ND00K,LOT-2550,2026-02-16,
leaf-a04-r3:swp3,switch,A07,OSZ7TW1L44,LOT-2541,2026-02-16,
a07-ct04:mlx5_0,host,A07,OSVOLOKHFS,LOT-2539,2026-02-16,2026-07-21
leaf-a04-r0:swp4,switch,A07,OSK09712TF,LOT-2539,2026-02-16,
a07-ct04:mlx5_1,host,A07,OS7C1MJSUN,LOT-2539,2026-02-16,
leaf-a04-r1:swp4,switch,A07,OSWSVFTKBC,LOT-2544,2026-02-16,
a07-ct04:mlx5_2,host,A07,OS0GV4EVRY,LOT-2548,2026-02-16,2026-07-05
leaf-a04-r2:swp4,switch,A07,OSM1HF4A14,LOT-2546,2026-02-16,
a07-ct04:mlx5_3,host,A07,OS8DWFLT0P,LOT-2548,2026-02-16,
leaf-a04-r3:swp4,switch,A07,OSTTTRS2GA,LOT-2539,2026-02-16,
a07-ct05:mlx5_0,host,A07,OSDLU1L2I3,LOT-2546,2026-02-16,
leaf-a04-r0:swp5,switch,A07,OSO8OFZS98,LOT-2548,2026-02-16,
a07-ct05:mlx5_1,host,A07,OS4B8KLM3X,LOT-2546,2026-02-16,
leaf-a04-r1:swp5,switch,A07,OSIGEOZZ2C,LOT-2541,2026-02-16,
a07-ct05:mlx5_2,host,A07,OSQXHJJRV0,LOT-2546,2026-02-16,
leaf-a04-r2:swp5,switch,A07,OSE08QCD2P,LOT-2539,2026-02-16,
a07-ct05:mlx5_3,host,A07,OSJ7NUIAST,LOT-2541,2026-02-16,
leaf-a04-r3:swp5,switch,A07,OSTJBIKSZZ,LOT-2539,2026-02-16,
a07-ct06:mlx5_0,host,A07,OSENWV3W8X,LOT-2541,2026-02-16,
leaf-a04-r0:swp6,switch,A07,OS37SKMG4D,LOT-2539,2026-02-16,
a07-ct06:mlx5_1,host,A07,OS5BPH4BNK,LOT-2544,2026-02-16,
leaf-a04-r1:swp6,switch,A07,OS59JXZNKR,LOT-2550,2026-02-16,
a07-ct06:mlx5_2,host,A07,OSIYFQCV9O,LOT-2541,2026-02-16,
leaf-a04-r2:swp6,switch,A07,OSY2DA5WZO,LOT-2602,2026-02-16,
a07-ct06:mlx5_3,host,A07,OSI3C0YCSD,LOT-2539,2026-02-16,
leaf-a04-r3:swp6,switch,A07,OSXPYNNLY6,LOT-2550,2026-02-16,
a07-ct07:mlx5_0,host,A07,OSOUMIS6VO,LOT-2544,2026-02-16,
leaf-a04-r0:swp7,switch,A07,OSA4I6LZL8,LOT-2605,2026-02-16,
a07-ct07:mlx5_1,host,A07,OSMBH5SG7H,LOT-2548,2026-02-16,
leaf-a04-r1:swp7,switch,A07,OSWPB4EAH7,LOT-2546,2026-02-16,
a07-ct07:mlx5_2,host,A07,OSG2QMD1QC,LOT-2550,2026-02-16,
leaf-a04-r2:swp7,switch,A07,OS4DCQ5G9E,LOT-2546,2026-02-16,
a07-ct07:mlx5_3,host,A07,OSBKSOBEKC,LOT-2546,2026-02-16,
leaf-a04-r3:swp7,switch,A07,OSGF80UMH5,LOT-2605,2026-02-16,
a07-ct08:mlx5_0,host,A07,OSS57VREF1,LOT-2550,2026-02-16,
leaf-a04-r0:swp8,switch,A07,OSBBY4W1Y4,LOT-2541,2026-02-16,
a07-ct08:mlx5_1,host,A07,OSKPRSB5YW,LOT-2544,2026-02-16,
leaf-a04-r1:swp8,switch,A07,OSZXBFK83D,LOT-2605,2026-02-16,
a07-ct08:mlx5_2,host,A07,OSXQF4PYRS,LOT-2548,2026-02-16,
leaf-a04-r2:swp8,switch,A07,OS61P7V5HV,LOT-2541,2026-02-16,
a07-ct08:mlx5_3,host,A07,OSJ5SP8OSM,LOT-2602,2026-02-16,
leaf-a04-r3:swp8,switch,A07,OS89QGGC6T,LOT-2539,2026-02-16,
a07-ct09:mlx5_0,host,A07,OSW0L2NRVJ,LOT-2539,2026-02-16,
leaf-a04-r0:swp9,switch,A07,OS7N1D6R82,LOT-2539,2026-02-16,
a07-ct09:mlx5_1,host,A07,OS0GS166P1,LOT-2550,2026-02-16,
leaf-a04-r1:swp9,switch,A07,OSUFCY17IW,LOT-2602,2026-02-16,
a07-ct09:mlx5_2,host,A07,OSJNKP9ZOL,LOT-2541,2026-02-16,
leaf-a04-r2:swp9,switch,A07,OSP33UKTAW,LOT-2605,2026-02-16,
a07-ct09:mlx5_3,host,A07,OSOICES5P2,LOT-2548,2026-02-16,
leaf-a04-r3:swp9,switch,A07,OSB4HZCQ8W,LOT-2546,2026-02-16,
a07-ct10:mlx5_0,host,A07,OS3YJ0T74S,LOT-2541,2026-02-16,
leaf-a04-r0:swp10,switch,A07,OS1JAEKB3N,LOT-2541,2026-02-16,
a07-ct10:mlx5_1,host,A07,OSFHMK6IS4,LOT-2541,2026-02-16,
leaf-a04-r1:swp10,switch,A07,OSQVVQX1H4,LOT-2550,2026-02-16,
a07-ct10:mlx5_2,host,A07,OSSUX8ABWI,LOT-2539,2026-02-16,
leaf-a04-r2:swp10,switch,A07,OS22RPR9LX,LOT-2546,2026-02-16,
a07-ct10:mlx5_3,host,A07,OSJ7F1FRQ3,LOT-2550,2026-02-16,
leaf-a04-r3:swp10,switch,A07,OSMWT7GOFQ,LOT-2541,2026-02-16,
a07-ct11:mlx5_0,host,A07,OS8VAR0ZJ0,LOT-2541,2026-02-16,
leaf-a04-r0:swp11,switch,A07,OSZI7OVEFW,LOT-2605,2026-02-16,
a07-ct11:mlx5_1,host,A07,OSKGVLIEJE,LOT-2602,2026-02-16,
leaf-a04-r1:swp11,switch,A07,OSJYRZIZ7U,LOT-2546,2026-02-16,
a07-ct11:mlx5_2,host,A07,OS8L1VKYMV,LOT-2548,2026-02-16,
leaf-a04-r2:swp11,switch,A07,OS63REHCPE,LOT-2541,2026-02-16,
a07-ct11:mlx5_3,host,A07,OS9UMHGDG2,LOT-2541,2026-02-16,
leaf-a04-r3:swp11,switch,A07,OSCHXHIWQX,LOT-2539,2026-02-16,
a07-ct12:mlx5_0,host,A07,OS6IXB8TYX,LOT-2539,2026-02-16,
leaf-a04-r0:swp12,switch,A07,OSLRHBSRLE,LOT-2548,2026-02-16,
a07-ct12:mlx5_1,host,A07,OS9569K8ZZ,LOT-2548,2026-02-16,
leaf-a04-r1:swp12,switch,A07,OS6WTN8GZW,LOT-2548,2026-02-16,
a07-ct12:mlx5_2,host,A07,OSGNJXYQCM,LOT-2548,2026-02-16,
leaf-a04-r2:swp12,switch,A07,OSYQJLWKQ2,LOT-2541,2026-02-16,
a07-ct12:mlx5_3,host,A07,OS5NG11NPO,LOT-2550,2026-02-16,
leaf-a04-r3:swp12,switch,A07,OS5YS65LQR,LOT-2539,2026-02-16,
a07-ct13:mlx5_0,host,A07,OSYLONCCXY,LOT-2605,2026-02-16,
leaf-a04-r0:swp13,switch,A07,OS0A48XXDK,LOT-2550,2026-02-16,
a07-ct13:mlx5_1,host,A07,OSU3Y8UJFG,LOT-2544,2026-02-16,
leaf-a04-r1:swp13,switch,A07,OSZW0GXT5I,LOT-2541,2026-02-16,
a07-ct13:mlx5_2,host,A07,OSTY6OGFML,LOT-2539,2026-02-16,
leaf-a04-r2:swp13,switch,A07,OSDU6B8DAZ,LOT-2550,2026-02-16,
a07-ct13:mlx5_3,host,A07,OSF3PR2BNU,LOT-2605,2026-02-16,
leaf-a04-r3:swp13,switch,A07,OSYJ6OZG3R,LOT-2541,2026-02-16,
a07-ct14:mlx5_0,host,A07,OSPZ4WMHL1,LOT-2546,2026-02-16,
leaf-a04-r0:swp14,switch,A07,OSUZMN7VT1,LOT-2546,2026-02-16,
a07-ct14:mlx5_1,host,A07,OSAR5U1K9A,LOT-2541,2026-02-16,
leaf-a04-r1:swp14,switch,A07,OSWFB8TNUD,LOT-2539,2026-02-16,
a07-ct14:mlx5_2,host,A07,OSF6AX8HRZ,LOT-2602,2026-02-16,
leaf-a04-r2:swp14,switch,A07,OSMRWQXGM0,LOT-2541,2026-02-16,
a07-ct14:mlx5_3,host,A07,OSI11YVXUB,LOT-2541,2026-02-16,
leaf-a04-r3:swp14,switch,A07,OSTB2W2PYN,LOT-2541,2026-02-16,
a07-ct15:mlx5_0,host,A07,OS5FX3YYJL,LOT-2605,2026-02-16,
leaf-a04-r0:swp15,switch,A07,OS7SJI2URF,LOT-2539,2026-02-16,
a07-ct15:mlx5_1,host,A07,OS97C2CKKT,LOT-2546,2026-02-16,
leaf-a04-r1:swp15,switch,A07,OSNWU5F0TE,LOT-2544,2026-02-16,
a07-ct15:mlx5_2,host,A07,OSL8RKLD62,LOT-2605,2026-02-16,
leaf-a04-r2:swp15,switch,A07,OSZQUZG2PW,LOT-2550,2026-02-16,2026-07-24
a07-ct15:mlx5_3,host,A07,OST23AXL0L,LOT-2548,2026-02-16,
leaf-a04-r3:swp15,switch,A07,OSKJ0GSIZ3,LOT-2605,2026-02-16,
a07-ct16:mlx5_0,host,A07,OSHY8MGYG3,LOT-2539,2026-02-16,
leaf-a04-r0:swp16,switch,A07,OSJCMLQUF0,LOT-2544,2026-02-16,
a07-ct16:mlx5_1,host,A07,OSKGGKGYFO,LOT-2539,2026-02-16,
leaf-a04-r1:swp16,switch,A07,OS5PRXC74D,LOT-2539,2026-02-16,
a07-ct16:mlx5_2,host,A07,OS1BOSYO2H,LOT-2539,2026-02-16,
leaf-a04-r2:swp16,switch,A07,OSJIV7TG32,LOT-2550,2026-02-16,
a07-ct16:mlx5_3,host,A07,OS5OB27H19,LOT-2541,2026-02-16,
leaf-a04-r3:swp16,switch,A07,OS49FDCXSO,LOT-2544,2026-02-16,
a07-ct17:mlx5_0,host,A07,OSZB2M7YRN,LOT-2550,2026-02-16,
leaf-a04-r0:swp17,switch,A07,OSXB0K34W9,LOT-2541,2026-02-16,
a07-ct17:mlx5_1,host,A07,OS4RYRAVSB,LOT-2539,2026-02-16,
leaf-a04-r1:swp17,switch,A07,OSFEB5N8XK,LOT-2541,2026-02-16,
a07-ct17:mlx5_2,host,A07,OSNJ9ILKSM,LOT-2605,2026-02-16,
leaf-a04-r2:swp17,switch,A07,OST6HG89GQ,LOT-2548,2026-02-16,
a07-ct17:mlx5_3,host,A07,OSCVW1E7PD,LOT-2544,2026-02-16,
leaf-a04-r3:swp17,switch,A07,OS8X7U8AF6,LOT-2605,2026-02-16,
a07-ct18:mlx5_0,host,A07,OSPWUD89UE,LOT-2541,2026-02-16,
leaf-a04-r0:swp18,switch,A07,OSY19M74Y7,LOT-2539,2026-02-16,
a07-ct18:mlx5_1,host,A07,OS41J3IRA5,LOT-2550,2026-02-16,
leaf-a04-r1:swp18,switch,A07,OSPBRMBVW5,LOT-2550,2026-02-16,
a07-ct18:mlx5_2,host,A07,OS611GRAE0,LOT-2605,2026-02-16,
leaf-a04-r2:swp18,switch,A07,OSLEIHKRDB,LOT-2605,2026-02-16,
a07-ct18:mlx5_3,host,A07,OSQC6D796P,LOT-2602,2026-02-16,
leaf-a04-r3:swp18,switch,A07,OS99SRP2I4,LOT-2539,2026-02-16,
a08-ct01:mlx5_0,host,A08,OS5L10ZJPF,LOT-2548,2026-02-16,
leaf-a04-r0:swp19,switch,A08,OSKUEH7QPC,LOT-2541,2026-02-16,
a08-ct01:mlx5_1,host,A08,OSWXD4907E,LOT-2546,2026-02-16,
leaf-a04-r1:swp19,switch,A08,OSWVO3SAD3,LOT-2605,2026-02-16,
a08-ct01:mlx5_2,host,A08,OSDA8QYP7D,LOT-2544,2026-02-16,
leaf-a04-r2:swp19,switch,A08,OS0KOIYO4P,LOT-2548,2026-02-16,
a08-ct01:mlx5_3,host,A08,OSI4WR4IM7,LOT-2541,2026-02-16,
leaf-a04-r3:swp19,switch,A08,OS30EJFGA5,LOT-2544,2026-02-16,
a08-ct02:mlx5_0,host,A08,OSIYI0IF3V,LOT-2550,2026-02-16,
leaf-a04-r0:swp20,switch,A08,OSKNWA8M3Y,LOT-2546,2026-02-16,
a08-ct02:mlx5_1,host,A08,OSPRTDW1JW,LOT-2539,2026-02-16,
leaf-a04-r1:swp20,switch,A08,OS9GY7Z4IW,LOT-2550,2026-02-16,
a08-ct02:mlx5_2,host,A08,OSG69XJORZ,LOT-2548,2026-02-16,
leaf-a04-r2:swp20,switch,A08,OSDA8S43MU,LOT-2602,2026-02-16,
a08-ct02:mlx5_3,host,A08,OS7TEUHCBM,LOT-2605,2026-02-16,
leaf-a04-r3:swp20,switch,A08,OSNUTJGGIM,LOT-2541,2026-02-16,
a08-ct03:mlx5_0,host,A08,OSK1NFXE50,LOT-2605,2026-02-16,
leaf-a04-r0:swp21,switch,A08,OSP3UXYFPU,LOT-2541,2026-02-16,
a08-ct03:mlx5_1,host,A08,OSSLDBKYUC,LOT-2546,2026-02-16,
leaf-a04-r1:swp21,switch,A08,OS2RH6G9SN,LOT-2544,2026-02-16,
a08-ct03:mlx5_2,host,A08,OSR190STSL,LOT-2544,2026-02-16,
leaf-a04-r2:swp21,switch,A08,OSYK24XDBP,LOT-2544,2026-02-16,
a08-ct03:mlx5_3,host,A08,OSC8333XPD,LOT-2539,2026-02-16,
leaf-a04-r3:swp21,switch,A08,OSIRABM84M,LOT-2541,2026-02-16,
a08-ct04:mlx5_0,host,A08,OS28B2FDD2,LOT-2544,2026-02-16,2026-04-09
leaf-a04-r0:swp22,switch,A08,OSWKC10NAZ,LOT-2546,2026-02-16,
a08-ct04:mlx5_1,host,A08,OSDB2D663Z,LOT-2541,2026-02-16,
leaf-a04-r1:swp22,switch,A08,OSNE73V2GV,LOT-2539,2026-02-16,
a08-ct04:mlx5_2,host,A08,OS908BACFX,LOT-2544,2026-02-16,
leaf-a04-r2:swp22,switch,A08,OSINL6MTBW,LOT-2544,2026-02-16,
a08-ct04:mlx5_3,host,A08,OSLUFIPUXE,LOT-2548,2026-02-16,
leaf-a04-r3:swp22,switch,A08,OSHBCNWL68,LOT-2548,2026-02-16,
a08-ct05:mlx5_0,host,A08,OSU35ONNUE,LOT-2539,2026-02-16,
leaf-a04-r0:swp23,switch,A08,OS126AI534,LOT-2550,2026-02-16,
a08-ct05:mlx5_1,host,A08,OS9JPK1YYA,LOT-2602,2026-02-16,
leaf-a04-r1:swp23,switch,A08,OSDZ2KYTK7,LOT-2550,2026-02-16,
a08-ct05:mlx5_2,host,A08,OS9MQC04AO,LOT-2550,2026-02-16,
leaf-a04-r2:swp23,switch,A08,OSM058OTI6,LOT-2550,2026-02-16,
a08-ct05:mlx5_3,host,A08,OSWHILCB96,LOT-2548,2026-02-16,
leaf-a04-r3:swp23,switch,A08,OSDRY2CCE6,LOT-2539,2026-02-16,
a08-ct06:mlx5_0,host,A08,OSW8EDD6ZF,LOT-2550,2026-02-16,
leaf-a04-r0:swp24,switch,A08,OSUUUV2NJW,LOT-2544,2026-02-16,
a08-ct06:mlx5_1,host,A08,OSW5LEC4Q0,LOT-2544,2026-02-16,
leaf-a04-r1:swp24,switch,A08,OSCWGQ2JY4,LOT-2539,2026-02-16,
a08-ct06:mlx5_2,host,A08,OSSEQG9X8V,LOT-2539,2026-02-16,
leaf-a04-r2:swp24,switch,A08,OSRTR0KRUD,LOT-2539,2026-02-16,
a08-ct06:mlx5_3,host,A08,OSXIQ3B0ZG,LOT-2550,2026-02-16,
leaf-a04-r3:swp24,switch,A08,OSFLNO6GP6,LOT-2605,2026-02-16,
a08-ct07:mlx5_0,host,A08,OS9IQQ8KMF,LOT-2550,2026-02-16,
leaf-a04-r0:swp25,switch,A08,OSQ6MJIHI3,LOT-2602,2026-02-16,
a08-ct07:mlx5_1,host,A08,OSO3VKG7CJ,LOT-2539,2026-02-16,
leaf-a04-r1:swp25,switch,A08,OS1IT0YGPA,LOT-2605,2026-02-16,
a08-ct07:mlx5_2,host,A08,OSTPZY8YX4,LOT-2550,2026-02-16,
leaf-a04-r2:swp25,switch,A08,OSFPY925XI,LOT-2544,2026-02-16,
a08-ct07:mlx5_3,host,A08,OSZY9NS6SD,LOT-2541,2026-02-16,
leaf-a04-r3:swp25,switch,A08,OS8DG3RCKH,LOT-2550,2026-02-16,2026-06-18
a08-ct08:mlx5_0,host,A08,OSJEPAEEN3,LOT-2548,2026-02-16,
leaf-a04-r0:swp26,switch,A08,OSRHQ8O6BX,LOT-2541,2026-02-16,
a08-ct08:mlx5_1,host,A08,OS1ZXAF208,LOT-2546,2026-02-16,
leaf-a04-r1:swp26,switch,A08,OS4EOGWSSF,LOT-2548,2026-02-16,
a08-ct08:mlx5_2,host,A08,OSAVI1T8B3,LOT-2546,2026-02-16,
leaf-a04-r2:swp26,switch,A08,OSKOHTMLK3,LOT-2539,2026-02-16,
a08-ct08:mlx5_3,host,A08,OSZQIKDWH7,LOT-2550,2026-02-16,
leaf-a04-r3:swp26,switch,A08,OSY8A0JUXN,LOT-2539,2026-02-16,
a08-ct09:mlx5_0,host,A08,OSQP46ZLEN,LOT-2539,2026-02-16,
leaf-a04-r0:swp27,switch,A08,OSIQRRN6EX,LOT-2544,2026-02-16,
a08-ct09:mlx5_1,host,A08,OSS4PALC2C,LOT-2544,2026-02-16,
leaf-a04-r1:swp27,switch,A08,OSW32KBGKL,LOT-2602,2026-02-16,
a08-ct09:mlx5_2,host,A08,OSTKIBTTAO,LOT-2602,2026-02-16,
leaf-a04-r2:swp27,switch,A08,OS0SVW5GQ8,LOT-2539,2026-02-16,
a08-ct09:mlx5_3,host,A08,OS9UQ6WGCH,LOT-2550,2026-02-16,2026-08-05
leaf-a04-r3:swp27,switch,A08,OSLAOZ8EYT,LOT-2548,2026-02-16,
a08-ct10:mlx5_0,host,A08,OSOAEO575C,LOT-2548,2026-02-16,
leaf-a04-r0:swp28,switch,A08,OSFZ4I2YQG,LOT-2550,2026-02-16,2026-04-11
a08-ct10:mlx5_1,host,A08,OSHGBOA766,LOT-2539,2026-02-16,
leaf-a04-r1:swp28,switch,A08,OSL7T6I9TF,LOT-2550,2026-02-16,
a08-ct10:mlx5_2,host,A08,OS9DAFEZ6A,LOT-2602,2026-02-16,
leaf-a04-r2:swp28,switch,A08,OS8L76AQVL,LOT-2541,2026-02-16,
a08-ct10:mlx5_3,host,A08,OSMG48RUO6,LOT-2550,2026-02-16,
leaf-a04-r3:swp28,switch,A08,OSH6APHF5D,LOT-2605,2026-02-16,
a08-ct11:mlx5_0,host,A08,OSPE9EMNHK,LOT-2546,2026-02-16,
leaf-a04-r0:swp29,switch,A08,OSAHX44KUO,LOT-2605,2026-02-16,
a08-ct11:mlx5_1,host,A08,OS65K8OBHL,LOT-2541,2026-02-16,
leaf-a04-r1:swp29,switch,A08,OS4EP8V8R9,LOT-2539,2026-02-16,
a08-ct11:mlx5_2,host,A08,OSGIK344KE,LOT-2539,2026-02-16,
leaf-a04-r2:swp29,switch,A08,OSWPG3PGL6,LOT-2544,2026-02-16,
a08-ct11:mlx5_3,host,A08,OSPTWJJBG4,LOT-2546,2026-02-16,
leaf-a04-r3:swp29,switch,A08,OSXR1V40J8,LOT-2602,2026-02-16,
a08-ct12:mlx5_0,host,A08,OSUL4Q7YWN,LOT-2544,2026-02-16,
leaf-a04-r0:swp30,switch,A08,OSGSZ0XI6O,LOT-2548,2026-02-16,
a08-ct12:mlx5_1,host,A08,OSWKI02EWH,LOT-2546,2026-02-16,
leaf-a04-r1:swp30,switch,A08,OSM37KC97I,LOT-2544,2026-02-16,
a08-ct12:mlx5_2,host,A08,OSMW1ML9K1,LOT-2539,2026-02-16,
leaf-a04-r2:swp30,switch,A08,OS0KW6PLDC,LOT-2546,2026-02-16,2026-04-22
a08-ct12:mlx5_3,host,A08,OSN04DWU2M,LOT-2602,2026-02-16,
leaf-a04-r3:swp30,switch,A08,OSA9CG8VK7,LOT-2550,2026-02-16,
a08-ct13:mlx5_0,host,A08,OSMMCPQS8L,LOT-2541,2026-02-16,
leaf-a04-r0:swp31,switch,A08,OSW6MJ4FZU,LOT-2550,2026-02-16,
a08-ct13:mlx5_1,host,A08,OSN4QV6YPO,LOT-2548,2026-02-16,
leaf-a04-r1:swp31,switch,A08,OSENBNP0XI,LOT-2605,2026-02-16,
a08-ct13:mlx5_2,host,A08,OSCNKFY8TU,LOT-2602,2026-02-16,
leaf-a04-r2:swp31,switch,A08,OSR0LUAMAZ,LOT-2539,2026-02-16,
a08-ct13:mlx5_3,host,A08,OSQYFCHFQ1,LOT-2550,2026-02-16,
leaf-a04-r3:swp31,switch,A08,OS80JW1BAN,LOT-2546,2026-02-16,
a08-ct14:mlx5_0,host,A08,OSR3B4ASOB,LOT-2539,2026-02-16,
leaf-a04-r0:swp32,switch,A08,OS0DMKXOH5,LOT-2548,2026-02-16,
a08-ct14:mlx5_1,host,A08,OS1PZU57O5,LOT-2539,2026-02-16,
leaf-a04-r1:swp32,switch,A08,OSG5DG30TI,LOT-2544,2026-02-16,
a08-ct14:mlx5_2,host,A08,OSPV3ZP1KL,LOT-2539,2026-02-16,
leaf-a04-r2:swp32,switch,A08,OS1GF9VKUO,LOT-2550,2026-02-16,
a08-ct14:mlx5_3,host,A08,OSYQQVPDGQ,LOT-2539,2026-02-16,
leaf-a04-r3:swp32,switch,A08,OSXPWIGFGJ,LOT-2550,2026-02-16,
a08-ct15:mlx5_0,host,A08,OSCHI4WCV9,LOT-2544,2026-02-16,
leaf-a04-r0:swp33,switch,A08,OS5YDMA0V7,LOT-2541,2026-02-16,
a08-ct15:mlx5_1,host,A08,OSHSY37F8R,LOT-2605,2026-02-16,
leaf-a04-r1:swp33,switch,A08,OSYV0DDW0H,LOT-2541,2026-02-16,
a08-ct15:mlx5_2,host,A08,OSBG2WSAYN,LOT-2539,2026-02-16,
leaf-a04-r2:swp33,switch,A08,OSRLG1VG48,LOT-2544,2026-02-16,
a08-ct15:mlx5_3,host,A08,OSTRO1WI5I,LOT-2544,2026-02-16,
leaf-a04-r3:swp33,switch,A08,OS3D899E33,LOT-2546,2026-02-16,
a08-ct16:mlx5_0,host,A08,OSUW42U7BG,LOT-2544,2026-02-16,
leaf-a04-r0:swp34,switch,A08,OSCLTM01J0,LOT-2550,2026-02-16,
a08-ct16:mlx5_1,host,A08,OS5G9X37B6,LOT-2544,2026-02-16,
leaf-a04-r1:swp34,switch,A08,OS1HKAZA1V,LOT-2548,2026-02-16,
a08-ct16:mlx5_2,host,A08,OSILMIN6XG,LOT-2548,2026-02-16,
leaf-a04-r2:swp34,switch,A08,OSMNCSVYBX,LOT-2546,2026-02-16,
a08-ct16:mlx5_3,host,A08,OSPZ5T00DS,LOT-2539,2026-02-16,
leaf-a04-r3:swp34,switch,A08,OST5R38DZV,LOT-2544,2026-02-16,
a08-ct17:mlx5_0,host,A08,OSPETFN1LN,LOT-2550,2026-02-16,
leaf-a04-r0:swp35,switch,A08,OSHKH7VPBS,LOT-2544,2026-02-16,
a08-ct17:mlx5_1,host,A08,OSYDNDSY32,LOT-2541,2026-02-16,
leaf-a04-r1:swp35,switch,A08,OS2V4CTQQB,LOT-2539,2026-02-16,
a08-ct17:mlx5_2,host,A08,OS4BO7IW26,LOT-2550,2026-02-16,
leaf-a04-r2:swp35,switch,A08,OSSYSYF8Q4,LOT-2548,2026-02-16,
a08-ct17:mlx5_3,host,A08,OSOTVHUIZ1,LOT-2550,2026-02-16,
leaf-a04-r3:swp35,switch,A08,OSE30FF2A3,LOT-2546,2026-02-16,
a08-ct18:mlx5_0,host,A08,OSKD7RUFLT,LOT-2541,2026-02-16,
leaf-a04-r0:swp36,switch,A08,OS453JECG6,LOT-2544,2026-02-16,2026-07-26
a08-ct18:mlx5_1,host,A08,OS5VXHCP2U,LOT-2550,2026-02-16,
leaf-a04-r1:swp36,switch,A08,OSD60783AN,LOT-2602,2026-02-16,
a08-ct18:mlx5_2,host,A08,OSNVKBH2QP,LOT-2550,2026-02-16,
leaf-a04-r2:swp36,switch,A08,OSTWUY15GN,LOT-2602,2026-02-16,
a08-ct18:mlx5_3,host,A08,OSBETRABOV,LOT-2541,2026-02-16,
leaf-a04-r3:swp36,switch,A08,OSNDCDXPJ0,LOT-2541,2026-02-16,
a09-ct01:mlx5_0,host,A09,OSGM5DLU9E,LOT-2546,2026-02-16,
leaf-a05-r0:swp1,switch,A09,OSP3U32KWK,LOT-2548,2026-02-16,
a09-ct01:mlx5_1,host,A09,OSOSFPYVJR,LOT-2544,2026-02-16,
leaf-a05-r1:swp1,switch,A09,OS5WJ1ZS0U,LOT-2541,2026-02-16,
a09-ct01:mlx5_2,host,A09,OSXPY5JYYO,LOT-2548,2026-02-16,
leaf-a05-r2:swp1,switch,A09,OSP7VEH52J,LOT-2544,2026-02-16,
a09-ct01:mlx5_3,host,A09,OSSWA9083U,LOT-2539,2026-02-16,
leaf-a05-r3:swp1,switch,A09,OS3UX74TYV,LOT-2539,2026-02-16,
a09-ct02:mlx5_0,host,A09,OSHM6W6TB3,LOT-2550,2026-02-16,
leaf-a05-r0:swp2,switch,A09,OSYT2J2YZS,LOT-2544,2026-02-16,
a09-ct02:mlx5_1,host,A09,OSERA3BCYP,LOT-2541,2026-02-16,
leaf-a05-r1:swp2,switch,A09,OSCWHFM1ZQ,LOT-2541,2026-02-16,
a09-ct02:mlx5_2,host,A09,OSMLU8VONU,LOT-2550,2026-02-16,
leaf-a05-r2:swp2,switch,A09,OSYJZ770M1,LOT-2539,2026-02-16,
a09-ct02:mlx5_3,host,A09,OS32MERY7X,LOT-2539,2026-02-16,
leaf-a05-r3:swp2,switch,A09,OSEBWP98F8,LOT-2550,2026-02-16,
a09-ct03:mlx5_0,host,A09,OS5VFN9DF2,LOT-2541,2026-02-16,
leaf-a05-r0:swp3,switch,A09,OS47AOWTIU,LOT-2539,2026-02-16,
a09-ct03:mlx5_1,host,A09,OSDTSE0DH1,LOT-2541,2026-02-16,
leaf-a05-r1:swp3,switch,A09,OSBX6QRQIK,LOT-2602,2026-02-16,
a09-ct03:mlx5_2,host,A09,OS2J2ELWMA,LOT-2548,2026-02-16,
leaf-a05-r2:swp3,switch,A09,OSJCQFQLDN,LOT-2541,2026-02-16,
a09-ct03:mlx5_3,host,A09,OSAZ4FLAMB,LOT-2548,2026-02-16,2026-05-02
leaf-a05-r3:swp3,switch,A09,OSI1JME0XP,LOT-2548,2026-02-16,
a09-ct04:mlx5_0,host,A09,OSP2RJMI47,LOT-2546,2026-02-16,
leaf-a05-r0:swp4,switch,A09,OSYXTEDRUT,LOT-2546,2026-02-16,
a09-ct04:mlx5_1,host,A09,OS980JG3F5,LOT-2544,2026-02-16,
leaf-a05-r1:swp4,switch,A09,OS9VFDX2F5,LOT-2602,2026-02-16,
a09-ct04:mlx5_2,host,A09,OS7RAJC82V,LOT-2546,2026-02-16,
leaf-a05-r2:swp4,switch,A09,OS1Q4WV594,LOT-2546,2026-02-16,
a09-ct04:mlx5_3,host,A09,OSHUUG6ZKH,LOT-2550,2026-02-16,
leaf-a05-r3:swp4,switch,A09,OSHAWPNJN4,LOT-2541,2026-02-16,
a09-ct05:mlx5_0,host,A09,OS5N9N7HW9,LOT-2550,2026-02-16,
leaf-a05-r0:swp5,switch,A09,OSUO30UV2T,LOT-2544,2026-02-16,
a09-ct05:mlx5_1,host,A09,OS3Y0ALR5X,LOT-2541,2026-02-16,
leaf-a05-r1:swp5,switch,A09,OS2ZBLSOE4,LOT-2541,2026-02-16,
a09-ct05:mlx5_2,host,A09,OSM5U1O9EP,LOT-2605,2026-02-16,
leaf-a05-r2:swp5,switch,A09,OSD6M1E8ZK,LOT-2541,2026-02-16,
a09-ct05:mlx5_3,host,A09,OSRD9AS83I,LOT-2541,2026-02-16,
leaf-a05-r3:swp5,switch,A09,OSFP7V6EO4,LOT-2550,2026-02-16,
a09-ct06:mlx5_0,host,A09,OS2EXDIYS3,LOT-2548,2026-02-16,
leaf-a05-r0:swp6,switch,A09,OS1WLLW1S5,LOT-2602,2026-02-16,
a09-ct06:mlx5_1,host,A09,OS8IK715P7,LOT-2544,2026-02-16,
leaf-a05-r1:swp6,switch,A09,OSPWAGJXCT,LOT-2550,2026-02-16,
a09-ct06:mlx5_2,host,A09,OSNRTC2DLR,LOT-2539,2026-02-16,
leaf-a05-r2:swp6,switch,A09,OSQG5ML4H2,LOT-2544,2026-02-16,
a09-ct06:mlx5_3,host,A09,OSLYXJ481X,LOT-2550,2026-02-16,
leaf-a05-r3:swp6,switch,A09,OS08S9A93Q,LOT-2605,2026-02-16,
a09-ct07:mlx5_0,host,A09,OSDNFB2WPI,LOT-2541,2026-02-16,
leaf-a05-r0:swp7,switch,A09,OS6U8S1LXM,LOT-2605,2026-02-16,
a09-ct07:mlx5_1,host,A09,OS1SG20OSR,LOT-2550,2026-02-16,2026-08-04
leaf-a05-r1:swp7,switch,A09,OSMC4QBZHG,LOT-2541,2026-02-16,
a09-ct07:mlx5_2,host,A09,OS3TOS9OUU,LOT-2602,2026-02-16,
leaf-a05-r2:swp7,switch,A09,OSZNKMRQUX,LOT-2605,2026-02-16,
a09-ct07:mlx5_3,host,A09,OS8G3MF15U,LOT-2539,2026-02-16,
leaf-a05-r3:swp7,switch,A09,OSE4FM05KV,LOT-2544,2026-02-16,
a09-ct08:mlx5_0,host,A09,OSTUCVCQ7L,LOT-2541,2026-02-16,
leaf-a05-r0:swp8,switch,A09,OSY17PFAWR,LOT-2539,2026-02-16,
a09-ct08:mlx5_1,host,A09,OSOFPHP9JI,LOT-2550,2026-02-16,
leaf-a05-r1:swp8,switch,A09,OS74MU2LZ3,LOT-2602,2026-02-16,
a09-ct08:mlx5_2,host,A09,OSZWSEAQSP,LOT-2550,2026-02-16,
leaf-a05-r2:swp8,switch,A09,OSR0O97EAA,LOT-2602,2026-02-16,
a09-ct08:mlx5_3,host,A09,OS7TAILG8G,LOT-2544,2026-02-16,2026-07-01
leaf-a05-r3:swp8,switch,A09,OSFSARP7JC,LOT-2539,2026-02-16,
a09-ct09:mlx5_0,host,A09,OSE1AIYY0G,LOT-2541,2026-02-16,
leaf-a05-r0:swp9,switch,A09,OSUBVNR8QH,LOT-2544,2026-02-16,
a09-ct09:mlx5_1,host,A09,OS9A2FF8PD,LOT-2602,2026-02-16,
leaf-a05-r1:swp9,switch,A09,OSVFR64M2Z,LOT-2539,2026-02-16,
a09-ct09:mlx5_2,host,A09,OS2Q0QTP19,LOT-2544,2026-02-16,
leaf-a05-r2:swp9,switch,A09,OS00ZAD0LW,LOT-2544,2026-02-16,
a09-ct09:mlx5_3,host,A09,OS4CSTI3WV,LOT-2541,2026-02-16,
leaf-a05-r3:swp9,switch,A09,OSJMT5T7UF,LOT-2539,2026-02-16,
a09-ct10:mlx5_0,host,A09,OSQ28R6VMK,LOT-2550,2026-02-16,
leaf-a05-r0:swp10,switch,A09,OS76OKRTSL,LOT-2541,2026-02-16,
a09-ct10:mlx5_1,host,A09,OSG34NBLIW,LOT-2544,2026-02-16,
leaf-a05-r1:swp10,switch,A09,OSJQSMIPO9,LOT-2544,2026-02-16,
a09-ct10:mlx5_2,host,A09,OSS09869EX,LOT-2541,2026-02-16,
leaf-a05-r2:swp10,switch,A09,OSAZ791Q2J,LOT-2541,2026-02-16,
a09-ct10:mlx5_3,host,A09,OSUTW5ESRL,LOT-2544,2026-02-16,
leaf-a05-r3:swp10,switch,A09,OSKODUPGOT,LOT-2544,2026-02-16,
a09-ct11:mlx5_0,host,A09,OSQ0SLQIUD,LOT-2541,2026-02-16,
leaf-a05-r0:swp11,switch,A09,OSYPXQJB18,LOT-2544,2026-02-16,
a09-ct11:mlx5_1,host,A09,OSXWY2ZWRJ,LOT-2550,2026-02-16,
leaf-a05-r1:swp11,switch,A09,OSDKMBEI68,LOT-2548,2026-02-16,
a09-ct11:mlx5_2,host,A09,OSYXPLEKPB,LOT-2544,2026-02-16,
leaf-a05-r2:swp11,switch,A09,OSSH32N4X6,LOT-2541,2026-02-16,
a09-ct11:mlx5_3,host,A09,OSS4RMMPFK,LOT-2541,2026-02-16,
leaf-a05-r3:swp11,switch,A09,OSAJKODEUI,LOT-2550,2026-02-16,
a09-ct12:mlx5_0,host,A09,OSREWJ70S8,LOT-2548,2026-02-16,
leaf-a05-r0:swp12,switch,A09,OS3D79VNQK,LOT-2605,2026-02-16,
a09-ct12:mlx5_1,host,A09,OSLXA0C6B9,LOT-2539,2026-02-16,
leaf-a05-r1:swp12,switch,A09,OS3272EVJV,LOT-2605,2026-02-16,
a09-ct12:mlx5_2,host,A09,OS3788497Z,LOT-2544,2026-02-16,
leaf-a05-r2:swp12,switch,A09,OSYI5NG10S,LOT-2548,2026-02-16,
a09-ct12:mlx5_3,host,A09,OSUE4TU6VQ,LOT-2605,2026-02-16,
leaf-a05-r3:swp12,switch,A09,OSCNHAU493,LOT-2539,2026-02-16,
a09-ct13:mlx5_0,host,A09,OSLK7N9PFX,LOT-2541,2026-02-16,
leaf-a05-r0:swp13,switch,A09,OSMS6JBKB1,LOT-2539,2026-02-16,
a09-ct13:mlx5_1,host,A09,OSMSISPNJU,LOT-2544,2026-02-16,
leaf-a05-r1:swp13,switch,A09,OSZDMCDBN6,LOT-2544,2026-02-16,
a09-ct13:mlx5_2,host,A09,OS6IK7JR81,LOT-2546,2026-02-16,
leaf-a05-r2:swp13,switch,A09,OSEQZYRSMC,LOT-2550,2026-02-16,
a09-ct13:mlx5_3,host,A09,OS5IW9NYHI,LOT-2548,2026-02-16,
leaf-a05-r3:swp13,switch,A09,OS8I7J81XD,LOT-2548,2026-02-16,
a09-ct14:mlx5_0,host,A09,OSV5QYQ3NV,LOT-2544,2026-02-16,
leaf-a05-r0:swp14,switch,A09,OSMSYPA35L,LOT-2550,2026-02-16,
a09-ct14:mlx5_1,host,A09,OSUX9NB6GS,LOT-2548,2026-02-16,
leaf-a05-r1:swp14,switch,A09,OS2I5SU7L6,LOT-2539,2026-02-16,
a09-ct14:mlx5_2,host,A09,OSHMQDPNBO,LOT-2546,2026-02-16,
leaf-a05-r2:swp14,switch,A09,OSNFJYDY0W,LOT-2539,2026-02-16,2026-03-14
a09-ct14:mlx5_3,host,A09,OST09USNQB,LOT-2602,2026-02-16,
leaf-a05-r3:swp14,switch,A09,OSYTOEA1Z7,LOT-2544,2026-02-16,
a09-ct15:mlx5_0,host,A09,OSLTXMRBIW,LOT-2539,2026-02-16,
leaf-a05-r0:swp15,switch,A09,OS62FU9AWG,LOT-2541,2026-02-16,
a09-ct15:mlx5_1,host,A09,OSVEK6H1DN,LOT-2539,2026-02-16,
leaf-a05-r1:swp15,switch,A09,OSNASS3TYI,LOT-2541,2026-02-16,
a09-ct15:mlx5_2,host,A09,OSWCN8XPUS,LOT-2550,2026-02-16,
leaf-a05-r2:swp15,switch,A09,OSW21CMOKH,LOT-2539,2026-02-16,
a09-ct15:mlx5_3,host,A09,OSFOU40JUT,LOT-2544,2026-02-16,2026-03-12
leaf-a05-r3:swp15,switch,A09,OSGRKOF1RS,LOT-2546,2026-02-16,
a09-ct16:mlx5_0,host,A09,OS7BF6SOY8,LOT-2544,2026-02-16,
leaf-a05-r0:swp16,switch,A09,OSX2LMO25E,LOT-2544,2026-02-16,
a09-ct16:mlx5_1,host,A09,OSHLFO5LNR,LOT-2544,2026-02-16,
leaf-a05-r1:swp16,switch,A09,OSS36IRSNH,LOT-2546,2026-02-16,
a09-ct16:mlx5_2,host,A09,OS3BVUC3KQ,LOT-2602,2026-02-16,
leaf-a05-r2:swp16,switch,A09,OSCUSGEI5R,LOT-2546,2026-02-16,
a09-ct16:mlx5_3,host,A09,OSIBVKWNAP,LOT-2539,2026-02-16,
leaf-a05-r3:swp16,switch,A09,OSRB3B9YWS,LOT-2544,2026-02-16,
a09-ct17:mlx5_0,host,A09,OSSJDPNJ3E,LOT-2550,2026-02-16,
leaf-a05-r0:swp17,switch,A09,OSMM90T01R,LOT-2602,2026-02-16,
a09-ct17:mlx5_1,host,A09,OSYSGK8TWA,LOT-2541,2026-02-16,
leaf-a05-r1:swp17,switch,A09,OS4TXUNGIW,LOT-2548,2026-02-16,
a09-ct17:mlx5_2,host,A09,OSPLNMB7QU,LOT-2544,2026-02-16,
leaf-a05-r2:swp17,switch,A09,OSJIO5PQUA,LOT-2539,2026-02-16,
a09-ct17:mlx5_3,host,A09,OSSCDXZBI2,LOT-2539,2026-02-16,
leaf-a05-r3:swp17,switch,A09,OSJBQ12LZU,LOT-2550,2026-02-16,
a09-ct18:mlx5_0,host,A09,OS7DGAM2I3,LOT-2546,2026-02-16,
leaf-a05-r0:swp18,switch,A09,OSSDJ0V68K,LOT-2539,2026-02-16,
a09-ct18:mlx5_1,host,A09,OS5JGHNSNZ,LOT-2541,2026-02-16,
leaf-a05-r1:swp18,switch,A09,OS7DVPY4LF,LOT-2548,2026-02-16,
a09-ct18:mlx5_2,host,A09,OSFSCWP5RL,LOT-2548,2026-02-16,
leaf-a05-r2:swp18,switch,A09,OSG2ZPK8MX,LOT-2602,2026-02-16,
a09-ct18:mlx5_3,host,A09,OSBTJO60UD,LOT-2544,2026-02-16,
leaf-a05-r3:swp18,switch,A09,OS7VQA9KOU,LOT-2546,2026-02-16,
a10-ct01:mlx5_0,host,A10,OSWUNMCUVU,LOT-2541,2026-02-16,
leaf-a05-r0:swp19,switch,A10,OSDEJPICWR,LOT-2539,2026-02-16,
a10-ct01:mlx5_1,host,A10,OSN2KYIJOM,LOT-2546,2026-02-16,
leaf-a05-r1:swp19,switch,A10,OSW7R31R2U,LOT-2602,2026-02-16,
a10-ct01:mlx5_2,host,A10,OSGVIFGFZP,LOT-2541,2026-02-16,
leaf-a05-r2:swp19,switch,A10,OSH3QO830D,LOT-2546,2026-02-16,
a10-ct01:mlx5_3,host,A10,OS8BWRPW9R,LOT-2602,2026-02-16,
leaf-a05-r3:swp19,switch,A10,OS8NVLEIT5,LOT-2544,2026-02-16,2026-08-02
a10-ct02:mlx5_0,host,A10,OS6XQWBDIB,LOT-2539,2026-02-16,
leaf-a05-r0:swp20,switch,A10,OSCQBJVAEM,LOT-2602,2026-02-16,
a10-ct02:mlx5_1,host,A10,OS6Q1V18R3,LOT-2548,2026-02-16,
leaf-a05-r1:swp20,switch,A10,OSYGXV1YG8,LOT-2539,2026-02-16,
a10-ct02:mlx5_2,host,A10,OSBJ7FG5BW,LOT-2541,2026-02-16,
leaf-a05-r2:swp20,switch,A10,OSCMNSTNOA,LOT-2548,2026-02-16,
a10-ct02:mlx5_3,host,A10,OS1Z8EB5UB,LOT-2548,2026-02-16,
leaf-a05-r3:swp20,switch,A10,OS1DD1A5QY,LOT-2546,2026-02-16,
a10-ct03:mlx5_0,host,A10,OSM7WYI7U0,LOT-2544,2026-02-16,2026-06-25
leaf-a05-r0:swp21,switch,A10,OSV7XQ8N38,LOT-2541,2026-02-16,
a10-ct03:mlx5_1,host,A10,OS3N11YLNF,LOT-2548,2026-02-16,
leaf-a05-r1:swp21,switch,A10,OSC5CHIMJU,LOT-2550,2026-02-16,
a10-ct03:mlx5_2,host,A10,OSRS0Y2ZPH,LOT-2550,2026-02-16,
leaf-a05-r2:swp21,switch,A10,OS42T0T9E2,LOT-2546,2026-02-16,
a10-ct03:mlx5_3,host,A10,OSVGSZDYQC,LOT-2544,2026-02-16,
leaf-a05-r3:swp21,switch,A10,OSIGK797WX,LOT-2546,2026-02-16,
a10-ct04:mlx5_0,host,A10,OSH9838447,LOT-2550,2026-02-16,
leaf-a05-r0:swp22,switch,A10,OSEZJC60VC,LOT-2602,2026-02-16,
a10-ct04:mlx5_1,host,A10,OS6RS1LE7N,LOT-2539,2026-02-16,
leaf-a05-r1:swp22,switch,A10,OST8A62YUA,LOT-2539,2026-02-16,
a10-ct04:mlx5_2,host,A10,OSSZ78I52O,LOT-2544,2026-02-16,
leaf-a05-r2:swp22,switch,A10,OSJTUQUKRH,LOT-2550,2026-02-16,
a10-ct04:mlx5_3,host,A10,OSPKWSIY8M,LOT-2539,2026-02-16,
leaf-a05-r3:swp22,switch,A10,OSEBXZUPLM,LOT-2539,2026-02-16,
a10-ct05:mlx5_0,host,A10,OSO0CN2AJX,LOT-2548,2026-02-16,
leaf-a05-r0:swp23,switch,A10,OS3L85OH8G,LOT-2548,2026-02-16,
a10-ct05:mlx5_1,host,A10,OS6GPR6ZLZ,LOT-2539,2026-02-16,
leaf-a05-r1:swp23,switch,A10,OSM3YHDZT4,LOT-2602,2026-02-16,
a10-ct05:mlx5_2,host,A10,OSV8HL8AG8,LOT-2539,2026-02-16,
leaf-a05-r2:swp23,switch,A10,OSVZVUY9IJ,LOT-2541,2026-02-16,
a10-ct05:mlx5_3,host,A10,OSJ97XISVF,LOT-2546,2026-02-16,
leaf-a05-r3:swp23,switch,A10,OSDVUHA1LY,LOT-2605,2026-02-16,
a10-ct06:mlx5_0,host,A10,OSQGP43XWS,LOT-2539,2026-02-16,
leaf-a05-r0:swp24,switch,A10,OSLVHJV425,LOT-2544,2026-02-16,
a10-ct06:mlx5_1,host,A10,OS4QNFOIPV,LOT-2548,2026-02-16,
leaf-a05-r1:swp24,switch,A10,OSZYTUL9CS,LOT-2602,2026-02-16,
a10-ct06:mlx5_2,host,A10,OS14J0OKD0,LOT-2548,2026-02-16,
leaf-a05-r2:swp24,switch,A10,OS5ZD3CAZD,LOT-2602,2026-02-16,
a10-ct06:mlx5_3,host,A10,OSVP5H44KV,LOT-2550,2026-02-16,
leaf-a05-r3:swp24,switch,A10,OSFJPBWUZF,LOT-2544,2026-02-16,
a10-ct07:mlx5_0,host,A10,OS67ZKP1PW,LOT-2550,2026-02-16,
leaf-a05-r0:swp25,switch,A10,OS8SOSB9IJ,LOT-2544,2026-02-16,
a10-ct07:mlx5_1,host,A10,OS2OGS7C9P,LOT-2539,2026-02-16,
leaf-a05-r1:swp25,switch,A10,OSHUPACSAE,LOT-2548,2026-02-16,
a10-ct07:mlx5_2,host,A10,OSJMWKLJBY,LOT-2544,2026-02-16,2026-05-16
leaf-a05-r2:swp25,switch,A10,OSBGBR2EUH,LOT-2539,2026-02-16,
a10-ct07:mlx5_3,host,A10,OSUYQW8CH3,LOT-2544,2026-02-16,
leaf-a05-r3:swp25,switch,A10,OS9RX5NZ6D,LOT-2539,2026-02-16,
a10-ct08:mlx5_0,host,A10,OSZO42TWJ1,LOT-2541,2026-02-16,
leaf-a05-r0:swp26,switch,A10,OSYQNOP6J1,LOT-2605,2026-02-16,
a10-ct08:mlx5_1,host,A10,OSJIZEJEBJ,LOT-2539,2026-02-16,
leaf-a05-r1:swp26,switch,A10,OSEW3GYGTK,LOT-2546,2026-02-16,
a10-ct08:mlx5_2,host,A10,OSUOMA5TO8,LOT-2539,2026-02-16,
leaf-a05-r2:swp26,switch,A10,OSTH6RFVIL,LOT-2544,2026-02-16,
a10-ct08:mlx5_3,host,A10,OSQCMQOS0T,LOT-2539,2026-02-16,
leaf-a05-r3:swp26,switch,A10,OS8FZJGLTZ,LOT-2539,2026-02-16,
a10-ct09:mlx5_0,host,A10,OSW6BL66Y5,LOT-2605,2026-02-16,
leaf-a05-r0:swp27,switch,A10,OS5Q0I08EZ,LOT-2541,2026-02-16,
a10-ct09:mlx5_1,host,A10,OSYV8AOE61,LOT-2550,2026-02-16,
leaf-a05-r1:swp27,switch,A10,OSSGQWMQHD,LOT-2602,2026-02-16,
a10-ct09:mlx5_2,host,A10,OSB7ZX06UE,LOT-2544,2026-02-16,
leaf-a05-r2:swp27,switch,A10,OSQJFYXK6T,LOT-2541,2026-02-16,
a10-ct09:mlx5_3,host,A10,OS8WAQDPXP,LOT-2544,2026-02-16,
leaf-a05-r3:swp27,switch,A10,OSFI187IKZ,LOT-2541,2026-02-16,
a10-ct10:mlx5_0,host,A10,OS4ZYX8BAE,LOT-2541,2026-02-16,
leaf-a05-r0:swp28,switch,A10,OSEVHAV9HK,LOT-2539,2026-02-16,
a10-ct10:mlx5_1,host,A10,OSQ7XHVI4H,LOT-2544,2026-02-16,
leaf-a05-r1:swp28,switch,A10,OS7B65OV2T,LOT-2541,2026-02-16,
a10-ct10:mlx5_2,host,A10,OS036S8AD4,LOT-2544,2026-02-16,
leaf-a05-r2:swp28,switch,A10,OS1ET59JNV,LOT-2539,2026-02-16,
a10-ct10:mlx5_3,host,A10,OSUVIUVVKW,LOT-2602,2026-02-16,
leaf-a05-r3:swp28,switch,A10,OSNMFBJKPG,LOT-2548,2026-02-16,
a10-ct11:mlx5_0,host,A10,OSZHRM1H2I,LOT-2539,2026-02-16,
leaf-a05-r0:swp29,switch,A10,OS7EPYN3QI,LOT-2539,2026-02-16,
a10-ct11:mlx5_1,host,A10,OSLOS92PW6,LOT-2548,2026-02-16,
leaf-a05-r1:swp29,switch,A10,OS8WNT9UML,LOT-2602,2026-02-16,
a10-ct11:mlx5_2,host,A10,OSS3PU9SPQ,LOT-2550,2026-02-16,
leaf-a05-r2:swp29,switch,A10,OSLXNX6WQ7,LOT-2541,2026-02-16,
a10-ct11:mlx5_3,host,A10,OSU5HH3ZHR,LOT-2546,2026-02-16,
leaf-a05-r3:swp29,switch,A10,OSH39N66HA,LOT-2539,2026-02-16,
a10-ct12:mlx5_0,host,A10,OS9WNVIIUR,LOT-2541,2026-02-16,
leaf-a05-r0:swp30,switch,A10,OSHLVET3SC,LOT-2539,2026-02-16,
a10-ct12:mlx5_1,host,A10,OSMG29XE0R,LOT-2605,2026-02-16,
leaf-a05-r1:swp30,switch,A10,OSNMPI49VA,LOT-2539,2026-02-16,
a10-ct12:mlx5_2,host,A10,OSCS7PM96H,LOT-2539,2026-02-16,
leaf-a05-r2:swp30,switch,A10,OSUDO32TWF,LOT-2548,2026-02-16,
a10-ct12:mlx5_3,host,A10,OSXC2IBHVR,LOT-2548,2026-02-16,
leaf-a05-r3:swp30,switch,A10,OSSCU345KN,LOT-2605,2026-02-16,
a10-ct13:mlx5_0,host,A10,OSXYD3XUWD,LOT-2550,2026-02-16,
leaf-a05-r0:swp31,switch,A10,OSX0YEK3C7,LOT-2546,2026-02-16,
a10-ct13:mlx5_1,host,A10,OSKJ6LQUXO,LOT-2605,2026-02-16,
leaf-a05-r1:swp31,switch,A10,OSITEQ6PSI,LOT-2544,2026-02-16,
a10-ct13:mlx5_2,host,A10,OSSUKJ2YGG,LOT-2544,2026-02-16,
leaf-a05-r2:swp31,switch,A10,OSLR7FRAUC,LOT-2539,2026-02-16,
a10-ct13:mlx5_3,host,A10,OSG9N35K0W,LOT-2541,2026-02-16,
leaf-a05-r3:swp31,switch,A10,OSW62S1UCD,LOT-2546,2026-02-16,
a10-ct14:mlx5_0,host,A10,OSA05ZCWMY,LOT-2544,2026-02-16,
leaf-a05-r0:swp32,switch,A10,OSPGYCZ10X,LOT-2541,2026-02-16,
a10-ct14:mlx5_1,host,A10,OSUHK796WW,LOT-2539,2026-02-16,
leaf-a05-r1:swp32,switch,A10,OSX14I1SNY,LOT-2539,2026-02-16,
a10-ct14:mlx5_2,host,A10,OSQY1YIPLY,LOT-2602,2026-02-16,2026-06-29
leaf-a05-r2:swp32,switch,A10,OSGTVQFWRY,LOT-2548,2026-02-16,
a10-ct14:mlx5_3,host,A10,OSQWMIZ5ND,LOT-2548,2026-02-16,
leaf-a05-r3:swp32,switch,A10,OS76GIHX7Z,LOT-2544,2026-02-16,2026-04-10
a10-ct15:mlx5_0,host,A10,OSBIMXWM7S,LOT-2550,2026-02-16,
leaf-a05-r0:swp33,switch,A10,OSZWR9UNS4,LOT-2550,2026-02-16,
a10-ct15:mlx5_1,host,A10,OS8KVNGN92,LOT-2544,2026-02-16,
leaf-a05-r1:swp33,switch,A10,OSY7L5EEB4,LOT-2539,2026-02-16,
a10-ct15:mlx5_2,host,A10,OSNSVWQWH6,LOT-2541,2026-02-16,
leaf-a05-r2:swp33,switch,A10,OS1LCDB6G6,LOT-2548,2026-02-16,
a10-ct15:mlx5_3,host,A10,OSNSWNVFMI,LOT-2550,2026-02-16,
leaf-a05-r3:swp33,switch,A10,OS6SXCLFR3,LOT-2550,2026-02-16,
a10-ct16:mlx5_0,host,A10,OSY3SHP92X,LOT-2602,2026-02-16,
leaf-a05-r0:swp34,switch,A10,OSIZ8529HJ,LOT-2548,2026-02-16,
a10-ct16:mlx5_1,host,A10,OSAN1KPJEI,LOT-2550,2026-02-16,
leaf-a05-r1:swp34,switch,A10,OSKH470F14,LOT-2541,2026-02-16,
a10-ct16:mlx5_2,host,A10,OS1XTFEDYK,LOT-2550,2026-02-16,
leaf-a05-r2:swp34,switch,A10,OSH4ZZBHEK,LOT-2546,2026-02-16,
a10-ct16:mlx5_3,host,A10,OS8L9KE0A8,LOT-2539,2026-02-16,
leaf-a05-r3:swp34,switch,A10,OS9FIZMXK6,LOT-2546,2026-02-16,
a10-ct17:mlx5_0,host,A10,OS60R7IVMN,LOT-2550,2026-02-16,
leaf-a05-r0:swp35,switch,A10,OSH7LF6XKZ,LOT-2539,2026-02-16,
a10-ct17:mlx5_1,host,A10,OSMYBDMVTU,LOT-2546,2026-02-16,
leaf-a05-r1:swp35,switch,A10,OSVW2DALGR,LOT-2539,2026-02-16,
a10-ct17:mlx5_2,host,A10,OSMPAD6HF8,LOT-2602,2026-02-16,
leaf-a05-r2:swp35,switch,A10,OSCX7KX5RS,LOT-2602,2026-02-16,
a10-ct17:mlx5_3,host,A10,OSKEAEXGXJ,LOT-2541,2026-02-16,
leaf-a05-r3:swp35,switch,A10,OSJ7SCR1PK,LOT-2539,2026-02-16,
a10-ct18:mlx5_0,host,A10,OSMTH1OZXX,LOT-2546,2026-02-16,
leaf-a05-r0:swp36,switch,A10,OSRV96A4OK,LOT-2548,2026-02-16,2026-04-06
a10-ct18:mlx5_1,host,A10,OS0CELCGXK,LOT-2548,2026-02-16,
leaf-a05-r1:swp36,switch,A10,OSQB316FB6,LOT-2541,2026-02-16,
a10-ct18:mlx5_2,host,A10,OSMWW8MMVC,LOT-2544,2026-02-16,
leaf-a05-r2:swp36,switch,A10,OSPLFYLUJ4,LOT-2539,2026-02-16,
a10-ct18:mlx5_3,host,A10,OSGHRFELK9,LOT-2550,2026-02-16,
leaf-a05-r3:swp36,switch,A10,OSEI37SV3N,LOT-2539,2026-02-16,
a11-ct01:mlx5_0,host,A11,OSEB67XVPL,LOT-2539,2026-02-16,
leaf-a06-r0:swp1,switch,A11,OS21DZL5PP,LOT-2539,2026-02-16,
a11-ct01:mlx5_1,host,A11,OSMQSIKIHW,LOT-2544,2026-02-16,
leaf-a06-r1:swp1,switch,A11,OS0FGXMARN,LOT-2602,2026-02-16,
a11-ct01:mlx5_2,host,A11,OSE6V9FR3I,LOT-2544,2026-02-16,
leaf-a06-r2:swp1,switch,A11,OSWOW4LG8L,LOT-2541,2026-02-16,
a11-ct01:mlx5_3,host,A11,OSMPV65H1F,LOT-2541,2026-02-16,
leaf-a06-r3:swp1,switch,A11,OSKS9616PJ,LOT-2544,2026-02-16,
a11-ct02:mlx5_0,host,A11,OS8EB5PEH4,LOT-2544,2026-02-16,
leaf-a06-r0:swp2,switch,A11,OSELLZLZ7K,LOT-2541,2026-02-16,
a11-ct02:mlx5_1,host,A11,OSS1IE5SEU,LOT-2544,2026-02-16,
leaf-a06-r1:swp2,switch,A11,OSXENMAIHF,LOT-2546,2026-02-16,
a11-ct02:mlx5_2,host,A11,OS41SZIO5K,LOT-2602,2026-02-16,
leaf-a06-r2:swp2,switch,A11,OSOW1LKING,LOT-2550,2026-02-16,
a11-ct02:mlx5_3,host,A11,OSHCK7DRZZ,LOT-2541,2026-02-16,
leaf-a06-r3:swp2,switch,A11,OSQR1633CU,LOT-2605,2026-02-16,
a11-ct03:mlx5_0,host,A11,OS9MVYSAGB,LOT-2539,2026-02-16,
leaf-a06-r0:swp3,switch,A11,OSFD77BL6I,LOT-2550,2026-02-16,
a11-ct03:mlx5_1,host,A11,OSFTA5PRER,LOT-2546,2026-02-16,
leaf-a06-r1:swp3,switch,A11,OS3FSYS2NL,LOT-2539,2026-02-16,
a11-ct03:mlx5_2,host,A11,OS14UHBLCR,LOT-2539,2026-02-16,
leaf-a06-r2:swp3,switch,A11,OSPTXBG0B5,LOT-2548,2026-02-16,
a11-ct03:mlx5_3,host,A11,OS8DK8ZJPH,LOT-2546,2026-02-16,
leaf-a06-r3:swp3,switch,A11,OS736MIK20,LOT-2541,2026-02-16,
a11-ct04:mlx5_0,host,A11,OSZIWTOCFH,LOT-2546,2026-02-16,
leaf-a06-r0:swp4,switch,A11,OSLHL0MAI2,LOT-2544,2026-02-16,
a11-ct04:mlx5_1,host,A11,OS5N2XHX5O,LOT-2548,2026-02-16,
leaf-a06-r1:swp4,switch,A11,OS0EZNDF9M,LOT-2541,2026-02-16,
a11-ct04:mlx5_2,host,A11,OSHXCMO6JK,LOT-2546,2026-02-16,
leaf-a06-r2:swp4,switch,A11,OSOH9IHB03,LOT-2541,2026-02-16,
a11-ct04:mlx5_3,host,A11,OSKZQ0VTCP,LOT-2546,2026-02-16,
leaf-a06-r3:swp4,switch,A11,OSXIQK9486,LOT-2550,2026-02-16,
a11-ct05:mlx5_0,host,A11,OS081N9FLV,LOT-2605,2026-02-16,
leaf-a06-r0:swp5,switch,A11,OSEQYJ3STC,LOT-2602,2026-02-16,
a11-ct05:mlx5_1,host,A11,OS0U966K11,LOT-2541,2026-02-16,
leaf-a06-r1:swp5,switch,A11,OSC2W7K3IP,LOT-2548,2026-02-16,
a11-ct05:mlx5_2,host,A11,OSI1V596VN,LOT-2605,2026-02-16,
leaf-a06-r2:swp5,switch,A11,OSGMYBKLGE,LOT-2602,2026-02-16,
a11-ct05:mlx5_3,host,A11,OSPUTI4BTL,LOT-2541,2026-02-16,
leaf-a06-r3:swp5,switch,A11,OSFP8TROGG,LOT-2605,2026-02-16,
a11-ct06:mlx5_0,host,A11,OSDDLTZYA1,LOT-2602,2026-02-16,
leaf-a06-r0:swp6,switch,A11,OSKJRDRO52,LOT-2541,2026-02-16,
a11-ct06:mlx5_1,host,A11,OSS6Z4GSCD,LOT-2548,2026-02-16,
leaf-a06-r1:swp6,switch,A11,OS1I5UES3M,LOT-2546,2026-02-16,
a11-ct06:mlx5_2,host,A11,OSI3PALMKM,LOT-2546,2026-02-16,
leaf-a06-r2:swp6,switch,A11,OSX7FAVM1W,LOT-2550,2026-02-16,
a11-ct06:mlx5_3,host,A11,OSENZKGAT1,LOT-2544,2026-02-16,
leaf-a06-r3:swp6,switch,A11,OSR5MW2OVU,LOT-2548,2026-02-16,
a11-ct07:mlx5_0,host,A11,OSKRD1L5GF,LOT-2544,2026-02-16,
leaf-a06-r0:swp7,switch,A11,OSXTGBG9AB,LOT-2548,2026-02-16,
a11-ct07:mlx5_1,host,A11,OSSE6CABQI,LOT-2550,2026-02-16,
leaf-a06-r1:swp7,switch,A11,OS26XLXWTO,LOT-2550,2026-02-16,
a11-ct07:mlx5_2,host,A11,OSGPTRPIIJ,LOT-2602,2026-02-16,
leaf-a06-r2:swp7,switch,A11,OS5E9OLP5F,LOT-2544,2026-02-16,
a11-ct07:mlx5_3,host,A11,OSQ1WAC7PM,LOT-2544,2026-02-16,
leaf-a06-r3:swp7,switch,A11,OSFH9ZMBWB,LOT-2605,2026-02-16,
a11-ct08:mlx5_0,host,A11,OS5BW3BCT1,LOT-2550,2026-02-16,
leaf-a06-r0:swp8,switch,A11,OSGEGA1QAX,LOT-2539,2026-02-16,
a11-ct08:mlx5_1,host,A11,OSL0ZKOB30,LOT-2602,2026-02-16,
leaf-a06-r1:swp8,switch,A11,OS0RGLJ74A,LOT-2605,2026-02-16,
a11-ct08:mlx5_2,host,A11,OSSB36Q0FF,LOT-2541,2026-02-16,
leaf-a06-r2:swp8,switch,A11,OSQREZ35QQ,LOT-2541,2026-02-16,
a11-ct08:mlx5_3,host,A11,OSEKH258LZ,LOT-2541,2026-02-16,
leaf-a06-r3:swp8,switch,A11,OSPXM9T6EO,LOT-2544,2026-02-16,
a11-ct09:mlx5_0,host,A11,OS0BLQUCH0,LOT-2541,2026-02-16,
leaf-a06-r0:swp9,switch,A11,OSYK7HAG5I,LOT-2544,2026-02-16,
a11-ct09:mlx5_1,host,A11,OSBE5AP2F1,LOT-2544,2026-02-16,
leaf-a06-r1:swp9,switch,A11,OSOEWHOCJJ,LOT-2602,2026-02-16,
a11-ct09:mlx5_2,host,A11,OSH9J531HW,LOT-2605,2026-02-16,
leaf-a06-r2:swp9,switch,A11,OSBYQS67DF,LOT-2548,2026-02-16,
a11-ct09:mlx5_3,host,A11,OS00YD16TX,LOT-2544,2026-02-16,2026-07-06
leaf-a06-r3:swp9,switch,A11,OSPFEDEIT2,LOT-2539,2026-02-16,
a11-ct10:mlx5_0,host,A11,OS9C4E7V55,LOT-2548,2026-02-16,
leaf-a06-r0:swp10,switch,A11,OSEU12Z8SG,LOT-2539,2026-02-16,
a11-ct10:mlx5_1,host,A11,OSZOZSGH7Y,LOT-2539,2026-02-16,
leaf-a06-r1:swp10,switch,A11,OSPAAU958X,LOT-2546,2026-02-16,
a11-ct10:mlx5_2,host,A11,OSWAO2XMUS,LOT-2548,2026-02-16,
leaf-a06-r2:swp10,switch,A11,OSHWD0D6DR,LOT-2605,2026-02-16,
a11-ct10:mlx5_3,host,A11,OSMZWC9LF4,LOT-2546,2026-02-16,
leaf-a06-r3:swp10,switch,A11,OSCC8TVTMK,LOT-2539,2026-02-16,
a11-ct11:mlx5_0,host,A11,OSZYT1LRRC,LOT-2602,2026-02-16,
leaf-a06-r0:swp11,switch,A11,OSX16BAGR2,LOT-2550,2026-02-16,
a11-ct11:mlx5_1,host,A11,OSSY7JVSAH,LOT-2544,2026-02-16,
leaf-a06-r1:swp11,switch,A11,OSJKJISTTE,LOT-2544,2026-02-16,
a11-ct11:mlx5_2,host,A11,OS5797BSID,LOT-2546,2026-02-16,
leaf-a06-r2:swp11,switch,A11,OS8FJ0TXGK,LOT-2548,2026-02-16,
a11-ct11:mlx5_3,host,A11,OSRPOWMA6Y,LOT-2541,2026-02-16,
leaf-a06-r3:swp11,switch,A11,OSWZ0VGCUA,LOT-2539,2026-02-16,
a11-ct12:mlx5_0,host,A11,OSLYIHV2WN,LOT-2539,2026-02-16,
leaf-a06-r0:swp12,switch,A11,OSN07KLORG,LOT-2546,2026-02-16,
a11-ct12:mlx5_1,host,A11,OSGWTYIRQF,LOT-2544,2026-02-16,
leaf-a06-r1:swp12,switch,A11,OSEP4W8LFH,LOT-2602,2026-02-16,
a11-ct12:mlx5_2,host,A11,OSBWFL0VYI,LOT-2541,2026-02-16,
leaf-a06-r2:swp12,switch,A11,OSRYDRYRNC,LOT-2539,2026-02-16,
a11-ct12:mlx5_3,host,A11,OSGTS6HWHP,LOT-2539,2026-02-16,
leaf-a06-r3:swp12,switch,A11,OSY65YSYZ1,LOT-2605,2026-02-16,
a11-ct13:mlx5_0,host,A11,OSAPVXSFNG,LOT-2548,2026-02-16,
leaf-a06-r0:swp13,switch,A11,OSWY5IOYIM,LOT-2548,2026-02-16,
a11-ct13:mlx5_1,host,A11,OSVUIAGCYK,LOT-2539,2026-02-16,
leaf-a06-r1:swp13,switch,A11,OSRNBG0390,LOT-2602,2026-02-16,
a11-ct13:mlx5_2,host,A11,OSPZPIKYM3,LOT-2548,2026-02-16,
leaf-a06-r2:swp13,switch,A11,OSR0COJCW4,LOT-2544,2026-02-16,
a11-ct13:mlx5_3,host,A11,OSKG1BN8WB,LOT-2539,2026-02-16,
leaf-a06-r3:swp13,switch,A11,OSEH720942,LOT-2541,2026-02-16,
a11-ct14:mlx5_0,host,A11,OS0JNYJC5G,LOT-2550,2026-02-16,
leaf-a06-r0:swp14,switch,A11,OSUK09NH1C,LOT-2546,2026-02-16,
a11-ct14:mlx5_1,host,A11,OSVGKF33ZY,LOT-2539,2026-02-16,
leaf-a06-r1:swp14,switch,A11,OSLH50KAQN,LOT-2605,2026-02-16,
a11-ct14:mlx5_2,host,A11,OSDJX0ZR54,LOT-2539,2026-02-16,
leaf-a06-r2:swp14,switch,A11,OSAO2H1YXG,LOT-2539,2026-02-16,
a11-ct14:mlx5_3,host,A11,OS5TM969ZR,LOT-2541,2026-02-16,
leaf-a06-r3:swp14,switch,A11,OSIPTOGOR5,LOT-2539,2026-02-16,
a11-ct15:mlx5_0,host,A11,OSYL21EF9B,LOT-2605,2026-02-16,
leaf-a06-r0:swp15,switch,A11,OSDK9DZ58K,LOT-2602,2026-02-16,
a11-ct15:mlx5_1,host,A11,OSQXRAL9DO,LOT-2605,2026-02-16,
leaf-a06-r1:swp15,switch,A11,OS2Q19QI03,LOT-2544,2026-02-16,2026-03-16
a11-ct15:mlx5_2,host,A11,OS8AKRMGHS,LOT-2541,2026-02-16,
leaf-a06-r2:swp15,switch,A11,OS20FBELVG,LOT-2550,2026-02-16,
a11-ct15:mlx5_3,host,A11,OSRLZ5ZZO3,LOT-2539,2026-02-16,
leaf-a06-r3:swp15,switch,A11,OS19W97OOY,LOT-2541,2026-02-16,
a11-ct16:mlx5_0,host,A11,OSN9WQNECW,LOT-2602,2026-02-16,
leaf-a06-r0:swp16,switch,A11,OSC266A62A,LOT-2544,2026-02-16,
a11-ct16:mlx5_1,host,A11,OS5SNZTI9V,LOT-2550,2026-02-16,
leaf-a06-r1:swp16,switch,A11,OSTDC58AP0,LOT-2602,2026-02-16,
a11-ct16:mlx5_2,host,A11,OSB25DLPPF,LOT-2539,2026-02-16,
leaf-a06-r2:swp16,switch,A11,OSKRF0P8XY,LOT-2546,2026-02-16,
a11-ct16:mlx5_3,host,A11,OSETNSR7UG,LOT-2602,2026-02-16,
leaf-a06-r3:swp16,switch,A11,OS7JNGN4HV,LOT-2546,2026-02-16,
a11-ct17:mlx5_0,host,A11,OS91IXSJ7G,LOT-2544,2026-02-16,
leaf-a06-r0:swp17,switch,A11,OST9103W31,LOT-2539,2026-02-16,
a11-ct17:mlx5_1,host,A11,OSUQS0T8OV,LOT-2548,2026-02-16,
leaf-a06-r1:swp17,switch,A11,OSCJTPLRJB,LOT-2548,2026-02-16,
a11-ct17:mlx5_2,host,A11,OS7H1SBAQY,LOT-2544,2026-02-16,
leaf-a06-r2:swp17,switch,A11,OSYCP9IDTI,LOT-2541,2026-02-16,
a11-ct17:mlx5_3,host,A11,OSI8HC9489,LOT-2550,2026-02-16,
leaf-a06-r3:swp17,switch,A11,OSOZQMK5WX,LOT-2539,2026-02-16,
a11-ct18:mlx5_0,host,A11,OS9GYJKAOP,LOT-2546,2026-02-16,
leaf-a06-r0:swp18,switch,A11,OS15C893LO,LOT-2605,2026-02-16,
a11-ct18:mlx5_1,host,A11,OSVEMEQOXI,LOT-2539,2026-02-16,
leaf-a06-r1:swp18,switch,A11,OSV8X8199E,LOT-2546,2026-02-16,
a11-ct18:mlx5_2,host,A11,OSSHW97CAV,LOT-2548,2026-02-16,
leaf-a06-r2:swp18,switch,A11,OSSLRK0XE3,LOT-2541,2026-02-16,
a11-ct18:mlx5_3,host,A11,OSCX4W03X2,LOT-2548,2026-02-16,
leaf-a06-r3:swp18,switch,A11,OS80ON5DYB,LOT-2539,2026-02-16,
a12-ct01:mlx5_0,host,A12,OSYVUBCUNT,LOT-2541,2026-02-16,
leaf-a06-r0:swp19,switch,A12,OSCBRSBZ0Y,LOT-2539,2026-02-16,
a12-ct01:mlx5_1,host,A12,OSNQC2IQAD,LOT-2541,2026-02-16,
leaf-a06-r1:swp19,switch,A12,OSGH4B7THN,LOT-2541,2026-02-16,
a12-ct01:mlx5_2,host,A12,OSWCLA0J82,LOT-2546,2026-02-16,
leaf-a06-r2:swp19,switch,A12,OSDE23CXJU,LOT-2602,2026-02-16,
a12-ct01:mlx5_3,host,A12,OSNNAGDHNY,LOT-2541,2026-02-16,
leaf-a06-r3:swp19,switch,A12,OSQZURZAZT,LOT-2541,2026-02-16,
a12-ct02:mlx5_0,host,A12,OSG68EY5NA,LOT-2602,2026-02-16,
leaf-a06-r0:swp20,switch,A12,OSIIH1UZ3U,LOT-2548,2026-02-16,
a12-ct02:mlx5_1,host,A12,OSNZIW3MS5,LOT-2539,2026-02-16,
leaf-a06-r1:swp20,switch,A12,OS2QMRS12G,LOT-2541,2026-02-16,
a12-ct02:mlx5_2,host,A12,OSRLE16JC1,LOT-2541,2026-02-16,
leaf-a06-r2:swp20,switch,A12,OS4MI3I7XD,LOT-2539,2026-02-16,
a12-ct02:mlx5_3,host,A12,OSOMW6W2ZJ,LOT-2539,2026-02-16,
leaf-a06-r3:swp20,switch,A12,OSJ9SID4VV,LOT-2539,2026-02-16,
a12-ct03:mlx5_0,host,A12,OSFE3D7R26,LOT-2546,2026-02-16,
leaf-a06-r0:swp21,switch,A12,OSU1CDMOA4,LOT-2602,2026-02-16,
a12-ct03:mlx5_1,host,A12,OS9XZBDQQ7,LOT-2602,2026-02-16,
leaf-a06-r1:swp21,switch,A12,OS5O3XHLO6,LOT-2539,2026-02-16,
a12-ct03:mlx5_2,host,A12,OS87NLGO0O,LOT-2550,2026-02-16,
leaf-a06-r2:swp21,switch,A12,OS39QKKOOM,LOT-2550,2026-02-16,
a12-ct03:mlx5_3,host,A12,OSTGOOR0IU,LOT-2539,2026-02-16,
leaf-a06-r3:swp21,switch,A12,OS7IG2HDHE,LOT-2550,2026-02-16,
a12-ct04:mlx5_0,host,A12,OSB9GEW2WW,LOT-2550,2026-02-16,
leaf-a06-r0:swp22,switch,A12,OS5PSXL93M,LOT-2550,2026-02-16,
a12-ct04:mlx5_1,host,A12,OSVY1WISJ7,LOT-2539,2026-02-16,
leaf-a06-r1:swp22,switch,A12,OSZHQ9DYSM,LOT-2544,2026-02-16,
a12-ct04:mlx5_2,host,A12,OSI4HPBKU2,LOT-2548,2026-02-16,
leaf-a06-r2:swp22,switch,A12,OSXMKNAKLC,LOT-2539,2026-02-16,
a12-ct04:mlx5_3,host,A12,OSBL07XD7U,LOT-2546,2026-02-16,
leaf-a06-r3:swp22,switch,A12,OSQDJ2KZ0G,LOT-2546,2026-02-16,
a12-ct05:mlx5_0,host,A12,OSK3XKVB5Q,LOT-2548,2026-02-16,
leaf-a06-r0:swp23,switch,A12,OS1GW1REQS,LOT-2539,2026-02-16,
a12-ct05:mlx5_1,host,A12,OS8WMEN9HK,LOT-2550,2026-02-16,
leaf-a06-r1:swp23,switch,A12,OSX8DIZUGJ,LOT-2544,2026-02-16,
a12-ct05:mlx5_2,host,A12,OS6OWDM5HX,LOT-2544,2026-02-16,
leaf-a06-r2:swp23,switch,A12,OSCG9G4B9X,LOT-2602,2026-02-16,
a12-ct05:mlx5_3,host,A12,OS10H6X5RS,LOT-2550,2026-02-16,
leaf-a06-r3:swp23,switch,A12,OSCBKVEAVN,LOT-2539,2026-02-16,
a12-ct06:mlx5_0,host,A12,OSWVS1RSFJ,LOT-2539,2026-02-16,
leaf-a06-r0:swp24,switch,A12,OSM1IUWGV2,LOT-2539,2026-02-16,
a12-ct06:mlx5_1,host,A12,OSF6CB65GM,LOT-2541,2026-02-16,
leaf-a06-r1:swp24,switch,A12,OS1BL1K3PN,LOT-2602,2026-02-16,
a12-ct06:mlx5_2,host,A12,OSWXID0O8L,LOT-2544,2026-02-16,
leaf-a06-r2:swp24,switch,A12,OSTFSLXT00,LOT-2539,2026-02-16,
a12-ct06:mlx5_3,host,A12,OS5DNGO8VD,LOT-2602,2026-02-16,
leaf-a06-r3:swp24,switch,A12,OSBEXXZRGH,LOT-2550,2026-02-16,
a12-ct07:mlx5_0,host,A12,OSCGZJMINO,LOT-2602,2026-02-16,
leaf-a06-r0:swp25,switch,A12,OSWY2KJ4HT,LOT-2539,2026-02-16,
a12-ct07:mlx5_1,host,A12,OS4GAI895N,LOT-2602,2026-02-16,
leaf-a06-r1:swp25,switch,A12,OSD1F6O0ZI,LOT-2544,2026-02-16,
a12-ct07:mlx5_2,host,A12,OSEMZ3V5NR,LOT-2550,2026-02-16,
leaf-a06-r2:swp25,switch,A12,OSIAQ1LKC6,LOT-2602,2026-02-16,
a12-ct07:mlx5_3,host,A12,OSK66H4T5H,LOT-2539,2026-02-16,
leaf-a06-r3:swp25,switch,A12,OS2QPIHPRR,LOT-2541,2026-02-16,
a12-ct08:mlx5_0,host,A12,OS8NKC0TMF,LOT-2544,2026-02-16,
leaf-a06-r0:swp26,switch,A12,OSUW0TKDTX,LOT-2539,2026-02-16,
a12-ct08:mlx5_1,host,A12,OS11LI4U54,LOT-2548,2026-02-16,
leaf-a06-r1:swp26,switch,A12,OS6CA0SEL2,LOT-2602,2026-02-16,
a12-ct08:mlx5_2,host,A12,OS9AAN7C1R,LOT-2548,2026-02-16,
leaf-a06-r2:swp26,switch,A12,OSVOCCOFRE,LOT-2539,2026-02-16,
a12-ct08:mlx5_3,host,A12,OSYJXRQG2O,LOT-2544,2026-02-16,
leaf-a06-r3:swp26,switch,A12,OS285Z60RY,LOT-2544,2026-02-16,
a12-ct09:mlx5_0,host,A12,OSXUSOELY4,LOT-2539,2026-02-16,
leaf-a06-r0:swp27,switch,A12,OSZVE5EYVT,LOT-2548,2026-02-16,
a12-ct09:mlx5_1,host,A12,OSY20JLLCU,LOT-2539,2026-02-16,2026-07-18
leaf-a06-r1:swp27,switch,A12,OSBE42ZFHH,LOT-2541,2026-02-16,
a12-ct09:mlx5_2,host,A12,OSLEUESZX5,LOT-2546,2026-02-16,
leaf-a06-r2:swp27,switch,A12,OSOV7ZIM8M,LOT-2544,2026-02-16,
a12-ct09:mlx5_3,host,A12,OSYTRLM0ID,LOT-2605,2026-02-16,
leaf-a06-r3:swp27,switch,A12,OSV32738TL,LOT-2539,2026-02-16,
a12-ct10:mlx5_0,host,A12,OSH8JW8W3D,LOT-2544,2026-02-16,
leaf-a06-r0:swp28,switch,A12,OSTUM6MAL6,LOT-2605,2026-02-16,
a12-ct10:mlx5_1,host,A12,OSCIB6000B,LOT-2548,2026-02-16,
leaf-a06-r1:swp28,switch,A12,OS29X5HUAW,LOT-2541,2026-02-16,
a12-ct10:mlx5_2,host,A12,OSK7WUZ0RT,LOT-2546,2026-02-16,
leaf-a06-r2:swp28,switch,A12,OSNN9ZZ0BE,LOT-2544,2026-02-16,
a12-ct10:mlx5_3,host,A12,OSWLGI7Y0I,LOT-2602,2026-02-16,
leaf-a06-r3:swp28,switch,A12,OS80ZK7I1W,LOT-2539,2026-02-16,
a12-ct11:mlx5_0,host,A12,OSS4KUMWQE,LOT-2539,2026-02-16,
leaf-a06-r0:swp29,switch,A12,OS38Z4QKYO,LOT-2548,2026-02-16,
a12-ct11:mlx5_1,host,A12,OSSWKM3NXC,LOT-2550,2026-02-16,
leaf-a06-r1:swp29,switch,A12,OSU9TPHQA1,LOT-2548,2026-02-16,
a12-ct11:mlx5_2,host,A12,OSCJ48019Q,LOT-2539,2026-02-16,
leaf-a06-r2:swp29,switch,A12,OS1FJMDWOX,LOT-2544,2026-02-16,
a12-ct11:mlx5_3,host,A12,OSA2LLVZS3,LOT-2548,2026-02-16,2026-06-12
leaf-a06-r3:swp29,switch,A12,OS8QYIW7YA,LOT-2539,2026-02-16,
a12-ct12:mlx5_0,host,A12,OS2NLGLZ3W,LOT-2605,2026-02-16,
leaf-a06-r0:swp30,switch,A12,OS7YW2AZBI,LOT-2544,2026-02-16,
a12-ct12:mlx5_1,host,A12,OS4DXNT0SE,LOT-2539,2026-02-16,
leaf-a06-r1:swp30,switch,A12,OSUT668TG0,LOT-2541,2026-02-16,
a12-ct12:mlx5_2,host,A12,OS6C8SFZI5,LOT-2550,2026-02-16,
leaf-a06-r2:swp30,switch,A12,OSZAKLGMQL,LOT-2544,2026-02-16,
a12-ct12:mlx5_3,host,A12,OSC7OVFECK,LOT-2539,2026-02-16,
leaf-a06-r3:swp30,switch,A12,OSXWUP901P,LOT-2546,2026-02-16,
a12-ct13:mlx5_0,host,A12,OSWRK3WZOH,LOT-2544,2026-02-16,
leaf-a06-r0:swp31,switch,A12,OSJH3J0N7Y,LOT-2541,2026-02-16,
a12-ct13:mlx5_1,host,A12,OS0MB0QST6,LOT-2539,2026-02-16,
leaf-a06-r1:swp31,switch,A12,OSA5S6BUFI,LOT-2539,2026-02-16,
a12-ct13:mlx5_2,host,A12,OSNV93QG41,LOT-2544,2026-02-16,
leaf-a06-r2:swp31,switch,A12,OSTMZ8BMQ9,LOT-2539,2026-02-16,
a12-ct13:mlx5_3,host,A12,OSLKYR9W6N,LOT-2602,2026-02-16,
leaf-a06-r3:swp31,switch,A12,OSQ5NHIE09,LOT-2548,2026-02-16,2026-08-10
a12-ct14:mlx5_0,host,A12,OS0QCX0B41,LOT-2550,2026-02-16,
leaf-a06-r0:swp32,switch,A12,OSE7DG5G6U,LOT-2541,2026-02-16,
a12-ct14:mlx5_1,host,A12,OS6K5Q063F,LOT-2605,2026-02-16,
leaf-a06-r1:swp32,switch,A12,OS1XH1TRMY,LOT-2605,2026-02-16,
a12-ct14:mlx5_2,host,A12,OS3FEFKH6W,LOT-2546,2026-02-16,
leaf-a06-r2:swp32,switch,A12,OSDL1JZXRQ,LOT-2550,2026-02-16,
a12-ct14:mlx5_3,host,A12,OS06XAOYPZ,LOT-2548,2026-02-16,
leaf-a06-r3:swp32,switch,A12,OSACXD0XVV,LOT-2602,2026-02-16,
a12-ct15:mlx5_0,host,A12,OSJP66GM8S,LOT-2544,2026-02-16,
leaf-a06-r0:swp33,switch,A12,OS8SCELM7M,LOT-2541,2026-02-16,
a12-ct15:mlx5_1,host,A12,OSMN8S3IV8,LOT-2541,2026-02-16,
leaf-a06-r1:swp33,switch,A12,OSSS8EQQP5,LOT-2605,2026-02-16,
a12-ct15:mlx5_2,host,A12,OS40BH983U,LOT-2541,2026-02-16,
leaf-a06-r2:swp33,switch,A12,OSG9L9M84Q,LOT-2541,2026-02-16,
a12-ct15:mlx5_3,host,A12,OSW86CK6D8,LOT-2605,2026-02-16,
leaf-a06-r3:swp33,switch,A12,OSWE5VCFVP,LOT-2546,2026-02-16,
a12-ct16:mlx5_0,host,A12,OSR19B02YQ,LOT-2539,2026-02-16,
leaf-a06-r0:swp34,switch,A12,OSCKOXLF0Z,LOT-2546,2026-02-16,
a12-ct16:mlx5_1,host,A12,OS5V73UWPJ,LOT-2548,2026-02-16,
leaf-a06-r1:swp34,switch,A12,OS972ZOBBN,LOT-2544,2026-02-16,
a12-ct16:mlx5_2,host,A12,OS4OXHIKOU,LOT-2550,2026-02-16,
leaf-a06-r2:swp34,switch,A12,OS8RLIM7DX,LOT-2546,2026-02-16,
a12-ct16:mlx5_3,host,A12,OSQZV7F7W4,LOT-2544,2026-02-16,
leaf-a06-r3:swp34,switch,A12,OSGV6OD51F,LOT-2544,2026-02-16,
a12-ct17:mlx5_0,host,A12,OS3B7V7O7X,LOT-2544,2026-02-16,
leaf-a06-r0:swp35,switch,A12,OSI4ZAEDDQ,LOT-2539,2026-02-16,
a12-ct17:mlx5_1,host,A12,OS9SPLALHO,LOT-2605,2026-02-16,
leaf-a06-r1:swp35,switch,A12,OS778TJJI7,LOT-2548,2026-02-16,
a12-ct17:mlx5_2,host,A12,OSVBE32Z4A,LOT-2541,2026-02-16,
leaf-a06-r2:swp35,switch,A12,OSNGU5OWJR,LOT-2602,2026-02-16,
a12-ct17:mlx5_3,host,A12,OS48FPZXQ3,LOT-2550,2026-02-16,
leaf-a06-r3:swp35,switch,A12,OSZWCM8OWV,LOT-2541,2026-02-16,
a12-ct18:mlx5_0,host,A12,OS9RXKVQD6,LOT-2548,2026-02-16,
leaf-a06-r0:swp36,switch,A12,OSMD1FCWFT,LOT-2548,2026-02-16,
a12-ct18:mlx5_1,host,A12,OSN7LAB9WV,LOT-2541,2026-02-16,
leaf-a06-r1:swp36,switch,A12,OSZSWM820S,LOT-2539,2026-02-16,
a12-ct18:mlx5_2,host,A12,OSOHLCBH9M,LOT-2539,2026-02-16,
leaf-a06-r2:swp36,switch,A12,OSCYM7U89E,LOT-2544,2026-02-16,
a12-ct18:mlx5_3,host,A12,OSOAX6T3Y5,LOT-2544,2026-02-16,
leaf-a06-r3:swp36,switch,A12,OSGWW5US80,LOT-2602,2026-02-16,
a13-ct01:mlx5_0,host,A13,OSMJJH3D72,LOT-2546,2026-02-16,
leaf-a07-r0:swp1,switch,A13,OSPFDA6WMA,LOT-2541,2026-02-16,
a13-ct01:mlx5_1,host,A13,OS2UIURKF0,LOT-2544,2026-02-16,
leaf-a07-r1:swp1,switch,A13,OSSSL93TVQ,LOT-2544,2026-02-16,
a13-ct01:mlx5_2,host,A13,OSODZDGJ71,LOT-2548,2026-02-16,
leaf-a07-r2:swp1,switch,A13,OSDN4OVXF7,LOT-2548,2026-02-16,
a13-ct01:mlx5_3,host,A13,OS40QQAL8X,LOT-2541,2026-02-16,
leaf-a07-r3:swp1,switch,A13,OS9DU7NQK7,LOT-2541,2026-02-16,
a13-ct02:mlx5_0,host,A13,OS05LTJUBV,LOT-2546,2026-02-16,
leaf-a07-r0:swp2,switch,A13,OSNMQEMZIF,LOT-2541,2026-02-16,
a13-ct02:mlx5_1,host,A13,OSARA5H7OM,LOT-2605,2026-02-16,
leaf-a07-r1:swp2,switch,A13,OSYMMXX33O,LOT-2546,2026-02-16,
a13-ct02:mlx5_2,host,A13,OS4ERFL2ZK,LOT-2541,2026-02-16,
leaf-a07-r2:swp2,switch,A13,OSAIPXTBMI,LOT-2539,2026-02-16,
a13-ct02:mlx5_3,host,A13,OSX2P82P0O,LOT-2541,2026-02-16,
leaf-a07-r3:swp2,switch,A13,OS9WKW9F4A,LOT-2546,2026-02-16,
a13-ct03:mlx5_0,host,A13,OSBM7PN14D,LOT-2546,2026-02-16,
leaf-a07-r0:swp3,switch,A13,OS0VNXTEBL,LOT-2546,2026-02-16,
a13-ct03:mlx5_1,host,A13,OSSACVUDKC,LOT-2550,2026-02-16,
leaf-a07-r1:swp3,switch,A13,OSGINPTZSD,LOT-2602,2026-02-16,
a13-ct03:mlx5_2,host,A13,OS6UKZ4ZNK,LOT-2544,2026-02-16,
leaf-a07-r2:swp3,switch,A13,OS2RZO80M2,LOT-2605,2026-02-16,
a13-ct03:mlx5_3,host,A13,OS9ESFE6I0,LOT-2541,2026-02-16,
leaf-a07-r3:swp3,switch,A13,OSEXLD8AU4,LOT-2546,2026-02-16,
a13-ct04:mlx5_0,host,A13,OSFETJWNV4,LOT-2544,2026-02-16,
leaf-a07-r0:swp4,switch,A13,OSB9STHZJ9,LOT-2541,2026-02-16,
a13-ct04:mlx5_1,host,A13,OS2LB5R4VG,LOT-2541,2026-02-16,
leaf-a07-r1:swp4,switch,A13,OSNHECFOLZ,LOT-2550,2026-02-16,
a13-ct04:mlx5_2,host,A13,OSK4QDBM4A,LOT-2605,2026-02-16,
leaf-a07-r2:swp4,switch,A13,OSDZQNJ8RA,LOT-2539,2026-02-16,
a13-ct04:mlx5_3,host,A13,OSLA0A4ZGJ,LOT-2602,2026-02-16,
leaf-a07-r3:swp4,switch,A13,OSN5TWH64E,LOT-2602,2026-02-16,
a13-ct05:mlx5_0,host,A13,OS7OJSLEH9,LOT-2539,2026-02-16,
leaf-a07-r0:swp5,switch,A13,OSKRPD447C,LOT-2548,2026-02-16,
a13-ct05:mlx5_1,host,A13,OSY4HNUWI1,LOT-2544,2026-02-16,
leaf-a07-r1:swp5,switch,A13,OS75HSEPEG,LOT-2539,2026-02-16,
a13-ct05:mlx5_2,host,A13,OSASR30DCH,LOT-2546,2026-02-16,
leaf-a07-r2:swp5,switch,A13,OSGSD4PAA9,LOT-2541,2026-02-16,
a13-ct05:mlx5_3,host,A13,OS3EMTXV79,LOT-2544,2026-02-16,
leaf-a07-r3:swp5,switch,A13,OSVZIGFDZ0,LOT-2548,2026-02-16,
a13-ct06:mlx5_0,host,A13,OSXX24ANS8,LOT-2541,2026-02-16,
leaf-a07-r0:swp6,switch,A13,OS54RG8OJC,LOT-2602,2026-02-16,
a13-ct06:mlx5_1,host,A13,OSB83SB62I,LOT-2541,2026-02-16,
leaf-a07-r1:swp6,switch,A13,OS4FZ1OKSH,LOT-2544,2026-02-16,2026-04-13
a13-ct06:mlx5_2,host,A13,OS5N06V7QE,LOT-2544,2026-02-16,
leaf-a07-r2:swp6,switch,A13,OS8A3YT9N6,LOT-2550,2026-02-16,
a13-ct06:mlx5_3,host,A13,OS230R9E5E,LOT-2605,2026-02-16,
leaf-a07-r3:swp6,switch,A13,OS7YHYO4O8,LOT-2544,2026-02-16,
a13-ct07:mlx5_0,host,A13,OSVG5PHQ9V,LOT-2544,2026-02-16,
leaf-a07-r0:swp7,switch,A13,OSICGVONHG,LOT-2548,2026-02-16,
a13-ct07:mlx5_1,host,A13,OSY9UL2UEC,LOT-2541,2026-02-16,
leaf-a07-r1:swp7,switch,A13,OSAHKT29TM,LOT-2539,2026-02-16,
a13-ct07:mlx5_2,host,A13,OSI3M5BFRL,LOT-2550,2026-02-16,
leaf-a07-r2:swp7,switch,A13,OSBJ551348,LOT-2602,2026-02-16,
a13-ct07:mlx5_3,host,A13,OS7VWR9S9C,LOT-2539,2026-02-16,
leaf-a07-r3:swp7,switch,A13,OSNGM1NJ3N,LOT-2546,2026-02-16,
a13-ct08:mlx5_0,host,A13,OSONGABU6E,LOT-2548,2026-02-16,
leaf-a07-r0:swp8,switch,A13,OS8JT7A7ZR,LOT-2539,2026-02-16,
a13-ct08:mlx5_1,host,A13,OSZDPZLFYB,LOT-2602,2026-02-16,
leaf-a07-r1:swp8,switch,A13,OSW44CUARJ,LOT-2602,2026-02-16,
a13-ct08:mlx5_2,host,A13,OSBTGK31M7,LOT-2605,2026-02-16,
leaf-a07-r2:swp8,switch,A13,OSMUH8O7WL,LOT-2544,2026-02-16,
a13-ct08:mlx5_3,host,A13,OSQLEA8DL4,LOT-2548,2026-02-16,
leaf-a07-r3:swp8,switch,A13,OSERBFME66,LOT-2541,2026-02-16,
a13-ct09:mlx5_0,host,A13,OS2M4TEX37,LOT-2539,2026-02-16,
leaf-a07-r0:swp9,switch,A13,OSGBQ07FZI,LOT-2539,2026-02-16,
a13-ct09:mlx5_1,host,A13,OSECK0Q34E,LOT-2541,2026-02-16,
leaf-a07-r1:swp9,switch,A13,OS3SP11DG4,LOT-2602,2026-02-16,
a13-ct09:mlx5_2,host,A13,OSKPD3B2YO,LOT-2605,2026-02-16,
leaf-a07-r2:swp9,switch,A13,OS005F2OO2,LOT-2539,2026-02-16,
a13-ct09:mlx5_3,host,A13,OS5VZRPM5Y,LOT-2605,2026-02-16,
leaf-a07-r3:swp9,switch,A13,OSF3L33O2V,LOT-2548,2026-02-16,
a13-ct10:mlx5_0,host,A13,OSOB37FW2Q,LOT-2541,2026-02-16,
leaf-a07-r0:swp10,switch,A13,OS8SJUFJB9,LOT-2548,2026-02-16,
a13-ct10:mlx5_1,host,A13,OS8EQLX3OJ,LOT-2544,2026-02-16,
leaf-a07-r1:swp10,switch,A13,OS8G4RH7GW,LOT-2541,2026-02-16,
a13-ct10:mlx5_2,host,A13,OSD3PE8XCZ,LOT-2544,2026-02-16,
leaf-a07-r2:swp10,switch,A13,OS5SGWP4Q3,LOT-2550,2026-02-16,
a13-ct10:mlx5_3,host,A13,OSS4F8V8VR,LOT-2541,2026-02-16,
leaf-a07-r3:swp10,switch,A13,OSAAI5CD77,LOT-2602,2026-02-16,
a13-ct11:mlx5_0,host,A13,OSL0GK0YYK,LOT-2541,2026-02-16,
leaf-a07-r0:swp11,switch,A13,OSVCYGQF48,LOT-2539,2026-02-16,
a13-ct11:mlx5_1,host,A13,OSO5SMSTVV,LOT-2548,2026-02-16,
leaf-a07-r1:swp11,switch,A13,OSZQUDSAF4,LOT-2550,2026-02-16,
a13-ct11:mlx5_2,host,A13,OSOEKZXI68,LOT-2541,2026-02-16,
leaf-a07-r2:swp11,switch,A13,OS86HOCXPR,LOT-2541,2026-02-16,
a13-ct11:mlx5_3,host,A13,OSK2EO37AP,LOT-2541,2026-02-16,
leaf-a07-r3:swp11,switch,A13,OS4Z9LTLB5,LOT-2602,2026-02-16,
a13-ct12:mlx5_0,host,A13,OSZICD11QD,LOT-2605,2026-02-16,
leaf-a07-r0:swp12,switch,A13,OSJRZ76VTY,LOT-2602,2026-02-16,
a13-ct12:mlx5_1,host,A13,OS1Z6CNW04,LOT-2546,2026-02-16,
leaf-a07-r1:swp12,switch,A13,OSC1P60865,LOT-2539,2026-02-16,
a13-ct12:mlx5_2,host,A13,OSUJNSH275,LOT-2539,2026-02-16,
leaf-a07-r2:swp12,switch,A13,OS53YIQGKM,LOT-2550,2026-02-16,
a13-ct12:mlx5_3,host,A13,OSPSUYUVBL,LOT-2539,2026-02-16,
leaf-a07-r3:swp12,switch,A13,OSZP286A5B,LOT-2548,2026-02-16,
a13-ct13:mlx5_0,host,A13,OSJ5OVCR6N,LOT-2546,2026-02-16,
leaf-a07-r0:swp13,switch,A13,OSJA61C6G4,LOT-2550,2026-02-16,
a13-ct13:mlx5_1,host,A13,OS9LB534YG,LOT-2544,2026-02-16,
leaf-a07-r1:swp13,switch,A13,OS94C4HRVK,LOT-2602,2026-02-16,
a13-ct13:mlx5_2,host,A13,OSJSPZZ6HY,LOT-2605,2026-02-16,
leaf-a07-r2:swp13,switch,A13,OSLBGOB4M1,LOT-2539,2026-02-16,
a13-ct13:mlx5_3,host,A13,OSHN7X3R1X,LOT-2541,2026-02-16,
leaf-a07-r3:swp13,switch,A13,OSBVM6X86Q,LOT-2541,2026-02-16,
a13-ct14:mlx5_0,host,A13,OSQFUK7X3Z,LOT-2539,2026-02-16,
leaf-a07-r0:swp14,switch,A13,OSML0N4IR2,LOT-2541,2026-02-16,
a13-ct14:mlx5_1,host,A13,OS3NH7ZDTE,LOT-2605,2026-02-16,
leaf-a07-r1:swp14,switch,A13,OS8MC0QVXL,LOT-2544,2026-02-16,
a13-ct14:mlx5_2,host,A13,OSXP7NU2GU,LOT-2548,2026-02-16,
leaf-a07-r2:swp14,switch,A13,OS4WYKOWNF,LOT-2550,2026-02-16,
a13-ct14:mlx5_3,host,A13,OSEJ4WOURC,LOT-2548,2026-02-16,
leaf-a07-r3:swp14,switch,A13,OSERWNO9CJ,LOT-2541,2026-02-16,
a13-ct15:mlx5_0,host,A13,OSDTLC6NRQ,LOT-2539,2026-02-16,
leaf-a07-r0:swp15,switch,A13,OSWP3FPO4O,LOT-2539,2026-02-16,
a13-ct15:mlx5_1,host,A13,OSLPY5O9DD,LOT-2548,2026-02-16,
leaf-a07-r1:swp15,switch,A13,OSKZ69BR69,LOT-2541,2026-02-16,
a13-ct15:mlx5_2,host,A13,OSQDKQ6HAN,LOT-2539,2026-02-16,
leaf-a07-r2:swp15,switch,A13,OSYSTWGK9L,LOT-2602,2026-02-16,
a13-ct15:mlx5_3,host,A13,OS81NSRP98,LOT-2544,2026-02-16,
leaf-a07-r3:swp15,switch,A13,OSLTN6RO4E,LOT-2602,2026-02-16,
a13-ct16:mlx5_0,host,A13,OSFU7F7C88,LOT-2541,2026-02-16,
leaf-a07-r0:swp16,switch,A13,OSUAFM5FFE,LOT-2544,2026-02-16,
a13-ct16:mlx5_1,host,A13,OSFMA2DZX6,LOT-2539,2026-02-16,
leaf-a07-r1:swp16,switch,A13,OSPV83XSX5,LOT-2539,2026-02-16,
a13-ct16:mlx5_2,host,A13,OSY5IOSJQO,LOT-2548,2026-02-16,
leaf-a07-r2:swp16,switch,A13,OS2JHFSDX3,LOT-2605,2026-02-16,
a13-ct16:mlx5_3,host,A13,OSXFVMFDNT,LOT-2544,2026-02-16,2026-04-24
leaf-a07-r3:swp16,switch,A13,OSGIUGVCKH,LOT-2544,2026-02-16,
a13-ct17:mlx5_0,host,A13,OSYIZ0P0YE,LOT-2539,2026-02-16,
leaf-a07-r0:swp17,switch,A13,OSGUQTX9Q9,LOT-2548,2026-02-16,
a13-ct17:mlx5_1,host,A13,OSSKE7GDWH,LOT-2605,2026-02-16,
leaf-a07-r1:swp17,switch,A13,OSFYK6BOR3,LOT-2544,2026-02-16,
a13-ct17:mlx5_2,host,A13,OSUXRSY2OA,LOT-2544,2026-02-16,
leaf-a07-r2:swp17,switch,A13,OS5HGX72OH,LOT-2539,2026-02-16,
a13-ct17:mlx5_3,host,A13,OS0KPHCHOL,LOT-2541,2026-02-16,
leaf-a07-r3:swp17,switch,A13,OS7HVGDMCS,LOT-2548,2026-02-16,
a13-ct18:mlx5_0,host,A13,OSGGY2BKGQ,LOT-2544,2026-02-16,2026-03-14
leaf-a07-r0:swp18,switch,A13,OSXO06DWI3,LOT-2541,2026-02-16,
a13-ct18:mlx5_1,host,A13,OS50QDLDN9,LOT-2544,2026-02-16,
leaf-a07-r1:swp18,switch,A13,OS31UUZOWZ,LOT-2550,2026-02-16,
a13-ct18:mlx5_2,host,A13,OSFEVK9BRF,LOT-2602,2026-02-16,
leaf-a07-r2:swp18,switch,A13,OSO4I2KBWC,LOT-2541,2026-02-16,
a13-ct18:mlx5_3,host,A13,OSXUMG5DIY,LOT-2539,2026-02-16,
leaf-a07-r3:swp18,switch,A13,OSE3IBK30L,LOT-2548,2026-02-16,
a14-ct01:mlx5_0,host,A14,OSHI7VUHV0,LOT-2602,2026-02-16,
leaf-a07-r0:swp19,switch,A14,OS9AZQEIIS,LOT-2544,2026-02-16,
a14-ct01:mlx5_1,host,A14,OSEBPBT3DW,LOT-2539,2026-02-16,
leaf-a07-r1:swp19,switch,A14,OSTVRVBJ4M,LOT-2605,2026-02-16,
a14-ct01:mlx5_2,host,A14,OS113G3L3S,LOT-2539,2026-02-16,
leaf-a07-r2:swp19,switch,A14,OSJQ1TTWAQ,LOT-2539,2026-02-16,
a14-ct01:mlx5_3,host,A14,OSG04PWV31,LOT-2544,2026-02-16,
leaf-a07-r3:swp19,switch,A14,OSGTUUK1PK,LOT-2550,2026-02-16,
a14-ct02:mlx5_0,host,A14,OS76TGBL76,LOT-2605,2026-02-16,
leaf-a07-r0:swp20,switch,A14,OSYEUB3XTU,LOT-2546,2026-02-16,
a14-ct02:mlx5_1,host,A14,OSR1WGOCMG,LOT-2539,2026-02-16,
leaf-a07-r1:swp20,switch,A14,OS25ALBCSG,LOT-2544,2026-02-16,2026-04-01
a14-ct02:mlx5_2,host,A14,OSQHLVLSUV,LOT-2550,2026-02-16,
leaf-a07-r2:swp20,switch,A14,OSO35EUYGU,LOT-2541,2026-02-16,
a14-ct02:mlx5_3,host,A14,OSBQ6Q35W4,LOT-2546,2026-02-16,
leaf-a07-r3:swp20,switch,A14,OSRJFAQCLO,LOT-2548,2026-02-16,
a14-ct03:mlx5_0,host,A14,OSFLS0EJI4,LOT-2546,2026-02-16,
leaf-a07-r0:swp21,switch,A14,OSZY3MWDEC,LOT-2550,2026-02-16,
a14-ct03:mlx5_1,host,A14,OSFJO4J2UC,LOT-2605,2026-02-16,
leaf-a07-r1:swp21,switch,A14,OSL8DCGCD8,LOT-2602,2026-02-16,
a14-ct03:mlx5_2,host,A14,OSF9RK79SE,LOT-2546,2026-02-16,
leaf-a07-r2:swp21,switch,A14,OS89M68PS2,LOT-2550,2026-02-16,
a14-ct03:mlx5_3,host,A14,OS3FWFPD4O,LOT-2550,2026-02-16,
leaf-a07-r3:swp21,switch,A14,OST07O46WV,LOT-2539,2026-02-16,
a14-ct04:mlx5_0,host,A14,OSVQ7BXLHU,LOT-2605,2026-02-16,
leaf-a07-r0:swp22,switch,A14,OSGWEFU4DZ,LOT-2546,2026-02-16,
a14-ct04:mlx5_1,host,A14,OSGVSKSGYA,LOT-2548,2026-02-16,
leaf-a07-r1:swp22,switch,A14,OSSQO8V6NB,LOT-2605,2026-02-16,
a14-ct04:mlx5_2,host,A14,OSZ6P3AO8Z,LOT-2544,2026-02-16,
leaf-a07-r2:swp22,switch,A14,OS4NAEZMUT,LOT-2550,2026-02-16,
a14-ct04:mlx5_3,host,A14,OS3G97E5LM,LOT-2544,2026-02-16,
leaf-a07-r3:swp22,switch,A14,OSCN8ICIQY,LOT-2541,2026-02-16,
a14-ct05:mlx5_0,host,A14,OSI1L4SNUL,LOT-2539,2026-02-16,
leaf-a07-r0:swp23,switch,A14,OSM4ZIYR81,LOT-2550,2026-02-16,
a14-ct05:mlx5_1,host,A14,OSTJ140USW,LOT-2539,2026-02-16,
leaf-a07-r1:swp23,switch,A14,OS7QUD5D9O,LOT-2539,2026-02-16,
a14-ct05:mlx5_2,host,A14,OSUWTV7JWQ,LOT-2541,2026-02-16,
leaf-a07-r2:swp23,switch,A14,OSPYAXO0NN,LOT-2541,2026-02-16,
a14-ct05:mlx5_3,host,A14,OS7FW6GZ4M,LOT-2544,2026-02-16,
leaf-a07-r3:swp23,switch,A14,OSDJV4IQE2,LOT-2541,2026-02-16,
a14-ct06:mlx5_0,host,A14,OSRC16SBUC,LOT-2544,2026-02-16,
leaf-a07-r0:swp24,switch,A14,OSIOR3TT0K,LOT-2602,2026-02-16,
a14-ct06:mlx5_1,host,A14,OS9K4X17QG,LOT-2544,2026-02-16,
leaf-a07-r1:swp24,switch,A14,OS32JG25DF,LOT-2541,2026-02-16,
a14-ct06:mlx5_2,host,A14,OSZZSEXSJB,LOT-2602,2026-02-16,
leaf-a07-r2:swp24,switch,A14,OSL8KXNDUK,LOT-2605,2026-02-16,
a14-ct06:mlx5_3,host,A14,OS6UT8G2OI,LOT-2605,2026-02-16,
leaf-a07-r3:swp24,switch,A14,OSVW05WV0J,LOT-2544,2026-02-16,
a14-ct07:mlx5_0,host,A14,OSDWL6SOP0,LOT-2605,2026-02-16,
leaf-a07-r0:swp25,switch,A14,OS7RHIIZBP,LOT-2602,2026-02-16,
a14-ct07:mlx5_1,host,A14,OSVAP4YUO6,LOT-2546,2026-02-16,
leaf-a07-r1:swp25,switch,A14,OSBG56WV5S,LOT-2544,2026-02-16,
a14-ct07:mlx5_2,host,A14,OSD2PFHELE,LOT-2544,2026-02-16,
leaf-a07-r2:swp25,switch,A14,OS24D0444B,LOT-2546,2026-02-16,
a14-ct07:mlx5_3,host,A14,OS6FDKR77W,LOT-2605,2026-02-16,
leaf-a07-r3:swp25,switch,A14,OSR1AA6WP1,LOT-2548,2026-02-16,
a14-ct08:mlx5_0,host,A14,OSTYOR9NL9,LOT-2541,2026-02-16,
leaf-a07-r0:swp26,switch,A14,OS2DSTVNA2,LOT-2539,2026-02-16,
a14-ct08:mlx5_1,host,A14,OS3NAGH38K,LOT-2546,2026-02-16,
leaf-a07-r1:swp26,switch,A14,OSR77IBOWM,LOT-2539,2026-02-16,
a14-ct08:mlx5_2,host,A14,OS1REG3S9F,LOT-2539,2026-02-16,
leaf-a07-r2:swp26,switch,A14,OSXQOQ2H3V,LOT-2546,2026-02-16,
a14-ct08:mlx5_3,host,A14,OSA0W0ID1B,LOT-2546,2026-02-16,
leaf-a07-r3:swp26,switch,A14,OS2KWJ9M3S,LOT-2546,2026-02-16,
a14-ct09:mlx5_0,host,A14,OSKMDU4A21,LOT-2605,2026-02-16,
leaf-a07-r0:swp27,switch,A14,OSPV1TSV7C,LOT-2539,2026-02-16,
a14-ct09:mlx5_1,host,A14,OS3RWLV03C,LOT-2602,2026-02-16,
leaf-a07-r1:swp27,switch,A14,OSHOSO7TC8,LOT-2602,2026-02-16,
a14-ct09:mlx5_2,host,A14,OSCE4CXUA9,LOT-2602,2026-02-16,
leaf-a07-r2:swp27,switch,A14,OSHFAKIVIG,LOT-2544,2026-02-16,
a14-ct09:mlx5_3,host,A14,OSV9DSRZ3N,LOT-2541,2026-02-16,
leaf-a07-r3:swp27,switch,A14,OS8LKVBX5Z,LOT-2541,2026-02-16,
a14-ct10:mlx5_0,host,A14,OSF3S94P40,LOT-2550,2026-02-16,
leaf-a07-r0:swp28,switch,A14,OS0C1JPIW1,LOT-2546,2026-02-16,
a14-ct10:mlx5_1,host,A14,OS2RF0TEM0,LOT-2602,2026-02-16,
leaf-a07-r1:swp28,switch,A14,OSAKBBO7N6,LOT-2602,2026-02-16,
a14-ct10:mlx5_2,host,A14,OSVEZ0LG66,LOT-2546,2026-02-16,
leaf-a07-r2:swp28,switch,A14,OS826HADT9,LOT-2539,2026-02-16,
a14-ct10:mlx5_3,host,A14,OS0K72FZIR,LOT-2541,2026-02-16,
leaf-a07-r3:swp28,switch,A14,OSPQYJK5PG,LOT-2548,2026-02-16,
a14-ct11:mlx5_0,host,A14,OS63AMKS5W,LOT-2546,2026-02-16,
leaf-a07-r0:swp29,switch,A14,OS1X7D8H2Z,LOT-2544,2026-02-16,
a14-ct11:mlx5_1,host,A14,OS875OLEYI,LOT-2548,2026-02-16,
leaf-a07-r1:swp29,switch,A14,OSNAL5PVAM,LOT-2541,2026-02-16,
a14-ct11:mlx5_2,host,A14,OSH20UMQNI,LOT-2546,2026-02-16,2026-03-31
leaf-a07-r2:swp29,switch,A14,OSILYQ7LXI,LOT-2544,2026-02-16,
a14-ct11:mlx5_3,host,A14,OS5QJ6BWH0,LOT-2546,2026-02-16,
leaf-a07-r3:swp29,switch,A14,OSG0CRV1CZ,LOT-2546,2026-02-16,
a14-ct12:mlx5_0,host,A14,OSQJNLSD7A,LOT-2539,2026-02-16,
leaf-a07-r0:swp30,switch,A14,OSWWXFC0BK,LOT-2546,2026-02-16,
a14-ct12:mlx5_1,host,A14,OSAQM82TAB,LOT-2546,2026-02-16,
leaf-a07-r1:swp30,switch,A14,OSNIQO4W56,LOT-2539,2026-02-16,
a14-ct12:mlx5_2,host,A14,OSHANH4EBZ,LOT-2550,2026-02-16,
leaf-a07-r2:swp30,switch,A14,OSP1ZDDI62,LOT-2544,2026-02-16,
a14-ct12:mlx5_3,host,A14,OSSJIH3E0L,LOT-2602,2026-02-16,
leaf-a07-r3:swp30,switch,A14,OSGBUH1ED6,LOT-2539,2026-02-16,
a14-ct13:mlx5_0,host,A14,OSSCYS5PBI,LOT-2602,2026-02-16,
leaf-a07-r0:swp31,switch,A14,OSO6U3M0VB,LOT-2541,2026-02-16,
a14-ct13:mlx5_1,host,A14,OSOOZQARTT,LOT-2546,2026-02-16,
leaf-a07-r1:swp31,switch,A14,OSYM7ZYUFB,LOT-2548,2026-02-16,
a14-ct13:mlx5_2,host,A14,OSQCZAX741,LOT-2548,2026-02-16,
leaf-a07-r2:swp31,switch,A14,OSE9OUAUAA,LOT-2605,2026-02-16,
a14-ct13:mlx5_3,host,A14,OS7O1XZKJU,LOT-2548,2026-02-16,
leaf-a07-r3:swp31,switch,A14,OS9JN5474N,LOT-2541,2026-02-16,
a14-ct14:mlx5_0,host,A14,OS5DS7JQL6,LOT-2605,2026-02-16,
leaf-a07-r0:swp32,switch,A14,OSBIV87QDC,LOT-2544,2026-02-16,
a14-ct14:mlx5_1,host,A14,OSDP0NSQDT,LOT-2541,2026-02-16,
leaf-a07-r1:swp32,switch,A14,OSLYYR9DBT,LOT-2539,2026-02-16,
a14-ct14:mlx5_2,host,A14,OSKDXU5JQO,LOT-2546,2026-02-16,
leaf-a07-r2:swp32,switch,A14,OSRQBQS8QO,LOT-2544,2026-02-16,
a14-ct14:mlx5_3,host,A14,OSLFGZALY8,LOT-2546,2026-02-16,
leaf-a07-r3:swp32,switch,A14,OSWU23FR03,LOT-2550,2026-02-16,
a14-ct15:mlx5_0,host,A14,OSOBKEFMV5,LOT-2602,2026-02-16,
leaf-a07-r0:swp33,switch,A14,OSXWGRX244,LOT-2541,2026-02-16,
a14-ct15:mlx5_1,host,A14,OSO7NQ7Q7E,LOT-2544,2026-02-16,
leaf-a07-r1:swp33,switch,A14,OSKL7DWO91,LOT-2602,2026-02-16,
a14-ct15:mlx5_2,host,A14,OS33Z6S9RS,LOT-2539,2026-02-16,
leaf-a07-r2:swp33,switch,A14,OSB51NG85D,LOT-2544,2026-02-16,
a14-ct15:mlx5_3,host,A14,OS4A2IKVDW,LOT-2539,2026-02-16,
leaf-a07-r3:swp33,switch,A14,OSHMCS4ASA,LOT-2541,2026-02-16,
a14-ct16:mlx5_0,host,A14,OS1X45Z45T,LOT-2546,2026-02-16,
leaf-a07-r0:swp34,switch,A14,OSZ10XIF4M,LOT-2546,2026-02-16,
a14-ct16:mlx5_1,host,A14,OS6CA4Z8BA,LOT-2605,2026-02-16,
leaf-a07-r1:swp34,switch,A14,OS57EVTDM2,LOT-2539,2026-02-16,
a14-ct16:mlx5_2,host,A14,OSDP9C9RPE,LOT-2544,2026-02-16,
leaf-a07-r2:swp34,switch,A14,OSHH5Y9V0L,LOT-2539,2026-02-16,
a14-ct16:mlx5_3,host,A14,OSA87QI3HY,LOT-2544,2026-02-16,2026-06-26
leaf-a07-r3:swp34,switch,A14,OSBTCSNLQ0,LOT-2602,2026-02-16,
a14-ct17:mlx5_0,host,A14,OSDOPY5U14,LOT-2546,2026-02-16,
leaf-a07-r0:swp35,switch,A14,OS04WT56KJ,LOT-2548,2026-02-16,
a14-ct17:mlx5_1,host,A14,OSRTH3DXAC,LOT-2539,2026-02-16,
leaf-a07-r1:swp35,switch,A14,OSQF99Z6CD,LOT-2539,2026-02-16,
a14-ct17:mlx5_2,host,A14,OSP9GTG2ME,LOT-2541,2026-02-16,
leaf-a07-r2:swp35,switch,A14,OSCHBU2CNT,LOT-2550,2026-02-16,
a14-ct17:mlx5_3,host,A14,OSA2I6LWZO,LOT-2539,2026-02-16,
leaf-a07-r3:swp35,switch,A14,OS9EM7O14N,LOT-2539,2026-02-16,
a14-ct18:mlx5_0,host,A14,OSOLKPZ4XY,LOT-2548,2026-02-16,
leaf-a07-r0:swp36,switch,A14,OSVTLFUSAA,LOT-2541,2026-02-16,
a14-ct18:mlx5_1,host,A14,OSVI3PF8XV,LOT-2550,2026-02-16,
leaf-a07-r1:swp36,switch,A14,OSFV1PW1TX,LOT-2550,2026-02-16,
a14-ct18:mlx5_2,host,A14,OSIAF1VF0Q,LOT-2605,2026-02-16,
leaf-a07-r2:swp36,switch,A14,OSTNMK6K5S,LOT-2548,2026-02-16,
a14-ct18:mlx5_3,host,A14,OSWMF3JG8F,LOT-2541,2026-02-16,
leaf-a07-r3:swp36,switch,A14,OSZZJRDSPY,LOT-2546,2026-02-16,
a15-ct01:mlx5_0,host,A15,OS62ALVCWP,LOT-2548,2026-02-16,
leaf-a08-r0:swp1,switch,A15,OS9VNWEPSG,LOT-2605,2026-02-16,
a15-ct01:mlx5_1,host,A15,OSFQ8Z1MEO,LOT-2546,2026-02-16,
leaf-a08-r1:swp1,switch,A15,OSU0KHG9VQ,LOT-2548,2026-02-16,
a15-ct01:mlx5_2,host,A15,OS45YDZXQC,LOT-2548,2026-02-16,
leaf-a08-r2:swp1,switch,A15,OSZ1QOX33L,LOT-2550,2026-02-16,
a15-ct01:mlx5_3,host,A15,OS82F9QWOF,LOT-2546,2026-02-16,
leaf-a08-r3:swp1,switch,A15,OSNWPJDJ9S,LOT-2539,2026-02-16,
a15-ct02:mlx5_0,host,A15,OSLD6QZPJ3,LOT-2539,2026-02-16,
leaf-a08-r0:swp2,switch,A15,OS93LXNANV,LOT-2544,2026-02-16,
a15-ct02:mlx5_1,host,A15,OSXQCBEN92,LOT-2548,2026-02-16,
leaf-a08-r1:swp2,switch,A15,OSQ6Z01N4M,LOT-2539,2026-02-16,
a15-ct02:mlx5_2,host,A15,OSTIGT3PVW,LOT-2544,2026-02-16,
leaf-a08-r2:swp2,switch,A15,OS7PMAL30X,LOT-2546,2026-02-16,
a15-ct02:mlx5_3,host,A15,OS4WTTH05X,LOT-2541,2026-02-16,
leaf-a08-r3:swp2,switch,A15,OSOI5UJQN4,LOT-2541,2026-02-16,
a15-ct03:mlx5_0,host,A15,OSXD0WWJ7F,LOT-2541,2026-02-16,
leaf-a08-r0:swp3,switch,A15,OS4NRQMISQ,LOT-2548,2026-02-16,
a15-ct03:mlx5_1,host,A15,OSS83AJMX7,LOT-2605,2026-02-16,
leaf-a08-r1:swp3,switch,A15,OSUU4OR9U5,LOT-2546,2026-02-16,
a15-ct03:mlx5_2,host,A15,OSFSIW36AH,LOT-2550,2026-02-16,
leaf-a08-r2:swp3,switch,A15,OSR95UC0Q6,LOT-2541,2026-02-16,
a15-ct03:mlx5_3,host,A15,OSG50Q8HY2,LOT-2550,2026-02-16,
leaf-a08-r3:swp3,switch,A15,OSWLJF0SOL,LOT-2546,2026-02-16,
a15-ct04:mlx5_0,host,A15,OSJIGT0V62,LOT-2546,2026-02-16,
leaf-a08-r0:swp4,switch,A15,OSW7NM66F2,LOT-2605,2026-02-16,
a15-ct04:mlx5_1,host,A15,OS2CWD28KW,LOT-2541,2026-02-16,
leaf-a08-r1:swp4,switch,A15,OSBRD3WZ65,LOT-2541,2026-02-16,
a15-ct04:mlx5_2,host,A15,OS5TR337KS,LOT-2539,2026-02-16,
leaf-a08-r2:swp4,switch,A15,OS2GHOVI5F,LOT-2602,2026-02-16,
a15-ct04:mlx5_3,host,A15,OSI47XNWA1,LOT-2605,2026-02-16,
leaf-a08-r3:swp4,switch,A15,OSDUKQNN7Y,LOT-2541,2026-02-16,
a15-ct05:mlx5_0,host,A15,OSB6TNMSCF,LOT-2546,2026-02-16,
leaf-a08-r0:swp5,switch,A15,OSA5D1WYCZ,LOT-2546,2026-02-16,
a15-ct05:mlx5_1,host,A15,OSM5WVM8JU,LOT-2541,2026-02-16,
leaf-a08-r1:swp5,switch,A15,OSH32DAH6T,LOT-2541,2026-02-16,
a15-ct05:mlx5_2,host,A15,OSXJ2MEEQ0,LOT-2546,2026-02-16,
leaf-a08-r2:swp5,switch,A15,OSQ71GA2P0,LOT-2605,2026-02-16,2026-07-28
a15-ct05:mlx5_3,host,A15,OS79MW7CLF,LOT-2550,2026-02-16,
leaf-a08-r3:swp5,switch,A15,OSH756FU75,LOT-2550,2026-02-16,
a15-ct06:mlx5_0,host,A15,OS5PBNT6JY,LOT-2550,2026-02-16,
leaf-a08-r0:swp6,switch,A15,OS3JBYDCA8,LOT-2539,2026-02-16,
a15-ct06:mlx5_1,host,A15,OSZV7C9R2Y,LOT-2541,2026-02-16,
leaf-a08-r1:swp6,switch,A15,OS3XMLBO10,LOT-2602,2026-02-16,
a15-ct06:mlx5_2,host,A15,OS1KSXAAY4,LOT-2550,2026-02-16,
leaf-a08-r2:swp6,switch,A15,OSRSRPR3U0,LOT-2539,2026-02-16,
a15-ct06:mlx5_3,host,A15,OS7UYMRAT3,LOT-2605,2026-02-16,
leaf-a08-r3:swp6,switch,A15,OSY8LAVFG4,LOT-2550,2026-02-16,
a15-ct07:mlx5_0,host,A15,OSBD5847I8,LOT-2544,2026-02-16,
leaf-a08-r0:swp7,switch,A15,OS3PH619BN,LOT-2539,2026-02-16,
a15-ct07:mlx5_1,host,A15,OS7YWUBINW,LOT-2539,2026-02-16,
leaf-a08-r1:swp7,switch,A15,OSK216UXWW,LOT-2602,2026-02-16,
a15-ct07:mlx5_2,host,A15,OSBTCI3F96,LOT-2605,2026-02-16,
leaf-a08-r2:swp7,switch,A15,OSJE8HGPPC,LOT-2550,2026-02-16,
a15-ct07:mlx5_3,host,A15,OS3WOMLZNB,LOT-2544,2026-02-16,
leaf-a08-r3:swp7,switch,A15,OSKRTFNRTK,LOT-2602,2026-02-16,
a15-ct08:mlx5_0,host,A15,OS94I8WBT8,LOT-2550,2026-02-16,
leaf-a08-r0:swp8,switch,A15,OSBDVJFHU3,LOT-2544,2026-02-16,2026-07-31
a15-ct08:mlx5_1,host,A15,OSP1I7JDCH,LOT-2546,2026-02-16,
leaf-a08-r1:swp8,switch,A15,OSSJ04CK9Y,LOT-2546,2026-02-16,
a15-ct08:mlx5_2,host,A15,OS4FW8IZW9,LOT-2541,2026-02-16,
leaf-a08-r2:swp8,switch,A15,OS0H3CPMOT,LOT-2539,2026-02-16,
a15-ct08:mlx5_3,host,A15,OSLCNAZYDJ,LOT-2550,2026-02-16,
leaf-a08-r3:swp8,switch,A15,OSHEG0GG4U,LOT-2544,2026-02-16,
a15-ct09:mlx5_0,host,A15,OSY0SQODPF,LOT-2546,2026-02-16,
leaf-a08-r0:swp9,switch,A15,OS5Y66SD0K,LOT-2539,2026-02-16,
a15-ct09:mlx5_1,host,A15,OSOFUCDYO4,LOT-2546,2026-02-16,
leaf-a08-r1:swp9,switch,A15,OS9FHJJEEY,LOT-2550,2026-02-16,
a15-ct09:mlx5_2,host,A15,OS2D2SFA1J,LOT-2602,2026-02-16,
leaf-a08-r2:swp9,switch,A15,OSEK5T3HU1,LOT-2546,2026-02-16,
a15-ct09:mlx5_3,host,A15,OSQXSGHE62,LOT-2548,2026-02-16,
leaf-a08-r3:swp9,switch,A15,OS2W89DDD5,LOT-2605,2026-02-16,
a15-ct10:mlx5_0,host,A15,OSYWP32D7K,LOT-2544,2026-02-16,
leaf-a08-r0:swp10,switch,A15,OSY9W8ETNC,LOT-2605,2026-02-16,
a15-ct10:mlx5_1,host,A15,OS4T3HQ2Q1,LOT-2541,2026-02-16,
leaf-a08-r1:swp10,switch,A15,OS5CB1SAEA,LOT-2539,2026-02-16,
a15-ct10:mlx5_2,host,A15,OSC1P6ZX5A,LOT-2539,2026-02-16,
leaf-a08-r2:swp10,switch,A15,OS2QY27P0R,LOT-2546,2026-02-16,
a15-ct10:mlx5_3,host,A15,OSBRCRP2RF,LOT-2541,2026-02-16,
leaf-a08-r3:swp10,switch,A15,OSZZ962RBV,LOT-2539,2026-02-16,
a15-ct11:mlx5_0,host,A15,OSTGH4YFF4,LOT-2544,2026-02-16,
leaf-a08-r0:swp11,switch,A15,OS8KW8S1JU,LOT-2544,2026-02-16,
a15-ct11:mlx5_1,host,A15,OSRR1NGASQ,LOT-2539,2026-02-16,
leaf-a08-r1:swp11,switch,A15,OSD8CJEO5K,LOT-2539,2026-02-16,
a15-ct11:mlx5_2,host,A15,OSNALZQGY2,LOT-2546,2026-02-16,
leaf-a08-r2:swp11,switch,A15,OSVEBBTJL1,LOT-2546,2026-02-16,
a15-ct11:mlx5_3,host,A15,OSZATKR9G6,LOT-2546,2026-02-16,
leaf-a08-r3:swp11,switch,A15,OSSMO6FTZF,LOT-2541,2026-02-16,
a15-ct12:mlx5_0,host,A15,OSBP9BSLWB,LOT-2546,2026-02-16,
leaf-a08-r0:swp12,switch,A15,OSQZZXL0WZ,LOT-2539,2026-02-16,
a15-ct12:mlx5_1,host,A15,OSD3VRHNC5,LOT-2541,2026-02-16,
leaf-a08-r1:swp12,switch,A15,OSMEHZ7QRO,LOT-2544,2026-02-16,
a15-ct12:mlx5_2,host,A15,OSYG3BPIWY,LOT-2544,2026-02-16,
leaf-a08-r2:swp12,switch,A15,OSKDYHX2KG,LOT-2546,2026-02-16,
a15-ct12:mlx5_3,host,A15,OSD224NBV9,LOT-2605,2026-02-16,
leaf-a08-r3:swp12,switch,A15,OSDNI8XBBN,LOT-2602,2026-02-16,
a15-ct13:mlx5_0,host,A15,OS29S0WP8M,LOT-2605,2026-02-16,
leaf-a08-r0:swp13,switch,A15,OSFQF2X8FC,LOT-2548,2026-02-16,
a15-ct13:mlx5_1,host,A15,OS6GUWY8VO,LOT-2605,2026-02-16,
leaf-a08-r1:swp13,switch,A15,OSHJTINF46,LOT-2541,2026-02-16,
a15-ct13:mlx5_2,host,A15,OSV8B02RSC,LOT-2539,2026-02-16,
leaf-a08-r2:swp13,switch,A15,OSC2O1DN6W,LOT-2541,2026-02-16,
a15-ct13:mlx5_3,host,A15,OSNZ9INKGZ,LOT-2546,2026-02-16,
leaf-a08-r3:swp13,switch,A15,OSEA7PHOXE,LOT-2539,2026-02-16,
a15-ct14:mlx5_0,host,A15,OSSSCUDBOM,LOT-2539,2026-02-16,
leaf-a08-r0:swp14,switch,A15,OSOXOI5CUD,LOT-2541,2026-02-16,
a15-ct14:mlx5_1,host,A15,OSZ4KMA9A7,LOT-2548,2026-02-16,
leaf-a08-r1:swp14,switch,A15,OS066KRTLK,LOT-2541,2026-02-16,
a15-ct14:mlx5_2,host,A15,OSH3MSOXUM,LOT-2546,2026-02-16,
leaf-a08-r2:swp14,switch,A15,OSSUL70N6G,LOT-2541,2026-02-16,
a15-ct14:mlx5_3,host,A15,OS2GMWPOJL,LOT-2548,2026-02-16,
leaf-a08-r3:swp14,switch,A15,OSHGGN3RQ5,LOT-2544,2026-02-16,
a15-ct15:mlx5_0,host,A15,OSVTSCOMFH,LOT-2541,2026-02-16,
leaf-a08-r0:swp15,switch,A15,OS6GQEMAVE,LOT-2544,2026-02-16,
a15-ct15:mlx5_1,host,A15,OS20G0Y0XY,LOT-2546,2026-02-16,
leaf-a08-r1:swp15,switch,A15,OSKNDZVNX6,LOT-2541,2026-02-16,
a15-ct15:mlx5_2,host,A15,OSIKH14H1W,LOT-2541,2026-02-16,
leaf-a08-r2:swp15,switch,A15,OSLOZMONW1,LOT-2544,2026-02-16,
a15-ct15:mlx5_3,host,A15,OS0ZYG26CG,LOT-2605,2026-02-16,
leaf-a08-r3:swp15,switch,A15,OSA0TI3K28,LOT-2544,2026-02-16,
a15-ct16:mlx5_0,host,A15,OS8ATPTT92,LOT-2546,2026-02-16,
leaf-a08-r0:swp16,switch,A15,OS75Q3OYEE,LOT-2546,2026-02-16,
a15-ct16:mlx5_1,host,A15,OSRN4JYT3A,LOT-2539,2026-02-16,
leaf-a08-r1:swp16,switch,A15,OSLAIRAKUP,LOT-2548,2026-02-16,
a15-ct16:mlx5_2,host,A15,OSPARQABO4,LOT-2548,2026-02-16,
leaf-a08-r2:swp16,switch,A15,OSD2X0ZP1N,LOT-2541,2026-02-16,
a15-ct16:mlx5_3,host,A15,OSASPBBVLB,LOT-2541,2026-02-16,
leaf-a08-r3:swp16,switch,A15,OSS486MXGR,LOT-2539,2026-02-16,
a15-ct17:mlx5_0,host,A15,OS8W489IIH,LOT-2544,2026-02-16,
leaf-a08-r0:swp17,switch,A15,OSPEH693DY,LOT-2539,2026-02-16,
a15-ct17:mlx5_1,host,A15,OSJLG2EVEQ,LOT-2539,2026-02-16,
leaf-a08-r1:swp17,switch,A15,OSM0NZGC4M,LOT-2544,2026-02-16,
a15-ct17:mlx5_2,host,A15,OSM16UPD3U,LOT-2541,2026-02-16,
leaf-a08-r2:swp17,switch,A15,OS9CDKWO5G,LOT-2539,2026-02-16,
a15-ct17:mlx5_3,host,A15,OSUDJRK1X2,LOT-2539,2026-02-16,
leaf-a08-r3:swp17,switch,A15,OSWZG69URY,LOT-2605,2026-02-16,
a15-ct18:mlx5_0,host,A15,OSHII2XQEC,LOT-2541,2026-02-16,
leaf-a08-r0:swp18,switch,A15,OS8HT18AK1,LOT-2544,2026-02-16,
a15-ct18:mlx5_1,host,A15,OSWLMD4DNF,LOT-2546,2026-02-16,
leaf-a08-r1:swp18,switch,A15,OSEL4JWTT5,LOT-2546,2026-02-16,
a15-ct18:mlx5_2,host,A15,OSDIFK7H4H,LOT-2548,2026-02-16,
leaf-a08-r2:swp18,switch,A15,OS1LTOW7A1,LOT-2550,2026-02-16,
a15-ct18:mlx5_3,host,A15,OSEX1YHJWV,LOT-2548,2026-02-16,
leaf-a08-r3:swp18,switch,A15,OSS71XOI6M,LOT-2546,2026-02-16,
a16-ct01:mlx5_0,host,A16,OSDQHUF83Q,LOT-2548,2026-02-16,
leaf-a08-r0:swp19,switch,A16,OSUJGDBZLC,LOT-2546,2026-02-16,
a16-ct01:mlx5_1,host,A16,OSCF4P6LJ2,LOT-2602,2026-02-16,
leaf-a08-r1:swp19,switch,A16,OSG7FFFHNG,LOT-2605,2026-02-16,
a16-ct01:mlx5_2,host,A16,OSXCM2LG4C,LOT-2550,2026-02-16,
leaf-a08-r2:swp19,switch,A16,OSHXICOGJJ,LOT-2548,2026-02-16,
a16-ct01:mlx5_3,host,A16,OSPME3WVVO,LOT-2605,2026-02-16,
leaf-a08-r3:swp19,switch,A16,OSO6J7P4GC,LOT-2539,2026-02-16,
a16-ct02:mlx5_0,host,A16,OS9EUD23MU,LOT-2539,2026-02-16,
leaf-a08-r0:swp20,switch,A16,OS77M3NZDQ,LOT-2548,2026-02-16,
a16-ct02:mlx5_1,host,A16,OS9MFPFQ6R,LOT-2548,2026-02-16,
leaf-a08-r1:swp20,switch,A16,OS9NV943JR,LOT-2550,2026-02-16,
a16-ct02:mlx5_2,host,A16,OSRA27L2HT,LOT-2539,2026-02-16,
leaf-a08-r2:swp20,switch,A16,OSUQXZSAWB,LOT-2550,2026-02-16,
a16-ct02:mlx5_3,host,A16,OSOTEE834C,LOT-2550,2026-02-16,
leaf-a08-r3:swp20,switch,A16,OS6O0WCACI,LOT-2548,2026-02-16,
a16-ct03:mlx5_0,host,A16,OSH0IQ74Z8,LOT-2548,2026-02-16,
leaf-a08-r0:swp21,switch,A16,OSISXT1X5N,LOT-2546,2026-02-16,
a16-ct03:mlx5_1,host,A16,OS6VJCNQ8A,LOT-2539,2026-02-16,
leaf-a08-r1:swp21,switch,A16,OS87MRNEKU,LOT-2550,2026-02-16,
a16-ct03:mlx5_2,host,A16,OSRE8MTRGN,LOT-2539,2026-02-16,
leaf-a08-r2:swp21,switch,A16,OSVC8QYLZR,LOT-2546,2026-02-16,
a16-ct03:mlx5_3,host,A16,OSHVQ1K0FC,LOT-2602,2026-02-16,
leaf-a08-r3:swp21,switch,A16,OSZ2M83V4T,LOT-2548,2026-02-16,
a16-ct04:mlx5_0,host,A16,OSUFCJUUWM,LOT-2605,2026-02-16,
leaf-a08-r0:swp22,switch,A16,OSUQNNEL2Y,LOT-2548,2026-02-16,
a16-ct04:mlx5_1,host,A16,OSZOPN4XNL,LOT-2541,2026-02-16,
leaf-a08-r1:swp22,switch,A16,OSSWWVUPNK,LOT-2550,2026-02-16,
a16-ct04:mlx5_2,host,A16,OS1WHP8APU,LOT-2539,2026-02-16,
leaf-a08-r2:swp22,switch,A16,OSPN9I3UTV,LOT-2546,2026-02-16,
a16-ct04:mlx5_3,host,A16,OS9YLPKU78,LOT-2548,2026-02-16,
leaf-a08-r3:swp22,switch,A16,OSB259T7S1,LOT-2605,2026-02-16,
a16-ct05:mlx5_0,host,A16,OSYLKDYV7F,LOT-2605,2026-02-16,
leaf-a08-r0:swp23,switch,A16,OS5HB11JD7,LOT-2539,2026-02-16,
a16-ct05:mlx5_1,host,A16,OSKHZY86M0,LOT-2602,2026-02-16,
leaf-a08-r1:swp23,switch,A16,OSUAZMFJ23,LOT-2539,2026-02-16,
a16-ct05:mlx5_2,host,A16,OSW37DUPBT,LOT-2546,2026-02-16,
leaf-a08-r2:swp23,switch,A16,OSBM7NS1UP,LOT-2541,2026-02-16,
a16-ct05:mlx5_3,host,A16,OSBTYAFSQS,LOT-2544,2026-02-16,
leaf-a08-r3:swp23,switch,A16,OSX0F1J5HA,LOT-2546,2026-02-16,
a16-ct06:mlx5_0,host,A16,OS3W61BZ55,LOT-2539,2026-02-16,
leaf-a08-r0:swp24,switch,A16,OSQI7FJJRT,LOT-2546,2026-02-16,
a16-ct06:mlx5_1,host,A16,OS7JE07P28,LOT-2541,2026-02-16,
leaf-a08-r1:swp24,switch,A16,OSWK3ZV7XL,LOT-2550,2026-02-16,
a16-ct06:mlx5_2,host,A16,OSXCJ9N23Y,LOT-2546,2026-02-16,
leaf-a08-r2:swp24,switch,A16,OSPOS5WVPY,LOT-2541,2026-02-16,
a16-ct06:mlx5_3,host,A16,OSY8PX40EU,LOT-2602,2026-02-16,
leaf-a08-r3:swp24,switch,A16,OSQQPB3O7J,LOT-2541,2026-02-16,
a16-ct07:mlx5_0,host,A16,OSSHYP8PVW,LOT-2541,2026-02-16,
leaf-a08-r0:swp25,switch,A16,OSGVBLWNIL,LOT-2602,2026-02-16,
a16-ct07:mlx5_1,host,A16,OS2ZILM7LY,LOT-2550,2026-02-16,
leaf-a08-r1:swp25,switch,A16,OS3N8XD1IS,LOT-2602,2026-02-16,
a16-ct07:mlx5_2,host,A16,OS6T3DFCZG,LOT-2541,2026-02-16,
leaf-a08-r2:swp25,switch,A16,OSGO62B8K3,LOT-2539,2026-02-16,
a16-ct07:mlx5_3,host,A16,OSW08DWSPB,LOT-2539,2026-02-16,
leaf-a08-r3:swp25,switch,A16,OS7B1P4GW5,LOT-2544,2026-02-16,
a16-ct08:mlx5_0,host,A16,OSS8IKQ58S,LOT-2541,2026-02-16,
leaf-a08-r0:swp26,switch,A16,OS9TWS0A7A,LOT-2541,2026-02-16,
a16-ct08:mlx5_1,host,A16,OS0DC3CPTY,LOT-2541,2026-02-16,
leaf-a08-r1:swp26,switch,A16,OS1GX0QZ9X,LOT-2550,2026-02-16,
a16-ct08:mlx5_2,host,A16,OS10219ZA2,LOT-2605,2026-02-16,
leaf-a08-r2:swp26,switch,A16,OS2B6LRN82,LOT-2539,2026-02-16,
a16-ct08:mlx5_3,host,A16,OS5VKGN3JT,LOT-2539,2026-02-16,
leaf-a08-r3:swp26,switch,A16,OS9WEM1ZQR,LOT-2541,2026-02-16,
a16-ct09:mlx5_0,host,A16,OSWUXK5XYP,LOT-2548,2026-02-16,
leaf-a08-r0:swp27,switch,A16,OS81LQS8PR,LOT-2539,2026-02-16,
a16-ct09:mlx5_1,host,A16,OSJT7XPX5L,LOT-2544,2026-02-16,2026-08-01
leaf-a08-r1:swp27,switch,A16,OSN3YNR04N,LOT-2548,2026-02-16,
a16-ct09:mlx5_2,host,A16,OS1449KF6C,LOT-2548,2026-02-16,
leaf-a08-r2:swp27,switch,A16,OSYE9RJVTT,LOT-2548,2026-02-16,
a16-ct09:mlx5_3,host,A16,OSFG86F8WN,LOT-2546,2026-02-16,
leaf-a08-r3:swp27,switch,A16,OSJFHHTXN7,LOT-2546,2026-02-16,
a16-ct10:mlx5_0,host,A16,OSE4BEN4EO,LOT-2546,2026-02-16,
leaf-a08-r0:swp28,switch,A16,OS2M4SFZZ5,LOT-2546,2026-02-16,2026-03-30
a16-ct10:mlx5_1,host,A16,OSL6DVZNKQ,LOT-2539,2026-02-16,
leaf-a08-r1:swp28,switch,A16,OSZW34BTKI,LOT-2539,2026-02-16,
a16-ct10:mlx5_2,host,A16,OS8L3GEG5B,LOT-2546,2026-02-16,
leaf-a08-r2:swp28,switch,A16,OS08AAX2DI,LOT-2539,2026-02-16,
a16-ct10:mlx5_3,host,A16,OS87KKA831,LOT-2546,2026-02-16,
leaf-a08-r3:swp28,switch,A16,OST57NYL24,LOT-2544,2026-02-16,
a16-ct11:mlx5_0,host,A16,OS8E0APGHX,LOT-2548,2026-02-16,
leaf-a08-r0:swp29,switch,A16,OS795XIWOQ,LOT-2548,2026-02-16,
a16-ct11:mlx5_1,host,A16,OS5Q1NWEUD,LOT-2539,2026-02-16,
leaf-a08-r1:swp29,switch,A16,OSCAVJUVVP,LOT-2605,2026-02-16,
a16-ct11:mlx5_2,host,A16,OSJOWXTGZ3,LOT-2546,2026-02-16,
leaf-a08-r2:swp29,switch,A16,OSRBSDOTEG,LOT-2539,2026-02-16,
a16-ct11:mlx5_3,host,A16,OS72ODBV9J,LOT-2539,2026-02-16,2026-03-19
leaf-a08-r3:swp29,switch,A16,OSKGRHLCIU,LOT-2602,2026-02-16,
a16-ct12:mlx5_0,host,A16,OSWCDJ6JP1,LOT-2541,2026-02-16,
leaf-a08-r0:swp30,switch,A16,OSZNZZ9ECD,LOT-2539,2026-02-16,
a16-ct12:mlx5_1,host,A16,OSEBF3H7ZR,LOT-2546,2026-02-16,
leaf-a08-r1:swp30,switch,A16,OS3EKJ0JF9,LOT-2605,2026-02-16,
a16-ct12:mlx5_2,host,A16,OSDRLKSBGY,LOT-2550,2026-02-16,
leaf-a08-r2:swp30,switch,A16,OS8X664G43,LOT-2539,2026-02-16,
a16-ct12:mlx5_3,host,A16,OSATGLJ67Z,LOT-2544,2026-02-16,
leaf-a08-r3:swp30,switch,A16,OSRVN01XMM,LOT-2548,2026-02-16,
a16-ct13:mlx5_0,host,A16,OS755Q0RXT,LOT-2544,2026-02-16,
leaf-a08-r0:swp31,switch,A16,OSXONIV8B3,LOT-2539,2026-02-16,
a16-ct13:mlx5_1,host,A16,OS3YSGHFTE,LOT-2539,2026-02-16,
leaf-a08-r1:swp31,switch,A16,OSP0TIE4W2,LOT-2539,2026-02-16,
a16-ct13:mlx5_2,host,A16,OSWCDKCR1Z,LOT-2541,2026-02-16,
leaf-a08-r2:swp31,switch,A16,OS1DY692AM,LOT-2546,2026-02-16,
a16-ct13:mlx5_3,host,A16,OSSSCTS0ZT,LOT-2541,2026-02-16,
leaf-a08-r3:swp31,switch,A16,OSLCJ64949,LOT-2539,2026-02-16,
a16-ct14:mlx5_0,host,A16,OSVGKAW336,LOT-2605,2026-02-16,
leaf-a08-r0:swp32,switch,A16,OSZLSTP9HV,LOT-2541,2026-02-16,
a16-ct14:mlx5_1,host,A16,OSK1VN05ZX,LOT-2539,2026-02-16,
leaf-a08-r1:swp32,switch,A16,OSXHRRKXF0,LOT-2605,2026-02-16,
a16-ct14:mlx5_2,host,A16,OSBT1CGROJ,LOT-2605,2026-02-16,
leaf-a08-r2:swp32,switch,A16,OS5B39T5B7,LOT-2541,2026-02-16,
a16-ct14:mlx5_3,host,A16,OSH7O739R9,LOT-2546,2026-02-16,
leaf-a08-r3:swp32,switch,A16,OSQFLVLUEP,LOT-2546,2026-02-16,
a16-ct15:mlx5_0,host,A16,OSDGR7T65M,LOT-2544,2026-02-16,
leaf-a08-r0:swp33,switch,A16,OSBEBUULD5,LOT-2539,2026-02-16,
a16-ct15:mlx5_1,host,A16,OSW2PAM2B2,LOT-2548,2026-02-16,
leaf-a08-r1:swp33,switch,A16,OSUR6FREQZ,LOT-2541,2026-02-16,
a16-ct15:mlx5_2,host,A16,OS65IRPDUY,LOT-2539,2026-02-16,
leaf-a08-r2:swp33,switch,A16,OSP8DHV831,LOT-2548,2026-02-16,
a16-ct15:mlx5_3,host,A16,OS2K1CXUGG,LOT-2546,2026-02-16,
leaf-a08-r3:swp33,switch,A16,OSA5LNCCV0,LOT-2539,2026-02-16,
a16-ct16:mlx5_0,host,A16,OS8LKLUDHP,LOT-2548,2026-02-16,
leaf-a08-r0:swp34,switch,A16,OSYNI1XYJU,LOT-2544,2026-02-16,
a16-ct16:mlx5_1,host,A16,OSCU8XK8SV,LOT-2605,2026-02-16,
leaf-a08-r1:swp34,switch,A16,OSY1ZVE0T1,LOT-2539,2026-02-16,
a16-ct16:mlx5_2,host,A16,OS6MPY4JX1,LOT-2548,2026-02-16,
leaf-a08-r2:swp34,switch,A16,OSVAS9GP1X,LOT-2541,2026-02-16,
a16-ct16:mlx5_3,host,A16,OSWTX9IZDF,LOT-2541,2026-02-16,
leaf-a08-r3:swp34,switch,A16,OS0EBUIO9V,LOT-2548,2026-02-16,
a16-ct17:mlx5_0,host,A16,OSTUZBPXSO,LOT-2602,2026-02-16,
leaf-a08-r0:swp35,switch,A16,OS48I1PCH5,LOT-2539,2026-02-16,
a16-ct17:mlx5_1,host,A16,OS5XE0Q23Q,LOT-2602,2026-02-16,
leaf-a08-r1:swp35,switch,A16,OSTYCP730Y,LOT-2550,2026-02-16,
a16-ct17:mlx5_2,host,A16,OS19UUFI4G,LOT-2546,2026-02-16,
leaf-a08-r2:swp35,switch,A16,OSWST5O2S9,LOT-2546,2026-02-16,
a16-ct17:mlx5_3,host,A16,OSIJE8VYAN,LOT-2602,2026-02-16,
leaf-a08-r3:swp35,switch,A16,OSKYFBISGQ,LOT-2546,2026-02-16,
a16-ct18:mlx5_0,host,A16,OSE35XCW2I,LOT-2605,2026-02-16,
leaf-a08-r0:swp36,switch,A16,OSRUG1GC4D,LOT-2544,2026-02-16,2026-08-08
a16-ct18:mlx5_1,host,A16,OSIRPTSN4P,LOT-2541,2026-02-16,
leaf-a08-r1:swp36,switch,A16,OSWZ46F9SJ,LOT-2539,2026-02-16,
a16-ct18:mlx5_2,host,A16,OSHMX5IDCI,LOT-2544,2026-02-16,
leaf-a08-r2:swp36,switch,A16,OSPDEAM3H0,LOT-2541,2026-02-16,
a16-ct18:mlx5_3,host,A16,OS1MKV1FM6,LOT-2539,2026-02-16,
leaf-a08-r3:swp36,switch,A16,OSMFU830FK,LOT-2605,2026-02-16,
a17-ct01:mlx5_0,host,A17,OSG6KPNP6F,LOT-2602,2026-02-16,
leaf-a09-r0:swp1,switch,A17,OSJQPQKY3E,LOT-2541,2026-02-16,
a17-ct01:mlx5_1,host,A17,OS9WVXURFU,LOT-2539,2026-02-16,
leaf-a09-r1:swp1,switch,A17,OSKE7XX5U3,LOT-2605,2026-02-16,
a17-ct01:mlx5_2,host,A17,OSHDC39DLN,LOT-2541,2026-02-16,
leaf-a09-r2:swp1,switch,A17,OS7BTMVSOB,LOT-2602,2026-02-16,
a17-ct01:mlx5_3,host,A17,OSTD7RFS9L,LOT-2539,2026-02-16,
leaf-a09-r3:swp1,switch,A17,OSDDIJ9BCI,LOT-2605,2026-02-16,
a17-ct02:mlx5_0,host,A17,OSZMC173WB,LOT-2546,2026-02-16,
leaf-a09-r0:swp2,switch,A17,OS02N9FQVY,LOT-2544,2026-02-16,2026-06-26
a17-ct02:mlx5_1,host,A17,OS96HWV3UO,LOT-2548,2026-02-16,
leaf-a09-r1:swp2,switch,A17,OSFYC89236,LOT-2550,2026-02-16,
a17-ct02:mlx5_2,host,A17,OSXN4QW83Z,LOT-2539,2026-02-16,
leaf-a09-r2:swp2,switch,A17,OS0LM7R3WN,LOT-2602,2026-02-16,
a17-ct02:mlx5_3,host,A17,OSAY5ZDGNC,LOT-2541,2026-02-16,
leaf-a09-r3:swp2,switch,A17,OSZVKY7KHY,LOT-2544,2026-02-16,
a17-ct03:mlx5_0,host,A17,OSJUMEBWPJ,LOT-2539,2026-02-16,
leaf-a09-r0:swp3,switch,A17,OS2B7Y25C3,LOT-2539,2026-02-16,
a17-ct03:mlx5_1,host,A17,OSF3OLZ4XC,LOT-2541,2026-02-16,
leaf-a09-r1:swp3,switch,A17,OSALKAGJZI,LOT-2544,2026-02-16,
a17-ct03:mlx5_2,host,A17,OSFOHQB7WK,LOT-2605,2026-02-16,
leaf-a09-r2:swp3,switch,A17,OSV4U6DUWV,LOT-2605,2026-02-16,
a17-ct03:mlx5_3,host,A17,OSO2VYZNCR,LOT-2541,2026-02-16,
leaf-a09-r3:swp3,switch,A17,OS7TZQGA8U,LOT-2539,2026-02-16,
a17-ct04:mlx5_0,host,A17,OS3LS32WAN,LOT-2602,2026-02-16,
leaf-a09-r0:swp4,switch,A17,OS7F94VI00,LOT-2605,2026-02-16,
a17-ct04:mlx5_1,host,A17,OSJG6IALWT,LOT-2550,2026-02-16,
leaf-a09-r1:swp4,switch,A17,OSA9BKI9LS,LOT-2548,2026-02-16,
a17-ct04:mlx5_2,host,A17,OS6Z669KPO,LOT-2541,2026-02-16,
leaf-a09-r2:swp4,switch,A17,OSKO0PVKSY,LOT-2539,2026-02-16,
a17-ct04:mlx5_3,host,A17,OSLC06S0X0,LOT-2605,2026-02-16,
leaf-a09-r3:swp4,switch,A17,OSNK0WEXHN,LOT-2541,2026-02-16,
a17-ct05:mlx5_0,host,A17,OSEZMYSXRW,LOT-2544,2026-02-16,
leaf-a09-r0:swp5,switch,A17,OSOD72K2I7,LOT-2548,2026-02-16,
a17-ct05:mlx5_1,host,A17,OSTVNSYP9H,LOT-2546,2026-02-16,
leaf-a09-r1:swp5,switch,A17,OSYF6D6ELC,LOT-2548,2026-02-16,
a17-ct05:mlx5_2,host,A17,OSMGTOT6QM,LOT-2546,2026-02-16,
leaf-a09-r2:swp5,switch,A17,OS10J7T6UX,LOT-2541,2026-02-16,
a17-ct05:mlx5_3,host,A17,OSL9P9LFRU,LOT-2539,2026-02-16,
leaf-a09-r3:swp5,switch,A17,OSTCETHV6Q,LOT-2544,2026-02-16,
a17-ct06:mlx5_0,host,A17,OSVGZRIC73,LOT-2550,2026-02-16,
leaf-a09-r0:swp6,switch,A17,OSPC6OY0FK,LOT-2548,2026-02-16,
a17-ct06:mlx5_1,host,A17,OSHEXNW5X0,LOT-2539,2026-02-16,
leaf-a09-r1:swp6,switch,A17,OSPMMSCQUF,LOT-2539,2026-02-16,
a17-ct06:mlx5_2,host,A17,OSRSMOH36S,LOT-2548,2026-02-16,
leaf-a09-r2:swp6,switch,A17,OSGJMFNWG4,LOT-2548,2026-02-16,
a17-ct06:mlx5_3,host,A17,OS5K7SSBP7,LOT-2541,2026-02-16,
leaf-a09-r3:swp6,switch,A17,OSLSATKZ92,LOT-2605,2026-02-16,
a17-ct07:mlx5_0,host,A17,OSLZFTWJT4,LOT-2548,2026-02-16,
leaf-a09-r0:swp7,switch,A17,OSP2W8MUGZ,LOT-2602,2026-02-16,
a17-ct07:mlx5_1,host,A17,OSAU5EJLR0,LOT-2605,2026-02-16,
leaf-a09-r1:swp7,switch,A17,OSM7QF98NK,LOT-2546,2026-02-16,
a17-ct07:mlx5_2,host,A17,OSJJSGP5LP,LOT-2548,2026-02-16,
leaf-a09-r2:swp7,switch,A17,OSRB42C9H6,LOT-2548,2026-02-16,
a17-ct07:mlx5_3,host,A17,OSQTPLAAWN,LOT-2541,2026-02-16,
leaf-a09-r3:swp7,switch,A17,OSGG1JSJKO,LOT-2541,2026-02-16,
a17-ct08:mlx5_0,host,A17,OS76H7QLXO,LOT-2544,2026-02-16,
leaf-a09-r0:swp8,switch,A17,OS1ELHTEL0,LOT-2605,2026-02-16,2026-08-15
a17-ct08:mlx5_1,host,A17,OSF4QE7T3Y,LOT-2546,2026-02-16,
leaf-a09-r1:swp8,switch,A17,OS8IO1H6KC,LOT-2539,2026-02-16,
a17-ct08:mlx5_2,host,A17,OSG1IS50SO,LOT-2544,2026-02-16,
leaf-a09-r2:swp8,switch,A17,OSNAHFXO6L,LOT-2546,2026-02-16,
a17-ct08:mlx5_3,host,A17,OSE8L0MBV2,LOT-2541,2026-02-16,
leaf-a09-r3:swp8,switch,A17,OSZ00JMAD4,LOT-2550,2026-02-16,
a17-ct09:mlx5_0,host,A17,OSDV53SG6B,LOT-2546,2026-02-16,
leaf-a09-r0:swp9,switch,A17,OS73H7O0KT,LOT-2544,2026-02-16,
a17-ct09:mlx5_1,host,A17,OSL97S896O,LOT-2548,2026-02-16,
leaf-a09-r1:swp9,switch,A17,OS3Q6RH7WU,LOT-2544,2026-02-16,
a17-ct09:mlx5_2,host,A17,OSIZ5WCKH3,LOT-2539,2026-02-16,
leaf-a09-r2:swp9,switch,A17,OSLQE3LYB0,LOT-2550,2026-02-16,
a17-ct09:mlx5_3,host,A17,OSF3X0CXS7,LOT-2550,2026-02-16,
leaf-a09-r3:swp9,switch,A17,OSAC7E73FK,LOT-2546,2026-02-16,
a17-ct10:mlx5_0,host,A17,OSTUV8LYPD,LOT-2539,2026-02-16,
leaf-a09-r0:swp10,switch,A17,OSE3QJ7FL3,LOT-2546,2026-02-16,
a17-ct10:mlx5_1,host,A17,OSVLS990SY,LOT-2546,2026-02-16,
leaf-a09-r1:swp10,switch,A17,OSYVAXOLFG,LOT-2605,2026-02-16,
a17-ct10:mlx5_2,host,A17,OSK9SNEAQW,LOT-2544,2026-02-16,
leaf-a09-r2:swp10,switch,A17,OS1WL5U2XU,LOT-2539,2026-02-16,
a17-ct10:mlx5_3,host,A17,OSF3YPVOAG,LOT-2539,2026-02-16,
leaf-a09-r3:swp10,switch,A17,OSDQZAXAZO,LOT-2548,2026-02-16,
a17-ct11:mlx5_0,host,A17,OS1DUAI4IR,LOT-2546,2026-02-16,
leaf-a09-r0:swp11,switch,A17,OS9TN59ORT,LOT-2539,2026-02-16,
a17-ct11:mlx5_1,host,A17,OSOV1K30NU,LOT-2546,2026-02-16,
leaf-a09-r1:swp11,switch,A17,OSNU8BC5FA,LOT-2544,2026-02-16,
a17-ct11:mlx5_2,host,A17,OSSA8O2SGE,LOT-2539,2026-02-16,
leaf-a09-r2:swp11,switch,A17,OS2RUOFOOC,LOT-2546,2026-02-16,
a17-ct11:mlx5_3,host,A17,OSR9V82E0P,LOT-2539,2026-02-16,
leaf-a09-r3:swp11,switch,A17,OS840PN0M0,LOT-2546,2026-02-16,
a17-ct12:mlx5_0,host,A17,OSENQZTHGK,LOT-2544,2026-02-16,
leaf-a09-r0:swp12,switch,A17,OSY9QM7ZEW,LOT-2541,2026-02-16,
a17-ct12:mlx5_1,host,A17,OSQV1230RV,LOT-2602,2026-02-16,
leaf-a09-r1:swp12,switch,A17,OSZO5CQVM1,LOT-2548,2026-02-16,
a17-ct12:mlx5_2,host,A17,OS7FCDXEEI,LOT-2548,2026-02-16,2026-07-08
leaf-a09-r2:swp12,switch,A17,OS29RHKFPV,LOT-2605,2026-02-16,
a17-ct12:mlx5_3,host,A17,OS5L9ZZP0U,LOT-2550,2026-02-16,2026-05-06
leaf-a09-r3:swp12,switch,A17,OS6HGAKJ14,LOT-2550,2026-02-16,
a17-ct13:mlx5_0,host,A17,OSJ4MM73LE,LOT-2546,2026-02-16,
leaf-a09-r0:swp13,switch,A17,OSOIZ4DWRH,LOT-2605,2026-02-16,
a17-ct13:mlx5_1,host,A17,OSTBQ1GPF9,LOT-2539,2026-02-16,
leaf-a09-r1:swp13,switch,A17,OSM84AVH5R,LOT-2539,2026-02-16,
a17-ct13:mlx5_2,host,A17,OS15Q6VXP4,LOT-2539,2026-02-16,
leaf-a09-r2:swp13,switch,A17,OS2EW3PKWG,LOT-2546,2026-02-16,
a17-ct13:mlx5_3,host,A17,OSK77UD07F,LOT-2539,2026-02-16,
leaf-a09-r3:swp13,switch,A17,OSJF6S18A9,LOT-2539,2026-02-16,
a17-ct14:mlx5_0,host,A17,OSKDHXK670,LOT-2539,2026-02-16,
leaf-a09-r0:swp14,switch,A17,OS3XK5RDRM,LOT-2544,2026-02-16,
a17-ct14:mlx5_1,host,A17,OS4FLL4R19,LOT-2548,2026-02-16,
leaf-a09-r1:swp14,switch,A17,OSNLZTTVTZ,LOT-2541,2026-02-16,
a17-ct14:mlx5_2,host,A17,OSX9ZN4URW,LOT-2544,2026-02-16,
leaf-a09-r2:swp14,switch,A17,OS3EIO2LHM,LOT-2546,2026-02-16,
a17-ct14:mlx5_3,host,A17,OS6WCGMJ19,LOT-2546,2026-02-16,
leaf-a09-r3:swp14,switch,A17,OSJ6EUN6KB,LOT-2539,2026-02-16,
a17-ct15:mlx5_0,host,A17,OSUO7BG1JK,LOT-2546,2026-02-16,
leaf-a09-r0:swp15,switch,A17,OS70DSORKF,LOT-2546,2026-02-16,
a17-ct15:mlx5_1,host,A17,OS39LKX9V2,LOT-2548,2026-02-16,
leaf-a09-r1:swp15,switch,A17,OSPJHSJ1D9,LOT-2602,2026-02-16,
a17-ct15:mlx5_2,host,A17,OS0EN376TH,LOT-2544,2026-02-16,
leaf-a09-r2:swp15,switch,A17,OSSCNJW2Z9,LOT-2548,2026-02-16,
a17-ct15:mlx5_3,host,A17,OS959GR42M,LOT-2546,2026-02-16,
leaf-a09-r3:swp15,switch,A17,OSUO34MH34,LOT-2541,2026-02-16,
a17-ct16:mlx5_0,host,A17,OSM8G2P9Z5,LOT-2539,2026-02-16,
leaf-a09-r0:swp16,switch,A17,OSQXWB4LB2,LOT-2541,2026-02-16,
a17-ct16:mlx5_1,host,A17,OS4Q3W52A8,LOT-2602,2026-02-16,
leaf-a09-r1:swp16,switch,A17,OSBUD6WHCE,LOT-2548,2026-02-16,
a17-ct16:mlx5_2,host,A17,OSBQ30J43H,LOT-2539,2026-02-16,
leaf-a09-r2:swp16,switch,A17,OSZKIPMFGY,LOT-2605,2026-02-16,
a17-ct16:mlx5_3,host,A17,OSB485URFB,LOT-2544,2026-02-16,
leaf-a09-r3:swp16,switch,A17,OS2TT53NO3,LOT-2546,2026-02-16,
a17-ct17:mlx5_0,host,A17,OSDDF5RPLF,LOT-2539,2026-02-16,
leaf-a09-r0:swp17,switch,A17,OS8M4RYODA,LOT-2548,2026-02-16,
a17-ct17:mlx5_1,host,A17,OS62WI92QS,LOT-2539,2026-02-16,
leaf-a09-r1:swp17,switch,A17,OS7JM9O9EG,LOT-2548,2026-02-16,
a17-ct17:mlx5_2,host,A17,OS5RLZCVYN,LOT-2548,2026-02-16,
leaf-a09-r2:swp17,switch,A17,OSJOZHV1WF,LOT-2539,2026-02-16,
a17-ct17:mlx5_3,host,A17,OSCRUDXMTK,LOT-2602,2026-02-16,
leaf-a09-r3:swp17,switch,A17,OSW6GDEIQ8,LOT-2544,2026-02-16,
a17-ct18:mlx5_0,host,A17,OSVHD1JJ38,LOT-2544,2026-02-16,
leaf-a09-r0:swp18,switch,A17,OSH8Z9JWUR,LOT-2541,2026-02-16,
a17-ct18:mlx5_1,host,A17,OSAMBB9ND2,LOT-2541,2026-02-16,
leaf-a09-r1:swp18,switch,A17,OSWC0P8OZ0,LOT-2550,2026-02-16,
a17-ct18:mlx5_2,host,A17,OSTOX5NDQ2,LOT-2539,2026-02-16,
leaf-a09-r2:swp18,switch,A17,OS77LPIIUV,LOT-2541,2026-02-16,
a17-ct18:mlx5_3,host,A17,OSTPBPWYE2,LOT-2541,2026-02-16,
leaf-a09-r3:swp18,switch,A17,OSVNMKY1QO,LOT-2539,2026-02-16,
a18-ct01:mlx5_0,host,A18,OSRBMP6YOH,LOT-2539,2026-02-16,
leaf-a09-r0:swp19,switch,A18,OSORY3NA2U,LOT-2602,2026-02-16,
a18-ct01:mlx5_1,host,A18,OSPURVQEKP,LOT-2546,2026-02-16,
leaf-a09-r1:swp19,switch,A18,OS7JPNLS4R,LOT-2539,2026-02-16,
a18-ct01:mlx5_2,host,A18,OS37ZMX1G2,LOT-2539,2026-02-16,
leaf-a09-r2:swp19,switch,A18,OSQ923MFFG,LOT-2550,2026-02-16,
a18-ct01:mlx5_3,host,A18,OSQ0JPM28V,LOT-2546,2026-02-16,
leaf-a09-r3:swp19,switch,A18,OSA5K9FKPP,LOT-2539,2026-02-16,
a18-ct02:mlx5_0,host,A18,OSRADUB5WQ,LOT-2539,2026-02-16,
leaf-a09-r0:swp20,switch,A18,OSBJ3RWNI3,LOT-2546,2026-02-16,
a18-ct02:mlx5_1,host,A18,OS13BHKG06,LOT-2539,2026-02-16,
leaf-a09-r1:swp20,switch,A18,OSP3L7M2XT,LOT-2602,2026-02-16,
a18-ct02:mlx5_2,host,A18,OSORXPOAYZ,LOT-2539,2026-02-16,
leaf-a09-r2:swp20,switch,A18,OSWG83YC59,LOT-2546,2026-02-16,
a18-ct02:mlx5_3,host,A18,OST2YYLQYR,LOT-2602,2026-02-16,
leaf-a09-r3:swp20,switch,A18,OS62875TRF,LOT-2602,2026-02-16,
a18-ct03:mlx5_0,host,A18,OSKZVFQBWU,LOT-2546,2026-02-16,
leaf-a09-r0:swp21,switch,A18,OSWKOHW5XH,LOT-2550,2026-02-16,
a18-ct03:mlx5_1,host,A18,OSE637H8B2,LOT-2541,2026-02-16,
leaf-a09-r1:swp21,switch,A18,OS5F1LD6D1,LOT-2548,2026-02-16,
a18-ct03:mlx5_2,host,A18,OSYYZ0C1UY,LOT-2546,2026-02-16,
leaf-a09-r2:swp21,switch,A18,OSPSCPIZE0,LOT-2541,2026-02-16,
a18-ct03:mlx5_3,host,A18,OSZ3BN4DMX,LOT-2539,2026-02-16,
leaf-a09-r3:swp21,switch,A18,OSZPXOMP9R,LOT-2602,2026-02-16,
a18-ct04:mlx5_0,host,A18,OSHV398NZ6,LOT-2539,2026-02-16,
leaf-a09-r0:swp22,switch,A18,OSY45ZKHR3,LOT-2541,2026-02-16,
a18-ct04:mlx5_1,host,A18,OS84FLOKZ7,LOT-2544,2026-02-16,
leaf-a09-r1:swp22,switch,A18,OSJMDTM26Y,LOT-2539,2026-02-16,
a18-ct04:mlx5_2,host,A18,OSOR42CPW7,LOT-2544,2026-02-16,
leaf-a09-r2:swp22,switch,A18,OSTR5H1D2N,LOT-2550,2026-02-16,
a18-ct04:mlx5_3,host,A18,OSV693HP1C,LOT-2602,2026-02-16,
leaf-a09-r3:swp22,switch,A18,OSTS9AN84E,LOT-2546,2026-02-16,
a18-ct05:mlx5_0,host,A18,OSOQMVRV3B,LOT-2602,2026-02-16,
leaf-a09-r0:swp23,switch,A18,OSFZCP4QZL,LOT-2544,2026-02-16,
a18-ct05:mlx5_1,host,A18,OSMWYPLCXA,LOT-2544,2026-02-16,
leaf-a09-r1:swp23,switch,A18,OS5H4UE6OH,LOT-2550,2026-02-16,
a18-ct05:mlx5_2,host,A18,OS8E35MAIM,LOT-2548,2026-02-16,
leaf-a09-r2:swp23,switch,A18,OS6VOTRNTF,LOT-2544,2026-02-16,
a18-ct05:mlx5_3,host,A18,OS8ZDO1U8I,LOT-2541,2026-02-16,
leaf-a09-r3:swp23,switch,A18,OS89LX1SKL,LOT-2548,2026-02-16,
a18-ct06:mlx5_0,host,A18,OSFQHYJQAM,LOT-2539,2026-02-16,
leaf-a09-r0:swp24,switch,A18,OSM12GNRAT,LOT-2539,2026-02-16,
a18-ct06:mlx5_1,host,A18,OSX3R6AM6S,LOT-2548,2026-02-16,
leaf-a09-r1:swp24,switch,A18,OSDIFSKWYN,LOT-2541,2026-02-16,
a18-ct06:mlx5_2,host,A18,OSM0HOAIE0,LOT-2544,2026-02-16,
leaf-a09-r2:swp24,switch,A18,OSVP430EAP,LOT-2605,2026-02-16,
a18-ct06:mlx5_3,host,A18,OSBAO58SFR,LOT-2539,2026-02-16,
leaf-a09-r3:swp24,switch,A18,OSCB08GZ7J,LOT-2544,2026-02-16,
a18-ct07:mlx5_0,host,A18,OSO5FAMI1P,LOT-2539,2026-02-16,
leaf-a09-r0:swp25,switch,A18,OSKPLYBP1L,LOT-2602,2026-02-16,
a18-ct07:mlx5_1,host,A18,OSECQWOZRX,LOT-2544,2026-02-16,
leaf-a09-r1:swp25,switch,A18,OSWHX2MUJY,LOT-2539,2026-02-16,
a18-ct07:mlx5_2,host,A18,OSOJ2WLIKE,LOT-2539,2026-02-16,
leaf-a09-r2:swp25,switch,A18,OSJSM1O5DR,LOT-2541,2026-02-16,
a18-ct07:mlx5_3,host,A18,OSWMWFFIL7,LOT-2550,2026-02-16,
leaf-a09-r3:swp25,switch,A18,OS7919TJ4G,LOT-2550,2026-02-16,
a18-ct08:mlx5_0,host,A18,OS4HVMGTB0,LOT-2548,2026-02-16,
leaf-a09-r0:swp26,switch,A18,OS95E6TVVG,LOT-2546,2026-02-16,
a18-ct08:mlx5_1,host,A18,OS6NVFJ4IG,LOT-2539,2026-02-16,
leaf-a09-r1:swp26,switch,A18,OS7Z18NVYD,LOT-2548,2026-02-16,
a18-ct08:mlx5_2,host,A18,OS7Z9LRCJX,LOT-2548,2026-02-16,
leaf-a09-r2:swp26,switch,A18,OSM7PX903X,LOT-2539,2026-02-16,
a18-ct08:mlx5_3,host,A18,OSV7IX2WO2,LOT-2539,2026-02-16,
leaf-a09-r3:swp26,switch,A18,OSINY81P1G,LOT-2539,2026-02-16,
a18-ct09:mlx5_0,host,A18,OS7G880UWK,LOT-2544,2026-02-16,
leaf-a09-r0:swp27,switch,A18,OSJP97ODDG,LOT-2550,2026-02-16,
a18-ct09:mlx5_1,host,A18,OS5E3I5Q4S,LOT-2539,2026-02-16,
leaf-a09-r1:swp27,switch,A18,OSGZUL4CP2,LOT-2541,2026-02-16,
a18-ct09:mlx5_2,host,A18,OSCBZP0B2E,LOT-2544,2026-02-16,2026-04-28
leaf-a09-r2:swp27,switch,A18,OS0F143KAV,LOT-2544,2026-02-16,
a18-ct09:mlx5_3,host,A18,OSF6K634YI,LOT-2539,2026-02-16,
leaf-a09-r3:swp27,switch,A18,OSS33LBSJZ,LOT-2539,2026-02-16,
a18-ct10:mlx5_0,host,A18,OSSO17WICZ,LOT-2541,2026-02-16,
leaf-a09-r0:swp28,switch,A18,OSNBZJDLO9,LOT-2539,2026-02-16,
a18-ct10:mlx5_1,host,A18,OSNY8OJN96,LOT-2541,2026-02-16,
leaf-a09-r1:swp28,switch,A18,OSPK5MCMCJ,LOT-2602,2026-02-16,
a18-ct10:mlx5_2,host,A18,OSL1T4VSUU,LOT-2539,2026-02-16,
leaf-a09-r2:swp28,switch,A18,OSG9V6142R,LOT-2602,2026-02-16,
a18-ct10:mlx5_3,host,A18,OSTNO3ZMPF,LOT-2541,2026-02-16,
leaf-a09-r3:swp28,switch,A18,OS688EPY62,LOT-2539,2026-02-16,
a18-ct11:mlx5_0,host,A18,OSU6ZF67K9,LOT-2548,2026-02-16,
leaf-a09-r0:swp29,switch,A18,OSOQ3ORSJL,LOT-2548,2026-02-16,
a18-ct11:mlx5_1,host,A18,OS38NHCI36,LOT-2546,2026-02-16,
leaf-a09-r1:swp29,switch,A18,OSOUDDKM3M,LOT-2541,2026-02-16,
a18-ct11:mlx5_2,host,A18,OSYJOV0XQP,LOT-2550,2026-02-16,
leaf-a09-r2:swp29,switch,A18,OSU1PN25JI,LOT-2550,2026-02-16,
a18-ct11:mlx5_3,host,A18,OSIS5U75ZF,LOT-2546,2026-02-16,
leaf-a09-r3:swp29,switch,A18,OSH58NAMF5,LOT-2539,2026-02-16,
a18-ct12:mlx5_0,host,A18,OS3V9AZXM2,LOT-2539,2026-02-16,
leaf-a09-r0:swp30,switch,A18,OSU9HJEUQO,LOT-2539,2026-02-16,
a18-ct12:mlx5_1,host,A18,OSX8VNXLUE,LOT-2541,2026-02-16,
leaf-a09-r1:swp30,switch,A18,OS65X4NVQ4,LOT-2546,2026-02-16,
a18-ct12:mlx5_2,host,A18,OSEQGNFZCD,LOT-2546,2026-02-16,
leaf-a09-r2:swp30,switch,A18,OS8AKFGAAZ,LOT-2602,2026-02-16,2026-03-31
a18-ct12:mlx5_3,host,A18,OSJ7LW964B,LOT-2548,2026-02-16,2026-03-12
leaf-a09-r3:swp30,switch,A18,OSQC43FN8I,LOT-2544,2026-02-16,2026-06-07
a18-ct13:mlx5_0,host,A18,OSL9OUTYT9,LOT-2541,2026-02-16,
leaf-a09-r0:swp31,switch,A18,OSDE9B1MGF,LOT-2539,2026-02-16,
a18-ct13:mlx5_1,host,A18,OSFE4SHKRY,LOT-2546,2026-02-16,
leaf-a09-r1:swp31,switch,A18,OST6NCWSHU,LOT-2544,2026-02-16,
a18-ct13:mlx5_2,host,A18,OSEC4Z3IYQ,LOT-2548,2026-02-16,
leaf-a09-r2:swp31,switch,A18,OS919ILPET,LOT-2548,2026-02-16,
a18-ct13:mlx5_3,host,A18,OS3JJWEO3S,LOT-2605,2026-02-16,
leaf-a09-r3:swp31,switch,A18,OSG7N40I5L,LOT-2546,2026-02-16,
a18-ct14:mlx5_0,host,A18,OSTPBXWS7P,LOT-2550,2026-02-16,
leaf-a09-r0:swp32,switch,A18,OSCL35CZFU,LOT-2546,2026-02-16,
a18-ct14:mlx5_1,host,A18,OSN8ND8DMP,LOT-2550,2026-02-16,
leaf-a09-r1:swp32,switch,A18,OSVHSH3L13,LOT-2546,2026-02-16,
a18-ct14:mlx5_2,host,A18,OS7VT81UBS,LOT-2548,2026-02-16,
leaf-a09-r2:swp32,switch,A18,OSN0ISWKAP,LOT-2541,2026-02-16,
a18-ct14:mlx5_3,host,A18,OS393O9PXY,LOT-2539,2026-02-16,
leaf-a09-r3:swp32,switch,A18,OS1BCWAGH1,LOT-2546,2026-02-16,
a18-ct15:mlx5_0,host,A18,OSIHEZ2YXG,LOT-2544,2026-02-16,
leaf-a09-r0:swp33,switch,A18,OSK0Y8LVE4,LOT-2541,2026-02-16,
a18-ct15:mlx5_1,host,A18,OSHAEU36DY,LOT-2541,2026-02-16,
leaf-a09-r1:swp33,switch,A18,OSAFGRXYBO,LOT-2605,2026-02-16,
a18-ct15:mlx5_2,host,A18,OSO3XNDX4G,LOT-2544,2026-02-16,
leaf-a09-r2:swp33,switch,A18,OSOM8PKVF9,LOT-2550,2026-02-16,
a18-ct15:mlx5_3,host,A18,OS0H9E0WAW,LOT-2602,2026-02-16,
leaf-a09-r3:swp33,switch,A18,OSWB2C3QON,LOT-2541,2026-02-16,
a18-ct16:mlx5_0,host,A18,OS315ZXV49,LOT-2541,2026-02-16,
leaf-a09-r0:swp34,switch,A18,OSOI4FMILI,LOT-2544,2026-02-16,
a18-ct16:mlx5_1,host,A18,OSFWOKOUZI,LOT-2544,2026-02-16,
leaf-a09-r1:swp34,switch,A18,OSB7V1IW09,LOT-2541,2026-02-16,
a18-ct16:mlx5_2,host,A18,OSRIVEBD1L,LOT-2548,2026-02-16,
leaf-a09-r2:swp34,switch,A18,OSWOCMBRYY,LOT-2546,2026-02-16,
a18-ct16:mlx5_3,host,A18,OSWRWM18TP,LOT-2605,2026-02-16,
leaf-a09-r3:swp34,switch,A18,OSV9I671IP,LOT-2546,2026-02-16,
a18-ct17:mlx5_0,host,A18,OSFML65MTO,LOT-2544,2026-02-16,
leaf-a09-r0:swp35,switch,A18,OSBAQBH16K,LOT-2539,2026-02-16,
a18-ct17:mlx5_1,host,A18,OSU1TA827D,LOT-2544,2026-02-16,
leaf-a09-r1:swp35,switch,A18,OS9KKZD1BI,LOT-2541,2026-02-16,
a18-ct17:mlx5_2,host,A18,OSP09U120R,LOT-2550,2026-02-16,
leaf-a09-r2:swp35,switch,A18,OSURF9GIPY,LOT-2541,2026-02-16,
a18-ct17:mlx5_3,host,A18,OSHH4NYXOM,LOT-2548,2026-02-16,
leaf-a09-r3:swp35,switch,A18,OS0HKKGCUA,LOT-2541,2026-02-16,
a18-ct18:mlx5_0,host,A18,OSZLPSFX6P,LOT-2548,2026-02-16,
leaf-a09-r0:swp36,switch,A18,OS75AYQQVV,LOT-2546,2026-02-16,
a18-ct18:mlx5_1,host,A18,OSC7G31HUU,LOT-2539,2026-02-16,
leaf-a09-r1:swp36,switch,A18,OSHWWYBI6G,LOT-2546,2026-02-16,
a18-ct18:mlx5_2,host,A18,OSPCAZUL87,LOT-2539,2026-02-16,
leaf-a09-r2:swp36,switch,A18,OSXGFMQYP8,LOT-2548,2026-02-16,
a18-ct18:mlx5_3,host,A18,OSGRH7UC6I,LOT-2541,2026-02-16,
leaf-a09-r3:swp36,switch,A18,OSBPN06HF6,LOT-2546,2026-02-16,
a19-ct01:mlx5_0,host,A19,OSBOU1SMXU,LOT-2602,2026-02-16,
leaf-a10-r0:swp1,switch,A19,OSTA66HYU6,LOT-2548,2026-02-16,
a19-ct01:mlx5_1,host,A19,OS7O1QPRA9,LOT-2548,2026-02-16,
leaf-a10-r1:swp1,switch,A19,OSMJ3071IF,LOT-2541,2026-02-16,
a19-ct01:mlx5_2,host,A19,OS1ZYQGU6G,LOT-2541,2026-02-16,
leaf-a10-r2:swp1,switch,A19,OSEUBJH8UB,LOT-2546,2026-02-16,
a19-ct01:mlx5_3,host,A19,OS5NVPAZ4Y,LOT-2541,2026-02-16,
leaf-a10-r3:swp1,switch,A19,OSTT9XGQFA,LOT-2544,2026-02-16,
a19-ct02:mlx5_0,host,A19,OSH4R179OI,LOT-2548,2026-02-16,
leaf-a10-r0:swp2,switch,A19,OS6TYHDHPQ,LOT-2546,2026-02-16,
a19-ct02:mlx5_1,host,A19,OSEMQFLTVR,LOT-2539,2026-02-16,
leaf-a10-r1:swp2,switch,A19,OS12M8YSM4,LOT-2544,2026-02-16,
a19-ct02:mlx5_2,host,A19,OSKJY8L50U,LOT-2539,2026-02-16,
leaf-a10-r2:swp2,switch,A19,OS311T8HWR,LOT-2546,2026-02-16,
a19-ct02:mlx5_3,host,A19,OSVNFDD79L,LOT-2546,2026-02-16,
leaf-a10-r3:swp2,switch,A19,OSF23ZRL8R,LOT-2544,2026-02-16,
a19-ct03:mlx5_0,host,A19,OSUQTDNQ4M,LOT-2539,2026-02-16,
leaf-a10-r0:swp3,switch,A19,OS6X5YKA6B,LOT-2541,2026-02-16,
a19-ct03:mlx5_1,host,A19,OS6TJOOU37,LOT-2544,2026-02-16,
leaf-a10-r1:swp3,switch,A19,OSN0MSJ4MC,LOT-2541,2026-02-16,
a19-ct03:mlx5_2,host,A19,OSD1F2VZE8,LOT-2550,2026-02-16,
leaf-a10-r2:swp3,switch,A19,OSKVPOFJ9Q,LOT-2548,2026-02-16,
a19-ct03:mlx5_3,host,A19,OSRYNZP4BU,LOT-2539,2026-02-16,
leaf-a10-r3:swp3,switch,A19,OSA8G3VZPX,LOT-2539,2026-02-16,
a19-ct04:mlx5_0,host,A19,OSBBS47LE4,LOT-2544,2026-02-16,
leaf-a10-r0:swp4,switch,A19,OSI1KHJ8O5,LOT-2544,2026-02-16,
a19-ct04:mlx5_1,host,A19,OS0VBHQ7L3,LOT-2539,2026-02-16,
leaf-a10-r1:swp4,switch,A19,OS3CLAIRG9,LOT-2550,2026-02-16,
a19-ct04:mlx5_2,host,A19,OS11RGXLOH,LOT-2539,2026-02-16,
leaf-a10-r2:swp4,switch,A19,OST62FBSOQ,LOT-2541,2026-02-16,
a19-ct04:mlx5_3,host,A19,OSVOU9RR19,LOT-2544,2026-02-16,
leaf-a10-r3:swp4,switch,A19,OSV2N42Q16,LOT-2539,2026-02-16,
a19-ct05:mlx5_0,host,A19,OSC2QGVS1Z,LOT-2539,2026-02-16,
leaf-a10-r0:swp5,switch,A19,OSTJLZLO4T,LOT-2539,2026-02-16,
a19-ct05:mlx5_1,host,A19,OSQ8B6BETA,LOT-2541,2026-02-16,
leaf-a10-r1:swp5,switch,A19,OSV9UYWA37,LOT-2541,2026-02-16,
a19-ct05:mlx5_2,host,A19,OS5I4FQPGW,LOT-2539,2026-02-16,
leaf-a10-r2:swp5,switch,A19,OS0NET86IQ,LOT-2550,2026-02-16,
a19-ct05:mlx5_3,host,A19,OSIASVM0GU,LOT-2539,2026-02-16,
leaf-a10-r3:swp5,switch,A19,OSBFB135X9,LOT-2541,2026-02-16,
a19-ct06:mlx5_0,host,A19,OSMJV0TZX7,LOT-2605,2026-02-16,
leaf-a10-r0:swp6,switch,A19,OSKNI9VT30,LOT-2546,2026-02-16,
a19-ct06:mlx5_1,host,A19,OSYTJPXBG6,LOT-2541,2026-02-16,
leaf-a10-r1:swp6,switch,A19,OSK4OCA6L2,LOT-2544,2026-02-16,
a19-ct06:mlx5_2,host,A19,OS6RIJELVW,LOT-2605,2026-02-16,
leaf-a10-r2:swp6,switch,A19,OSLB006OFH,LOT-2539,2026-02-16,
a19-ct06:mlx5_3,host,A19,OSTDPC2EBY,LOT-2544,2026-02-16,
leaf-a10-r3:swp6,switch,A19,OSPED7ZGNC,LOT-2546,2026-02-16,
a19-ct07:mlx5_0,host,A19,OSIRSEOBTP,LOT-2546,2026-02-16,
leaf-a10-r0:swp7,switch,A19,OSHOKCUC8G,LOT-2548,2026-02-16,
a19-ct07:mlx5_1,host,A19,OSP9NP4DNH,LOT-2539,2026-02-16,
leaf-a10-r1:swp7,switch,A19,OS8IFJE54U,LOT-2550,2026-02-16,
a19-ct07:mlx5_2,host,A19,OSZ8KOC9VN,LOT-2544,2026-02-16,
leaf-a10-r2:swp7,switch,A19,OSHOJACTEH,LOT-2544,2026-02-16,
a19-ct07:mlx5_3,host,A19,OSSS02N7DH,LOT-2544,2026-02-16,
leaf-a10-r3:swp7,switch,A19,OSDXHOK726,LOT-2544,2026-02-16,
a19-ct08:mlx5_0,host,A19,OS4GPVZF8G,LOT-2602,2026-02-16,
leaf-a10-r0:swp8,switch,A19,OS9M5UICUZ,LOT-2602,2026-02-16,
a19-ct08:mlx5_1,host,A19,OSEV3131VP,LOT-2605,2026-02-16,
leaf-a10-r1:swp8,switch,A19,OSHUT50HT2,LOT-2541,2026-02-16,
a19-ct08:mlx5_2,host,A19,OSD3Y7FJ57,LOT-2541,2026-02-16,
leaf-a10-r2:swp8,switch,A19,OSY8O0I1US,LOT-2550,2026-02-16,
a19-ct08:mlx5_3,host,A19,OSPYLNVJO7,LOT-2539,2026-02-16,
leaf-a10-r3:swp8,switch,A19,OSXIEDNRI9,LOT-2539,2026-02-16,
a19-ct09:mlx5_0,host,A19,OSL75KXOPS,LOT-2541,2026-02-16,
leaf-a10-r0:swp9,switch,A19,OSQ5OP7W21,LOT-2605,2026-02-16,
a19-ct09:mlx5_1,host,A19,OSNYVX9976,LOT-2605,2026-02-16,
leaf-a10-r1:swp9,switch,A19,OSW6FA2H4E,LOT-2541,2026-02-16,
a19-ct09:mlx5_2,host,A19,OSVVAGCDGV,LOT-2541,2026-02-16,
leaf-a10-r2:swp9,switch,A19,OS5HIBANXD,LOT-2550,2026-02-16,
a19-ct09:mlx5_3,host,A19,OS6QE412PE,LOT-2548,2026-02-16,
leaf-a10-r3:swp9,switch,A19,OS9C6PRLMM,LOT-2541,2026-02-16,
a19-ct10:mlx5_0,host,A19,OSOU4399J8,LOT-2602,2026-02-16,
leaf-a10-r0:swp10,switch,A19,OSQHQ2OY5I,LOT-2541,2026-02-16,
a19-ct10:mlx5_1,host,A19,OSHM06PCBH,LOT-2602,2026-02-16,
leaf-a10-r1:swp10,switch,A19,OS0JNEFWIX,LOT-2546,2026-02-16,
a19-ct10:mlx5_2,host,A19,OSIYRV46UP,LOT-2541,2026-02-16,
leaf-a10-r2:swp10,switch,A19,OS5A94N5D3,LOT-2544,2026-02-16,
a19-ct10:mlx5_3,host,A19,OSDHEMOD02,LOT-2541,2026-02-16,
leaf-a10-r3:swp10,switch,A19,OS2KPN0868,LOT-2539,2026-02-16,
a19-ct11:mlx5_0,host,A19,OSFL6EZFD0,LOT-2541,2026-02-16,
leaf-a10-r0:swp11,switch,A19,OSJARYYRGH,LOT-2546,2026-02-16,
a19-ct11:mlx5_1,host,A19,OSBS90JI1Q,LOT-2548,2026-02-16,
leaf-a10-r1:swp11,switch,A19,OSM8VGESQQ,LOT-2605,2026-02-16,
a19-ct11:mlx5_2,host,A19,OSMSAC6HCG,LOT-2539,2026-02-16,
leaf-a10-r2:swp11,switch,A19,OSZSK2QMU3,LOT-2539,2026-02-16,
a19-ct11:mlx5_3,host,A19,OSJ21YYAPY,LOT-2548,2026-02-16,
leaf-a10-r3:swp11,switch,A19,OSEA91T9L8,LOT-2539,2026-02-16,
a19-ct12:mlx5_0,host,A19,OSDQV1U2ES,LOT-2605,2026-02-16,
leaf-a10-r0:swp12,switch,A19,OSLOEDD8HL,LOT-2544,2026-02-16,
a19-ct12:mlx5_1,host,A19,OSOIM77H7O,LOT-2602,2026-02-16,
leaf-a10-r1:swp12,switch,A19,OSXCF2M6L4,LOT-2541,2026-02-16,
a19-ct12:mlx5_2,host,A19,OSWFCBM0DR,LOT-2541,2026-02-16,
leaf-a10-r2:swp12,switch,A19,OSZKPO0BG2,LOT-2539,2026-02-16,
a19-ct12:mlx5_3,host,A19,OS0UWFY6CY,LOT-2550,2026-02-16,
leaf-a10-r3:swp12,switch,A19,OSZTBRVWYM,LOT-2546,2026-02-16,
a19-ct13:mlx5_0,host,A19,OSXY19KXHB,LOT-2539,2026-02-16,
leaf-a10-r0:swp13,switch,A19,OS47LOYPVV,LOT-2539,2026-02-16,
a19-ct13:mlx5_1,host,A19,OSUL65XQE2,LOT-2605,2026-02-16,
leaf-a10-r1:swp13,switch,A19,OSISB4U137,LOT-2602,2026-02-16,
a19-ct13:mlx5_2,host,A19,OSWI27YCNK,LOT-2541,2026-02-16,
leaf-a10-r2:swp13,switch,A19,OS0XLCEIMB,LOT-2539,2026-02-16,
a19-ct13:mlx5_3,host,A19,OSK3D0CU75,LOT-2546,2026-02-16,
leaf-a10-r3:swp13,switch,A19,OSY7VRDNPP,LOT-2550,2026-02-16,
a19-ct14:mlx5_0,host,A19,OSTY1P8MX5,LOT-2605,2026-02-16,
leaf-a10-r0:swp14,switch,A19,OSAD93H5B1,LOT-2539,2026-02-16,
a19-ct14:mlx5_1,host,A19,OSKPWCS7C4,LOT-2539,2026-02-16,
leaf-a10-r1:swp14,switch,A19,OS94ACJYJR,LOT-2544,2026-02-16,
a19-ct14:mlx5_2,host,A19,OSG5QOLYU2,LOT-2541,2026-02-16,
leaf-a10-r2:swp14,switch,A19,OS19P46ILT,LOT-2546,2026-02-16,
a19-ct14:mlx5_3,host,A19,OSB6E0P0RV,LOT-2548,2026-02-16,
leaf-a10-r3:swp14,switch,A19,OSFOK52AGR,LOT-2541,2026-02-16,
a19-ct15:mlx5_0,host,A19,OSZGIWSSKT,LOT-2546,2026-02-16,
leaf-a10-r0:swp15,switch,A19,OSNMUAKZ1D,LOT-2539,2026-02-16,
a19-ct15:mlx5_1,host,A19,OS034D2ZO9,LOT-2548,2026-02-16,
leaf-a10-r1:swp15,switch,A19,OSE60Q6K1F,LOT-2541,2026-02-16,
a19-ct15:mlx5_2,host,A19,OSV9MU2CVL,LOT-2539,2026-02-16,
leaf-a10-r2:swp15,switch,A19,OS65U4BAS7,LOT-2539,2026-02-16,
a19-ct15:mlx5_3,host,A19,OSW8SWNZUJ,LOT-2544,2026-02-16,
leaf-a10-r3:swp15,switch,A19,OSPU3FKO7L,LOT-2605,2026-02-16,
a19-ct16:mlx5_0,host,A19,OS71N1WL89,LOT-2544,2026-02-16,
leaf-a10-r0:swp16,switch,A19,OSKKLNK9U7,LOT-2548,2026-02-16,
a19-ct16:mlx5_1,host,A19,OSIALPJ81Y,LOT-2605,2026-02-16,
leaf-a10-r1:swp16,switch,A19,OS46UV5JDF,LOT-2546,2026-02-16,
a19-ct16:mlx5_2,host,A19,OSIUVPCRPE,LOT-2546,2026-02-16,
leaf-a10-r2:swp16,switch,A19,OSE25HLFVH,LOT-2539,2026-02-16,
a19-ct16:mlx5_3,host,A19,OS0K15ZE49,LOT-2546,2026-02-16,
leaf-a10-r3:swp16,switch,A19,OSYVHEH6ZH,LOT-2605,2026-02-16,
a19-ct17:mlx5_0,host,A19,OSI2ANEMX6,LOT-2539,2026-02-16,
leaf-a10-r0:swp17,switch,A19,OSW84HS8GK,LOT-2548,2026-02-16,
a19-ct17:mlx5_1,host,A19,OS31013O2A,LOT-2602,2026-02-16,
leaf-a10-r1:swp17,switch,A19,OSZ5KB0D8Z,LOT-2602,2026-02-16,
a19-ct17:mlx5_2,host,A19,OS2P7DF2KY,LOT-2550,2026-02-16,
leaf-a10-r2:swp17,switch,A19,OSD5RUG9NL,LOT-2539,2026-02-16,
a19-ct17:mlx5_3,host,A19,OST2PLGL5A,LOT-2548,2026-02-16,
leaf-a10-r3:swp17,switch,A19,OSQR8YZWA1,LOT-2546,2026-02-16,
a19-ct18:mlx5_0,host,A19,OSYHP4VCJA,LOT-2546,2026-02-16,2026-05-01
leaf-a10-r0:swp18,switch,A19,OS6O0B7A5G,LOT-2605,2026-02-16,
a19-ct18:mlx5_1,host,A19,OSY6WQSKQA,LOT-2539,2026-02-16,
leaf-a10-r1:swp18,switch,A19,OS9P3UUHQE,LOT-2546,2026-02-16,
a19-ct18:mlx5_2,host,A19,OS3XFPAHFH,LOT-2539,2026-02-16,
leaf-a10-r2:swp18,switch,A19,OSHD5JGCP9,LOT-2546,2026-02-16,
a19-ct18:mlx5_3,host,A19,OS60QTEUK9,LOT-2546,2026-02-16,
leaf-a10-r3:swp18,switch,A19,OSCH0N4YWK,LOT-2546,2026-02-16,
a20-ct01:mlx5_0,host,A20,OSV0TQ0HL9,LOT-2550,2026-02-16,
leaf-a10-r0:swp19,switch,A20,OSH1RDHK3I,LOT-2539,2026-02-16,
a20-ct01:mlx5_1,host,A20,OSEZV9203M,LOT-2544,2026-02-16,
leaf-a10-r1:swp19,switch,A20,OSVPEG41FJ,LOT-2546,2026-02-16,
a20-ct01:mlx5_2,host,A20,OS89IH91IY,LOT-2544,2026-02-16,
leaf-a10-r2:swp19,switch,A20,OS1RL5MGL0,LOT-2541,2026-02-16,
a20-ct01:mlx5_3,host,A20,OSDZN8YWHD,LOT-2602,2026-02-16,
leaf-a10-r3:swp19,switch,A20,OSG3O4S50H,LOT-2544,2026-02-16,
a20-ct02:mlx5_0,host,A20,OSX2SR0VUO,LOT-2539,2026-02-16,
leaf-a10-r0:swp20,switch,A20,OSH12JPT9G,LOT-2544,2026-02-16,
a20-ct02:mlx5_1,host,A20,OS0J8RGEUS,LOT-2548,2026-02-16,
leaf-a10-r1:swp20,switch,A20,OSING1ZG40,LOT-2539,2026-02-16,
a20-ct02:mlx5_2,host,A20,OSQ73C20G7,LOT-2550,2026-02-16,
leaf-a10-r2:swp20,switch,A20,OSL40683BY,LOT-2539,2026-02-16,
a20-ct02:mlx5_3,host,A20,OSBDCX7H5Z,LOT-2546,2026-02-16,
leaf-a10-r3:swp20,switch,A20,OSQ075YHVV,LOT-2541,2026-02-16,
a20-ct03:mlx5_0,host,A20,OSZRD359SE,LOT-2605,2026-02-16,
leaf-a10-r0:swp21,switch,A20,OSZX28FWL0,LOT-2544,2026-02-16,
a20-ct03:mlx5_1,host,A20,OSNCTALPEI,LOT-2541,2026-02-16,
leaf-a10-r1:swp21,switch,A20,OSE1IA3MTH,LOT-2539,2026-02-16,
a20-ct03:mlx5_2,host,A20,OS1NGLUYYW,LOT-2539,2026-02-16,
leaf-a10-r2:swp21,switch,A20,OS6VVXG3MV,LOT-2544,2026-02-16,
a20-ct03:mlx5_3,host,A20,OSTZOX1618,LOT-2544,2026-02-16,
leaf-a10-r3:swp21,switch,A20,OS8FBWK0U8,LOT-2544,2026-02-16,2026-05-29
a20-ct04:mlx5_0,host,A20,OSYEP6QVDR,LOT-2548,2026-02-16,
leaf-a10-r0:swp22,switch,A20,OSA5WP5WWZ,LOT-2544,2026-02-16,
a20-ct04:mlx5_1,host,A20,OS841F14MI,LOT-2602,2026-02-16,
leaf-a10-r1:swp22,switch,A20,OSHKBY4AW0,LOT-2605,2026-02-16,
a20-ct04:mlx5_2,host,A20,OS58ZM3JQ9,LOT-2544,2026-02-16,
leaf-a10-r2:swp22,switch,A20,OSM9JUXRFM,LOT-2541,2026-02-16,
a20-ct04:mlx5_3,host,A20,OSY87MW4DA,LOT-2544,2026-02-16,
leaf-a10-r3:swp22,switch,A20,OSFKRUEMGT,LOT-2541,2026-02-16,
a20-ct05:mlx5_0,host,A20,OSZ9G5ULNT,LOT-2550,2026-02-16,
leaf-a10-r0:swp23,switch,A20,OSZW3B3RII,LOT-2541,2026-02-16,
a20-ct05:mlx5_1,host,A20,OS46ESVO2X,LOT-2602,2026-02-16,
leaf-a10-r1:swp23,switch,A20,OSAUBTPL8F,LOT-2546,2026-02-16,
a20-ct05:mlx5_2,host,A20,OSH0S6YF7H,LOT-2602,2026-02-16,
leaf-a10-r2:swp23,switch,A20,OS3413XZQY,LOT-2605,2026-02-16,
a20-ct05:mlx5_3,host,A20,OS9R29NIDG,LOT-2544,2026-02-16,
leaf-a10-r3:swp23,switch,A20,OS5CNHAIHA,LOT-2541,2026-02-16,
a20-ct06:mlx5_0,host,A20,OS2S6B5HDA,LOT-2544,2026-02-16,
leaf-a10-r0:swp24,switch,A20,OSNR1TC04K,LOT-2539,2026-02-16,
a20-ct06:mlx5_1,host,A20,OSUAOLUY50,LOT-2546,2026-02-16,
leaf-a10-r1:swp24,switch,A20,OSVPXO04LV,LOT-2539,2026-02-16,
a20-ct06:mlx5_2,host,A20,OS1UYDLRQ1,LOT-2539,2026-02-16,
leaf-a10-r2:swp24,switch,A20,OS5SWNB3E2,LOT-2602,2026-02-16,
a20-ct06:mlx5_3,host,A20,OS8FLULML9,LOT-2541,2026-02-16,
leaf-a10-r3:swp24,switch,A20,OSU2JFVTOG,LOT-2541,2026-02-16,
a20-ct07:mlx5_0,host,A20,OSW2MDM6B5,LOT-2544,2026-02-16,2026-08-13
leaf-a10-r0:swp25,switch,A20,OSYT2KJ8BN,LOT-2602,2026-02-16,
a20-ct07:mlx5_1,host,A20,OSCMRQIDII,LOT-2550,2026-02-16,
leaf-a10-r1:swp25,switch,A20,OS0JPG98SR,LOT-2548,2026-02-16,
a20-ct07:mlx5_2,host,A20,OSH59FCRA5,LOT-2539,2026-02-16,
leaf-a10-r2:swp25,switch,A20,OSO4C9GHYB,LOT-2546,2026-02-16,
a20-ct07:mlx5_3,host,A20,OSLF56CB47,LOT-2550,2026-02-16,
leaf-a10-r3:swp25,switch,A20,OSIFY6F091,LOT-2602,2026-02-16,
a20-ct08:mlx5_0,host,A20,OSW3URPDUW,LOT-2602,2026-02-16,
leaf-a10-r0:swp26,switch,A20,OS3DPCSUQR,LOT-2541,2026-02-16,
a20-ct08:mlx5_1,host,A20,OS96HWALU1,LOT-2544,2026-02-16,
leaf-a10-r1:swp26,switch,A20,OSSEMZGSVQ,LOT-2548,2026-02-16,
a20-ct08:mlx5_2,host,A20,OSK563MZD3,LOT-2544,2026-02-16,
leaf-a10-r2:swp26,switch,A20,OSOTEBBMTW,LOT-2548,2026-02-16,
a20-ct08:mlx5_3,host,A20,OSMDX4ULQF,LOT-2539,2026-02-16,
leaf-a10-r3:swp26,switch,A20,OSARFQ9A40,LOT-2539,2026-02-16,
a20-ct09:mlx5_0,host,A20,OSFFRDH8Y4,LOT-2544,2026-02-16,
leaf-a10-r0:swp27,switch,A20,OSNUL59DR1,LOT-2548,2026-02-16,
a20-ct09:mlx5_1,host,A20,OSHTNILORQ,LOT-2544,2026-02-16,
leaf-a10-r1:swp27,switch,A20,OSJ2NX5OP2,LOT-2544,2026-02-16,
a20-ct09:mlx5_2,host,A20,OS74LALGYN,LOT-2539,2026-02-16,
leaf-a10-r2:swp27,switch,A20,OS99FOX0VX,LOT-2544,2026-02-16,
a20-ct09:mlx5_3,host,A20,OSN937SRIA,LOT-2546,2026-02-16,
leaf-a10-r3:swp27,switch,A20,OSO50C3RPW,LOT-2548,2026-02-16,
a20-ct10:mlx5_0,host,A20,OSWXPC6X4O,LOT-2605,2026-02-16,
leaf-a10-r0:swp28,switch,A20,OS2Z783XGP,LOT-2550,2026-02-16,2026-05-28
a20-ct10:mlx5_1,host,A20,OSW7AHQ557,LOT-2550,2026-02-16,
leaf-a10-r1:swp28,switch,A20,OSWC1LNEOC,LOT-2539,2026-02-16,
a20-ct10:mlx5_2,host,A20,OSUJAD55KG,LOT-2544,2026-02-16,
leaf-a10-r2:swp28,switch,A20,OSTQS2MQIV,LOT-2544,2026-02-16,
a20-ct10:mlx5_3,host,A20,OSXLMGZ9KM,LOT-2548,2026-02-16,
leaf-a10-r3:swp28,switch,A20,OSB57M5WTG,LOT-2541,2026-02-16,
a20-ct11:mlx5_0,host,A20,OSCIKXOSIW,LOT-2544,2026-02-16,
leaf-a10-r0:swp29,switch,A20,OSBALOMKE2,LOT-2548,2026-02-16,
a20-ct11:mlx5_1,host,A20,OSYOEYKIL9,LOT-2602,2026-02-16,
leaf-a10-r1:swp29,switch,A20,OSKRJ2PT1P,LOT-2550,2026-02-16,
a20-ct11:mlx5_2,host,A20,OS2KPZRSIL,LOT-2546,2026-02-16,
leaf-a10-r2:swp29,switch,A20,OS66V4048P,LOT-2602,2026-02-16,
a20-ct11:mlx5_3,host,A20,OS3Z5CLAPA,LOT-2544,2026-02-16,
leaf-a10-r3:swp29,switch,A20,OSSPCA7NSA,LOT-2546,2026-02-16,
a20-ct12:mlx5_0,host,A20,OSFYT4ONPY,LOT-2539,2026-02-16,
leaf-a10-r0:swp30,switch,A20,OSNMS84UX8,LOT-2539,2026-02-16,
a20-ct12:mlx5_1,host,A20,OSP45PELLN,LOT-2541,2026-02-16,
leaf-a10-r1:swp30,switch,A20,OSUW0IXGPP,LOT-2539,2026-02-16,
a20-ct12:mlx5_2,host,A20,OSHVFLA59L,LOT-2546,2026-02-16,
leaf-a10-r2:swp30,switch,A20,OSQDE36VYZ,LOT-2539,2026-02-16,
a20-ct12:mlx5_3,host,A20,OSRANWMZXV,LOT-2548,2026-02-16,
leaf-a10-r3:swp30,switch,A20,OSPPDRU3DI,LOT-2605,2026-02-16,
a20-ct13:mlx5_0,host,A20,OS7YPAIB35,LOT-2550,2026-02-16,
leaf-a10-r0:swp31,switch,A20,OSNRIPKG2A,LOT-2546,2026-02-16,
a20-ct13:mlx5_1,host,A20,OSCZ7Y24R7,LOT-2550,2026-02-16,
leaf-a10-r1:swp31,switch,A20,OSJYC0YM1U,LOT-2550,2026-02-16,
a20-ct13:mlx5_2,host,A20,OSTFFME3XD,LOT-2539,2026-02-16,
leaf-a10-r2:swp31,switch,A20,OSWHJAOTAA,LOT-2544,2026-02-16,
a20-ct13:mlx5_3,host,A20,OSFBRV84JW,LOT-2541,2026-02-16,
leaf-a10-r3:swp31,switch,A20,OSBFE1X78N,LOT-2550,2026-02-16,
a20-ct14:mlx5_0,host,A20,OSCRO2QYX1,LOT-2539,2026-02-16,
leaf-a10-r0:swp32,switch,A20,OSP7OAAQMS,LOT-2602,2026-02-16,
a20-ct14:mlx5_1,host,A20,OS1VI9ZDEO,LOT-2539,2026-02-16,
leaf-a10-r1:swp32,switch,A20,OS1VLT01Z9,LOT-2546,2026-02-16,
a20-ct14:mlx5_2,host,A20,OS7G21BPJ6,LOT-2539,2026-02-16,
leaf-a10-r2:swp32,switch,A20,OSJSTC2A1X,LOT-2548,2026-02-16,
a20-ct14:mlx5_3,host,A20,OS5RTRATLU,LOT-2539,2026-02-16,
leaf-a10-r3:swp32,switch,A20,OSCB4G6D5A,LOT-2550,2026-02-16,
a20-ct15:mlx5_0,host,A20,OSZSS3EZT3,LOT-2544,2026-02-16,
leaf-a10-r0:swp33,switch,A20,OSF18DAF4C,LOT-2602,2026-02-16,
a20-ct15:mlx5_1,host,A20,OSJSBA65FO,LOT-2550,2026-02-16,
leaf-a10-r1:swp33,switch,A20,OSXJJVEWGA,LOT-2539,2026-02-16,
a20-ct15:mlx5_2,host,A20,OSUFGGGXQL,LOT-2544,2026-02-16,
leaf-a10-r2:swp33,switch,A20,OSLH9D7SO7,LOT-2539,2026-02-16,
a20-ct15:mlx5_3,host,A20,OS2QW3BZD1,LOT-2605,2026-02-16,
leaf-a10-r3:swp33,switch,A20,OSPNQUSU48,LOT-2539,2026-02-16,
a20-ct16:mlx5_0,host,A20,OS8XPWEN2K,LOT-2541,2026-02-16,
leaf-a10-r0:swp34,switch,A20,OS4P37G3QN,LOT-2546,2026-02-16,
a20-ct16:mlx5_1,host,A20,OSY47JPUP3,LOT-2548,2026-02-16,
leaf-a10-r1:swp34,switch,A20,OS2RKBC56K,LOT-2539,2026-02-16,
a20-ct16:mlx5_2,host,A20,OS3BGXP4U9,LOT-2539,2026-02-16,
leaf-a10-r2:swp34,switch,A20,OSS4AQH2P8,LOT-2539,2026-02-16,
a20-ct16:mlx5_3,host,A20,OSLRX5X58A,LOT-2539,2026-02-16,
leaf-a10-r3:swp34,switch,A20,OS5K3RC129,LOT-2541,2026-02-16,
a20-ct17:mlx5_0,host,A20,OSTZWEJJEH,LOT-2541,2026-02-16,
leaf-a10-r0:swp35,switch,A20,OSNMOV6N0M,LOT-2550,2026-02-16,
a20-ct17:mlx5_1,host,A20,OSRYHMPZ90,LOT-2602,2026-02-16,
leaf-a10-r1:swp35,switch,A20,OSPFFPBZHX,LOT-2548,2026-02-16,
a20-ct17:mlx5_2,host,A20,OSLGLGBS67,LOT-2546,2026-02-16,
leaf-a10-r2:swp35,switch,A20,OSQP428OCR,LOT-2602,2026-02-16,2026-08-29
a20-ct17:mlx5_3,host,A20,OSU5IQ31II,LOT-2539,2026-02-16,
leaf-a10-r3:swp35,switch,A20,OSXJJPKTTO,LOT-2602,2026-02-16,
a20-ct18:mlx5_0,host,A20,OSX7UHZ7G3,LOT-2544,2026-02-16,
leaf-a10-r0:swp36,switch,A20,OS7KBVYB5O,LOT-2544,2026-02-16,2026-08-20
a20-ct18:mlx5_1,host,A20,OSXZ3A3OIW,LOT-2544,2026-02-16,
leaf-a10-r1:swp36,switch,A20,OS060WL3J9,LOT-2541,2026-02-16,
a20-ct18:mlx5_2,host,A20,OSUTRITZG4,LOT-2602,2026-02-16,
leaf-a10-r2:swp36,switch,A20,OSQXFPFE3A,LOT-2550,2026-02-16,
a20-ct18:mlx5_3,host,A20,OS4DN05FA3,LOT-2544,2026-02-16,
leaf-a10-r3:swp36,switch,A20,OSUMDKWC21,LOT-2539,2026-02-16,
a21-ct01:mlx5_0,host,A21,OS1F1CV5UK,LOT-2550,2026-02-16,
leaf-a11-r0:swp1,switch,A21,OS0VISPXKN,LOT-2541,2026-02-16,
a21-ct01:mlx5_1,host,A21,OSYQDL0K8M,LOT-2550,2026-02-16,
leaf-a11-r1:swp1,switch,A21,OSH1XH2XOK,LOT-2544,2026-02-16,
a21-ct01:mlx5_2,host,A21,OSJ5ZA6RL9,LOT-2544,2026-02-16,
leaf-a11-r2:swp1,switch,A21,OSBGYZ3SBP,LOT-2548,2026-02-16,
a21-ct01:mlx5_3,host,A21,OSG6O2FZLF,LOT-2541,2026-02-16,
leaf-a11-r3:swp1,switch,A21,OS10JLUZI4,LOT-2544,2026-02-16,
a21-ct02:mlx5_0,host,A21,OS42R522TX,LOT-2548,2026-02-16,
leaf-a11-r0:swp2,switch,A21,OS8Y608KIK,LOT-2539,2026-02-16,
a21-ct02:mlx5_1,host,A21,OSV6AHMCWU,LOT-2541,2026-02-16,
leaf-a11-r1:swp2,switch,A21,OSKW6ASOTY,LOT-2539,2026-02-16,
a21-ct02:mlx5_2,host,A21,OS5VU5C7HQ,LOT-2546,2026-02-16,
leaf-a11-r2:swp2,switch,A21,OS0P9ROT71,LOT-2539,2026-02-16,
a21-ct02:mlx5_3,host,A21,OS6IBTFGYO,LOT-2541,2026-02-16,
leaf-a11-r3:swp2,switch,A21,OSMXFUJ9VV,LOT-2539,2026-02-16,
a21-ct03:mlx5_0,host,A21,OS7Y0OILJ2,LOT-2541,2026-02-16,
leaf-a11-r0:swp3,switch,A21,OSQXW6BELP,LOT-2539,2026-02-16,
a21-ct03:mlx5_1,host,A21,OSVSV9T2U8,LOT-2550,2026-02-16,
leaf-a11-r1:swp3,switch,A21,OSKT8UGBNX,LOT-2548,2026-02-16,
a21-ct03:mlx5_2,host,A21,OSS63G9QU3,LOT-2541,2026-02-16,
leaf-a11-r2:swp3,switch,A21,OSW82AUV0H,LOT-2605,2026-02-16,
a21-ct03:mlx5_3,host,A21,OS29PN7O1Y,LOT-2541,2026-02-16,
leaf-a11-r3:swp3,switch,A21,OSFTMHIAQT,LOT-2548,2026-02-16,
a21-ct04:mlx5_0,host,A21,OSXIE99WNM,LOT-2541,2026-02-16,
leaf-a11-r0:swp4,switch,A21,OSKNPK1Q79,LOT-2544,2026-02-16,
a21-ct04:mlx5_1,host,A21,OS5HIVY3UG,LOT-2541,2026-02-16,
leaf-a11-r1:swp4,switch,A21,OSHEN83UL0,LOT-2544,2026-02-16,
a21-ct04:mlx5_2,host,A21,OS8A1WFF4Q,LOT-2544,2026-02-16,
leaf-a11-r2:swp4,switch,A21,OSNHQUIYA7,LOT-2605,2026-02-16,
a21-ct04:mlx5_3,host,A21,OSCU79AY3Q,LOT-2539,2026-02-16,
leaf-a11-r3:swp4,switch,A21,OSLY333T0X,LOT-2539,2026-02-16,
a21-ct05:mlx5_0,host,A21,OSI402VFJE,LOT-2546,2026-02-16,
leaf-a11-r0:swp5,switch,A21,OSAS0D4W6B,LOT-2605,2026-02-16,
a21-ct05:mlx5_1,host,A21,OSCXC5LNWO,LOT-2548,2026-02-16,
leaf-a11-r1:swp5,switch,A21,OSVGVUA8WS,LOT-2602,2026-02-16,
a21-ct05:mlx5_2,host,A21,OSF1HG6ID9,LOT-2548,2026-02-16,
leaf-a11-r2:swp5,switch,A21,OSFX95SXVR,LOT-2539,2026-02-16,
a21-ct05:mlx5_3,host,A21,OS465J03OM,LOT-2546,2026-02-16,
leaf-a11-r3:swp5,switch,A21,OSNZZC88UE,LOT-2546,2026-02-16,
a21-ct06:mlx5_0,host,A21,OS7CR5E80O,LOT-2544,2026-02-16,
leaf-a11-r0:swp6,switch,A21,OS87OLBFHD,LOT-2544,2026-02-16,
a21-ct06:mlx5_1,host,A21,OS97WM84LE,LOT-2541,2026-02-16,
leaf-a11-r1:swp6,switch,A21,OSVL62ZSQX,LOT-2544,2026-02-16,2026-07-17
a21-ct06:mlx5_2,host,A21,OSXS3UYGY5,LOT-2605,2026-02-16,2026-08-05
leaf-a11-r2:swp6,switch,A21,OSBHC89GX8,LOT-2605,2026-02-16,
a21-ct06:mlx5_3,host,A21,OSAQJR0P6J,LOT-2544,2026-02-16,
leaf-a11-r3:swp6,switch,A21,OS26XGHEEC,LOT-2539,2026-02-16,
a21-ct07:mlx5_0,host,A21,OSB5RJBU1P,LOT-2541,2026-02-16,
leaf-a11-r0:swp7,switch,A21,OSG4BSM391,LOT-2550,2026-02-16,
a21-ct07:mlx5_1,host,A21,OSWZKV36LP,LOT-2548,2026-02-16,
leaf-a11-r1:swp7,switch,A21,OST1U7H86O,LOT-2539,2026-02-16,
a21-ct07:mlx5_2,host,A21,OSON27RQX5,LOT-2544,2026-02-16,
leaf-a11-r2:swp7,switch,A21,OSGTLWGDJP,LOT-2548,2026-02-16,
a21-ct07:mlx5_3,host,A21,OSKE1OJJE1,LOT-2550,2026-02-16,
leaf-a11-r3:swp7,switch,A21,OSIWM9SHXI,LOT-2548,2026-02-16,
a21-ct08:mlx5_0,host,A21,OSDH9C1B5Z,LOT-2539,2026-02-16,
leaf-a11-r0:swp8,switch,A21,OSKGV3YX5J,LOT-2541,2026-02-16,
a21-ct08:mlx5_1,host,A21,OSY6YKCC9V,LOT-2539,2026-02-16,
leaf-a11-r1:swp8,switch,A21,OSXOGKS7Q8,LOT-2539,2026-02-16,
a21-ct08:mlx5_2,host,A21,OSNJTSXWGV,LOT-2605,2026-02-16,
leaf-a11-r2:swp8,switch,A21,OSO1ENLT25,LOT-2541,2026-02-16,
a21-ct08:mlx5_3,host,A21,OS8ZDMZZJM,LOT-2539,2026-02-16,
leaf-a11-r3:swp8,switch,A21,OS3INOA992,LOT-2546,2026-02-16,
a21-ct09:mlx5_0,host,A21,OS5SQTRQ3A,LOT-2544,2026-02-16,
leaf-a11-r0:swp9,switch,A21,OSV4B5OL21,LOT-2544,2026-02-16,
a21-ct09:mlx5_1,host,A21,OSX938M84S,LOT-2548,2026-02-16,
leaf-a11-r1:swp9,switch,A21,OSV32LVY9S,LOT-2602,2026-02-16,
a21-ct09:mlx5_2,host,A21,OSMBI43AAO,LOT-2544,2026-02-16,
leaf-a11-r2:swp9,switch,A21,OSJ0A2G8JQ,LOT-2546,2026-02-16,
a21-ct09:mlx5_3,host,A21,OS82FIQ7FT,LOT-2541,2026-02-16,
leaf-a11-r3:swp9,switch,A21,OS6Y6SFHQE,LOT-2605,2026-02-16,
a21-ct10:mlx5_0,host,A21,OSUULNTBER,LOT-2548,2026-02-16,
leaf-a11-r0:swp10,switch,A21,OSU5VZJBWW,LOT-2541,2026-02-16,
a21-ct10:mlx5_1,host,A21,OSSFEZUXM7,LOT-2539,2026-02-16,
leaf-a11-r1:swp10,switch,A21,OSBWBNET9Y,LOT-2539,2026-02-16,
a21-ct10:mlx5_2,host,A21,OSVYLIHGPE,LOT-2544,2026-02-16,
leaf-a11-r2:swp10,switch,A21,OSJ1IL2ILG,LOT-2605,2026-02-16,
a21-ct10:mlx5_3,host,A21,OSNV0C53RV,LOT-2550,2026-02-16,
leaf-a11-r3:swp10,switch,A21,OS0JZXCMQ7,LOT-2548,2026-02-16,
a21-ct11:mlx5_0,host,A21,OS07F8RYUK,LOT-2548,2026-02-16,
leaf-a11-r0:swp11,switch,A21,OSZD7NC7ID,LOT-2605,2026-02-16,
a21-ct11:mlx5_1,host,A21,OSD1TKP9ZR,LOT-2544,2026-02-16,
leaf-a11-r1:swp11,switch,A21,OSHD8GGLF4,LOT-2544,2026-02-16,
a21-ct11:mlx5_2,host,A21,OS4RPCO1O7,LOT-2541,2026-02-16,
leaf-a11-r2:swp11,switch,A21,OSI6DIB3PF,LOT-2539,2026-02-16,
a21-ct11:mlx5_3,host,A21,OSAOBXAOJC,LOT-2539,2026-02-16,
leaf-a11-r3:swp11,switch,A21,OS6DTDHFE4,LOT-2548,2026-02-16,
a21-ct12:mlx5_0,host,A21,OSC4JYEK1Z,LOT-2539,2026-02-16,
leaf-a11-r0:swp12,switch,A21,OSLYAPE2T2,LOT-2544,2026-02-16,
a21-ct12:mlx5_1,host,A21,OSERX1MGG6,LOT-2541,2026-02-16,
leaf-a11-r1:swp12,switch,A21,OSPJ0FL5SM,LOT-2546,2026-02-16,
a21-ct12:mlx5_2,host,A21,OSIQKTKX5P,LOT-2548,2026-02-16,
leaf-a11-r2:swp12,switch,A21,OSO9535E2O,LOT-2548,2026-02-16,
a21-ct12:mlx5_3,host,A21,OSNP01YGCX,LOT-2539,2026-02-16,
leaf-a11-r3:swp12,switch,A21,OSUBTN4C9J,LOT-2541,2026-02-16,
a21-ct13:mlx5_0,host,A21,OS08ZO9YS6,LOT-2544,2026-02-16,
leaf-a11-r0:swp13,switch,A21,OS09863JN9,LOT-2550,2026-02-16,
a21-ct13:mlx5_1,host,A21,OSVDDPUM5X,LOT-2544,2026-02-16,
leaf-a11-r1:swp13,switch,A21,OS56SVP99Z,LOT-2602,2026-02-16,
a21-ct13:mlx5_2,host,A21,OS35VVP00J,LOT-2548,2026-02-16,
leaf-a11-r2:swp13,switch,A21,OS12RS8HOG,LOT-2541,2026-02-16,
a21-ct13:mlx5_3,host,A21,OSNKQNRJJU,LOT-2602,2026-02-16,
leaf-a11-r3:swp13,switch,A21,OSYZ8Y91QG,LOT-2544,2026-02-16,
a21-ct14:mlx5_0,host,A21,OSDPPCVQ3M,LOT-2550,2026-02-16,2026-07-04
leaf-a11-r0:swp14,switch,A21,OSELEUN3AO,LOT-2544,2026-02-16,2026-06-16
a21-ct14:mlx5_1,host,A21,OSNECVWILW,LOT-2539,2026-02-16,
leaf-a11-r1:swp14,switch,A21,OS10O61HMV,LOT-2550,2026-02-16,
a21-ct14:mlx5_2,host,A21,OSN9KPA2Y9,LOT-2602,2026-02-16,
leaf-a11-r2:swp14,switch,A21,OSA8F6N12Y,LOT-2541,2026-02-16,
a21-ct14:mlx5_3,host,A21,OSM69M0NM7,LOT-2605,2026-02-16,
leaf-a11-r3:swp14,switch,A21,OS1BIK2DBM,LOT-2605,2026-02-16,
a21-ct15:mlx5_0,host,A21,OSF36UXS7E,LOT-2539,2026-02-16,
leaf-a11-r0:swp15,switch,A21,OSLQYV1NIE,LOT-2541,2026-02-16,2026-05-21
a21-ct15:mlx5_1,host,A21,OSFT7ZAA79,LOT-2541,2026-02-16,
leaf-a11-r1:swp15,switch,A21,OSUVROKKLW,LOT-2546,2026-02-16,
a21-ct15:mlx5_2,host,A21,OSIKVBRHGX,LOT-2602,2026-02-16,
leaf-a11-r2:swp15,switch,A21,OSSQWUC6CP,LOT-2602,2026-02-16,
a21-ct15:mlx5_3,host,A21,OSFTRYQ3IU,LOT-2548,2026-02-16,
leaf-a11-r3:swp15,switch,A21,OS9K5MHG44,LOT-2541,2026-02-16,
a21-ct16:mlx5_0,host,A21,OS4FYERMJL,LOT-2541,2026-02-16,
leaf-a11-r0:swp16,switch,A21,OSEP7FC19B,LOT-2539,2026-02-16,
a21-ct16:mlx5_1,host,A21,OSQQ4YSE88,LOT-2548,2026-02-16,
leaf-a11-r1:swp16,switch,A21,OSLC5YPSDZ,LOT-2548,2026-02-16,
a21-ct16:mlx5_2,host,A21,OS5RENUGC6,LOT-2550,2026-02-16,2026-04-21
leaf-a11-r2:swp16,switch,A21,OSOJLCFZ1S,LOT-2602,2026-02-16,
a21-ct16:mlx5_3,host,A21,OSDQV29K7S,LOT-2550,2026-02-16,
leaf-a11-r3:swp16,switch,A21,OSXAWPEWP1,LOT-2539,2026-02-16,
a21-ct17:mlx5_0,host,A21,OSD9OSO83P,LOT-2541,2026-02-16,
leaf-a11-r0:swp17,switch,A21,OSFFNNWWUN,LOT-2539,2026-02-16,
a21-ct17:mlx5_1,host,A21,OSFCECG6MT,LOT-2602,2026-02-16,
leaf-a11-r1:swp17,switch,A21,OSBM2AWHGO,LOT-2605,2026-02-16,
a21-ct17:mlx5_2,host,A21,OSKZQ56T3E,LOT-2550,2026-02-16,
leaf-a11-r2:swp17,switch,A21,OSBFJO2XTW,LOT-2605,2026-02-16,
a21-ct17:mlx5_3,host,A21,OS1E9QYJZN,LOT-2548,2026-02-16,
leaf-a11-r3:swp17,switch,A21,OSFODU2ZQX,LOT-2546,2026-02-16,
a21-ct18:mlx5_0,host,A21,OSNI1S8PPK,LOT-2546,2026-02-16,
leaf-a11-r0:swp18,switch,A21,OSNPFMODFQ,LOT-2550,2026-02-16,
a21-ct18:mlx5_1,host,A21,OSLJHYTP3S,LOT-2605,2026-02-16,
leaf-a11-r1:swp18,switch,A21,OS5PVODOQ4,LOT-2550,2026-02-16,
a21-ct18:mlx5_2,host,A21,OS6BWYK3JI,LOT-2544,2026-02-16,
leaf-a11-r2:swp18,switch,A21,OSG6TEG3LY,LOT-2602,2026-02-16,
a21-ct18:mlx5_3,host,A21,OSDILDX1SV,LOT-2541,2026-02-16,
leaf-a11-r3:swp18,switch,A21,OS6MS6UVVA,LOT-2541,2026-02-16,
a22-ct01:mlx5_0,host,A22,OS5R4DOQZR,LOT-2546,2026-02-16,
leaf-a11-r0:swp19,switch,A22,OSMTE70XEN,LOT-2546,2026-02-16,
a22-ct01:mlx5_1,host,A22,OS0AA54OLZ,LOT-2602,2026-02-16,
leaf-a11-r1:swp19,switch,A22,OS3FM7ODC7,LOT-2541,2026-02-16,
a22-ct01:mlx5_2,host,A22,OSVNYQ8CMK,LOT-2605,2026-02-16,
leaf-a11-r2:swp19,switch,A22,OSC77RJ5VW,LOT-2544,2026-02-16,
a22-ct01:mlx5_3,host,A22,OSU6NK9O5A,LOT-2541,2026-02-16,
leaf-a11-r3:swp19,switch,A22,OSRN15MBJS,LOT-2605,2026-02-16,
a22-ct02:mlx5_0,host,A22,OSWCE04J5G,LOT-2541,2026-02-16,
leaf-a11-r0:swp20,switch,A22,OSTXF3J6BG,LOT-2546,2026-02-16,
a22-ct02:mlx5_1,host,A22,OSVBY84FJC,LOT-2550,2026-02-16,
leaf-a11-r1:swp20,switch,A22,OSP7PZ8T0J,LOT-2546,2026-02-16,
a22-ct02:mlx5_2,host,A22,OSY0FLZI80,LOT-2605,2026-02-16,
leaf-a11-r2:swp20,switch,A22,OS95SJMPQV,LOT-2546,2026-02-16,
a22-ct02:mlx5_3,host,A22,OSC3RYWV5J,LOT-2539,2026-02-16,
leaf-a11-r3:swp20,switch,A22,OS36HISVE8,LOT-2544,2026-02-16,
a22-ct03:mlx5_0,host,A22,OSONGT0N9O,LOT-2550,2026-02-16,
leaf-a11-r0:swp21,switch,A22,OSO2R0AT7P,LOT-2550,2026-02-16,
a22-ct03:mlx5_1,host,A22,OS0CTKID6E,LOT-2602,2026-02-16,
leaf-a11-r1:swp21,switch,A22,OSEIOOI3BG,LOT-2541,2026-02-16,
a22-ct03:mlx5_2,host,A22,OS78ACDJGC,LOT-2539,2026-02-16,
leaf-a11-r2:swp21,switch,A22,OSLAR1P4OI,LOT-2550,2026-02-16,
a22-ct03:mlx5_3,host,A22,OSQGNX5GAC,LOT-2550,2026-02-16,
leaf-a11-r3:swp21,switch,A22,OSRV4AUSXY,LOT-2602,2026-02-16,
a22-ct04:mlx5_0,host,A22,OSXBELC45A,LOT-2541,2026-02-16,
leaf-a11-r0:swp22,switch,A22,OSHFQBE6ZS,LOT-2605,2026-02-16,
a22-ct04:mlx5_1,host,A22,OS0G8WWG7Y,LOT-2548,2026-02-16,
leaf-a11-r1:swp22,switch,A22,OS9F0TM88N,LOT-2546,2026-02-16,
a22-ct04:mlx5_2,host,A22,OS9FTVM0RD,LOT-2605,2026-02-16,
leaf-a11-r2:swp22,switch,A22,OSDG0LMAGI,LOT-2605,2026-02-16,
a22-ct04:mlx5_3,host,A22,OSNJ6C410C,LOT-2548,2026-02-16,
leaf-a11-r3:swp22,switch,A22,OSSUXL2M84,LOT-2539,2026-02-16,
a22-ct05:mlx5_0,host,A22,OSUA05Z2OH,LOT-2544,2026-02-16,
leaf-a11-r0:swp23,switch,A22,OSLSU98Y3B,LOT-2544,2026-02-16,
a22-ct05:mlx5_1,host,A22,OS92TZ39BL,LOT-2602,2026-02-16,
leaf-a11-r1:swp23,switch,A22,OS1YGDMOMV,LOT-2546,2026-02-16,
a22-ct05:mlx5_2,host,A22,OSMVVPCTCH,LOT-2546,2026-02-16,
leaf-a11-r2:swp23,switch,A22,OSDBIZWKIR,LOT-2605,2026-02-16,
a22-ct05:mlx5_3,host,A22,OSMZ4Y91M5,LOT-2541,2026-02-16,
leaf-a11-r3:swp23,switch,A22,OSHKCSMVYG,LOT-2541,2026-02-16,
a22-ct06:mlx5_0,host,A22,OSA2B0XUV6,LOT-2539,2026-02-16,
leaf-a11-r0:swp24,switch,A22,OS9U3AT4ZQ,LOT-2605,2026-02-16,
a22-ct06:mlx5_1,host,A22,OSPMC50UC6,LOT-2539,2026-02-16,
leaf-a11-r1:swp24,switch,A22,OSMLN2VODP,LOT-2539,2026-02-16,
a22-ct06:mlx5_2,host,A22,OSAYGGOQE2,LOT-2539,2026-02-16,
leaf-a11-r2:swp24,switch,A22,OSCTMO2I38,LOT-2544,2026-02-16,
a22-ct06:mlx5_3,host,A22,OSJAQ16IDY,LOT-2539,2026-02-16,
leaf-a11-r3:swp24,switch,A22,OS80OR8QV6,LOT-2541,2026-02-16,
a22-ct07:mlx5_0,host,A22,OSC6302B9V,LOT-2550,2026-02-16,
leaf-a11-r0:swp25,switch,A22,OSIN7BF64K,LOT-2541,2026-02-16,
a22-ct07:mlx5_1,host,A22,OSK7IE4NZG,LOT-2544,2026-02-16,
leaf-a11-r1:swp25,switch,A22,OSSTTX98GL,LOT-2539,2026-02-16,
a22-ct07:mlx5_2,host,A22,OSZF77W51V,LOT-2544,2026-02-16,
leaf-a11-r2:swp25,switch,A22,OSZ112MF29,LOT-2539,2026-02-16,
a22-ct07:mlx5_3,host,A22,OSMC0ZEQAK,LOT-2548,2026-02-16,
leaf-a11-r3:swp25,switch,A22,OSN9EPMKUL,LOT-2541,2026-02-16,
a22-ct08:mlx5_0,host,A22,OSGG8MEA93,LOT-2541,2026-02-16,
leaf-a11-r0:swp26,switch,A22,OSE31GMDDN,LOT-2602,2026-02-16,
a22-ct08:mlx5_1,host,A22,OSEMSJ48AN,LOT-2546,2026-02-16,
leaf-a11-r1:swp26,switch,A22,OS5JGREJV7,LOT-2548,2026-02-16,
a22-ct08:mlx5_2,host,A22,OS9D8PWGHD,LOT-2539,2026-02-16,
leaf-a11-r2:swp26,switch,A22,OS4ONR3UD8,LOT-2550,2026-02-16,
a22-ct08:mlx5_3,host,A22,OSD1W4LU1E,LOT-2544,2026-02-16,
leaf-a11-r3:swp26,switch,A22,OS0NPC1Q8O,LOT-2541,2026-02-16,
a22-ct09:mlx5_0,host,A22,OSYTWVMI04,LOT-2541,2026-02-16,
leaf-a11-r0:swp27,switch,A22,OSM2XR4L9D,LOT-2546,2026-02-16,
a22-ct09:mlx5_1,host,A22,OS3900OPKU,LOT-2550,2026-02-16,
leaf-a11-r1:swp27,switch,A22,OSCU692UZS,LOT-2544,2026-02-16,
a22-ct09:mlx5_2,host,A22,OSYH2A8EGE,LOT-2546,2026-02-16,
leaf-a11-r2:swp27,switch,A22,OS4GI8PYL7,LOT-2541,2026-02-16,
a22-ct09:mlx5_3,host,A22,OSE7CANUWR,LOT-2546,2026-02-16,
leaf-a11-r3:swp27,switch,A22,OSAOU7MKEJ,LOT-2539,2026-02-16,
a22-ct10:mlx5_0,host,A22,OSVXF3ZXCE,LOT-2602,2026-02-16,
leaf-a11-r0:swp28,switch,A22,OSQG8TUFV5,LOT-2550,2026-02-16,
a22-ct10:mlx5_1,host,A22,OSETFSDGLL,LOT-2602,2026-02-16,
leaf-a11-r1:swp28,switch,A22,OS1HE69LRU,LOT-2548,2026-02-16,
a22-ct10:mlx5_2,host,A22,OSNKAY8HI8,LOT-2539,2026-02-16,
leaf-a11-r2:swp28,switch,A22,OSL9VNWCWV,LOT-2539,2026-02-16,
a22-ct10:mlx5_3,host,A22,OSZ402GECC,LOT-2539,2026-02-16,
leaf-a11-r3:swp28,switch,A22,OSAUPZTL4R,LOT-2539,2026-02-16,
a22-ct11:mlx5_0,host,A22,OSXF7N2DS8,LOT-2544,2026-02-16,
leaf-a11-r0:swp29,switch,A22,OSW1221EQE,LOT-2605,2026-02-16,
a22-ct11:mlx5_1,host,A22,OSU17TLBQA,LOT-2548,2026-02-16,
leaf-a11-r1:swp29,switch,A22,OS69WN05RZ,LOT-2544,2026-02-16,
a22-ct11:mlx5_2,host,A22,OSHJG4SDJD,LOT-2539,2026-02-16,
leaf-a11-r2:swp29,switch,A22,OSH0ULKCAN,LOT-2539,2026-02-16,
a22-ct11:mlx5_3,host,A22,OS9RWXE7SH,LOT-2548,2026-02-16,
leaf-a11-r3:swp29,switch,A22,OSH2GMP0IM,LOT-2539,2026-02-16,
a22-ct12:mlx5_0,host,A22,OS2LJEJQO9,LOT-2541,2026-02-16,
leaf-a11-r0:swp30,switch,A22,OSYLM87W7G,LOT-2546,2026-02-16,
a22-ct12:mlx5_1,host,A22,OSWTEJLQGZ,LOT-2539,2026-02-16,
leaf-a11-r1:swp30,switch,A22,OS0C3IU3UC,LOT-2550,2026-02-16,
a22-ct12:mlx5_2,host,A22,OSR395U1OX,LOT-2605,2026-02-16,
leaf-a11-r2:swp30,switch,A22,OSR1HYC0NZ,LOT-2541,2026-02-16,
a22-ct12:mlx5_3,host,A22,OSVA8PDXPT,LOT-2548,2026-02-16,
leaf-a11-r3:swp30,switch,A22,OSTH73XXFK,LOT-2539,2026-02-16,
a22-ct13:mlx5_0,host,A22,OS8F5X68NI,LOT-2546,2026-02-16,
leaf-a11-r0:swp31,switch,A22,OSRACOYFUM,LOT-2605,2026-02-16,
a22-ct13:mlx5_1,host,A22,OSS3UL1IKH,LOT-2548,2026-02-16,
leaf-a11-r1:swp31,switch,A22,OS8Q62D0BK,LOT-2539,2026-02-16,
a22-ct13:mlx5_2,host,A22,OSR1JMLV7W,LOT-2602,2026-02-16,
leaf-a11-r2:swp31,switch,A22,OSU418U0VM,LOT-2546,2026-02-16,2026-05-18
a22-ct13:mlx5_3,host,A22,OSHFGYDZFM,LOT-2544,2026-02-16,
leaf-a11-r3:swp31,switch,A22,OS3U286GBC,LOT-2544,2026-02-16,
a22-ct14:mlx5_0,host,A22,OSHG540RMD,LOT-2539,2026-02-16,
leaf-a11-r0:swp32,switch,A22,OSC8VP7Z6S,LOT-2605,2026-02-16,
a22-ct14:mlx5_1,host,A22,OSJ6NKAD2P,LOT-2550,2026-02-16,
leaf-a11-r1:swp32,switch,A22,OSSU55BRPR,LOT-2539,2026-02-16,
a22-ct14:mlx5_2,host,A22,OSEVCOQNGX,LOT-2546,2026-02-16,
leaf-a11-r2:swp32,switch,A22,OSQC30D0RV,LOT-2602,2026-02-16,
a22-ct14:mlx5_3,host,A22,OSJRTAU4IJ,LOT-2539,2026-02-16,
leaf-a11-r3:swp32,switch,A22,OS9HP58DPB,LOT-2605,2026-02-16,
a22-ct15:mlx5_0,host,A22,OSVK5UKVP8,LOT-2539,2026-02-16,
leaf-a11-r0:swp33,switch,A22,OSH10JO5RC,LOT-2546,2026-02-16,
a22-ct15:mlx5_1,host,A22,OSRMKGJRFC,LOT-2548,2026-02-16,
leaf-a11-r1:swp33,switch,A22,OS33TQEU7E,LOT-2541,2026-02-16,
a22-ct15:mlx5_2,host,A22,OSIGX299DL,LOT-2602,2026-02-16,
leaf-a11-r2:swp33,switch,A22,OSIY86CXE2,LOT-2548,2026-02-16,
a22-ct15:mlx5_3,host,A22,OS5UFIHUZN,LOT-2546,2026-02-16,
leaf-a11-r3:swp33,switch,A22,OSVR8O2JQA,LOT-2550,2026-02-16,
a22-ct16:mlx5_0,host,A22,OSINHN8SBZ,LOT-2544,2026-02-16,
leaf-a11-r0:swp34,switch,A22,OS9SIEBXVQ,LOT-2539,2026-02-16,
a22-ct16:mlx5_1,host,A22,OSGZKBBC3U,LOT-2550,2026-02-16,
leaf-a11-r1:swp34,switch,A22,OSO5SVXXFL,LOT-2548,2026-02-16,
a22-ct16:mlx5_2,host,A22,OSAU8EFEHZ,LOT-2539,2026-02-16,
leaf-a11-r2:swp34,switch,A22,OSI6UNAN9M,LOT-2539,2026-02-16,
a22-ct16:mlx5_3,host,A22,OSWI929P8Y,LOT-2541,2026-02-16,
leaf-a11-r3:swp34,switch,A22,OS7BE0YQ6U,LOT-2548,2026-02-16,
a22-ct17:mlx5_0,host,A22,OSY9J3RSIC,LOT-2548,2026-02-16,
leaf-a11-r0:swp35,switch,A22,OSAHSAVC46,LOT-2546,2026-02-16,
a22-ct17:mlx5_1,host,A22,OSNA46PYTY,LOT-2605,2026-02-16,
leaf-a11-r1:swp35,switch,A22,OSIQ5OKZLN,LOT-2539,2026-02-16,
a22-ct17:mlx5_2,host,A22,OSS7ZODIHL,LOT-2539,2026-02-16,
leaf-a11-r2:swp35,switch,A22,OS20QN6X5M,LOT-2541,2026-02-16,
a22-ct17:mlx5_3,host,A22,OSVMYNTS26,LOT-2539,2026-02-16,
leaf-a11-r3:swp35,switch,A22,OSHDTRIEBC,LOT-2605,2026-02-16,
a22-ct18:mlx5_0,host,A22,OSADCNLURX,LOT-2605,2026-02-16,
leaf-a11-r0:swp36,switch,A22,OSCDWH26BM,LOT-2544,2026-02-16,
a22-ct18:mlx5_1,host,A22,OSYP8A91VQ,LOT-2539,2026-02-16,
leaf-a11-r1:swp36,switch,A22,OSGN0Y0HTV,LOT-2541,2026-02-16,
a22-ct18:mlx5_2,host,A22,OSWD1CUMCB,LOT-2539,2026-02-16,
leaf-a11-r2:swp36,switch,A22,OSJ49U1QRV,LOT-2539,2026-02-16,
a22-ct18:mlx5_3,host,A22,OSUIXZPOGH,LOT-2546,2026-02-16,
leaf-a11-r3:swp36,switch,A22,OS1ZN77A94,LOT-2550,2026-02-16,
a23-ct01:mlx5_0,host,A23,OSI6NQPXQI,LOT-2550,2026-02-16,
leaf-a12-r0:swp1,switch,A23,OSNNKLZOTJ,LOT-2548,2026-02-16,
a23-ct01:mlx5_1,host,A23,OSU7GKESSZ,LOT-2539,2026-02-16,
leaf-a12-r1:swp1,switch,A23,OS8EITTB0D,LOT-2550,2026-02-16,
a23-ct01:mlx5_2,host,A23,OS4GVKS7O0,LOT-2602,2026-02-16,
leaf-a12-r2:swp1,switch,A23,OSUVFYTI8R,LOT-2550,2026-02-16,
a23-ct01:mlx5_3,host,A23,OSK22JXZUR,LOT-2544,2026-02-16,
leaf-a12-r3:swp1,switch,A23,OSHIHUZ3K5,LOT-2550,2026-02-16,
a23-ct02:mlx5_0,host,A23,OSGSJRQ612,LOT-2602,2026-02-16,
leaf-a12-r0:swp2,switch,A23,OS97NGSUTG,LOT-2544,2026-02-16,
a23-ct02:mlx5_1,host,A23,OS1SQ64851,LOT-2548,2026-02-16,
leaf-a12-r1:swp2,switch,A23,OSRFINBQWE,LOT-2548,2026-02-16,
a23-ct02:mlx5_2,host,A23,OSQP0U427O,LOT-2550,2026-02-16,
leaf-a12-r2:swp2,switch,A23,OSYJPV5SPU,LOT-2544,2026-02-16,
a23-ct02:mlx5_3,host,A23,OS0V7SJZ0W,LOT-2602,2026-02-16,
leaf-a12-r3:swp2,switch,A23,OSBS0H4ORW,LOT-2605,2026-02-16,
a23-ct03:mlx5_0,host,A23,OSMNPVXN3I,LOT-2550,2026-02-16,
leaf-a12-r0:swp3,switch,A23,OSW9OO5R87,LOT-2546,2026-02-16,
a23-ct03:mlx5_1,host,A23,OSD54XN5FN,LOT-2602,2026-02-16,
leaf-a12-r1:swp3,switch,A23,OS1B38C9B6,LOT-2539,2026-02-16,
a23-ct03:mlx5_2,host,A23,OSVM31HACK,LOT-2539,2026-02-16,2026-03-17
leaf-a12-r2:swp3,switch,A23,OSCX6S9YN8,LOT-2539,2026-02-16,
a23-ct03:mlx5_3,host,A23,OSYX4EC8FS,LOT-2539,2026-02-16,
leaf-a12-r3:swp3,switch,A23,OST3ZS63PA,LOT-2539,2026-02-16,
a23-ct04:mlx5_0,host,A23,OSCKZ5W330,LOT-2602,2026-02-16,
leaf-a12-r0:swp4,switch,A23,OSD6MZ5373,LOT-2544,2026-02-16,
a23-ct04:mlx5_1,host,A23,OSQCRTSZD4,LOT-2539,2026-02-16,
leaf-a12-r1:swp4,switch,A23,OS70RKHTED,LOT-2546,2026-02-16,
a23-ct04:mlx5_2,host,A23,OSR16PFOS3,LOT-2602,2026-02-16,
leaf-a12-r2:swp4,switch,A23,OSL37V1DQE,LOT-2541,2026-02-16,
a23-ct04:mlx5_3,host,A23,OS61RRUC9B,LOT-2539,2026-02-16,
leaf-a12-r3:swp4,switch,A23,OSXSYFWK7K,LOT-2546,2026-02-16,
a23-ct05:mlx5_0,host,A23,OS6HTJRC5Y,LOT-2539,2026-02-16,
leaf-a12-r0:swp5,switch,A23,OSRD0I9D69,LOT-2539,2026-02-16,
a23-ct05:mlx5_1,host,A23,OSQAGTHUTY,LOT-2539,2026-02-16,
leaf-a12-r1:swp5,switch,A23,OS51WQ1XPK,LOT-2548,2026-02-16,
a23-ct05:mlx5_2,host,A23,OSQW4LX4AR,LOT-2544,2026-02-16,
leaf-a12-r2:swp5,switch,A23,OSERFJYT4I,LOT-2544,2026-02-16,
a23-ct05:mlx5_3,host,A23,OSYEWGMWA8,LOT-2550,2026-02-16,
leaf-a12-r3:swp5,switch,A23,OSYNLH6BDI,LOT-2602,2026-02-16,
a23-ct06:mlx5_0,host,A23,OSSY7W6IP4,LOT-2541,2026-02-16,
leaf-a12-r0:swp6,switch,A23,OSF94C9YE7,LOT-2546,2026-02-16,
a23-ct06:mlx5_1,host,A23,OS34YVHMHS,LOT-2541,2026-02-16,
leaf-a12-r1:swp6,switch,A23,OSOTXEB37C,LOT-2541,2026-02-16,
a23-ct06:mlx5_2,host,A23,OS74YG0H6F,LOT-2539,2026-02-16,
leaf-a12-r2:swp6,switch,A23,OSMB353RTZ,LOT-2602,2026-02-16,
a23-ct06:mlx5_3,host,A23,OST7Y1PY6S,LOT-2548,2026-02-16,
leaf-a12-r3:swp6,switch,A23,OSG5UJK6XD,LOT-2539,2026-02-16,
a23-ct07:mlx5_0,host,A23,OSL2RDI3CB,LOT-2539,2026-02-16,
leaf-a12-r0:swp7,switch,A23,OSMCVQTQUV,LOT-2605,2026-02-16,
a23-ct07:mlx5_1,host,A23,OS5TGFVHLQ,LOT-2550,2026-02-16,
leaf-a12-r1:swp7,switch,A23,OSZMB9M3WJ,LOT-2550,2026-02-16,
a23-ct07:mlx5_2,host,A23,OSJ4KR78RR,LOT-2548,2026-02-16,
leaf-a12-r2:swp7,switch,A23,OS2Y13FTDJ,LOT-2541,2026-02-16,
a23-ct07:mlx5_3,host,A23,OSP255810J,LOT-2539,2026-02-16,
leaf-a12-r3:swp7,switch,A23,OSZ9ROEGFZ,LOT-2541,2026-02-16,
a23-ct08:mlx5_0,host,A23,OSH5E805OY,LOT-2546,2026-02-16,2026-07-10
leaf-a12-r0:swp8,switch,A23,OSI820TNHN,LOT-2541,2026-02-16,
a23-ct08:mlx5_1,host,A23,OSZE2L7L7A,LOT-2539,2026-02-16,
leaf-a12-r1:swp8,switch,A23,OSX2F6URN7,LOT-2548,2026-02-16,
a23-ct08:mlx5_2,host,A23,OSO3OMVFW3,LOT-2548,2026-02-16,
leaf-a12-r2:swp8,switch,A23,OS7ZF6UAR9,LOT-2550,2026-02-16,
a23-ct08:mlx5_3,host,A23,OSI5QGQXGT,LOT-2546,2026-02-16,
leaf-a12-r3:swp8,switch,A23,OSDIH1HPDS,LOT-2541,2026-02-16,
a23-ct09:mlx5_0,host,A23,OS6YI5N2DR,LOT-2548,2026-02-16,
leaf-a12-r0:swp9,switch,A23,OS83E8B0BS,LOT-2550,2026-02-16,
a23-ct09:mlx5_1,host,A23,OSFF42MA5C,LOT-2548,2026-02-16,
leaf-a12-r1:swp9,switch,A23,OS56M6U9MB,LOT-2541,2026-02-16,
a23-ct09:mlx5_2,host,A23,OSIZWEGFVQ,LOT-2539,2026-02-16,
leaf-a12-r2:swp9,switch,A23,OSE02NE3EC,LOT-2539,2026-02-16,
a23-ct09:mlx5_3,host,A23,OSKJFHS28W,LOT-2539,2026-02-16,
leaf-a12-r3:swp9,switch,A23,OSQRO5YKWL,LOT-2541,2026-02-16,
a23-ct10:mlx5_0,host,A23,OSVKSVNY3G,LOT-2546,2026-02-16,
leaf-a12-r0:swp10,switch,A23,OSLW1BPMGB,LOT-2541,2026-02-16,
a23-ct10:mlx5_1,host,A23,OS0AAO1R94,LOT-2548,2026-02-16,
leaf-a12-r1:swp10,switch,A23,OSSQX4Q5ZI,LOT-2539,2026-02-16,
a23-ct10:mlx5_2,host,A23,OSK3OEJVXS,LOT-2539,2026-02-16,
leaf-a12-r2:swp10,switch,A23,OSAHFOIP3O,LOT-2602,2026-02-16,
a23-ct10:mlx5_3,host,A23,OSKB2BKRKW,LOT-2602,2026-02-16,
leaf-a12-r3:swp10,switch,A23,OSGRRD9Z6J,LOT-2541,2026-02-16,
a23-ct11:mlx5_0,host,A23,OS02WK0SL8,LOT-2546,2026-02-16,
leaf-a12-r0:swp11,switch,A23,OSANXY74A4,LOT-2539,2026-02-16,
a23-ct11:mlx5_1,host,A23,OS879Z7HG4,LOT-2544,2026-02-16,
leaf-a12-r1:swp11,switch,A23,OSPA8C8AL0,LOT-2602,2026-02-16,
a23-ct11:mlx5_2,host,A23,OSG6KFDYQ9,LOT-2544,2026-02-16,
leaf-a12-r2:swp11,switch,A23,OSJVAKKGF3,LOT-2602,2026-02-16,
a23-ct11:mlx5_3,host,A23,OSFXUPF9CT,LOT-2602,2026-02-16,2026-03-04
leaf-a12-r3:swp11,switch,A23,OS2EHSV3H7,LOT-2548,2026-02-16,2026-05-25
a23-ct12:mlx5_0,host,A23,OS9ULJWXQC,LOT-2539,2026-02-16,
leaf-a12-r0:swp12,switch,A23,OS0I0N71AJ,LOT-2602,2026-02-16,
a23-ct12:mlx5_1,host,A23,OSPXN979VF,LOT-2548,2026-02-16,
leaf-a12-r1:swp12,switch,A23,OS8X568XHT,LOT-2544,2026-02-16,
a23-ct12:mlx5_2,host,A23,OSD7LSC1X2,LOT-2548,2026-02-16,
leaf-a12-r2:swp12,switch,A23,OSOKWQPTKX,LOT-2539,2026-02-16,
a23-ct12:mlx5_3,host,A23,OSJON7Y6KN,LOT-2539,2026-02-16,
leaf-a12-r3:swp12,switch,A23,OSPWVWVO9B,LOT-2546,2026-02-16,
a23-ct13:mlx5_0,host,A23,OSY8CPF3UQ,LOT-2541,2026-02-16,
leaf-a12-r0:swp13,switch,A23,OSNAHDOCUE,LOT-2539,2026-02-16,
a23-ct13:mlx5_1,host,A23,OSOKCIKDG9,LOT-2541,2026-02-16,
leaf-a12-r1:swp13,switch,A23,OSOXA5LDM4,LOT-2544,2026-02-16,
a23-ct13:mlx5_2,host,A23,OSGZN3FP53,LOT-2550,2026-02-16,
leaf-a12-r2:swp13,switch,A23,OSZQBZAO5A,LOT-2602,2026-02-16,
a23-ct13:mlx5_3,host,A23,OS380G8QE3,LOT-2550,2026-02-16,
leaf-a12-r3:swp13,switch,A23,OS5LBB7IV3,LOT-2548,2026-02-16,
a23-ct14:mlx5_0,host,A23,OSX44Q1K9S,LOT-2546,2026-02-16,
leaf-a12-r0:swp14,switch,A23,OSHEMUYJFC,LOT-2541,2026-02-16,
a23-ct14:mlx5_1,host,A23,OSYEYQ130N,LOT-2550,2026-02-16,
leaf-a12-r1:swp14,switch,A23,OSD4U8P0Z2,LOT-2539,2026-02-16,
a23-ct14:mlx5_2,host,A23,OSK9JZNM4Z,LOT-2546,2026-02-16,
leaf-a12-r2:swp14,switch,A23,OSHYN0OUH5,LOT-2544,2026-02-16,
a23-ct14:mlx5_3,host,A23,OSHQG1QFG5,LOT-2539,2026-02-16,
leaf-a12-r3:swp14,switch,A23,OSLC1BCEZ9,LOT-2541,2026-02-16,
a23-ct15:mlx5_0,host,A23,OSTE939RAI,LOT-2539,2026-02-16,
leaf-a12-r0:swp15,switch,A23,OSTTLNO09H,LOT-2541,2026-02-16,
a23-ct15:mlx5_1,host,A23,OSA1O34M8N,LOT-2541,2026-02-16,
leaf-a12-r1:swp15,switch,A23,OSRESMPGH0,LOT-2548,2026-02-16,
a23-ct15:mlx5_2,host,A23,OSFHP2HXOP,LOT-2602,2026-02-16,
leaf-a12-r2:swp15,switch,A23,OST0HYQNYC,LOT-2539,2026-02-16,
a23-ct15:mlx5_3,host,A23,OSBQ7UKZKQ,LOT-2539,2026-02-16,
leaf-a12-r3:swp15,switch,A23,OST4S5GWAY,LOT-2550,2026-02-16,
a23-ct16:mlx5_0,host,A23,OS4F9GA0EC,LOT-2602,2026-02-16,
leaf-a12-r0:swp16,switch,A23,OSI5HTQZBA,LOT-2541,2026-02-16,
a23-ct16:mlx5_1,host,A23,OSVW0Y0QLG,LOT-2541,2026-02-16,
leaf-a12-r1:swp16,switch,A23,OSFLLEZRAV,LOT-2541,2026-02-16,
a23-ct16:mlx5_2,host,A23,OSO9GAP9U1,LOT-2602,2026-02-16,
leaf-a12-r2:swp16,switch,A23,OSTNP7UZ03,LOT-2546,2026-02-16,2026-03-24
a23-ct16:mlx5_3,host,A23,OSAD062VL3,LOT-2539,2026-02-16,
leaf-a12-r3:swp16,switch,A23,OSQU4468JK,LOT-2550,2026-02-16,
a23-ct17:mlx5_0,host,A23,OSL4VHMTLA,LOT-2550,2026-02-16,
leaf-a12-r0:swp17,switch,A23,OSRGLVKIFE,LOT-2541,2026-02-16,
a23-ct17:mlx5_1,host,A23,OSS84A5Q08,LOT-2539,2026-02-16,
leaf-a12-r1:swp17,switch,A23,OSBRC2BDRH,LOT-2546,2026-02-16,
a23-ct17:mlx5_2,host,A23,OSK2KE96XN,LOT-2541,2026-02-16,
leaf-a12-r2:swp17,switch,A23,OSCDBZQ9OW,LOT-2541,2026-02-16,
a23-ct17:mlx5_3,host,A23,OSQY0ZIKJ3,LOT-2541,2026-02-16,
leaf-a12-r3:swp17,switch,A23,OSM1C8Z4HH,LOT-2605,2026-02-16,
a23-ct18:mlx5_0,host,A23,OSGWIZ591Y,LOT-2602,2026-02-16,
leaf-a12-r0:swp18,switch,A23,OSOD8XV6AA,LOT-2544,2026-02-16,
a23-ct18:mlx5_1,host,A23,OSY30XW9B3,LOT-2546,2026-02-16,
leaf-a12-r1:swp18,switch,A23,OS77N6PK5L,LOT-2539,2026-02-16,
a23-ct18:mlx5_2,host,A23,OSA1LF3SVQ,LOT-2602,2026-02-16,
leaf-a12-r2:swp18,switch,A23,OS7VDCHIMJ,LOT-2541,2026-02-16,
a23-ct18:mlx5_3,host,A23,OS2X1CX1F9,LOT-2539,2026-02-16,
leaf-a12-r3:swp18,switch,A23,OSJ7RTKI84,LOT-2541,2026-02-16,
a24-ct01:mlx5_0,host,A24,OS08K42BBK,LOT-2550,2026-02-16,
leaf-a12-r0:swp19,switch,A24,OSV1VVDA3F,LOT-2539,2026-02-16,
a24-ct01:mlx5_1,host,A24,OSPGHE8WCB,LOT-2541,2026-02-16,
leaf-a12-r1:swp19,switch,A24,OSTLSHAQ57,LOT-2539,2026-02-16,
a24-ct01:mlx5_2,host,A24,OSGDAJTVIC,LOT-2546,2026-02-16,
leaf-a12-r2:swp19,switch,A24,OSRXBLK70Y,LOT-2550,2026-02-16,
a24-ct01:mlx5_3,host,A24,OSFK0R2CWR,LOT-2602,2026-02-16,
leaf-a12-r3:swp19,switch,A24,OS9MYJ04RG,LOT-2546,2026-02-16,
a24-ct02:mlx5_0,host,A24,OS3609XU1I,LOT-2548,2026-02-16,
leaf-a12-r0:swp20,switch,A24,OSR56EW99I,LOT-2546,2026-02-16,
a24-ct02:mlx5_1,host,A24,OSY27JC5KN,LOT-2602,2026-02-16,
leaf-a12-r1:swp20,switch,A24,OS2DPWMFR5,LOT-2550,2026-02-16,
a24-ct02:mlx5_2,host,A24,OSCUADMHPA,LOT-2541,2026-02-16,
leaf-a12-r2:swp20,switch,A24,OSANHYLMT9,LOT-2544,2026-02-16,
a24-ct02:mlx5_3,host,A24,OS2SWLDYX3,LOT-2541,2026-02-16,
leaf-a12-r3:swp20,switch,A24,OSSNYMGK8E,LOT-2550,2026-02-16,
a24-ct03:mlx5_0,host,A24,OSSL5HFU4W,LOT-2541,2026-02-16,
leaf-a12-r0:swp21,switch,A24,OSY6HO1P1E,LOT-2546,2026-02-16,
a24-ct03:mlx5_1,host,A24,OSYKDVTYTJ,LOT-2539,2026-02-16,
leaf-a12-r1:swp21,switch,A24,OSUK2LZYJE,LOT-2541,2026-02-16,
a24-ct03:mlx5_2,host,A24,OSAUD2M3J8,LOT-2605,2026-02-16,
leaf-a12-r2:swp21,switch,A24,OSCFX3B4L3,LOT-2550,2026-02-16,
a24-ct03:mlx5_3,host,A24,OS5LATDNBU,LOT-2541,2026-02-16,
leaf-a12-r3:swp21,switch,A24,OS2LVSJ0MT,LOT-2550,2026-02-16,
a24-ct04:mlx5_0,host,A24,OS2SWV5RWL,LOT-2605,2026-02-16,
leaf-a12-r0:swp22,switch,A24,OSF8FAGI0G,LOT-2548,2026-02-16,
a24-ct04:mlx5_1,host,A24,OSWAKP2FY2,LOT-2602,2026-02-16,
leaf-a12-r1:swp22,switch,A24,OS88USN9VJ,LOT-2544,2026-02-16,
a24-ct04:mlx5_2,host,A24,OS1M9YAUVP,LOT-2602,2026-02-16,
leaf-a12-r2:swp22,switch,A24,OSV8QARFRQ,LOT-2546,2026-02-16,
a24-ct04:mlx5_3,host,A24,OSWWFESAU8,LOT-2548,2026-02-16,
leaf-a12-r3:swp22,switch,A24,OSUWNZ54VN,LOT-2548,2026-02-16,
a24-ct05:mlx5_0,host,A24,OSR0PW9RT5,LOT-2539,2026-02-16,
leaf-a12-r0:swp23,switch,A24,OS4X8VAKZG,LOT-2541,2026-02-16,
a24-ct05:mlx5_1,host,A24,OS9RTZUTK9,LOT-2544,2026-02-16,
leaf-a12-r1:swp23,switch,A24,OS5I8QGZGM,LOT-2602,2026-02-16,
a24-ct05:mlx5_2,host,A24,OS06MULLTQ,LOT-2550,2026-02-16,
leaf-a12-r2:swp23,switch,A24,OS6GX8HDVK,LOT-2548,2026-02-16,2026-08-24
a24-ct05:mlx5_3,host,A24,OSIZO3W4LE,LOT-2541,2026-02-16,2026-07-06
leaf-a12-r3:swp23,switch,A24,OS0280KA8G,LOT-2539,2026-02-16,
a24-ct06:mlx5_0,host,A24,OSOY7MA1OT,LOT-2539,2026-02-16,
leaf-a12-r0:swp24,switch,A24,OSS0OOUIQV,LOT-2605,2026-02-16,
a24-ct06:mlx5_1,host,A24,OSRIG6ARRC,LOT-2548,2026-02-16,
leaf-a12-r1:swp24,switch,A24,OS4LXUSUGX,LOT-2539,2026-02-16,
a24-ct06:mlx5_2,host,A24,OSQQFENB1L,LOT-2544,2026-02-16,
leaf-a12-r2:swp24,switch,A24,OSUQ2K55S2,LOT-2550,2026-02-16,
a24-ct06:mlx5_3,host,A24,OS2ZOS1403,LOT-2544,2026-02-16,
leaf-a12-r3:swp24,switch,A24,OSDU17O7JG,LOT-2541,2026-02-16,
a24-ct07:mlx5_0,host,A24,OSFJ2GVASM,LOT-2550,2026-02-16,
leaf-a12-r0:swp25,switch,A24,OSLQEHQB2O,LOT-2541,2026-02-16,
a24-ct07:mlx5_1,host,A24,OSHXZU0BF2,LOT-2541,2026-02-16,
leaf-a12-r1:swp25,switch,A24,OSD5IWD7RS,LOT-2605,2026-02-16,
a24-ct07:mlx5_2,host,A24,OSFZG6HN3I,LOT-2605,2026-02-16,
leaf-a12-r2:swp25,switch,A24,OSAVU0ZO6M,LOT-2602,2026-02-16,
a24-ct07:mlx5_3,host,A24,OSRTEVTLWT,LOT-2539,2026-02-16,
leaf-a12-r3:swp25,switch,A24,OSDPM9I3EM,LOT-2539,2026-02-16,
a24-ct08:mlx5_0,host,A24,OSGOTP9L6A,LOT-2605,2026-02-16,
leaf-a12-r0:swp26,switch,A24,OSQW5F9XLK,LOT-2546,2026-02-16,
a24-ct08:mlx5_1,host,A24,OSZNB2O86X,LOT-2605,2026-02-16,
leaf-a12-r1:swp26,switch,A24,OS5LOERHDQ,LOT-2541,2026-02-16,
a24-ct08:mlx5_2,host,A24,OSDDVR99ME,LOT-2541,2026-02-16,
leaf-a12-r2:swp26,switch,A24,OSAKX5LX1C,LOT-2548,2026-02-16,
a24-ct08:mlx5_3,host,A24,OSASBZ0E34,LOT-2550,2026-02-16,
leaf-a12-r3:swp26,switch,A24,OSMHQ2I7QE,LOT-2546,2026-02-16,
a24-ct09:mlx5_0,host,A24,OSSG4LVY3O,LOT-2541,2026-02-16,
leaf-a12-r0:swp27,switch,A24,OS7R7V0KEB,LOT-2546,2026-02-16,
a24-ct09:mlx5_1,host,A24,OSVZ9PIBQF,LOT-2539,2026-02-16,
leaf-a12-r1:swp27,switch,A24,OSQXCSEWHO,LOT-2539,2026-02-16,
a24-ct09:mlx5_2,host,A24,OSI4TA8D9L,LOT-2605,2026-02-16,
leaf-a12-r2:swp27,switch,A24,OS64GGH7OY,LOT-2544,2026-02-16,
a24-ct09:mlx5_3,host,A24,OSTVHVAO5D,LOT-2605,2026-02-16,
leaf-a12-r3:swp27,switch,A24,OSLO72FJ6I,LOT-2605,2026-02-16,
a24-ct10:mlx5_0,host,A24,OSL1QEIDQH,LOT-2539,2026-02-16,
leaf-a12-r0:swp28,switch,A24,OS6FCJJZDJ,LOT-2539,2026-02-16,
a24-ct10:mlx5_1,host,A24,OS7JWE4496,LOT-2548,2026-02-16,
leaf-a12-r1:swp28,switch,A24,OSU7PHN6YX,LOT-2602,2026-02-16,
a24-ct10:mlx5_2,host,A24,OS2WL7KLHU,LOT-2546,2026-02-16,
leaf-a12-r2:swp28,switch,A24,OS8ACR4DXR,LOT-2550,2026-02-16,
a24-ct10:mlx5_3,host,A24,OS6FWN6R32,LOT-2548,2026-02-16,
leaf-a12-r3:swp28,switch,A24,OSXSAZ0AUE,LOT-2548,2026-02-16,
a24-ct11:mlx5_0,host,A24,OS0DXSQLL2,LOT-2546,2026-02-16,
leaf-a12-r0:swp29,switch,A24,OSESJHXXCB,LOT-2548,2026-02-16,
a24-ct11:mlx5_1,host,A24,OSLHQHOWP8,LOT-2539,2026-02-16,
leaf-a12-r1:swp29,switch,A24,OSQ8IFAMXW,LOT-2602,2026-02-16,
a24-ct11:mlx5_2,host,A24,OSEIOXKCXX,LOT-2602,2026-02-16,
leaf-a12-r2:swp29,switch,A24,OSPH1Y8ZZZ,LOT-2546,2026-02-16,
a24-ct11:mlx5_3,host,A24,OS63772VRS,LOT-2602,2026-02-16,
leaf-a12-r3:swp29,switch,A24,OSJ4GJYQAM,LOT-2546,2026-02-16,
a24-ct12:mlx5_0,host,A24,OS6B794WSN,LOT-2550,2026-02-16,
leaf-a12-r0:swp30,switch,A24,OSE16WX0YC,LOT-2539,2026-02-16,
a24-ct12:mlx5_1,host,A24,OSH3A8EML5,LOT-2602,2026-02-16,
leaf-a12-r1:swp30,switch,A24,OSF4G5A7YX,LOT-2541,2026-02-16,
a24-ct12:mlx5_2,host,A24,OSM5YWKEVE,LOT-2550,2026-02-16,
leaf-a12-r2:swp30,switch,A24,OSDNJEHXKQ,LOT-2541,2026-02-16,
a24-ct12:mlx5_3,host,A24,OS09Z347J2,LOT-2541,2026-02-16,
leaf-a12-r3:swp30,switch,A24,OS0HS0GNUJ,LOT-2548,2026-02-16,
a24-ct13:mlx5_0,host,A24,OSH6FD4147,LOT-2550,2026-02-16,
leaf-a12-r0:swp31,switch,A24,OS0SZ6GI5S,LOT-2544,2026-02-16,
a24-ct13:mlx5_1,host,A24,OS5OISRNVW,LOT-2544,2026-02-16,2026-05-15
leaf-a12-r1:swp31,switch,A24,OSFNS9KJ8Q,LOT-2541,2026-02-16,
a24-ct13:mlx5_2,host,A24,OS9SQPWDFD,LOT-2548,2026-02-16,
leaf-a12-r2:swp31,switch,A24,OS5X4VZA5E,LOT-2541,2026-02-16,
a24-ct13:mlx5_3,host,A24,OSXHP6ECCL,LOT-2550,2026-02-16,
leaf-a12-r3:swp31,switch,A24,OSU8HE705T,LOT-2541,2026-02-16,
a24-ct14:mlx5_0,host,A24,OS51Y3P627,LOT-2550,2026-02-16,
leaf-a12-r0:swp32,switch,A24,OS4LG3Q7GO,LOT-2546,2026-02-16,
a24-ct14:mlx5_1,host,A24,OSLI747AWE,LOT-2541,2026-02-16,
leaf-a12-r1:swp32,switch,A24,OS0HKW5SJA,LOT-2544,2026-02-16,
a24-ct14:mlx5_2,host,A24,OSCH2AE8OE,LOT-2544,2026-02-16,
leaf-a12-r2:swp32,switch,A24,OSZFBF1IA1,LOT-2548,2026-02-16,
a24-ct14:mlx5_3,host,A24,OSHW3JDIEO,LOT-2602,2026-02-16,
leaf-a12-r3:swp32,switch,A24,OSON2I7MAD,LOT-2602,2026-02-16,2026-03-15
a24-ct15:mlx5_0,host,A24,OSB5KXJWXV,LOT-2605,2026-02-16,
leaf-a12-r0:swp33,switch,A24,OS5C80DPLJ,LOT-2548,2026-02-16,
a24-ct15:mlx5_1,host,A24,OS1PGT8OR0,LOT-2544,2026-02-16,
leaf-a12-r1:swp33,switch,A24,OSDXTRF0BI,LOT-2539,2026-02-16,
a24-ct15:mlx5_2,host,A24,OSGT3OJNE9,LOT-2541,2026-02-16,
leaf-a12-r2:swp33,switch,A24,OSFHY7XSU4,LOT-2539,2026-02-16,
a24-ct15:mlx5_3,host,A24,OSUC3AB6N1,LOT-2539,2026-02-16,
leaf-a12-r3:swp33,switch,A24,OSX1C94QRH,LOT-2550,2026-02-16,
a24-ct16:mlx5_0,host,A24,OSVWPL38G5,LOT-2605,2026-02-16,
leaf-a12-r0:swp34,switch,A24,OS8L19RXQJ,LOT-2602,2026-02-16,
a24-ct16:mlx5_1,host,A24,OSOLPSHVM3,LOT-2544,2026-02-16,
leaf-a12-r1:swp34,switch,A24,OSFTVY2LVH,LOT-2605,2026-02-16,
a24-ct16:mlx5_2,host,A24,OSCMYOBEYG,LOT-2602,2026-02-16,
leaf-a12-r2:swp34,switch,A24,OSZLDL4HQU,LOT-2539,2026-02-16,
a24-ct16:mlx5_3,host,A24,OS8PP7VCK3,LOT-2544,2026-02-16,2026-03-14
leaf-a12-r3:swp34,switch,A24,OSZQK52459,LOT-2541,2026-02-16,
a24-ct17:mlx5_0,host,A24,OS6JMUUW6N,LOT-2539,2026-02-16,
leaf-a12-r0:swp35,switch,A24,OST8O99W8D,LOT-2550,2026-02-16,
a24-ct17:mlx5_1,host,A24,OS53MSIQPY,LOT-2605,2026-02-16,
leaf-a12-r1:swp35,switch,A24,OS2J44ROA0,LOT-2546,2026-02-16,
a24-ct17:mlx5_2,host,A24,OSRV50TEYE,LOT-2541,2026-02-16,
leaf-a12-r2:swp35,switch,A24,OS39KIEGYS,LOT-2602,2026-02-16,
a24-ct17:mlx5_3,host,A24,OS9A0IIWMB,LOT-2541,2026-02-16,
leaf-a12-r3:swp35,switch,A24,OSAHWTQX2Q,LOT-2539,2026-02-16,
a24-ct18:mlx5_0,host,A24,OSXDZY3X08,LOT-2546,2026-02-16,
leaf-a12-r0:swp36,switch,A24,OSIRKI0CZ1,LOT-2541,2026-02-16,
a24-ct18:mlx5_1,host,A24,OS1GFVWCY1,LOT-2550,2026-02-16,
leaf-a12-r1:swp36,switch,A24,OSBXAC0FZZ,LOT-2541,2026-02-16,
a24-ct18:mlx5_2,host,A24,OS48I8J8A1,LOT-2605,2026-02-16,
leaf-a12-r2:swp36,switch,A24,OSQOARCG82,LOT-2544,2026-02-16,
a24-ct18:mlx5_3,host,A24,OSRMMNNLJR,LOT-2539,2026-02-16,
leaf-a12-r3:swp36,switch,A24,OSTT28T8UO,LOT-2544,2026-02-16,
a25-ct01:mlx5_0,host,A25,OSV7ZJBAXS,LOT-2546,2026-02-16,
leaf-a13-r0:swp1,switch,A25,OSPK5N45BD,LOT-2541,2026-02-16,
a25-ct01:mlx5_1,host,A25,OS51HP6WRY,LOT-2539,2026-02-16,
leaf-a13-r1:swp1,switch,A25,OSE8O018J8,LOT-2544,2026-02-16,
a25-ct01:mlx5_2,host,A25,OSTTK2VVTX,LOT-2539,2026-02-16,
leaf-a13-r2:swp1,switch,A25,OSAT55HKND,LOT-2548,2026-02-16,
a25-ct01:mlx5_3,host,A25,OSG04EHH0X,LOT-2546,2026-02-16,
leaf-a13-r3:swp1,switch,A25,OSODU7Q05Z,LOT-2546,2026-02-16,
a25-ct02:mlx5_0,host,A25,OSEMRA70ON,LOT-2541,2026-02-16,2026-07-09
leaf-a13-r0:swp2,switch,A25,OSQZMMSYPN,LOT-2539,2026-02-16,
a25-ct02:mlx5_1,host,A25,OSDVUBBH7B,LOT-2546,2026-02-16,
leaf-a13-r1:swp2,switch,A25,OSA6MIIARV,LOT-2602,2026-02-16,
a25-ct02:mlx5_2,host,A25,OS9E9IC5GS,LOT-2550,2026-02-16,
leaf-a13-r2:swp2,switch,A25,OS8F1DPKQ1,LOT-2544,2026-02-16,
a25-ct02:mlx5_3,host,A25,OS61E8LEQ8,LOT-2546,2026-02-16,
leaf-a13-r3:swp2,switch,A25,OSLNFD6N88,LOT-2548,2026-02-16,
a25-ct03:mlx5_0,host,A25,OSSAJ9ALKJ,LOT-2541,2026-02-16,
leaf-a13-r0:swp3,switch,A25,OSSE3FAJRU,LOT-2539,2026-02-16,
a25-ct03:mlx5_1,host,A25,OS40Q6H61J,LOT-2548,2026-02-16,
leaf-a13-r1:swp3,switch,A25,OSR667FFBK,LOT-2550,2026-02-16,
a25-ct03:mlx5_2,host,A25,OSEW5OFRAZ,LOT-2546,2026-02-16,
leaf-a13-r2:swp3,switch,A25,OS3XW3SP0O,LOT-2605,2026-02-16,
a25-ct03:mlx5_3,host,A25,OSUNA7SP5I,LOT-2602,2026-02-16,
leaf-a13-r3:swp3,switch,A25,OSFJC712KT,LOT-2539,2026-02-16,
a25-ct04:mlx5_0,host,A25,OSFKSNWWET,LOT-2539,2026-02-16,
leaf-a13-r0:swp4,switch,A25,OSZENXXKDX,LOT-2544,2026-02-16,
a25-ct04:mlx5_1,host,A25,OSGMEDKLFX,LOT-2550,2026-02-16,
leaf-a13-r1:swp4,switch,A25,OSG33ZWVVO,LOT-2544,2026-02-16,
a25-ct04:mlx5_2,host,A25,OS90UOWFNN,LOT-2544,2026-02-16,
leaf-a13-r2:swp4,switch,A25,OSO2YBER01,LOT-2602,2026-02-16,
a25-ct04:mlx5_3,host,A25,OSI30VBAR5,LOT-2539,2026-02-16,
leaf-a13-r3:swp4,switch,A25,OSAFQQO40G,LOT-2602,2026-02-16,
a25-ct05:mlx5_0,host,A25,OS51HHJIFA,LOT-2544,2026-02-16,2026-03-27
leaf-a13-r0:swp5,switch,A25,OS9LWD5NOD,LOT-2546,2026-02-16,
a25-ct05:mlx5_1,host,A25,OS8EZOY9VV,LOT-2541,2026-02-16,
leaf-a13-r1:swp5,switch,A25,OSMGCZ4N5D,LOT-2546,2026-02-16,
a25-ct05:mlx5_2,host,A25,OS9O44KQKP,LOT-2539,2026-02-16,
leaf-a13-r2:swp5,switch,A25,OSFUJ9VY5Q,LOT-2546,2026-02-16,
a25-ct05:mlx5_3,host,A25,OSLN885UVT,LOT-2546,2026-02-16,
leaf-a13-r3:swp5,switch,A25,OSYXXL2FFT,LOT-2548,2026-02-16,
a25-ct06:mlx5_0,host,A25,OS57RWZGXQ,LOT-2544,2026-02-16,
leaf-a13-r0:swp6,switch,A25,OSILMTNQJF,LOT-2605,2026-02-16,
a25-ct06:mlx5_1,host,A25,OSW5CP5DKM,LOT-2602,2026-02-16,
leaf-a13-r1:swp6,switch,A25,OS3PLMET0W,LOT-2546,2026-02-16,
a25-ct06:mlx5_2,host,A25,OSN6WP3QZG,LOT-2541,2026-02-16,
leaf-a13-r2:swp6,switch,A25,OSZU7EIVLD,LOT-2605,2026-02-16,
a25-ct06:mlx5_3,host,A25,OS5ZW4WHRQ,LOT-2550,2026-02-16,
leaf-a13-r3:swp6,switch,A25,OSPURMCFXD,LOT-2544,2026-02-16,
a25-ct07:mlx5_0,host,A25,OS94COQKEY,LOT-2544,2026-02-16,
leaf-a13-r0:swp7,switch,A25,OS8UH0UFUP,LOT-2544,2026-02-16,
a25-ct07:mlx5_1,host,A25,OS9HVN5IOB,LOT-2546,2026-02-16,
leaf-a13-r1:swp7,switch,A25,OS0KWKSJSK,LOT-2541,2026-02-16,
a25-ct07:mlx5_2,host,A25,OS1G5IWQXW,LOT-2539,2026-02-16,
leaf-a13-r2:swp7,switch,A25,OSTTGS02AD,LOT-2541,2026-02-16,
a25-ct07:mlx5_3,host,A25,OS1CTKHU99,LOT-2539,2026-02-16,
leaf-a13-r3:swp7,switch,A25,OSEZSEVXZL,LOT-2539,2026-02-16,
a25-ct08:mlx5_0,host,A25,OSUM0M9SWZ,LOT-2544,2026-02-16,
leaf-a13-r0:swp8,switch,A25,OSA69OEWK3,LOT-2539,2026-02-16,
a25-ct08:mlx5_1,host,A25,OS5MI34X4K,LOT-2550,2026-02-16,
leaf-a13-r1:swp8,switch,A25,OSR0GOHGXK,LOT-2546,2026-02-16,
a25-ct08:mlx5_2,host,A25,OSEHOTETAK,LOT-2605,2026-02-16,
leaf-a13-r2:swp8,switch,A25,OSUV4MWNNU,LOT-2605,2026-02-16,
a25-ct08:mlx5_3,host,A25,OSD4CAGZUK,LOT-2544,2026-02-16,2026-03-09
leaf-a13-r3:swp8,switch,A25,OS0DQRJ8AR,LOT-2548,2026-02-16,
a25-ct09:mlx5_0,host,A25,OSDGMSEPZ3,LOT-2550,2026-02-16,
leaf-a13-r0:swp9,switch,A25,OSPA1DZ7Q4,LOT-2539,2026-02-16,
a25-ct09:mlx5_1,host,A25,OSPTUWT31W,LOT-2548,2026-02-16,
leaf-a13-r1:swp9,switch,A25,OS16HXCW7Q,LOT-2550,2026-02-16,
a25-ct09:mlx5_2,host,A25,OS7NU5LQLT,LOT-2539,2026-02-16,
leaf-a13-r2:swp9,switch,A25,OSJL38C1KF,LOT-2539,2026-02-16,
a25-ct09:mlx5_3,host,A25,OSB1K1EJX2,LOT-2539,2026-02-16,
leaf-a13-r3:swp9,switch,A25,OSH6KQS70L,LOT-2544,2026-02-16,
a25-ct10:mlx5_0,host,A25,OSSB1DCUY7,LOT-2541,2026-02-16,
leaf-a13-r0:swp10,switch,A25,OSIX1RR288,LOT-2546,2026-02-16,
a25-ct10:mlx5_1,host,A25,OSHPAH4K4F,LOT-2550,2026-02-16,
leaf-a13-r1:swp10,switch,A25,OSWASYV17Q,LOT-2544,2026-02-16,2026-03-02
a25-ct10:mlx5_2,host,A25,OS8UT4XYD3,LOT-2544,2026-02-16,
leaf-a13-r2:swp10,switch,A25,OSWHT5GGBH,LOT-2548,2026-02-16,
a25-ct10:mlx5_3,host,A25,OSS8QEEUMN,LOT-2546,2026-02-16,
leaf-a13-r3:swp10,switch,A25,OSH6WQW418,LOT-2550,2026-02-16,
a25-ct11:mlx5_0,host,A25,OSMD313MK5,LOT-2541,2026-02-16,
leaf-a13-r0:swp11,switch,A25,OSK9DWDRKJ,LOT-2546,2026-02-16,
a25-ct11:mlx5_1,host,A25,OSC3ZOJQIU,LOT-2541,2026-02-16,
leaf-a13-r1:swp11,switch,A25,OSSMT1H8SE,LOT-2541,2026-02-16,
a25-ct11:mlx5_2,host,A25,OSU47TQHZB,LOT-2550,2026-02-16,
leaf-a13-r2:swp11,switch,A25,OSSRQPLF4P,LOT-2539,2026-02-16,
a25-ct11:mlx5_3,host,A25,OS4P37O4Q2,LOT-2546,2026-02-16,
leaf-a13-r3:swp11,switch,A25,OSFAJYBBVI,LOT-2544,2026-02-16,
a25-ct12:mlx5_0,host,A25,OSSY92T7JY,LOT-2541,2026-02-16,
leaf-a13-r0:swp12,switch,A25,OS0D68TPZX,LOT-2541,2026-02-16,
a25-ct12:mlx5_1,host,A25,OSAQF3YTMF,LOT-2539,2026-02-16,
leaf-a13-r1:swp12,switch,A25,OSXIVAVSMB,LOT-2550,2026-02-16,
a25-ct12:mlx5_2,host,A25,OSSWBKY1JN,LOT-2541,2026-02-16,
leaf-a13-r2:swp12,switch,A25,OSXIT7KNYW,LOT-2605,2026-02-16,
a25-ct12:mlx5_3,host,A25,OSTXPYM7FZ,LOT-2541,2026-02-16,
leaf-a13-r3:swp12,switch,A25,OSJLFXGMLT,LOT-2539,2026-02-16,
a25-ct13:mlx5_0,host,A25,OSZ8F6GKET,LOT-2605,2026-02-16,
leaf-a13-r0:swp13,switch,A25,OSNYHSB1G7,LOT-2539,2026-02-16,
a25-ct13:mlx5_1,host,A25,OSV6RBFQ34,LOT-2550,2026-02-16,
leaf-a13-r1:swp13,switch,A25,OSR37E87IG,LOT-2602,2026-02-16,
a25-ct13:mlx5_2,host,A25,OS3MEWTZKM,LOT-2548,2026-02-16,
leaf-a13-r2:swp13,switch,A25,OSJ1BFO14D,LOT-2541,2026-02-16,
a25-ct13:mlx5_3,host,A25,OSH9XJC9CB,LOT-2541,2026-02-16,
leaf-a13-r3:swp13,switch,A25,OSMB8QXFUH,LOT-2602,2026-02-16,
a25-ct14:mlx5_0,host,A25,OSQ1OI1OFX,LOT-2548,2026-02-16,
leaf-a13-r0:swp14,switch,A25,OSSWPMEIAG,LOT-2548,2026-02-16,
a25-ct14:mlx5_1,host,A25,OSC52OWAVG,LOT-2539,2026-02-16,
leaf-a13-r1:swp14,switch,A25,OSMCJHU5ME,LOT-2605,2026-02-16,
a25-ct14:mlx5_2,host,A25,OS4DNFYBVG,LOT-2550,2026-02-16,
leaf-a13-r2:swp14,switch,A25,OSAZWFM4CI,LOT-2605,2026-02-16,
a25-ct14:mlx5_3,host,A25,OS7YP648KR,LOT-2544,2026-02-16,
leaf-a13-r3:swp14,switch,A25,OSV3AW77HI,LOT-2539,2026-02-16,
a25-ct15:mlx5_0,host,A25,OS44CZ8UZ8,LOT-2546,2026-02-16,
leaf-a13-r0:swp15,switch,A25,OSR8DEPY9Q,LOT-2546,2026-02-16,
a25-ct15:mlx5_1,host,A25,OSD48AG83Q,LOT-2539,2026-02-16,
leaf-a13-r1:swp15,switch,A25,OS5N3009PA,LOT-2544,2026-02-16,
a25-ct15:mlx5_2,host,A25,OSWNS6KSVZ,LOT-2544,2026-02-16,
leaf-a13-r2:swp15,switch,A25,OST2498I12,LOT-2539,2026-02-16,
a25-ct15:mlx5_3,host,A25,OS599204CN,LOT-2546,2026-02-16,
leaf-a13-r3:swp15,switch,A25,OSUNS4FOH2,LOT-2541,2026-02-16,
a25-ct16:mlx5_0,host,A25,OSG2TZME2L,LOT-2550,2026-02-16,
leaf-a13-r0:swp16,switch,A25,OSTIDVRRF9,LOT-2602,2026-02-16,
a25-ct16:mlx5_1,host,A25,OS53HI2U4U,LOT-2539,2026-02-16,
leaf-a13-r1:swp16,switch,A25,OSKR609WMK,LOT-2602,2026-02-16,2026-08-01
a25-ct16:mlx5_2,host,A25,OSGJQV3LGJ,LOT-2539,2026-02-16,
leaf-a13-r2:swp16,switch,A25,OSPC759Z8J,LOT-2539,2026-02-16,
a25-ct16:mlx5_3,host,A25,OS8K9NSC8I,LOT-2544,2026-02-16,
leaf-a13-r3:swp16,switch,A25,OSEJAHZYG9,LOT-2605,2026-02-16,
a25-ct17:mlx5_0,host,A25,OSGIDV10W9,LOT-2548,2026-02-16,
leaf-a13-r0:swp17,switch,A25,OSUQODUW1O,LOT-2548,2026-02-16,
a25-ct17:mlx5_1,host,A25,OS1QUISGKE,LOT-2541,2026-02-16,
leaf-a13-r1:swp17,switch,A25,OS5XORAKXE,LOT-2548,2026-02-16,
a25-ct17:mlx5_2,host,A25,OS0GQZJ3BE,LOT-2546,2026-02-16,
leaf-a13-r2:swp17,switch,A25,OSGLN2OPNT,LOT-2605,2026-02-16,
a25-ct17:mlx5_3,host,A25,OSF9LF8783,LOT-2539,2026-02-16,
leaf-a13-r3:swp17,switch,A25,OS88F1N1C6,LOT-2539,2026-02-16,
a25-ct18:mlx5_0,host,A25,OSC72DL0X3,LOT-2550,2026-02-16,
leaf-a13-r0:swp18,switch,A25,OSIYKFG22N,LOT-2544,2026-02-16,
a25-ct18:mlx5_1,host,A25,OSIJJNO7E7,LOT-2548,2026-02-16,
leaf-a13-r1:swp18,switch,A25,OSA0Q08A22,LOT-2550,2026-02-16,
a25-ct18:mlx5_2,host,A25,OSX4K7X6IM,LOT-2541,2026-02-16,
leaf-a13-r2:swp18,switch,A25,OS6G65EBWQ,LOT-2541,2026-02-16,
a25-ct18:mlx5_3,host,A25,OSCOIXTPA4,LOT-2539,2026-02-16,
leaf-a13-r3:swp18,switch,A25,OSNIR4P71X,LOT-2546,2026-02-16,
a26-ct01:mlx5_0,host,A26,OSFDOXOIHB,LOT-2541,2026-02-16,
leaf-a13-r0:swp19,switch,A26,OS6TMP245E,LOT-2602,2026-02-16,
a26-ct01:mlx5_1,host,A26,OSZ40AOCC6,LOT-2602,2026-02-16,
leaf-a13-r1:swp19,switch,A26,OSLHLYVT8D,LOT-2548,2026-02-16,
a26-ct01:mlx5_2,host,A26,OSEDNOAT0Z,LOT-2539,2026-02-16,
leaf-a13-r2:swp19,switch,A26,OSIJNK89Q6,LOT-2541,2026-02-16,
a26-ct01:mlx5_3,host,A26,OSMF7I9Y7C,LOT-2539,2026-02-16,
leaf-a13-r3:swp19,switch,A26,OSFBJ5Q0T0,LOT-2605,2026-02-16,
a26-ct02:mlx5_0,host,A26,OSXIL8U712,LOT-2539,2026-02-16,
leaf-a13-r0:swp20,switch,A26,OSYCJW0VLV,LOT-2550,2026-02-16,
a26-ct02:mlx5_1,host,A26,OS6Y5ZI3BU,LOT-2548,2026-02-16,
leaf-a13-r1:swp20,switch,A26,OS4KBDNRLV,LOT-2605,2026-02-16,
a26-ct02:mlx5_2,host,A26,OSMHKV77C7,LOT-2605,2026-02-16,
leaf-a13-r2:swp20,switch,A26,OS2JNZQUI2,LOT-2541,2026-02-16,
a26-ct02:mlx5_3,host,A26,OS91106AK7,LOT-2541,2026-02-16,
leaf-a13-r3:swp20,switch,A26,OSXFXUWUAN,LOT-2602,2026-02-16,
a26-ct03:mlx5_0,host,A26,OS0IM1MTLI,LOT-2550,2026-02-16,
leaf-a13-r0:swp21,switch,A26,OS72X95S4N,LOT-2550,2026-02-16,
a26-ct03:mlx5_1,host,A26,OSJVBUTIAA,LOT-2539,2026-02-16,
leaf-a13-r1:swp21,switch,A26,OSFPAMN3HZ,LOT-2539,2026-02-16,
a26-ct03:mlx5_2,host,A26,OS4T763LQ6,LOT-2550,2026-02-16,
leaf-a13-r2:swp21,switch,A26,OSXWDB2XCP,LOT-2546,2026-02-16,
a26-ct03:mlx5_3,host,A26,OSH2FD1U51,LOT-2539,2026-02-16,
leaf-a13-r3:swp21,switch,A26,OSWLFUM8EV,LOT-2544,2026-02-16,
a26-ct04:mlx5_0,host,A26,OSTP5TOIT7,LOT-2539,2026-02-16,
leaf-a13-r0:swp22,switch,A26,OSYUP9MKJY,LOT-2548,2026-02-16,
a26-ct04:mlx5_1,host,A26,OSXUQUH1GJ,LOT-2539,2026-02-16,
leaf-a13-r1:swp22,switch,A26,OSBOFRNJUI,LOT-2544,2026-02-16,
a26-ct04:mlx5_2,host,A26,OSOFA3QOPH,LOT-2541,2026-02-16,
leaf-a13-r2:swp22,switch,A26,OSS4I3F1A4,LOT-2548,2026-02-16,
a26-ct04:mlx5_3,host,A26,OS149N7CGP,LOT-2541,2026-02-16,
leaf-a13-r3:swp22,switch,A26,OS5VGHZUPX,LOT-2548,2026-02-16,
a26-ct05:mlx5_0,host,A26,OS6ZYHWD2B,LOT-2539,2026-02-16,
leaf-a13-r0:swp23,switch,A26,OSSGRKEQBU,LOT-2541,2026-02-16,
a26-ct05:mlx5_1,host,A26,OSKV1CDPMD,LOT-2550,2026-02-16,
leaf-a13-r1:swp23,switch,A26,OST01Z3NXZ,LOT-2550,2026-02-16,
a26-ct05:mlx5_2,host,A26,OSW3YOE1UT,LOT-2548,2026-02-16,
leaf-a13-r2:swp23,switch,A26,OSFMQHY96B,LOT-2539,2026-02-16,
a26-ct05:mlx5_3,host,A26,OSN46260JW,LOT-2550,2026-02-16,
leaf-a13-r3:swp23,switch,A26,OSYQTIIPM4,LOT-2546,2026-02-16,
a26-ct06:mlx5_0,host,A26,OS69567M31,LOT-2546,2026-02-16,
leaf-a13-r0:swp24,switch,A26,OSM9TKKOF4,LOT-2541,2026-02-16,
a26-ct06:mlx5_1,host,A26,OSRO98PCK3,LOT-2548,2026-02-16,
leaf-a13-r1:swp24,switch,A26,OSHAHGQVNV,LOT-2544,2026-02-16,
a26-ct06:mlx5_2,host,A26,OSL90NGJYU,LOT-2602,2026-02-16,
leaf-a13-r2:swp24,switch,A26,OSCJ9BCW9U,LOT-2605,2026-02-16,
a26-ct06:mlx5_3,host,A26,OS7UABX2B3,LOT-2546,2026-02-16,
leaf-a13-r3:swp24,switch,A26,OS342QSUJA,LOT-2602,2026-02-16,
a26-ct07:mlx5_0,host,A26,OS3QUWYNCH,LOT-2548,2026-02-16,
leaf-a13-r0:swp25,switch,A26,OSFWW0UWM9,LOT-2541,2026-02-16,
a26-ct07:mlx5_1,host,A26,OSGJIUK8RU,LOT-2548,2026-02-16,
leaf-a13-r1:swp25,switch,A26,OSGTPCCUVO,LOT-2602,2026-02-16,
a26-ct07:mlx5_2,host,A26,OSG2Z0NLBJ,LOT-2539,2026-02-16,
leaf-a13-r2:swp25,switch,A26,OS7Y9DVWWO,LOT-2550,2026-02-16,
a26-ct07:mlx5_3,host,A26,OSKTAJ4ME8,LOT-2544,2026-02-16,2026-05-01
leaf-a13-r3:swp25,switch,A26,OSH5YGYSRA,LOT-2539,2026-02-16,
a26-ct08:mlx5_0,host,A26,OSKGPAIOO2,LOT-2541,2026-02-16,
leaf-a13-r0:swp26,switch,A26,OSPY53DDEH,LOT-2602,2026-02-16,
a26-ct08:mlx5_1,host,A26,OSSRG8S95G,LOT-2602,2026-02-16,
leaf-a13-r1:swp26,switch,A26,OSR8ZODCK7,LOT-2539,2026-02-16,
a26-ct08:mlx5_2,host,A26,OSLYPRW7QC,LOT-2602,2026-02-16,
leaf-a13-r2:swp26,switch,A26,OSD6BPJXP7,LOT-2546,2026-02-16,
a26-ct08:mlx5_3,host,A26,OSI2800V84,LOT-2546,2026-02-16,
leaf-a13-r3:swp26,switch,A26,OS1133O0D8,LOT-2550,2026-02-16,
a26-ct09:mlx5_0,host,A26,OS9KFVFFP4,LOT-2602,2026-02-16,
leaf-a13-r0:swp27,switch,A26,OS9LTK0ZIV,LOT-2546,2026-02-16,
a26-ct09:mlx5_1,host,A26,OSKGIOKY6N,LOT-2550,2026-02-16,
leaf-a13-r1:swp27,switch,A26,OSASQ4VNI2,LOT-2548,2026-02-16,
a26-ct09:mlx5_2,host,A26,OSFNSR4EGY,LOT-2541,2026-02-16,
leaf-a13-r2:swp27,switch,A26,OSBTYUMMEX,LOT-2548,2026-02-16,
a26-ct09:mlx5_3,host,A26,OS3HOGYESN,LOT-2541,2026-02-16,
leaf-a13-r3:swp27,switch,A26,OSIJ163GF5,LOT-2602,2026-02-16,
a26-ct10:mlx5_0,host,A26,OS9VEXIQQN,LOT-2539,2026-02-16,
leaf-a13-r0:swp28,switch,A26,OS74GZDX75,LOT-2548,2026-02-16,
a26-ct10:mlx5_1,host,A26,OSKND1A27Q,LOT-2539,2026-02-16,
leaf-a13-r1:swp28,switch,A26,OSANBLW8WP,LOT-2548,2026-02-16,
a26-ct10:mlx5_2,host,A26,OS7ZMGQ4AS,LOT-2548,2026-02-16,
leaf-a13-r2:swp28,switch,A26,OSO5JJ4HYK,LOT-2541,2026-02-16,
a26-ct10:mlx5_3,host,A26,OSXZJJXE35,LOT-2605,2026-02-16,
leaf-a13-r3:swp28,switch,A26,OSH274FE76,LOT-2539,2026-02-16,
a26-ct11:mlx5_0,host,A26,OSCPOQ8XQI,LOT-2546,2026-02-16,
leaf-a13-r0:swp29,switch,A26,OSDBIWDEB6,LOT-2539,2026-02-16,
a26-ct11:mlx5_1,host,A26,OSB24GXCRS,LOT-2546,2026-02-16,
leaf-a13-r1:swp29,switch,A26,OS7T2VIHAH,LOT-2541,2026-02-16,
a26-ct11:mlx5_2,host,A26,OSPY4SFXM7,LOT-2546,2026-02-16,
leaf-a13-r2:swp29,switch,A26,OSXJ7GS5N1,LOT-2602,2026-02-16,
a26-ct11:mlx5_3,host,A26,OSU29QDUWP,LOT-2541,2026-02-16,
leaf-a13-r3:swp29,switch,A26,OSN0BABS4W,LOT-2605,2026-02-16,
a26-ct12:mlx5_0,host,A26,OSP08O0VNB,LOT-2544,2026-02-16,
leaf-a13-r0:swp30,switch,A26,OS6JZX5TV0,LOT-2546,2026-02-16,2026-08-19
a26-ct12:mlx5_1,host,A26,OSNAB0M6FR,LOT-2548,2026-02-16,
leaf-a13-r1:swp30,switch,A26,OS7JVZU6MI,LOT-2541,2026-02-16,
a26-ct12:mlx5_2,host,A26,OSAY6ASQK5,LOT-2544,2026-02-16,2026-05-30
leaf-a13-r2:swp30,switch,A26,OS31YWZBUM,LOT-2548,2026-02-16,
a26-ct12:mlx5_3,host,A26,OSY0DFVFUW,LOT-2544,2026-02-16,2026-07-13
leaf-a13-r3:swp30,switch,A26,OS5NB4D9QF,LOT-2602,2026-02-16,
a26-ct13:mlx5_0,host,A26,OSER8Y3JA6,LOT-2541,2026-02-16,
leaf-a13-r0:swp31,switch,A26,OS3UXNW2S6,LOT-2544,2026-02-16,
a26-ct13:mlx5_1,host,A26,OSM0R40WAU,LOT-2548,2026-02-16,
leaf-a13-r1:swp31,switch,A26,OSKUC80ZHM,LOT-2539,2026-02-16,
a26-ct13:mlx5_2,host,A26,OS9FC0LE9I,LOT-2546,2026-02-16,
leaf-a13-r2:swp31,switch,A26,OSLZWRQD2O,LOT-2539,2026-02-16,
a26-ct13:mlx5_3,host,A26,OSDYUK9UWM,LOT-2544,2026-02-16,
leaf-a13-r3:swp31,switch,A26,OSGCHDDXN7,LOT-2541,2026-02-16,
a26-ct14:mlx5_0,host,A26,OSDEYPQM2L,LOT-2539,2026-02-16,
leaf-a13-r0:swp32,switch,A26,OS6OB81EJU,LOT-2541,2026-02-16,
a26-ct14:mlx5_1,host,A26,OSAB5OD9PT,LOT-2541,2026-02-16,
leaf-a13-r1:swp32,switch,A26,OSGGKBH9A9,LOT-2546,2026-02-16,
a26-ct14:mlx5_2,host,A26,OSMG8JFZV1,LOT-2544,2026-02-16,
leaf-a13-r2:swp32,switch,A26,OSQI1ANNDE,LOT-2541,2026-02-16,2026-07-21
a26-ct14:mlx5_3,host,A26,OSQJO06BV9,LOT-2544,2026-02-16,
leaf-a13-r3:swp32,switch,A26,OSUJ5KG3QT,LOT-2546,2026-02-16,
a26-ct15:mlx5_0,host,A26,OSDBBXNUS7,LOT-2548,2026-02-16,
leaf-a13-r0:swp33,switch,A26,OSYB62UIS3,LOT-2544,2026-02-16,
a26-ct15:mlx5_1,host,A26,OSB55Z2ESE,LOT-2546,2026-02-16,
leaf-a13-r1:swp33,switch,A26,OSO9RAZ6OT,LOT-2550,2026-02-16,
a26-ct15:mlx5_2,host,A26,OSR1ITHLIC,LOT-2544,2026-02-16,
leaf-a13-r2:swp33,switch,A26,OSCMVKGZEE,LOT-2550,2026-02-16,
a26-ct15:mlx5_3,host,A26,OSUTQ217Q5,LOT-2544,2026-02-16,
leaf-a13-r3:swp33,switch,A26,OSNOCVUEIR,LOT-2546,2026-02-16,
a26-ct16:mlx5_0,host,A26,OS1XR883LN,LOT-2541,2026-02-16,
leaf-a13-r0:swp34,switch,A26,OSFU0LB02Y,LOT-2550,2026-02-16,
a26-ct16:mlx5_1,host,A26,OSS6CSJKM2,LOT-2605,2026-02-16,
leaf-a13-r1:swp34,switch,A26,OSZXP24EGJ,LOT-2539,2026-02-16,
a26-ct16:mlx5_2,host,A26,OSQ9OR0FBN,LOT-2546,2026-02-16,
leaf-a13-r2:swp34,switch,A26,OS2CS921IV,LOT-2550,2026-02-16,
a26-ct16:mlx5_3,host,A26,OSHVL3PM60,LOT-2550,2026-02-16,
leaf-a13-r3:swp34,switch,A26,OS0KF0U79R,LOT-2541,2026-02-16,
a26-ct17:mlx5_0,host,A26,OS9OCAV214,LOT-2546,2026-02-16,
leaf-a13-r0:swp35,switch,A26,OSNZJW0AHW,LOT-2539,2026-02-16,
a26-ct17:mlx5_1,host,A26,OS85PN6HSQ,LOT-2539,2026-02-16,
leaf-a13-r1:swp35,switch,A26,OSKDKLZWYZ,LOT-2539,2026-02-16,
a26-ct17:mlx5_2,host,A26,OSM3BNLE4N,LOT-2539,2026-02-16,
leaf-a13-r2:swp35,switch,A26,OSA06EJ2VY,LOT-2550,2026-02-16,2026-04-11
a26-ct17:mlx5_3,host,A26,OS46WMW2B6,LOT-2548,2026-02-16,
leaf-a13-r3:swp35,switch,A26,OSPRBRK05Y,LOT-2546,2026-02-16,
a26-ct18:mlx5_0,host,A26,OS33HKFGOL,LOT-2550,2026-02-16,
leaf-a13-r0:swp36,switch,A26,OS0WPYZWCB,LOT-2546,2026-02-16,
a26-ct18:mlx5_1,host,A26,OSJDY8G6DQ,LOT-2544,2026-02-16,
leaf-a13-r1:swp36,switch,A26,OSXCBDWD46,LOT-2541,2026-02-16,
a26-ct18:mlx5_2,host,A26,OSFN7Q8DUH,LOT-2539,2026-02-16,
leaf-a13-r2:swp36,switch,A26,OSOOIVNZVW,LOT-2548,2026-02-16,
a26-ct18:mlx5_3,host,A26,OSUW15897G,LOT-2539,2026-02-16,
leaf-a13-r3:swp36,switch,A26,OSTECTUDSJ,LOT-2544,2026-02-16,
a27-ct01:mlx5_0,host,A27,OSMAIBKIHW,LOT-2602,2026-02-16,
leaf-a14-r0:swp1,switch,A27,OSI9V7XN4T,LOT-2546,2026-02-16,
a27-ct01:mlx5_1,host,A27,OS601XTEWN,LOT-2541,2026-02-16,
leaf-a14-r1:swp1,switch,A27,OSU0Y6UOJ8,LOT-2544,2026-02-16,
a27-ct01:mlx5_2,host,A27,OSU0GEOVPL,LOT-2541,2026-02-16,
leaf-a14-r2:swp1,switch,A27,OSORKY5KYO,LOT-2539,2026-02-16,
a27-ct01:mlx5_3,host,A27,OSETNIE5QX,LOT-2602,2026-02-16,
leaf-a14-r3:swp1,switch,A27,OS70RW88YG,LOT-2546,2026-02-16,
a27-ct02:mlx5_0,host,A27,OS50NZKHAG,LOT-2548,2026-02-16,
leaf-a14-r0:swp2,switch,A27,OS5GGCR54Z,LOT-2539,2026-02-16,
a27-ct02:mlx5_1,host,A27,OS5Z8V8KO7,LOT-2541,2026-02-16,
leaf-a14-r1:swp2,switch,A27,OSAP9ZDMGO,LOT-2544,2026-02-16,
a27-ct02:mlx5_2,host,A27,OSUY27RFZ5,LOT-2602,2026-02-16,
leaf-a14-r2:swp2,switch,A27,OS8TY8DRRV,LOT-2544,2026-02-16,
a27-ct02:mlx5_3,host,A27,OSSAQTYXI9,LOT-2541,2026-02-16,
leaf-a14-r3:swp2,switch,A27,OSFT6X0VVE,LOT-2544,2026-02-16,
a27-ct03:mlx5_0,host,A27,OSUHA7N9KH,LOT-2539,2026-02-16,
leaf-a14-r0:swp3,switch,A27,OSRMPRPSLI,LOT-2550,2026-02-16,
a27-ct03:mlx5_1,host,A27,OSUWUGN8D2,LOT-2546,2026-02-16,
leaf-a14-r1:swp3,switch,A27,OSQW4GN9I8,LOT-2539,2026-02-16,
a27-ct03:mlx5_2,host,A27,OSH7I90DY0,LOT-2544,2026-02-16,
leaf-a14-r2:swp3,switch,A27,OSJY2BHYOP,LOT-2541,2026-02-16,
a27-ct03:mlx5_3,host,A27,OSC90HSCNA,LOT-2541,2026-02-16,
leaf-a14-r3:swp3,switch,A27,OS88T6QJJ9,LOT-2550,2026-02-16,
a27-ct04:mlx5_0,host,A27,OS4OOR0B0N,LOT-2546,2026-02-16,
leaf-a14-r0:swp4,switch,A27,OS2UOM8BTL,LOT-2546,2026-02-16,
a27-ct04:mlx5_1,host,A27,OS7RC84YJ0,LOT-2541,2026-02-16,
leaf-a14-r1:swp4,switch,A27,OSCTAWTKQV,LOT-2546,2026-02-16,
a27-ct04:mlx5_2,host,A27,OSVI1F0QU4,LOT-2550,2026-02-16,
leaf-a14-r2:swp4,switch,A27,OS5FP9PXEK,LOT-2541,2026-02-16,
a27-ct04:mlx5_3,host,A27,OSJCJOINW6,LOT-2539,2026-02-16,
leaf-a14-r3:swp4,switch,A27,OSDTR0OR0E,LOT-2550,2026-02-16,
a27-ct05:mlx5_0,host,A27,OSWA3VKD50,LOT-2539,2026-02-16,
leaf-a14-r0:swp5,switch,A27,OSZPLVV73A,LOT-2541,2026-02-16,
a27-ct05:mlx5_1,host,A27,OSR32T0DKR,LOT-2548,2026-02-16,
leaf-a14-r1:swp5,switch,A27,OSPHVUXXXG,LOT-2539,2026-02-16,
a27-ct05:mlx5_2,host,A27,OS6EN31AOV,LOT-2605,2026-02-16,
leaf-a14-r2:swp5,switch,A27,OSKY594MY9,LOT-2541,2026-02-16,
a27-ct05:mlx5_3,host,A27,OSNRVYZD2H,LOT-2541,2026-02-16,
leaf-a14-r3:swp5,switch,A27,OS5RH05POD,LOT-2544,2026-02-16,
a27-ct06:mlx5_0,host,A27,OSFM28GVVU,LOT-2539,2026-02-16,
leaf-a14-r0:swp6,switch,A27,OS9HAA03LV,LOT-2539,2026-02-16,
a27-ct06:mlx5_1,host,A27,OSOO2R8786,LOT-2539,2026-02-16,
leaf-a14-r1:swp6,switch,A27,OS0IPGHWP8,LOT-2605,2026-02-16,
a27-ct06:mlx5_2,host,A27,OSXYQUE9TC,LOT-2546,2026-02-16,
leaf-a14-r2:swp6,switch,A27,OS4NEY8U45,LOT-2539,2026-02-16,
a27-ct06:mlx5_3,host,A27,OSAJK69BAM,LOT-2539,2026-02-16,
leaf-a14-r3:swp6,switch,A27,OSAUP9TIO6,LOT-2546,2026-02-16,
a27-ct07:mlx5_0,host,A27,OS0HOF6B3T,LOT-2539,2026-02-16,
leaf-a14-r0:swp7,switch,A27,OSQME8LZ3A,LOT-2544,2026-02-16,
a27-ct07:mlx5_1,host,A27,OSY5CWX3IJ,LOT-2539,2026-02-16,
leaf-a14-r1:swp7,switch,A27,OSQFU12N4R,LOT-2544,2026-02-16,
a27-ct07:mlx5_2,host,A27,OS47X4BMBA,LOT-2605,2026-02-16,
leaf-a14-r2:swp7,switch,A27,OSQQYYXVGD,LOT-2548,2026-02-16,
a27-ct07:mlx5_3,host,A27,OS9QEWV814,LOT-2550,2026-02-16,
leaf-a14-r3:swp7,switch,A27,OSIGFAVDRB,LOT-2541,2026-02-16,2026-03-21
a27-ct08:mlx5_0,host,A27,OSBPMWXZOV,LOT-2539,2026-02-16,
leaf-a14-r0:swp8,switch,A27,OSUF5C8OGL,LOT-2539,2026-02-16,
a27-ct08:mlx5_1,host,A27,OSP8W7YUHO,LOT-2541,2026-02-16,
leaf-a14-r1:swp8,switch,A27,OSA78IIN40,LOT-2548,2026-02-16,
a27-ct08:mlx5_2,host,A27,OSPF5OS42S,LOT-2550,2026-02-16,
leaf-a14-r2:swp8,switch,A27,OS7HHD82EX,LOT-2546,2026-02-16,
a27-ct08:mlx5_3,host,A27,OSM6CP6A8B,LOT-2605,2026-02-16,
leaf-a14-r3:swp8,switch,A27,OSWUFMXOUS,LOT-2544,2026-02-16,
a27-ct09:mlx5_0,host,A27,OSYBDOV3AD,LOT-2546,2026-02-16,
leaf-a14-r0:swp9,switch,A27,OSPNDV5M5V,LOT-2539,2026-02-16,
a27-ct09:mlx5_1,host,A27,OSQTSBW6RU,LOT-2541,2026-02-16,
leaf-a14-r1:swp9,switch,A27,OS40S9Q49R,LOT-2539,2026-02-16,
a27-ct09:mlx5_2,host,A27,OSVLXS9LM2,LOT-2602,2026-02-16,
leaf-a14-r2:swp9,switch,A27,OS39RUD775,LOT-2539,2026-02-16,
a27-ct09:mlx5_3,host,A27,OSZVVW5YBR,LOT-2541,2026-02-16,
leaf-a14-r3:swp9,switch,A27,OS5LEY8V7H,LOT-2544,2026-02-16,
a27-ct10:mlx5_0,host,A27,OS1BH15UMW,LOT-2548,2026-02-16,
leaf-a14-r0:swp10,switch,A27,OSTQ0BTUNV,LOT-2541,2026-02-16,
a27-ct10:mlx5_1,host,A27,OSQILNDX2A,LOT-2539,2026-02-16,
leaf-a14-r1:swp10,switch,A27,OSKFGIQDMM,LOT-2546,2026-02-16,
a27-ct10:mlx5_2,host,A27,OSU4DXQWL9,LOT-2602,2026-02-16,
leaf-a14-r2:swp10,switch,A27,OSKNTZGI9Y,LOT-2541,2026-02-16,
a27-ct10:mlx5_3,host,A27,OSS0FZP8OZ,LOT-2546,2026-02-16,
leaf-a14-r3:swp10,switch,A27,OSYN5YHHGV,LOT-2539,2026-02-16,
a27-ct11:mlx5_0,host,A27,OSG0I31NHN,LOT-2602,2026-02-16,
leaf-a14-r0:swp11,switch,A27,OSXN2US1SE,LOT-2548,2026-02-16,
a27-ct11:mlx5_1,host,A27,OSWPQ79R69,LOT-2539,2026-02-16,
leaf-a14-r1:swp11,switch,A27,OSIJR8T4JI,LOT-2605,2026-02-16,
a27-ct11:mlx5_2,host,A27,OSMQOK3L16,LOT-2548,2026-02-16,
leaf-a14-r2:swp11,switch,A27,OSJBWSOTQC,LOT-2602,2026-02-16,
a27-ct11:mlx5_3,host,A27,OS3O3UHTEE,LOT-2548,2026-02-16,
leaf-a14-r3:swp11,switch,A27,OSQO2DIP72,LOT-2602,2026-02-16,
a27-ct12:mlx5_0,host,A27,OS0KEMQUUE,LOT-2539,2026-02-16,
leaf-a14-r0:swp12,switch,A27,OSB1FZI01S,LOT-2602,2026-02-16,
a27-ct12:mlx5_1,host,A27,OS12FVH391,LOT-2602,2026-02-16,
leaf-a14-r1:swp12,switch,A27,OSOKF08HNU,LOT-2539,2026-02-16,
a27-ct12:mlx5_2,host,A27,OSNP8PIXXJ,LOT-2544,2026-02-16,
leaf-a14-r2:swp12,switch,A27,OSIXWE2DMD,LOT-2550,2026-02-16,
a27-ct12:mlx5_3,host,A27,OS0XOKSID6,LOT-2546,2026-02-16,
leaf-a14-r3:swp12,switch,A27,OSW3KV1WES,LOT-2539,2026-02-16,
a27-ct13:mlx5_0,host,A27,OSESYJW4RL,LOT-2539,2026-02-16,
leaf-a14-r0:swp13,switch,A27,OSO1FF0ZJ1,LOT-2539,2026-02-16,
a27-ct13:mlx5_1,host,A27,OSUD3EYU4W,LOT-2548,2026-02-16,
leaf-a14-r1:swp13,switch,A27,OS8G4KLGRT,LOT-2602,2026-02-16,
a27-ct13:mlx5_2,host,A27,OSTYZIWI0W,LOT-2548,2026-02-16,
leaf-a14-r2:swp13,switch,A27,OSDGQ4C36T,LOT-2546,2026-02-16,
a27-ct13:mlx5_3,host,A27,OSA57C25VG,LOT-2550,2026-02-16,
leaf-a14-r3:swp13,switch,A27,OSK2JAZ5QH,LOT-2541,2026-02-16,
a27-ct14:mlx5_0,host,A27,OSNQBBQTSP,LOT-2546,2026-02-16,
leaf-a14-r0:swp14,switch,A27,OSA48A5DFI,LOT-2539,2026-02-16,
a27-ct14:mlx5_1,host,A27,OS84SY2L2V,LOT-2539,2026-02-16,
leaf-a14-r1:swp14,switch,A27,OSJB7UKOPZ,LOT-2539,2026-02-16,
a27-ct14:mlx5_2,host,A27,OSKQJMJJAB,LOT-2541,2026-02-16,
leaf-a14-r2:swp14,switch,A27,OS1I0EKYAP,LOT-2539,2026-02-16,
a27-ct14:mlx5_3,host,A27,OSQGDHIEUH,LOT-2544,2026-02-16,
leaf-a14-r3:swp14,switch,A27,OSUP4D2SE1,LOT-2605,2026-02-16,
a27-ct15:mlx5_0,host,A27,OSIS872D8I,LOT-2544,2026-02-16,
leaf-a14-r0:swp15,switch,A27,OSMLQJEHVE,LOT-2546,2026-02-16,
a27-ct15:mlx5_1,host,A27,OST983MWDE,LOT-2602,2026-02-16,
leaf-a14-r1:swp15,switch,A27,OSEUBSX8GW,LOT-2550,2026-02-16,
a27-ct15:mlx5_2,host,A27,OSXUEFY61I,LOT-2541,2026-02-16,
leaf-a14-r2:swp15,switch,A27,OS9X6AD3X6,LOT-2541,2026-02-16,
a27-ct15:mlx5_3,host,A27,OSSLI5CNY6,LOT-2602,2026-02-16,
leaf-a14-r3:swp15,switch,A27,OSCYK34UV6,LOT-2541,2026-02-16,
a27-ct16:mlx5_0,host,A27,OSCWVD7ST3,LOT-2602,2026-02-16,
leaf-a14-r0:swp16,switch,A27,OSYYOT0VH6,LOT-2539,2026-02-16,
a27-ct16:mlx5_1,host,A27,OSARX23388,LOT-2550,2026-02-16,
leaf-a14-r1:swp16,switch,A27,OS27FCA55D,LOT-2546,2026-02-16,
a27-ct16:mlx5_2,host,A27,OSM5569ZKS,LOT-2541,2026-02-16,
leaf-a14-r2:swp16,switch,A27,OS1UCC84OA,LOT-2539,2026-02-16,
a27-ct16:mlx5_3,host,A27,OSJA4KRFV7,LOT-2541,2026-02-16,
leaf-a14-r3:swp16,switch,A27,OS9S5IZ0HK,LOT-2546,2026-02-16,
a27-ct17:mlx5_0,host,A27,OSYN23U52L,LOT-2544,2026-02-16,
leaf-a14-r0:swp17,switch,A27,OS6RM0MJZJ,LOT-2541,2026-02-16,
a27-ct17:mlx5_1,host,A27,OSE0ZWX82D,LOT-2539,2026-02-16,
leaf-a14-r1:swp17,switch,A27,OSV5R960G5,LOT-2541,2026-02-16,
a27-ct17:mlx5_2,host,A27,OS6G82PP5E,LOT-2539,2026-02-16,
leaf-a14-r2:swp17,switch,A27,OSG5X27OM2,LOT-2602,2026-02-16,
a27-ct17:mlx5_3,host,A27,OS1O2P07D7,LOT-2548,2026-02-16,
leaf-a14-r3:swp17,switch,A27,OSETSCW8ZV,LOT-2550,2026-02-16,
a27-ct18:mlx5_0,host,A27,OS60LJQT63,LOT-2548,2026-02-16,
leaf-a14-r0:swp18,switch,A27,OSZG5TJ2CC,LOT-2544,2026-02-16,
a27-ct18:mlx5_1,host,A27,OSMIJ8IWX1,LOT-2541,2026-02-16,
leaf-a14-r1:swp18,switch,A27,OS2MFEGVU6,LOT-2546,2026-02-16,
a27-ct18:mlx5_2,host,A27,OS1L54C32W,LOT-2544,2026-02-16,
leaf-a14-r2:swp18,switch,A27,OSPKPCCOL8,LOT-2541,2026-02-16,
a27-ct18:mlx5_3,host,A27,OSK6PKUG9U,LOT-2546,2026-02-16,
leaf-a14-r3:swp18,switch,A27,OSL01IWPID,LOT-2546,2026-02-16,
a28-ct01:mlx5_0,host,A28,OSV41P0CM5,LOT-2541,2026-02-16,
leaf-a14-r0:swp19,switch,A28,OS5U8MTSEJ,LOT-2541,2026-02-16,
a28-ct01:mlx5_1,host,A28,OSK41SF9UR,LOT-2550,2026-02-16,
leaf-a14-r1:swp19,switch,A28,OSAIX1MU0C,LOT-2605,2026-02-16,
a28-ct01:mlx5_2,host,A28,OSF9CI34IV,LOT-2546,2026-02-16,
leaf-a14-r2:swp19,switch,A28,OSA34CGD26,LOT-2602,2026-02-16,
a28-ct01:mlx5_3,host,A28,OSNHXGY9RN,LOT-2541,2026-02-16,
leaf-a14-r3:swp19,switch,A28,OSPY401G2Z,LOT-2544,2026-02-16,
a28-ct02:mlx5_0,host,A28,OSZN14EJE5,LOT-2544,2026-02-16,
leaf-a14-r0:swp20,switch,A28,OSQ4C9GPUL,LOT-2548,2026-02-16,2026-07-21
a28-ct02:mlx5_1,host,A28,OSKJPK9F41,LOT-2539,2026-02-16,
leaf-a14-r1:swp20,switch,A28,OS0BK508RC,LOT-2541,2026-02-16,
a28-ct02:mlx5_2,host,A28,OSZODPU3DW,LOT-2602,2026-02-16,
leaf-a14-r2:swp20,switch,A28,OSK4B27Z3S,LOT-2539,2026-02-16,
a28-ct02:mlx5_3,host,A28,OSHWC8CRAY,LOT-2544,2026-02-16,
leaf-a14-r3:swp20,switch,A28,OSVSQY52U8,LOT-2605,2026-02-16,
a28-ct03:mlx5_0,host,A28,OSLLDHEDS4,LOT-2548,2026-02-16,
leaf-a14-r0:swp21,switch,A28,OS4P4AUEI3,LOT-2546,2026-02-16,2026-04-21
a28-ct03:mlx5_1,host,A28,OSI12UZVRH,LOT-2548,2026-02-16,
leaf-a14-r1:swp21,switch,A28,OS8JS7AUJ8,LOT-2546,2026-02-16,
a28-ct03:mlx5_2,host,A28,OSQ34E94MU,LOT-2550,2026-02-16,
leaf-a14-r2:swp21,switch,A28,OSBQ45DXP8,LOT-2541,2026-02-16,
a28-ct03:mlx5_3,host,A28,OS20RETLR3,LOT-2602,2026-02-16,
leaf-a14-r3:swp21,switch,A28,OSPO72P4U8,LOT-2602,2026-02-16,
a28-ct04:mlx5_0,host,A28,OSMVZQGI0A,LOT-2539,2026-02-16,
leaf-a14-r0:swp22,switch,A28,OSGJEIK47W,LOT-2539,2026-02-16,
a28-ct04:mlx5_1,host,A28,OSM0VSVF6A,LOT-2541,2026-02-16,
leaf-a14-r1:swp22,switch,A28,OSX11HJ9YE,LOT-2541,2026-02-16,
a28-ct04:mlx5_2,host,A28,OS3NKICSCK,LOT-2605,2026-02-16,
leaf-a14-r2:swp22,switch,A28,OST3AB35CA,LOT-2539,2026-02-16,
a28-ct04:mlx5_3,host,A28,OSS81AY34O,LOT-2548,2026-02-16,
leaf-a14-r3:swp22,switch,A28,OSGZ53GLW0,LOT-2541,2026-02-16,
a28-ct05:mlx5_0,host,A28,OSALUGIKO1,LOT-2548,2026-02-16,
leaf-a14-r0:swp23,switch,A28,OSFEEC376O,LOT-2548,2026-02-16,
a28-ct05:mlx5_1,host,A28,OSO7CMTRLZ,LOT-2605,2026-02-16,
leaf-a14-r1:swp23,switch,A28,OSXQEHL9MR,LOT-2550,2026-02-16,
a28-ct05:mlx5_2,host,A28,OSZMT8RTW3,LOT-2539,2026-02-16,
leaf-a14-r2:swp23,switch,A28,OSS6AZ72J6,LOT-2546,2026-02-16,
a28-ct05:mlx5_3,host,A28,OSBN4DUA7O,LOT-2550,2026-02-16,
leaf-a14-r3:swp23,switch,A28,OSTV7E196J,LOT-2550,2026-02-16,
a28-ct06:mlx5_0,host,A28,OSM8663BCH,LOT-2539,2026-02-16,
leaf-a14-r0:swp24,switch,A28,OSEHCDUZOL,LOT-2550,2026-02-16,
a28-ct06:mlx5_1,host,A28,OSOZ9GOBU9,LOT-2544,2026-02-16,
leaf-a14-r1:swp24,switch,A28,OSWUCSB8K0,LOT-2546,2026-02-16,
a28-ct06:mlx5_2,host,A28,OSS47ITCN2,LOT-2544,2026-02-16,
leaf-a14-r2:swp24,switch,A28,OS91ATST2M,LOT-2550,2026-02-16,
a28-ct06:mlx5_3,host,A28,OS5J4T42LH,LOT-2605,2026-02-16,
leaf-a14-r3:swp24,switch,A28,OS89Y9XW6Y,LOT-2539,2026-02-16,
a28-ct07:mlx5_0,host,A28,OSMFE1P0NS,LOT-2539,2026-02-16,
leaf-a14-r0:swp25,switch,A28,OSM7H42VML,LOT-2602,2026-02-16,
a28-ct07:mlx5_1,host,A28,OS7FDI0OL4,LOT-2605,2026-02-16,
leaf-a14-r1:swp25,switch,A28,OSJGHPX3VO,LOT-2541,2026-02-16,
a28-ct07:mlx5_2,host,A28,OSP1B176Z3,LOT-2546,2026-02-16,
leaf-a14-r2:swp25,switch,A28,OSUQQ4U1IQ,LOT-2544,2026-02-16,
a28-ct07:mlx5_3,host,A28,OSUSXTMT86,LOT-2541,2026-02-16,
leaf-a14-r3:swp25,switch,A28,OSX0XBWW5V,LOT-2546,2026-02-16,
a28-ct08:mlx5_0,host,A28,OSKTUUUF4H,LOT-2605,2026-02-16,
leaf-a14-r0:swp26,switch,A28,OSHCK2I39T,LOT-2550,2026-02-16,
a28-ct08:mlx5_1,host,A28,OSPLR9XMIU,LOT-2550,2026-02-16,
leaf-a14-r1:swp26,switch,A28,OS1OQ7OYER,LOT-2605,2026-02-16,
a28-ct08:mlx5_2,host,A28,OS43KE7XBQ,LOT-2548,2026-02-16,
leaf-a14-r2:swp26,switch,A28,OSUJFGBHT0,LOT-2550,2026-02-16,
a28-ct08:mlx5_3,host,A28,OSL0TQQSTF,LOT-2544,2026-02-16,
leaf-a14-r3:swp26,switch,A28,OS4N7UB29C,LOT-2539,2026-02-16,
a28-ct09:mlx5_0,host,A28,OSMSWRYW5V,LOT-2602,2026-02-16,
leaf-a14-r0:swp27,switch,A28,OSDXP4FJUD,LOT-2550,2026-02-16,
a28-ct09:mlx5_1,host,A28,OS8ZE4V5RR,LOT-2602,2026-02-16,
leaf-a14-r1:swp27,switch,A28,OSUWNMPWWA,LOT-2539,2026-02-16,
a28-ct09:mlx5_2,host,A28,OSR480UDOE,LOT-2539,2026-02-16,
leaf-a14-r2:swp27,switch,A28,OSV82VAR9A,LOT-2548,2026-02-16,
a28-ct09:mlx5_3,host,A28,OSPTZK2HW8,LOT-2541,2026-02-16,
leaf-a14-r3:swp27,switch,A28,OSCUVMOHKX,LOT-2544,2026-02-16,
a28-ct10:mlx5_0,host,A28,OSPYQ0KMQ8,LOT-2548,2026-02-16,
leaf-a14-r0:swp28,switch,A28,OSHCPJSJ4X,LOT-2605,2026-02-16,
a28-ct10:mlx5_1,host,A28,OSAZ3LZZ2A,LOT-2541,2026-02-16,
leaf-a14-r1:swp28,switch,A28,OS9F5CGF9I,LOT-2544,2026-02-16,
a28-ct10:mlx5_2,host,A28,OSF2EPT5UO,LOT-2548,2026-02-16,
leaf-a14-r2:swp28,switch,A28,OSMMEOSUQN,LOT-2539,2026-02-16,
a28-ct10:mlx5_3,host,A28,OSNFIKCJ48,LOT-2548,2026-02-16,
leaf-a14-r3:swp28,switch,A28,OSEFY2JWGV,LOT-2544,2026-02-16,
a28-ct11:mlx5_0,host,A28,OSOIOZQT2P,LOT-2539,2026-02-16,
leaf-a14-r0:swp29,switch,A28,OSZCNRMLF9,LOT-2541,2026-02-16,
a28-ct11:mlx5_1,host,A28,OSFWJROY7Q,LOT-2550,2026-02-16,
leaf-a14-r1:swp29,switch,A28,OSLFT0I93V,LOT-2550,2026-02-16,
a28-ct11:mlx5_2,host,A28,OS575JF2M4,LOT-2602,2026-02-16,
leaf-a14-r2:swp29,switch,A28,OS7N8BQV0H,LOT-2548,2026-02-16,
a28-ct11:mlx5_3,host,A28,OSNW4LGVNY,LOT-2544,2026-02-16,
leaf-a14-r3:swp29,switch,A28,OSDMHI4YAC,LOT-2539,2026-02-16,
a28-ct12:mlx5_0,host,A28,OSDFPQWD7G,LOT-2546,2026-02-16,
leaf-a14-r0:swp30,switch,A28,OSRMU4FRKT,LOT-2550,2026-02-16,
a28-ct12:mlx5_1,host,A28,OS0TW7AY7H,LOT-2605,2026-02-16,
leaf-a14-r1:swp30,switch,A28,OS5Y2RGRHB,LOT-2548,2026-02-16,
a28-ct12:mlx5_2,host,A28,OSJ47CH7FD,LOT-2541,2026-02-16,
leaf-a14-r2:swp30,switch,A28,OS2K1QQ2ZH,LOT-2548,2026-02-16,
a28-ct12:mlx5_3,host,A28,OSLIS1RGVN,LOT-2539,2026-02-16,
leaf-a14-r3:swp30,switch,A28,OSLNK0A4LJ,LOT-2541,2026-02-16,
a28-ct13:mlx5_0,host,A28,OST8W2U67H,LOT-2548,2026-02-16,
leaf-a14-r0:swp31,switch,A28,OSF3NR10FU,LOT-2546,2026-02-16,
a28-ct13:mlx5_1,host,A28,OSV5WQBW5Q,LOT-2541,2026-02-16,
leaf-a14-r1:swp31,switch,A28,OS8RTNJBQT,LOT-2539,2026-02-16,
a28-ct13:mlx5_2,host,A28,OSY043ZZ1A,LOT-2544,2026-02-16,
leaf-a14-r2:swp31,switch,A28,OS38MISQEK,LOT-2539,2026-02-16,
a28-ct13:mlx5_3,host,A28,OS3P3E6BDI,LOT-2546,2026-02-16,
leaf-a14-r3:swp31,switch,A28,OSQ0JBFHSQ,LOT-2541,2026-02-16,
a28-ct14:mlx5_0,host,A28,OSEVB4W9HL,LOT-2541,2026-02-16,
leaf-a14-r0:swp32,switch,A28,OS6KGUS0WR,LOT-2602,2026-02-16,
a28-ct14:mlx5_1,host,A28,OS7TM7L9C3,LOT-2546,2026-02-16,
leaf-a14-r1:swp32,switch,A28,OSEMRXGN19,LOT-2541,2026-02-16,2026-06-23
a28-ct14:mlx5_2,host,A28,OS6753V6J4,LOT-2550,2026-02-16,
leaf-a14-r2:swp32,switch,A28,OSF3BOXWCE,LOT-2539,2026-02-16,
a28-ct14:mlx5_3,host,A28,OS6R43WUB3,LOT-2544,2026-02-16,2026-07-24
leaf-a14-r3:swp32,switch,A28,OSDMZQCXY7,LOT-2605,2026-02-16,
a28-ct15:mlx5_0,host,A28,OS4P2SSK37,LOT-2550,2026-02-16,
leaf-a14-r0:swp33,switch,A28,OSAW4YGK87,LOT-2544,2026-02-16,2026-05-27
a28-ct15:mlx5_1,host,A28,OS9D66U8ZA,LOT-2541,2026-02-16,
leaf-a14-r1:swp33,switch,A28,OS62AJBFTK,LOT-2550,2026-02-16,
a28-ct15:mlx5_2,host,A28,OS22602KZI,LOT-2550,2026-02-16,
leaf-a14-r2:swp33,switch,A28,OSZJ5C4EVH,LOT-2541,2026-02-16,
a28-ct15:mlx5_3,host,A28,OSPKY0UGVI,LOT-2546,2026-02-16,
leaf-a14-r3:swp33,switch,A28,OSDZRNMG53,LOT-2548,2026-02-16,
a28-ct16:mlx5_0,host,A28,OS7XAIPIBW,LOT-2550,2026-02-16,
leaf-a14-r0:swp34,switch,A28,OSCFET3GIR,LOT-2544,2026-02-16,
a28-ct16:mlx5_1,host,A28,OSA30A2NW2,LOT-2602,2026-02-16,
leaf-a14-r1:swp34,switch,A28,OS3HLI55MA,LOT-2541,2026-02-16,
a28-ct16:mlx5_2,host,A28,OSBX747N63,LOT-2541,2026-02-16,
leaf-a14-r2:swp34,switch,A28,OSH60OG0G2,LOT-2605,2026-02-16,
a28-ct16:mlx5_3,host,A28,OS13MVY6J8,LOT-2541,2026-02-16,
leaf-a14-r3:swp34,switch,A28,OSB7SDV9PF,LOT-2548,2026-02-16,
a28-ct17:mlx5_0,host,A28,OS8YR1PENS,LOT-2605,2026-02-16,
leaf-a14-r0:swp35,switch,A28,OSZCLKKAIB,LOT-2541,2026-02-16,
a28-ct17:mlx5_1,host,A28,OSAA7OUHGC,LOT-2539,2026-02-16,
leaf-a14-r1:swp35,switch,A28,OSNIL4SWC0,LOT-2550,2026-02-16,
a28-ct17:mlx5_2,host,A28,OSVI07NHJT,LOT-2544,2026-02-16,
leaf-a14-r2:swp35,switch,A28,OSFI225OCF,LOT-2546,2026-02-16,
a28-ct17:mlx5_3,host,A28,OSIADCDVTX,LOT-2541,2026-02-16,
leaf-a14-r3:swp35,switch,A28,OSGWX91ZEJ,LOT-2546,2026-02-16,
a28-ct18:mlx5_0,host,A28,OSXDQFDPXR,LOT-2544,2026-02-16,
leaf-a14-r0:swp36,switch,A28,OSH3DO7EV8,LOT-2539,2026-02-16,
a28-ct18:mlx5_1,host,A28,OSX4VZFF0G,LOT-2605,2026-02-16,
leaf-a14-r1:swp36,switch,A28,OSDKYABLZ2,LOT-2548,2026-02-16,
a28-ct18:mlx5_2,host,A28,OSAO91PHTN,LOT-2602,2026-02-16,
leaf-a14-r2:swp36,switch,A28,OSWEC6PVVX,LOT-2602,2026-02-16,
a28-ct18:mlx5_3,host,A28,OSV4BEDVCY,LOT-2544,2026-02-16,
leaf-a14-r3:swp36,switch,A28,OSULFFVEO9,LOT-2541,2026-02-16,
a29-ct01:mlx5_0,host,A29,OSQK7WA676,LOT-2544,2026-02-16,
leaf-a15-r0:swp1,switch,A29,OSGJLZUJZM,LOT-2550,2026-02-16,
a29-ct01:mlx5_1,host,A29,OSAEXMDBYV,LOT-2541,2026-02-16,
leaf-a15-r1:swp1,switch,A29,OS7TGO736I,LOT-2548,2026-02-16,
a29-ct01:mlx5_2,host,A29,OS2DED052Z,LOT-2541,2026-02-16,
leaf-a15-r2:swp1,switch,A29,OSDII13KKP,LOT-2546,2026-02-16,
a29-ct01:mlx5_3,host,A29,OSVC1ZY3P2,LOT-2541,2026-02-16,
leaf-a15-r3:swp1,switch,A29,OSK0C59COJ,LOT-2544,2026-02-16,
a29-ct02:mlx5_0,host,A29,OS5NQJD7DV,LOT-2550,2026-02-16,
leaf-a15-r0:swp2,switch,A29,OSBCNFYCAZ,LOT-2541,2026-02-16,
a29-ct02:mlx5_1,host,A29,OSL53DWDP6,LOT-2550,2026-02-16,
leaf-a15-r1:swp2,switch,A29,OSLO2SW6G3,LOT-2550,2026-02-16,
a29-ct02:mlx5_2,host,A29,OS4B8PPJQ5,LOT-2548,2026-02-16,
leaf-a15-r2:swp2,switch,A29,OS9PQ3WA42,LOT-2544,2026-02-16,
a29-ct02:mlx5_3,host,A29,OSH8HD8MBS,LOT-2541,2026-02-16,
leaf-a15-r3:swp2,switch,A29,OSUODD2HVU,LOT-2546,2026-02-16,
a29-ct03:mlx5_0,host,A29,OSQOZQE0RS,LOT-2544,2026-02-16,
leaf-a15-r0:swp3,switch,A29,OSZR2GRLK4,LOT-2548,2026-02-16,
a29-ct03:mlx5_1,host,A29,OS13IL2RUT,LOT-2546,2026-02-16,
leaf-a15-r1:swp3,switch,A29,OSKIAZP7FD,LOT-2541,2026-02-16,
a29-ct03:mlx5_2,host,A29,OS1L10X6FE,LOT-2541,2026-02-16,
leaf-a15-r2:swp3,switch,A29,OSK7980JC7,LOT-2539,2026-02-16,
a29-ct03:mlx5_3,host,A29,OS03Z4S0ZH,LOT-2546,2026-02-16,
leaf-a15-r3:swp3,switch,A29,OSWHSVTXL4,LOT-2546,2026-02-16,2026-05-26
a29-ct04:mlx5_0,host,A29,OSR6Y3BSCD,LOT-2605,2026-02-16,
leaf-a15-r0:swp4,switch,A29,OS5825PF6Y,LOT-2605,2026-02-16,
a29-ct04:mlx5_1,host,A29,OSISRH6W5X,LOT-2548,2026-02-16,
leaf-a15-r1:swp4,switch,A29,OSPHHZJSJA,LOT-2548,2026-02-16,
a29-ct04:mlx5_2,host,A29,OS5OMWNAHR,LOT-2541,2026-02-16,
leaf-a15-r2:swp4,switch,A29,OSODTEV45G,LOT-2548,2026-02-16,
a29-ct04:mlx5_3,host,A29,OSP65F2WBD,LOT-2539,2026-02-16,
leaf-a15-r3:swp4,switch,A29,OSFZ37GXDI,LOT-2541,2026-02-16,
a29-ct05:mlx5_0,host,A29,OSOAXSUI3M,LOT-2544,2026-02-16,2026-07-17
leaf-a15-r0:swp5,switch,A29,OS9H9OF5BX,LOT-2548,2026-02-16,
a29-ct05:mlx5_1,host,A29,OS9CRC76FY,LOT-2539,2026-02-16,
leaf-a15-r1:swp5,switch,A29,OSQZ2UM9UA,LOT-2546,2026-02-16,
a29-ct05:mlx5_2,host,A29,OSCV4YS4C5,LOT-2602,2026-02-16,
leaf-a15-r2:swp5,switch,A29,OS1T8D4Z0F,LOT-2544,2026-02-16,
a29-ct05:mlx5_3,host,A29,OS1A0CF7DG,LOT-2550,2026-02-16,
leaf-a15-r3:swp5,switch,A29,OSXIRW7WIC,LOT-2546,2026-02-16,
a29-ct06:mlx5_0,host,A29,OSGJDWOMTK,LOT-2544,2026-02-16,
leaf-a15-r0:swp6,switch,A29,OS3TIIBV49,LOT-2605,2026-02-16,
a29-ct06:mlx5_1,host,A29,OS9U8M8C53,LOT-2548,2026-02-16,
leaf-a15-r1:swp6,switch,A29,OSEFZKU3GQ,LOT-2544,2026-02-16,
a29-ct06:mlx5_2,host,A29,OS2O2N3TD2,LOT-2544,2026-02-16,
leaf-a15-r2:swp6,switch,A29,OSU1KZU8NR,LOT-2539,2026-02-16,
a29-ct06:mlx5_3,host,A29,OSJEM5HNP5,LOT-2546,2026-02-16,
leaf-a15-r3:swp6,switch,A29,OSHPBQYD5H,LOT-2539,2026-02-16,
a29-ct07:mlx5_0,host,A29,OSPNKSW0C1,LOT-2546,2026-02-16,
leaf-a15-r0:swp7,switch,A29,OSP453RC04,LOT-2546,2026-02-16,
a29-ct07:mlx5_1,host,A29,OSXFBAI208,LOT-2544,2026-02-16,
leaf-a15-r1:swp7,switch,A29,OSWBF75WDE,LOT-2544,2026-02-16,
a29-ct07:mlx5_2,host,A29,OS3PYB4EJQ,LOT-2539,2026-02-16,
leaf-a15-r2:swp7,switch,A29,OSN3YIWU47,LOT-2544,2026-02-16,
a29-ct07:mlx5_3,host,A29,OSDVO0X1HA,LOT-2605,2026-02-16,
leaf-a15-r3:swp7,switch,A29,OSM7HH80U8,LOT-2546,2026-02-16,
a29-ct08:mlx5_0,host,A29,OSTFKTS3KI,LOT-2544,2026-02-16,
leaf-a15-r0:swp8,switch,A29,OSV0YFY6X4,LOT-2541,2026-02-16,
a29-ct08:mlx5_1,host,A29,OS6ABVAJI2,LOT-2544,2026-02-16,
leaf-a15-r1:swp8,switch,A29,OSAY11071Y,LOT-2541,2026-02-16,
a29-ct08:mlx5_2,host,A29,OS8XEUG5N4,LOT-2550,2026-02-16,
leaf-a15-r2:swp8,switch,A29,OSRH7L7ZUS,LOT-2550,2026-02-16,
a29-ct08:mlx5_3,host,A29,OSVIONRTZ6,LOT-2541,2026-02-16,
leaf-a15-r3:swp8,switch,A29,OSQLIJQKM0,LOT-2550,2026-02-16,
a29-ct09:mlx5_0,host,A29,OSU6YLXK9R,LOT-2539,2026-02-16,
leaf-a15-r0:swp9,switch,A29,OS55WCF7XF,LOT-2550,2026-02-16,
a29-ct09:mlx5_1,host,A29,OSFUOYPF1S,LOT-2541,2026-02-16,
leaf-a15-r1:swp9,switch,A29,OSHP6BVTRC,LOT-2548,2026-02-16,
a29-ct09:mlx5_2,host,A29,OSWPHWZTR5,LOT-2539,2026-02-16,
leaf-a15-r2:swp9,switch,A29,OSZJVQ9JAJ,LOT-2602,2026-02-16,
a29-ct09:mlx5_3,host,A29,OSGL731MEC,LOT-2541,2026-02-16,
leaf-a15-r3:swp9,switch,A29,OS6815CPT6,LOT-2539,2026-02-16,
a29-ct10:mlx5_0,host,A29,OSOVT18RRF,LOT-2541,2026-02-16,
leaf-a15-r0:swp10,switch,A29,OS6GKVPTAD,LOT-2605,2026-02-16,
a29-ct10:mlx5_1,host,A29,OSOBARSELY,LOT-2544,2026-02-16,
leaf-a15-r1:swp10,switch,A29,OSZSQDZCTI,LOT-2548,2026-02-16,
a29-ct10:mlx5_2,host,A29,OSU2S7IY3V,LOT-2548,2026-02-16,
leaf-a15-r2:swp10,switch,A29,OS3QG6YO5O,LOT-2550,2026-02-16,
a29-ct10:mlx5_3,host,A29,OSTY95R4DN,LOT-2546,2026-02-16,
leaf-a15-r3:swp10,switch,A29,OSQLJLKIHY,LOT-2541,2026-02-16,
a29-ct11:mlx5_0,host,A29,OSD6F54D1H,LOT-2548,2026-02-16,
leaf-a15-r0:swp11,switch,A29,OSDE7W5YZ1,LOT-2541,2026-02-16,
a29-ct11:mlx5_1,host,A29,OS0WQ08V0M,LOT-2605,2026-02-16,
leaf-a15-r1:swp11,switch,A29,OSJDA74LK5,LOT-2539,2026-02-16,
a29-ct11:mlx5_2,host,A29,OSGWC0Z7D2,LOT-2539,2026-02-16,
leaf-a15-r2:swp11,switch,A29,OSR9WXP30Z,LOT-2539,2026-02-16,
a29-ct11:mlx5_3,host,A29,OSYD89EK9F,LOT-2541,2026-02-16,
leaf-a15-r3:swp11,switch,A29,OS4CK8GCQK,LOT-2544,2026-02-16,
a29-ct12:mlx5_0,host,A29,OSG7E0Y3VA,LOT-2544,2026-02-16,
leaf-a15-r0:swp12,switch,A29,OSIHAK7QJ0,LOT-2544,2026-02-16,2026-04-17
a29-ct12:mlx5_1,host,A29,OS2K7CF2IL,LOT-2546,2026-02-16,
leaf-a15-r1:swp12,switch,A29,OST3W5P20G,LOT-2544,2026-02-16,
a29-ct12:mlx5_2,host,A29,OS9QTFLN3S,LOT-2539,2026-02-16,
leaf-a15-r2:swp12,switch,A29,OSK147DCML,LOT-2541,2026-02-16,
a29-ct12:mlx5_3,host,A29,OS53MUZYW6,LOT-2548,2026-02-16,
leaf-a15-r3:swp12,switch,A29,OS2W56ZYFW,LOT-2544,2026-02-16,
a29-ct13:mlx5_0,host,A29,OSRFFENC3B,LOT-2541,2026-02-16,
leaf-a15-r0:swp13,switch,A29,OS0EM153XJ,LOT-2539,2026-02-16,
a29-ct13:mlx5_1,host,A29,OSW9GLTQDS,LOT-2602,2026-02-16,
leaf-a15-r1:swp13,switch,A29,OSF0J1QMXK,LOT-2539,2026-02-16,
a29-ct13:mlx5_2,host,A29,OSP5WRQYZT,LOT-2546,2026-02-16,
leaf-a15-r2:swp13,switch,A29,OS3Y4DFGP8,LOT-2544,2026-02-16,
a29-ct13:mlx5_3,host,A29,OS162PA53Q,LOT-2605,2026-02-16,
leaf-a15-r3:swp13,switch,A29,OSWI58VOWZ,LOT-2548,2026-02-16,
a29-ct14:mlx5_0,host,A29,OSPRKKMO11,LOT-2602,2026-02-16,
leaf-a15-r0:swp14,switch,A29,OSWBRMVGYL,LOT-2544,2026-02-16,
a29-ct14:mlx5_1,host,A29,OS7WODOHB1,LOT-2541,2026-02-16,
leaf-a15-r1:swp14,switch,A29,OSIQO8JJU9,LOT-2548,2026-02-16,
a29-ct14:mlx5_2,host,A29,OSFO84UAQG,LOT-2541,2026-02-16,
leaf-a15-r2:swp14,switch,A29,OSAETELP86,LOT-2546,2026-02-16,
a29-ct14:mlx5_3,host,A29,OS4H11UDWY,LOT-2541,2026-02-16,
leaf-a15-r3:swp14,switch,A29,OSLF5DUHWI,LOT-2541,2026-02-16,
a29-ct15:mlx5_0,host,A29,OSEHTRQBRC,LOT-2548,2026-02-16,
leaf-a15-r0:swp15,switch,A29,OS0I0367F3,LOT-2544,2026-02-16,
a29-ct15:mlx5_1,host,A29,OSQNR3MY99,LOT-2541,2026-02-16,
leaf-a15-r1:swp15,switch,A29,OSBYS64QK3,LOT-2544,2026-02-16,
a29-ct15:mlx5_2,host,A29,OSE7UOX2P4,LOT-2541,2026-02-16,
leaf-a15-r2:swp15,switch,A29,OSO4DULO4E,LOT-2539,2026-02-16,
a29-ct15:mlx5_3,host,A29,OS1UHTM3YG,LOT-2539,2026-02-16,
leaf-a15-r3:swp15,switch,A29,OSJXR8L6KL,LOT-2539,2026-02-16,
a29-ct16:mlx5_0,host,A29,OS892NAWPB,LOT-2546,2026-02-16,
leaf-a15-r0:swp16,switch,A29,OSCEH9KOS4,LOT-2548,2026-02-16,
a29-ct16:mlx5_1,host,A29,OSQ9KLHH7L,LOT-2602,2026-02-16,
leaf-a15-r1:swp16,switch,A29,OSIF4A9U9J,LOT-2544,2026-02-16,
a29-ct16:mlx5_2,host,A29,OSBNYS23JZ,LOT-2544,2026-02-16,
leaf-a15-r2:swp16,switch,A29,OSTBB31ODE,LOT-2550,2026-02-16,
a29-ct16:mlx5_3,host,A29,OS9OR2MVF1,LOT-2539,2026-02-16,
leaf-a15-r3:swp16,switch,A29,OS3NDBDTZW,LOT-2550,2026-02-16,
a29-ct17:mlx5_0,host,A29,OSNVJZNCA4,LOT-2602,2026-02-16,
leaf-a15-r0:swp17,switch,A29,OSO1Y3SFFI,LOT-2541,2026-02-16,
a29-ct17:mlx5_1,host,A29,OS7FB0J5FZ,LOT-2605,2026-02-16,
leaf-a15-r1:swp17,switch,A29,OSF0U5Q4P4,LOT-2602,2026-02-16,
a29-ct17:mlx5_2,host,A29,OSPE1NI7ND,LOT-2548,2026-02-16,
leaf-a15-r2:swp17,switch,A29,OSBQ30H3EQ,LOT-2546,2026-02-16,
a29-ct17:mlx5_3,host,A29,OSNC58TL3F,LOT-2550,2026-02-16,
leaf-a15-r3:swp17,switch,A29,OSKNDWMEJ2,LOT-2546,2026-02-16,
a29-ct18:mlx5_0,host,A29,OS0SXGWHC5,LOT-2546,2026-02-16,
leaf-a15-r0:swp18,switch,A29,OSG41P6PG4,LOT-2605,2026-02-16,
a29-ct18:mlx5_1,host,A29,OSNSI9OJNG,LOT-2539,2026-02-16,
leaf-a15-r1:swp18,switch,A29,OS4DBR8SS7,LOT-2546,2026-02-16,
a29-ct18:mlx5_2,host,A29,OSW8U06UAC,LOT-2544,2026-02-16,
leaf-a15-r2:swp18,switch,A29,OS7LA6E0L0,LOT-2544,2026-02-16,
a29-ct18:mlx5_3,host,A29,OSZOI1R96P,LOT-2602,2026-02-16,
leaf-a15-r3:swp18,switch,A29,OS2WUPX23B,LOT-2602,2026-02-16,
a30-ct01:mlx5_0,host,A30,OS6T9WNN0E,LOT-2546,2026-02-16,2026-07-16
leaf-a15-r0:swp19,switch,A30,OSS5T82KH5,LOT-2605,2026-02-16,
a30-ct01:mlx5_1,host,A30,OSC5XIDX5B,LOT-2541,2026-02-16,
leaf-a15-r1:swp19,switch,A30,OSUX5QLP93,LOT-2546,2026-02-16,
a30-ct01:mlx5_2,host,A30,OS5Z3VAXRQ,LOT-2539,2026-02-16,
leaf-a15-r2:swp19,switch,A30,OSGKJC2XBU,LOT-2544,2026-02-16,
a30-ct01:mlx5_3,host,A30,OSH1WK8I1D,LOT-2550,2026-02-16,
leaf-a15-r3:swp19,switch,A30,OS85X9LRGB,LOT-2539,2026-02-16,
a30-ct02:mlx5_0,host,A30,OSJ48FV8H4,LOT-2546,2026-02-16,
leaf-a15-r0:swp20,switch,A30,OSAQR05ITM,LOT-2546,2026-02-16,
a30-ct02:mlx5_1,host,A30,OSSTLX5U24,LOT-2546,2026-02-16,
leaf-a15-r1:swp20,switch,A30,OS27FNPIDK,LOT-2541,2026-02-16,
a30-ct02:mlx5_2,host,A30,OSOWBJFRNU,LOT-2541,2026-02-16,
leaf-a15-r2:swp20,switch,A30,OSXDJ9RVVR,LOT-2539,2026-02-16,
a30-ct02:mlx5_3,host,A30,OSCD14XRWL,LOT-2539,2026-02-16,
leaf-a15-r3:swp20,switch,A30,OSVPBA4ACE,LOT-2544,2026-02-16,
a30-ct03:mlx5_0,host,A30,OSJ27RF8ZV,LOT-2541,2026-02-16,
leaf-a15-r0:swp21,switch,A30,OS55T8PHKZ,LOT-2541,2026-02-16,
a30-ct03:mlx5_1,host,A30,OS2Z3Q0KIP,LOT-2605,2026-02-16,2026-03-16
leaf-a15-r1:swp21,switch,A30,OSLSS4Z1C0,LOT-2548,2026-02-16,
a30-ct03:mlx5_2,host,A30,OSDYXRCI1Y,LOT-2539,2026-02-16,
leaf-a15-r2:swp21,switch,A30,OSVST86DD8,LOT-2550,2026-02-16,
a30-ct03:mlx5_3,host,A30,OS4292FNCN,LOT-2544,2026-02-16,
leaf-a15-r3:swp21,switch,A30,OSCV8O4WPJ,LOT-2539,2026-02-16,
a30-ct04:mlx5_0,host,A30,OSVKSHABOW,LOT-2546,2026-02-16,
leaf-a15-r0:swp22,switch,A30,OS3QS8VNMD,LOT-2541,2026-02-16,
a30-ct04:mlx5_1,host,A30,OSUH8XJF95,LOT-2548,2026-02-16,
leaf-a15-r1:swp22,switch,A30,OSVCHRIC70,LOT-2546,2026-02-16,
a30-ct04:mlx5_2,host,A30,OS0DBQW8U3,LOT-2544,2026-02-16,
leaf-a15-r2:swp22,switch,A30,OS6VJSUFKD,LOT-2546,2026-02-16,
a30-ct04:mlx5_3,host,A30,OS2DQU1XRM,LOT-2544,2026-02-16,
leaf-a15-r3:swp22,switch,A30,OSX3DHD77Z,LOT-2539,2026-02-16,
a30-ct05:mlx5_0,host,A30,OSYZTUZN2E,LOT-2541,2026-02-16,
leaf-a15-r0:swp23,switch,A30,OSOZYBT792,LOT-2544,2026-02-16,
a30-ct05:mlx5_1,host,A30,OSIXPR5100,LOT-2544,2026-02-16,
leaf-a15-r1:swp23,switch,A30,OSRM8G6DY3,LOT-2602,2026-02-16,
a30-ct05:mlx5_2,host,A30,OS8NEYKYOD,LOT-2550,2026-02-16,
leaf-a15-r2:swp23,switch,A30,OS0R4LA2PF,LOT-2546,2026-02-16,
a30-ct05:mlx5_3,host,A30,OSEH7C8H33,LOT-2550,2026-02-16,
leaf-a15-r3:swp23,switch,A30,OSBCQH5EJK,LOT-2541,2026-02-16,
a30-ct06:mlx5_0,host,A30,OSGBV1ZL26,LOT-2544,2026-02-16,
leaf-a15-r0:swp24,switch,A30,OSFKDC5UJZ,LOT-2546,2026-02-16,
a30-ct06:mlx5_1,host,A30,OS3C8R8IM0,LOT-2602,2026-02-16,
leaf-a15-r1:swp24,switch,A30,OSIY5MMY58,LOT-2544,2026-02-16,
a30-ct06:mlx5_2,host,A30,OS86HGFH3J,LOT-2544,2026-02-16,
leaf-a15-r2:swp24,switch,A30,OSDKVK7KXE,LOT-2546,2026-02-16,
a30-ct06:mlx5_3,host,A30,OSNH13T34P,LOT-2541,2026-02-16,
leaf-a15-r3:swp24,switch,A30,OSM3ALW48E,LOT-2539,2026-02-16,
a30-ct07:mlx5_0,host,A30,OS9UYGGB70,LOT-2544,2026-02-16,
leaf-a15-r0:swp25,switch,A30,OSK6IK2EJ4,LOT-2548,2026-02-16,
a30-ct07:mlx5_1,host,A30,OSK57UJM7E,LOT-2546,2026-02-16,
leaf-a15-r1:swp25,switch,A30,OS1JE38A7Q,LOT-2544,2026-02-16,
a30-ct07:mlx5_2,host,A30,OS0YMJV12H,LOT-2546,2026-02-16,
leaf-a15-r2:swp25,switch,A30,OSHFUEEZXS,LOT-2539,2026-02-16,
a30-ct07:mlx5_3,host,A30,OSS125W1MD,LOT-2546,2026-02-16,
leaf-a15-r3:swp25,switch,A30,OSMW3M8C8U,LOT-2539,2026-02-16,
a30-ct08:mlx5_0,host,A30,OSEUOI9BPP,LOT-2544,2026-02-16,
leaf-a15-r0:swp26,switch,A30,OS2T8FF1TA,LOT-2546,2026-02-16,
a30-ct08:mlx5_1,host,A30,OSP8SJDSVV,LOT-2550,2026-02-16,
leaf-a15-r1:swp26,switch,A30,OSPXRJDJQB,LOT-2546,2026-02-16,
a30-ct08:mlx5_2,host,A30,OSAVOS6QZ7,LOT-2550,2026-02-16,
leaf-a15-r2:swp26,switch,A30,OSIVD7RH00,LOT-2602,2026-02-16,
a30-ct08:mlx5_3,host,A30,OSN3YBSBPH,LOT-2546,2026-02-16,
leaf-a15-r3:swp26,switch,A30,OSW9VAS3W6,LOT-2541,2026-02-16,
a30-ct09:mlx5_0,host,A30,OSNAPMZ5OT,LOT-2550,2026-02-16,
leaf-a15-r0:swp27,switch,A30,OS3SSXN7F5,LOT-2548,2026-02-16,
a30-ct09:mlx5_1,host,A30,OSSHVMGZ0Y,LOT-2544,2026-02-16,
leaf-a15-r1:swp27,switch,A30,OS4SN4SQ1Y,LOT-2539,2026-02-16,
a30-ct09:mlx5_2,host,A30,OSS1SOOHU3,LOT-2548,2026-02-16,
leaf-a15-r2:swp27,switch,A30,OS5KQNNPUX,LOT-2548,2026-02-16,
a30-ct09:mlx5_3,host,A30,OS1G7JZ3L9,LOT-2539,2026-02-16,
leaf-a15-r3:swp27,switch,A30,OSE3DW9A5F,LOT-2602,2026-02-16,
a30-ct10:mlx5_0,host,A30,OSZYCXOPSP,LOT-2539,2026-02-16,
leaf-a15-r0:swp28,switch,A30,OSC4BF2XDU,LOT-2548,2026-02-16,
a30-ct10:mlx5_1,host,A30,OS11MTC7DK,LOT-2541,2026-02-16,
leaf-a15-r1:swp28,switch,A30,OS0BSFVFT2,LOT-2548,2026-02-16,
a30-ct10:mlx5_2,host,A30,OS2NLKSU2U,LOT-2541,2026-02-16,
leaf-a15-r2:swp28,switch,A30,OS35H4YOWL,LOT-2550,2026-02-16,
a30-ct10:mlx5_3,host,A30,OSXC3VUTPF,LOT-2539,2026-02-16,
leaf-a15-r3:swp28,switch,A30,OS8IEI6MOB,LOT-2544,2026-02-16,
a30-ct11:mlx5_0,host,A30,OS2B1S8MFY,LOT-2546,2026-02-16,
leaf-a15-r0:swp29,switch,A30,OS62A3DG9L,LOT-2541,2026-02-16,
a30-ct11:mlx5_1,host,A30,OSJ0KLV0HP,LOT-2539,2026-02-16,
leaf-a15-r1:swp29,switch,A30,OSZORNOQOX,LOT-2602,2026-02-16,
a30-ct11:mlx5_2,host,A30,OSPDCG0YTT,LOT-2544,2026-02-16,
leaf-a15-r2:swp29,switch,A30,OSYUGHV3ZS,LOT-2544,2026-02-16,
a30-ct11:mlx5_3,host,A30,OSFF8GPIPR,LOT-2541,2026-02-16,
leaf-a15-r3:swp29,switch,A30,OSU4JCWR7K,LOT-2541,2026-02-16,
a30-ct12:mlx5_0,host,A30,OS79TNNT3W,LOT-2544,2026-02-16,
leaf-a15-r0:swp30,switch,A30,OSJX77ZG4V,LOT-2539,2026-02-16,
a30-ct12:mlx5_1,host,A30,OSSQF7ZDPU,LOT-2550,2026-02-16,
leaf-a15-r1:swp30,switch,A30,OSOVQGEHFX,LOT-2605,2026-02-16,
a30-ct12:mlx5_2,host,A30,OSBJBZ5YV2,LOT-2541,2026-02-16,
leaf-a15-r2:swp30,switch,A30,OSO58ZPB60,LOT-2539,2026-02-16,
a30-ct12:mlx5_3,host,A30,OSMPMQ6VZ6,LOT-2544,2026-02-16,
leaf-a15-r3:swp30,switch,A30,OSSOLBZKKW,LOT-2602,2026-02-16,
a30-ct13:mlx5_0,host,A30,OSGHKQFWLG,LOT-2539,2026-02-16,
leaf-a15-r0:swp31,switch,A30,OS08L4OZ36,LOT-2605,2026-02-16,
a30-ct13:mlx5_1,host,A30,OSLPAGDB8E,LOT-2546,2026-02-16,
leaf-a15-r1:swp31,switch,A30,OS8PHYSSGF,LOT-2546,2026-02-16,
a30-ct13:mlx5_2,host,A30,OSGOSZ7GUO,LOT-2550,2026-02-16,
leaf-a15-r2:swp31,switch,A30,OS7NQ973Z5,LOT-2605,2026-02-16,
a30-ct13:mlx5_3,host,A30,OS6IHILXQM,LOT-2548,2026-02-16,
leaf-a15-r3:swp31,switch,A30,OS0WBQ9D2A,LOT-2546,2026-02-16,
a30-ct14:mlx5_0,host,A30,OSEFUS39GC,LOT-2539,2026-02-16,
leaf-a15-r0:swp32,switch,A30,OS4PNVWEYX,LOT-2546,2026-02-16,
a30-ct14:mlx5_1,host,A30,OSJNHBPHKT,LOT-2544,2026-02-16,
leaf-a15-r1:swp32,switch,A30,OST1AQPT4Q,LOT-2541,2026-02-16,
a30-ct14:mlx5_2,host,A30,OS6UX2U8OZ,LOT-2544,2026-02-16,
leaf-a15-r2:swp32,switch,A30,OS317E5LJ0,LOT-2544,2026-02-16,
a30-ct14:mlx5_3,host,A30,OSY445OAZ8,LOT-2602,2026-02-16,
leaf-a15-r3:swp32,switch,A30,OS2UTH5CCN,LOT-2541,2026-02-16,
a30-ct15:mlx5_0,host,A30,OSG727OB82,LOT-2541,2026-02-16,
leaf-a15-r0:swp33,switch,A30,OSW4807WZ4,LOT-2541,2026-02-16,
a30-ct15:mlx5_1,host,A30,OSYQ0QRPRQ,LOT-2546,2026-02-16,
leaf-a15-r1:swp33,switch,A30,OSYVRITAQ6,LOT-2539,2026-02-16,
a30-ct15:mlx5_2,host,A30,OS1SHUMIYE,LOT-2550,2026-02-16,
leaf-a15-r2:swp33,switch,A30,OSBIORWKWO,LOT-2539,2026-02-16,
a30-ct15:mlx5_3,host,A30,OSL2KETPBS,LOT-2539,2026-02-16,
leaf-a15-r3:swp33,switch,A30,OSPQTJ3T37,LOT-2550,2026-02-16,2026-06-07
a30-ct16:mlx5_0,host,A30,OSMFV14MEQ,LOT-2544,2026-02-16,
leaf-a15-r0:swp34,switch,A30,OSU4BDXWGW,LOT-2539,2026-02-16,
a30-ct16:mlx5_1,host,A30,OSRCC67UEU,LOT-2602,2026-02-16,
leaf-a15-r1:swp34,switch,A30,OSOEHDDKZL,LOT-2544,2026-02-16,
a30-ct16:mlx5_2,host,A30,OSPG7KRGXK,LOT-2605,2026-02-16,2026-06-29
leaf-a15-r2:swp34,switch,A30,OS9SMD7TLA,LOT-2602,2026-02-16,
a30-ct16:mlx5_3,host,A30,OSEJXAHNHZ,LOT-2544,2026-02-16,
leaf-a15-r3:swp34,switch,A30,OSRMUM42CW,LOT-2539,2026-02-16,
a30-ct17:mlx5_0,host,A30,OSA5VDKEPY,LOT-2539,2026-02-16,
leaf-a15-r0:swp35,switch,A30,OS3PVL6HBB,LOT-2539,2026-02-16,
a30-ct17:mlx5_1,host,A30,OSJ0LK7FBP,LOT-2550,2026-02-16,
leaf-a15-r1:swp35,switch,A30,OS21UYVDMW,LOT-2548,2026-02-16,
a30-ct17:mlx5_2,host,A30,OSWVZEPNZE,LOT-2550,2026-02-16,
leaf-a15-r2:swp35,switch,A30,OS2M5Y5NKH,LOT-2550,2026-02-16,
a30-ct17:mlx5_3,host,A30,OSMP5XX8BV,LOT-2544,2026-02-16,
leaf-a15-r3:swp35,switch,A30,OSJZ3N1JHA,LOT-2550,2026-02-16,
a30-ct18:mlx5_0,host,A30,OSPIR3LXZF,LOT-2548,2026-02-16,
leaf-a15-r0:swp36,switch,A30,OS8EM1IVD2,LOT-2539,2026-02-16,
a30-ct18:mlx5_1,host,A30,OSOUXZ97EU,LOT-2546,2026-02-16,
leaf-a15-r1:swp36,switch,A30,OS0LWV2GSN,LOT-2550,2026-02-16,
a30-ct18:mlx5_2,host,A30,OSOFYHOQ1N,LOT-2539,2026-02-16,
leaf-a15-r2:swp36,switch,A30,OSQPIA5J04,LOT-2602,2026-02-16,
a30-ct18:mlx5_3,host,A30,OSCQKYXHW4,LOT-2605,2026-02-16,
leaf-a15-r3:swp36,switch,A30,OSE6U617OL,LOT-2602,2026-02-16,
a31-ct01:mlx5_0,host,A31,OSFCEGXT6E,LOT-2546,2026-02-16,
leaf-a16-r0:swp1,switch,A31,OS6F4TEGID,LOT-2548,2026-02-16,
a31-ct01:mlx5_1,host,A31,OSJZ7KD1JS,LOT-2548,2026-02-16,
leaf-a16-r1:swp1,switch,A31,OSO9PL3H7M,LOT-2539,2026-02-16,
a31-ct01:mlx5_2,host,A31,OS5MH19IV7,LOT-2539,2026-02-16,
leaf-a16-r2:swp1,switch,A31,OS0QGZS2I4,LOT-2541,2026-02-16,
a31-ct01:mlx5_3,host,A31,OS2UMTMAYL,LOT-2548,2026-02-16,
leaf-a16-r3:swp1,switch,A31,OS8OASX8ST,LOT-2548,2026-02-16,
a31-ct02:mlx5_0,host,A31,OSWU43YCC0,LOT-2541,2026-02-16,
leaf-a16-r0:swp2,switch,A31,OSS32XG2N4,LOT-2546,2026-02-16,
a31-ct02:mlx5_1,host,A31,OS2QZX0AX4,LOT-2605,2026-02-16,
leaf-a16-r1:swp2,switch,A31,OS354KO949,LOT-2539,2026-02-16,
a31-ct02:mlx5_2,host,A31,OSMLFZ9NAH,LOT-2544,2026-02-16,
leaf-a16-r2:swp2,switch,A31,OSPAFDZVOD,LOT-2541,2026-02-16,
a31-ct02:mlx5_3,host,A31,OSXFPO72UH,LOT-2550,2026-02-16,
leaf-a16-r3:swp2,switch,A31,OSZA7QWPBU,LOT-2539,2026-02-16,
a31-ct03:mlx5_0,host,A31,OSRUNLPF3Q,LOT-2539,2026-02-16,
leaf-a16-r0:swp3,switch,A31,OSTWIVCOB9,LOT-2539,2026-02-16,
a31-ct03:mlx5_1,host,A31,OSLZV3M4N4,LOT-2605,2026-02-16,
leaf-a16-r1:swp3,switch,A31,OSU16YFZGA,LOT-2539,2026-02-16,
a31-ct03:mlx5_2,host,A31,OS3R8T93PU,LOT-2539,2026-02-16,
leaf-a16-r2:swp3,switch,A31,OSWIRL4TUF,LOT-2546,2026-02-16,
a31-ct03:mlx5_3,host,A31,OS23CU888H,LOT-2539,2026-02-16,
leaf-a16-r3:swp3,switch,A31,OSK4Y8RB6S,LOT-2546,2026-02-16,
a31-ct04:mlx5_0,host,A31,OSLEGIY4Q8,LOT-2550,2026-02-16,
leaf-a16-r0:swp4,switch,A31,OSAXZRZGKA,LOT-2541,2026-02-16,
a31-ct04:mlx5_1,host,A31,OS937ZF1EN,LOT-2539,2026-02-16,
leaf-a16-r1:swp4,switch,A31,OS0NXWG9S1,LOT-2602,2026-02-16,
a31-ct04:mlx5_2,host,A31,OSRI9XD5VE,LOT-2541,2026-02-16,
leaf-a16-r2:swp4,switch,A31,OSZ94882Y4,LOT-2544,2026-02-16,
a31-ct04:mlx5_3,host,A31,OSPF93X3RX,LOT-2539,2026-02-16,
leaf-a16-r3:swp4,switch,A31,OSCFF2WXH8,LOT-2544,2026-02-16,2026-04-11
a31-ct05:mlx5_0,host,A31,OSONOWFDVH,LOT-2541,2026-02-16,
leaf-a16-r0:swp5,switch,A31,OSJ8TJV8U3,LOT-2546,2026-02-16,
a31-ct05:mlx5_1,host,A31,OS9NPCCNSL,LOT-2539,2026-02-16,
leaf-a16-r1:swp5,switch,A31,OSWANYHC57,LOT-2546,2026-02-16,
a31-ct05:mlx5_2,host,A31,OSL5O4S87J,LOT-2541,2026-02-16,
leaf-a16-r2:swp5,switch,A31,OS2FE79L77,LOT-2602,2026-02-16,
a31-ct05:mlx5_3,host,A31,OS50RB79GX,LOT-2539,2026-02-16,
leaf-a16-r3:swp5,switch,A31,OSY3B497EB,LOT-2550,2026-02-16,
a31-ct06:mlx5_0,host,A31,OS5MZ6HAWX,LOT-2546,2026-02-16,
leaf-a16-r0:swp6,switch,A31,OSJC0WOLJL,LOT-2541,2026-02-16,
a31-ct06:mlx5_1,host,A31,OSVWLQD9NR,LOT-2544,2026-02-16,
leaf-a16-r1:swp6,switch,A31,OSUBS6G97D,LOT-2539,2026-02-16,
a31-ct06:mlx5_2,host,A31,OSV8BTQQKJ,LOT-2539,2026-02-16,
leaf-a16-r2:swp6,switch,A31,OS6K2MNEH1,LOT-2602,2026-02-16,
a31-ct06:mlx5_3,host,A31,OSGMMIXISI,LOT-2546,2026-02-16,
leaf-a16-r3:swp6,switch,A31,OSYNW8AZCZ,LOT-2544,2026-02-16,
a31-ct07:mlx5_0,host,A31,OSH7F81EJJ,LOT-2541,2026-02-16,
leaf-a16-r0:swp7,switch,A31,OS4Q3KY6ZA,LOT-2546,2026-02-16,
a31-ct07:mlx5_1,host,A31,OSF48DSPLX,LOT-2539,2026-02-16,
leaf-a16-r1:swp7,switch,A31,OS9EPH7OJC,LOT-2541,2026-02-16,
a31-ct07:mlx5_2,host,A31,OSI2O3HNIK,LOT-2605,2026-02-16,
leaf-a16-r2:swp7,switch,A31,OSR3M8LG1G,LOT-2546,2026-02-16,
a31-ct07:mlx5_3,host,A31,OSPX9CAKL8,LOT-2544,2026-02-16,
leaf-a16-r3:swp7,switch,A31,OSAD5TL5PG,LOT-2550,2026-02-16,
a31-ct08:mlx5_0,host,A31,OS8ZT7D0MQ,LOT-2605,2026-02-16,
leaf-a16-r0:swp8,switch,A31,OSNA29GE1Q,LOT-2602,2026-02-16,
a31-ct08:mlx5_1,host,A31,OSNTYFNI8C,LOT-2605,2026-02-16,
leaf-a16-r1:swp8,switch,A31,OSADI6K4PI,LOT-2548,2026-02-16,
a31-ct08:mlx5_2,host,A31,OSE787ME3W,LOT-2539,2026-02-16,
leaf-a16-r2:swp8,switch,A31,OSX1L3VSJ5,LOT-2548,2026-02-16,
a31-ct08:mlx5_3,host,A31,OSISEOV2Y5,LOT-2544,2026-02-16,
leaf-a16-r3:swp8,switch,A31,OSCCMTNGN1,LOT-2548,2026-02-16,
a31-ct09:mlx5_0,host,A31,OSMRTRNQNE,LOT-2541,2026-02-16,
leaf-a16-r0:swp9,switch,A31,OSW5BPAYXF,LOT-2541,2026-02-16,
a31-ct09:mlx5_1,host,A31,OSCJPDLV5O,LOT-2602,2026-02-16,
leaf-a16-r1:swp9,switch,A31,OSJ6H3AKPS,LOT-2548,2026-02-16,
a31-ct09:mlx5_2,host,A31,OS3XDJHSA2,LOT-2539,2026-02-16,
leaf-a16-r2:swp9,switch,A31,OSS7M83LXI,LOT-2546,2026-02-16,
a31-ct09:mlx5_3,host,A31,OSALJ0ZJOM,LOT-2605,2026-02-16,
leaf-a16-r3:swp9,switch,A31,OSV3ATW06D,LOT-2548,2026-02-16,2026-03-10
a31-ct10:mlx5_0,host,A31,OSVBSPB0P5,LOT-2539,2026-02-16,
leaf-a16-r0:swp10,switch,A31,OSA4UVBXTB,LOT-2544,2026-02-16,
a31-ct10:mlx5_1,host,A31,OS1QXYVZPU,LOT-2550,2026-02-16,
leaf-a16-r1:swp10,switch,A31,OSW7DIAVLU,LOT-2550,2026-02-16,
a31-ct10:mlx5_2,host,A31,OS0OSCWTV7,LOT-2539,2026-02-16,
leaf-a16-r2:swp10,switch,A31,OS6VIKGHWL,LOT-2541,2026-02-16,
a31-ct10:mlx5_3,host,A31,OSNAUDBH62,LOT-2605,2026-02-16,
leaf-a16-r3:swp10,switch,A31,OSLYTKRAE7,LOT-2539,2026-02-16,
a31-ct11:mlx5_0,host,A31,OSTUQKCSBA,LOT-2548,2026-02-16,
leaf-a16-r0:swp11,switch,A31,OSX941BWHW,LOT-2548,2026-02-16,
a31-ct11:mlx5_1,host,A31,OSFAFRQJJQ,LOT-2541,2026-02-16,
leaf-a16-r1:swp11,switch,A31,OSJBO4ERBG,LOT-2548,2026-02-16,
a31-ct11:mlx5_2,host,A31,OSX6MRCFE5,LOT-2605,2026-02-16,
leaf-a16-r2:swp11,switch,A31,OSNXMTEY6X,LOT-2546,2026-02-16,
a31-ct11:mlx5_3,host,A31,OSHYUEVAWX,LOT-2544,2026-02-16,
leaf-a16-r3:swp11,switch,A31,OSRBZQ3EVO,LOT-2605,2026-02-16,
a31-ct12:mlx5_0,host,A31,OSLGA1XBCU,LOT-2605,2026-02-16,
leaf-a16-r0:swp12,switch,A31,OSQKNQ83UA,LOT-2602,2026-02-16,
a31-ct12:mlx5_1,host,A31,OSNJFT3URB,LOT-2544,2026-02-16,
leaf-a16-r1:swp12,switch,A31,OS2OBNMAWF,LOT-2548,2026-02-16,
a31-ct12:mlx5_2,host,A31,OS80WQWGRH,LOT-2539,2026-02-16,
leaf-a16-r2:swp12,switch,A31,OSCWHU5SIU,LOT-2539,2026-02-16,
a31-ct12:mlx5_3,host,A31,OSUE4896EC,LOT-2550,2026-02-16,
leaf-a16-r3:swp12,switch,A31,OSSYGNEGLK,LOT-2548,2026-02-16,
a31-ct13:mlx5_0,host,A31,OSH374UKCI,LOT-2602,2026-02-16,
leaf-a16-r0:swp13,switch,A31,OS1CN2JFIY,LOT-2548,2026-02-16,
a31-ct13:mlx5_1,host,A31,OSALEC3CJ4,LOT-2602,2026-02-16,
leaf-a16-r1:swp13,switch,A31,OSLX5RYR71,LOT-2539,2026-02-16,
a31-ct13:mlx5_2,host,A31,OSRW8OKG1T,LOT-2544,2026-02-16,
leaf-a16-r2:swp13,switch,A31,OSXA8W3LO6,LOT-2605,2026-02-16,
a31-ct13:mlx5_3,host,A31,OS7D15FJVX,LOT-2548,2026-02-16,
leaf-a16-r3:swp13,switch,A31,OSSRS6WXN2,LOT-2539,2026-02-16,
a31-ct14:mlx5_0,host,A31,OSLSU99HXA,LOT-2602,2026-02-16,
leaf-a16-r0:swp14,switch,A31,OSBEU3ZY39,LOT-2605,2026-02-16,
a31-ct14:mlx5_1,host,A31,OSQJKRBRTP,LOT-2539,2026-02-16,
leaf-a16-r1:swp14,switch,A31,OSCMHVVYCO,LOT-2602,2026-02-16,
a31-ct14:mlx5_2,host,A31,OS7M1819RP,LOT-2550,2026-02-16,
leaf-a16-r2:swp14,switch,A31,OSGDG8C19O,LOT-2546,2026-02-16,
a31-ct14:mlx5_3,host,A31,OSQQQ7B2VO,LOT-2539,2026-02-16,
leaf-a16-r3:swp14,switch,A31,OSWP5B1EF1,LOT-2550,2026-02-16,
a31-ct15:mlx5_0,host,A31,OSM5N80LKN,LOT-2548,2026-02-16,
leaf-a16-r0:swp15,switch,A31,OS3RIJF3J9,LOT-2550,2026-02-16,
a31-ct15:mlx5_1,host,A31,OSB77DWJYU,LOT-2544,2026-02-16,
leaf-a16-r1:swp15,switch,A31,OS0EIMMHP4,LOT-2541,2026-02-16,
a31-ct15:mlx5_2,host,A31,OSYHU5SL38,LOT-2544,2026-02-16,
leaf-a16-r2:swp15,switch,A31,OS17ZAE2NJ,LOT-2539,2026-02-16,
a31-ct15:mlx5_3,host,A31,OS4KT0F4X6,LOT-2539,2026-02-16,
leaf-a16-r3:swp15,switch,A31,OSF1EFFYZK,LOT-2546,2026-02-16,
a31-ct16:mlx5_0,host,A31,OS9N811FZO,LOT-2539,2026-02-16,
leaf-a16-r0:swp16,switch,A31,OS4A4C54WH,LOT-2546,2026-02-16,
a31-ct16:mlx5_1,host,A31,OSXJRWIHET,LOT-2602,2026-02-16,
leaf-a16-r1:swp16,switch,A31,OSJZIIK5D7,LOT-2548,2026-02-16,
a31-ct16:mlx5_2,host,A31,OS0Q6PB5DD,LOT-2605,2026-02-16,
leaf-a16-r2:swp16,switch,A31,OSKY1323SX,LOT-2544,2026-02-16,2026-08-16
a31-ct16:mlx5_3,host,A31,OSLVW4UPCL,LOT-2539,2026-02-16,2026-07-01
leaf-a16-r3:swp16,switch,A31,OS72YNPM4N,LOT-2605,2026-02-16,
a31-ct17:mlx5_0,host,A31,OSBNFPVQLO,LOT-2544,2026-02-16,
leaf-a16-r0:swp17,switch,A31,OS4AJ4YKDC,LOT-2544,2026-02-16,
a31-ct17:mlx5_1,host,A31,OS6U85NOLK,LOT-2546,2026-02-16,
leaf-a16-r1:swp17,switch,A31,OSV4QSPCCN,LOT-2605,2026-02-16,
a31-ct17:mlx5_2,host,A31,OS1VA6F71N,LOT-2602,2026-02-16,
leaf-a16-r2:swp17,switch,A31,OSIOHFUE3F,LOT-2602,2026-02-16,
a31-ct17:mlx5_3,host,A31,OSX4GG55Z6,LOT-2548,2026-02-16,
leaf-a16-r3:swp17,switch,A31,OS4EBI8H65,LOT-2544,2026-02-16,
a31-ct18:mlx5_0,host,A31,OSGXP7U30J,LOT-2550,2026-02-16,
leaf-a16-r0:swp18,switch,A31,OSHYY3088A,LOT-2605,2026-02-16,
a31-ct18:mlx5_1,host,A31,OS66V1AX4B,LOT-2546,2026-02-16,
leaf-a16-r1:swp18,switch,A31,OSBLN1O7F2,LOT-2544,2026-02-16,
a31-ct18:mlx5_2,host,A31,OS0TZC21G0,LOT-2541,2026-02-16,
leaf-a16-r2:swp18,switch,A31,OSHA58N6J3,LOT-2546,2026-02-16,
a31-ct18:mlx5_3,host,A31,OSP9ES3HFY,LOT-2544,2026-02-16,
leaf-a16-r3:swp18,switch,A31,OSVGA3UX1L,LOT-2541,2026-02-16,
a32-ct01:mlx5_0,host,A32,OSEIZSLJVN,LOT-2541,2026-02-16,
leaf-a16-r0:swp19,switch,A32,OSHK3B5UVN,LOT-2546,2026-02-16,
a32-ct01:mlx5_1,host,A32,OSLASES13H,LOT-2550,2026-02-16,
leaf-a16-r1:swp19,switch,A32,OSTLMTESBD,LOT-2539,2026-02-16,
a32-ct01:mlx5_2,host,A32,OS0BOG0TCK,LOT-2548,2026-02-16,
leaf-a16-r2:swp19,switch,A32,OS7UL31QF4,LOT-2541,2026-02-16,
a32-ct01:mlx5_3,host,A32,OSN6ACSZRW,LOT-2550,2026-02-16,
leaf-a16-r3:swp19,switch,A32,OS49S96GMD,LOT-2539,2026-02-16,
a32-ct02:mlx5_0,host,A32,OS2F8AAYMH,LOT-2546,2026-02-16,
leaf-a16-r0:swp20,switch,A32,OS8ML9DEQ9,LOT-2539,2026-02-16,
a32-ct02:mlx5_1,host,A32,OSHLB9W27H,LOT-2539,2026-02-16,
leaf-a16-r1:swp20,switch,A32,OSYXQQG2L0,LOT-2544,2026-02-16,
a32-ct02:mlx5_2,host,A32,OSWSJ5XREL,LOT-2539,2026-02-16,
leaf-a16-r2:swp20,switch,A32,OSSXSZKRAG,LOT-2544,2026-02-16,
a32-ct02:mlx5_3,host,A32,OS56DGI5PZ,LOT-2541,2026-02-16,
leaf-a16-r3:swp20,switch,A32,OSQPP9HKU3,LOT-2541,2026-02-16,
a32-ct03:mlx5_0,host,A32,OS87QZFH94,LOT-2539,2026-02-16,
leaf-a16-r0:swp21,switch,A32,OS1QYB97LZ,LOT-2541,2026-02-16,
a32-ct03:mlx5_1,host,A32,OSUIJHLZ7S,LOT-2539,2026-02-16,
leaf-a16-r1:swp21,switch,A32,OSXU80GKGZ,LOT-2544,2026-02-16,
a32-ct03:mlx5_2,host,A32,OSPIDJHLH7,LOT-2548,2026-02-16,
leaf-a16-r2:swp21,switch,A32,OSBWYWKRS3,LOT-2550,2026-02-16,
a32-ct03:mlx5_3,host,A32,OSHYKTWJSE,LOT-2541,2026-02-16,
leaf-a16-r3:swp21,switch,A32,OSL4A3QRZT,LOT-2602,2026-02-16,
a32-ct04:mlx5_0,host,A32,OSSHW6EO9M,LOT-2539,2026-02-16,
leaf-a16-r0:swp22,switch,A32,OSNROI9RP8,LOT-2544,2026-02-16,
a32-ct04:mlx5_1,host,A32,OSDPQ4E05Q,LOT-2602,2026-02-16,
leaf-a16-r1:swp22,switch,A32,OSL9UHY54H,LOT-2539,2026-02-16,
a32-ct04:mlx5_2,host,A32,OSKC776E8D,LOT-2541,2026-02-16,
leaf-a16-r2:swp22,switch,A32,OSD4NVFUBR,LOT-2605,2026-02-16,
a32-ct04:mlx5_3,host,A32,OSDXQFM668,LOT-2548,2026-02-16,
leaf-a16-r3:swp22,switch,A32,OS6QD2MLSO,LOT-2605,2026-02-16,
a32-ct05:mlx5_0,host,A32,OSZJU2D2JY,LOT-2541,2026-02-16,
leaf-a16-r0:swp23,switch,A32,OS5CR3L5AU,LOT-2548,2026-02-16,
a32-ct05:mlx5_1,host,A32,OSDK5DHLCY,LOT-2550,2026-02-16,
leaf-a16-r1:swp23,switch,A32,OS6DOJ750Q,LOT-2546,2026-02-16,
a32-ct05:mlx5_2,host,A32,OSL810PO4C,LOT-2602,2026-02-16,
leaf-a16-r2:swp23,switch,A32,OSMC8ZUE1N,LOT-2539,2026-02-16,2026-08-20
a32-ct05:mlx5_3,host,A32,OSGZAZXVQL,LOT-2539,2026-02-16,
leaf-a16-r3:swp23,switch,A32,OSO8BTIZ6F,LOT-2539,2026-02-16,
a32-ct06:mlx5_0,host,A32,OSZB78PNIL,LOT-2544,2026-02-16,
leaf-a16-r0:swp24,switch,A32,OS0GJ5NDHH,LOT-2539,2026-02-16,
a32-ct06:mlx5_1,host,A32,OSVDNLJPZU,LOT-2550,2026-02-16,
leaf-a16-r1:swp24,switch,A32,OSLWTFRQX4,LOT-2539,2026-02-16,
a32-ct06:mlx5_2,host,A32,OSHY6TSIH6,LOT-2541,2026-02-16,
leaf-a16-r2:swp24,switch,A32,OSF8724H1F,LOT-2548,2026-02-16,
a32-ct06:mlx5_3,host,A32,OS6PRD7WCF,LOT-2541,2026-02-16,
leaf-a16-r3:swp24,switch,A32,OSNWHBKYJN,LOT-2539,2026-02-16,
a32-ct07:mlx5_0,host,A32,OS9XRIDJUO,LOT-2546,2026-02-16,
leaf-a16-r0:swp25,switch,A32,OSNIT6445A,LOT-2602,2026-02-16,
a32-ct07:mlx5_1,host,A32,OSMT83PL42,LOT-2544,2026-02-16,
leaf-a16-r1:swp25,switch,A32,OSESCBCS9B,LOT-2539,2026-02-16,
a32-ct07:mlx5_2,host,A32,OS59ZCYCFG,LOT-2548,2026-02-16,
leaf-a16-r2:swp25,switch,A32,OS109VF6MX,LOT-2605,2026-02-16,
a32-ct07:mlx5_3,host,A32,OSPLHU544M,LOT-2541,2026-02-16,
leaf-a16-r3:swp25,switch,A32,OS104APXZ9,LOT-2539,2026-02-16,
a32-ct08:mlx5_0,host,A32,OSJ20W4136,LOT-2548,2026-02-16,
leaf-a16-r0:swp26,switch,A32,OS2U6417OG,LOT-2548,2026-02-16,
a32-ct08:mlx5_1,host,A32,OSG00EVRB9,LOT-2546,2026-02-16,
leaf-a16-r1:swp26,switch,A32,OSD59YRP7Y,LOT-2544,2026-02-16,
a32-ct08:mlx5_2,host,A32,OSIZL815BN,LOT-2602,2026-02-16,
leaf-a16-r2:swp26,switch,A32,OS74QLWOPF,LOT-2544,2026-02-16,
a32-ct08:mlx5_3,host,A32,OSKAD869L8,LOT-2541,2026-02-16,
leaf-a16-r3:swp26,switch,A32,OSWAEDIGNU,LOT-2539,2026-02-16,
a32-ct09:mlx5_0,host,A32,OSEY6LBKNN,LOT-2548,2026-02-16,
leaf-a16-r0:swp27,switch,A32,OSXJYZNPWU,LOT-2539,2026-02-16,
a32-ct09:mlx5_1,host,A32,OS48R1VZFP,LOT-2546,2026-02-16,
leaf-a16-r1:swp27,switch,A32,OSF1PQFCAE,LOT-2539,2026-02-16,
a32-ct09:mlx5_2,host,A32,OSNVXBUR2U,LOT-2541,2026-02-16,
leaf-a16-r2:swp27,switch,A32,OSM1QMHJ2H,LOT-2541,2026-02-16,
a32-ct09:mlx5_3,host,A32,OS2WINBNIS,LOT-2548,2026-02-16,
leaf-a16-r3:swp27,switch,A32,OSMHPZGV4S,LOT-2541,2026-02-16,
a32-ct10:mlx5_0,host,A32,OST3SDTAYW,LOT-2541,2026-02-16,
leaf-a16-r0:swp28,switch,A32,OS3ACSRLE3,LOT-2550,2026-02-16,
a32-ct10:mlx5_1,host,A32,OS9UDHWQ4K,LOT-2544,2026-02-16,
leaf-a16-r1:swp28,switch,A32,OS97WJOPCI,LOT-2544,2026-02-16,
a32-ct10:mlx5_2,host,A32,OSP7CIVCCN,LOT-2539,2026-02-16,
leaf-a16-r2:swp28,switch,A32,OSAMCDEEJ9,LOT-2539,2026-02-16,
a32-ct10:mlx5_3,host,A32,OSW0MU01DE,LOT-2605,2026-02-16,
leaf-a16-r3:swp28,switch,A32,OSY4HGUK4F,LOT-2544,2026-02-16,
a32-ct11:mlx5_0,host,A32,OSTYS9A76P,LOT-2546,2026-02-16,
leaf-a16-r0:swp29,switch,A32,OS4Q68U6OJ,LOT-2605,2026-02-16,
a32-ct11:mlx5_1,host,A32,OSH7AB5HL2,LOT-2605,2026-02-16,
leaf-a16-r1:swp29,switch,A32,OSZMFYTHHA,LOT-2541,2026-02-16,
a32-ct11:mlx5_2,host,A32,OSHYSJ0C4V,LOT-2544,2026-02-16,
leaf-a16-r2:swp29,switch,A32,OS0L0A40FQ,LOT-2541,2026-02-16,
a32-ct11:mlx5_3,host,A32,OSIGCL7ORD,LOT-2550,2026-02-16,
leaf-a16-r3:swp29,switch,A32,OSMGQGOBM6,LOT-2548,2026-02-16,
a32-ct12:mlx5_0,host,A32,OSJEBDENR2,LOT-2539,2026-02-16,
leaf-a16-r0:swp30,switch,A32,OSRAKLTKN7,LOT-2541,2026-02-16,
a32-ct12:mlx5_1,host,A32,OS0PJNKAYZ,LOT-2546,2026-02-16,
leaf-a16-r1:swp30,switch,A32,OSIZYWTMGH,LOT-2602,2026-02-16,
a32-ct12:mlx5_2,host,A32,OSI8DZKGVH,LOT-2544,2026-02-16,
leaf-a16-r2:swp30,switch,A32,OSKLV68F2J,LOT-2605,2026-02-16,
a32-ct12:mlx5_3,host,A32,OS2KGRZ8V6,LOT-2541,2026-02-16,
leaf-a16-r3:swp30,switch,A32,OSDMW0F8NE,LOT-2546,2026-02-16,
a32-ct13:mlx5_0,host,A32,OS5GSVFJ4H,LOT-2539,2026-02-16,
leaf-a16-r0:swp31,switch,A32,OS8YZO5OZH,LOT-2539,2026-02-16,
a32-ct13:mlx5_1,host,A32,OS2M69BSEJ,LOT-2541,2026-02-16,
leaf-a16-r1:swp31,switch,A32,OS1EQTG7DO,LOT-2541,2026-02-16,
a32-ct13:mlx5_2,host,A32,OSVZCB4KFZ,LOT-2541,2026-02-16,
leaf-a16-r2:swp31,switch,A32,OSEARZX6ZM,LOT-2602,2026-02-16,
a32-ct13:mlx5_3,host,A32,OSDK0J9CVC,LOT-2541,2026-02-16,
leaf-a16-r3:swp31,switch,A32,OSWMMP9FQY,LOT-2541,2026-02-16,
a32-ct14:mlx5_0,host,A32,OSTDCGJ6O2,LOT-2539,2026-02-16,
leaf-a16-r0:swp32,switch,A32,OSVG21A11S,LOT-2539,2026-02-16,
a32-ct14:mlx5_1,host,A32,OSBO1RSP5K,LOT-2539,2026-02-16,
leaf-a16-r1:swp32,switch,A32,OSD1VLP7PV,LOT-2602,2026-02-16,
a32-ct14:mlx5_2,host,A32,OS3NXJWHT6,LOT-2546,2026-02-16,
leaf-a16-r2:swp32,switch,A32,OS3ZY4X54H,LOT-2539,2026-02-16,
a32-ct14:mlx5_3,host,A32,OSC8N18T3Q,LOT-2544,2026-02-16,
leaf-a16-r3:swp32,switch,A32,OSL5EJYGHJ,LOT-2539,2026-02-16,
a32-ct15:mlx5_0,host,A32,OSBSHEK8F0,LOT-2548,2026-02-16,
leaf-a16-r0:swp33,switch,A32,OSNXNDZOE6,LOT-2605,2026-02-16,
a32-ct15:mlx5_1,host,A32,OSPZ8CKG8Z,LOT-2544,2026-02-16,
leaf-a16-r1:swp33,switch,A32,OSFZ1CKHA8,LOT-2550,2026-02-16,
a32-ct15:mlx5_2,host,A32,OS0OCAT8ED,LOT-2544,2026-02-16,
leaf-a16-r2:swp33,switch,A32,OSNVRJR11D,LOT-2550,2026-02-16,
a32-ct15:mlx5_3,host,A32,OS1P90WHB7,LOT-2539,2026-02-16,
leaf-a16-r3:swp33,switch,A32,OSPDCI1LL9,LOT-2541,2026-02-16,
a32-ct16:mlx5_0,host,A32,OSGEIR9FYO,LOT-2550,2026-02-16,
leaf-a16-r0:swp34,switch,A32,OSF4LVT106,LOT-2539,2026-02-16,
a32-ct16:mlx5_1,host,A32,OSCAK0OKOL,LOT-2546,2026-02-16,2026-08-18
leaf-a16-r1:swp34,switch,A32,OSXLPVXGV6,LOT-2541,2026-02-16,
a32-ct16:mlx5_2,host,A32,OSD26X7UUP,LOT-2544,2026-02-16,
leaf-a16-r2:swp34,switch,A32,OSAAS2A9NL,LOT-2546,2026-02-16,
a32-ct16:mlx5_3,host,A32,OSCPXY4H2A,LOT-2546,2026-02-16,
leaf-a16-r3:swp34,switch,A32,OSANGAJILX,LOT-2544,2026-02-16,
a32-ct17:mlx5_0,host,A32,OSO1303NE2,LOT-2544,2026-02-16,
leaf-a16-r0:swp35,switch,A32,OS73N7RJO8,LOT-2544,2026-02-16,2026-08-27
a32-ct17:mlx5_1,host,A32,OS562RIBBN,LOT-2602,2026-02-16,
leaf-a16-r1:swp35,switch,A32,OSC28CTFE9,LOT-2541,2026-02-16,
a32-ct17:mlx5_2,host,A32,OS2ZRPCIFB,LOT-2602,2026-02-16,
leaf-a16-r2:swp35,switch,A32,OSE7WF8S96,LOT-2546,2026-02-16,
a32-ct17:mlx5_3,host,A32,OSNG3SGIEF,LOT-2548,2026-02-16,
leaf-a16-r3:swp35,switch,A32,OSBSFP6G2V,LOT-2544,2026-02-16,
a32-ct18:mlx5_0,host,A32,OSN9QW4MXZ,LOT-2544,2026-02-16,
leaf-a16-r0:swp36,switch,A32,OSOHVCCKVH,LOT-2541,2026-02-16,
a32-ct18:mlx5_1,host,A32,OSU2P4VUY4,LOT-2541,2026-02-16,
leaf-a16-r1:swp36,switch,A32,OS1S99UL46,LOT-2544,2026-02-16,
a32-ct18:mlx5_2,host,A32,OSI6332CRA,LOT-2605,2026-02-16,
leaf-a16-r2:swp36,switch,A32,OS9T3IXBNU,LOT-2539,2026-02-16,
a32-ct18:mlx5_3,host,A32,OSDN1JRF1N,LOT-2548,2026-02-16,
leaf-a16-r3:swp36,switch,A32,OS4NVSV9MI,LOT-2539,2026-02-16,
leaf-a13-r1:swp10,switch,A25,OSYJPDHASF,LOT-2605,2026-03-02,
a23-ct11:mlx5_3,host,A23,OSQR9DAM0Z,LOT-2605,2026-03-04,
leaf-a02-r3:swp16,switch,A03,OSFFS98FM7,LOT-2605,2026-03-05,
a03-ct18:mlx5_3,host,A03,OSB8N4IA6R,LOT-2608,2026-03-05,
a25-ct08:mlx5_3,host,A25,OSGVG9WAOR,LOT-2611,2026-03-09,
leaf-a16-r3:swp9,switch,A31,OSVYZVMWCH,LOT-2611,2026-03-10,
a18-ct12:mlx5_3,host,A18,OSA915PR15,LOT-2611,2026-03-12,
a09-ct15:mlx5_3,host,A09,OSCS8DW4NV,LOT-2611,2026-03-12,
leaf-a05-r2:swp14,switch,A09,OSFA3BZYBO,LOT-2608,2026-03-14,
a13-ct18:mlx5_0,host,A13,OSKJDGRTPD,LOT-2605,2026-03-14,
a24-ct16:mlx5_3,host,A24,OSLLMNFTDR,LOT-2608,2026-03-14,
a06-ct08:mlx5_2,host,A06,OSUTFMMXDJ,LOT-2605,2026-03-15,
leaf-a12-r3:swp32,switch,A24,OSYHOD8U6A,LOT-2611,2026-03-15,
leaf-a03-r2:swp4,switch,A05,OSEXS1P5EM,LOT-2605,2026-03-15,
leaf-a06-r1:swp15,switch,A11,OSG5HKHDHT,LOT-2611,2026-03-16,
a30-ct03:mlx5_1,host,A30,OSHHUBGR15,LOT-2608,2026-03-16,
a23-ct03:mlx5_2,host,A23,OSKUUK2AUN,LOT-2611,2026-03-17,
a16-ct11:mlx5_3,host,A16,OSUXFZZ4N1,LOT-2611,2026-03-19,
leaf-a14-r3:swp7,switch,A27,OSCHA9KBEC,LOT-2608,2026-03-21,
leaf-a12-r2:swp16,switch,A23,OSCJRX4790,LOT-2605,2026-03-24,
a25-ct05:mlx5_0,host,A25,OSDFKM27N5,LOT-2605,2026-03-27,
a05-ct08:mlx5_2,host,A05,OS6GKAOILF,LOT-2611,2026-03-29,
leaf-a08-r0:swp28,switch,A16,OSKEKLSK3K,LOT-2605,2026-03-30,
a14-ct11:mlx5_2,host,A14,OSQJ7BYILB,LOT-2605,2026-03-31,
leaf-a09-r2:swp30,switch,A18,OSD6RNZSCV,LOT-2611,2026-03-31,
leaf-a07-r1:swp20,switch,A14,OS8ZBNHKTL,LOT-2611,2026-04-01,
leaf-a05-r0:swp36,switch,A10,OSP1A5RAU5,LOT-2611,2026-04-06,
a08-ct04:mlx5_0,host,A08,OSF6HBAHI2,LOT-2611,2026-04-09,
leaf-a05-r3:swp32,switch,A10,OSUYY9PX5Y,LOT-2608,2026-04-10,
leaf-a13-r2:swp35,switch,A26,OSG9TOYV39,LOT-2605,2026-04-11,
leaf-a04-r0:swp28,switch,A08,OSCFFZKJB1,LOT-2608,2026-04-11,
leaf-a16-r3:swp4,switch,A31,OS04FYA791,LOT-2608,2026-04-11,
leaf-a07-r1:swp6,switch,A13,OSX9X85I8C,LOT-2605,2026-04-13,
leaf-a15-r0:swp12,switch,A29,OSXFDN1SS6,LOT-2611,2026-04-17,
a21-ct16:mlx5_2,host,A21,OSRIUNJCLA,LOT-2605,2026-04-21,
leaf-a14-r0:swp21,switch,A28,OSG4OAWZWY,LOT-2611,2026-04-21,
leaf-a04-r2:swp30,switch,A08,OSHM85QSJK,LOT-2611,2026-04-22,
a13-ct16:mlx5_3,host,A13,OSZEGNLCMR,LOT-2605,2026-04-24,
a02-ct04:mlx5_2,host,A02,OSS4V3C5PR,LOT-2611,2026-04-27,
leaf-a02-r1:swp16,switch,A03,OSEUAW4OQZ,LOT-2608,2026-04-27,
a18-ct09:mlx5_2,host,A18,OSLFU8LXGU,LOT-2605,2026-04-28,
a19-ct18:mlx5_0,host,A19,OSUXUAKJ9E,LOT-2611,2026-05-01,
a26-ct07:mlx5_3,host,A26,OS9WTRCC94,LOT-2611,2026-05-01,
a09-ct03:mlx5_3,host,A09,OS0PZIPLJO,LOT-2608,2026-05-02,
a01-ct08:mlx5_1,host,A01,OS6S68C4BW,LOT-2611,2026-05-04,
a17-ct12:mlx5_3,host,A17,OSNAT0O8HH,LOT-2605,2026-05-06,
leaf-a01-r2:swp3,switch,A01,OSNSNKYDLJ,LOT-2608,2026-05-07,
leaf-a01-r2:swp15,switch,A01,OS9YHKZGZE,LOT-2608,2026-05-08,
leaf-a03-r2:swp23,switch,A06,OS97RCE5UX,LOT-2611,2026-05-14,
leaf-a01-r2:swp7,switch,A01,OS2ZRCWIQB,LOT-2605,2026-05-14,
a24-ct13:mlx5_1,host,A24,OS0L77QRMJ,LOT-2605,2026-05-15,
leaf-a01-r2:swp35,switch,A02,OSRFPG2XJ7,LOT-2605,2026-05-16,
a10-ct07:mlx5_2,host,A10,OSAGBZ318J,LOT-2608,2026-05-16,
leaf-a11-r2:swp31,switch,A22,OS1CXH9GG8,LOT-2605,2026-05-18,
leaf-a11-r0:swp15,switch,A21,OS2717QBBX,LOT-2608,2026-05-21,
leaf-a02-r3:swp23,switch,A04,OS7KE3SRD7,LOT-2611,2026-05-24,
leaf-a12-r3:swp11,switch,A23,OSRCX6K53K,LOT-2608,2026-05-25,
leaf-a15-r3:swp3,switch,A29,OS74K9OWEJ,LOT-2605,2026-05-26,
leaf-a14-r0:swp33,switch,A28,OS29Q3XE2T,LOT-2605,2026-05-27,
leaf-a10-r0:swp28,switch,A20,OSV7OSNKOB,LOT-2611,2026-05-28,
leaf-a10-r3:swp21,switch,A20,OSN4698CR9,LOT-2608,2026-05-29,
a26-ct12:mlx5_2,host,A26,OSZ0PYC451,LOT-2608,2026-05-30,
leaf-a09-r3:swp30,switch,A18,OS9FIATBPJ,LOT-2611,2026-06-07,
leaf-a15-r3:swp33,switch,A30,OSCKZAFBO4,LOT-2608,2026-06-07,
leaf-a01-r2:swp16,switch,A01,OSKNNU74Y7,LOT-2608,2026-06-10,
a12-ct11:mlx5_3,host,A12,OS7XUKPT4Q,LOT-2605,2026-06-12,
leaf-a11-r0:swp14,switch,A21,OS6W8LTXHR,LOT-2608,2026-06-16,
a06-ct18:mlx5_0,host,A06,OSF9R7YKJV,LOT-2608,2026-06-17,
leaf-a04-r3:swp25,switch,A08,OS7RFLNRWB,LOT-2605,2026-06-18,
leaf-a14-r1:swp32,switch,A28,OSJ6M5RORQ,LOT-2608,2026-06-23,
a03-ct05:mlx5_3,host,A03,OS3B9QZMRD,LOT-2611,2026-06-24,
a10-ct03:mlx5_0,host,A10,OS97DWMVQT,LOT-2608,2026-06-25,
leaf-a09-r0:swp2,switch,A17,OS4LNPLNQW,LOT-2611,2026-06-26,
a14-ct16:mlx5_3,host,A14,OS82LWRWQ4,LOT-2611,2026-06-26,
a02-ct07:mlx5_3,host,A02,OS4X9SBYCI,LOT-2605,2026-06-28,
a30-ct16:mlx5_2,host,A30,OS0PMB7GQB,LOT-2605,2026-06-29,
a10-ct14:mlx5_2,host,A10,OS6MDDF0A2,LOT-2611,2026-06-29,
a31-ct16:mlx5_3,host,A31,OSWMD7L4M1,LOT-2611,2026-07-01,
a09-ct08:mlx5_3,host,A09,OSSGJ1FMK3,LOT-2611,2026-07-01,
a21-ct14:mlx5_0,host,A21,OSDDBATKJB,LOT-2605,2026-07-04,
leaf-a01-r3:swp13,switch,A01,OS0GYJGTEV,LOT-2605,2026-07-04,
a07-ct04:mlx5_2,host,A07,OSV97WE4AN,LOT-2608,2026-07-05,
a24-ct05:mlx5_3,host,A24,OSBT192QIV,LOT-2608,2026-07-06,
a11-ct09:mlx5_3,host,A11,OS7DDDKF6M,LOT-2611,2026-07-06,
a17-ct12:mlx5_2,host,A17,OS7O9N75FJ,LOT-2611,2026-07-08,
a25-ct02:mlx5_0,host,A25,OSFQ0BAG79,LOT-2605,2026-07-09,
a23-ct08:mlx5_0,host,A23,OSVOGYUPAC,LOT-2611,2026-07-10,
a04-ct17:mlx5_3,host,A04,OSO5ECUVPW,LOT-2605,2026-07-11,
a03-ct16:mlx5_3,host,A03,OSOZX7R9GU,LOT-2611,2026-07-13,
a26-ct12:mlx5_3,host,A26,OSC5JNWCED,LOT-2605,2026-07-13,
a30-ct01:mlx5_0,host,A30,OSSEXK4CEU,LOT-2611,2026-07-16,
leaf-a11-r1:swp6,switch,A21,OSEYJ2Q3VN,LOT-2608,2026-07-17,
a29-ct05:mlx5_0,host,A29,OSIUCYIWN8,LOT-2605,2026-07-17,
a12-ct09:mlx5_1,host,A12,OS4ETGZKFK,LOT-2605,2026-07-18,
leaf-a14-r0:swp20,switch,A28,OSP9X8X7D0,LOT-2611,2026-07-21,
leaf-a13-r2:swp32,switch,A26,OSQJ6DLEN4,LOT-2611,2026-07-21,
a07-ct04:mlx5_0,host,A07,OS73BI4ZTM,LOT-2611,2026-07-21,
a28-ct14:mlx5_3,host,A28,OSN7OS95NF,LOT-2611,2026-07-24,
a03-ct07:mlx5_2,host,A03,OS9LUS7QIK,LOT-2605,2026-07-24,
leaf-a04-r2:swp15,switch,A07,OS7JU0M9VU,LOT-2608,2026-07-24,
a01-ct13:mlx5_2,host,A01,OS0XPNPKO3,LOT-2611,2026-07-25,
leaf-a04-r0:swp36,switch,A08,OSXIPLYA5V,LOT-2608,2026-07-26,
leaf-a08-r2:swp5,switch,A15,OSHU6MP54H,LOT-2608,2026-07-28,
leaf-a08-r0:swp8,switch,A15,OSOY1BROLG,LOT-2611,2026-07-31,
leaf-a02-r3:swp8,switch,A03,OSDCP405ON,LOT-2608,2026-08-01,
leaf-a13-r1:swp16,switch,A25,OS67AUMCU0,LOT-2611,2026-08-01,
a16-ct09:mlx5_1,host,A16,OSS3VS9HSR,LOT-2611,2026-08-01,
leaf-a05-r3:swp19,switch,A10,OS3NO8QS2T,LOT-2605,2026-08-02,
a09-ct07:mlx5_1,host,A09,OSNMFRCSHU,LOT-2605,2026-08-04,
a08-ct09:mlx5_3,host,A08,OSVVYCHUNS,LOT-2611,2026-08-05,
a21-ct06:mlx5_2,host,A21,OS4HDOVCI1,LOT-2605,2026-08-05,
leaf-a08-r0:swp36,switch,A16,OSLNXNGA5T,LOT-2611,2026-08-08,
leaf-a06-r3:swp31,switch,A12,OSAD93SDGK,LOT-2608,2026-08-10,
leaf-a01-r0:swp8,switch,A01,OSW1XX69W2,LOT-2605,2026-08-12,
a20-ct07:mlx5_0,host,A20,OSU2SK4N5Z,LOT-2611,2026-08-13,
leaf-a09-r0:swp8,switch,A17,OSFF0E6RUN,LOT-2605,2026-08-15,
leaf-a16-r2:swp16,switch,A31,OSU89U1508,LOT-2605,2026-08-16,
a32-ct16:mlx5_1,host,A32,OSP2KRBG18,LOT-2611,2026-08-18,
leaf-a13-r0:swp30,switch,A26,OSKBPA7R6A,LOT-2611,2026-08-19,
leaf-a16-r2:swp23,switch,A32,OSURRBJWZB,LOT-2608,2026-08-20,
leaf-a10-r0:swp36,switch,A20,OSGL0U3Z8D,LOT-2611,2026-08-20,
a01-ct02:mlx5_0,host,A01,OS8XX19AY7,LOT-2611,2026-08-22,
leaf-a12-r2:swp23,switch,A24,OSX7MUW2Z3,LOT-2605,2026-08-24,
leaf-a16-r0:swp35,switch,A32,OSAHFO1WM5,LOT-2608,2026-08-27,
leaf-a10-r2:swp35,switch,A20,OSOXFR256P,LOT-2608,2026-08-29,
